t_ms,gx,gy,gz,ax,ay,az,sp_x,sp_y,sp_z,pid_x,pid_y,pid_z,m1,m2,m3,m4,roll,pitch,yaw,alt_m,thr,mode,armed,sat,sp_roll,sp_pitch,v_fwd,v_right,vt_fwd,vt_right,range_m,flow_q,est_flags
#
# chuyen bay moi, moc boot_ms = 24441
#   nhip Hz = 100
10,0.0,0.0,0.0,0.006,-0.004,-1.013,1.6,-1.6,-1.2,0.0016,-0.0015,-0.0013,158,169,170,169,0.00,0.00,-0.46,0.08,0.0000,1,1,1,0.01,0.00,0.01,0.00,0.00,0.00,0.08,128,30
20,0.0,0.0,0.0,0.004,-0.004,-1.012,1.6,-1.6,-1.2,0.0017,-0.0016,-0.0012,158,169,171,169,0.00,0.00,-0.46,0.08,0.0000,1,1,1,0.01,0.00,0.01,0.00,0.00,0.00,0.08,127,30
30,0.0,0.0,0.0,0.004,-0.005,-1.014,1.6,-1.6,-0.6,0.0017,-0.0016,-0.0007,158,167,171,167,0.00,0.00,-0.46,0.08,0.0000,1,1,1,0.01,0.00,0.01,0.00,0.00,0.00,0.08,128,30
40,-0.1,0.0,0.0,0.005,-0.003,-1.013,1.6,-1.6,-0.6,0.0017,-0.0017,-0.0006,158,167,171,167,0.00,0.00,-0.46,0.08,0.0000,1,1,1,0.01,0.00,0.01,0.00,0.00,0.00,0.08,127,30
50,0.0,0.0,0.0,0.006,-0.003,-1.014,1.6,-1.6,-0.6,0.0016,-0.0016,-0.0006,158,167,170,167,0.00,0.00,-0.46,0.08,0.0000,1,1,1,0.01,0.00,0.01,0.00,0.00,0.00,0.08,128,30
60,0.0,0.0,0.0,0.006,-0.004,-1.013,1.6,-1.6,-0.6,0.0016,-0.0016,-0.0006,158,166,170,166,0.00,0.00,-0.46,0.08,0.0000,1,1,1,0.01,0.00,0.01,0.00,0.00,0.00,0.08,127,30
70,0.0,0.1,0.0,0.005,-0.005,-1.013,1.6,-1.6,0.0,0.0016,-0.0017,0.0000,158,165,171,165,0.00,0.00,-0.46,0.08,0.0000,1,1,1,0.01,0.00,0.01,0.00,0.00,0.00,0.08,128,30
80,0.0,0.0,0.0,0.004,-0.006,-1.014,1.6,-1.6,0.0,0.0016,-0.0016,0.0000,158,164,171,164,0.00,0.00,-0.46,0.08,0.0000,1,1,1,0.01,0.00,0.01,0.00,0.00,0.00,0.08,127,30
90,0.0,0.1,0.0,0.005,-0.005,-1.012,1.6,-1.6,0.0,0.0015,-0.0017,0.0000,158,164,170,165,0.00,0.00,-0.46,0.08,0.0000,1,1,1,0.01,0.00,0.01,0.00,0.00,0.00,0.08,127,30
100,-0.1,0.0,0.0,0.004,-0.005,-1.013,1.6,-1.6,0.0,0.0017,-0.0015,0.0000,158,165,171,164,0.00,0.00,-0.46,0.08,0.0000,1,1,1,0.01,0.00,0.01,0.00,0.00,0.00,0.08,126,30
110,0.0,0.0,-1.2,0.007,-0.006,-1.011,1.6,-1.6,0.0,0.0015,-0.0015,0.0012,158,160,170,160,0.00,0.00,-0.46,0.08,0.0000,1,1,1,0.01,0.00,0.01,0.00,0.00,0.00,0.08,127,30
120,0.5,-0.8,-1.3,0.007,0.010,-0.997,1.6,-1.6,0.0,0.0012,-0.0011,0.0014,159,158,169,158,0.00,0.00,-0.46,0.08,0.0000,1,1,1,0.01,0.00,0.01,0.00,0.00,0.00,0.08,126,30
130,0.8,-1.9,2.6,0.040,-0.023,-0.996,1.6,-1.6,0.0,0.0007,0.0001,-0.0027,158,172,162,170,0.00,0.00,-0.46,0.08,0.0000,1,1,1,0.01,0.00,0.01,0.00,0.00,0.00,0.08,128,30
140,-0.2,0.0,-2.4,0.011,-0.006,-0.998,1.6,-1.5,0.0,0.0018,-0.0014,0.0024,160,161,173,158,0.00,0.00,-0.46,0.08,0.0000,1,1,1,0.01,0.00,0.02,0.00,0.00,0.00,0.08,129,30
150,-0.3,1.7,-2.0,0.012,0.058,-1.006,1.6,-1.6,0.0,0.0021,-0.0037,0.0020,158,159,182,165,0.00,0.00,-0.46,0.08,0.0000,1,1,1,0.01,0.00,0.01,0.00,0.00,0.00,0.08,130,30
160,-0.7,0.3,-5.3,-0.005,0.022,-1.001,1.6,-1.6,0.0,0.0024,-0.0020,0.0053,171,162,187,158,0.00,0.00,-0.46,0.08,0.0000,1,1,1,0.01,0.00,0.01,0.00,0.00,0.00,0.08,128,30
170,0.0,0.9,2.2,-0.032,0.020,-0.991,1.6,-1.6,0.0,0.0016,-0.0023,-0.0022,158,175,170,174,0.00,0.00,-0.46,0.08,0.0000,1,1,1,0.01,0.00,0.01,0.00,0.00,0.00,0.08,129,30
180,1.2,-0.7,5.8,0.017,0.005,-0.993,1.5,-1.5,0.0,0.0002,-0.0006,-0.0054,158,180,162,181,0.00,0.00,-0.46,0.08,0.0000,1,1,1,0.01,0.00,0.01,0.00,0.00,0.00,0.08,127,30
191,-0.5,-0.5,-0.7,0.022,-0.014,-1.000,1.5,-1.4,0.0,0.0019,-0.0008,0.0008,159,162,169,158,0.00,0.00,-0.46,0.08,0.0000,1,1,1,0.01,0.00,0.01,0.00,0.00,0.00,0.08,125,30
201,1.5,-1.9,-0.5,0.008,0.032,-0.993,1.4,-1.4,0.0,0.0000,0.0007,0.0002,162,162,159,158,0.00,0.00,-0.46,0.08,0.0000,1,1,1,0.01,0.00,0.01,0.00,0.00,0.00,0.08,124,30
211,-0.2,1.0,-0.7,-0.006,-0.005,-1.026,1.4,-1.4,0.0,0.0017,-0.0027,0.0006,158,162,175,166,0.00,0.00,-0.46,0.08,0.0000,1,1,1,0.01,0.00,0.01,0.00,0.00,0.00,0.08,126,30
221,-2.1,2.3,-2.1,0.016,-0.039,-1.024,1.4,-1.3,0.0,0.0035,-0.0037,0.0021,158,165,186,164,0.00,0.00,-0.46,0.08,0.0000,1,1,1,0.01,0.00,0.01,0.00,0.00,0.00,0.08,125,30
231,0.1,-0.9,0.7,-0.035,0.034,-1.020,1.3,-1.3,0.0,0.0009,0.0000,-0.0006,158,163,160,158,0.00,0.00,-0.46,0.08,0.0000,1,1,1,0.01,0.00,0.01,0.00,0.00,0.00,0.08,123,30
241,0.0,-1.9,-0.3,-0.034,0.004,-1.013,1.4,-1.3,0.0,0.0013,0.0005,0.0006,164,164,166,158,0.00,0.00,-0.46,0.08,0.0000,1,1,1,0.01,0.00,0.01,0.00,0.00,0.00,0.08,125,30
251,-0.5,0.9,0.0,-0.031,0.000,-1.014,1.4,-1.3,0.0,0.0022,-0.0024,-0.0003,158,169,177,169,0.00,0.00,-0.46,0.08,0.0000,1,1,1,0.01,0.00,0.02,0.00,0.00,0.00,0.07,126,30
261,0.9,-1.3,3.6,0.010,0.008,-1.008,1.3,-1.3,0.0,0.0002,0.0001,-0.0038,159,173,158,173,0.00,0.00,-0.46,0.08,0.0000,1,1,1,0.01,0.00,0.01,0.00,0.00,0.00,0.07,125,30
271,0.0,0.0,1.2,-0.003,-0.001,-0.996,1.3,-1.3,0.0,0.0012,-0.0014,-0.0012,158,168,168,165,0.00,0.00,-0.46,0.08,0.0000,1,1,1,0.01,0.00,0.01,0.00,0.00,0.00,0.08,126,30
281,-0.4,0.6,-2.4,0.020,-0.025,-1.012,1.4,-1.3,0.0,0.0018,-0.0020,0.0025,160,158,175,158,0.00,0.00,-0.46,0.08,0.0000,1,1,1,0.01,0.00,0.02,0.00,0.00,0.00,0.08,127,30
292,-0.5,-0.7,-1.6,0.000,-0.012,-1.024,1.3,-1.3,0.0,0.0018,-0.0005,0.0014,161,162,169,158,0.00,0.00,-0.46,0.08,0.0000,1,1,1,0.01,0.00,0.01,0.00,0.00,0.00,0.08,125,30
302,-0.6,0.0,-0.1,-0.006,-0.003,-1.028,1.4,-1.4,0.0,0.0020,-0.0013,0.0001,158,166,173,166,0.00,0.00,-0.47,0.08,0.0000,1,1,1,0.01,0.00,0.02,0.00,0.00,0.00,0.08,126,30
312,-1.1,0.4,0.8,-0.002,-0.003,-1.035,1.4,-1.4,0.0,0.0026,-0.0017,-0.0007,158,170,174,167,0.00,0.00,-0.47,0.08,0.0000,1,1,1,0.01,0.00,0.02,0.00,0.00,0.00,0.08,127,30
322,-0.4,1.0,0.2,0.002,-0.009,-1.037,1.4,-1.4,0.0,0.0018,-0.0024,-0.0002,158,165,171,164,0.00,0.00,-0.47,0.08,0.0000,1,1,1,0.01,0.00,0.02,0.00,0.00,0.00,0.08,126,30
332,0.2,0.4,0.0,-0.009,0.003,-1.020,1.5,-1.4,0.0,0.0010,-0.0007,-0.0002,158,163,162,159,0.00,0.00,-0.47,0.08,0.0000,1,1,1,0.01,0.00,0.02,0.00,0.00,0.00,0.08,124,30
342,0.0,0.9,0.1,-0.024,0.008,-1.020,1.5,-1.4,0.0,0.0016,-0.0018,-0.0004,158,168,170,165,0.00,0.00,-0.47,0.08,0.0000,1,1,1,0.01,0.00,0.02,0.00,0.00,0.00,0.08,126,30
352,-1.2,0.2,-0.4,0.005,-0.008,-1.029,1.5,-1.5,0.0,0.0028,-0.0017,0.0004,158,165,171,161,0.00,0.00,-0.47,0.08,0.0000,1,1,1,0.01,0.00,0.02,0.00,0.00,0.00,0.08,126,30
362,-0.5,0.8,0.5,0.017,-0.024,-1.018,1.5,-1.5,0.0,0.0023,-0.0014,-0.0005,158,169,171,163,0.00,0.00,-0.47,0.08,0.0000,1,1,1,0.01,0.00,0.02,0.00,0.00,0.00,0.08,125,30
372,-0.3,0.2,0.0,0.011,-0.011,-1.020,1.6,-1.5,0.0,0.0019,-0.0016,0.0000,158,165,170,164,0.00,0.00,-0.47,0.08,0.0000,1,1,1,0.01,0.00,0.02,0.00,0.00,0.00,0.08,123,30
382,-0.3,0.6,-0.4,0.030,-0.015,-1.016,1.6,-1.6,0.0,0.0020,-0.0022,0.0004,158,164,174,165,0.00,0.00,-0.47,0.08,0.0000,1,1,1,0.01,0.00,0.02,0.00,0.00,0.00,0.07,125,30
392,0.6,0.4,0.4,0.016,0.000,-1.013,1.6,-1.6,0.0,0.0012,-0.0021,-0.0003,158,164,171,167,0.00,0.00,-0.47,0.08,0.0000,1,1,1,0.01,0.00,0.01,0.00,0.00,0.00,0.08,124,30
402,0.1,-0.6,0.5,0.014,-0.020,-1.021,1.6,-1.6,0.0,0.0013,-0.0013,-0.0006,158,165,168,167,0.00,0.00,-0.47,0.08,0.0000,1,1,1,0.01,0.00,0.02,0.00,0.00,0.00,0.08,125,30
413,-0.5,0.0,-0.4,0.016,-0.012,-1.008,1.6,-1.5,0.0,0.0023,-0.0014,0.0004,158,166,172,161,0.00,0.00,-0.47,0.08,0.0000,1,1,1,0.01,0.00,0.01,0.00,0.00,0.00,0.08,126,30
423,0.0,0.0,-0.6,0.011,-0.008,-1.020,1.6,-1.6,0.0,0.0015,-0.0015,0.0006,158,159,173,162,0.00,0.00,-0.47,0.08,0.0000,1,1,1,0.01,0.00,0.01,0.00,0.00,0.00,0.08,128,30
433,-0.1,0.3,0.6,-0.008,0.003,-1.019,1.6,-1.5,0.0,0.0018,-0.0018,-0.0006,158,165,171,166,0.00,0.00,-0.47,0.08,0.0000,1,1,1,0.01,0.00,0.02,0.00,0.00,0.00,0.08,127,30
443,1.5,-0.7,0.0,-0.002,0.024,-1.008,1.6,-1.5,0.0,0.0003,-0.0005,-0.0002,158,162,162,161,0.00,0.00,-0.47,0.08,0.0000,1,1,1,0.01,0.00,0.01,0.00,0.00,0.00,0.08,129,30
453,0.3,-0.7,-0.2,0.001,-0.017,-1.004,1.6,-1.5,0.0,0.0012,-0.0006,0.0002,158,163,165,159,0.00,0.00,-0.47,0.08,0.0000,1,1,1,0.01,0.00,0.01,0.00,0.00,0.00,0.08,128,30
463,-0.1,-0.8,0.0,0.002,-0.001,-1.018,1.5,-1.5,0.0,0.0017,-0.0006,0.0000,158,164,166,160,0.00,0.00,-0.47,0.08,0.0000,1,1,1,0.01,0.00,0.01,0.00,0.00,0.00,0.08,127,30
473,0.2,-1.2,0.0,0.010,-0.008,-1.011,1.5,-1.4,0.0,0.0010,0.0000,0.0000,158,162,162,158,0.00,0.00,-0.47,0.08,0.0000,1,1,1,0.01,0.00,0.01,0.00,0.00,0.00,0.08,126,30
483,0.7,-1.9,0.2,0.008,-0.002,-1.014,1.5,-1.4,0.0,0.0007,0.0004,-0.0001,159,163,160,158,0.00,0.00,-0.47,0.08,0.0000,1,1,1,0.01,0.00,0.01,0.00,0.00,0.00,0.08,128,30
493,1.1,-1.8,0.6,0.007,0.001,-1.010,1.5,-1.4,0.0,0.0003,0.0003,-0.0006,158,162,158,160,0.00,0.00,-0.47,0.08,0.0000,1,1,1,0.01,0.00,0.01,0.00,0.00,0.00,0.08,127,30
503,0.1,-1.4,0.2,0.009,-0.014,-1.015,1.4,-1.4,0.0,0.0013,0.0001,-0.0002,158,165,162,158,0.00,0.00,-0.47,0.08,0.0000,1,1,1,0.01,0.00,0.01,0.00,0.00,0.00,0.08,128,30
513,0.5,-0.2,-1.0,0.008,-0.007,-1.011,1.4,-1.4,0.0,0.0010,-0.0010,0.0009,159,160,166,158,0.00,0.00,-0.47,0.08,0.0000,1,1,1,0.01,0.00,0.01,0.00,0.00,0.00,0.08,127,30
524,-0.3,-1.0,-1.2,-0.004,0.005,-1.010,1.4,-1.4,0.0,0.0018,-0.0003,0.0012,159,159,169,158,0.00,0.00,-0.47,0.08,0.0000,1,1,1,0.01,0.00,0.01,0.00,0.00,0.00,0.08,128,30
534,0.2,-2.2,0.6,0.002,-0.013,-1.016,1.4,-1.3,0.0,0.0011,0.0006,-0.0005,158,164,161,159,0.00,0.00,-0.47,0.08,0.0000,1,1,1,0.01,0.00,0.01,0.00,0.00,0.00,0.08,127,30
544,0.8,-1.1,1.1,0.014,-0.014,-1.003,1.4,-1.3,0.0,0.0006,-0.0002,-0.0011,158,165,162,164,0.00,0.00,-0.47,0.08,0.0000,1,1,1,0.01,0.00,0.01,0.00,0.00,0.00,0.08,129,30
554,0.4,0.2,0.3,-0.006,0.016,-0.983,1.4,-1.3,0.0,0.0009,-0.0016,-0.0003,158,163,168,166,0.00,0.00,-0.47,0.08,0.0000,1,1,1,0.01,0.00,0.02,0.00,0.00,0.00,0.08,128,30
564,-1.2,1.1,-0.7,-0.014,-0.027,-1.005,1.4,-1.3,0.0,0.0026,-0.0023,0.0006,158,165,177,164,0.00,0.00,-0.47,0.08,0.0000,1,1,1,0.01,0.00,0.02,0.00,0.00,0.00,0.08,129,30
574,0.3,-0.7,-0.7,0.010,-0.018,-1.017,1.4,-1.3,0.0,0.0010,-0.0006,0.0007,158,159,164,159,0.00,0.00,-0.47,0.08,0.0000,1,1,1,0.01,0.00,0.01,0.00,0.00,0.00,0.08,128,30
584,-0.3,0.1,-0.2,0.025,-0.003,-1.003,1.4,-1.4,0.0,0.0018,-0.0015,0.0002,158,164,171,163,0.00,0.00,-0.47,0.08,0.0000,1,1,1,0.01,0.00,0.02,0.00,0.00,0.00,0.08,129,30
594,-0.7,1.0,0.1,-0.009,0.002,-1.014,1.4,-1.4,0.0,0.0023,-0.0028,-0.0002,158,168,178,170,0.00,0.00,-0.47,0.08,0.0000,1,1,1,0.01,0.00,0.02,0.00,0.00,0.00,0.08,128,30
604,-1.1,0.9,0.0,0.006,-0.035,-1.013,1.4,-1.4,0.0,0.0026,-0.0024,0.0000,158,166,177,168,0.00,0.00,-0.47,0.08,0.0000,1,1,1,0.01,0.00,0.02,0.00,0.00,0.00,0.08,127,30
614,0.1,0.7,0.5,0.019,-0.013,-1.003,1.5,-1.4,0.0,0.0017,-0.0016,-0.0003,158,166,171,165,0.00,0.00,-0.47,0.08,0.0000,1,1,1,0.01,0.00,0.02,0.00,0.00,0.00,0.08,126,30
624,-0.5,0.9,0.0,0.012,0.000,-1.022,1.5,-1.5,0.0,0.0020,-0.0024,0.0000,158,166,177,169,0.00,0.00,-0.47,0.08,0.0000,1,1,1,0.01,0.00,0.02,0.00,0.00,0.00,0.08,127,30
635,-2.1,2.2,-0.9,-0.008,-0.008,-1.027,1.5,-1.5,0.0,0.0038,-0.0036,0.0008,158,169,186,168,0.00,0.00,-0.47,0.08,0.0000,1,1,1,0.01,0.00,0.02,0.00,0.00,0.00,0.08,126,30
645,-0.4,2.0,0.0,-0.013,0.002,-1.037,1.6,-1.5,0.0,0.0021,-0.0026,0.0000,158,166,176,168,0.00,0.00,-0.47,0.08,0.0000,1,1,1,0.01,0.00,0.02,0.00,0.00,0.00,0.08,127,30
655,-0.8,0.5,0.9,0.023,-0.020,-1.014,1.6,-1.5,0.0,0.0024,-0.0021,-0.0009,158,172,173,168,0.00,0.00,-0.47,0.08,0.0000,1,1,1,0.01,0.00,0.02,0.00,0.00,0.00,0.08,128,30
665,0.3,-0.1,-0.1,0.001,0.037,-1.017,1.6,-1.6,0.0,0.0013,-0.0014,0.0001,158,163,169,162,0.00,0.00,-0.47,0.08,0.0000,1,1,1,0.01,0.00,0.02,0.00,0.00,0.00,0.08,129,30
675,-0.2,0.4,-1.0,-0.010,0.001,-1.008,1.6,-1.6,0.0,0.0018,-0.0019,0.0011,158,159,171,160,0.00,0.00,-0.47,0.08,0.0000,1,1,1,0.01,0.00,0.01,0.00,0.00,0.00,0.08,127,30
685,0.0,0.0,-1.1,0.006,-0.002,-1.005,1.6,-1.6,0.0,0.0015,-0.0017,0.0011,158,161,170,160,0.00,0.00,-0.47,0.08,0.0000,1,1,1,0.01,0.00,0.01,0.00,0.00,0.00,0.08,128,30
695,1.3,-0.1,0.5,0.015,-0.008,-1.008,1.6,-1.5,0.0,0.0003,-0.0009,-0.0007,158,162,163,165,0.00,0.00,-0.47,0.08,0.0000,1,1,1,0.01,0.00,0.01,0.00,0.00,0.00,0.08,127,30
705,0.4,-1.7,1.3,0.002,-0.021,-1.011,1.6,-1.5,0.0,0.0011,0.0002,-0.0013,158,165,163,164,0.00,0.00,-0.47,0.08,0.0000,1,1,1,0.01,0.00,0.01,0.00,0.00,0.00,0.08,126,30
715,-0.3,-0.4,-0.2,0.001,0.004,-0.994,1.5,-1.5,0.0,0.0021,-0.0002,0.0002,158,165,167,158,0.00,0.00,-0.47,0.08,0.0000,1,1,1,0.01,0.00,0.02,0.00,0.00,0.00,0.08,126,30
725,0.8,0.0,-0.3,0.011,0.001,-1.003,1.5,-1.5,0.0,0.0006,-0.0016,0.0002,158,160,167,164,0.00,0.00,-0.47,0.08,0.0000,1,1,1,0.01,0.00,0.01,0.00,0.00,0.00,0.08,127,30
735,-0.5,-0.9,-0.3,0.016,-0.035,-1.016,1.5,-1.5,0.0,0.0020,-0.0005,0.0003,158,163,168,159,0.00,0.00,-0.47,0.08,0.0000,1,1,1,0.01,0.00,0.01,0.00,0.00,0.00,0.08,126,30
746,0.0,0.5,-0.1,0.004,0.015,-1.014,1.5,-1.5,0.0,0.0016,-0.0020,0.0002,158,164,173,164,0.00,0.00,-0.47,0.08,0.0000,1,1,1,0.01,0.00,0.02,0.00,0.00,0.00,0.08,127,30
756,-0.1,0.7,0.1,0.002,-0.012,-1.026,1.5,-1.5,0.0,0.0017,-0.0022,-0.0001,158,165,173,171,0.00,0.00,-0.47,0.08,0.0000,1,1,1,0.01,0.00,0.02,0.00,0.00,0.00,0.08,128,30
766,-0.9,0.4,0.4,0.000,0.005,-1.035,1.5,-1.5,0.0,0.0025,-0.0022,-0.0005,158,170,176,168,0.00,0.00,-0.47,0.08,0.0000,1,1,1,0.01,0.00,0.02,0.00,0.00,0.00,0.08,127,30
776,0.3,1.8,0.3,0.012,0.006,-1.023,1.5,-1.5,0.0,0.0012,-0.0033,-0.0003,158,163,173,169,0.00,0.00,-0.47,0.08,0.0000,1,1,1,0.01,0.00,0.02,0.00,0.00,0.00,0.08,128,30
786,0.0,0.3,-0.9,0.000,-0.019,-1.011,1.5,-1.5,0.0,0.0016,-0.0019,0.0009,158,159,173,165,0.00,0.00,-0.47,0.08,0.0000,1,1,1,0.01,0.00,0.02,0.00,0.00,0.00,0.08,129,30
796,-0.4,1.4,-0.5,0.003,0.001,-1.004,1.5,-1.5,0.0,0.0021,-0.0027,0.0004,158,166,176,166,0.00,0.00,-0.47,0.08,0.0000,1,1,1,0.01,0.00,0.02,0.00,0.00,0.00,0.08,127,30
806,-0.5,2.0,1.3,-0.023,0.011,-1.008,1.5,-1.5,0.0,0.0021,-0.0038,-0.0012,158,170,180,176,0.00,0.00,-0.47,0.08,0.0000,1,1,1,0.01,0.00,0.02,0.00,0.00,0.00,0.08,128,30
816,-0.1,0.8,0.4,0.015,-0.011,-1.009,1.6,-1.5,0.0,0.0017,-0.0023,-0.0004,158,165,172,167,0.00,0.00,-0.47,0.08,0.0000,1,1,1,0.01,0.00,0.02,0.00,0.00,0.00,0.08,129,30
826,0.1,0.4,-0.2,0.025,-0.020,-1.008,1.6,-1.5,0.0,0.0014,-0.0020,0.0002,158,163,170,162,0.00,0.00,-0.47,0.08,0.0000,1,1,1,0.01,0.00,0.02,0.00,0.00,0.00,0.08,127,30
836,-0.3,1.0,-0.3,0.004,0.013,-1.002,1.6,-1.6,0.0,0.0018,-0.0026,0.0003,158,163,174,166,0.00,0.00,-0.47,0.08,0.0000,1,1,1,0.01,0.00,0.02,0.00,0.00,0.00,0.08,126,30
847,-0.6,1.0,-0.4,-0.033,0.018,-1.005,1.6,-1.6,0.0,0.0024,-0.0026,0.0005,158,165,178,165,0.00,0.00,-0.47,0.08,0.0000,1,1,1,0.01,0.00,0.02,0.00,0.00,0.00,0.08,128,30
857,0.3,0.5,0.6,0.014,-0.013,-1.020,1.6,-1.6,0.0,0.0013,-0.0021,-0.0006,158,165,169,167,0.00,0.00,-0.47,0.08,0.0000,1,1,1,0.01,0.00,0.02,0.00,0.00,0.00,0.07,129,30
867,1.4,-0.3,0.5,0.038,-0.007,-1.010,1.6,-1.5,0.0,0.0003,-0.0011,-0.0006,158,164,162,164,0.00,0.00,-0.47,0.08,0.0000,1,1,1,0.01,0.00,0.02,0.00,0.00,0.00,0.07,127,30
877,0.3,0.1,-0.6,0.008,0.017,-1.004,1.6,-1.5,0.0,0.0013,-0.0017,0.0006,158,161,170,162,0.00,0.00,-0.47,0.08,0.0000,1,1,1,0.01,0.00,0.02,0.00,0.00,0.00,0.07,126,30
887,-1.3,0.1,-0.6,-0.036,-0.002,-1.027,1.6,-1.5,0.0,0.0026,-0.0020,0.0008,158,163,176,163,0.00,0.00,-0.47,0.08,0.0000,1,1,1,0.01,0.00,0.01,0.00,0.00,0.00,0.07,127,30
897,0.4,0.1,0.1,0.011,-0.008,-1.034,1.5,-1.5,0.0,0.0009,-0.0013,-0.0004,158,163,167,165,0.00,0.00,-0.47,0.08,0.0000,1,1,1,0.01,0.00,0.01,0.00,0.00,0.00,0.07,126,30
907,1.3,-0.8,0.6,0.042,-0.017,-1.012,1.5,-1.5,0.0,0.0002,-0.0007,-0.0006,158,162,166,168,0.00,0.00,-0.47,0.08,0.0000,1,1,1,0.01,0.00,0.02,0.00,0.00,0.00,0.07,127,30
917,-0.6,-1.1,0.0,0.015,0.002,-1.014,1.5,-1.5,0.0,0.0023,-0.0005,0.0000,158,167,173,164,0.00,0.00,-0.47,0.08,0.0000,1,1,1,0.01,0.00,0.02,0.00,0.00,0.00,0.07,127,30
927,-0.8,2.5,0.6,-0.016,0.002,-1.006,1.5,-1.5,0.0,0.0023,-0.0041,-0.0006,158,169,182,176,0.00,0.00,-0.47,0.08,0.0000,1,1,1,0.01,0.00,0.02,0.00,0.00,0.00,0.07,128,30
937,0.9,0.0,0.3,-0.010,-0.011,-1.003,1.5,-1.5,0.0,0.0005,-0.0014,-0.0003,158,159,166,167,0.00,0.00,-0.47,0.08,0.0000,1,1,1,0.01,0.00,0.01,0.00,0.00,0.00,0.07,126,30
947,0.2,0.2,-1.1,0.027,-0.025,-1.004,1.5,-1.4,0.0,0.0013,-0.0015,0.0014,158,158,169,159,0.00,0.00,-0.47,0.08,0.0000,1,1,1,0.01,0.00,0.02,0.00,0.00,0.00,0.07,128,30
958,-0.2,3.4,-0.5,0.011,0.001,-1.006,1.5,-1.5,0.0,0.0018,-0.0049,0.0005,158,165,189,177,0.00,0.00,-0.47,0.08,0.0000,1,1,1,0.01,0.00,0.02,0.00,0.00,0.00,0.07,126,30
968,-1.4,1.8,0.7,-0.013,-0.013,-1.013,1.5,-1.5,0.0,0.0028,-0.0034,-0.0008,158,170,179,176,0.00,0.00,-0.47,0.08,0.0000,1,1,1,0.01,0.00,0.02,0.00,0.00,0.00,0.07,127,30
978,-0.3,0.6,1.4,0.010,0.007,-1.030,1.5,-1.4,0.0,0.0020,-0.0015,-0.0012,158,171,172,169,0.00,0.00,-0.47,0.07,0.0000,1,1,1,0.01,0.00,0.02,0.00,0.00,0.00,0.07,125,30
988,1.2,2.3,-1.7,0.010,-0.007,-1.014,1.5,-1.5,0.0,0.0002,-0.0039,0.0017,165,158,182,173,0.00,0.00,-0.47,0.07,0.0000,1,1,1,0.01,0.00,0.02,0.00,0.00,0.00,0.07,126,30
998,-0.9,1.6,-2.1,0.000,-0.015,-1.001,1.5,-1.5,0.0,0.0024,-0.0036,0.0020,158,160,181,165,0.00,0.00,-0.47,0.07,0.0000,1,1,1,0.01,0.00,0.02,0.00,0.00,0.00,0.07,124,30
1008,-0.8,2.4,1.0,-0.009,-0.010,-1.010,1.5,-1.5,0.0,0.0024,-0.0038,-0.0012,158,173,180,176,0.00,0.00,-0.47,0.07,0.0000,1,1,1,0.01,0.00,0.02,0.00,0.00,0.00,0.07,126,30
1018,-0.5,1.6,1.3,-0.012,0.005,-1.006,1.5,-1.5,0.0,0.0021,-0.0032,-0.0013,158,169,179,176,0.00,0.00,-0.47,0.07,0.0000,1,1,1,0.01,0.00,0.02,0.00,0.00,0.00,0.07,124,30
1028,-0.1,1.2,-0.2,0.021,-0.001,-0.997,1.6,-1.5,0.0,0.0018,-0.0029,0.0007,158,162,176,166,0.00,0.00,-0.47,0.07,0.0000,1,1,1,0.01,0.00,0.02,0.00,0.00,0.00,0.07,125,30
1038,0.2,0.6,-1.8,0.011,-0.009,-0.988,1.6,-1.5,0.0,0.0014,-0.0022,0.0018,158,158,173,162,0.00,0.00,-0.47,0.07,0.0000,1,1,1,0.01,0.00,0.02,0.00,0.00,0.00,0.07,124,30
1048,-0.7,0.8,-0.5,-0.008,0.000,-1.012,1.6,-1.6,0.0,0.0022,-0.0024,0.0002,158,166,175,167,0.00,0.00,-0.47,0.07,0.0000,1,1,1,0.01,0.00,0.02,0.00,0.00,0.00,0.07,126,30
1058,0.1,0.6,0.9,0.007,0.003,-1.017,1.6,-1.6,0.0,0.0014,-0.0023,-0.0008,158,167,173,170,0.00,0.00,-0.47,0.07,0.0000,1,1,1,0.01,0.00,0.02,0.00,0.00,0.00,0.07,125,30
1069,-0.1,-0.1,0.0,0.031,-0.004,-1.007,1.6,-1.6,0.0,0.0018,-0.0014,0.0000,158,163,165,161,0.00,0.00,-0.47,0.07,0.0000,1,1,1,0.01,0.00,0.02,0.00,0.00,0.00,0.07,126,30
1079,0.7,0.3,0.2,0.011,-0.015,-1.011,1.6,-1.6,0.0,0.0011,-0.0019,-0.0002,158,163,170,166,0.00,0.00,-0.47,0.07,0.0000,1,1,1,0.01,0.00,0.02,0.00,0.00,0.00,0.07,125,30
1089,0.1,-0.1,-0.7,0.000,0.000,-1.005,1.6,-1.6,0.0,0.0015,-0.0014,0.0007,158,159,170,162,0.00,0.00,-0.47,0.07,0.0000,1,1,1,0.01,0.00,0.02,0.00,0.00,0.00,0.07,126,30
1099,-0.8,0.9,-1.0,0.000,-0.010,-0.998,1.6,-1.5,0.0,0.0024,-0.0025,0.0010,158,163,177,163,0.00,0.00,-0.47,0.07,0.0000,1,1,1,0.01,0.00,0.02,0.00,0.00,0.00,0.07,125,30
1109,0.0,0.0,0.1,0.014,-0.019,-1.008,1.6,-1.5,0.0,0.0016,-0.0016,-0.0001,158,165,173,169,0.00,0.00,-0.47,0.07,0.0000,1,1,1,0.01,0.00,0.02,0.00,0.00,0.00,0.07,124,30
1119,-0.2,-2.7,0.5,0.017,-0.020,-1.005,1.6,-1.5,0.0,0.0017,0.0003,-0.0004,158,165,165,161,0.00,0.00,-0.47,0.07,0.0000,1,1,1,0.01,0.00,0.02,0.00,0.00,0.00,0.07,123,30
#
# chuyen bay moi, moc boot_ms = 31481
#   nhip Hz = 100
10,0.0,0.0,0.0,0.004,-0.003,-1.010,1.6,-1.6,-1.2,0.0017,-0.0016,-0.0011,338,349,351,349,0.00,0.00,-0.49,0.06,0.1000,2,1,0,0.01,0.00,0.02,-0.01,0.00,0.00,0.07,127,30
20,0.0,0.0,0.0,0.005,-0.003,-1.010,1.6,-1.6,-1.2,0.0017,-0.0016,-0.0012,338,349,351,349,0.00,0.00,-0.49,0.06,0.1000,2,1,0,0.01,0.00,0.02,-0.01,0.00,0.00,0.07,129,30
30,0.0,0.0,0.0,0.006,-0.005,-1.011,1.6,-1.6,-1.2,0.0017,-0.0016,-0.0012,338,349,351,349,0.00,0.00,-0.49,0.06,0.1000,2,1,0,0.01,0.00,0.02,-0.01,0.00,0.00,0.07,128,30
40,0.0,0.0,0.0,0.004,-0.005,-1.010,1.6,-1.6,-1.2,0.0017,-0.0016,-0.0012,338,349,351,349,0.00,0.00,-0.49,0.06,0.1000,2,1,0,0.01,0.00,0.02,-0.01,0.00,0.00,0.07,129,30
50,0.0,0.0,0.0,0.005,-0.005,-1.010,1.6,-1.6,0.0,0.0016,-0.0017,0.0000,341,347,353,347,0.00,0.00,-0.49,0.06,0.1000,2,1,0,0.01,0.00,0.02,-0.01,0.00,0.00,0.07,127,30
60,0.0,0.0,0.0,0.006,-0.004,-1.010,1.6,-1.6,0.0,0.0016,-0.0016,0.0000,341,347,353,347,0.00,0.00,-0.49,0.06,0.1000,2,1,0,0.01,0.00,0.02,-0.01,0.00,0.00,0.07,128,30
70,0.0,0.0,0.0,0.007,-0.004,-1.011,1.6,-1.6,0.0,0.0016,-0.0016,0.0000,340,347,353,347,0.00,0.00,-0.49,0.06,0.1000,2,1,0,0.01,0.00,0.02,-0.01,0.00,0.00,0.07,127,30
80,0.0,0.0,0.0,0.006,-0.005,-1.010,1.6,-1.6,0.0,0.0017,-0.0016,0.0000,340,347,353,347,0.00,0.00,-0.49,0.06,0.1000,2,1,0,0.01,0.00,0.02,-0.01,0.00,0.00,0.07,128,30
90,-0.1,0.0,0.0,0.005,-0.005,-1.011,1.6,-1.6,0.0,0.0018,-0.0017,0.0000,340,347,354,347,0.00,0.00,-0.49,0.06,0.1000,2,1,0,0.01,0.00,0.02,-0.01,0.00,0.00,0.07,129,30
101,0.0,0.0,0.0,0.005,-0.004,-1.011,1.6,-1.6,0.0,0.0017,-0.0016,0.0000,340,347,354,347,0.00,0.00,-0.49,0.06,0.1000,2,1,0,0.01,0.00,0.02,-0.01,0.00,0.00,0.07,130,30
111,0.0,0.0,0.0,0.003,-0.003,-1.010,1.6,-1.6,0.0,0.0016,-0.0017,0.0000,341,347,353,347,0.00,0.00,-0.49,0.06,0.1000,2,1,0,0.01,0.00,0.02,-0.01,0.00,0.00,0.07,128,30
121,-0.2,-1.2,-13.9,-0.014,-0.036,-0.997,1.6,-1.6,0.0,0.0019,-0.0003,0.0139,365,327,373,321,0.00,0.00,-0.49,0.06,0.1000,2,1,0,0.01,0.00,0.02,-0.01,0.00,0.00,0.07,129,30
131,0.2,-0.7,5.5,0.035,0.065,-1.009,1.7,-1.7,0.0,0.0014,-0.0010,-0.0057,330,358,340,359,0.00,0.00,-0.49,0.06,0.1000,2,1,0,0.01,0.00,0.02,-0.01,0.00,0.00,0.07,130,30
141,0.5,1.4,16.3,-0.004,-0.009,-0.995,1.7,-1.6,0.0,0.0011,-0.0031,-0.0163,309,373,326,379,0.00,0.00,-0.49,0.06,0.1000,2,1,0,0.01,0.00,0.02,-0.01,0.00,0.00,0.07,130,30
151,2.0,0.1,-3.8,-0.043,-0.088,-0.943,1.5,-1.4,0.0,-0.0008,-0.0012,0.0033,353,338,352,344,0.00,0.00,-0.48,0.06,0.1000,2,1,0,0.01,0.00,0.02,-0.01,0.00,0.00,0.07,129,30
161,1.7,-0.4,-3.6,0.059,0.115,-0.993,1.4,-1.4,0.0,-0.0002,-0.0009,0.0036,351,336,357,343,0.00,0.00,-0.49,0.06,0.1000,2,1,0,0.01,0.00,0.02,0.00,0.00,0.00,0.07,130,30
171,-2.0,0.2,-9.7,0.049,0.053,-0.985,1.6,-1.5,0.0,0.0037,-0.0009,0.0097,357,334,374,323,0.00,0.00,-0.49,0.06,0.1000,2,1,0,0.01,0.00,0.01,-0.01,0.00,0.00,0.07,129,30
181,-1.2,3.8,-4.2,-0.036,-0.136,-0.946,1.7,-1.6,0.0,0.0028,-0.0058,0.0039,337,335,370,346,0.00,0.00,-0.49,0.06,0.1000,2,1,0,0.01,0.00,0.02,-0.01,0.00,0.00,0.07,127,30
192,2.8,-3.1,2.8,-0.011,0.015,-1.002,1.4,-1.5,0.0,-0.0016,0.0006,-0.0029,344,349,338,356,0.00,0.00,-0.49,0.06,0.1000,2,1,0,0.01,0.00,0.02,0.00,0.00,0.00,0.07,128,30
202,-0.8,2.0,4.2,0.046,0.067,-0.992,1.5,-1.4,0.0,0.0026,-0.0039,-0.0041,327,352,352,357,0.00,0.00,-0.49,0.06,0.1000,2,1,0,0.01,0.00,0.02,-0.01,0.00,0.00,0.07,129,30
212,-1.5,0.8,3.3,-0.059,0.018,-0.947,1.6,-1.4,0.0,0.0032,-0.0023,-0.0033,329,355,351,352,0.00,0.00,-0.49,0.06,0.1000,2,1,0,0.01,0.00,0.02,-0.01,0.00,0.00,0.07,128,30
222,1.8,-1.8,2.6,-0.034,-0.073,-0.960,1.5,-1.5,0.0,-0.0003,0.0000,-0.0025,343,351,341,352,0.00,0.00,-0.49,0.06,0.1000,2,1,0,0.01,0.00,0.02,0.00,0.00,0.00,0.07,129,30
232,0.3,-0.3,0.7,0.049,0.011,-0.970,1.4,-1.4,0.0,0.0011,-0.0010,-0.0007,337,347,353,350,0.00,0.00,-0.49,0.06,0.1000,2,1,0,0.01,0.00,0.02,0.00,0.00,0.00,0.07,130,30
242,-2.7,4.1,-2.9,0.018,0.060,-0.973,1.5,-1.4,0.0,0.0040,-0.0061,0.0029,333,337,372,346,0.00,0.00,-0.49,0.06,0.1000,2,1,0,0.01,0.00,0.02,-0.01,0.00,0.00,0.07,129,30
252,-3.2,5.0,-4.3,-0.044,-0.051,-0.971,1.6,-1.6,0.0,0.0049,-0.0067,0.0043,336,337,375,340,0.00,0.00,-0.49,0.06,0.1000,2,1,0,0.01,0.00,0.02,-0.01,0.00,0.00,0.07,128,30
262,0.1,0.9,-1.2,-0.012,0.007,-0.993,1.6,-1.6,0.0,0.0016,-0.0026,0.0012,339,342,361,345,0.00,0.00,-0.49,0.06,0.1000,2,1,0,0.01,0.00,0.02,0.00,0.00,0.00,0.07,129,30
272,2.8,-3.6,-0.2,0.029,0.078,-0.940,1.6,-1.5,0.0,-0.0007,0.0025,0.0001,353,350,341,343,0.00,0.00,-0.49,0.06,0.1000,2,1,0,0.01,0.00,0.02,0.00,0.00,0.00,0.07,130,30
282,-2.7,4.3,1.3,-0.001,-0.037,-0.929,1.7,-1.6,0.0,0.0045,-0.0056,-0.0013,328,350,359,350,0.00,0.00,-0.49,0.06,0.1000,2,1,0,0.01,0.00,0.02,-0.01,0.00,0.00,0.07,129,30
293,-1.4,1.5,3.2,-0.025,0.025,-0.988,1.7,-1.6,0.0,0.0043,-0.0030,-0.0028,327,355,356,348,0.00,0.00,-0.49,0.06,0.1000,2,1,0,0.01,0.00,0.02,-0.01,0.00,0.00,0.07,130,30
303,5.2,-4.3,3.2,0.019,0.004,-0.980,1.6,-1.5,0.0,-0.0036,0.0027,-0.0032,355,353,326,352,0.00,0.00,-0.49,0.06,0.1000,2,1,0,0.01,0.00,0.02,-0.01,0.00,0.00,0.07,131,30
313,-1.1,2.9,0.6,0.032,0.005,-0.942,1.6,-1.5,0.0,0.0027,-0.0045,-0.0006,335,349,356,347,0.00,0.00,-0.49,0.06,0.1000,2,1,0,0.01,0.00,0.02,0.00,0.00,0.00,0.07,129,30
323,0.1,1.3,-2.1,-0.018,0.098,-0.953,1.6,-1.6,0.0,0.0015,-0.0030,0.0021,339,340,362,346,0.00,0.00,-0.49,0.06,0.1000,2,1,0,0.01,0.00,0.02,-0.01,0.00,0.00,0.07,128,30
333,0.6,0.4,-2.5,-0.049,-0.090,-0.882,1.6,-1.5,0.0,0.0000,-0.0012,0.0027,352,339,352,344,0.00,0.00,-0.49,0.06,0.1000,2,1,0,0.01,0.00,0.02,-0.01,0.00,0.00,0.07,129,30
343,0.2,1.5,0.0,0.054,-0.101,-0.981,1.6,-1.5,0.0,0.0013,-0.0031,0.0000,343,342,354,347,0.00,0.00,-0.49,0.06,0.1000,2,1,0,0.01,0.00,0.02,0.00,0.00,0.00,0.07,129,30
353,-1.2,0.3,0.8,0.033,0.030,-0.966,1.6,-1.6,0.0,0.0034,-0.0022,-0.0004,335,350,358,345,0.00,0.00,-0.49,0.06,0.1000,2,1,0,0.01,0.00,0.02,-0.01,0.00,0.00,0.07,130,30
363,0.0,-3.2,2.1,-0.008,0.132,-0.943,1.7,-1.6,0.0,0.0019,0.0011,-0.0022,335,356,349,348,0.00,0.00,-0.49,0.06,0.1000,2,1,0,0.01,0.00,0.02,-0.01,0.00,0.00,0.07,131,30
374,0.0,-5.7,2.0,-0.058,-0.080,-1.013,1.6,-1.5,0.0,0.0002,0.0048,-0.0020,354,358,333,343,0.00,0.00,-0.49,0.06,0.1000,2,1,0,0.01,0.00,0.02,-0.01,0.00,0.00,0.07,130,30
384,-0.3,1.0,1.0,-0.007,-0.146,-0.854,1.6,-1.5,0.0,0.0019,-0.0022,-0.0009,338,348,353,349,0.00,0.00,-0.49,0.06,0.1000,2,1,0,0.01,0.00,0.02,0.00,0.00,0.00,0.07,132,30
394,-0.6,-0.4,2.2,0.136,0.072,-1.063,1.7,-1.7,0.0,0.0024,-0.0013,-0.0022,326,349,359,352,0.00,0.00,-0.49,0.06,0.1000,2,1,0,0.01,0.00,0.02,0.00,0.00,0.00,0.07,132,30
404,1.9,-9.8,1.5,0.008,0.141,-1.069,1.7,-1.6,0.0,0.0009,0.0087,-0.0022,355,370,330,332,0.00,0.00,-0.49,0.06,0.1000,2,1,0,0.01,0.00,0.02,-0.01,0.00,0.00,0.07,133,30
414,1.8,-4.9,-2.9,-0.096,-0.058,-0.923,1.6,-1.5,0.0,-0.0001,0.0033,0.0029,371,355,329,332,0.00,0.00,-0.49,0.06,0.1000,2,1,0,0.01,0.00,0.02,-0.01,0.00,0.00,0.07,131,30
424,-3.9,5.9,-0.8,-0.076,-0.208,-1.088,1.6,-1.6,0.0,0.0057,-0.0076,0.0008,333,347,365,343,0.00,0.00,-0.49,0.06,0.1000,2,1,0,0.01,0.00,0.02,0.00,0.00,0.00,0.07,132,30
434,5.5,-4.1,-0.4,0.191,0.250,-1.133,1.7,-1.7,0.0,-0.0037,0.0023,0.0004,335,337,362,354,0.00,0.00,-0.49,0.06,0.1000,2,1,0,0.01,0.00,0.02,-0.01,0.00,0.00,0.07,130,30
444,7.5,-13.3,-2.0,0.101,0.201,-0.926,1.5,-1.5,0.0,-0.0058,0.0118,0.0020,389,351,316,332,0.00,0.00,-0.49,0.06,0.1000,2,1,0,0.01,0.00,0.02,-0.01,0.00,0.00,0.07,131,30
454,-7.7,5.7,3.5,-0.237,-0.430,-0.818,1.4,-1.3,0.0,0.0093,-0.0072,-0.0035,341,360,344,342,0.00,0.00,-0.49,0.06,0.1000,2,1,0,0.01,0.00,0.02,-0.01,0.00,0.00,0.07,129,30
464,-8.3,12.4,1.6,0.004,-0.083,-0.997,1.5,-1.5,0.0,0.0099,-0.0141,-0.0016,286,349,397,356,0.00,0.00,-0.49,0.06,0.1000,2,1,0,0.01,0.00,0.02,0.00,0.00,0.00,0.07,130,30
475,11.7,-10.0,-1.3,0.150,0.421,-1.046,1.4,-1.5,0.0,-0.0062,0.0050,0.0008,358,345,337,346,0.00,0.00,-0.49,0.06,0.1000,2,1,0,0.01,0.00,0.02,-0.01,0.00,0.00,0.07,128,30
485,5.1,-4.7,1.0,-0.015,-0.097,-1.055,1.3,-1.2,0.0,-0.0037,0.0033,-0.0010,386,359,307,335,0.00,0.00,-0.49,0.06,0.1000,2,1,0,0.01,0.00,0.02,-0.01,0.00,0.00,0.07,130,30
495,-10.3,14.2,0.6,-0.206,-0.313,-1.108,1.3,-1.4,0.0,0.0118,-0.0156,-0.0005,296,341,396,354,0.00,0.00,-0.49,0.06,0.1000,2,1,0,0.01,0.00,0.02,0.00,0.00,0.00,0.07,129,30
505,5.9,-7.3,-3.7,0.175,0.299,-1.057,1.3,-1.5,0.0,-0.0036,0.0044,0.0038,348,337,361,342,0.00,0.00,-0.49,0.06,0.1000,2,1,0,0.01,0.00,0.02,0.00,0.00,0.00,0.07,130,30
515,7.9,-2.0,2.1,0.040,-0.035,-0.884,1.3,-1.3,0.0,-0.0082,0.0064,-0.0020,378,354,308,347,0.00,0.00,-0.49,0.06,0.1000,2,1,0,0.01,0.00,0.02,-0.01,0.00,0.00,0.07,128,30
525,-7.6,13.7,2.9,-0.172,-0.268,-0.899,1.3,-1.4,0.0,0.0078,-0.0126,-0.0034,307,348,373,359,0.00,0.00,-0.49,0.06,0.1000,2,1,0,0.01,0.00,0.02,0.00,0.00,0.00,0.07,129,30
535,2.9,-3.5,-2.1,0.127,0.291,-1.149,1.3,-1.5,0.0,-0.0014,0.0019,0.0021,346,336,356,350,0.00,0.00,-0.49,0.06,0.1000,2,1,0,0.01,0.00,0.02,-0.01,0.00,0.00,0.07,127,30
545,-1.2,-5.2,2.0,-0.010,-0.124,-1.052,1.2,-1.3,0.0,0.0020,0.0043,-0.0020,354,360,331,342,0.00,0.00,-0.49,0.06,0.1000,2,1,0,0.01,0.00,0.02,-0.01,0.00,0.00,0.07,128,30
555,-0.4,5.3,-0.7,-0.029,-0.008,-0.956,1.2,-1.4,0.0,0.0017,-0.0069,0.0007,330,346,361,351,0.00,0.00,-0.49,0.06,0.1000,2,1,0,0.01,0.00,0.02,-0.01,0.00,0.00,0.07,127,30
565,4.5,0.2,-1.4,-0.024,0.088,-1.035,1.1,-1.3,0.0,-0.0032,-0.0017,0.0014,354,334,347,352,0.00,0.00,-0.49,0.06,0.1000,2,1,0,0.01,0.00,0.02,-0.01,0.00,0.00,0.07,128,30
575,-3.2,1.1,0.4,0.022,-0.030,-1.054,1.2,-1.3,0.0,0.0043,-0.0020,-0.0003,342,353,351,341,0.00,0.00,-0.49,0.06,0.1000,2,1,0,0.01,0.00,0.02,-0.01,0.00,0.00,0.07,127,30
586,-0.7,-1.1,-0.6,-0.027,-0.015,-0.938,1.2,-1.4,0.0,0.0020,-0.0003,0.0006,335,349,361,341,0.00,0.00,-0.49,0.06,0.1000,2,1,0,0.01,0.00,0.02,-0.01,0.00,0.00,0.07,129,30
596,4.4,-7.2,1.4,0.014,0.097,-0.984,1.2,-1.3,0.0,-0.0030,0.0061,-0.0007,362,353,332,341,0.00,0.00,-0.49,0.06,0.1000,2,1,0,0.01,0.00,0.02,-0.01,0.00,0.00,0.07,130,30
606,-2.3,6.9,2.4,-0.017,-0.199,-1.074,1.1,-1.3,0.0,0.0036,-0.0084,-0.0024,334,344,344,366,0.00,0.00,-0.49,0.06,0.1000,2,1,0,0.01,0.00,0.02,-0.01,0.00,0.00,0.07,130,30
616,-2.0,3.2,-4.7,0.103,0.069,-0.970,1.2,-1.4,0.0,0.0046,-0.0078,0.0044,327,331,382,347,0.00,0.00,-0.49,0.06,0.1000,2,1,0,0.01,0.00,0.02,-0.01,0.00,0.00,0.07,128,30
626,5.4,-7.8,-0.1,-0.007,0.103,-1.062,1.2,-1.3,0.0,-0.0039,0.0072,0.0005,374,356,327,331,0.00,0.00,-0.49,0.06,0.1000,2,1,0,0.01,0.00,0.02,-0.01,0.00,0.00,0.07,129,30
636,-7.8,11.6,1.3,-0.169,-0.209,-0.959,1.2,-1.4,0.0,0.0096,-0.0116,-0.0022,304,350,380,353,0.00,0.00,-0.49,0.06,0.1000,2,1,0,0.01,0.00,0.02,-0.01,0.00,0.00,0.07,127,30
646,6.1,-10.9,-1.5,0.234,0.174,-1.009,1.2,-1.5,0.0,-0.0046,0.0079,0.0014,356,341,340,350,0.00,0.00,-0.49,0.06,0.1000,2,1,0,0.01,0.00,0.02,-0.01,0.00,0.00,0.07,126,30
656,-2.6,-4.4,-0.2,-0.041,-0.112,-1.137,1.2,-1.3,0.0,0.0040,0.0029,0.0002,358,356,339,334,0.00,0.00,-0.49,0.06,0.1000,2,1,0,0.01,0.00,0.02,-0.01,0.00,0.00,0.07,125,30
666,-6.5,15.8,1.6,-0.071,-0.022,-1.011,1.4,-1.5,0.0,0.0113,-0.0182,-0.0019,286,342,400,360,0.00,0.00,-0.49,0.06,0.1000,2,1,0,0.01,0.00,0.02,-0.01,0.00,0.00,0.07,126,30
677,9.9,-11.5,-0.6,0.108,0.210,-0.900,1.3,-1.5,0.0,-0.0084,0.0099,0.0006,361,346,337,343,0.00,0.00,-0.49,0.06,0.1000,2,1,0,0.01,0.00,0.02,-0.01,0.00,0.00,0.07,125,30
687,-2.0,-2.4,1.3,-0.020,-0.154,-1.032,1.3,-1.4,0.0,0.0034,0.0009,-0.0013,357,349,336,345,0.00,0.00,-0.49,0.06,0.1000,2,1,0,0.01,0.00,0.02,-0.01,0.00,0.00,0.07,124,30
697,-6.7,9.4,0.1,-0.005,-0.084,-1.037,1.4,-1.6,0.0,0.0082,-0.0112,-0.0001,297,330,389,372,0.00,0.00,-0.49,0.06,0.1000,2,1,0,0.01,0.00,0.02,-0.01,0.00,0.00,0.07,126,30
707,7.3,-7.8,-4.1,0.112,0.190,-1.031,1.3,-1.4,0.0,-0.0058,0.0062,0.0040,372,345,338,332,0.00,0.00,-0.49,0.06,0.1000,2,1,0,0.01,0.00,0.02,-0.01,0.00,0.00,0.07,127,30
717,0.8,7.8,2.6,-0.173,-0.079,-1.042,1.3,-1.3,0.0,0.0004,-0.0034,-0.0018,345,352,344,346,0.00,0.00,-0.49,0.06,0.1000,2,1,0,0.01,0.00,0.02,-0.01,0.00,0.00,0.07,126,30
727,-1.7,0.4,-1.2,0.058,-0.030,-0.932,1.3,-1.5,0.0,0.0032,-0.0020,0.0012,327,338,367,354,0.00,0.00,-0.49,0.06,0.1000,2,1,0,0.01,0.00,0.02,-0.01,0.00,0.00,0.07,127,30
737,1.1,-14.8,-2.3,0.154,-0.001,-0.999,1.2,-1.4,0.0,-0.0015,0.0130,0.0025,380,359,324,325,0.00,0.00,-0.49,0.06,0.1000,2,1,0,0.01,0.00,0.02,-0.01,0.00,0.00,0.07,128,30
747,-4.4,10.3,3.7,-0.197,-0.173,-1.024,1.3,-1.4,0.0,0.0066,-0.0110,-0.0036,309,351,372,355,0.00,0.00,-0.49,0.06,0.1000,2,1,0,0.01,0.00,0.02,-0.01,0.00,0.00,0.07,127,30
757,8.9,1.6,-1.0,0.102,0.285,-1.030,1.2,-1.4,0.0,-0.0069,-0.0045,0.0008,334,326,359,368,0.00,0.00,-0.49,0.06,0.1000,2,1,0,0.01,0.00,0.02,-0.01,0.00,0.00,0.07,128,30
767,2.8,-9.0,-0.3,0.045,-0.090,-1.010,1.1,-1.2,0.0,-0.0065,0.0085,0.0011,384,343,315,345,0.00,0.00,-0.49,0.06,0.1000,2,1,0,0.01,0.00,0.02,-0.01,0.00,0.00,0.07,129,30
778,-15.1,8.2,2.4,-0.114,-0.233,-1.025,1.1,-1.3,0.0,0.0165,-0.0097,-0.0024,297,360,385,345,0.00,0.00,-0.49,0.06,0.1000,2,1,0,0.01,0.00,0.02,-0.01,0.00,0.00,0.07,128,30
788,5.3,-9.5,-3.3,0.100,0.259,-0.949,1.2,-1.3,0.0,-0.0021,0.0075,0.0033,350,357,354,326,0.00,0.00,-0.49,0.06,0.1000,2,1,0,0.01,0.00,0.02,-0.01,0.00,0.00,0.07,126,30
798,8.4,-0.1,0.8,-0.005,-0.031,-1.086,1.0,-1.1,0.0,-0.0072,-0.0011,-0.0008,379,345,317,346,0.00,0.00,-0.49,0.06,0.1000,2,1,0,0.01,0.00,0.02,-0.01,0.00,0.00,0.07,127,30
808,-6.2,15.9,1.6,-0.144,-0.141,-1.029,1.2,-1.4,0.0,0.0071,-0.0180,-0.0020,298,331,384,376,0.00,0.00,-0.49,0.06,0.1000,2,1,0,0.01,0.00,0.02,-0.01,0.00,0.00,0.07,128,30
818,2.6,-16.2,-5.4,0.216,0.147,-0.981,1.1,-1.4,0.0,0.0000,0.0080,0.0054,372,352,342,321,0.00,0.00,-0.49,0.06,0.1000,2,1,0,0.01,0.00,0.02,-0.01,0.00,0.00,0.07,126,30
828,-1.6,-12.0,4.7,-0.039,-0.122,-1.005,1.2,-1.2,0.0,0.0029,0.0107,-0.0047,370,381,315,322,0.00,0.00,-0.49,0.06,0.1000,2,1,0,0.01,0.00,0.02,-0.01,0.00,0.00,0.07,125,30
838,-3.7,23.6,2.3,-0.133,-0.186,-1.022,1.2,-1.3,0.0,0.0053,-0.0216,-0.0048,291,335,380,381,0.00,0.00,-0.49,0.06,0.1000,2,1,0,0.01,0.00,0.02,0.00,0.00,0.00,0.07,126,30
848,8.9,3.2,-7.9,0.141,0.398,-1.095,1.2,-1.4,0.0,-0.0075,-0.0070,0.0076,357,305,363,363,0.00,0.00,-0.49,0.06,0.1000,2,1,0,0.01,0.00,0.02,-0.01,0.00,0.00,0.07,125,30
858,-4.8,-6.9,3.5,-0.019,-0.216,-1.001,1.2,-1.2,0.0,0.0035,0.0083,-0.0016,362,368,330,328,0.00,0.00,-0.49,0.06,0.1000,2,1,0,0.01,0.00,0.02,-0.01,0.00,0.00,0.07,126,30
868,-13.4,4.4,1.2,-0.153,-0.095,-0.962,1.3,-1.5,0.0,0.0157,-0.0064,-0.0013,297,365,391,334,0.00,0.00,-0.49,0.06,0.1000,2,1,0,0.01,0.00,0.02,0.00,0.00,0.00,0.07,127,30
878,10.2,-12.3,-2.0,0.205,0.171,-0.981,1.2,-1.5,0.0,-0.0088,0.0107,0.0020,374,340,328,345,0.00,0.00,-0.49,0.06,0.1000,2,1,0,0.01,0.00,0.02,-0.01,0.00,0.00,0.07,128,30
889,0.8,2.3,2.8,-0.013,-0.137,-1.067,1.2,-1.4,0.0,-0.0021,-0.0006,-0.0027,352,349,332,355,0.00,0.00,-0.49,0.06,0.1000,2,1,0,0.01,0.00,0.02,-0.01,0.00,0.00,0.07,126,30
899,-5.2,20.1,-1.5,-0.136,-0.046,-0.990,1.4,-1.6,0.0,0.0093,-0.0231,0.0008,285,324,409,369,0.00,0.00,-0.49,0.06,0.1000,2,1,0,0.01,0.00,0.02,-0.01,0.00,0.00,0.07,127,30
909,6.4,-10.7,-3.5,0.154,0.258,-1.124,1.3,-1.5,0.0,-0.0037,0.0062,0.0042,367,341,344,335,0.00,0.00,-0.49,0.06,0.1000,2,1,0,0.01,0.00,0.02,-0.01,0.00,0.00,0.07,126,30
919,-1.7,-0.5,3.4,-0.041,-0.201,-1.070,1.3,-1.4,0.0,0.0032,-0.0011,-0.0034,348,355,337,348,0.00,0.00,-0.49,0.06,0.1000,2,1,0,0.01,0.00,0.02,-0.01,0.00,0.00,0.07,128,30
929,-0.9,8.9,1.1,0.034,-0.019,-0.829,1.3,-1.7,0.0,0.0024,-0.0108,-0.0011,309,328,380,371,0.00,0.00,-0.49,0.06,0.1000,2,1,0,0.01,0.00,0.02,-0.01,0.00,0.00,0.07,127,30
939,4.0,-6.3,-2.1,0.063,0.126,-1.003,1.3,-1.4,0.0,-0.0031,0.0077,0.0015,373,355,326,334,0.00,0.00,-0.49,0.06,0.1000,2,1,0,0.01,0.00,0.02,-0.01,0.00,0.00,0.07,128,30
949,-8.5,11.9,-0.4,-0.144,-0.256,-0.984,1.3,-1.5,0.0,0.0100,-0.0103,0.0003,315,350,380,343,0.00,0.00,-0.49,0.06,0.1000,2,1,0,0.01,0.00,0.02,-0.01,0.00,0.00,0.07,127,30
959,6.9,-12.2,-1.7,0.119,0.297,-1.047,1.2,-1.5,0.0,-0.0056,0.0105,0.0017,347,342,350,349,0.00,0.00,-0.49,0.06,0.1000,2,1,0,0.01,0.00,0.02,-0.01,0.00,0.00,0.07,128,30
969,2.4,-12.8,-0.2,0.029,-0.083,-1.035,1.2,-1.3,0.0,-0.0010,0.0113,0.0002,385,358,312,332,0.00,0.00,-0.49,0.06,0.1000,2,1,0,0.01,0.00,0.02,-0.02,0.00,0.00,0.07,127,30
980,-10.3,18.5,2.3,-0.091,-0.246,-1.017,1.2,-1.5,0.0,0.0127,-0.0196,-0.0027,285,341,398,364,0.00,0.00,-0.49,0.06,0.1000,2,1,0,0.01,0.00,0.02,-0.01,0.00,0.00,0.07,128,30
990,9.9,-4.7,-2.6,0.108,0.417,-0.959,1.2,-1.4,0.0,-0.0086,0.0031,0.0026,336,336,367,348,0.00,0.00,-0.49,0.06,0.1000,2,1,0,0.01,0.00,0.02,-0.01,0.00,0.00,0.07,127,30
1000,9.2,-5.7,2.4,-0.004,-0.093,-1.001,1.0,-1.1,0.0,-0.0110,0.0087,-0.0014,390,347,300,349,0.00,0.00,-0.49,0.06,0.1000,2,1,0,0.01,0.00,0.02,-0.01,0.00,0.00,0.07,127,30
1010,-13.8,14.8,1.0,-0.198,-0.278,-1.027,1.1,-1.4,0.0,0.0151,-0.0164,-0.0010,283,337,402,365,0.00,0.00,-0.49,0.06,0.1000,2,1,0,0.01,0.00,0.02,-0.01,0.00,0.00,0.07,129,30
1020,9.1,-21.8,-2.0,0.298,0.289,-1.011,1.1,-1.2,0.0,-0.0057,0.0164,0.0016,380,360,318,329,0.00,0.00,-0.49,0.06,0.1000,2,1,0,0.01,0.00,0.02,-0.01,0.00,0.00,0.07,128,30
1030,1.8,-3.1,-0.7,-0.104,-0.142,-1.019,0.9,-1.0,0.0,-0.0016,0.0049,0.0010,389,364,310,323,0.00,0.00,-0.49,0.06,0.1000,2,1,0,0.01,0.00,0.02,-0.02,0.00,0.00,0.07,129,30
1040,-8.1,26.0,3.6,-0.129,-0.195,-0.970,1.1,-1.3,0.0,0.0094,-0.0276,-0.0036,264,326,412,385,0.00,0.00,-0.49,0.06,0.1000,2,1,0,0.01,0.00,0.03,-0.01,0.00,0.00,0.07,128,30
1050,10.1,-14.9,-2.5,0.273,0.369,-1.035,0.9,-1.3,0.0,-0.0081,0.0064,0.0022,367,333,334,353,0.00,0.00,-0.49,0.06,0.1000,2,1,0,0.01,0.00,0.02,-0.01,0.00,0.00,0.07,128,30
1060,-5.5,-6.6,1.3,-0.123,-0.312,-0.966,0.9,-1.0,0.0,0.0066,0.0054,-0.0013,365,367,328,327,0.00,0.00,-0.49,0.06,0.1000,2,1,0,0.01,0.00,0.02,-0.01,0.00,0.00,0.07,126,30
1070,-10.7,16.7,2.0,-0.094,-0.072,-1.023,1.0,-1.3,0.0,0.0140,-0.0183,-0.0026,280,346,402,359,0.00,0.00,-0.49,0.06,0.1000,2,1,0,0.01,0.00,0.02,0.00,0.00,0.00,0.07,127,30
1081,10.1,-11.0,-2.6,0.159,0.339,-0.986,1.0,-1.1,0.0,-0.0068,0.0099,0.0031,373,354,335,325,0.00,0.00,-0.49,0.06,0.1000,2,1,0,0.01,0.00,0.02,-0.01,0.00,0.00,0.07,125,30
1091,-0.4,5.0,2.9,-0.081,-0.218,-1.024,0.9,-1.1,0.0,0.0015,-0.0063,-0.0029,352,351,333,352,0.00,0.00,-0.49,0.06,0.1000,2,1,0,0.01,0.00,0.02,-0.01,0.00,0.00,0.07,127,30
1101,-7.0,14.4,-3.0,-0.127,-0.047,-0.993,1.1,-1.4,0.0,0.0091,-0.0216,0.0017,285,318,412,373,0.00,0.00,-0.49,0.06,0.1000,2,1,0,0.01,0.00,0.02,-0.01,0.00,0.00,0.07,128,30
1111,5.2,-19.7,-1.8,0.205,0.221,-1.000,1.1,-1.3,0.0,-0.0039,0.0183,0.0018,384,356,321,327,0.00,0.00,-0.49,0.06,0.1000,2,1,0,0.01,0.00,0.02,-0.01,0.00,0.00,0.07,129,30
1121,-6.3,2.0,2.4,-0.105,-0.194,-1.006,1.2,-1.2,0.0,0.0058,0.0038,-0.0022,351,374,336,327,0.00,0.00,-0.49,0.06,0.1000,2,1,0,0.01,0.00,0.02,-0.01,0.00,0.00,0.07,127,30
1131,-1.7,13.1,0.2,0.018,0.036,-1.072,1.2,-1.6,0.0,0.0032,-0.0149,-0.0002,292,326,393,375,0.00,0.00,-0.49,0.06,0.1000,2,1,0,0.01,0.00,0.02,0.00,0.00,0.00,0.07,128,30
1141,6.8,-10.7,-1.8,0.210,0.153,-0.979,1.3,-1.4,0.0,-0.0054,0.0091,0.0018,374,344,330,339,0.00,0.00,-0.49,0.06,0.1000,2,1,0,0.01,0.00,0.02,-0.02,0.00,0.00,0.07,127,30
1151,-3.3,1.8,2.2,-0.169,-0.281,-0.934,1.2,-1.3,0.0,0.0047,-0.0025,-0.0020,338,357,352,340,0.00,0.00,-0.49,0.06,0.1000,2,1,0,0.01,0.00,0.02,-0.01,0.00,0.00,0.07,126,30
1161,1.5,2.4,1.1,0.043,0.176,-1.050,1.2,-1.3,0.0,-0.0002,-0.0040,-0.0011,323,342,365,357,0.00,0.00,-0.49,0.06,0.1000,2,1,0,0.01,0.00,0.02,-0.01,0.00,0.00,0.07,125,30
1171,8.0,-14.0,-1.4,0.178,0.031,-1.020,1.0,-1.1,0.0,-0.0086,0.0118,0.0013,387,347,311,341,0.00,0.00,-0.49,0.06,0.1000,2,1,0,0.01,0.00,0.01,-0.02,0.00,0.00,0.07,127,30
1182,-6.0,6.2,0.4,-0.160,-0.240,-0.929,0.9,-1.1,0.0,0.0072,-0.0075,-0.0004,333,347,354,353,0.00,0.00,-0.49,0.06,0.1000,2,1,0,0.01,0.00,0.02,-0.01,0.00,0.00,0.07,126,30
1192,1.0,2.2,-1.8,-0.029,0.106,-0.886,0.9,-1.1,0.0,0.0000,-0.0035,0.0018,330,334,373,350,0.00,0.00,-0.49,0.06,0.1000,2,1,0,0.01,0.00,0.02,-0.02,0.00,0.00,0.07,125,30
1202,7.4,-13.7,3.0,0.112,0.208,-1.096,0.8,-0.8,0.0,-0.0054,0.0144,-0.0031,386,381,315,343,0.00,0.00,-0.49,0.06,0.1050,2,1,0,0.01,0.00,0.02,-0.02,0.00,0.00,0.07,127,30
1212,-3.1,8.4,-3.0,-0.172,-0.179,-1.049,0.7,-0.8,0.0,0.0041,-0.0095,0.0030,346,348,365,351,0.00,0.00,-0.49,0.06,0.1030,2,1,0,0.01,0.00,0.02,-0.01,0.00,0.00,0.07,128,30
1222,-0.7,0.1,0.6,0.069,0.024,-0.957,0.7,-1.0,0.0,0.0025,-0.0070,0.0003,408,416,460,445,0.00,0.00,-0.49,0.06,0.1451,2,1,0,0.01,0.00,0.02,-0.01,0.00,0.00,0.07,127,30
1232,3.1,-13.5,2.8,0.158,0.034,-0.996,0.7,-0.8,0.0,-0.0022,0.0125,-0.0028,455,451,395,418,0.00,0.00,-0.49,0.06,0.1439,2,1,0,0.01,0.00,0.02,-0.02,0.00,0.00,0.07,128,30
1242,-6.4,20.2,-1.6,-0.246,-0.153,-0.924,0.7,-0.9,0.0,0.0078,-0.0187,0.0008,386,415,476,445,0.00,0.00,-0.49,0.06,0.1442,2,1,0,0.01,0.00,0.02,-0.01,0.00,0.00,0.07,130,30
1252,6.0,-2.6,0.0,0.174,0.202,-1.064,0.7,-0.9,0.0,-0.0051,0.0015,0.0000,430,417,436,444,0.00,0.00,-0.49,0.06,0.1450,2,1,0,0.01,0.00,0.02,-0.01,0.00,0.00,0.07,129,30
1262,-6.2,2.0,0.0,-0.129,-0.157,-1.011,0.8,-0.8,0.0,0.0061,0.0031,0.0000,435,454,429,408,0.00,0.00,-0.49,0.06,0.1448,2,1,0,0.01,0.00,0.02,-0.01,0.00,0.00,0.07,130,30
1273,1.8,3.7,-0.6,0.042,0.133,-1.103,0.9,-1.0,0.0,-0.0008,-0.0050,0.0006,417,421,450,442,0.00,0.00,-0.49,0.06,0.1452,2,1,0,0.01,0.00,0.02,-0.01,0.00,0.00,0.07,131,30
1283,-4.2,-11.2,-0.1,0.004,-0.126,-1.001,0.9,-0.9,0.0,0.0053,0.0101,0.0001,454,469,412,398,0.00,0.00,-0.49,0.06,0.1458,2,1,0,0.01,0.00,0.02,-0.01,0.00,0.00,0.07,129,30
1293,4.1,-0.8,-0.9,0.012,0.184,-1.118,1.0,-1.3,0.0,-0.0019,-0.0038,0.0012,424,415,444,443,0.00,0.00,-0.49,0.06,0.1447,2,1,0,0.01,0.00,0.02,-0.01,0.00,0.00,0.07,128,30
1303,-4.5,-11.6,-0.1,0.025,-0.188,-0.984,1.0,-1.0,0.0,0.0057,0.0104,0.0001,633,646,593,578,0.00,0.00,-0.49,0.06,0.2405,2,1,0,0.01,0.00,0.02,-0.01,0.00,0.00,0.07,129,30
1313,3.2,-5.5,4.6,0.045,0.155,-1.147,1.1,-1.4,0.0,-0.0010,0.0008,-0.0048,596,613,602,623,0.00,0.00,-0.49,0.06,0.2385,2,1,0,0.01,0.00,0.02,-0.02,0.00,0.00,0.07,130,30
1323,-5.0,4.6,-0.7,-0.067,-0.083,-1.037,1.1,-1.2,0.0,0.0063,-0.0060,0.0007,716,734,739,711,0.00,0.00,-0.49,0.06,0.3001,2,1,0,0.01,0.00,0.02,-0.01,0.00,0.00,0.07,128,30
1333,-3.8,-8.6,-7.6,0.019,-0.015,-0.808,1.1,-1.2,0.0,0.0063,0.0097,0.0066,740,741,723,678,0.00,0.00,-0.49,0.06,0.2977,2,1,0,0.01,0.00,0.02,-0.02,0.00,0.00,0.07,127,30
1343,-9.0,-8.3,9.7,0.133,-0.114,-0.808,1.0,-1.4,0.0,0.0103,0.0066,-0.0097,751,787,777,810,0.00,0.00,-0.49,0.06,0.3299,2,1,0,0.01,0.00,0.02,-0.02,0.00,0.00,0.07,128,30
1353,-10.2,18.0,-10.6,0.069,-0.279,-0.818,0.9,-1.5,0.0,0.0077,-0.0249,0.0113,746,722,864,802,0.00,0.00,-0.49,0.06,0.3312,2,1,0,0.01,0.00,0.02,-0.01,0.00,0.00,0.07,127,30
1364,-4.3,16.9,1.8,0.055,-0.163,-0.807,0.9,-1.3,0.0,0.0055,-0.0185,-0.0018,791,792,811,836,0.00,0.00,-0.49,0.06,0.3438,2,1,0,0.01,0.00,0.02,-0.03,0.00,0.00,0.07,128,30
1374,-3.1,13.1,6.1,-0.033,0.095,-0.835,1.1,-1.3,0.0,0.0044,-0.0147,-0.0061,771,835,847,815,0.00,0.00,-0.49,0.06,0.3489,2,1,0,0.01,0.00,0.02,-0.02,0.00,0.00,0.07,129,30
1384,1.1,6.4,-4.0,-0.162,0.036,-1.077,0.7,-1.2,0.0,-0.0011,-0.0070,0.0038,819,794,822,824,0.00,0.00,-0.49,0.06,0.3477,2,1,0,0.01,0.00,0.02,-0.01,0.00,0.00,0.07,130,30
1394,0.8,-5.4,2.9,0.046,-0.065,-0.800,0.7,-1.1,0.0,0.0001,0.0040,-0.0029,813,807,823,843,0.00,0.00,-0.49,0.06,0.3511,2,1,0,0.01,0.00,0.02,-0.02,0.00,0.00,0.07,129,30
1404,7.1,-20.8,-2.9,0.096,0.150,-0.472,0.8,-1.3,0.0,-0.0033,0.0121,0.0047,849,822,818,801,0.00,0.00,-0.49,0.06,0.3517,2,1,0,0.01,0.00,0.02,-0.02,0.00,0.00,0.07,130,30
1414,-5.5,8.6,-1.6,0.107,-0.138,-1.110,0.8,-1.5,0.0,0.0066,-0.0103,0.0016,777,783,872,855,0.00,0.00,-0.49,0.06,0.3513,2,1,0,0.01,0.00,0.02,-0.01,0.00,0.00,0.07,129,30
1424,-6.1,21.9,0.0,0.074,-0.175,-1.195,1.0,-1.5,0.0,0.0096,-0.0319,-0.0012,738,792,910,872,0.00,0.00,-0.49,0.06,0.3546,2,1,0,0.01,0.00,0.02,-0.02,0.00,0.00,0.07,130,30
1434,-1.3,22.0,3.5,0.021,-0.105,-0.730,1.0,-1.5,0.0,0.0017,-0.0252,-0.0034,778,786,866,884,0.00,0.00,-0.49,0.06,0.3549,2,1,0,0.01,0.00,0.02,-0.02,0.00,0.00,0.07,128,30
1444,2.0,14.1,-0.1,-0.058,-0.032,-0.749,1.0,-1.4,0.0,-0.0007,-0.0158,0.0001,823,817,832,821,0.00,0.00,-0.49,0.06,0.3521,2,1,0,0.01,0.00,0.02,-0.02,0.00,0.00,0.07,129,30
1454,5.5,5.1,6.5,-0.136,0.097,-0.533,1.2,-1.3,0.0,0.0007,-0.0009,-0.0069,815,852,818,833,0.00,0.00,-0.49,0.06,0.3556,2,1,0,0.01,0.00,0.02,-0.02,0.00,0.00,0.07,128,30
1464,-2.3,4.0,4.8,-0.022,0.054,-0.992,1.2,-1.5,0.0,0.0038,-0.0057,-0.0048,777,803,846,841,0.00,0.00,-0.49,0.06,0.3488,2,1,0,0.01,0.00,0.02,-0.01,0.00,0.00,0.07,130,30
1475,-0.5,12.2,-3.7,0.024,0.133,-1.176,1.5,-1.5,0.0,0.0025,-0.0171,0.0047,801,788,872,845,0.00,0.00,-0.49,0.06,0.3538,2,1,0,0.01,0.00,0.01,-0.02,0.00,0.00,0.07,128,30
1485,-12.0,6.3,7.9,-0.027,-0.004,-1.321,1.7,-1.4,0.0,0.0144,-0.0073,-0.0075,784,867,854,814,0.00,0.00,-0.49,0.06,0.3556,2,1,0,0.01,0.00,0.01,-0.01,0.00,0.00,0.07,129,30
1495,-18.7,-11.0,-3.0,-0.006,-0.189,-1.245,1.7,-1.4,0.0,0.0207,0.0094,0.0030,847,899,837,741,0.00,0.00,-0.49,0.06,0.3562,2,1,0,0.01,0.00,0.02,-0.01,0.00,0.00,0.07,127,30
1505,-12.7,-13.8,5.4,0.021,-0.163,-1.184,1.7,-1.4,0.0,0.0139,0.0151,-0.0059,836,912,799,778,0.00,0.00,-0.49,0.06,0.3564,2,1,0,0.01,0.00,0.02,-0.02,0.00,0.00,0.07,129,30
1515,4.7,-33.2,-5.5,0.066,0.016,-1.085,1.7,-1.5,0.0,-0.0028,0.0315,0.0055,898,864,785,784,0.00,0.00,-0.49,0.06,0.3572,2,1,0,0.01,0.00,0.01,-0.02,0.00,0.00,0.07,127,30
1525,14.9,-31.7,-1.5,0.092,0.132,-0.937,1.8,-1.8,0.0,-0.0109,0.0234,0.0015,867,838,813,835,0.00,0.00,-0.49,0.06,0.3601,2,1,0,0.01,0.00,0.01,-0.02,0.00,0.00,0.07,128,30
1535,6.5,-24.4,6.5,0.005,0.204,-0.796,1.9,-1.8,0.0,-0.0044,0.0225,-0.0065,833,838,812,836,0.00,0.00,-0.49,0.06,0.3556,2,1,0,0.01,0.00,0.01,-0.02,0.00,0.00,0.07,126,30
1545,2.2,-12.9,-7.1,0.048,0.107,-0.998,2.0,-1.7,0.0,0.0000,0.0110,0.0071,818,815,870,816,0.00,0.00,-0.49,0.06,0.3555,2,1,0,0.01,0.00,0.01,-0.01,0.00,0.00,0.07,127,30
1555,-1.4,-9.3,5.3,0.128,0.026,-1.007,2.1,-1.7,0.0,0.0041,0.0035,-0.0050,789,827,851,845,0.00,0.00,-0.49,0.06,0.3546,2,1,0,0.01,0.00,0.01,-0.02,0.00,0.00,0.07,126,30
1565,-3.7,6.5,-9.3,0.130,0.035,-1.102,2.2,-1.9,0.0,0.0063,-0.0087,0.0093,781,769,910,848,0.00,0.00,-0.49,0.06,0.3541,2,1,0,0.01,0.00,0.02,-0.01,0.00,0.00,0.07,125,30
1576,-0.7,13.0,-1.6,0.036,0.000,-1.348,2.5,-1.9,0.0,0.0045,-0.0241,0.0007,767,793,899,878,0.00,0.00,-0.49,0.06,0.3579,2,1,0,0.01,0.00,0.02,-0.01,0.00,0.00,0.07,124,30
1586,0.9,9.3,-0.5,0.039,0.153,-1.195,2.8,-1.8,0.0,0.0021,-0.0115,0.0005,779,803,887,849,0.00,0.00,-0.49,0.06,0.3555,2,1,0,0.01,0.00,0.02,-0.01,0.00,0.00,0.07,126,30
1596,-1.6,1.7,-16.0,0.174,0.040,-1.123,3.0,-1.8,0.0,0.0063,-0.0114,0.0140,810,803,900,826,0.00,0.00,-0.49,0.06,0.3583,2,1,0,0.01,0.00,0.02,-0.01,0.00,0.00,0.06,124,30
1606,-2.6,15.1,8.9,0.114,-0.027,-1.181,3.4,-1.8,0.0,0.0072,-0.0212,-0.0091,743,821,901,899,0.00,0.00,-0.49,0.06,0.3615,2,1,0,0.01,0.00,0.02,-0.01,0.00,0.00,0.06,126,30
1616,-6.9,23.4,-15.2,0.002,-0.024,-1.033,3.7,-2.0,0.0,0.0109,-0.0257,0.0152,743,746,983,857,0.00,0.00,-0.49,0.06,0.3570,2,1,0,0.01,0.00,0.02,-0.01,0.00,0.00,0.06,127,30
1626,-1.5,14.4,1.8,-0.042,0.023,-0.828,3.9,-1.9,0.0,0.0088,-0.0253,-0.0056,743,812,890,881,0.00,0.00,-0.49,0.06,0.3566,2,1,0,0.01,0.00,0.02,-0.01,0.00,0.00,0.06,128,30
1636,-11.1,5.1,-3.1,-0.074,0.044,-0.869,4.1,-1.8,0.0,0.0156,-0.0071,0.0031,789,852,884,813,0.00,0.00,-0.49,0.06,0.3579,2,1,0,0.01,0.00,0.01,-0.01,0.00,0.00,0.06,127,30
1646,-5.2,-9.2,-9.4,-0.211,0.121,-0.727,4.3,-1.6,0.0,0.0117,0.0109,0.0050,839,879,841,787,0.00,0.00,-0.49,0.06,0.3592,2,1,0,0.01,0.00,0.01,-0.01,0.00,0.00,0.07,128,30
1656,-3.8,-29.2,13.5,-0.100,0.181,-0.685,4.6,-1.4,0.0,0.0123,0.0293,-0.0135,824,935,790,771,0.00,0.00,-0.49,0.06,0.3557,2,1,0,0.01,0.00,0.01,-0.01,0.00,0.00,0.07,127,30
1666,-2.4,-33.1,-16.2,0.122,0.093,-0.615,4.7,-1.4,0.0,0.0074,0.0314,0.0162,855,870,853,735,0.00,0.00,-0.49,0.06,0.3548,2,1,0,0.01,0.00,0.00,-0.01,0.00,0.00,0.07,126,30
1677,-10.8,-18.5,16.2,0.143,0.022,-0.780,4.8,-1.5,0.0,0.0217,-0.0001,-0.0160,732,888,869,834,0.00,0.00,-0.49,0.06,0.3561,2,1,0,0.01,0.00,0.00,-0.01,0.00,0.00,0.07,127,30
1687,-6.1,-0.7,-11.7,0.122,0.113,-1.039,4.8,-1.3,0.0,0.0113,-0.0008,0.0117,759,797,962,810,0.00,0.00,-0.49,0.06,0.3567,2,1,0,0.01,0.00,0.00,-0.01,0.00,0.00,0.07,126,30
1697,-13.9,6.3,0.8,0.152,0.039,-1.157,4.9,-1.2,0.0,0.0255,-0.0248,-0.0032,707,834,937,849,0.00,0.00,-0.49,0.06,0.3566,2,1,0,0.01,0.00,0.00,-0.01,0.00,0.00,0.07,125,30
1707,-21.6,10.0,4.4,0.230,-0.069,-1.016,5.0,-1.2,0.0,0.0269,-0.0114,-0.0045,692,814,962,835,0.00,0.00,-0.49,0.06,0.3534,2,1,0,0.01,0.00,0.01,-0.01,0.00,0.00,0.07,127,30
1717,-24.9,15.3,-13.2,0.153,-0.191,-1.019,5.1,-1.1,0.0,0.0323,-0.0361,0.0126,710,788,1002,835,0.00,0.00,-0.49,0.06,0.3576,2,1,0,0.01,0.00,0.01,-0.01,0.00,0.00,0.07,128,30
1727,-15.9,5.5,19.6,0.063,-0.032,-1.097,5.3,-0.9,0.0,0.0217,-0.0067,-0.0196,698,852,907,889,0.00,0.00,-0.48,0.06,0.3592,2,1,0,0.01,0.00,0.00,-0.01,0.00,0.00,0.07,127,30
1737,-19.2,3.9,-23.1,0.166,-0.008,-1.150,5.6,-0.7,0.0,0.0261,-0.0085,0.0230,789,817,972,795,0.00,0.00,-0.48,0.06,0.3627,2,1,0,0.01,0.00,0.00,0.00,0.00,0.00,0.06,128,30
1747,-17.5,19.6,18.0,-0.094,0.101,-1.319,6.0,-0.4,0.0,0.0259,-0.0190,-0.0211,716,903,877,866,-0.01,0.00,-0.48,0.06,0.3614,2,1,0,0.01,0.00,0.00,0.00,0.00,0.00,0.06,129,30
1757,-12.4,3.8,-4.4,-0.184,0.201,-1.328,6.2,0.0,0.0,0.0191,-0.0042,0.0044,822,901,865,753,-0.01,0.00,-0.48,0.06,0.3585,2,1,0,0.01,0.00,0.01,0.00,0.00,0.00,0.06,127,30
1768,-15.0,-18.0,-0.9,-0.035,0.064,-1.075,6.2,0.0,0.0,0.0247,0.0302,-0.0029,843,961,803,730,-0.01,0.00,-0.48,0.06,0.3579,2,1,0,0.01,0.00,0.01,-0.01,0.00,0.00,0.06,128,30
1778,-1.3,-35.4,18.5,0.011,0.131,-0.824,6.0,-0.2,0.0,0.0078,0.0351,-0.0185,861,953,765,764,-0.01,0.00,-0.48,0.06,0.3589,2,1,0,0.01,0.00,0.01,-0.01,0.00,0.00,0.06,129,30
1788,10.7,-45.4,-9.3,0.062,0.194,-0.701,5.9,-0.2,0.0,-0.0027,0.0449,0.0088,895,887,821,769,0.00,0.00,-0.48,0.06,0.3625,2,1,0,0.01,0.00,0.00,-0.01,0.00,0.00,0.06,127,30
1798,3.4,-44.5,32.0,0.174,0.183,-0.835,5.8,-0.3,0.0,0.0042,0.0395,-0.0315,801,940,775,853,0.00,0.00,-0.48,0.06,0.3621,2,1,0,0.01,0.00,0.00,0.00,0.00,0.00,0.07,126,30
1808,5.0,-23.7,-17.2,0.153,0.080,-0.957,5.6,-0.2,0.0,0.0009,0.0233,0.0171,857,802,921,812,0.00,0.00,-0.48,0.06,0.3653,2,1,0,0.01,0.00,0.00,0.00,0.00,0.00,0.07,127,30
1818,5.9,5.5,27.0,-0.044,0.071,-1.196,5.4,0.0,0.0,0.0040,-0.0124,-0.0269,754,876,834,915,0.00,0.00,-0.47,0.06,0.3636,2,1,0,0.01,0.00,0.00,-0.01,0.00,0.00,0.07,125,30
1828,9.2,22.8,6.1,-0.099,0.247,-1.259,5.1,0.2,0.0,-0.0037,-0.0229,-0.0062,824,801,868,867,0.00,0.00,-0.48,0.06,0.3611,2,1,0,0.01,0.00,0.01,-0.01,0.00,0.00,0.07,124,30
1838,11.4,16.2,-1.1,-0.163,0.168,-1.160,5.1,0.4,0.0,-0.0013,-0.0121,0.0002,810,814,842,841,0.00,0.00,-0.47,0.06,0.3540,2,1,0,0.01,0.00,0.01,-0.02,0.00,0.00,0.07,123,30
1848,10.2,8.6,27.1,0.032,0.142,-0.998,5.0,0.3,0.0,-0.0048,-0.0084,-0.0272,770,860,799,873,0.00,0.00,-0.47,0.06,0.3534,2,1,0,0.01,0.00,0.02,-0.02,0.00,0.00,0.07,125,30
1858,1.7,27.5,-9.3,0.020,0.074,-1.043,5.0,0.3,0.0,0.0108,-0.0283,0.0114,787,801,927,811,0.00,0.00,-0.47,0.06,0.3563,2,1,0,0.01,0.00,0.02,-0.02,0.00,0.00,0.07,124,30
1869,-0.9,22.2,31.9,-0.005,0.004,-1.193,5.0,0.3,0.0,0.0064,-0.0221,-0.0321,715,867,841,922,0.00,0.00,-0.47,0.06,0.3591,2,1,0,0.01,0.00,0.01,-0.02,0.00,0.00,0.07,126,30
1879,5.0,18.1,-2.1,-0.029,0.029,-1.105,5.4,0.3,0.0,0.0045,-0.0228,0.0053,799,801,920,845,0.00,0.00,-0.47,0.06,0.3616,2,1,0,0.01,0.00,0.01,-0.01,0.00,0.00,0.07,127,30
1889,4.9,31.1,13.5,-0.146,0.074,-1.231,5.8,0.3,0.0,0.0003,-0.0312,-0.0147,755,825,855,930,0.00,0.00,-0.46,0.06,0.3617,2,1,0,0.01,0.00,0.02,-0.01,0.00,0.00,0.07,128,30
1899,1.4,52.2,19.7,-0.153,0.034,-1.323,6.2,0.0,0.0,0.0052,-0.0525,-0.0199,743,794,863,918,-0.01,0.00,-0.47,0.06,0.3555,2,1,0,0.01,0.00,0.02,-0.01,0.00,0.00,0.07,126,30
1909,6.2,50.3,-6.0,-0.238,0.097,-0.924,6.8,-0.1,0.0,-0.0003,-0.0356,0.0033,807,806,842,852,-0.01,0.00,-0.46,0.06,0.3540,2,1,0,0.01,0.00,0.02,-0.01,0.00,0.00,0.07,127,30
1919,-9.9,29.7,39.9,-0.095,0.024,-0.662,7.5,-0.7,0.0,0.0179,-0.0308,-0.0401,718,923,798,867,-0.01,0.00,-0.46,0.06,0.3540,2,1,0,0.01,0.00,0.02,0.00,0.00,0.00,0.07,126,30
1929,-8.2,32.2,-10.7,0.005,-0.007,-0.389,7.9,-1.5,0.0,0.0166,-0.0341,0.0106,780,826,921,794,-0.01,0.00,-0.46,0.06,0.3557,2,1,0,0.01,0.00,0.02,0.00,0.00,0.00,0.07,127,30
1939,-2.7,25.2,40.9,-0.149,0.148,-0.513,8.2,-1.9,0.0,0.0122,-0.0248,-0.0422,694,925,803,916,-0.01,0.00,-0.46,0.06,0.3581,2,1,0,0.01,0.00,0.02,0.00,0.00,0.00,0.07,126,30
1949,16.0,9.3,-8.0,-0.026,0.292,-0.810,8.5,-2.0,0.0,-0.0070,-0.0118,0.0078,847,815,857,790,-0.01,0.00,-0.46,0.06,0.3543,2,1,0,0.01,0.00,0.01,0.00,0.00,0.00,0.07,127,30
1959,4.8,1.7,4.9,-0.051,0.301,-0.762,8.9,-2.1,0.0,0.0078,-0.0038,-0.0070,745,877,827,812,-0.02,0.00,-0.45,0.06,0.3479,2,1,0,0.01,0.00,0.00,-0.01,0.00,0.00,0.07,126,30
1970,-15.1,4.5,15.4,-0.126,0.084,-0.746,9.0,-1.6,0.0,0.0247,-0.0064,-0.0157,722,905,862,775,-0.02,0.00,-0.45,0.06,0.3482,2,1,0,0.01,0.00,0.00,-0.01,0.00,0.00,0.08,127,30
1980,-20.7,-12.0,-13.0,-0.084,-0.164,-0.704,8.7,-0.8,0.0,0.0314,0.0163,0.0091,812,902,856,714,-0.02,0.00,-0.45,0.06,0.3510,2,1,0,0.01,0.00,0.00,-0.01,0.00,0.00,0.08,126,30
1990,-8.7,-36.7,41.4,0.116,-0.129,-0.841,8.6,-0.3,0.0,0.0180,0.0362,-0.0416,776,986,722,827,-0.01,0.00,-0.45,0.06,0.3546,2,1,0,0.01,0.00,0.00,-0.01,0.00,0.00,0.08,127,30
2000,-3.8,-38.3,-22.8,0.036,-0.082,-0.744,8.6,0.3,0.0,0.0126,0.0336,0.0228,858,819,886,749,-0.01,0.00,-0.45,0.06,0.3566,2,1,0,0.01,0.00,0.00,-0.01,0.00,0.00,0.08,125,30
2010,-14.4,-30.0,38.2,0.052,-0.104,-0.848,8.6,0.1,0.0,0.0237,0.0301,-0.0385,710,950,792,869,-0.01,0.00,-0.44,0.06,0.3558,2,1,0,0.01,0.00,0.00,0.00,0.00,0.00,0.08,126,30
2020,-10.4,-34.9,-7.6,0.204,-0.153,-0.903,8.4,0.4,0.0,0.0188,0.0322,0.0091,855,838,892,759,-0.01,0.00,-0.45,0.06,0.3589,2,1,0,0.01,0.00,0.00,0.00,0.00,0.00,0.08,124,30
2030,-3.6,-7.2,6.2,0.089,-0.070,-1.054,8.5,0.6,0.0,0.0127,0.0076,-0.0064,774,877,837,865,-0.01,0.00,-0.44,0.06,0.3600,2,1,0,0.01,0.00,0.00,0.00,0.00,0.00,0.07,125,30
2040,-6.5,2.9,22.1,0.060,0.028,-1.147,8.5,0.7,0.0,0.0157,-0.0024,-0.0223,783,876,831,826,-0.01,0.00,-0.44,0.06,0.3552,2,1,0,0.01,0.00,0.00,0.00,0.00,0.00,0.07,124,30
2050,-16.2,11.2,-20.9,0.010,-0.117,-1.363,8.4,0.4,0.0,0.0225,-0.0105,0.0159,790,818,901,781,-0.01,0.00,-0.44,0.06,0.3518,2,1,0,0.01,0.00,0.01,0.00,0.00,0.00,0.07,125,30
2061,-8.3,20.4,37.1,0.013,-0.127,-1.218,8.2,0.0,0.0,0.0174,-0.0207,-0.0374,737,896,779,906,-0.01,0.00,-0.44,0.06,0.3555,2,1,0,0.01,0.00,0.02,-0.01,0.00,0.00,0.08,124,30
2071,-3.6,25.4,-34.3,-0.010,-0.082,-1.107,8.3,-0.4,0.0,0.0045,-0.0120,0.0327,912,771,858,784,-0.01,0.00,-0.44,0.06,0.3563,2,1,0,0.01,0.00,0.02,0.00,0.00,0.00,0.08,126,30
2081,-7.9,15.1,41.4,-0.032,-0.078,-0.952,8.6,-0.8,0.0,0.0159,-0.0111,-0.0432,748,963,746,898,-0.02,0.00,-0.43,0.06,0.3604,2,1,0,0.01,0.00,0.01,0.00,0.00,0.00,0.08,125,30
2091,-15.0,-18.0,-12.2,0.065,-0.066,-0.890,8.7,-1.7,0.0,0.0246,0.0177,0.0134,868,869,881,735,-0.02,0.00,-0.44,0.07,0.3601,2,1,0,0.01,0.00,0.01,0.00,0.00,0.00,0.08,127,30
2101,0.3,-37.2,1.7,0.167,0.151,-1.110,8.6,-2.1,0.0,0.0072,0.0361,-0.0048,862,924,743,804,-0.02,0.00,-0.43,0.07,0.3574,2,1,0,0.01,0.00,0.01,0.00,0.00,0.00,0.08,126,30
2111,10.1,-19.0,42.4,0.117,0.333,-0.972,8.8,-2.4,0.0,-0.0006,0.0163,-0.0428,771,884,736,840,-0.02,0.00,-0.43,0.07,0.3441,2,1,0,0.01,0.00,0.00,-0.01,0.00,0.00,0.08,128,30
2121,3.0,-11.2,-45.8,0.148,0.077,-1.008,8.6,-2.5,0.0,0.0065,0.0051,0.0409,864,760,887,743,-0.01,0.00,-0.43,0.07,0.3470,2,1,0,0.01,0.00,0.00,-0.01,0.00,0.00,0.08,129,30
2131,-1.4,-1.9,64.5,0.081,0.187,-0.945,8.5,-2.5,0.0,0.0107,-0.0009,-0.0648,664,961,731,896,-0.01,0.00,-0.43,0.07,0.3468,2,1,0,0.01,0.00,0.00,-0.01,0.00,0.00,0.08,130,30
2141,-5.9,1.3,-52.0,0.056,0.068,-1.133,8.1,-2.4,0.0,0.0152,0.0014,0.0555,926,755,945,681,-0.01,0.00,-0.43,0.07,0.3540,2,1,0,0.01,0.00,0.00,0.00,0.00,0.00,0.08,128,30
2151,0.9,-13.9,51.5,-0.030,0.065,-1.218,7.9,-2.2,0.0,0.0076,0.0114,-0.0519,733,992,695,907,-0.01,0.00,-0.42,0.07,0.3566,2,1,0,0.01,0.00,0.00,-0.01,0.00,0.00,0.07,129,30
2162,-5.3,-75.2,-3.8,0.061,-0.055,-0.894,7.5,-2.1,0.0,0.0111,0.0665,0.0145,964,874,827,704,-0.01,0.00,-0.43,0.07,0.3623,2,1,0,0.01,0.00,-0.01,0.00,0.00,0.00,0.07,128,30
2172,-4.9,-89.4,-3.2,0.306,-0.084,-0.859,7.4,-2.3,0.0,0.0126,0.0797,-0.0004,809,902,803,851,-0.01,0.00,-0.42,0.07,0.3617,2,1,0,0.01,0.00,0.00,0.00,0.00,0.00,0.07,126,30
2182,-11.3,-53.4,62.4,0.133,-0.096,-0.659,7.1,-2.2,0.0,0.0193,0.0511,-0.0628,754,916,794,911,-0.01,0.00,-0.42,0.07,0.3631,2,1,0,0.01,0.00,-0.01,0.00,0.00,0.00,0.07,127,30
2192,-1.0,-39.9,-71.4,0.240,-0.090,-0.801,7.1,-2.2,0.0,0.0110,0.0139,0.0661,899,716,1008,754,-0.01,0.00,-0.42,0.07,0.3634,2,1,0,0.01,0.00,-0.01,0.00,0.00,0.00,0.07,129,30
2202,-12.7,-26.9,108.2,0.029,0.004,-0.753,7.0,-1.9,0.0,0.0206,0.0248,-0.1086,595,1030,716,1027,-0.01,0.00,-0.42,0.07,0.3622,2,1,0,0.01,0.00,-0.01,0.00,0.00,0.00,0.07,127,30
2212,-6.5,-39.2,-80.1,0.007,-0.059,-1.148,6.6,-1.4,0.0,0.0151,0.0354,0.0823,981,715,1021,597,-0.01,0.00,-0.42,0.07,0.3550,2,1,0,0.01,0.00,0.00,0.00,0.00,0.00,0.07,128,30
2222,2.7,-16.1,59.4,-0.002,-0.070,-1.167,6.2,-1.7,0.0,0.0050,0.0111,-0.0624,636,956,699,961,-0.01,0.00,-0.41,0.07,0.3467,2,1,0,0.01,0.00,0.00,-0.02,0.00,0.00,0.08,130,30
2232,14.8,-24.5,11.4,0.089,0.112,-1.206,5.7,-2.2,0.0,-0.0104,0.0152,0.0032,876,752,846,801,0.00,0.00,-0.42,0.07,0.3497,2,1,0,0.01,0.00,0.01,-0.01,0.00,0.00,0.07,130,30
2242,18.5,-20.5,-15.9,-0.032,0.194,-1.117,5.8,-2.5,0.0,-0.0109,0.0167,0.0110,789,845,809,854,0.00,0.00,-0.41,0.07,0.3527,2,1,0,0.01,0.00,0.00,-0.01,0.00,0.00,0.07,128,30
2252,-2.4,-7.8,88.9,0.160,0.088,-1.525,5.8,-2.8,0.0,0.0090,0.0046,-0.0893,696,1012,708,925,0.00,0.01,-0.41,0.07,0.3585,2,1,0,0.01,0.00,0.00,-0.01,0.00,0.00,0.08,129,30
2263,18.6,15.1,-82.6,0.152,0.029,-1.099,5.9,-3.5,0.0,-0.0084,-0.0160,0.0777,943,680,990,714,0.00,0.01,-0.41,0.07,0.3566,2,1,0,0.01,0.00,0.00,-0.01,0.00,0.00,0.10,130,30
2273,10.5,8.3,110.6,-0.202,0.306,-1.432,6.0,-3.4,0.0,-0.0007,-0.0070,-0.1113,634,1098,605,975,0.00,0.01,-0.40,0.07,0.3546,2,1,0,0.01,0.00,0.00,-0.01,0.00,0.00,0.09,128,30
2283,17.4,-5.4,-62.5,-0.054,-0.018,-0.901,5.8,-3.6,0.0,-0.0109,0.0015,0.0620,1011,715,920,654,0.00,0.01,-0.41,0.07,0.3531,2,1,0,0.01,0.00,0.00,-0.01,0.00,0.00,0.08,130,30
2293,5.3,-19.8,80.8,-0.017,0.192,-0.692,6.0,-3.5,0.0,0.0081,0.0196,-0.0917,634,1072,626,950,-0.01,0.01,-0.40,0.07,0.3507,2,1,0,0.01,0.00,0.00,-0.01,0.00,0.00,0.07,131,30
2303,5.8,-11.8,7.8,0.112,0.010,-0.821,5.7,-3.5,0.0,0.0007,0.0079,-0.0083,870,769,885,811,0.00,0.01,-0.41,0.07,0.3578,2,1,0,0.01,0.00,0.00,0.00,0.00,0.00,0.07,129,30
2313,7.0,10.3,-15.4,0.078,0.004,-0.985,6.0,-3.4,0.0,0.0033,-0.0227,0.0052,745,814,892,889,-0.01,0.01,-0.39,0.07,0.3584,2,1,0,0.01,0.00,0.00,0.00,0.00,0.00,0.07,127,30
2323,5.5,13.8,98.4,0.183,0.221,-1.335,6.0,-3.1,0.0,0.0012,-0.0173,-0.0989,622,932,772,1021,-0.01,0.01,-0.40,0.07,0.3591,2,1,0,0.01,0.00,-0.01,0.00,0.00,0.00,0.07,128,30
2333,7.3,42.8,-79.9,-0.107,-0.073,-1.025,5.9,-2.8,0.0,-0.0006,-0.0461,0.0793,901,650,1010,763,-0.01,0.01,-0.40,0.07,0.3563,2,1,0,0.01,0.00,0.00,-0.01,0.00,0.00,0.07,127,30
2343,1.6,21.8,124.6,-0.302,0.141,-1.498,5.6,-2.0,0.0,0.0042,-0.0190,-0.1264,592,1090,585,1058,0.00,0.00,-0.39,0.07,0.3562,2,1,0,0.01,0.00,-0.01,-0.01,0.00,0.00,0.07,125,30
2353,1.4,-4.4,-81.5,-0.009,-0.184,-0.986,5.4,-1.6,0.0,0.0048,0.0023,0.0809,1075,737,926,608,0.00,0.00,-0.40,0.07,0.3591,2,1,0,0.01,0.00,-0.01,0.00,0.00,0.00,0.08,127,30
2363,-6.7,-16.7,82.4,0.005,-0.195,-0.912,5.1,-1.6,0.0,0.0085,0.0238,-0.0936,666,1068,571,954,0.00,0.00,-0.38,0.07,0.3476,2,1,0,0.01,0.00,0.00,-0.01,0.00,0.00,0.08,126,30
2374,19.7,-19.0,-3.4,-0.048,-0.032,-0.510,4.8,-1.8,0.0,-0.0140,0.0170,0.0028,932,743,818,758,0.00,0.00,-0.39,0.07,0.3466,2,1,0,0.01,0.00,0.00,-0.01,0.00,0.00,0.08,128,30
2384,8.9,-12.1,-13.8,-0.042,0.097,-0.874,5.1,-1.9,0.0,-0.0029,0.0100,0.0132,783,835,778,857,0.00,0.00,-0.38,0.07,0.3467,2,1,0,0.01,0.00,0.00,-0.01,0.00,0.00,0.08,129,30
2394,2.3,-10.4,82.6,0.071,0.011,-0.709,5.0,-2.1,0.0,0.0032,0.0048,-0.0789,692,894,762,940,0.00,0.00,-0.39,0.07,0.3515,2,1,0,0.01,0.00,0.00,0.00,0.00,0.00,0.08,130,30
2404,9.3,1.0,-92.0,0.073,-0.150,-0.898,5.0,-2.4,0.0,-0.0034,-0.0037,0.0913,929,618,1011,735,0.00,0.00,-0.38,0.07,0.3521,2,1,0,0.01,0.00,0.00,-0.01,0.00,0.00,0.08,128,30
2414,9.1,30.4,119.5,-0.115,0.098,-0.894,5.0,-2.5,0.0,-0.0056,-0.0382,-0.1180,559,952,664,1134,0.00,0.00,-0.38,0.07,0.3544,2,1,0,0.01,0.00,0.00,-0.01,0.00,0.00,0.08,129,30
2424,20.1,9.7,-94.9,-0.037,0.139,-1.084,5.1,-2.4,0.0,-0.0142,-0.0125,0.0942,1048,623,996,678,0.00,0.00,-0.39,0.07,0.3591,2,1,0,0.01,0.00,0.00,-0.01,0.00,0.00,0.07,127,30
2434,9.8,8.7,70.4,-0.235,0.200,-1.038,5.1,-2.2,0.0,-0.0039,-0.0088,-0.0750,673,1023,617,1000,0.00,0.00,-0.37,0.07,0.3547,2,1,0,0.01,0.00,0.00,-0.02,0.00,0.00,0.07,128,30
2444,6.3,-18.1,-9.8,-0.087,0.079,-1.015,5.0,-1.6,0.0,-0.0036,0.0300,0.0212,957,823,798,713,0.00,0.00,-0.38,0.07,0.3519,2,1,0,0.01,0.00,0.00,-0.02,0.00,0.00,0.06,126,30
2454,29.8,-42.9,-29.3,-0.067,-0.203,-1.357,4.3,-1.0,0.0,-0.0246,0.0416,0.0286,960,825,678,803,0.00,0.00,-0.37,0.07,0.3484,2,1,0,0.01,0.00,0.00,-0.03,0.00,0.00,0.06,127,30
2464,43.1,-56.6,73.5,-0.105,0.331,-0.906,3.8,-0.7,0.0,-0.0412,0.0497,-0.0666,844,890,588,959,0.00,0.00,-0.37,0.07,0.3505,2,1,0,0.01,0.00,0.00,-0.03,0.00,0.00,0.06,125,30
2475,43.3,-51.3,-86.4,0.118,0.370,-1.013,3.5,-0.5,0.0,-0.0390,0.0507,0.0857,1020,639,913,734,0.00,0.00,-0.37,0.07,0.3539,2,1,0,0.01,0.00,0.00,-0.02,0.00,0.00,0.07,126,30
2485,-0.7,-21.0,102.4,0.115,-0.040,-0.998,3.1,-0.1,0.0,0.0032,0.0162,-0.1037,620,1003,654,1067,0.00,0.00,-0.37,0.07,0.3589,2,1,0,0.01,0.00,0.00,-0.02,0.00,0.00,0.07,124,30
2495,8.6,26.9,-82.1,0.057,-0.324,-1.089,2.8,-0.2,0.0,-0.0080,-0.0332,0.0836,955,550,1081,795,0.00,0.00,-0.38,0.07,0.3637,2,1,0,0.01,0.00,0.00,-0.02,0.00,0.00,0.07,125,30
2505,4.8,46.8,53.6,-0.137,-0.151,-1.145,2.8,0.0,0.0,-0.0011,-0.0472,-0.0543,628,868,767,1082,0.00,0.00,-0.36,0.07,0.3591,2,1,0,0.01,0.00,0.00,-0.02,0.00,0.00,0.07,123,30
2515,13.9,44.2,-2.3,-0.041,0.268,-0.973,2.9,-0.4,0.0,-0.0118,-0.0474,0.0042,776,662,904,911,0.00,0.00,-0.37,0.07,0.3468,2,1,0,0.01,0.00,0.01,-0.02,0.00,0.00,0.07,125,30
2525,0.3,82.2,-24.3,-0.215,0.045,-1.012,3.3,-0.8,0.0,0.0039,-0.0837,0.0235,712,724,921,902,0.00,0.00,-0.36,0.07,0.3476,2,1,0,0.01,0.00,0.01,-0.03,0.00,0.00,0.06,123,30
2535,12.4,45.3,72.5,-0.097,0.228,-0.628,3.3,-1.7,0.0,-0.0099,-0.0364,-0.0671,696,893,733,962,0.00,0.00,-0.37,0.07,0.3508,2,1,0,0.01,0.00,0.00,-0.03,0.00,0.00,0.07,124,30
2545,-6.5,58.9,-87.1,0.309,-0.106,-0.888,3.6,-3.0,0.0,0.0110,-0.0625,0.0864,851,618,1097,749,0.00,0.01,-0.37,0.07,0.3551,2,1,0,0.01,0.00,0.01,-0.03,0.00,0.00,0.07,123,30
2555,-4.2,59.4,103.8,-0.081,0.211,-0.884,3.9,-3.7,0.0,0.0089,-0.0638,-0.1045,509,962,769,1087,0.00,0.01,-0.36,0.07,0.3566,2,1,0,0.01,0.00,0.00,-0.03,0.00,0.00,0.07,124,30
2565,-7.8,52.3,-86.0,0.090,-0.017,-1.003,4.4,-4.2,0.0,0.0182,-0.0451,0.0929,921,631,1121,681,0.00,0.01,-0.37,0.07,0.3603,2,1,0,0.01,0.00,0.00,-0.02,0.00,0.00,0.07,122,30
2576,-11.8,31.9,44.1,-0.142,-0.012,-1.209,4.7,-3.8,0.0,0.0175,-0.0364,-0.0449,673,996,713,920,0.00,0.01,-0.35,0.07,0.3532,2,1,0,0.01,0.00,0.00,-0.02,0.00,0.00,0.08,124,30
2586,-15.6,4.7,0.2,-0.036,-0.100,-0.964,5.0,-3.2,0.0,0.0167,0.0068,0.0108,943,872,864,734,0.00,0.01,-0.36,0.07,0.3679,2,1,0,0.01,0.00,0.00,-0.02,0.00,0.00,0.08,124,30
2596,-3.1,-14.9,-44.3,-0.031,-0.124,-0.896,5.2,-2.4,0.0,0.0093,0.0121,0.0435,924,895,822,750,0.00,0.00,-0.35,0.07,0.3651,2,1,0,0.01,0.00,-0.01,-0.03,0.00,0.00,0.08,125,30
2606,6.7,-51.0,92.3,0.040,0.104,-0.556,5.2,-1.8,0.0,-0.0038,0.0451,-0.0838,893,1136,754,1023,0.00,0.00,-0.35,0.07,0.4200,2,1,0,0.01,0.00,-0.01,-0.03,0.00,0.00,0.08,123,30
2616,-2.2,-4.2,-101.6,0.170,-0.165,-0.366,5.6,-1.3,0.0,0.0094,0.0000,0.0999,1110,786,1152,749,0.00,0.00,-0.36,0.07,0.4188,2,1,0,0.01,0.00,-0.01,-0.02,0.00,0.00,0.08,125,30
2626,-5.4,2.9,117.0,-0.211,0.104,-0.895,5.8,-0.5,0.0,0.0121,-0.0038,-0.1178,739,1232,773,1191,-0.01,0.00,-0.35,0.07,0.4371,2,1,0,0.01,0.00,-0.01,-0.02,0.00,0.00,0.08,126,30
2636,-5.9,-6.3,-96.0,0.061,-0.107,-0.765,6.0,0.0,0.0,0.0092,0.0086,0.1015,1190,826,1174,746,-0.01,0.00,-0.36,0.07,0.4373,2,1,0,0.01,0.00,-0.01,-0.01,0.00,0.00,0.08,127,30
2646,3.3,-1.9,54.5,-0.039,0.178,-0.939,6.7,0.3,0.0,0.0042,0.0019,-0.0553,799,1150,841,1074,-0.01,0.00,-0.34,0.07,0.4278,2,1,0,0.01,0.00,-0.01,-0.02,0.00,0.00,0.08,126,30
2656,-0.6,4.0,10.4,-0.172,-0.110,-1.223,6.8,0.6,0.0,0.0004,-0.0019,0.0047,1024,896,990,925,-0.01,0.00,-0.35,0.07,0.4238,2,1,0,0.01,0.00,-0.01,-0.01,0.00,0.00,0.08,127,30
2666,5.1,31.4,-36.0,0.099,-0.057,-1.159,7.1,0.6,0.0,0.0019,-0.0302,0.0303,925,887,998,962,-0.01,0.00,-0.34,0.07,0.4156,2,1,0,0.01,0.00,-0.01,-0.01,0.00,0.00,0.08,125,30
2677,-2.9,41.1,90.9,-0.110,0.100,-1.097,7.3,0.4,0.0,0.0112,-0.0411,-0.0917,725,1048,873,1080,-0.01,0.00,-0.34,0.07,0.4094,2,1,0,0.01,0.00,-0.01,-0.01,0.00,0.00,0.09,124,30
2687,2.9,38.5,-85.7,0.011,0.012,-1.323,7.4,0.0,0.0,0.0058,-0.0386,0.0843,1001,718,1153,819,-0.01,0.00,-0.34,0.07,0.4048,2,1,0,0.01,0.00,-0.01,-0.01,0.00,0.00,0.10,125,30
2697,-0.7,16.1,109.5,0.055,0.254,-1.173,7.4,-0.4,0.0,0.0092,-0.0170,-0.1104,634,1092,762,1142,-0.01,0.00,-0.34,0.07,0.3967,2,1,0,0.01,0.00,-0.01,-0.01,0.00,0.00,0.09,126,30
2707,12.3,-8.4,-79.2,0.182,0.235,-1.392,7.3,-1.2,0.0,0.0001,-0.0033,0.0848,1097,784,1199,829,-0.01,0.00,-0.34,0.08,0.4335,2,1,0,0.01,0.00,-0.01,-0.01,0.00,0.00,0.09,125,30
2717,2.6,5.4,69.2,-0.027,0.147,-1.071,7.2,-1.7,0.0,0.0056,-0.0074,-0.0702,764,1123,844,1127,-0.01,0.00,-0.33,0.08,0.4270,2,1,0,0.01,0.00,-0.01,-0.01,0.00,0.00,0.08,126,30
2727,2.5,18.5,11.5,0.121,0.124,-1.104,6.8,-2.3,0.0,0.0053,-0.0213,-0.0123,1039,971,1092,985,-0.01,0.00,-0.34,0.08,0.4571,2,1,0,0.01,0.00,-0.02,-0.01,0.00,0.00,0.07,127,30
2737,-6.4,19.3,-9.4,0.186,-0.045,-1.330,6.7,-3.0,0.0,0.0116,-0.0245,-0.0065,916,1012,1039,1068,-0.01,0.01,-0.33,0.08,0.4504,2,1,0,0.01,0.00,-0.02,-0.01,0.00,0.00,0.08,126,30
2747,0.5,-2.0,95.9,-0.091,-0.024,-1.347,6.7,-3.4,0.0,0.0072,-0.0017,-0.0968,799,1128,907,1153,-0.01,0.01,-0.33,0.08,0.4439,2,1,0,0.01,0.00,-0.02,0.00,0.00,0.00,0.08,125,30
2757,8.8,-5.8,-97.0,-0.197,-0.018,-1.035,7.0,-3.7,0.0,-0.0006,-0.0026,0.0847,1108,830,1146,846,-0.01,0.01,-0.33,0.08,0.4364,2,1,0,0.01,0.00,-0.02,0.00,0.00,0.00,0.08,126,30
2767,-6.9,15.0,104.6,-0.074,-0.065,-1.039,7.8,-3.5,0.0,0.0158,-0.0190,-0.1056,717,1187,816,1139,-0.01,0.01,-0.32,0.09,0.4269,2,1,0,0.01,0.00,-0.03,0.01,0.00,0.00,0.08,127,30
2778,-24.4,15.8,-98.8,0.210,-0.193,-1.415,8.8,-3.4,0.0,0.0349,-0.0204,0.1003,1082,797,1252,714,-0.02,0.01,-0.33,0.09,0.4252,2,1,0,0.01,0.00,-0.03,0.02,0.00,0.00,0.09,125,30
2788,-27.8,-8.1,77.7,-0.016,0.004,-1.210,9.8,-3.2,0.0,0.0390,0.0015,-0.0807,686,1165,867,1062,-0.02,0.01,-0.32,0.09,0.4165,2,1,0,0.01,0.00,-0.03,0.02,0.00,0.00,0.09,126,30
2798,-18.9,-4.0,-2.4,0.089,0.072,-1.061,10.4,-2.4,0.0,0.0306,0.0011,0.0014,1009,948,997,777,-0.02,0.00,-0.33,0.09,0.4101,2,1,0,0.01,0.00,-0.04,0.02,0.00,0.00,0.10,127,30
2808,-7.7,8.8,1.1,0.269,0.014,-1.303,11.1,-2.3,0.0,0.0181,-0.0078,-0.0180,840,1009,916,960,-0.02,0.00,-0.31,0.10,0.4093,2,1,0,0.01,0.00,-0.04,0.02,0.00,0.00,0.11,126,30
2818,-5.4,-5.5,72.8,0.138,0.057,-1.468,11.4,-2.1,0.0,0.0164,-0.0014,-0.0718,754,1028,849,1049,-0.03,0.00,-0.32,0.10,0.4034,2,1,0,0.01,0.00,-0.04,0.03,0.00,0.00,0.11,125,30
2828,-3.9,-20.6,-99.3,0.053,0.018,-1.203,11.9,-1.9,0.0,0.0122,0.0053,0.0897,1061,825,1155,826,-0.03,0.00,-0.32,0.11,0.4281,2,1,0,0.01,0.00,-0.04,0.03,0.00,0.00,0.11,126,30
2838,-16.6,-9.9,119.7,0.028,-0.028,-0.939,11.9,-1.4,0.0,0.0286,0.0080,-0.1194,722,1231,777,1113,-0.03,0.00,-0.31,0.11,0.4250,2,1,0,0.01,0.00,-0.04,0.03,0.00,0.00,0.12,125,30
2848,-1.0,-8.3,-93.7,-0.047,-0.278,-0.765,11.9,-1.2,0.0,0.0142,0.0067,0.0927,1158,825,1154,705,-0.03,0.00,-0.32,0.11,0.4248,2,1,0,0.01,0.00,-0.04,0.04,0.00,0.00,0.13,126,30
2858,13.3,13.5,104.4,-0.175,0.150,-1.692,11.8,-1.2,0.0,0.0083,-0.0117,-0.1145,682,1192,775,1166,-0.03,0.00,-0.30,0.12,0.4214,2,1,0,0.01,0.00,-0.04,0.04,0.00,0.00,0.13,127,30
2868,4.6,2.8,-22.9,0.125,0.114,-1.404,11.3,-1.3,0.0,0.0080,-0.0046,0.0219,1016,842,1070,869,-0.02,0.00,-0.31,0.12,0.4188,2,1,0,0.01,0.00,-0.05,0.05,0.00,0.00,0.13,128,30
2879,5.4,5.1,-5.5,0.101,0.014,-0.994,11.1,-1.5,0.0,0.0050,-0.0087,-0.0020,829,966,875,1053,-0.02,0.00,-0.30,0.13,0.4091,2,1,0,0.01,0.00,-0.04,0.05,0.00,0.00,0.14,126,30
2889,10.9,-20.3,79.1,-0.004,0.129,-1.217,10.8,-1.3,0.0,0.0012,0.0186,-0.0802,851,1054,849,967,-0.02,0.00,-0.30,0.13,0.4087,2,1,0,0.01,0.00,-0.05,0.05,0.00,0.00,0.14,128,30
2899,7.9,-6.9,-82.8,0.125,0.131,-1.009,10.7,-1.7,0.0,0.0040,0.0048,0.0817,1036,831,1082,737,-0.02,0.00,-0.30,0.14,0.4042,2,1,0,0.01,0.00,-0.05,0.06,0.00,0.00,0.15,128,30
2909,-9.1,-1.8,131.2,-0.005,0.019,-1.349,10.2,-2.2,0.0,0.0176,-0.0061,-0.1303,641,1171,726,1162,-0.02,0.00,-0.29,0.14,0.4059,2,1,0,0.01,0.00,-0.05,0.06,0.00,0.00,0.16,127,30
2919,14.3,3.2,-90.7,0.121,-0.142,-1.189,9.9,-2.6,0.0,-0.0031,-0.0063,0.0896,1068,703,1124,803,-0.02,0.00,-0.30,0.15,0.4056,2,1,0,0.01,0.00,-0.06,0.07,0.00,0.00,0.16,125,30
2929,-1.8,24.5,112.2,-0.085,0.083,-1.270,10.0,-2.6,0.0,0.0122,-0.0213,-0.1246,736,1292,824,1288,-0.02,0.01,-0.28,0.15,0.4642,2,1,0,0.01,0.00,-0.05,0.07,0.00,0.00,0.16,126,30
2939,6.2,11.1,-36.1,-0.087,-0.030,-1.345,9.8,-2.8,0.0,0.0048,-0.0144,0.0349,1136,923,1157,913,-0.02,0.01,-0.30,0.16,0.4627,2,1,0,0.01,0.00,-0.06,0.08,0.00,0.00,0.16,125,30
2949,4.3,12.4,1.3,0.089,-0.100,-1.200,9.9,-2.8,0.0,0.0069,-0.0158,-0.0025,948,1138,1033,1145,-0.02,0.01,-0.28,0.17,0.4806,2,1,0,0.01,0.00,-0.06,0.07,0.00,0.00,0.17,126,30
2959,-4.5,-2.0,69.9,-0.031,0.078,-1.113,9.7,-2.5,0.0,0.0203,0.0000,-0.0543,937,1180,1012,1092,-0.02,0.00,-0.29,0.17,0.4749,2,1,0,0.01,0.00,-0.07,0.08,0.00,0.00,0.18,125,30
2969,7.4,-5.4,-89.0,-0.013,-0.206,-1.190,9.2,-2.3,0.0,0.0014,0.0031,0.0852,1184,908,1145,912,-0.02,0.00,-0.28,0.18,0.4654,2,1,0,0.01,0.00,-0.07,0.08,0.00,0.00,0.19,126,30
2980,7.7,-10.2,147.1,-0.050,0.009,-1.306,8.7,-2.1,0.0,-0.0054,0.0063,-0.1473,779,1288,723,1312,-0.02,0.00,-0.27,0.18,0.4592,2,1,0,0.01,0.00,-0.07,0.08,0.00,0.00,0.19,126,30
2990,21.1,7.2,-98.1,0.224,0.116,-1.173,8.3,-2.1,0.0,-0.0115,-0.0098,0.0969,1189,766,1205,877,-0.01,0.00,-0.28,0.19,0.4506,2,1,0,0.01,0.00,-0.07,0.08,0.00,0.00,0.20,128,30
3000,12.2,-5.3,103.2,-0.080,0.295,-1.333,7.9,-1.7,0.0,-0.0029,0.0031,-0.1045,792,1213,749,1216,-0.01,0.00,-0.27,0.20,0.4417,2,1,0,0.01,0.00,0.42,-0.18,0.00,0.00,0.21,128,31
3010,5.5,-37.2,-36.2,0.143,-0.061,-1.282,7.8,-1.5,0.0,0.0075,0.0351,0.0535,1209,1003,1125,839,-0.01,0.00,-0.28,0.20,0.4689,2,1,0,0.01,0.00,0.30,-0.21,0.00,0.00,0.21,129,31
3020,1.1,-0.5,4.6,-0.033,-0.162,-1.464,7.6,-1.7,0.0,0.0078,-0.0015,-0.0059,932,1113,1022,1052,-0.01,0.00,-0.26,0.21,0.4613,2,1,0,0.01,0.00,0.21,-0.14,0.00,0.00,0.22,129,31
3030,16.3,28.5,92.1,-0.193,-0.102,-1.335,6.9,-1.8,0.0,-0.0040,-0.0324,-0.0771,915,1156,1027,1284,-0.01,0.00,-0.27,0.22,0.4963,2,1,0,0.01,0.00,0.21,-0.04,0.00,0.00,0.22,130,31
3040,13.4,15.0,-74.0,-0.087,-0.084,-1.129,6.4,-1.8,0.0,-0.0077,-0.0167,0.0695,1194,927,1184,1031,-0.01,0.00,-0.26,0.23,0.4902,2,1,0,0.01,0.00,0.20,-0.03,0.00,0.00,0.23,131,31
3050,11.8,-26.9,133.0,0.088,0.391,-1.266,6.0,-1.7,0.0,-0.0044,0.0249,-0.1343,942,1425,836,1345,-0.01,0.00,-0.25,0.23,0.5181,2,1,0,0.01,0.00,0.22,-0.06,0.00,0.00,0.24,130,31
3060,3.5,-16.1,-96.9,-0.056,-0.165,-1.556,5.9,-1.8,0.0,0.0000,0.0202,0.0967,1353,986,1265,903,-0.01,0.00,-0.26,0.24,0.5127,2,1,0,0.01,0.00,0.20,-0.07,0.00,0.00,0.25,131,31
3070,-1.7,28.9,103.5,-0.305,-0.306,-1.440,5.8,-2.1,0.0,0.0089,-0.0315,-0.1049,827,1294,956,1344,0.00,0.00,-0.24,0.25,0.5014,2,1,0,0.01,0.00,0.17,-0.08,0.00,0.00,0.25,131,31
3080,9.8,10.4,-19.3,0.214,0.091,-1.410,5.6,-2.9,0.0,-0.0071,-0.0210,0.0333,1133,942,1203,1066,0.00,0.00,-0.25,0.26,0.4912,2,1,0,0.01,0.00,0.18,-0.08,0.00,0.00,0.26,132,31
3091,0.0,-17.8,9.4,0.456,0.398,-1.473,5.9,-3.2,0.0,0.0092,0.0112,-0.0157,959,1153,1030,1111,0.00,0.01,-0.24,0.27,0.4792,2,1,0,0.01,0.00,0.20,-0.08,0.00,0.00,0.27,132,31
3101,15.6,-10.9,94.4,-0.016,0.213,-1.542,5.6,-3.0,0.0,-0.0087,0.0074,-0.0958,955,1213,867,1177,0.00,0.01,-0.24,0.28,0.4738,2,1,0,0.01,0.00,0.21,-0.08,0.00,0.00,0.28,131,31
3111,-5.5,15.1,-87.5,-0.196,-0.377,-1.453,5.7,-3.5,0.0,0.0134,-0.0118,0.0733,1125,931,1197,913,0.00,0.01,-0.24,0.29,0.4677,2,1,0,0.01,0.00,0.21,-0.08,0.00,0.00,0.30,130,31
3121,-4.6,20.7,131.2,-0.196,-0.166,-1.162,5.9,-3.9,0.0,0.0124,-0.0251,-0.1331,783,1341,930,1382,0.00,0.01,-0.23,0.30,0.5036,2,1,0,0.01,0.00,0.20,-0.07,0.00,0.00,0.31,130,31
3131,-34.8,-14.9,-99.2,0.300,-0.224,-1.174,6.2,-4.1,0.0,0.0426,0.0104,0.0977,1220,959,1375,857,-0.01,0.01,-0.23,0.31,0.5001,2,1,0,0.01,0.00,0.20,-0.08,0.00,0.00,0.32,129,31
3141,-7.2,-12.1,112.4,0.065,0.395,-1.143,6.8,-3.6,0.0,0.0168,0.0086,-0.1159,885,1437,953,1307,-0.01,0.01,-0.22,0.32,0.5227,2,1,0,0.01,0.00,0.20,-0.11,0.00,0.00,0.33,128,31
3151,11.9,-15.2,1.7,0.257,0.252,-1.423,6.8,-3.4,0.0,-0.0037,0.0113,-0.0032,1173,1106,1156,1092,-0.01,0.01,-0.23,0.33,0.5153,2,1,0,0.01,0.00,0.19,-0.10,0.00,0.00,0.34,128,31
3161,11.4,-13.2,9.6,0.028,0.072,-1.282,7.0,-3.0,0.0,-0.0027,0.0098,-0.0176,1048,1211,1021,1167,-0.01,0.01,-0.21,0.34,0.5048,2,1,0,0.01,0.00,0.18,-0.11,0.00,0.00,0.35,128,31
3171,0.9,4.0,72.9,-0.127,-0.303,-1.339,6.8,-2.6,0.0,0.0073,-0.0072,-0.0745,973,1203,1011,1217,-0.01,0.00,-0.21,0.35,0.4992,2,1,0,0.01,0.00,0.17,-0.10,0.00,0.00,0.36,128,31
3181,-1.0,29.5,-69.4,-0.062,-0.261,-1.763,6.9,-2.3,0.0,0.0088,-0.0314,0.0659,1144,966,1262,1017,-0.01,0.00,-0.21,0.36,0.4972,2,1,0,0.01,0.00,0.17,-0.09,0.00,0.00,0.37,129,31
3192,-8.0,-6.7,144.5,0.117,0.320,-1.310,7.2,-1.8,0.0,0.0167,0.0043,-0.1462,775,1357,856,1295,-0.01,0.00,-0.20,0.38,0.4831,2,1,0,0.01,0.00,0.17,-0.09,0.00,0.00,0.38,129,31
3202,-8.1,-49.7,-72.1,0.415,0.299,-1.062,7.3,-1.1,0.0,0.0142,0.0485,0.0695,1250,1038,1120,816,-0.01,0.00,-0.20,0.39,0.4754,2,1,0,0.01,0.00,0.19,-0.07,0.00,0.00,0.39,129,31
3212,16.2,-11.6,87.2,-0.327,-0.087,-0.903,7.5,-0.5,0.0,-0.0073,0.0106,-0.0890,894,1306,771,1180,-0.01,0.00,-0.19,0.40,0.4658,2,1,0,0.01,0.00,0.20,-0.08,0.00,0.00,0.40,129,31
3222,2.3,14.3,3.1,-0.130,-0.447,-1.243,7.4,-0.6,0.0,0.0011,-0.0237,0.0132,1037,935,1129,1045,-0.01,0.00,-0.20,0.41,0.4651,2,1,0,0.01,0.00,0.17,-0.04,0.00,0.00,0.41,129,31
3232,3.5,-8.6,15.2,0.262,0.071,-1.444,7.6,-0.4,0.0,0.0055,0.0077,-0.0170,909,1106,980,1122,-0.01,0.00,-0.18,0.43,0.4614,2,1,0,0.01,0.00,0.16,-0.05,0.00,0.00,0.42,129,31
3242,-2.1,-17.5,89.2,0.208,0.545,-1.304,7.7,0.1,0.0,0.0115,0.0173,-0.0909,921,1287,934,1157,-0.01,0.00,-0.18,0.44,0.4852,2,1,0,0.01,0.00,0.16,-0.03,0.00,0.00,0.43,129,31
3252,7.6,20.9,-67.4,-0.099,-0.264,-1.255,7.8,0.5,0.0,0.0016,-0.0158,0.0631,1173,997,1158,945,-0.01,0.00,-0.18,0.45,0.4820,2,1,0,0.01,0.00,0.19,-0.03,0.00,0.00,0.45,129,31
3262,-12.6,29.8,130.0,-0.437,-0.339,-1.236,8.0,0.3,0.0,0.0223,-0.0300,-0.1319,756,1308,864,1294,-0.01,0.00,-0.17,0.46,0.4751,2,1,0,0.01,0.00,0.18,0.00,0.00,0.00,0.46,129,31
3272,-21.2,-13.4,-84.0,0.272,-0.171,-1.201,8.3,0.3,0.0,0.0306,0.0132,0.0842,1191,944,1246,822,-0.01,0.00,-0.17,0.48,0.4725,2,1,0,0.01,0.00,0.15,-0.01,0.00,0.00,0.47,128,31
3283,-1.3,-19.1,101.4,0.109,0.364,-1.301,8.6,0.2,0.0,0.0114,0.0190,-0.1033,795,1301,848,1212,-0.01,0.00,-0.15,0.49,0.4663,2,1,0,0.01,0.00,0.12,-0.08,0.00,0.00,0.48,128,31
3293,-4.5,4.1,12.3,0.157,0.030,-1.318,8.3,0.2,0.0,0.0071,-0.0084,0.0014,1032,997,1075,1024,-0.01,0.00,-0.16,0.51,0.4628,2,1,0,0.01,0.00,0.12,-0.10,0.00,0.00,0.50,129,31
3303,1.3,-3.2,21.5,-0.023,0.120,-1.334,8.7,0.2,0.0,0.0090,0.0030,-0.0235,885,1164,951,1086,-0.01,0.00,-0.14,0.52,0.4570,2,1,0,0.01,0.00,0.11,-0.10,0.00,0.00,0.51,128,31
3313,0.1,-3.4,88.0,0.021,0.101,-1.061,8.7,0.3,0.0,0.0105,0.0045,-0.0880,869,1202,879,1101,-0.01,0.00,-0.15,0.53,0.4524,2,1,0,0.01,0.00,0.11,-0.10,0.00,0.00,0.52,128,31
3323,1.6,-0.1,-78.1,-0.170,-0.401,-1.279,8.8,0.3,0.0,0.0100,0.0021,0.0740,1128,944,1143,857,-0.02,0.00,-0.14,0.55,0.4551,2,1,0,0.01,0.00,0.11,-0.09,0.00,0.00,0.54,128,31
3333,-6.0,30.2,132.2,-0.254,-0.335,-0.944,8.8,0.2,0.0,0.0166,-0.0305,-0.1343,723,1208,832,1252,-0.02,0.00,-0.13,0.56,0.4477,2,1,0,0.01,0.00,0.14,-0.04,0.00,0.00,0.55,128,31
3343,3.7,6.8,-49.8,0.172,0.008,-1.248,8.9,0.0,0.0,0.0048,-0.0114,0.0557,1079,870,1151,900,-0.02,0.00,-0.13,0.58,0.4456,2,1,0,0.01,0.00,0.13,-0.01,0.00,0.00,0.57,128,31
3353,-13.1,-24.3,100.9,0.378,0.293,-1.398,9.2,0.1,0.0,0.0226,0.0202,-0.1122,737,1294,774,1188,-0.02,0.00,-0.12,0.59,0.4449,2,1,0,0.01,0.00,0.11,-0.02,0.00,0.00,0.58,128,31
3363,-8.4,-36.9,-5.2,-0.061,0.148,-1.025,9.0,0.4,0.0,0.0192,0.0371,0.0030,1070,1025,1018,869,-0.02,0.00,-0.12,0.61,0.4433,2,1,0,0.01,0.00,0.11,-0.01,0.00,0.00,0.59,128,31
3373,-0.7,4.9,14.1,0.026,-0.379,-1.118,9.2,0.4,0.0,0.0100,-0.0037,-0.0210,902,1076,929,1043,-0.02,0.00,-0.11,0.62,0.4390,2,1,0,0.01,0.00,0.12,-0.01,0.00,0.00,0.60,128,31
3383,1.6,22.4,98.1,0.015,0.177,-1.342,9.1,0.2,0.0,0.0091,-0.0226,-0.1003,755,1128,941,1156,-0.02,0.00,-0.11,0.64,0.4430,2,1,0,0.01,0.00,0.15,-0.03,0.00,0.00,0.62,127,31
3394,-2.2,3.9,-67.1,0.248,0.150,-1.139,9.1,0.4,0.0,0.0129,-0.0037,0.0561,1057,915,1111,880,-0.02,0.00,-0.10,0.65,0.4407,2,1,0,0.01,0.00,0.16,-0.05,0.00,0.00,0.65,127,31
3404,-1.9,-21.9,132.0,0.027,0.302,-0.966,9.2,0.8,0.0,0.0129,0.0225,-0.1343,817,1354,789,1231,-0.02,0.00,-0.09,0.67,0.4711,2,1,0,0.01,0.00,0.17,-0.07,0.00,0.00,0.66,127,31
3414,4.8,1.4,-60.9,0.031,-0.263,-1.264,9.3,0.9,0.0,0.0037,0.0007,0.0615,1206,925,1161,901,-0.02,0.00,-0.10,0.68,0.4713,2,1,0,0.01,0.00,0.20,-0.08,0.00,0.00,0.67,127,31
3424,-11.8,13.7,119.9,-0.132,-0.123,-1.222,9.4,0.9,0.0,0.0215,-0.0131,-0.1258,784,1353,879,1346,-0.02,0.00,-0.08,0.70,0.4937,2,1,0,0.01,0.00,0.21,-0.08,0.00,0.00,0.68,127,31
3434,7.1,-17.5,7.9,0.024,0.011,-0.950,9.2,1.1,0.0,0.0038,0.0183,-0.0102,1138,1093,1073,1015,-0.02,0.00,-0.08,0.72,0.4880,2,1,0,0.01,0.00,0.19,-0.06,0.00,0.00,0.70,127,31
3444,-3.2,-25.1,-4.8,0.146,-0.106,-1.045,9.4,1.1,0.0,0.0145,0.0254,-0.0155,1038,1198,1006,1056,-0.02,0.00,-0.07,0.73,0.4852,2,1,0,0.01,0.00,0.18,-0.07,0.00,0.00,0.71,127,31
3454,-1.7,5.6,104.8,-0.094,-0.163,-1.284,9.3,1.4,0.0,0.0129,-0.0046,-0.1072,915,1252,949,1158,-0.02,0.00,-0.07,0.75,0.4819,2,1,0,0.01,0.00,0.19,-0.06,0.00,0.00,0.73,127,31
3464,-1.1,13.6,-64.7,0.083,-0.016,-1.311,9.4,1.1,0.0,0.0176,-0.0160,0.0574,1068,967,1215,959,-0.02,0.00,-0.06,0.76,0.4735,2,1,0,0.01,0.00,0.19,-0.06,0.00,0.00,0.74,128,31
3474,-6.6,-28.8,149.5,0.231,0.355,-1.409,9.5,1.2,0.0,0.0175,0.0258,-0.1547,744,1396,750,1284,-0.02,0.00,-0.05,0.78,0.4687,2,1,0,0.01,0.00,0.21,-0.01,0.00,0.00,0.76,128,31
3485,-0.2,-34.9,-78.9,-0.043,0.169,-1.071,9.6,1.5,0.0,0.0112,0.0346,0.0780,1204,945,1173,817,-0.02,0.00,-0.06,0.80,0.4642,2,1,0,0.01,0.00,0.19,0.00,0.00,0.00,0.77,128,31
3495,5.2,16.2,100.3,-0.195,-0.279,-1.146,9.7,1.6,0.0,0.0062,-0.0088,-0.1118,780,1251,827,1234,-0.02,0.00,-0.04,0.81,0.4577,2,1,0,0.01,0.00,0.21,-0.01,0.00,0.00,0.79,128,31
3505,7.7,29.1,7.8,0.020,-0.072,-1.391,9.5,1.4,0.0,0.0036,-0.0281,-0.0103,973,943,1155,1012,-0.02,0.00,-0.05,0.83,0.4567,2,1,0,0.01,0.00,0.22,0.00,0.00,0.00,0.82,128,31
3515,-6.7,5.3,-2.0,0.285,0.202,-1.263,9.5,1.4,0.0,0.0198,-0.0092,-0.0148,907,1076,1023,1045,-0.02,0.00,-0.03,0.85,0.4523,2,1,0,0.01,0.00,0.20,-0.01,0.00,0.00,0.83,129,31
3525,0.6,-16.1,118.0,-0.054,0.188,-1.115,9.3,1.8,0.0,0.0105,0.0177,-0.1206,883,1249,799,1108,-0.02,0.00,-0.03,0.86,0.4508,2,1,0,0.01,0.00,0.19,-0.04,0.00,0.00,0.84,129,31
3535,-8.1,-11.1,-55.0,0.195,-0.240,-0.985,9.4,1.6,0.0,0.0195,0.0125,0.0523,1074,963,1062,892,-0.02,0.00,-0.02,0.88,0.4445,2,1,0,0.01,0.00,0.19,-0.06,0.00,0.00,0.86,129,31
3545,-2.8,0.8,150.0,0.010,0.080,-1.494,9.4,1.4,0.0,0.0142,-0.0011,-0.1550,655,1316,729,1284,-0.02,0.00,-0.01,0.90,0.4436,2,1,0,0.01,0.00,0.19,-0.08,0.00,0.00,0.87,129,31
3555,-4.7,-2.6,-78.8,0.144,-0.192,-0.938,9.3,1.5,0.0,0.0160,0.0038,0.0761,1128,879,1153,826,-0.02,0.00,-0.02,0.92,0.4438,2,1,0,0.01,0.00,0.18,-0.08,0.00,0.00,0.89,130,31
3565,5.7,9.0,76.3,-0.251,-0.168,-0.866,9.3,1.6,0.0,0.0053,-0.0012,-0.0889,802,1187,812,1153,-0.02,0.00,0.00,0.93,0.4395,2,1,0,0.01,0.00,0.18,-0.10,0.00,0.00,0.91,129,31
3575,6.7,19.5,21.6,-0.097,-0.141,-1.221,9.0,1.6,0.0,0.0041,-0.0183,-0.0244,1002,953,1038,972,-0.02,0.00,-0.01,0.95,0.4411,2,1,0,0.01,0.00,0.19,-0.07,0.00,0.00,0.93,129,31
3585,-4.9,8.0,10.5,0.028,-0.078,-1.185,9.0,1.3,0.0,0.0159,-0.0069,-0.0134,887,1056,981,1025,-0.02,0.00,0.00,0.97,0.4390,2,1,0,0.01,0.00,0.20,-0.08,0.00,0.00,0.95,129,31
3596,-6.5,-20.7,109.4,0.170,0.100,-1.116,8.9,1.5,0.0,0.0173,0.0213,-0.1096,796,1230,798,1105,-0.02,0.00,0.00,0.99,0.4363,2,1,0,0.01,0.00,0.21,-0.08,0.00,0.00,0.95,129,31
3606,-4.9,-19.2,-76.7,-0.035,-0.048,-1.134,9.3,1.4,0.0,0.0172,0.0191,0.0730,1082,934,1130,799,-0.02,0.00,0.00,1.00,0.4384,2,1,0,0.01,0.00,0.20,-0.07,0.00,0.00,0.96,129,31
3616,-10.9,-2.8,134.3,-0.145,-0.134,-1.196,9.3,1.6,0.0,0.0240,0.0066,-0.1366,702,1312,763,1155,-0.02,0.00,0.02,1.02,0.4367,2,1,0,0.01,0.00,0.17,-0.06,0.00,0.00,0.98,129,31
3626,-3.8,-0.1,-57.9,0.124,-0.068,-1.191,9.2,1.2,0.0,0.0150,0.0011,0.0549,1049,871,1175,842,-0.02,0.00,0.01,1.04,0.4372,2,1,0,0.01,0.00,0.15,-0.06,0.00,0.00,1.00,128,31
3636,2.2,17.5,90.1,0.112,0.301,-1.063,9.1,1.2,0.0,0.0048,-0.0189,-0.1082,717,1174,803,1231,-0.02,0.00,0.03,1.06,0.4357,2,1,0,0.01,0.00,0.16,-0.08,0.00,0.00,1.03,128,31
3646,4.7,-11.6,10.3,0.242,0.363,-0.943,9.1,1.6,0.0,0.0077,0.0147,-0.0080,1023,1023,990,889,-0.02,0.00,0.02,1.07,0.4359,2,1,0,0.01,0.00,0.19,-0.05,0.00,0.00,1.05,128,31
3656,6.9,-7.7,-9.4,0.016,-0.014,-1.240,9.4,1.4,0.0,0.0043,0.0089,0.0063,970,1043,950,951,-0.02,0.00,0.04,1.09,0.4343,2,1,0,0.01,0.00,0.20,-0.06,0.00,0.00,1.06,128,31
3666,-0.6,11.0,123.6,-0.187,0.126,-1.249,9.2,1.5,0.0,0.0128,-0.0059,-0.1152,749,1203,808,1160,-0.02,0.00,0.04,1.11,0.4350,2,1,0,0.01,0.00,0.20,-0.08,0.00,0.00,1.06,129,31
3676,7.8,-3.3,-69.8,-0.007,0.038,-1.258,9.3,1.3,0.0,0.0058,0.0048,0.0651,1084,893,1106,830,-0.02,0.00,0.04,1.13,0.4342,2,1,0,0.01,0.00,0.19,-0.08,0.00,0.00,1.07,130,31
3686,-2.2,-20.9,135.9,-0.008,0.043,-0.951,9.2,1.5,0.0,0.0130,0.0224,-0.1400,653,1234,620,1110,-0.02,0.00,0.05,1.14,0.3950,2,1,0,0.01,0.00,0.19,-0.10,0.00,0.00,1.09,130,31
3696,6.4,-12.0,-82.3,-0.034,-0.198,-0.677,9.0,1.4,0.0,0.0049,0.0108,0.0867,1083,763,1069,707,-0.02,0.00,0.05,1.16,0.3956,2,1,0,0.01,0.00,0.19,-0.09,0.00,0.00,1.11,130,31
3707,4.4,17.2,95.7,-0.175,-0.067,-1.138,9.0,1.3,0.0,0.0065,-0.0162,-0.0990,490,942,583,970,-0.02,0.00,0.07,1.18,0.3114,2,1,0,0.01,0.00,0.21,-0.10,0.00,0.00,1.13,131,31
3717,10.1,13.8,37.6,-0.012,-0.003,-0.806,8.5,1.2,0.0,0.0001,-0.0184,-0.0225,695,731,769,810,-0.01,0.00,0.06,1.19,0.3140,2,1,0,0.01,0.00,0.24,-0.11,0.00,0.00,1.14,131,31
3727,1.9,17.6,-9.0,0.087,0.039,-1.015,8.7,1.2,0.0,0.0116,-0.0179,0.0010,582,716,720,733,-0.01,0.00,0.07,1.21,0.2803,2,1,0,0.01,0.00,0.24,-0.10,0.00,0.00,1.15,131,31
3737,19.8,7.2,113.5,-0.026,0.056,-0.952,8.1,1.3,0.0,-0.0096,-0.0061,-0.1168,511,878,520,944,-0.01,0.00,0.07,1.23,0.2939,2,1,0,0.01,0.00,0.24,-0.10,0.00,0.00,1.18,131,31
3747,22.0,9.7,-79.5,-0.086,0.063,-0.746,8.1,1.2,0.0,-0.0051,-0.0079,0.0749,785,507,814,539,-0.01,0.00,0.08,1.25,0.2664,2,1,0,0.01,0.00,0.24,-0.09,0.00,0.00,1.22,131,31
3757,12.4,31.1,136.9,-0.177,0.166,-0.727,7.9,1.4,0.0,-0.0024,-0.0300,-0.1403,376,921,458,978,-0.01,0.00,0.09,1.26,0.2780,2,1,0,0.01,0.00,0.20,-0.09,0.00,0.00,1.23,131,31
3767,17.1,-10.7,-70.7,0.044,0.045,-0.741,7.5,1.4,0.0,-0.0098,0.0116,0.0749,793,456,713,455,-0.01,0.00,0.08,1.28,0.2362,2,1,0,0.01,0.00,0.20,-0.10,0.00,0.00,1.24,131,31
3777,16.3,-7.4,75.7,-0.047,0.123,-0.593,7.4,1.4,0.0,-0.0068,0.0086,-0.0792,452,839,394,811,-0.01,0.00,0.10,1.30,0.2467,2,1,0,0.01,0.00,0.20,-0.12,0.00,0.00,1.25,131,31
3787,3.7,10.3,30.0,-0.041,0.092,-0.709,7.2,1.6,0.0,0.0053,-0.0065,-0.0283,508,547,503,522,-0.01,0.00,0.09,1.31,0.1916,2,1,0,0.01,0.00,0.19,-0.11,0.00,0.00,1.27,131,31
3798,10.1,0.4,-35.9,-0.070,0.134,-0.548,7.3,1.5,0.0,-0.0008,0.0007,0.0324,531,590,563,518,-0.01,0.00,0.11,1.33,0.2077,2,1,0,0.01,0.00,0.20,-0.13,0.00,0.00,1.28,132,31
3808,2.6,0.0,122.7,0.050,0.053,-0.667,6.9,1.6,0.0,0.0062,0.0012,-0.1262,219,679,224,634,-0.01,0.00,0.11,1.34,0.1487,2,1,0,0.01,0.00,0.19,-0.14,0.00,0.00,1.31,132,31
3818,5.8,32.6,-86.6,0.004,-0.103,-0.459,6.7,1.3,0.0,0.0029,-0.0316,0.0830,569,297,667,365,-0.01,0.00,0.11,1.35,0.1676,2,1,0,0.01,0.00,0.15,-0.15,0.00,0.00,1.34,132,31
3828,-6.0,28.7,139.8,-0.126,0.132,-0.642,6.6,1.7,0.0,0.0157,-0.0229,-0.1446,158,783,226,719,-0.01,0.00,0.12,1.37,0.1303,2,1,1,0.01,0.00,0.10,-0.17,0.00,0.00,1.35,132,31
3838,-3.6,4.6,-78.7,0.068,-0.243,-0.362,6.3,1.5,0.0,0.0126,0.0004,0.0769,592,341,609,258,-0.01,0.00,0.12,1.38,0.1546,2,1,0,0.01,0.00,0.08,-0.20,0.00,0.00,1.36,132,31
3848,9.1,0.8,89.3,-0.142,0.064,0.295,6.1,1.4,0.0,-0.0008,0.0020,-0.0975,289,689,269,672,-0.01,0.00,0.13,1.39,0.1703,2,1,0,0.01,0.00,0.10,-0.22,0.00,0.00,1.37,132,31
3858,17.6,-12.4,17.9,-0.030,0.162,-0.045,5.8,1.5,0.0,-0.0088,0.0135,-0.0156,530,556,445,538,-0.01,0.00,0.12,1.40,0.1901,2,1,0,0.01,0.00,0.10,-0.21,0.00,0.00,1.38,132,31
3868,1.0,-4.8,-26.7,0.103,-0.036,-0.302,5.9,1.1,0.0,0.0079,0.0047,0.0176,428,391,439,343,-0.01,0.00,0.14,1.42,0.1281,2,1,0,0.01,0.00,0.11,-0.23,0.00,0.00,1.41,132,31
3878,-0.4,9.2,113.3,-0.148,0.068,-0.038,5.5,0.9,0.0,0.0079,-0.0080,-0.1138,244,592,305,562,0.00,0.00,0.14,1.43,0.1462,2,1,0,0.01,0.00,0.11,-0.24,0.00,0.00,1.45,132,31
3888,12.2,16.2,-78.0,-0.152,-0.094,0.331,5.2,0.9,0.0,-0.0052,-0.0138,0.0731,572,313,559,350,0.00,0.00,0.14,1.44,0.1589,2,1,0,0.01,0.00,0.11,-0.27,0.00,0.00,1.46,132,31
3898,3.8,-12.4,136.6,0.127,0.206,-0.634,5.3,1.0,0.0,0.0033,0.0148,-0.1412,247,791,176,706,0.00,0.00,0.15,1.45,0.1688,2,1,0,0.01,0.00,0.12,-0.26,0.00,0.00,1.46,132,31
3908,-3.3,22.6,-72.7,0.008,-0.258,-0.080,5.1,0.5,0.0,0.0099,-0.0187,0.0756,624,361,720,383,0.00,0.00,0.15,1.46,0.1926,2,1,0,0.01,0.00,0.11,-0.27,0.00,0.00,1.47,132,31
3918,5.2,53.1,87.7,-0.366,0.053,0.560,5.0,0.9,0.0,0.0018,-0.0526,-0.0914,266,720,347,764,0.00,0.00,0.16,1.47,0.1939,2,1,0,0.01,0.00,0.04,-0.28,0.00,0.00,1.49,133,31
3928,4.9,-17.3,11.0,0.018,0.141,-1.071,4.8,1.2,0.0,0.0021,0.0275,-0.0096,708,676,482,435,0.00,0.00,0.15,1.48,0.2208,2,1,0,0.01,0.00,0.16,-0.27,0.00,0.00,1.50,133,31
3938,2.5,-39.2,-14.1,0.102,-0.067,-0.138,4.8,0.4,0.0,0.0043,0.0396,0.0105,630,761,483,520,0.00,0.00,0.17,1.48,0.2330,2,1,0,0.01,0.00,0.25,-0.30,0.00,0.00,1.51,133,31
3948,4.7,-2.7,112.5,-0.602,0.115,0.690,4.5,0.4,0.0,0.0045,0.0033,-0.1074,401,803,421,779,0.00,0.00,0.17,1.49,0.2346,2,1,0,0.01,0.00,0.24,-0.32,0.00,0.00,1.52,133,31
3958,6.5,-66.3,-87.7,0.195,0.181,-0.408,4.6,0.5,0.0,0.0014,0.0682,0.0829,893,623,658,362,0.00,0.00,0.17,1.50,0.2518,2,1,0,0.01,0.00,0.26,-0.32,0.00,0.00,1.53,133,31
3968,-6.8,-54.9,113.9,0.218,0.319,-0.475,4.6,0.1,0.0,0.0136,0.0551,-0.1177,470,993,387,778,0.00,0.00,0.18,1.50,0.2642,2,1,0,0.01,0.00,0.30,-0.34,0.00,0.00,1.53,133,31
3978,2.7,-20.1,-49.9,-0.343,-0.289,-0.635,4.0,0.4,0.0,0.0007,0.0187,0.0486,805,563,775,587,0.00,0.00,0.18,1.51,0.2777,2,1,0,0.01,0.00,0.27,-0.33,0.00,0.00,1.53,133,31
3988,37.5,-48.3,72.6,0.248,0.129,-0.282,4.0,0.6,0.0,-0.0314,0.0488,-0.0764,645,859,413,895,0.00,0.00,0.19,1.52,0.2884,2,1,0,0.01,0.00,0.21,-0.33,0.00,0.00,1.52,133,31
3999,24.4,-24.4,31.8,0.322,0.732,-0.259,4.7,-0.1,0.0,-0.0027,-0.0058,-0.0209,633,703,757,768,0.00,0.00,0.18,1.52,0.2950,2,1,0,0.01,0.00,0.17,-0.35,0.00,0.00,1.55,133,31
4009,-23.6,41.8,-25.4,-0.181,-0.008,-0.147,4.6,0.4,0.0,0.0304,-0.0417,0.0216,525,697,906,780,0.00,0.00,0.20,1.52,0.3012,2,1,0,0.01,0.00,0.14,-0.41,0.00,0.00,1.57,133,31
4019,-26.6,-30.2,110.7,0.497,-0.507,-0.564,4.0,0.6,0.0,0.0329,0.0307,-0.1145,518,995,598,892,0.00,0.00,0.20,1.53,0.3139,2,1,0,0.01,0.00,0.16,-0.42,0.00,0.00,1.58,133,31
4029,29.3,14.1,-71.4,0.311,-0.105,-0.421,4.0,-0.1,0.0,-0.0252,-0.0240,0.0665,808,466,916,795,0.00,0.00,0.20,1.53,0.3113,2,1,0,0.01,0.00,0.11,-0.42,0.00,0.00,1.58,133,31
4039,33.5,67.5,112.7,-0.696,0.577,-0.713,4.1,0.6,0.0,-0.0274,-0.0673,-0.1166,437,803,625,1157,0.00,0.00,0.21,1.54,0.3163,2,1,0,0.01,0.00,0.08,-0.42,0.00,0.00,1.56,134,31
4049,5.9,-17.5,-56.3,-0.063,0.175,-0.653,3.9,1.2,0.0,0.0021,0.0231,0.0618,949,712,865,594,0.00,0.00,0.20,1.54,0.3292,2,1,0,0.01,0.00,0.12,-0.44,0.00,0.00,1.54,134,31
4059,-26.4,-58.5,74.6,0.428,-0.285,-0.422,3.9,0.9,0.0,0.0325,0.0594,-0.0785,607,1090,566,865,0.00,0.00,0.22,1.54,0.3304,2,1,0,0.01,0.00,0.11,-0.46,0.00,0.00,1.57,134,31
4069,8.0,6.8,26.7,-0.131,-0.150,-0.854,3.4,1.0,0.0,-0.0048,-0.0086,-0.0179,766,777,787,847,0.00,0.00,0.21,1.54,0.3368,2,1,0,0.01,0.00,0.06,-0.43,0.00,0.00,1.59,133,31
4079,36.3,21.2,-21.0,-0.108,0.318,-0.689,3.6,1.2,0.0,-0.0306,-0.0203,0.0170,804,704,788,915,0.00,0.00,0.23,1.54,0.3414,2,1,0,0.01,0.00,0.08,-0.46,0.00,0.00,1.57,134,31
4090,-2.6,-4.4,107.0,0.056,0.264,-0.616,3.9,1.2,0.0,0.0147,0.0017,-0.0992,597,1011,666,940,0.00,0.00,0.23,1.55,0.3416,2,1,0,0.01,0.00,0.13,-0.48,0.00,0.00,1.55,134,31
4100,-29.6,32.5,-73.8,0.004,-0.426,-0.815,3.5,1.2,0.0,0.0354,-0.0315,0.0698,826,700,1017,710,0.00,0.00,0.23,1.55,0.3469,2,1,0,0.01,0.00,0.16,-0.52,0.00,0.00,1.57,134,31
4110,-4.2,20.7,145.4,-0.114,-0.028,-0.751,3.3,1.6,0.0,0.0097,-0.0194,-0.1495,518,1116,571,1110,0.00,0.00,0.24,1.55,0.3552,2,1,0,0.01,0.00,0.18,-0.50,0.00,0.00,1.58,134,31
4120,21.0,0.0,-71.0,0.148,0.021,-0.611,3.2,1.6,0.0,-0.0163,0.0041,0.0689,1026,679,899,685,0.00,0.00,0.23,1.55,0.3517,2,1,0,0.01,0.00,0.14,-0.51,0.00,0.00,1.58,134,31
4130,5.2,11.8,91.1,-0.111,-0.026,-1.077,3.3,1.5,0.0,0.0002,-0.0105,-0.0953,617,1021,624,1051,0.00,0.00,0.25,1.55,0.3548,2,1,0,0.01,0.00,0.12,-0.54,0.00,0.00,1.58,135,31
4140,5.1,-2.1,24.9,0.029,-0.011,-0.993,3.0,1.6,0.0,-0.0004,0.0086,-0.0135,862,869,814,826,0.00,0.00,0.24,1.55,0.3624,2,1,0,0.01,0.00,0.11,-0.55,0.00,0.00,1.60,135,31
4150,12.6,2.1,-11.6,0.142,-0.077,-0.813,3.1,1.3,0.0,-0.0073,-0.0010,0.0075,788,848,798,911,0.00,0.00,0.26,1.55,0.3590,2,1,0,0.01,0.00,0.12,-0.56,0.00,0.00,1.63,135,31
4160,9.5,29.2,118.4,-0.107,0.159,-0.657,3.1,1.2,0.0,-0.0043,-0.0307,-0.1182,590,946,706,1093,0.00,0.00,0.26,1.55,0.3577,2,1,0,0.01,0.00,0.14,-0.59,0.00,0.00,1.61,135,31
4170,3.6,35.7,-79.5,-0.071,0.024,-0.957,3.3,1.4,0.0,0.0018,-0.0346,0.0753,897,681,1013,756,0.00,0.00,0.26,1.55,0.3593,2,1,0,0.01,0.00,0.13,-0.63,0.00,0.00,1.59,135,31
4181,-2.5,8.2,140.7,-0.054,0.080,-1.208,3.2,1.6,0.0,0.0062,-0.0002,-0.1465,568,1140,567,1106,0.00,0.00,0.27,1.55,0.3638,2,1,0,0.01,0.00,0.12,-0.66,0.00,0.00,1.60,135,31
4191,9.2,-13.0,-70.7,0.013,-0.045,-0.900,3.2,1.1,0.0,-0.0038,0.0141,0.0665,984,684,1012,719,0.00,0.00,0.27,1.55,0.3661,2,1,0,0.01,0.00,0.15,-0.68,0.00,0.00,1.61,135,31
4201,0.0,5.2,97.2,0.133,0.186,-0.948,3.2,0.9,0.0,0.0054,-0.0044,-0.1015,533,1030,693,1141,0.00,0.00,0.28,1.55,0.3658,2,1,0,0.01,0.00,0.18,-0.69,0.00,0.00,1.60,135,31
4211,13.0,4.5,15.3,0.094,0.069,-0.615,3.1,0.8,0.0,-0.0066,-0.0081,-0.0138,822,788,908,869,0.00,0.00,0.27,1.55,0.3646,2,1,0,0.01,0.00,0.20,-0.70,0.00,0.00,1.58,135,31
4221,2.9,12.4,-11.4,-0.146,0.021,-0.952,3.2,0.8,0.0,0.0024,-0.0117,0.0071,753,876,864,911,0.00,0.00,0.29,1.55,0.3669,2,1,0,0.01,0.00,0.17,-0.73,0.00,0.00,1.59,135,31
4231,-2.6,17.7,103.1,-0.165,0.038,-0.963,2.9,1.3,0.0,0.0041,-0.0022,-0.0948,702,1031,679,1001,0.00,0.00,0.29,1.55,0.3682,2,1,0,0.01,0.00,0.18,-0.74,0.00,0.00,1.60,135,31
4241,23.7,-29.9,-68.1,0.090,-0.001,-1.088,2.8,1.2,0.0,-0.0214,0.0339,0.0611,1074,784,836,739,0.00,0.00,0.29,1.55,0.3707,2,1,0,0.01,0.00,0.20,-0.75,0.00,0.00,1.59,135,31
4251,5.5,-33.4,139.4,0.066,0.173,-1.191,2.9,1.2,0.0,-0.0003,0.0346,-0.1438,667,1188,505,1077,0.00,0.00,0.30,1.55,0.3714,2,1,0,0.01,0.00,0.25,-0.76,0.00,0.00,1.57,135,31
4261,12.5,-27.8,-82.4,0.447,-0.131,-0.877,2.7,0.7,0.0,-0.0144,0.0120,0.0807,1054,678,984,742,0.00,0.00,0.30,1.55,0.3739,2,1,0,0.01,0.00,0.28,-0.78,0.00,0.00,1.58,135,31
4271,-3.8,-1.4,101.3,0.210,0.126,-0.969,2.8,0.3,0.0,0.0088,0.0017,-0.1058,549,1020,706,1187,0.00,0.00,0.31,1.55,0.3744,2,1,0,0.01,0.00,0.20,-0.80,0.00,0.00,1.59,135,31
4281,4.1,26.4,0.3,0.083,0.035,-0.681,2.6,0.4,0.0,-0.0011,-0.0400,0.0130,831,732,992,906,0.00,0.00,0.31,1.55,0.3743,2,1,0,0.01,0.00,0.14,-0.82,0.00,0.00,1.58,135,31
4292,-5.4,32.6,4.9,-0.189,-0.099,-0.907,2.6,0.7,0.0,0.0103,-0.0322,-0.0094,722,915,869,970,0.00,0.00,0.32,1.55,0.3765,2,1,0,0.01,0.00,0.06,-0.84,0.00,0.00,1.57,135,31
4302,0.0,21.9,107.1,-0.183,0.167,-0.807,2.3,1.0,0.0,0.0071,-0.0063,-0.0956,703,1057,719,1000,0.00,0.00,0.32,1.55,0.3768,2,1,0,0.01,0.00,0.08,-0.84,0.00,0.00,1.57,135,31
4312,1.3,-1.5,-69.0,-0.115,-0.204,-0.867,1.9,1.3,0.0,0.0002,0.0112,0.0619,1063,838,874,709,0.00,0.00,0.33,1.55,0.3774,2,1,0,0.01,0.00,0.13,-0.84,0.00,0.00,1.57,135,31
4322,9.3,-10.3,157.6,-0.214,0.081,-0.934,1.7,1.4,0.0,-0.0055,0.0115,-0.1622,686,1247,481,1075,0.00,0.00,0.34,1.55,0.3782,2,1,0,0.01,0.00,0.14,-0.81,0.00,0.00,1.57,135,31
4332,-0.6,-32.0,-93.0,0.062,-0.182,-1.004,1.3,0.8,0.0,-0.0027,0.0322,0.0896,1113,747,978,668,0.00,0.00,0.33,1.54,0.3804,2,1,0,0.01,0.00,0.13,-0.79,0.00,0.00,1.57,135,31
4342,3.5,-28.3,112.7,0.111,0.043,-0.931,1.1,0.7,0.0,-0.0002,0.0290,-0.1174,638,1144,587,1126,0.00,0.00,0.35,1.54,0.3788,2,1,0,0.01,0.00,0.07,-0.77,0.00,0.00,1.59,135,31
4352,15.6,-27.4,-20.2,0.036,0.042,-1.096,0.5,0.4,0.0,-0.0182,0.0146,0.0278,987,782,903,836,0.00,0.00,0.34,1.54,0.3806,2,1,0,0.01,0.00,0.00,-0.73,0.00,0.00,1.61,135,31
4362,24.5,-9.7,8.8,0.132,0.153,-1.076,0.5,0.3,0.0,-0.0220,0.0100,-0.0136,755,921,800,1011,0.00,0.00,0.36,1.54,0.3779,2,1,0,0.01,0.00,-0.06,-0.73,0.00,0.00,1.58,135,31
4372,12.1,6.9,75.5,0.079,0.215,-0.990,0.0,0.2,0.0,-0.0108,-0.0121,-0.0763,737,880,816,1054,0.01,0.00,0.35,1.54,0.3777,2,1,0,0.01,0.00,-0.08,-0.75,0.00,0.00,1.56,136,31
4383,14.0,41.4,-83.8,0.123,-0.038,-1.018,-0.2,0.3,0.0,-0.0127,-0.0425,0.0754,942,671,1032,863,0.01,0.00,0.36,1.54,0.3806,2,1,0,0.01,0.00,-0.09,-0.76,0.00,0.00,1.57,136,31
4393,13.3,30.8,138.3,-0.061,0.248,-0.835,-0.6,0.3,0.0,-0.0136,-0.0327,-0.1427,594,1054,654,1210,0.01,0.00,0.37,1.54,0.3812,2,1,0,0.01,0.00,-0.04,-0.75,0.00,0.00,1.58,136,31
4403,1.3,21.5,-93.6,-0.057,-0.012,-0.709,-0.7,0.3,0.0,0.0014,-0.0191,0.0900,1027,703,1074,698,0.01,0.00,0.36,1.54,0.3797,2,1,0,0.01,0.00,0.00,-0.79,0.00,0.00,1.59,136,31
4413,-7.8,15.5,120.8,-0.058,-0.087,-0.836,-1.0,0.3,0.0,0.0090,-0.0154,-0.1257,618,1141,621,1131,0.01,0.00,0.38,1.54,0.3809,2,1,0,0.01,0.00,0.00,-0.79,0.00,0.00,1.59,136,31
4423,-0.3,-2.6,-24.4,-0.074,-0.026,-0.846,-1.4,0.4,0.0,-0.0025,0.0243,0.0358,1040,848,883,729,0.01,0.00,0.37,1.54,0.3796,2,1,0,0.01,0.00,0.00,-0.78,0.00,0.00,1.59,136,31
4433,10.3,-12.9,43.2,-0.105,-0.098,-0.947,-1.6,0.4,0.0,-0.0099,0.0131,-0.0482,835,1069,598,983,0.01,0.00,0.39,1.54,0.3776,2,1,0,0.01,0.00,-0.06,-0.78,0.00,0.00,1.60,136,31
4443,-1.5,-21.9,90.2,-0.017,0.025,-1.146,-1.9,0.1,0.0,-0.0012,0.0314,-0.0809,836,1039,689,934,0.01,0.00,0.38,1.54,0.3793,2,1,0,0.01,0.00,-0.12,-0.79,0.00,0.00,1.61,136,31
4453,-3.5,-25.7,-72.1,0.058,-0.125,-0.872,-2.1,-0.2,0.0,0.0035,0.0254,0.0672,988,801,878,805,0.01,0.00,0.39,1.54,0.3759,2,1,0,0.01,0.00,-0.14,-0.83,0.00,0.00,1.60,135,31
4463,4.0,-36.6,140.8,0.057,0.015,-1.134,-2.2,-0.3,0.0,-0.0086,0.0277,-0.1442,640,1127,566,1146,0.01,0.00,0.40,1.54,0.3767,2,1,0,0.01,0.00,-0.09,-0.84,0.00,0.00,1.59,135,31
4474,13.4,-31.1,-92.4,0.042,-0.113,-0.971,-2.4,-0.6,0.0,-0.0138,0.0305,0.0874,1059,668,1019,749,0.01,0.00,0.40,1.54,0.3789,2,1,0,0.01,0.00,-0.02,-0.84,0.00,0.00,1.58,135,31
4484,14.2,-17.6,121.7,0.035,0.160,-1.061,-2.4,-0.5,0.0,-0.0130,0.0052,-0.1358,586,1103,609,1185,0.01,0.00,0.41,1.54,0.3772,2,1,0,0.01,0.00,0.02,-0.83,0.00,0.00,1.57,135,31
4494,4.2,-2.6,-31.2,0.238,-0.189,-1.028,-2.7,-1.0,0.0,-0.0086,-0.0110,0.0345,942,691,1002,872,0.01,0.00,0.40,1.54,0.3806,2,1,0,0.01,0.00,0.08,-0.84,0.00,0.00,1.59,135,31
4504,9.7,33.0,19.0,0.125,-0.002,-0.901,-2.6,-0.9,0.0,-0.0104,-0.0341,-0.0241,699,891,812,1094,0.01,0.00,0.42,1.54,0.3789,2,1,0,0.01,0.00,0.08,-0.85,0.00,0.00,1.60,136,31
4514,11.0,31.0,85.8,-0.049,0.125,-0.579,-2.9,-1.0,0.0,-0.0135,-0.0407,-0.0744,719,860,818,1055,0.02,0.00,0.42,1.54,0.3732,2,1,0,0.01,0.00,0.02,-0.83,0.00,0.00,1.59,135,31
4524,-2.0,37.5,-80.4,-0.039,-0.032,-0.722,-2.8,-0.9,0.0,0.0012,-0.0388,0.0753,904,695,1044,800,0.02,0.00,0.42,1.54,0.3721,2,1,0,0.01,0.00,-0.03,-0.85,0.00,0.00,1.60,135,31
4534,-4.4,25.8,150.8,-0.105,0.027,-0.861,-3.1,-0.7,0.0,0.0023,-0.0259,-0.1544,595,1098,607,1160,0.02,0.00,0.43,1.54,0.3742,2,1,0,0.01,0.00,-0.06,-0.86,0.00,0.00,1.61,135,31
4544,7.0,11.0,-83.5,-0.101,-0.094,-0.828,-3.2,-0.7,0.0,-0.0080,-0.0071,0.0803,1059,709,989,687,0.02,0.00,0.43,1.54,0.3722,2,1,0,0.01,0.00,-0.06,-0.85,0.00,0.00,1.61,135,31
4554,6.1,12.2,132.5,-0.295,0.140,-1.043,-3.3,-0.6,0.0,-0.0074,-0.0131,-0.1377,623,1173,544,1102,0.02,0.00,0.44,1.54,0.3720,2,1,0,0.01,0.00,-0.07,-0.85,0.00,0.00,1.60,135,31
4564,1.5,-11.5,-21.0,-0.019,0.030,-1.355,-3.5,-0.6,0.0,-0.0029,0.0276,0.0308,1016,853,866,727,0.02,0.00,0.43,1.54,0.3743,2,1,0,0.01,0.00,-0.03,-0.84,0.00,0.00,1.59,135,31
4574,1.2,-16.7,23.3,0.044,-0.039,-0.898,-3.6,-0.6,0.0,-0.0053,0.0198,-0.0357,826,1010,660,951,0.02,0.00,0.45,1.54,0.3726,2,1,0,0.01,0.00,-0.01,-0.84,0.00,0.00,1.58,135,31
4585,3.2,-31.1,86.0,0.000,0.076,-1.374,-3.7,-0.8,0.0,-0.0050,0.0301,-0.0913,799,1032,690,956,0.02,0.00,0.45,1.54,0.3765,2,1,0,0.01,0.00,0.00,-0.85,0.00,0.00,1.59,135,31
4595,1.7,-30.7,-79.4,0.085,-0.011,-0.863,-3.7,-1.1,0.0,-0.0002,0.0152,0.0631,975,774,967,758,0.02,0.00,0.45,1.54,0.3761,2,1,0,0.01,0.00,-0.02,-0.85,0.00,0.00,1.60,135,31
4605,-3.0,-31.3,135.6,0.133,0.164,-1.136,-3.8,-1.0,0.0,0.0011,0.0302,-0.1409,608,1122,606,1145,0.02,0.00,0.46,1.54,0.3771,2,1,0,0.01,0.00,-0.06,-0.84,0.00,0.00,1.58,135,31
4615,2.4,-13.6,-93.1,0.202,-0.150,-0.899,-4.0,-1.2,0.0,-0.0084,-0.0089,0.0899,1023,642,1071,763,0.02,0.00,0.46,1.54,0.3793,2,1,0,0.01,0.00,-0.11,-0.83,0.00,0.00,1.56,135,31
4625,-0.2,4.3,112.2,-0.061,0.144,-0.888,-3.8,-0.8,0.0,-0.0005,-0.0135,-0.1252,559,1084,669,1182,0.02,0.00,0.48,1.54,0.3787,2,1,0,0.01,0.00,-0.17,-0.85,0.00,0.00,1.56,135,31
4635,-4.5,17.6,-25.7,0.141,-0.049,-0.661,-4.0,-0.7,0.0,0.0025,-0.0186,0.0203,905,757,999,846,0.02,0.00,0.47,1.54,0.3804,2,1,0,0.01,0.00,-0.19,-0.84,0.00,0.00,1.56,135,31
4645,-1.5,40.6,-4.6,0.065,-0.005,-0.724,-3.8,-0.3,0.0,-0.0010,-0.0410,-0.0133,751,897,856,1007,0.02,0.00,0.48,1.53,0.3812,2,1,0,0.01,0.00,-0.21,-0.84,0.00,0.00,1.57,135,31
4655,-2.4,28.2,89.6,-0.061,0.057,-0.474,-3.8,-0.1,0.0,0.0005,-0.0287,-0.0950,741,1002,774,995,0.02,0.00,0.48,1.53,0.3811,2,1,0,0.01,0.00,-0.14,-0.84,0.00,0.00,1.57,135,31
4665,-7.1,17.7,-80.6,0.030,-0.028,-0.835,-3.6,0.1,0.0,0.0107,-0.0086,0.0705,979,779,1027,732,0.02,0.00,0.49,1.53,0.3816,2,1,0,0.01,0.00,-0.08,-0.82,0.00,0.00,1.58,135,31
4675,-16.6,2.0,148.6,-0.082,-0.132,-0.685,-3.7,0.5,0.0,0.0149,-0.0017,-0.1541,649,1203,583,1078,0.02,0.00,0.50,1.53,0.3812,2,1,0,0.01,0.00,-0.05,-0.82,0.00,0.00,1.59,135,31
4686,5.3,-12.4,-82.3,-0.003,-0.091,-1.061,-3.7,0.6,0.0,-0.0074,0.0184,0.0789,1125,772,958,665,0.02,0.00,0.49,1.53,0.3822,2,1,0,0.01,0.00,-0.03,-0.83,0.00,0.00,1.59,135,31
4696,-4.3,-13.6,115.4,-0.080,0.006,-1.110,-3.5,0.8,0.0,0.0028,0.0143,-0.1210,691,1213,551,1060,0.02,0.00,0.51,1.53,0.3816,2,1,0,0.01,0.00,-0.04,-0.82,0.00,0.00,1.60,135,31
4706,-2.2,-24.9,-4.1,0.187,-0.054,-1.347,-3.6,0.6,0.0,-0.0020,0.0256,0.0119,976,883,869,809,0.02,0.00,0.50,1.53,0.3844,2,1,0,0.01,0.00,-0.04,-0.79,0.00,0.00,1.58,135,31
4716,-11.1,-19.8,0.0,0.165,-0.107,-1.067,-3.4,0.7,0.0,0.0096,0.0204,-0.0056,809,983,774,954,0.02,0.00,0.51,1.53,0.3821,2,1,0,0.01,0.00,-0.07,-0.81,0.00,0.00,1.56,135,31
4726,8.1,-34.2,95.7,0.044,0.103,-1.283,-3.5,0.6,0.0,-0.0098,0.0348,-0.1013,771,1074,665,1030,0.02,0.00,0.51,1.53,0.3847,2,1,0,0.01,0.00,-0.08,-0.81,0.00,0.00,1.57,135,31
4736,7.6,-15.5,-77.0,0.062,-0.096,-1.079,-3.3,0.7,0.0,-0.0079,0.0138,0.0687,1002,772,982,783,0.02,0.00,0.52,1.53,0.3847,2,1,0,0.01,0.00,-0.09,-0.78,0.00,0.00,1.58,135,31
4746,7.0,-7.9,139.9,0.101,0.054,-0.991,-3.3,0.8,0.0,-0.0084,0.0087,-0.1456,632,1139,576,1177,0.02,0.00,0.53,1.53,0.3828,2,1,0,0.01,0.00,-0.11,-0.79,0.00,0.00,1.56,135,31
4756,0.0,15.2,-86.3,0.274,-0.220,-0.896,-3.2,0.6,0.0,-0.0006,-0.0199,0.0843,1013,683,1086,763,0.02,0.00,0.52,1.53,0.3855,2,1,0,0.01,0.00,-0.09,-0.77,0.00,0.00,1.54,135,31
4766,-4.7,20.8,94.2,0.070,-0.055,-0.840,-3.1,0.6,0.0,0.0034,-0.0203,-0.1000,585,1062,722,1186,0.02,0.00,0.54,1.53,0.3867,2,1,0,0.01,0.00,-0.04,-0.79,0.00,0.00,1.56,135,31
4777,-0.1,8.0,-0.2,0.040,-0.049,-0.743,-3.1,0.7,0.0,0.0062,-0.0100,0.0120,897,847,971,845,0.02,0.00,0.53,1.52,0.3874,2,1,0,0.01,0.00,0.00,-0.76,0.00,0.00,1.57,135,31
4787,3.4,4.0,-2.0,-0.201,-0.238,-0.566,-2.9,0.9,0.0,-0.0031,-0.0027,-0.0083,826,939,840,931,0.02,0.00,0.55,1.52,0.3844,2,1,0,0.01,0.00,-0.01,-0.77,0.00,0.00,1.59,135,31
4797,11.3,11.1,115.7,-0.132,0.082,-0.712,-2.9,1.0,0.0,-0.0097,-0.0070,-0.1174,707,1089,692,1047,0.02,0.00,0.54,1.52,0.3841,2,1,0,0.01,0.00,-0.01,-0.77,0.00,0.00,1.60,135,31
4807,12.9,15.5,-73.3,-0.153,-0.198,-0.738,-3.1,1.0,0.0,-0.0156,-0.0002,0.0637,1041,749,943,775,0.02,0.00,0.55,1.52,0.3805,2,1,0,0.01,0.00,-0.06,-0.79,0.00,0.00,1.56,135,31
4817,15.5,23.2,151.0,-0.149,0.045,-0.862,-3.0,1.2,0.0,-0.0167,-0.0222,-0.1569,644,1168,553,1161,0.02,0.00,0.56,1.52,0.3828,2,1,0,0.01,0.00,-0.10,-0.81,0.00,0.00,1.52,135,31
4827,13.5,-3.0,-74.1,0.011,-0.033,-0.754,-3.1,0.7,0.0,-0.0155,0.0039,0.0705,1073,713,991,767,0.02,0.00,0.55,1.52,0.3854,2,1,0,0.01,0.00,-0.11,-0.84,0.00,0.00,1.54,135,31
4837,7.4,-4.7,94.9,-0.020,0.094,-0.895,-3.0,0.8,0.0,-0.0086,0.0054,-0.1008,662,1088,652,1142,0.02,0.00,0.57,1.52,0.3855,2,1,0,0.01,0.00,-0.11,-0.86,0.00,0.00,1.56,135,31
4847,4.3,-28.5,11.4,-0.021,0.106,-1.157,-3.2,0.8,-28.9,-0.0057,0.0293,-0.0464,904,958,774,920,0.02,0.00,0.56,1.52,0.3870,2,1,0,0.01,0.00,-0.07,-0.86,0.00,0.00,1.54,135,31
4857,25.7,-28.7,-14.7,0.114,0.098,-1.089,-3.1,1.0,-28.9,-0.0284,0.0292,-0.0257,886,968,712,986,0.02,0.00,0.58,1.52,0.3863,2,1,0,0.01,0.00,-0.03,-0.87,0.00,0.00,1.53,135,31
4867,3.7,-37.5,96.0,-0.065,0.153,-1.155,-3.2,1.0,-36.1,-0.0051,0.0385,-0.1382,728,1163,583,1093,0.02,0.00,0.57,1.52,0.3885,2,1,0,0.01,0.00,0.00,-0.87,0.00,0.00,1.54,135,31
4878,4.1,-10.3,-101.2,0.298,0.076,-1.231,-3.0,0.8,-36.1,-0.0045,-0.0029,0.0511,964,785,993,837,0.02,0.00,0.58,1.51,0.3899,2,1,0,0.01,0.00,0.00,-0.87,0.00,0.00,1.55,135,31
4888,-5.1,-1.8,122.9,0.008,0.258,-1.347,-3.0,0.9,-42.9,0.0040,0.0027,-0.1721,515,1202,635,1248,0.02,0.00,0.59,1.51,0.3927,2,1,0,0.01,0.00,-0.02,-0.87,0.00,0.00,1.53,135,31
4898,3.7,25.6,-83.8,-0.076,-0.014,-1.034,-3.1,1.2,-42.9,-0.0028,-0.0245,0.0422,948,770,1028,852,0.02,0.00,0.58,1.51,0.3925,2,1,0,0.01,0.00,-0.02,-0.86,0.00,0.00,1.52,135,31
4908,-3.8,46.6,89.3,-0.170,0.003,-0.903,-3.2,1.4,-53.5,0.0023,-0.0455,-0.1493,523,1173,607,1287,0.02,0.00,0.59,1.51,0.3914,2,1,0,0.01,0.00,-0.06,-0.88,0.00,0.00,1.51,135,31
4918,-4.7,21.3,-5.8,-0.026,0.025,-0.698,-3.4,1.5,-53.5,0.0031,-0.0200,-0.0541,867,964,835,929,0.02,0.00,0.58,1.51,0.3923,2,1,0,0.01,0.00,-0.02,-0.86,0.00,0.00,1.53,135,31
4928,13.8,-0.7,-13.1,-0.107,0.108,-0.738,-3.5,1.7,-66.9,-0.0187,0.0142,-0.0747,804,1053,656,1046,0.02,0.00,0.60,1.51,0.3873,2,1,0,0.01,0.00,0.02,-0.88,0.00,0.00,1.55,135,31
4938,-9.1,-47.8,77.2,-0.013,0.104,-1.092,-3.7,2.0,-66.9,0.0073,0.0498,-0.1507,764,1243,514,1042,0.02,0.00,0.59,1.50,0.3880,2,1,0,0.01,0.00,0.08,-0.86,0.00,0.00,1.54,135,31
4948,-8.8,-55.9,-106.1,0.530,0.027,-1.049,-3.4,1.6,-85.0,0.0073,0.0576,0.0144,946,989,830,806,0.02,0.00,0.59,1.50,0.3890,2,1,0,0.01,0.00,0.10,-0.85,0.00,0.00,1.53,135,31
4958,-4.3,-8.3,105.0,0.090,0.025,-1.306,-3.4,1.3,-85.0,0.0025,0.0037,-0.1956,517,1254,554,1277,0.02,0.00,0.60,1.50,0.3929,2,1,0,0.01,0.00,0.05,-0.88,0.00,0.00,1.54,135,31
4968,-6.2,55.3,-105.4,-0.214,-0.469,-0.793,-3.4,1.6,-96.5,0.0032,-0.0541,0.0035,835,781,977,971,0.02,0.00,0.59,1.50,0.3881,2,1,0,0.01,0.00,0.00,-0.90,0.00,0.00,1.56,135,31
4978,0.9,36.9,84.6,-0.304,-0.035,-0.537,-3.4,2.1,-96.5,-0.0060,-0.0188,-0.1984,498,1236,489,1291,0.02,0.00,0.60,1.50,0.3814,2,1,0,0.01,0.00,0.01,-0.92,0.00,0.00,1.55,136,31
4989,12.3,-46.1,-62.6,0.355,0.360,-1.263,-3.7,1.9,-104.0,-0.0143,0.0481,-0.0483,946,987,688,910,0.02,0.00,0.58,1.50,0.3837,2,1,0,0.01,0.00,0.10,-0.92,0.00,0.00,1.54,136,31
4999,-2.3,-51.4,-14.7,0.450,0.361,-1.072,-3.2,2.0,-104.0,0.0011,0.0398,-0.1135,695,1170,596,1064,0.02,0.00,0.59,1.50,0.3829,2,1,0,0.01,0.00,0.07,-0.92,0.00,0.00,1.53,136,31
5009,-3.1,2.9,43.5,-0.125,0.044,-0.930,-3.2,2.2,-109.2,0.0016,-0.0009,-0.1600,616,1152,636,1141,0.02,0.00,0.58,1.50,0.3855,2,1,0,0.01,0.00,0.03,-0.90,0.00,0.00,1.52,136,31
5019,-9.9,31.8,-113.8,-0.122,-0.386,-0.873,-3.3,2.2,-109.2,0.0063,-0.0289,-0.0070,798,888,869,973,0.02,0.00,0.58,1.50,0.3833,2,1,0,0.01,0.00,0.03,-0.88,0.00,0.00,1.52,136,31
5029,14.6,-9.6,92.6,0.027,0.170,-1.362,-3.3,2.2,-109.9,-0.0167,0.0102,-0.2100,521,1256,470,1306,0.02,0.00,0.58,1.50,0.3866,2,1,0,0.01,0.00,0.05,-0.85,0.00,0.00,1.53,136,31
5039,-6.7,1.0,-144.7,0.387,-0.137,-0.621,-3.3,2.2,-109.9,0.0052,0.0011,0.0273,936,815,952,833,0.02,0.00,0.57,1.50,0.3844,2,1,0,0.01,0.00,0.05,-0.86,0.00,0.00,1.51,136,31
5049,4.2,5.0,76.0,-0.265,0.351,-0.573,-3.1,2.6,-111.7,-0.0019,0.0032,-0.2001,508,1274,481,1240,0.02,0.00,0.58,1.49,0.3799,2,1,0,0.01,0.00,0.09,-0.86,0.00,0.00,1.50,136,31
5059,12.2,-11.5,-78.6,-0.036,-0.145,-1.552,-3.3,2.9,-111.7,-0.0138,0.0143,-0.0407,933,962,742,918,0.02,0.00,0.56,1.49,0.3869,2,1,0,0.01,0.00,0.10,-0.86,0.00,0.00,1.51,137,31
5069,0.1,-12.4,-29.7,0.171,0.247,-1.171,-2.7,2.6,-115.8,0.0118,0.0065,-0.1130,614,1161,686,1091,0.02,0.00,0.57,1.49,0.3865,2,1,0,0.01,0.00,0.05,-0.88,0.00,0.00,1.51,137,31
5080,1.7,12.3,12.1,0.019,0.052,-0.540,-3.0,2.5,-115.8,-0.0029,-0.0098,-0.1358,671,1053,700,1099,0.02,0.00,0.55,1.49,0.3827,2,1,0,0.01,0.00,0.06,-0.84,0.00,0.00,1.52,137,31
5090,-23.7,-8.6,-125.9,0.242,-0.017,-1.439,-2.9,2.7,-118.9,0.0226,0.0114,-0.0009,831,968,891,861,0.02,0.00,0.55,1.49,0.3864,2,1,0,0.01,0.00,0.09,-0.86,0.00,0.00,1.53,137,31
5100,20.8,-29.1,80.4,-0.013,0.341,-1.603,-3.2,2.9,-118.9,-0.0203,0.0336,-0.2013,622,1297,439,1239,0.02,-0.01,0.55,1.49,0.3924,2,1,0,0.01,0.00,0.09,-0.85,0.00,0.00,1.52,137,31
5110,0.3,1.4,-136.7,0.045,-0.120,-0.281,-3.0,2.6,-118.9,-0.0016,0.0011,0.0096,889,864,892,855,0.02,0.00,0.53,1.49,0.3796,2,1,0,0.01,0.00,0.09,-0.87,0.00,0.00,1.51,138,31
5120,-1.7,-0.6,43.6,-0.048,0.093,-0.939,-2.9,2.6,-118.9,0.0035,0.0006,-0.1737,479,1231,571,1208,0.02,0.00,0.54,1.49,0.3781,2,1,0,0.01,0.00,0.10,-0.85,0.00,0.00,1.52,138,31
5130,2.4,-7.4,-112.0,0.193,-0.176,-1.648,-3.3,2.6,-118.9,-0.0013,0.0086,-0.0090,905,901,880,879,0.02,0.00,0.52,1.49,0.3882,2,1,0,0.01,0.00,0.14,-0.85,0.00,0.00,1.53,138,31
5140,7.4,17.4,-22.4,-0.028,-0.006,-0.687,-3.0,2.6,-118.9,-0.0087,-0.0148,-0.1048,625,1068,714,1131,0.02,0.00,0.52,1.49,0.3845,2,1,0,0.01,0.00,0.15,-0.82,0.00,0.00,1.52,139,31
5150,-9.7,10.0,3.2,0.012,-0.004,-0.301,-3.5,2.6,-119.2,0.0069,-0.0081,-0.1122,664,1051,701,1064,0.02,0.00,0.50,1.49,0.3770,2,1,0,0.01,0.00,0.15,-0.82,0.00,0.00,1.52,139,31
5160,-24.1,-7.2,-103.9,0.067,-0.028,-1.479,-3.3,2.8,-119.2,0.0225,0.0100,-0.0238,782,1033,812,885,0.02,0.00,0.50,1.49,0.3812,2,1,0,0.01,0.00,0.15,-0.82,0.00,0.00,1.51,139,31
5170,-8.3,-14.3,31.6,0.157,0.018,-1.228,-3.3,3.0,-118.9,0.0064,0.0200,-0.1584,652,1249,548,1131,0.02,-0.01,0.49,1.48,0.3900,2,1,0,0.01,0.00,0.14,-0.83,0.00,0.00,1.50,140,31
5180,-6.9,-14.0,-174.9,0.031,-0.255,-0.077,-3.3,2.6,-118.9,0.0030,0.0138,0.0471,982,800,943,782,0.02,-0.01,0.48,1.48,0.3805,2,1,0,0.01,0.00,0.19,-0.86,0.00,0.00,1.51,141,31
5191,0.9,5.3,43.6,-0.229,-0.031,-1.028,-3.2,2.8,-115.2,-0.0024,-0.0025,-0.1675,568,1163,563,1226,0.02,-0.01,0.48,1.48,0.3822,2,1,0,0.01,0.00,0.20,-0.87,0.00,0.00,1.50,141,31
5201,-17.6,51.3,-122.6,0.041,-0.149,-1.478,-3.4,2.6,-111.7,0.0072,-0.0437,0.0099,816,806,1009,945,0.02,0.00,0.46,1.48,0.3897,2,1,0,0.01,0.00,0.16,-0.86,0.00,0.00,1.48,141,31
5211,6.7,12.3,7.6,-0.133,0.271,-0.695,-3.4,2.8,-111.7,-0.0112,-0.0081,-0.1408,612,1138,586,1206,0.02,0.00,0.46,1.48,0.3851,2,1,0,0.01,0.00,0.14,-0.85,0.00,0.00,1.47,141,31
5221,4.2,-38.1,-48.8,-0.099,0.160,-0.465,-3.6,2.9,-103.3,-0.0211,0.0511,-0.0531,917,1037,643,924,0.02,-0.01,0.44,1.48,0.3824,2,1,0,0.01,0.00,0.22,-0.82,0.00,0.00,1.45,141,31
5231,-2.9,-31.6,-118.4,0.385,0.127,-1.240,-3.2,2.6,-103.3,0.0028,0.0335,0.0016,922,974,829,838,0.02,-0.01,0.44,1.48,0.3877,2,1,0,0.01,0.00,0.26,-0.84,0.00,0.00,1.47,141,31
5241,16.9,-6.6,38.1,-0.069,0.264,-1.488,-3.3,2.0,-86.2,-0.0185,0.0088,-0.1334,691,1092,678,1160,0.02,0.00,0.43,1.47,0.3956,2,1,0,0.01,0.00,0.27,-0.79,0.00,0.00,1.48,142,31
5251,-8.9,43.9,-153.9,-0.042,-0.389,-0.904,-3.5,1.8,-86.2,0.0071,-0.0422,0.0586,923,706,1074,890,0.02,0.00,0.42,1.47,0.3919,2,1,0,0.01,0.00,0.24,-0.79,0.00,0.00,1.49,142,31
5261,-10.7,43.6,61.5,-0.113,-0.002,-0.399,-3.4,1.8,-62.6,0.0038,-0.0367,-0.1365,573,1092,686,1205,0.02,0.00,0.41,1.47,0.3869,2,1,0,0.01,0.00,0.23,-0.77,0.00,0.00,1.49,142,31
5271,4.1,-21.1,-137.7,0.192,0.134,-0.778,-3.7,1.5,-62.6,-0.0106,0.0238,0.0683,1105,762,942,739,0.02,0.00,0.39,1.47,0.3860,2,1,0,0.01,0.00,0.29,-0.74,0.00,0.00,1.48,142,31
5282,3.7,-38.9,-10.5,0.138,0.190,-1.120,-3.4,1.5,-33.6,-0.0054,0.0406,-0.0322,886,1027,692,946,0.02,0.00,0.40,1.47,0.3862,2,1,0,0.01,0.00,0.31,-0.74,0.00,0.00,1.48,142,31
5292,1.8,-44.4,-43.4,0.234,0.011,-1.259,-3.3,0.6,-33.6,-0.0080,0.0237,0.0150,990,903,870,843,0.02,0.00,0.38,1.47,0.3935,2,1,0,0.01,0.00,0.29,-0.73,0.00,0.00,1.48,142,31
5302,0.2,21.5,-112.0,0.193,0.029,-1.207,-2.8,0.2,-10.6,-0.0013,-0.0213,0.0923,941,681,1147,821,0.02,0.00,0.38,1.46,0.3915,2,1,0,0.01,0.00,0.25,-0.74,0.00,0.00,1.47,142,31
5312,-5.3,54.2,59.3,-0.226,0.105,-1.304,-2.9,0.3,-10.6,0.0053,-0.0562,-0.0755,669,925,902,1103,0.02,0.00,0.37,1.46,0.3926,2,1,0,0.01,0.00,0.21,-0.74,0.00,0.00,1.47,143,31
5322,10.2,53.3,-147.1,0.154,-0.155,-1.001,-2.8,0.0,0.0,-0.0114,-0.0535,0.1381,1079,561,1227,738,0.02,0.00,0.36,1.46,0.3935,2,1,0,0.01,0.00,0.30,-0.75,0.00,0.00,1.46,143,31
5332,12.8,39.7,76.7,-0.069,0.287,-1.194,-2.8,-0.2,0.0,-0.0098,-0.0415,-0.0906,658,989,781,1156,0.02,0.00,0.36,1.46,0.3907,2,1,0,0.01,0.00,0.33,-0.76,0.00,0.00,1.45,143,31
5342,21.4,17.5,-120.7,-0.039,0.071,-1.218,-3.0,-0.8,0.0,-0.0227,-0.0184,0.1118,1101,551,1185,785,0.02,0.00,0.35,1.46,0.3957,2,1,0,0.01,0.00,0.35,-0.75,0.00,0.00,1.44,143,31
5352,13.0,5.9,16.0,0.065,0.174,-0.891,-2.7,-0.8,0.0,-0.0138,-0.0182,-0.0379,791,918,837,1060,0.02,0.00,0.35,1.45,0.3935,2,1,0,0.01,0.00,0.33,-0.75,0.00,0.00,1.46,143,31
5362,-1.1,-10.7,-19.9,-0.129,0.078,-0.912,-2.9,-1.0,0.0,-0.0016,0.0075,0.0170,981,793,968,857,0.02,0.00,0.34,1.45,0.3926,2,1,0,0.01,0.00,0.31,-0.73,0.00,0.00,1.48,143,31
5373,7.8,-7.5,-86.9,-0.096,-0.024,-0.901,-2.7,-1.1,0.0,-0.0116,0.0028,0.0657,1028,762,986,822,0.02,0.00,0.34,1.45,0.3926,2,1,0,0.01,0.00,0.29,-0.73,0.00,0.00,1.48,143,31
5383,8.8,-10.5,82.2,-0.010,0.107,-0.686,-2.7,-1.2,0.0,-0.0094,0.0119,-0.0876,807,1053,720,1009,0.02,0.00,0.34,1.45,0.3912,2,1,0,0.01,0.00,0.27,-0.71,0.00,0.00,1.47,143,31
5393,6.0,4.2,-132.8,-0.007,-0.052,-1.170,-2.6,-1.5,0.0,-0.0070,-0.0059,0.1240,1143,677,1118,671,0.02,0.00,0.33,1.45,0.3939,2,1,0,0.01,0.00,0.25,-0.69,0.00,0.00,1.45,143,31
5403,4.8,13.7,97.2,-0.063,0.135,-1.226,-2.7,-1.6,0.0,-0.0066,-0.0119,-0.1076,712,1101,670,1130,0.01,0.00,0.33,1.45,0.3946,2,1,0,0.01,0.00,0.22,-0.69,0.00,0.00,1.45,143,31
5413,18.5,17.3,-98.9,0.165,-0.004,-1.260,-2.9,-2.1,0.0,-0.0197,-0.0196,0.0902,1145,663,1071,744,0.02,0.00,0.32,1.45,0.3957,2,1,0,0.01,0.00,0.22,-0.68,0.00,0.00,1.45,143,31
5423,8.2,25.4,25.6,0.087,0.161,-1.264,-2.7,-2.2,0.0,-0.0095,-0.0180,-0.0473,795,971,802,1046,0.02,0.00,0.33,1.44,0.3947,2,1,0,0.01,0.00,0.21,-0.68,0.00,0.00,1.43,143,31
5433,-5.8,18.7,12.5,0.124,-0.085,-0.767,-3.0,-2.7,0.0,0.0045,-0.0216,-0.0213,937,825,927,915,0.02,0.01,0.32,1.44,0.3934,2,1,0,0.01,0.00,0.21,-0.67,0.00,0.00,1.42,143,31
5443,4.5,26.1,-73.0,0.186,-0.060,-0.876,-2.9,-2.9,0.0,-0.0057,-0.0292,0.0642,966,741,1007,892,0.02,0.01,0.32,1.44,0.3935,2,1,0,0.01,0.00,0.22,-0.68,0.00,0.00,1.41,143,31
5453,-6.1,10.1,99.2,0.058,0.099,-1.003,-2.8,-3.2,0.0,0.0053,-0.0151,-0.1060,689,1061,771,1112,0.02,0.01,0.32,1.44,0.3973,2,1,0,0.01,0.00,0.24,-0.65,0.00,0.00,1.41,143,31
5463,-11.3,4.4,-128.4,0.173,-0.290,-0.552,-2.8,-3.5,0.0,0.0102,-0.0081,0.1197,1078,669,1177,726,0.01,0.01,0.31,1.43,0.3994,2,1,0,0.01,0.00,0.27,-0.67,0.00,0.00,1.42,143,31
5474,-2.6,-9.7,100.0,0.006,0.136,-0.935,-2.8,-3.5,0.0,0.0005,-0.0036,-0.1163,663,1120,702,1156,0.02,0.01,0.32,1.43,0.3982,2,1,0,0.01,0.00,0.28,-0.66,0.00,0.00,1.43,143,31
5484,-5.3,-26.6,-91.9,0.028,-0.086,-1.317,-2.7,-3.6,0.0,0.0043,0.0230,0.0832,1114,774,1089,703,0.02,0.01,0.31,1.43,0.4035,2,1,0,0.01,0.00,0.32,-0.66,0.00,0.00,1.43,144,31
5494,-15.1,-25.3,15.6,-0.029,-0.121,-0.732,-2.5,-3.5,0.0,0.0116,0.0181,-0.0391,824,1046,809,959,0.01,0.01,0.32,1.43,0.3977,2,1,0,0.01,0.00,0.32,-0.66,0.00,0.00,1.43,144,31
5504,-11.5,-17.8,19.4,-0.145,-0.053,-0.710,-2.5,-3.4,0.0,0.0106,0.0143,-0.0281,926,979,877,851,0.01,0.01,0.31,1.43,0.3972,2,1,0,0.01,0.00,0.34,-0.63,0.00,0.00,1.42,144,31
5514,-5.9,-7.1,-86.9,-0.031,-0.123,-1.077,-2.2,-3.3,0.0,0.0103,0.0132,0.0676,1036,859,1015,745,0.01,0.01,0.31,1.42,0.4000,2,1,0,0.01,0.00,0.35,-0.62,0.00,0.00,1.42,144,31
5524,-10.5,4.1,110.6,-0.054,-0.166,-0.859,-2.3,-3.3,0.0,0.0099,-0.0077,-0.1193,723,1134,728,1072,0.01,0.01,0.31,1.42,0.4003,2,1,0,0.01,0.00,0.34,-0.58,0.00,0.00,1.42,144,31
5534,8.2,19.5,-115.3,0.048,-0.237,-0.832,-2.2,-3.5,0.0,-0.0081,-0.0222,0.1070,1100,686,1140,740,0.01,0.01,0.30,1.42,0.4016,2,1,0,0.01,0.00,0.34,-0.56,0.00,0.00,1.41,144,31
5544,-0.8,18.2,109.0,-0.076,0.029,-1.339,-2.2,-3.4,0.0,0.0018,-0.0208,-0.1194,642,1141,726,1159,0.01,0.01,0.31,1.42,0.4017,2,1,0,0.01,0.00,0.32,-0.55,0.00,0.00,1.39,144,31
5554,-7.7,4.8,-64.6,0.105,-0.009,-1.184,-2.3,-3.7,0.0,0.0025,-0.0167,0.0671,1023,743,1098,822,0.01,0.01,0.30,1.42,0.4041,2,1,0,0.01,0.00,0.33,-0.53,0.00,0.00,1.37,144,31
5565,2.3,14.8,14.4,0.010,0.077,-0.767,-2.2,-3.6,0.0,-0.0067,-0.0220,-0.0342,784,955,842,1085,0.01,0.01,0.31,1.41,0.4015,2,1,0,0.01,0.00,0.34,-0.55,0.00,0.00,1.39,144,31
5575,0.4,-12.3,34.9,0.014,0.290,-0.963,-2.0,-3.5,0.0,-0.0008,0.0086,-0.0435,868,980,885,948,0.01,0.01,0.30,1.41,0.4035,2,1,0,0.01,0.00,0.36,-0.57,0.00,0.00,1.41,144,31
5585,-3.1,-4.2,-79.4,-0.080,0.107,-1.085,-1.8,-3.5,0.0,0.0040,0.0005,0.0669,999,826,1028,830,0.01,0.01,0.31,1.41,0.4038,2,1,0,0.01,0.00,0.36,-0.58,0.00,0.00,1.41,144,31
5595,10.9,-10.1,105.3,0.020,0.262,-1.024,-1.8,-3.2,0.0,-0.0111,0.0067,-0.1140,768,1134,663,1108,0.01,0.01,0.31,1.41,0.4026,2,1,0,0.01,0.00,0.40,-0.60,0.00,0.00,1.41,144,31
5605,13.3,14.8,-110.5,0.190,0.059,-1.267,-1.5,-3.3,0.0,-0.0096,-0.0063,0.1007,1124,726,1096,744,0.01,0.01,0.30,1.40,0.4047,2,1,0,0.01,0.00,0.45,-0.60,0.00,0.00,1.39,143,31
5615,-2.4,23.2,95.2,0.093,0.215,-1.376,-1.5,-3.3,0.0,0.0026,-0.0269,-0.1039,687,1123,707,1161,0.01,0.01,0.31,1.40,0.4031,2,1,0,0.01,0.00,0.48,-0.60,0.00,0.00,1.38,142,31
5625,6.9,20.2,-67.2,0.231,0.079,-1.092,-1.5,-3.7,0.0,-0.0067,-0.0241,0.0586,1031,706,1086,855,0.01,0.01,0.30,1.40,0.4031,2,1,0,0.01,0.00,0.50,-0.60,0.00,0.00,1.38,142,31
5635,-5.1,-0.6,16.3,0.112,0.033,-1.046,-1.1,-3.5,0.0,0.0065,-0.0115,-0.0376,785,986,869,1019,0.01,0.01,0.31,1.40,0.4006,2,1,0,0.01,0.00,0.47,-0.61,0.00,0.00,1.38,142,31
5645,-12.6,-29.7,46.4,-0.126,0.009,-0.996,-1.0,-3.4,0.0,0.0133,0.0262,-0.0550,871,1019,857,932,0.01,0.01,0.31,1.40,0.4032,2,1,0,0.01,0.00,0.45,-0.60,0.00,0.00,1.38,142,31
5655,2.1,-24.5,-69.3,-0.059,-0.131,-0.825,-0.6,-3.1,0.0,0.0012,0.0235,0.0517,1036,880,968,781,0.01,0.01,0.31,1.39,0.4015,2,1,0,0.01,0.00,0.43,-0.60,0.00,0.00,1.37,142,31
5666,-3.1,-4.7,125.0,-0.128,-0.004,-0.825,-0.4,-2.9,0.0,0.0043,0.0015,-0.1337,697,1199,674,1109,0.01,0.01,0.31,1.39,0.4032,2,1,0,0.01,0.00,0.41,-0.60,0.00,0.00,1.38,142,31
5676,-0.3,18.3,-97.4,-0.015,-0.302,-0.757,-0.3,-3.2,0.0,0.0013,-0.0203,0.0884,1068,739,1107,779,0.01,0.01,0.31,1.39,0.4051,2,1,0,0.01,0.00,0.43,-0.61,0.00,0.00,1.39,141,31
5686,-2.3,21.4,110.5,0.037,-0.057,-0.993,-0.2,-3.1,0.0,0.0037,-0.0249,-0.1193,604,1122,719,1228,0.01,0.01,0.32,1.39,0.4025,2,1,0,0.01,0.00,0.45,-0.61,0.00,0.00,1.37,141,31
5696,7.4,-4.9,-51.4,-0.024,0.007,-1.165,-0.2,-3.2,0.0,-0.0070,-0.0105,0.0530,1013,767,1057,857,0.01,0.01,0.31,1.39,0.4052,2,1,0,0.01,0.00,0.47,-0.59,0.00,0.00,1.35,141,31
5706,7.7,-30.5,10.0,-0.134,0.000,-0.946,-0.1,-2.9,0.0,-0.0062,0.0275,-0.0188,836,1010,807,1031,0.01,0.00,0.32,1.38,0.4040,2,1,0,0.01,0.00,0.45,-0.59,0.00,0.00,1.35,141,31
5716,-5.3,-30.8,37.9,0.013,0.039,-1.254,-0.2,-2.7,0.0,0.0068,0.0280,-0.0466,912,1023,832,932,0.01,0.00,0.31,1.38,0.4060,2,1,0,0.01,0.00,0.44,-0.58,0.00,0.00,1.36,140,31
5726,-7.3,-16.2,-77.1,0.059,-0.223,-1.186,-0.2,-2.6,0.0,-0.0013,0.0206,0.0547,1066,864,950,813,0.01,0.00,0.32,1.38,0.4049,2,1,0,0.01,0.00,0.41,-0.57,0.00,0.00,1.37,140,31
5736,-1.9,-6.8,107.4,0.003,0.020,-0.779,-0.1,-2.3,0.0,0.0034,0.0043,-0.1161,768,1168,689,1055,0.01,0.00,0.32,1.38,0.4034,2,1,0,0.01,0.00,0.38,-0.56,0.00,0.00,1.38,140,31
5746,-5.9,-4.4,-104.8,0.083,0.039,-0.875,-0.1,-2.4,0.0,0.0140,0.0106,0.0979,1104,797,1107,676,0.01,0.00,0.32,1.37,0.4039,2,1,0,0.01,0.00,0.38,-0.57,0.00,0.00,1.37,139,31
5757,-15.3,6.4,107.8,0.056,0.027,-1.171,-0.1,-2.4,0.0,0.0168,-0.0091,-0.1165,651,1173,722,1146,0.01,0.00,0.33,1.37,0.4049,2,1,0,0.01,0.00,0.37,-0.56,0.00,0.00,1.36,139,31
5767,2.7,11.9,-52.2,0.048,0.000,-0.904,-0.4,-2.3,0.0,-0.0015,-0.0145,0.0434,1039,795,1030,824,0.01,0.00,0.32,1.37,0.4045,2,1,0,0.01,0.00,0.39,-0.53,0.00,0.00,1.36,139,31
5777,0.9,24.4,36.3,0.131,-0.062,-1.311,-0.1,-2.2,0.0,0.0033,-0.0226,-0.0555,745,1053,807,1064,0.01,0.00,0.33,1.37,0.4020,2,1,0,0.01,0.00,0.37,-0.52,0.00,0.00,1.36,139,31
5787,5.9,26.4,44.6,0.085,0.087,-1.334,-0.2,-2.5,0.0,-0.0030,-0.0328,-0.0496,782,919,940,1052,0.01,0.00,0.32,1.37,0.4051,2,1,0,0.01,0.00,0.39,-0.50,0.00,0.00,1.37,139,31
5797,7.8,30.8,-66.8,0.105,0.198,-1.052,0.0,-2.5,0.0,0.0052,-0.0429,0.0427,867,796,1082,915,0.01,0.00,0.33,1.37,0.4007,2,1,0,0.01,0.00,0.41,-0.47,0.00,0.00,1.37,138,31
5807,1.4,-9.3,93.8,0.003,0.135,-1.307,-0.1,-2.2,0.0,0.0000,0.0069,-0.1026,735,1075,729,1119,0.01,0.00,0.33,1.36,0.4005,2,1,0,0.01,0.00,0.43,-0.48,0.00,0.00,1.36,139,31
5817,6.1,-14.6,-106.2,0.114,-0.079,-1.091,-0.1,-2.2,0.0,-0.0177,0.0030,0.0954,1125,688,1056,788,0.01,0.00,0.33,1.36,0.4003,2,1,0,0.01,0.00,0.46,-0.50,0.00,0.00,1.35,139,31
5827,-14.0,-6.1,103.1,-0.120,-0.032,-0.877,0.1,-1.9,0.0,0.0159,0.0040,-0.1119,699,1150,680,1090,0.00,0.00,0.34,1.36,0.3953,2,1,0,0.01,0.00,0.47,-0.52,0.00,0.00,1.35,139,31
5837,-20.8,-14.5,-74.9,0.104,-0.252,-0.929,0.2,-2.0,0.0,0.0233,0.0110,0.0705,1049,796,1095,708,0.00,0.00,0.33,1.36,0.3992,2,1,0,0.01,0.00,0.48,-0.52,0.00,0.00,1.35,139,31
5847,-2.0,-9.5,46.5,-0.064,-0.094,-0.713,0.4,-1.8,0.0,0.0043,0.0058,-0.0588,761,1052,788,1040,0.00,0.00,0.34,1.36,0.3981,2,1,0,0.01,0.00,0.49,-0.52,0.00,0.00,1.33,139,31
5858,-0.4,-20.3,27.7,-0.108,-0.003,-0.726,0.5,-1.5,0.0,0.0027,0.0187,-0.0366,933,1004,862,856,0.00,0.00,0.33,1.36,0.4001,2,1,0,0.01,0.00,0.52,-0.52,0.00,0.00,1.35,139,31
5868,4.5,14.1,-35.9,-0.010,-0.194,-0.881,0.5,-1.5,-13.7,-0.0052,-0.0068,0.0013,912,912,890,935,0.00,0.00,0.34,1.35,0.3993,2,1,0,0.01,0.00,0.51,-0.51,0.00,0.00,1.36,138,31
5878,-0.9,26.7,116.5,0.061,0.020,-0.895,0.5,-1.6,-13.7,0.0029,-0.0290,-0.1364,612,1113,726,1205,0.00,0.00,0.34,1.35,0.4002,2,1,0,0.01,0.00,0.49,-0.50,0.00,0.00,1.35,137,31
5888,3.7,15.3,-95.3,0.037,-0.007,-0.615,0.5,-1.8,-26.1,-0.0015,-0.0173,0.0602,959,748,1062,867,0.00,0.00,0.34,1.35,0.3975,2,1,0,0.01,0.00,0.49,-0.50,0.00,0.00,1.35,137,31
5898,7.4,-4.5,123.5,-0.081,0.306,-1.043,0.5,-1.4,-26.1,-0.0053,-0.0002,-0.1616,600,1202,598,1230,0.00,0.00,0.35,1.35,0.3967,2,1,0,0.01,0.00,0.48,-0.49,0.00,0.00,1.33,137,31
5908,-2.9,1.6,-86.8,0.299,-0.199,-0.735,0.5,-1.3,-41.1,0.0052,-0.0031,0.0367,990,825,1001,826,0.00,0.00,0.34,1.35,0.3984,2,1,0,0.01,0.00,0.48,-0.48,0.00,0.00,1.33,137,31
5918,-17.9,27.0,47.5,0.112,-0.154,-0.665,0.6,-1.1,-41.1,0.0190,-0.0297,-0.1033,599,1112,741,1170,0.00,0.00,0.35,1.35,0.3958,2,1,0,0.01,0.00,0.47,-0.49,0.00,0.00,1.36,137,31
5928,2.6,-6.9,-2.1,-0.042,0.070,-0.938,0.4,-0.8,-54.5,-0.0005,0.0059,-0.0614,847,1004,828,958,0.00,0.00,0.34,1.35,0.3977,2,1,0,0.01,0.00,0.49,-0.48,0.00,0.00,1.35,137,31
5938,14.1,-0.8,-45.5,0.011,-0.308,-0.830,0.4,-0.8,-54.5,-0.0120,-0.0008,-0.0218,845,952,828,992,0.00,0.00,0.35,1.35,0.3951,2,1,0,0.01,0.00,0.49,-0.49,0.00,0.00,1.35,137,31
5948,10.8,41.5,106.2,-0.014,-0.003,-0.685,0.0,-0.9,-63.8,-0.0038,-0.0485,-0.1692,497,1121,665,1319,0.01,0.00,0.35,1.35,0.3932,2,1,0,0.01,0.00,0.47,-0.50,0.00,0.00,1.34,137,31
5959,21.8,42.4,-125.8,-0.174,0.147,-0.774,0.0,-0.6,-63.8,-0.0203,-0.0434,0.0527,928,708,1053,905,0.01,0.00,0.34,1.35,0.3919,2,1,0,0.01,0.00,0.44,-0.50,0.00,0.00,1.33,136,31
5969,5.1,18.5,107.0,0.004,0.198,-0.922,-0.2,0.0,-71.9,-0.0036,-0.0169,-0.1878,545,1229,553,1262,0.01,0.00,0.35,1.34,0.3914,2,1,0,0.01,0.00,0.46,-0.50,0.00,0.00,1.35,136,31
5979,-10.4,-7.1,-117.7,0.181,-0.082,-0.862,-0.3,0.2,-71.9,0.0108,0.0099,0.0399,996,850,962,761,0.01,0.00,0.33,1.34,0.3886,2,1,0,0.01,0.00,0.50,-0.48,0.00,0.00,1.37,136,31
5989,-3.7,-11.4,33.7,-0.197,0.144,-1.258,-0.2,0.6,-77.8,0.0058,0.0272,-0.1367,673,1252,563,1094,0.01,0.00,0.35,1.34,0.3904,2,1,0,0.01,0.00,0.53,-0.49,0.00,0.00,1.35,136,31
5999,12.1,-24.6,-14.5,-0.155,-0.089,-1.665,-0.6,0.8,-77.8,-0.0140,0.0318,-0.0667,952,1040,679,927,0.01,0.00,0.33,1.34,0.3927,2,1,0,0.01,0.00,0.55,-0.49,0.00,0.00,1.32,136,31
6009,4.3,-30.7,-75.2,0.228,0.005,-1.138,-0.4,0.5,-82.5,-0.0031,0.0312,-0.0169,863,1031,778,941,0.01,0.00,0.34,1.34,0.3945,2,1,0,0.01,0.00,0.52,-0.48,0.00,0.00,1.33,136,31
6019,24.7,-37.4,73.9,0.067,0.324,-1.214,-0.6,0.2,-82.5,-0.0239,0.0377,-0.1661,640,1208,571,1210,0.01,0.00,0.33,1.34,0.3966,2,1,0,0.01,0.00,0.48,-0.49,0.00,0.00,1.33,136,31
6029,-12.0,5.4,-139.3,0.106,-0.342,-0.193,-0.7,0.1,-87.8,0.0130,-0.0053,0.0417,931,777,1013,852,0.01,0.00,0.32,1.34,0.3891,2,1,0,0.01,0.00,0.47,-0.47,0.00,0.00,1.34,136,31
6039,-12.2,10.2,96.2,-0.094,0.069,-0.453,-0.4,0.3,-87.8,0.0181,-0.0125,-0.1925,443,1257,632,1217,0.01,0.00,0.33,1.34,0.3861,2,1,0,0.01,0.00,0.47,-0.45,0.00,0.00,1.34,136,31
6050,7.8,12.1,-91.0,0.066,-0.029,-1.012,-0.6,0.3,-92.4,-0.0068,-0.0120,-0.0112,887,847,903,903,0.01,0.00,0.31,1.34,0.3848,2,1,0,0.01,0.00,0.48,-0.46,0.00,0.00,1.33,136,31
6060,-27.9,12.7,7.9,0.059,-0.104,-1.633,-0.4,0.5,-92.4,0.0303,-0.0027,-0.1262,594,1213,680,1101,0.01,0.00,0.32,1.34,0.3913,2,1,0,0.01,0.00,0.48,-0.48,0.00,0.00,1.31,136,31
6070,-2.8,-18.7,-15.7,0.002,-0.048,-1.882,-0.7,0.5,-96.8,0.0061,0.0239,-0.0845,817,1114,733,977,0.01,0.00,0.31,1.34,0.3983,2,1,0,0.01,0.00,0.49,-0.47,0.00,0.00,1.31,136,31
6080,-8.8,-16.7,-110.5,0.220,-0.447,-0.479,-0.8,0.0,-96.8,0.0035,0.0131,-0.0077,891,948,853,918,0.01,0.00,0.31,1.34,0.3942,2,1,0,0.01,0.00,0.48,-0.48,0.00,0.00,1.31,136,31
6090,-2.1,16.5,61.4,-0.007,0.032,0.010,-0.6,-0.2,-96.8,0.0047,-0.0212,-0.1649,524,1130,695,1220,0.01,0.00,0.30,1.33,0.3888,2,1,0,0.01,0.00,0.51,-0.47,0.00,0.00,1.29,136,31
6100,8.3,19.0,-131.7,-0.050,-0.123,-0.946,-0.6,-0.2,-96.8,-0.0074,-0.0195,0.0247,932,796,980,874,0.01,0.00,0.29,1.33,0.3904,2,1,0,0.01,0.00,0.55,-0.47,0.00,0.00,1.26,135,31
6110,-12.6,31.0,67.1,-0.114,0.050,-1.576,-0.5,-0.1,-109.2,0.0143,-0.0280,-0.1878,498,1269,590,1264,0.01,0.00,0.29,1.33,0.3956,2,1,0,0.01,0.00,0.56,-0.48,0.00,0.00,1.29,135,31
6120,3.8,-27.6,-102.7,0.005,0.129,-1.772,-0.5,-0.1,-109.2,-0.0014,0.0291,-0.0162,955,1015,840,895,0.01,0.00,0.28,1.33,0.4066,2,1,0,0.01,0.00,0.55,-0.46,0.00,0.00,1.31,134,31
6130,-3.6,-31.8,-22.2,0.247,-0.048,-0.812,-0.3,-0.5,-112.7,0.0049,0.0313,-0.1009,720,1185,633,1120,0.01,0.00,0.28,1.33,0.4005,2,1,0,0.01,0.00,0.56,-0.47,0.00,0.00,1.31,134,31
6140,-21.8,6.2,-17.4,-0.115,-0.051,0.042,0.0,-0.9,-112.7,0.0249,-0.0110,-0.0998,650,1083,817,1050,0.01,0.00,0.26,1.33,0.3929,2,1,0,0.01,0.00,0.59,-0.45,0.00,0.00,1.30,133,31
6150,-0.2,29.8,-104.4,-0.233,-0.335,-0.714,0.1,-0.7,-112.7,0.0019,-0.0309,-0.0188,807,904,898,995,0.01,0.00,0.26,1.32,0.3933,2,1,0,0.01,0.00,0.62,-0.42,0.00,0.00,1.29,134,31
6161,-29.0,39.5,57.5,-0.031,-0.223,-1.647,0.2,-0.8,-112.7,0.0204,-0.0314,-0.1744,484,1220,680,1262,0.00,0.00,0.25,1.32,0.3988,2,1,0,0.01,0.00,0.63,-0.42,0.00,0.00,1.29,134,31
6171,4.6,-9.1,-141.9,0.075,0.213,-1.761,0.4,-1.0,-112.7,-0.0026,0.0079,0.0184,970,901,928,895,0.00,0.00,0.24,1.32,0.4051,2,1,0,0.01,0.00,0.63,-0.41,0.00,0.00,1.29,134,31
6181,3.9,-38.3,44.9,0.301,0.218,-0.726,0.3,-0.9,-112.7,-0.0068,0.0381,-0.1728,672,1305,460,1242,0.00,0.00,0.24,1.32,0.4032,2,1,0,0.01,0.00,0.61,-0.39,0.00,0.00,1.30,134,31
6191,-1.1,-9.2,-122.0,0.136,0.021,0.002,0.7,-1.6,-112.7,0.0035,0.0075,-0.0015,909,881,958,876,0.00,0.00,0.22,1.32,0.3959,2,1,0,0.01,0.00,0.62,-0.38,0.00,0.00,1.30,134,31
6201,10.6,48.9,-26.7,-0.440,-0.282,-0.714,0.7,-1.6,-115.8,-0.0117,-0.0427,-0.1098,638,1035,730,1203,0.00,0.00,0.23,1.32,0.3936,2,1,0,0.01,0.00,0.61,-0.40,0.00,0.00,1.30,134,31
6211,6.5,40.6,-11.3,-0.249,-0.149,-1.237,0.3,-1.6,-115.8,-0.0045,-0.0426,-0.1155,719,1030,731,1167,0.00,0.00,0.21,1.31,0.3989,2,1,0,0.01,0.00,0.62,-0.40,0.00,0.00,1.30,134,31
6221,39.7,-25.5,-120.1,0.032,0.414,-1.253,0.5,-1.9,-116.4,-0.0340,0.0281,-0.0181,965,961,758,960,0.00,0.00,0.20,1.31,0.3987,2,1,0,0.01,0.00,0.64,-0.44,0.00,0.00,1.30,134,31
6231,9.6,-69.1,34.8,0.239,0.404,-1.052,0.5,-2.1,-116.4,-0.0074,0.0671,-0.1624,699,1243,526,1160,0.00,0.00,0.20,1.31,0.3965,2,1,0,0.01,0.00,0.69,-0.43,0.00,0.00,1.29,134,31
6241,-0.2,-17.9,-153.2,0.381,0.168,-0.933,0.9,-2.8,-116.4,0.0028,0.0150,0.0256,882,854,1031,870,0.00,0.00,0.18,1.31,0.3976,2,1,0,0.01,0.00,0.71,-0.42,0.00,0.00,1.28,134,31
6252,2.1,63.9,35.9,-0.363,0.019,-1.410,0.8,-2.7,-116.4,0.0011,-0.0691,-0.1655,456,1108,737,1356,0.00,0.01,0.18,1.31,0.4003,2,1,0,0.01,0.00,0.66,-0.43,0.00,0.00,1.30,134,31
6262,-16.9,63.4,-107.4,-0.281,-0.294,-0.892,0.5,-2.3,-116.4,0.0192,-0.0663,-0.0202,804,869,1009,981,0.00,0.01,0.16,1.31,0.4011,2,1,0,0.01,0.00,0.66,-0.38,0.00,0.00,1.31,134,31
6272,5.6,1.1,-33.5,-0.162,0.133,-0.475,0.7,-2.1,-116.4,0.0017,0.0108,-0.1074,711,1168,662,1077,0.00,0.00,0.16,1.31,0.3952,2,1,0,0.01,0.00,0.71,-0.39,0.00,0.00,1.29,134,31
6282,-6.6,-42.7,-35.5,0.318,0.102,-0.716,0.5,-2.1,-116.4,0.0089,0.0405,-0.0923,851,1115,676,960,0.00,0.00,0.14,1.31,0.3930,2,1,0,0.01,0.00,0.76,-0.36,0.00,0.00,1.27,134,31
6292,-10.6,-37.6,-128.5,0.401,0.110,-1.304,1.1,-2.4,-116.4,0.0154,0.0239,-0.0073,882,995,884,878,0.00,0.00,0.14,1.31,0.3979,2,1,0,0.01,0.00,0.77,-0.35,0.00,0.00,1.27,134,31
6302,0.5,-20.7,33.7,-0.168,0.040,-1.833,1.2,-2.1,-119.2,0.0024,0.0184,-0.1645,656,1261,593,1194,0.00,0.00,0.13,1.30,0.4066,2,1,0,0.01,0.00,0.76,-0.36,0.00,0.00,1.28,134,31
6312,-3.0,18.6,-163.9,-0.060,-0.245,-1.062,1.4,-2.1,-119.2,0.0041,-0.0133,0.0285,950,866,986,884,0.00,0.00,0.11,1.30,0.4041,2,1,0,0.01,0.00,0.77,-0.31,0.00,0.00,1.30,134,31
6322,15.2,1.0,45.1,-0.103,0.210,-0.464,1.7,-2.4,-126.7,-0.0053,-0.0090,-0.1877,517,1246,581,1293,0.00,0.00,0.11,1.30,0.3977,2,1,0,0.01,0.00,0.79,-0.31,0.00,0.00,1.32,135,31
6332,8.9,6.5,-151.4,0.148,0.042,-0.352,1.8,-2.6,-126.7,-0.0054,-0.0093,0.0130,912,788,979,898,0.00,0.00,0.09,1.30,0.3898,2,1,0,0.01,0.00,0.79,-0.30,0.00,0.00,1.32,135,31
6342,-10.6,27.1,-35.0,0.088,0.194,-0.985,2.3,-2.5,-131.7,0.0206,-0.0354,-0.1157,557,1100,775,1149,0.00,0.00,0.09,1.30,0.3902,2,1,0,0.01,0.00,0.80,-0.30,0.00,0.00,1.31,135,31
6353,-0.1,12.8,-46.6,-0.317,0.164,-1.672,2.3,-1.7,-131.7,0.0041,-0.0150,-0.0969,789,1083,755,998,0.00,0.00,0.07,1.30,0.3960,2,1,0,0.01,0.00,0.85,-0.28,0.00,0.00,1.30,135,31
6363,-12.3,-31.5,-112.5,0.161,-0.270,-1.298,2.3,-2.0,-131.7,0.0076,0.0397,-0.0493,870,1106,714,940,0.00,0.00,0.06,1.30,0.3967,2,1,0,0.01,0.00,0.86,-0.27,0.00,0.00,1.31,135,31
6373,5.0,-57.2,14.2,0.134,0.299,-0.850,2.4,-2.6,-131.7,-0.0020,0.0443,-0.1566,669,1247,547,1139,0.00,0.00,0.05,1.30,0.3930,2,1,0,0.01,0.00,0.84,-0.23,0.00,0.00,1.32,135,31
6383,18.0,-1.1,-193.2,0.418,-0.132,-0.477,2.5,-3.1,-131.7,-0.0138,-0.0021,0.0494,934,717,1014,900,0.00,0.00,0.03,1.30,0.3881,2,1,0,0.01,0.00,0.77,-0.22,0.00,0.00,1.29,135,31
6393,0.0,71.3,27.1,-0.091,0.181,-0.985,2.8,-3.2,-131.7,0.0065,-0.0874,-0.1700,401,1068,756,1374,0.00,0.01,0.03,1.30,0.3926,2,1,0,0.01,0.00,0.85,-0.24,0.00,0.00,1.26,135,31
6403,13.0,58.5,-148.4,-0.465,0.083,-1.314,2.8,-2.3,-131.7,-0.0084,-0.0615,0.0045,914,824,973,937,0.00,0.01,0.00,1.30,0.3991,2,1,0,0.01,0.00,0.92,-0.22,0.00,0.00,1.26,135,31
6413,6.8,-11.7,2.9,0.056,0.055,-0.739,2.9,-2.2,-131.7,-0.0095,0.0311,-0.1595,681,1247,527,1166,0.00,0.00,0.00,1.30,0.3955,2,1,0,0.01,0.00,0.90,-0.24,0.00,0.00,1.27,135,31
6423,14.5,-59.7,-69.0,0.085,0.309,-0.789,2.9,-2.9,-121.4,-0.0098,0.0568,-0.0646,911,1058,700,923,0.00,0.00,-0.01,1.30,0.3917,2,1,0,0.01,0.00,0.87,-0.22,0.00,0.00,1.27,135,31
6433,1.2,-18.5,-132.0,0.219,-0.008,-1.204,3.1,-3.0,-121.4,0.0033,0.0077,-0.0187,838,972,852,951,0.00,0.00,-0.02,1.30,0.3945,2,1,0,0.01,0.00,0.84,-0.23,0.00,0.00,1.27,135,31
6444,-2.9,-7.8,-3.7,0.071,0.126,-1.655,3.1,-3.2,-121.7,0.0078,0.0043,-0.1304,654,1144,737,1127,0.00,0.01,-0.03,1.29,0.4010,2,1,0,0.01,0.00,0.88,-0.21,0.00,0.00,1.26,135,31
6454,9.3,15.2,-173.9,-0.140,-0.181,-1.491,3.0,-3.2,-121.7,-0.0058,-0.0162,0.0384,972,810,1009,884,0.00,0.01,-0.05,1.29,0.4028,2,1,0,0.01,0.00,0.88,-0.19,0.00,0.00,1.25,135,31
6464,6.1,1.9,50.0,0.008,0.127,-1.050,2.9,-3.1,-121.7,-0.0014,-0.0054,-0.1843,555,1243,560,1288,0.00,0.01,-0.05,1.29,0.3989,2,1,0,0.01,0.00,0.87,-0.18,0.00,0.00,1.26,135,31
6474,16.6,-13.9,-159.1,0.267,0.184,-0.098,3.1,-3.9,-121.7,-0.0118,0.0098,0.0248,938,807,987,862,0.00,0.01,-0.08,1.29,0.3920,2,1,0,0.01,0.00,0.93,-0.14,0.00,0.00,1.26,135,31
6484,3.0,27.1,-24.6,0.062,0.145,-1.083,3.1,-3.8,-121.7,0.0045,-0.0375,-0.1217,566,1079,741,1205,0.00,0.01,-0.08,1.29,0.3917,2,1,0,0.01,0.00,0.94,-0.13,0.00,0.00,1.28,134,31
6494,-3.4,37.5,-98.7,-0.104,0.099,-1.130,3.3,-3.4,-121.7,0.0084,-0.0414,-0.0356,810,919,956,943,0.00,0.01,-0.10,1.29,0.3964,2,1,0,0.01,0.00,0.90,-0.09,0.00,0.00,1.31,134,31
6504,3.0,8.2,-121.1,-0.385,-0.177,-1.374,3.4,-3.2,-121.7,0.0069,0.0123,-0.0261,874,1049,818,908,0.00,0.01,-0.11,1.29,0.3993,2,1,0,0.01,0.00,0.87,-0.08,0.00,0.00,1.29,133,31
6514,11.5,-19.7,5.9,-0.212,-0.095,-0.931,3.4,-3.1,-121.7,-0.0057,0.0241,-0.1363,749,1219,595,1087,0.00,0.01,-0.13,1.29,0.3994,2,1,0,0.01,0.00,0.90,-0.05,0.00,0.00,1.27,134,31
6524,11.7,-41.5,-167.4,0.190,0.037,-0.634,3.6,-4.0,-121.7,-0.0063,0.0373,0.0329,994,879,915,832,0.00,0.01,-0.14,1.29,0.3954,2,1,0,0.01,0.00,0.96,-0.02,0.00,0.00,1.27,134,31
6534,17.4,-24.8,30.4,0.144,0.393,-0.686,3.8,-4.3,-121.7,-0.0111,0.0133,-0.1651,601,1191,578,1232,0.00,0.01,-0.15,1.29,0.3931,2,1,0,0.01,0.00,0.98,0.00,0.00,0.00,1.27,133,31
6545,-0.5,15.5,-187.2,0.372,-0.007,-1.222,4.0,-4.5,-118.9,0.0063,-0.0204,0.0554,933,710,1116,864,0.00,0.01,-0.17,1.29,0.3957,2,1,0,0.01,0.00,0.95,0.02,0.00,0.00,1.28,133,31
6555,-22.5,33.8,-20.6,-0.055,0.184,-1.406,4.4,-4.3,-118.9,0.0297,-0.0401,-0.1151,533,1142,792,1166,0.00,0.01,-0.17,1.29,0.3972,2,1,0,0.01,0.00,0.92,0.00,0.00,0.00,1.29,133,31
6565,-4.4,-2.4,-106.8,-0.393,0.016,-1.903,4.4,-3.6,-111.4,0.0109,0.0065,-0.0129,932,992,894,868,0.00,0.01,-0.20,1.29,0.4041,2,1,0,0.01,0.00,0.93,0.04,0.00,0.00,1.30,133,31
6575,7.0,-22.5,-102.7,0.017,-0.229,-0.703,4.7,-4.0,-111.4,-0.0005,0.0181,-0.0217,888,1044,761,932,0.00,0.01,-0.20,1.29,0.3960,2,1,0,0.01,0.00,0.97,0.06,0.00,0.00,1.29,133,31
6585,2.9,-35.1,1.4,0.169,0.223,-0.857,4.8,-4.9,-99.0,0.0048,0.0077,-0.1081,681,1094,742,1106,0.00,0.01,-0.22,1.29,0.3960,2,1,0,0.01,0.00,0.93,0.08,0.00,0.00,1.28,133,31
6595,25.0,-1.1,-191.0,0.168,0.054,-0.730,4.9,-5.3,-99.0,-0.0183,-0.0044,0.0789,982,655,1086,857,0.00,0.01,-0.24,1.29,0.3901,2,1,0,0.01,0.00,0.88,0.09,0.00,0.00,1.28,133,31
6605,0.9,21.0,29.2,0.182,0.123,-0.981,4.9,-5.4,-78.7,-0.0029,-0.0441,-0.1193,597,1014,767,1237,0.00,0.01,-0.24,1.29,0.3947,2,1,0,0.01,0.00,0.84,0.11,0.00,0.00,1.28,133,31
6615,7.1,59.8,-178.9,0.106,0.154,-1.407,5.2,-5.5,-78.7,-0.0005,-0.0682,0.0889,956,606,1212,868,0.00,0.02,-0.27,1.29,0.3983,2,1,0,0.01,0.00,0.83,0.14,0.00,0.00,1.27,133,31
6625,-8.6,30.8,-11.2,-0.295,0.222,-1.326,5.4,-5.2,-58.5,0.0159,-0.0365,-0.0603,699,1071,833,1065,0.00,0.01,-0.27,1.28,0.4018,2,1,0,0.01,0.00,0.85,0.13,0.00,0.00,1.26,133,31
6635,0.9,-20.5,-71.2,-0.031,-0.014,-1.296,5.2,-5.2,-58.5,0.0051,0.0201,0.0049,1000,954,900,830,0.00,0.01,-0.29,1.28,0.4039,2,1,0,0.01,0.00,0.88,0.16,0.00,0.00,1.26,133,31
6645,1.5,-31.9,-101.6,0.047,-0.307,-0.832,5.3,-5.6,-36.4,0.0057,0.0259,0.0521,1025,913,903,810,0.00,0.01,-0.29,1.28,0.3996,2,1,0,0.01,0.00,0.91,0.18,0.00,0.00,1.26,133,31
6656,-0.5,-27.7,34.7,-0.131,-0.024,-1.070,5.4,-5.9,-36.4,0.0044,0.0215,-0.0799,805,1099,746,1025,0.00,0.01,-0.31,1.28,0.4027,2,1,0,0.01,0.00,0.87,0.21,0.00,0.00,1.26,134,31
6666,6.2,-20.0,-179.8,-0.142,-0.032,-0.640,5.5,-6.2,-16.5,0.0011,0.0134,0.1502,1190,656,1161,638,0.00,0.02,-0.32,1.28,0.3987,2,1,0,0.01,0.00,0.86,0.23,0.00,0.00,1.26,134,31
6676,-4.0,1.7,62.1,-0.142,-0.068,-0.794,5.5,-6.2,-16.5,0.0114,-0.0084,-0.0916,702,1102,776,1079,0.00,0.02,-0.32,1.28,0.4005,2,1,0,0.01,0.00,0.86,0.25,0.00,0.00,1.28,134,31
6686,0.5,-9.9,-153.3,-0.008,-0.323,-0.984,5.5,-6.2,0.0,0.0068,0.0032,0.1404,1223,678,1175,597,0.00,0.02,-0.35,1.28,0.4024,2,1,0,0.01,0.00,0.84,0.28,0.00,0.00,1.29,134,31
6696,4.0,-6.2,-0.4,-0.249,-0.077,-1.125,5.5,-6.5,0.0,0.0032,0.0015,-0.0181,842,1007,840,976,0.00,0.02,-0.34,1.28,0.4013,2,1,0,0.01,0.00,0.82,0.29,0.00,0.00,1.29,134,31
6706,-7.5,-12.2,-42.0,0.009,0.059,-1.413,5.4,-6.5,0.0,0.0149,0.0052,0.0292,1008,874,1010,781,0.00,0.02,-0.36,1.28,0.4025,2,1,0,0.01,0.00,0.81,0.33,0.00,0.00,1.28,134,31
6716,0.0,2.9,-104.4,0.019,-0.035,-1.163,5.4,-6.5,0.0,0.0052,0.0070,0.0769,1061,825,1014,750,0.00,0.02,-0.36,1.28,0.3992,2,1,0,0.01,0.00,0.83,0.31,0.00,0.00,1.27,133,31
6726,9.9,9.1,49.8,0.077,0.161,-1.271,5.6,-6.7,0.0,-0.0005,-0.0148,-0.0595,788,1003,844,1029,0.00,0.02,-0.37,1.28,0.4012,2,1,0,0.01,0.00,0.80,0.34,0.00,0.00,1.26,133,31
6736,10.7,24.4,-157.6,0.058,-0.223,-0.939,5.6,-6.8,0.0,-0.0032,-0.0318,0.1449,1145,603,1220,696,0.00,0.02,-0.38,1.28,0.4012,2,1,0,0.01,0.00,0.81,0.35,0.00,0.00,1.28,133,31
6747,-4.4,13.5,60.3,-0.226,0.031,-0.926,5.6,-6.7,0.0,0.0139,-0.0130,-0.0732,722,1052,824,1048,0.00,0.02,-0.38,1.28,0.3989,2,1,0,0.01,0.00,0.82,0.35,0.00,0.00,1.29,132,31
6757,-8.3,14.2,-119.9,-0.001,-0.229,-0.927,5.6,-6.8,0.0,0.0159,-0.0216,0.1073,1104,673,1186,700,0.00,0.02,-0.39,1.28,0.4011,2,1,0,0.01,0.00,0.82,0.35,0.00,0.00,1.28,132,31
6767,5.1,18.3,12.0,-0.051,-0.039,-1.057,5.7,-6.7,0.0,0.0009,-0.0178,-0.0392,807,958,877,1022,0.00,0.02,-0.39,1.28,0.4013,2,1,0,0.01,0.00,0.82,0.34,0.00,0.00,1.27,132,31
6777,-8.7,-0.7,-20.9,0.017,0.068,-1.148,5.7,-6.7,0.0,0.0164,-0.0064,0.0083,960,903,981,834,0.00,0.02,-0.40,1.28,0.4031,2,1,0,0.01,0.00,0.80,0.36,0.00,0.00,1.26,132,31
6787,-7.3,7.1,-87.4,0.064,-0.173,-1.234,5.7,-6.6,0.0,0.0151,-0.0144,0.0748,1010,829,1030,792,-0.01,0.02,-0.40,1.28,0.4007,2,1,0,0.01,0.00,0.78,0.35,0.00,0.00,1.26,132,31
6797,-3.0,11.5,71.3,0.054,0.197,-1.065,6.0,-6.6,0.0,0.0164,-0.0061,-0.0723,743,1078,828,1039,-0.01,0.02,-0.41,1.28,0.4044,2,1,0,0.01,0.00,0.74,0.34,0.00,0.00,1.26,132,31
6807,1.4,29.5,-141.2,0.172,-0.088,-0.895,6.0,-6.7,0.0,0.0065,-0.0369,0.1287,1095,673,1199,698,-0.01,0.02,-0.41,1.28,0.4015,2,1,0,0.01,0.00,0.72,0.35,0.00,0.00,1.27,132,31
6817,7.8,14.4,77.1,-0.189,0.172,-1.138,5.9,-6.8,0.0,-0.0035,-0.0142,-0.0943,718,1061,758,1128,-0.01,0.02,-0.41,1.28,0.4014,2,1,0,0.01,0.00,0.69,0.34,0.00,0.00,1.29,131,31
6827,2.4,17.0,-110.3,-0.032,-0.211,-0.910,5.9,-7.1,0.0,0.0054,-0.0248,0.0979,1083,645,1179,762,-0.01,0.02,-0.42,1.28,0.4020,2,1,0,0.01,0.00,0.68,0.37,0.00,0.00,1.30,131,31
6838,0.0,17.0,19.3,0.093,-0.152,-0.668,5.9,-7.2,0.0,0.0054,-0.0332,-0.0437,755,940,901,1045,-0.01,0.02,-0.41,1.28,0.3982,2,1,0,0.01,0.00,0.69,0.36,0.00,0.00,1.28,130,31
6848,-6.5,-2.4,0.0,-0.017,-0.165,-0.832,5.8,-7.4,0.0,0.0144,-0.0055,-0.0124,855,869,1009,922,-0.01,0.02,-0.43,1.28,0.4001,2,1,0,0.01,0.00,0.71,0.38,0.00,0.00,1.27,129,31
6858,-7.0,-11.2,-82.4,0.067,-0.257,-0.851,5.8,-7.3,0.0,0.0139,-0.0136,0.0568,934,801,1073,850,-0.01,0.02,-0.42,1.28,0.4006,2,1,0,0.01,0.00,0.72,0.38,0.00,0.00,1.27,129,31
6868,-11.7,-23.9,80.3,-0.057,0.044,-0.859,5.9,-6.9,0.0,0.0197,0.0164,-0.0927,745,1138,786,1004,-0.01,0.02,-0.43,1.28,0.4023,2,1,0,0.01,0.00,0.73,0.39,0.00,0.00,1.28,129,31
6878,-8.9,-33.5,-124.5,0.025,-0.063,-1.033,5.9,-7.0,0.0,0.0173,0.0270,0.1118,1132,786,1114,638,-0.01,0.02,-0.44,1.28,0.4020,2,1,0,0.01,0.00,0.74,0.39,0.00,0.00,1.27,128,31
6888,-2.6,-16.2,93.3,-0.049,0.118,-1.099,5.9,-6.8,0.0,0.0100,0.0104,-0.1072,715,1172,705,1085,-0.01,0.02,-0.43,1.28,0.4029,2,1,0,0.01,0.00,0.77,0.37,0.00,0.00,1.27,128,31
6898,10.5,-13.5,-91.2,-0.005,0.056,-1.106,5.9,-6.8,0.0,-0.0026,0.0060,0.0789,1127,803,1058,693,0.00,0.02,-0.44,1.28,0.4036,2,1,0,0.01,0.00,0.80,0.38,0.00,0.00,1.27,128,31
6908,2.8,-2.2,26.0,-0.105,0.016,-1.134,6.0,-6.8,0.0,0.0069,0.0000,-0.0424,809,1079,796,969,-0.01,0.02,-0.43,1.28,0.4000,2,1,0,0.01,0.00,0.82,0.37,0.00,0.00,1.26,128,31
6918,6.4,20.4,0.1,-0.126,-0.066,-1.065,5.9,-6.9,0.0,0.0014,-0.0282,-0.0123,919,885,963,912,-0.01,0.02,-0.45,1.27,0.4033,2,1,0,0.01,0.00,0.82,0.39,0.00,0.00,1.26,128,31
6928,5.3,38.2,-64.6,-0.032,-0.071,-1.087,6.1,-7.0,0.0,0.0050,-0.0363,0.0389,910,822,1037,899,-0.01,0.02,-0.44,1.27,0.4018,2,1,0,0.01,0.00,0.84,0.38,0.00,0.00,1.25,128,31
6939,5.3,33.0,93.4,0.017,-0.070,-1.161,6.0,-7.1,0.0,0.0026,-0.0410,-0.1056,692,1008,826,1158,-0.01,0.02,-0.45,1.27,0.4038,2,1,0,0.01,0.00,0.85,0.38,0.00,0.00,1.25,127,31
6949,14.3,35.7,-117.0,0.071,0.000,-0.787,6.2,-7.3,0.0,-0.0031,-0.0523,0.1026,1008,630,1211,830,-0.01,0.02,-0.45,1.27,0.4032,2,1,0,0.01,0.00,0.85,0.39,0.00,0.00,1.25,127,31
6959,-9.6,13.9,99.9,0.035,0.102,-1.114,6.4,-7.1,0.0,0.0189,-0.0240,-0.1126,606,1108,794,1152,-0.01,0.02,-0.44,1.27,0.4007,2,1,0,0.01,0.00,0.82,0.40,0.00,0.00,1.26,127,31
6969,-1.3,-2.8,-94.5,0.178,0.061,-1.079,6.3,-7.3,0.0,0.0097,-0.0051,0.0823,1051,705,1140,786,-0.01,0.02,-0.46,1.27,0.4037,2,1,0,0.01,0.00,0.81,0.42,0.00,0.00,1.26,127,31
6979,5.8,4.5,46.7,0.013,0.170,-0.752,6.4,-7.1,0.0,0.0014,-0.0180,-0.0718,716,1026,808,1094,-0.01,0.02,-0.45,1.27,0.3985,2,1,0,0.01,0.00,0.81,0.41,0.00,0.00,1.25,127,31
6989,-3.2,-20.6,-11.4,0.076,0.149,-0.824,6.5,-7.1,0.0,0.0118,0.0128,-0.0007,951,877,991,846,-0.01,0.02,-0.46,1.27,0.4013,2,1,0,0.01,0.00,0.79,0.43,0.00,0.00,1.25,127,31
6999,-13.7,-9.1,-63.0,0.140,-0.176,-1.011,6.5,-7.1,0.0,0.0142,-0.0032,0.0323,923,882,982,872,-0.01,0.02,-0.45,1.27,0.4005,2,1,0,0.01,0.00,0.79,0.42,0.00,0.00,1.26,127,31
7009,-15.7,-22.0,78.9,-0.047,-0.045,-0.984,6.4,-6.9,0.0,0.0243,0.0144,-0.0911,795,1106,764,1002,-0.01,0.02,-0.46,1.27,0.4017,2,1,0,0.01,0.00,0.78,0.44,0.00,0.00,1.26,127,31
7019,-14.0,-27.8,-126.1,-0.011,-0.207,-0.896,6.5,-7.1,0.0,0.0228,0.0200,0.1138,1101,775,1137,641,-0.01,0.02,-0.46,1.27,0.3999,2,1,0,0.01,0.00,0.76,0.46,0.00,0.00,1.27,127,31
7029,-14.0,-22.2,110.9,-0.072,0.019,-0.960,6.5,-6.9,0.0,0.0249,0.0160,-0.1229,658,1230,712,1053,-0.01,0.02,-0.45,1.27,0.3998,2,1,0,0.01,0.00,0.74,0.46,0.00,0.00,1.28,127,31
7040,-1.5,-22.2,-100.5,0.095,-0.233,-0.982,6.4,-6.9,0.0,0.0104,0.0184,0.0916,1145,791,1092,632,-0.01,0.02,-0.47,1.27,0.4007,2,1,0,0.01,0.00,0.72,0.48,0.00,0.00,1.29,127,31
7050,5.7,-3.8,59.2,-0.210,0.066,-1.273,6.2,-6.9,0.0,0.0016,-0.0016,-0.0766,729,1099,732,1074,-0.01,0.02,-0.45,1.27,0.3972,2,1,0,0.01,0.00,0.72,0.48,0.00,0.00,1.28,127,31
7060,-0.7,0.4,-6.6,0.071,-0.044,-1.362,6.2,-7.0,0.0,0.0091,-0.0082,-0.0054,957,870,989,857,-0.01,0.02,-0.47,1.27,0.4024,2,1,0,0.01,0.00,0.68,0.47,0.00,0.00,1.27,127,31
7070,-14.6,12.5,-50.0,0.058,-0.150,-0.905,6.1,-7.1,0.0,0.0209,-0.0200,0.0320,870,872,965,906,-0.01,0.02,-0.46,1.27,0.3945,2,1,0,0.01,0.00,0.68,0.48,0.00,0.00,1.27,127,31
7080,-6.1,9.8,90.6,0.049,0.018,-1.290,6.0,-7.0,0.0,0.0147,-0.0169,-0.0997,699,1070,798,1074,-0.01,0.02,-0.46,1.27,0.3982,2,1,0,0.01,0.00,0.67,0.50,0.00,0.00,1.27,127,31
7090,-1.8,6.2,-113.1,-0.100,0.034,-1.026,5.9,-7.0,0.0,0.0100,-0.0141,0.1009,1033,733,1131,729,-0.01,0.02,-0.47,1.27,0.3963,2,1,0,0.01,0.00,0.69,0.52,0.00,0.00,1.26,127,31
7100,2.6,7.7,112.3,-0.018,0.236,-1.226,5.7,-6.9,0.0,0.0062,-0.0120,-0.1265,635,1152,689,1141,0.00,0.02,-0.46,1.27,0.3950,2,1,0,0.01,0.00,0.68,0.53,0.00,0.00,1.25,127,31
7110,3.3,9.3,-102.0,0.237,-0.011,-1.194,5.7,-6.8,0.0,0.0045,-0.0170,0.0898,1082,745,1108,710,0.00,0.02,-0.47,1.27,0.3988,2,1,0,0.01,0.00,0.66,0.55,0.00,0.00,1.26,127,31
7120,-4.0,16.5,49.5,-0.055,0.129,-1.171,5.7,-6.8,0.0,0.0110,-0.0139,-0.0768,709,1074,773,1062,0.00,0.02,-0.46,1.27,0.3951,2,1,0,0.01,0.00,0.64,0.53,0.00,0.00,1.26,127,31
7131,-2.6,5.6,-7.8,0.085,0.098,-1.607,5.5,-6.9,0.0,0.0103,-0.0134,-0.0043,943,885,986,837,0.00,0.02,-0.47,1.27,0.3996,2,1,0,0.01,0.00,0.63,0.55,0.00,0.00,1.27,128,31
7141,-12.5,-1.7,-51.1,0.145,-0.132,-1.081,5.5,-6.8,0.0,0.0203,-0.0059,0.0389,912,913,973,831,0.00,0.02,-0.46,1.27,0.3967,2,1,0,0.01,0.00,0.63,0.53,0.00,0.00,1.28,128,31
7151,-11.5,-14.5,88.0,-0.051,0.096,-1.171,5.4,-6.8,0.0,0.0225,0.0115,-0.0885,733,1129,774,986,0.00,0.02,-0.47,1.27,0.3958,2,1,0,0.01,0.00,0.62,0.54,0.00,0.00,1.28,128,31
7161,-10.5,-13.8,-113.1,-0.104,-0.091,-1.212,5.3,-6.8,0.0,0.0180,0.0061,0.1009,1072,793,1107,657,0.00,0.02,-0.47,1.27,0.3965,2,1,0,0.01,0.00,0.62,0.55,0.00,0.00,1.29,128,31
7171,-7.7,3.6,118.2,-0.181,0.011,-1.041,5.2,-6.7,0.0,0.0180,-0.0010,-0.1301,620,1180,692,1116,0.00,0.02,-0.46,1.27,0.3938,2,1,0,0.01,0.00,0.61,0.55,0.00,0.00,1.27,128,31
7181,4.8,23.5,-87.5,-0.031,-0.094,-1.119,5.3,-6.7,0.0,0.0025,-0.0313,0.0753,1025,758,1114,730,0.00,0.02,-0.47,1.27,0.3964,2,1,0,0.01,0.00,0.57,0.59,0.00,0.00,1.26,128,31
7191,-5.7,30.3,53.9,-0.161,0.062,-1.226,5.2,-6.9,0.0,0.0145,-0.0355,-0.0718,664,1041,838,1088,0.00,0.02,-0.46,1.27,0.3969,2,1,0,0.01,0.00,0.56,0.56,0.00,0.00,1.25,128,31
7201,5.8,26.9,0.1,-0.006,0.053,-1.439,4.9,-7.0,0.0,0.0010,-0.0339,-0.0077,860,859,976,967,0.00,0.02,-0.47,1.27,0.4008,2,1,0,0.01,0.00,0.53,0.58,0.00,0.00,1.25,128,31
7211,2.7,21.2,-61.1,0.014,0.078,-1.180,5.0,-7.1,0.0,0.0058,-0.0274,0.0438,915,821,1032,878,0.00,0.02,-0.46,1.27,0.3988,2,1,0,0.01,0.00,0.53,0.57,0.00,0.00,1.26,128,31
7221,-4.1,-1.3,91.1,-0.076,0.153,-1.204,4.8,-7.1,0.0,0.0131,-0.0041,-0.0938,700,1104,765,1070,0.00,0.02,-0.46,1.27,0.3979,2,1,0,0.01,0.00,0.55,0.57,0.00,0.00,1.26,128,31
7232,2.7,8.1,-117.1,0.096,0.039,-1.485,4.8,-7.3,0.0,0.0042,-0.0163,0.1049,1072,705,1146,725,0.00,0.02,-0.47,1.27,0.3991,2,1,0,0.01,0.00,0.56,0.57,0.00,0.00,1.27,128,31
7242,3.6,16.8,120.2,-0.106,0.178,-0.993,4.8,-7.2,0.0,0.0044,-0.0212,-0.1327,618,1146,696,1169,0.00,0.02,-0.46,1.27,0.3966,2,1,0,0.01,0.00,0.55,0.57,0.00,0.00,1.26,128,31
7252,8.8,10.8,-89.9,0.123,0.210,-1.150,4.9,-7.3,0.0,-0.0017,-0.0191,0.0777,1057,756,1105,723,0.00,0.02,-0.47,1.27,0.3982,2,1,0,0.01,0.00,0.58,0.56,0.00,0.00,1.24,128,31
7262,-15.5,14.0,43.3,0.052,0.187,-1.234,4.9,-7.5,0.0,0.0231,-0.0210,-0.0614,703,1063,854,1044,0.00,0.02,-0.46,1.27,0.4013,2,1,0,0.01,0.00,0.61,0.56,0.00,0.00,1.26,128,31
7272,0.5,5.1,14.2,0.036,0.204,-1.135,4.7,-7.6,0.0,0.0063,-0.0137,-0.0264,892,932,916,920,0.00,0.02,-0.47,1.27,0.4008,2,1,0,0.01,0.00,0.62,0.57,0.00,0.00,1.27,129,31
7282,-1.1,-12.0,-60.1,0.074,0.021,-1.179,4.9,-7.7,0.0,0.0082,0.0034,0.0478,978,877,997,799,0.00,0.02,-0.46,1.27,0.3996,2,1,0,0.01,0.00,0.65,0.55,0.00,0.00,1.26,129,31
7292,-7.8,-16.4,105.6,-0.145,0.161,-1.394,4.6,-7.7,0.0,0.0165,0.0118,-0.1081,704,1175,721,1068,0.00,0.02,-0.46,1.27,0.4018,2,1,0,0.01,0.00,0.66,0.55,0.00,0.00,1.24,129,31
7302,-5.6,-13.7,-104.0,0.059,-0.205,-1.316,4.6,-7.8,0.0,0.0125,0.0049,0.0917,1089,790,1086,703,0.00,0.02,-0.46,1.27,0.4017,2,1,0,0.01,0.00,0.68,0.55,0.00,0.00,1.26,130,31
7312,-7.3,4.0,119.5,-0.250,-0.094,-1.058,4.6,-7.7,0.0,0.0132,-0.0090,-0.1333,631,1186,681,1151,0.00,0.02,-0.45,1.27,0.3993,2,1,0,0.01,0.00,0.72,0.55,0.00,0.00,1.28,131,31
7322,-9.1,-6.3,-74.4,-0.185,-0.063,-1.277,4.8,-7.7,0.0,0.0161,-0.0024,0.0622,1039,846,1064,699,0.00,0.02,-0.46,1.27,0.3992,2,1,0,0.01,0.00,0.72,0.57,0.00,0.00,1.27,131,31
7333,-18.8,1.5,34.7,-0.065,-0.193,-1.055,4.8,-7.9,0.0,0.0280,-0.0079,-0.0655,719,1073,855,997,0.00,0.02,-0.45,1.27,0.3987,2,1,0,0.01,0.00,0.72,0.57,0.00,0.00,1.27,132,31
7343,-1.0,-3.7,25.3,0.057,0.051,-1.060,4.6,-7.8,0.0,0.0079,-0.0051,-0.0375,850,969,899,930,0.00,0.02,-0.46,1.27,0.3990,2,1,0,0.01,0.00,0.71,0.58,0.00,0.00,1.28,132,31
7353,3.6,-6.3,-67.4,-0.029,-0.139,-1.173,4.5,-7.9,0.0,0.0030,-0.0025,0.0551,991,832,1009,816,0.00,0.02,-0.45,1.27,0.3992,2,1,0,0.01,0.00,0.70,0.57,0.00,0.00,1.29,131,31
7363,-3.5,-13.2,99.6,-0.103,0.122,-1.238,4.5,-7.7,0.0,0.0108,0.0053,-0.1094,702,1141,724,1073,0.00,0.02,-0.45,1.27,0.3982,2,1,0,0.01,0.00,0.70,0.58,0.00,0.00,1.28,131,31
7373,-14.4,-17.7,-109.9,0.222,-0.243,-1.271,4.4,-7.7,0.0,0.0212,0.0090,0.0976,1075,781,1114,672,0.00,0.02,-0.46,1.27,0.3983,2,1,0,0.01,0.00,0.69,0.61,0.00,0.00,1.27,132,31
7383,-19.9,-1.2,106.1,0.011,-0.083,-0.870,4.6,-7.4,0.0,0.0212,-0.0043,-0.1226,628,1171,724,1107,0.00,0.02,-0.44,1.27,0.3968,2,1,0,0.01,0.00,0.69,0.59,0.00,0.00,1.27,132,31
7393,-17.0,-26.7,-65.3,0.069,-0.027,-1.061,4.6,-7.3,0.0,0.0240,0.0183,0.0530,1014,880,1039,708,0.00,0.02,-0.46,1.27,0.3983,2,1,0,0.01,0.00,0.67,0.62,0.00,0.00,1.27,132,31
7403,-9.8,-20.3,37.0,0.000,-0.083,-1.014,4.7,-7.2,0.0,0.0182,0.0093,-0.0629,777,1083,811,979,0.00,0.02,-0.44,1.27,0.3993,2,1,0,0.01,0.00,0.68,0.61,0.00,0.00,1.26,132,31
7413,-5.8,-8.6,48.2,-0.012,0.097,-0.766,4.6,-6.7,0.0,0.0127,0.0007,-0.0605,838,1046,843,916,0.00,0.02,-0.45,1.27,0.3985,2,1,0,0.01,0.00,0.65,0.63,0.00,0.00,1.26,132,31
7423,3.0,-5.6,-54.5,-0.124,-0.033,-0.958,4.4,-6.6,0.0,0.0036,-0.0021,0.0422,991,862,962,835,0.00,0.02,-0.44,1.27,0.3994,2,1,0,0.01,0.00,0.64,0.62,0.00,0.00,1.25,132,31
7434,1.0,-0.7,122.3,0.016,0.201,-1.279,4.4,-6.6,0.0,0.0033,-0.0023,-0.1314,661,1170,683,1166,0.00,0.02,-0.44,1.27,0.4034,2,1,0,0.01,0.00,0.63,0.62,0.00,0.00,1.25,132,31
7444,-13.7,-1.1,-95.5,0.167,-0.200,-0.810,4.4,-6.6,0.0,0.0205,-0.0066,0.0832,1024,781,1115,744,0.00,0.02,-0.45,1.27,0.4013,2,1,0,0.01,0.00,0.62,0.61,0.00,0.00,1.24,132,31
7454,-10.3,-4.4,103.7,0.010,0.083,-1.083,4.6,-6.5,0.0,0.0129,-0.0104,-0.1266,631,1159,719,1149,0.00,0.02,-0.43,1.27,0.4005,2,1,0,0.01,0.00,0.65,0.60,0.00,0.00,1.25,132,31
7464,-3.4,-25.6,-63.2,0.016,0.022,-1.150,4.5,-6.4,0.0,0.0091,0.0154,0.0543,1038,834,1032,778,0.00,0.02,-0.45,1.27,0.4036,2,1,0,0.01,0.00,0.66,0.62,0.00,0.00,1.25,132,31
7474,-1.9,-30.4,28.5,-0.023,-0.042,-0.859,4.6,-6.0,0.0,0.0088,0.0234,-0.0408,844,1067,788,954,0.00,0.02,-0.43,1.27,0.3998,2,1,0,0.01,0.00,0.68,0.61,0.00,0.00,1.28,132,31
7484,-22.4,-39.1,35.7,-0.057,-0.172,-0.961,4.4,-5.8,0.0,0.0202,0.0356,-0.0335,878,1081,820,870,0.00,0.01,-0.44,1.27,0.3991,2,1,0,0.01,0.00,0.69,0.62,0.00,0.00,1.30,132,31
7494,-12.0,-24.9,-79.6,0.069,-0.273,-0.805,4.5,-5.8,0.0,0.0189,0.0181,0.0672,1026,863,1012,730,0.00,0.01,-0.43,1.27,0.3968,2,1,0,0.01,0.00,0.69,0.61,0.00,0.00,1.29,133,31
7504,-20.3,-13.2,115.1,0.004,-0.056,-0.855,4.7,-5.6,0.0,0.0339,0.0081,-0.1189,633,1210,730,1051,0.00,0.01,-0.43,1.27,0.3960,2,1,0,0.01,0.00,0.70,0.61,0.00,0.00,1.28,132,31
7514,-10.5,-28.1,-103.8,-0.003,-0.243,-0.749,4.7,-5.7,0.0,0.0176,0.0213,0.0915,1083,798,1092,657,0.00,0.01,-0.44,1.27,0.3967,2,1,0,0.01,0.00,0.71,0.60,0.00,0.00,1.28,132,31
7524,5.3,0.0,113.8,-0.144,0.039,-1.003,4.8,-5.6,0.0,0.0068,-0.0043,-0.1300,640,1157,682,1147,0.00,0.01,-0.42,1.27,0.3962,2,1,0,0.01,0.00,0.73,0.60,0.00,0.00,1.28,131,31
7535,13.4,0.9,-45.4,0.026,0.008,-0.741,4.7,-5.7,0.0,-0.0063,-0.0077,0.0330,996,790,1019,826,0.00,0.01,-0.43,1.27,0.3968,2,1,0,0.01,0.00,0.73,0.61,0.00,0.00,1.28,131,31
7545,0.3,19.8,42.4,0.102,-0.053,-0.992,4.7,-5.8,0.0,0.0067,-0.0268,-0.0549,691,994,829,1098,0.00,0.02,-0.42,1.27,0.3944,2,1,0,0.01,0.00,0.75,0.60,0.00,0.00,1.28,132,31
7555,11.1,4.0,46.7,0.016,0.072,-0.947,4.5,-5.9,0.0,-0.0076,-0.0223,-0.0450,792,934,848,1047,0.00,0.01,-0.43,1.27,0.3956,2,1,0,0.01,0.00,0.73,0.60,0.00,0.00,1.29,132,31
7565,17.4,-5.5,-60.7,0.069,0.094,-0.762,4.7,-6.0,0.0,-0.0103,-0.0014,0.0482,930,788,996,887,0.00,0.01,-0.42,1.27,0.3930,2,1,0,0.01,0.00,0.74,0.58,0.00,0.00,1.30,132,31
7575,-4.4,-25.2,114.3,0.110,0.225,-1.159,4.6,-5.8,0.0,0.0079,0.0053,-0.1204,668,1154,678,1103,0.00,0.01,-0.42,1.27,0.3932,2,1,0,0.01,0.00,0.76,0.59,0.00,0.00,1.29,133,31
7585,6.0,-10.7,-103.4,0.354,-0.161,-0.854,4.6,-5.9,0.0,0.0010,0.0037,0.0909,1064,677,1075,790,0.00,0.01,-0.42,1.28,0.3935,2,1,0,0.01,0.00,0.76,0.61,0.00,0.00,1.27,133,31
7595,-9.7,7.5,111.0,0.028,0.196,-0.760,4.9,-5.5,0.0,0.0152,-0.0156,-0.1274,597,1136,714,1137,0.00,0.01,-0.41,1.28,0.3906,2,1,0,0.01,0.00,0.77,0.60,0.00,0.00,1.29,133,31
7605,-11.2,-5.7,-68.4,0.162,-0.014,-0.922,4.9,-5.7,0.0,0.0182,-0.0035,0.0603,982,788,1076,754,0.00,0.01,-0.42,1.28,0.3928,2,1,0,0.01,0.00,0.74,0.62,0.00,0.00,1.30,133,31
7615,-16.4,10.1,38.7,0.181,0.018,-0.967,5.2,-5.6,0.0,0.0240,-0.0170,-0.0512,669,1038,868,1017,0.00,0.01,-0.41,1.28,0.3917,2,1,0,0.01,0.00,0.73,0.62,0.00,0.00,1.30,133,31
7625,-16.1,3.6,31.6,-0.163,0.007,-0.663,5.1,-5.4,0.0,0.0242,-0.0083,-0.0380,792,984,900,905,0.00,0.01,-0.42,1.28,0.3903,2,1,0,0.01,0.00,0.70,0.63,0.00,0.00,1.29,133,31
7636,3.4,12.5,-61.8,-0.104,-0.044,-1.181,5.2,-5.2,0.0,0.0041,-0.0190,0.0493,938,861,985,813,0.00,0.01,-0.41,1.28,0.3923,2,1,0,0.01,0.00,0.70,0.62,0.00,0.00,1.30,133,31
7646,2.2,28.9,116.5,-0.111,0.099,-1.037,5.2,-5.1,0.0,0.0103,-0.0231,-0.1219,632,1122,731,1115,0.00,0.01,-0.41,1.28,0.3928,2,1,0,0.01,0.00,0.73,0.63,0.00,0.00,1.32,133,31
7656,0.2,43.1,-108.0,0.010,-0.134,-0.978,5.1,-5.2,0.0,0.0085,-0.0468,0.0941,989,703,1126,763,0.00,0.02,-0.41,1.28,0.3903,2,1,0,0.01,0.00,0.73,0.63,0.00,0.00,1.31,132,31
7666,-0.2,34.4,111.0,-0.076,0.074,-1.214,5.1,-5.3,0.0,0.0078,-0.0410,-0.1236,553,1095,733,1198,0.00,0.01,-0.40,1.28,0.3901,2,1,0,0.01,0.00,0.74,0.60,0.00,0.00,1.31,131,31
7676,19.9,19.4,-79.0,-0.017,0.164,-1.268,5.0,-5.2,0.0,-0.0096,-0.0259,0.0702,1008,707,1100,775,0.00,0.01,-0.41,1.28,0.3914,2,1,0,0.01,0.00,0.75,0.61,0.00,0.00,1.31,131,31
7686,9.3,3.5,38.6,-0.100,0.182,-1.175,5.0,-5.0,0.0,-0.0018,-0.0098,-0.0512,748,1025,763,1037,0.00,0.01,-0.40,1.29,0.3890,2,1,0,0.01,0.00,0.78,0.57,0.00,0.00,1.30,131,31
7696,14.5,-8.5,24.6,0.030,0.233,-1.131,4.8,-4.8,0.0,-0.0088,0.0053,-0.0325,924,931,825,913,0.00,0.01,-0.41,1.29,0.3918,2,1,0,0.01,0.00,0.78,0.58,0.00,0.00,1.31,131,31
7706,-3.4,-18.8,-66.5,0.185,-0.102,-1.031,5.0,-4.9,0.0,0.0086,0.0142,0.0441,972,866,940,791,0.00,0.01,-0.40,1.29,0.3886,2,1,0,0.01,0.00,0.79,0.56,0.00,0.00,1.33,131,31
7716,-6.6,-30.4,105.7,0.122,0.099,-1.410,4.9,-4.9,0.0,0.0140,0.0243,-0.1183,705,1159,669,1052,0.00,0.01,-0.40,1.29,0.3908,2,1,0,0.01,0.00,0.77,0.56,0.00,0.00,1.31,131,31
7726,13.7,-37.0,-102.0,0.081,-0.110,-0.686,4.9,-5.0,0.0,-0.0052,0.0246,0.0893,1115,758,1002,685,0.00,0.01,-0.40,1.29,0.3875,2,1,0,0.01,0.00,0.75,0.56,0.00,0.00,1.30,131,31
7736,13.2,-32.4,131.5,-0.133,0.199,-1.032,4.9,-4.8,0.0,-0.0059,0.0265,-0.1441,651,1218,584,1108,0.00,0.01,-0.39,1.29,0.3877,2,1,0,0.01,0.00,0.72,0.55,0.00,0.00,1.30,131,31
7747,6.9,-35.8,-71.4,0.104,-0.183,-1.053,4.6,-5.0,0.0,0.0002,0.0297,0.0588,1065,807,972,737,0.00,0.01,-0.40,1.29,0.3903,2,1,0,0.01,0.00,0.69,0.55,0.00,0.00,1.30,132,31
7757,10.6,-0.4,59.5,0.013,0.018,-0.679,4.7,-5.0,0.0,-0.0049,-0.0088,-0.0779,703,1012,735,1093,0.00,0.01,-0.38,1.29,0.3852,2,1,0,0.01,0.00,0.69,0.53,0.00,0.00,1.31,132,31
7767,7.2,-6.6,22.8,-0.072,0.067,-0.963,4.5,-5.1,0.0,-0.0001,0.0003,-0.0354,851,890,872,951,0.00,0.01,-0.40,1.29,0.3880,2,1,0,0.01,0.00,0.69,0.54,0.00,0.00,1.32,132,31
7777,18.0,6.1,-56.0,-0.066,0.085,-0.886,4.7,-5.2,0.0,-0.0074,-0.0201,0.0274,914,782,962,887,0.00,0.01,-0.39,1.30,0.3855,2,1,0,0.01,0.00,0.71,0.52,0.00,0.00,1.31,133,31
7787,-4.7,8.4,102.6,-0.214,0.108,-0.684,4.5,-4.9,0.0,0.0117,-0.0146,-0.1152,660,1080,724,1073,0.00,0.01,-0.39,1.30,0.3844,2,1,0,0.01,0.00,0.72,0.52,0.00,0.00,1.29,134,31
7797,12.9,12.4,-116.8,0.043,-0.168,-1.016,4.4,-5.0,0.0,-0.0061,-0.0187,0.1041,1080,653,1088,739,0.00,0.01,-0.39,1.30,0.3874,2,1,0,0.01,0.00,0.71,0.54,0.00,0.00,1.32,134,31
7807,0.6,32.0,121.4,-0.262,0.172,-0.850,4.5,-4.9,0.0,0.0067,-0.0345,-0.1346,569,1110,695,1174,0.00,0.01,-0.38,1.30,0.3859,2,1,0,0.01,0.00,0.66,0.52,0.00,0.00,1.35,134,31
7817,1.8,25.2,-84.7,0.069,-0.019,-1.006,4.5,-5.1,0.0,0.0092,-0.0255,0.0846,1002,703,1117,727,0.00,0.01,-0.39,1.30,0.3860,2,1,0,0.01,0.00,0.64,0.55,0.00,0.00,1.34,134,31
7827,-10.9,31.1,42.1,-0.064,0.070,-1.085,4.6,-5.2,0.0,0.0186,-0.0387,-0.0652,642,997,852,1066,0.00,0.01,-0.37,1.30,0.3871,2,1,0,0.01,0.00,0.65,0.52,0.00,0.00,1.34,134,31
7838,6.4,11.6,28.3,-0.132,0.228,-0.860,4.5,-5.1,0.0,0.0005,-0.0182,-0.0409,838,913,882,916,0.00,0.01,-0.38,1.30,0.3859,2,1,0,0.01,0.00,0.61,0.54,0.00,0.00,1.34,134,31
7848,-8.0,4.0,-56.9,-0.130,-0.114,-1.290,4.5,-4.9,0.0,0.0158,-0.0047,0.0399,928,872,969,790,0.00,0.01,-0.37,1.31,0.3873,2,1,0,0.01,0.00,0.59,0.53,0.00,0.00,1.33,134,31
7858,10.0,6.3,128.5,-0.105,0.042,-1.150,4.2,-5.0,0.0,-0.0033,-0.0127,-0.1412,663,1131,618,1152,0.00,0.01,-0.37,1.31,0.3881,2,1,0,0.01,0.00,0.58,0.55,0.00,0.00,1.32,134,31
7868,1.8,-0.3,-97.4,-0.024,-0.130,-0.904,4.3,-5.2,0.0,0.0040,-0.0038,0.0838,1040,739,1046,729,0.00,0.01,-0.38,1.31,0.3866,2,1,0,0.01,0.00,0.59,0.56,0.00,0.00,1.32,134,31
7878,-1.6,-7.3,121.7,0.038,0.152,-1.179,4.3,-5.3,0.0,0.0085,0.0007,-0.1344,596,1155,631,1173,0.00,0.01,-0.37,1.31,0.3868,2,1,0,0.01,0.00,0.60,0.55,0.00,0.00,1.32,134,31
7888,2.4,-28.2,-64.8,0.145,-0.005,-0.936,4.2,-5.4,0.0,-0.0014,0.0098,0.0618,1032,793,989,761,0.00,0.01,-0.38,1.31,0.3894,2,1,0,0.01,0.00,0.61,0.57,0.00,0.00,1.33,134,31
7898,12.1,-22.9,45.4,0.046,0.099,-0.873,4.3,-5.3,0.0,-0.0056,0.0118,-0.0636,758,1019,735,1033,0.00,0.01,-0.36,1.31,0.3855,2,1,0,0.01,0.00,0.64,0.56,0.00,0.00,1.33,134,31
7908,-1.2,-37.4,42.7,0.144,0.064,-0.994,4.1,-5.3,0.0,0.0079,0.0309,-0.0554,830,956,820,951,0.00,0.01,-0.37,1.31,0.3871,2,1,0,0.01,0.00,0.66,0.57,0.00,0.00,1.34,134,31
7918,-3.0,-1.7,-71.7,0.355,-0.153,-0.942,4.1,-5.3,0.0,0.0016,-0.0197,0.0456,929,763,1010,831,0.00,0.01,-0.36,1.31,0.3838,2,1,0,0.01,0.00,0.67,0.57,0.00,0.00,1.34,134,31
7928,-16.3,-10.5,117.4,0.073,-0.059,-1.041,3.9,-5.1,0.0,0.0229,0.0041,-0.1302,626,1112,681,1118,0.00,0.01,-0.36,1.31,0.3844,2,1,0,0.01,0.00,0.67,0.56,0.00,0.00,1.34,134,31
7939,-9.8,-10.9,-111.1,0.100,-0.172,-0.940,4.0,-5.2,0.0,0.0158,-0.0002,0.0986,1024,707,1115,688,0.00,0.01,-0.37,1.32,0.3841,2,1,0,0.01,0.00,0.64,0.56,0.00,0.00,1.34,134,31
7949,-22.3,-9.1,108.5,-0.043,-0.041,-1.013,4.2,-4.8,0.0,0.0291,0.0029,-0.1213,589,1181,705,1056,0.00,0.01,-0.35,1.32,0.3837,2,1,0,0.01,0.00,0.64,0.54,0.00,0.00,1.34,134,31
7959,-4.9,-8.6,-58.0,-0.031,-0.119,-1.027,4.0,-4.7,0.0,0.0111,0.0042,0.0504,1015,796,1014,724,0.00,0.01,-0.36,1.32,0.3859,2,1,0,0.01,0.00,0.64,0.56,0.00,0.00,1.34,134,31
7969,-3.4,-9.7,33.5,-0.084,-0.071,-1.113,4.0,-4.5,0.0,0.0112,0.0088,-0.0515,776,1060,762,942,0.00,0.01,-0.35,1.32,0.3848,2,1,0,0.01,0.00,0.69,0.53,0.00,0.00,1.35,134,31
7979,-4.7,12.5,53.9,-0.141,-0.071,-1.232,3.7,-4.5,0.0,0.0111,-0.0185,-0.0667,789,1002,814,952,0.00,0.01,-0.36,1.32,0.3871,2,1,0,0.01,0.00,0.70,0.54,0.00,0.00,1.34,135,31
7989,-5.7,23.0,-81.3,-0.031,-0.137,-1.069,3.6,-4.4,0.0,0.0050,-0.0101,0.0521,956,778,1014,798,0.00,0.01,-0.35,1.32,0.3857,2,1,0,0.01,0.00,0.74,0.55,0.00,0.00,1.34,134,31
7999,-0.8,4.8,120.4,-0.047,0.009,-1.192,3.7,-4.6,0.0,0.0075,-0.0032,-0.1312,639,1153,650,1112,0.00,0.01,-0.35,1.32,0.3868,2,1,0,0.01,0.00,0.75,0.55,0.00,0.00,1.34,134,31
8009,-2.4,-17.7,-107.9,-0.103,-0.080,-1.035,3.7,-4.8,0.0,0.0087,0.0116,0.0950,1082,742,1059,683,0.00,0.01,-0.35,1.32,0.3884,2,1,0,0.01,0.00,0.73,0.57,0.00,0.00,1.34,134,31
8019,7.9,-17.0,112.1,-0.164,0.013,-0.663,3.6,-4.7,0.0,-0.0016,0.0139,-0.1272,674,1166,602,1101,0.00,0.01,-0.34,1.32,0.3853,2,1,0,0.01,0.00,0.71,0.56,0.00,0.00,1.35,135,31
8029,4.5,-31.2,-44.0,0.085,0.045,-0.864,3.5,-4.8,0.0,0.0014,0.0251,0.0311,1040,857,932,730,0.00,0.01,-0.35,1.32,0.3873,2,1,0,0.01,0.00,0.67,0.59,0.00,0.00,1.36,135,31
8040,6.3,-13.3,16.4,0.082,-0.030,-0.735,3.3,-5.0,0.0,-0.0057,0.0054,-0.0462,819,972,776,973,0.00,0.01,-0.34,1.33,0.3849,2,1,0,0.01,0.00,0.66,0.57,0.00,0.00,1.35,135,31
8050,-6.6,-11.8,73.3,0.141,-0.008,-0.675,3.3,-5.0,0.0,0.0125,0.0054,-0.0862,748,1041,779,978,0.00,0.01,-0.34,1.33,0.3857,2,1,0,0.01,0.00,0.65,0.59,0.00,0.00,1.34,134,31
8060,-1.9,-4.6,-78.4,0.111,-0.066,-0.470,3.3,-5.2,0.0,0.0068,-0.0099,0.0566,959,771,1023,783,0.00,0.01,-0.34,1.33,0.3843,2,1,0,0.01,0.00,0.66,0.59,0.00,0.00,1.34,135,31
8070,-6.3,4.2,132.5,0.019,0.188,-0.860,3.4,-5.1,0.0,0.0157,-0.0166,-0.1423,554,1146,704,1155,0.00,0.01,-0.33,1.33,0.3875,2,1,0,0.01,0.00,0.65,0.59,0.00,0.00,1.34,134,31
8080,5.3,5.1,-89.4,0.028,0.062,-0.564,3.4,-5.1,0.0,0.0035,-0.0160,0.0810,1007,714,1081,761,0.00,0.01,-0.34,1.33,0.3878,2,1,0,0.01,0.00,0.67,0.60,0.00,0.00,1.35,135,31
8090,4.0,20.3,113.4,-0.171,0.231,-0.983,3.2,-4.9,0.0,0.0020,-0.0258,-0.1291,586,1103,686,1177,0.00,0.01,-0.32,1.33,0.3864,2,1,0,0.01,0.00,0.69,0.58,0.00,0.00,1.37,135,31
8100,4.9,21.4,-20.9,-0.018,0.094,-1.124,3.1,-4.7,0.0,0.0007,-0.0277,0.0080,910,826,983,845,0.00,0.01,-0.33,1.33,0.3882,2,1,0,0.01,0.00,0.70,0.59,0.00,0.00,1.36,135,31
8110,-11.9,31.0,4.9,0.034,-0.098,-1.187,3.0,-4.6,0.0,0.0184,-0.0348,-0.0242,732,942,909,977,0.00,0.01,-0.32,1.33,0.3876,2,1,0,0.01,0.00,0.73,0.55,0.00,0.00,1.35,135,31
8120,6.2,27.7,78.0,-0.020,0.083,-1.098,2.8,-4.5,0.0,-0.0008,-0.0338,-0.0910,689,1000,804,1077,0.00,0.01,-0.33,1.33,0.3887,2,1,0,0.01,0.00,0.74,0.55,0.00,0.00,1.35,135,31
8130,-0.6,34.9,-89.7,-0.095,0.071,-1.027,3.0,-4.4,0.0,0.0231,-0.0327,0.0669,914,749,1125,785,0.00,0.01,-0.32,1.33,0.3893,2,1,0,0.01,0.00,0.76,0.55,0.00,0.00,1.35,134,31
8141,-2.0,18.0,118.5,-0.034,0.202,-1.201,2.6,-4.4,0.0,0.0073,-0.0239,-0.1316,580,1126,706,1163,0.00,0.01,-0.32,1.33,0.3894,2,1,0,0.01,0.00,0.73,0.54,0.00,0.00,1.34,134,31
8151,10.6,6.5,-97.5,0.138,-0.002,-1.227,2.5,-4.3,0.0,0.0001,-0.0084,0.0876,1052,721,1084,753,0.00,0.01,-0.32,1.33,0.3940,2,1,0,0.01,0.00,0.73,0.55,0.00,0.00,1.34,135,31
8161,5.1,10.6,84.9,-0.164,0.199,-1.019,2.3,-4.3,0.0,0.0013,-0.0149,-0.1018,658,1088,721,1115,0.00,0.01,-0.31,1.33,0.3904,2,1,0,0.01,0.00,0.73,0.53,0.00,0.00,1.34,136,31
8171,2.3,2.6,-27.8,0.145,0.098,-1.215,2.2,-4.3,0.0,0.0023,-0.0084,0.0147,931,853,1005,829,0.00,0.01,-0.32,1.33,0.3951,2,1,0,0.01,0.00,0.70,0.53,0.00,0.00,1.33,136,31
8181,-7.5,7.4,-15.0,0.074,-0.007,-1.062,2.1,-4.3,0.0,0.0093,-0.0139,-0.0159,828,924,916,941,0.00,0.01,-0.31,1.33,0.3940,2,1,0,0.01,0.00,0.71,0.51,0.00,0.00,1.33,136,31
8191,2.3,-8.6,72.4,0.141,0.209,-1.230,2.1,-4.2,0.0,0.0023,0.0029,-0.0855,758,1059,757,1054,0.00,0.01,-0.31,1.33,0.3965,2,1,0,0.01,0.00,0.70,0.51,0.00,0.00,1.34,136,31
8201,-4.0,-0.9,-88.2,0.044,-0.009,-0.837,2.2,-4.3,0.0,0.0088,-0.0048,0.0751,1001,768,1082,773,0.00,0.01,-0.31,1.33,0.3959,2,1,0,0.01,0.00,0.73,0.51,0.00,0.00,1.34,136,31
8211,-7.6,-17.1,121.3,0.066,0.206,-1.203,2.2,-4.1,0.0,0.0125,0.0089,-0.1337,639,1184,675,1128,0.00,0.01,-0.30,1.33,0.3963,2,1,0,0.01,0.00,0.73,0.50,0.00,0.00,1.35,137,31
8221,7.9,-28.0,-84.3,0.097,-0.065,-0.903,2.1,-4.1,0.0,-0.0037,0.0207,0.0733,1090,783,1017,740,0.00,0.01,-0.31,1.33,0.3967,2,1,0,0.01,0.00,0.74,0.53,0.00,0.00,1.35,137,31
8231,8.4,-20.6,92.6,-0.046,0.129,-0.990,2.3,-3.8,0.0,-0.0021,0.0149,-0.1091,701,1142,661,1089,0.00,0.01,-0.29,1.33,0.3918,2,1,0,0.01,0.00,0.77,0.51,0.00,0.00,1.36,137,31
8242,-0.7,-13.0,-13.5,0.115,-0.074,-1.157,2.1,-4.0,0.0,0.0054,0.0075,0.0004,927,856,953,887,0.00,0.01,-0.31,1.34,0.3959,2,1,0,0.01,0.00,0.79,0.53,0.00,0.00,1.35,137,31
8252,13.7,0.8,-7.5,0.119,0.127,-0.763,2.3,-4.0,0.0,-0.0108,-0.0191,-0.0237,837,886,868,999,0.00,0.01,-0.29,1.34,0.3914,2,1,0,0.01,0.00,0.80,0.50,0.00,0.00,1.34,138,31
8262,-5.2,-27.0,76.4,-0.024,0.147,-1.107,2.3,-3.9,0.0,0.0102,0.0217,-0.0895,756,1057,758,1038,0.00,0.01,-0.30,1.34,0.3940,2,1,0,0.01,0.00,0.80,0.50,0.00,0.00,1.35,138,31
8272,11.4,-15.1,-91.9,0.137,0.016,-0.985,2.5,-4.0,0.0,-0.0063,0.0098,0.0787,1027,732,1034,814,0.00,0.01,-0.30,1.34,0.3938,2,1,0,0.01,0.00,0.81,0.49,0.00,0.00,1.36,138,31
8282,-11.3,-15.6,115.6,-0.037,0.040,-0.722,2.5,-3.6,0.0,0.0165,0.0105,-0.1288,657,1157,659,1104,0.00,0.01,-0.29,1.34,0.3898,2,1,0,0.01,0.00,0.80,0.49,0.00,0.00,1.36,138,31
8292,-9.7,-14.3,-105.8,0.132,-0.294,-0.902,2.5,-3.7,0.0,0.0118,0.0083,0.0941,1091,715,1071,713,0.00,0.01,-0.30,1.34,0.3913,2,1,0,0.01,0.00,0.79,0.49,0.00,0.00,1.36,139,31
8302,-12.2,10.8,84.3,-0.048,-0.123,-0.791,2.7,-3.5,0.0,0.0171,-0.0162,-0.1005,635,1092,752,1094,0.00,0.01,-0.28,1.34,0.3892,2,1,0,0.01,0.00,0.79,0.48,0.00,0.00,1.35,139,31
8312,-9.4,3.8,-31.6,-0.022,-0.100,-0.702,2.8,-3.5,0.0,0.0160,-0.0095,0.0368,940,816,1029,790,0.00,0.01,-0.29,1.34,0.3895,2,1,0,0.01,0.00,0.76,0.50,0.00,0.00,1.34,139,31
8322,-5.2,7.8,-11.1,-0.087,-0.101,-1.058,2.9,-3.3,0.0,0.0117,-0.0115,-0.0066,825,938,909,920,0.00,0.01,-0.28,1.34,0.3918,2,1,0,0.01,0.00,0.75,0.47,0.00,0.00,1.35,139,31
8333,4.5,9.6,80.0,-0.162,0.027,-0.725,2.7,-3.1,0.0,0.0008,-0.0143,-0.0933,752,1025,783,1021,0.00,0.01,-0.29,1.34,0.3904,2,1,0,0.01,0.00,0.75,0.47,0.00,0.00,1.36,139,31
8343,-0.4,27.9,-93.2,-0.033,-0.200,-1.133,2.7,-3.1,0.0,0.0066,-0.0297,0.0783,983,728,1094,786,0.00,0.01,-0.28,1.34,0.3917,2,1,0,0.01,0.00,0.78,0.46,0.00,0.00,1.35,139,31
8353,4.6,36.9,130.2,-0.060,-0.089,-1.114,2.5,-3.1,0.0,0.0004,-0.0417,-0.1435,576,1087,687,1242,0.00,0.01,-0.28,1.34,0.3918,2,1,0,0.01,0.00,0.80,0.45,0.00,0.00,1.32,139,31
8363,11.7,39.0,-100.5,-0.027,-0.047,-0.843,2.5,-3.2,0.0,-0.0044,-0.0430,0.0885,998,655,1144,805,0.00,0.01,-0.29,1.34,0.3929,2,1,0,0.01,0.00,0.82,0.46,0.00,0.00,1.31,139,31
8373,-6.9,26.6,93.5,-0.056,-0.053,-1.239,2.6,-3.1,0.0,0.0122,-0.0313,-0.1068,586,1100,758,1168,0.00,0.01,-0.27,1.34,0.3944,2,1,0,0.01,0.00,0.86,0.42,0.00,0.00,1.32,139,31
8383,8.6,12.2,-31.2,0.148,0.026,-1.180,2.3,-2.4,0.0,-0.0040,-0.0189,0.0323,961,790,1014,873,0.00,0.01,-0.28,1.34,0.3977,2,1,0,0.01,0.00,0.87,0.43,0.00,0.00,1.33,139,31
8393,0.5,13.5,-13.4,0.096,-0.133,-1.201,2.4,-2.4,0.0,0.0045,-0.0171,-0.0117,822,929,899,971,0.00,0.01,-0.27,1.34,0.3956,2,1,0,0.01,0.00,0.88,0.39,0.00,0.00,1.32,139,31
8403,8.7,3.7,67.6,0.021,0.093,-1.176,2.2,3.9,0.0,-0.0038,-0.0014,-0.0809,781,1008,792,1044,0.00,0.01,-0.28,1.34,0.3962,2,1,0,0.01,0.02,0.89,0.39,0.00,0.00,1.31,139,31
8413,-7.3,6.3,-103.2,0.100,-0.067,-1.163,2.4,3.7,0.0,0.0144,-0.0064,0.0802,1016,768,1096,738,0.00,0.01,-0.28,1.33,0.3952,2,1,0,0.01,0.02,0.90,0.36,0.00,0.00,1.33,139,31
8424,-17.3,-12.6,115.7,0.000,-0.025,-1.341,2.1,12.9,0.0,0.0222,0.0241,-0.1290,674,1210,655,1083,0.00,0.01,-0.27,1.33,0.3957,2,1,0,0.01,0.05,0.91,0.35,0.00,0.00,1.34,139,31
8434,4.7,-14.6,-110.2,0.026,-0.143,-1.104,2.1,12.5,0.0,-0.0004,0.0262,0.0996,1141,763,1052,668,0.00,0.01,-0.28,1.33,0.3960,2,1,0,0.01,0.05,0.90,0.37,0.00,0.00,1.34,139,31
8444,3.7,-5.1,101.9,-0.290,0.031,-1.134,2.1,22.0,0.0,0.0010,0.0257,-0.1152,714,1209,600,1070,0.00,0.01,-0.26,1.33,0.3919,2,1,0,0.01,0.09,0.89,0.35,0.00,0.00,1.34,138,31
8454,1.5,8.5,-31.3,-0.050,-0.102,-1.427,1.9,21.4,0.0,0.0026,0.0149,0.0232,1035,872,935,776,0.00,0.01,-0.28,1.33,0.3951,2,1,0,0.01,0.09,0.84,0.36,0.00,0.00,1.34,138,31
8464,-5.0,29.4,-22.9,-0.059,-0.135,-0.921,1.9,29.6,0.0,0.0095,-0.0013,0.0096,885,954,842,902,0.00,0.02,-0.27,1.33,0.3904,2,1,0,0.01,0.12,0.78,0.34,0.00,0.00,1.34,138,31
8474,0.5,12.5,69.7,-0.014,0.012,-1.296,1.8,28.5,0.0,0.0039,0.0145,-0.0830,809,1061,736,980,0.00,0.02,-0.27,1.33,0.3909,2,1,0,0.01,0.12,0.77,0.35,0.00,0.00,1.35,138,31
8484,1.8,29.2,-108.2,-0.005,-0.068,-1.165,1.8,34.2,0.0,0.0017,0.0055,0.0874,1069,745,1054,717,0.00,0.02,-0.27,1.33,0.3908,2,1,0,0.01,0.14,0.77,0.35,0.00,0.00,1.35,139,31
8494,-6.3,27.7,119.1,-0.047,0.001,-0.826,1.7,33.0,0.0,0.0108,0.0037,-0.1325,667,1173,633,1085,0.00,0.03,-0.26,1.33,0.3872,2,1,0,0.01,0.14,0.74,0.34,0.00,0.00,1.35,139,31
8504,-8.3,19.3,-110.3,0.110,-0.086,-1.067,1.9,37.2,0.0,0.0128,0.0233,0.1024,1121,768,1067,629,0.00,0.03,-0.27,1.34,0.3907,2,1,0,0.01,0.16,0.73,0.34,0.00,0.00,1.35,140,31
8514,-21.3,37.0,84.4,-0.103,-0.073,-0.843,1.9,35.4,0.0,0.0260,-0.0030,-0.0977,655,1156,718,1046,0.00,0.04,-0.26,1.34,0.3894,2,1,0,0.01,0.16,0.73,0.33,0.00,0.00,1.34,140,31
8525,-12.7,21.9,-25.2,-0.019,-0.035,-0.852,2.1,39.0,0.0,0.0175,0.0156,0.0119,992,912,934,736,0.00,0.05,-0.27,1.34,0.3893,2,1,0,0.01,0.18,0.70,0.33,0.00,0.00,1.34,140,31
8535,-8.3,25.5,-20.8,-0.092,-0.125,-0.944,2.1,36.7,0.0,0.0130,0.0136,0.0018,879,1001,843,871,0.00,0.05,-0.26,1.34,0.3919,2,1,0,0.01,0.18,0.73,0.32,0.00,0.00,1.33,140,31
8545,-5.6,53.3,93.0,-0.088,0.089,-0.806,2.3,37.9,0.0,0.0106,-0.0169,-0.1063,691,1086,780,1046,0.00,0.06,-0.27,1.33,0.3931,2,1,0,0.01,0.19,0.72,0.32,0.00,0.00,1.33,140,31
8555,-17.0,65.8,-103.8,-0.001,-0.208,-0.808,2.3,35.5,0.0,0.0217,-0.0271,0.0879,1006,775,1082,748,0.00,0.07,-0.27,1.33,0.3943,2,1,0,0.01,0.19,0.71,0.30,0.00,0.00,1.33,139,31
8565,-3.3,66.4,123.1,-0.052,-0.110,-1.009,2.3,36.8,0.0,0.0084,-0.0311,-0.1365,587,1132,686,1212,0.00,0.08,-0.26,1.33,0.3950,2,1,0,0.01,0.21,0.72,0.31,0.00,0.00,1.33,138,31
8575,3.8,67.2,-94.3,-0.020,-0.082,-1.001,2.8,34.3,0.0,0.0098,-0.0290,0.0857,1008,726,1149,764,0.00,0.09,-0.27,1.33,0.3990,2,1,0,0.01,0.21,0.69,0.31,0.00,0.00,1.33,138,31
8585,-9.1,51.9,64.8,0.056,-0.119,-1.031,2.6,34.1,0.0,0.0151,-0.0219,-0.0833,651,1063,810,1105,0.00,0.10,-0.26,1.33,0.3966,2,1,0,0.01,0.22,0.69,0.29,0.00,0.00,1.34,138,31
8595,5.5,35.3,-16.1,0.093,0.139,-1.238,2.9,31.8,0.0,0.0000,-0.0049,0.0028,918,839,980,912,0.00,0.10,-0.27,1.33,0.3993,2,1,0,0.01,0.22,0.68,0.31,0.00,0.00,1.35,138,31
8605,8.4,18.0,-46.8,0.011,-0.063,-1.039,2.9,34.4,0.0,-0.0017,0.0096,0.0155,955,890,912,860,0.00,0.11,-0.26,1.33,0.3950,2,1,0,0.01,0.23,0.68,0.30,0.00,0.00,1.35,138,31
8615,-11.8,9.6,79.8,-0.110,0.070,-1.110,3.3,32.5,0.0,0.0178,0.0214,-0.0931,762,1128,757,978,0.00,0.12,-0.26,1.33,0.3960,2,1,0,0.01,0.23,0.71,0.32,0.00,0.00,1.34,138,31
8626,-5.1,16.6,-118.4,0.037,-0.267,-0.858,3.2,33.8,0.0,0.0071,0.0211,0.1012,1124,768,1054,675,0.00,0.12,-0.27,1.33,0.3954,2,1,0,0.01,0.24,0.73,0.34,0.00,0.00,1.35,137,31
8636,2.1,35.2,116.0,-0.084,0.073,-0.747,3.4,32.1,0.0,0.0039,-0.0047,-0.1294,653,1184,668,1111,0.00,0.13,-0.26,1.33,0.3948,2,1,0,0.01,0.24,0.76,0.32,0.00,0.00,1.36,137,31
8646,-3.3,28.8,-94.0,0.035,-0.198,-0.800,3.8,30.3,0.0,0.0099,-0.0001,0.0806,1059,769,1108,687,0.00,0.14,-0.27,1.33,0.3959,2,1,0,0.01,0.24,0.78,0.32,0.00,0.00,1.35,137,31
8656,-0.2,41.5,56.1,0.048,-0.153,-0.935,3.4,28.5,0.0,0.0057,-0.0212,-0.0826,699,1033,801,1091,0.00,0.14,-0.26,1.33,0.3958,2,1,0,0.01,0.24,0.79,0.31,0.00,0.00,1.34,137,31
8666,8.5,40.5,4.0,0.003,0.061,-0.916,3.9,28.4,0.0,-0.0007,-0.0147,-0.0113,879,884,948,937,0.00,0.15,-0.27,1.33,0.3993,2,1,0,0.01,0.25,0.77,0.32,0.00,0.00,1.33,137,31
8676,14.5,32.6,-42.7,0.072,-0.026,-1.062,3.5,26.9,0.0,-0.0084,-0.0072,0.0293,897,850,960,930,0.00,0.15,-0.26,1.33,0.3975,2,1,0,0.01,0.25,0.77,0.31,0.00,0.00,1.32,137,31
8686,8.2,26.0,110.2,-0.019,0.055,-1.194,3.7,25.6,0.0,-0.0018,-0.0077,-0.1132,694,1115,717,1151,0.00,0.16,-0.26,1.33,0.4030,2,1,0,0.01,0.25,0.76,0.32,0.00,0.00,1.33,137,31
8696,13.9,20.0,-104.1,0.093,-0.045,-0.848,3.5,24.1,0.0,-0.0076,0.0025,0.0907,1081,716,1068,791,0.00,0.16,-0.26,1.33,0.4001,2,1,0,0.01,0.25,0.74,0.32,0.00,0.00,1.33,136,31
8706,5.3,27.9,124.8,0.014,0.126,-1.071,3.4,20.7,0.0,0.0005,-0.0118,-0.1417,616,1160,674,1209,0.00,0.17,-0.26,1.33,0.4007,2,1,0,0.01,0.24,0.75,0.32,0.00,0.00,1.34,135,31
8716,-1.5,12.4,-76.7,0.059,0.044,-0.912,3.8,19.3,0.0,0.0081,0.0053,0.0634,1046,775,1061,771,0.00,0.17,-0.27,1.33,0.3999,2,1,0,0.01,0.24,0.73,0.33,0.00,0.00,1.36,135,31
8726,5.3,29.5,44.9,-0.080,0.047,-0.791,3.3,13.9,0.0,-0.0012,-0.0197,-0.0752,707,1024,785,1111,0.00,0.18,-0.25,1.33,0.3964,2,1,0,0.01,0.22,0.72,0.31,0.00,0.00,1.36,134,31
8737,1.4,22.8,12.1,0.069,0.145,-0.860,3.9,12.8,0.0,0.0054,-0.0118,-0.0209,853,918,920,943,0.00,0.18,-0.27,1.33,0.3972,2,1,0,0.01,0.22,0.73,0.33,0.00,0.00,1.36,134,31
8747,3.0,32.5,-68.3,0.111,-0.094,-0.909,3.5,7.3,0.0,0.0018,-0.0275,0.0498,912,798,1006,913,0.00,0.18,-0.26,1.33,0.3967,2,1,0,0.01,0.21,0.73,0.31,0.00,0.00,1.34,134,31
8757,0.0,13.7,95.6,-0.039,0.053,-1.010,3.7,6.6,0.0,0.0012,-0.0106,-0.1026,703,1069,747,1118,0.00,0.19,-0.26,1.33,0.3976,2,1,0,0.01,0.21,0.75,0.31,0.00,0.00,1.33,133,31
8767,-3.9,11.8,-117.8,0.127,-0.278,-0.889,3.7,1.0,0.0,0.0105,-0.0124,0.1044,1051,681,1149,762,0.00,0.19,-0.26,1.33,0.3986,2,1,0,0.01,0.19,0.76,0.30,0.00,0.00,1.32,133,31
8777,-14.1,7.3,102.2,0.002,-0.095,-0.916,3.6,0.7,0.0,0.0195,-0.0098,-0.1166,632,1128,736,1144,0.00,0.19,-0.26,1.32,0.3981,2,1,0,0.01,0.19,0.77,0.29,0.00,0.00,1.31,133,31
8787,-11.8,-8.2,-87.8,-0.029,-0.240,-0.778,4.2,-6.5,0.0,0.0176,-0.0020,0.0784,1035,764,1115,738,0.00,0.19,-0.27,1.32,0.3996,2,1,0,0.01,0.17,0.78,0.30,0.00,0.00,1.32,133,31
8797,-7.1,6.0,43.3,-0.048,-0.137,-0.864,3.8,-6.6,0.0,0.0138,-0.0144,-0.0568,700,1050,858,1056,0.00,0.19,-0.25,1.32,0.4011,2,1,0,0.01,0.17,0.81,0.28,0.00,0.00,1.33,133,31
8807,1.1,0.5,15.8,-0.032,0.068,-0.694,4.4,-15.0,0.0,0.0086,-0.0230,-0.0111,833,908,953,963,0.00,0.19,-0.27,1.32,0.4004,2,1,0,0.01,0.14,0.83,0.29,0.00,0.00,1.33,133,31
8817,4.9,1.7,-53.7,0.057,-0.015,-1.154,4.0,-14.8,0.0,0.0035,-0.0202,0.0370,917,830,1033,895,0.00,0.19,-0.26,1.32,0.4026,2,1,0,0.01,0.14,0.86,0.29,0.00,0.00,1.34,133,31
8827,-0.9,-10.4,101.7,-0.054,0.051,-1.063,4.1,-23.4,0.0,0.0079,-0.0148,-0.1151,666,1097,761,1140,0.00,0.19,-0.26,1.32,0.4014,2,1,0,0.01,0.11,0.88,0.29,0.00,0.00,1.34,133,31
8838,7.7,3.3,-102.0,0.146,-0.106,-1.148,4.2,-22.8,0.0,-0.0004,-0.0289,0.0883,1022,694,1137,803,0.00,0.19,-0.26,1.32,0.4002,2,1,0,0.01,0.11,0.89,0.29,0.00,0.00,1.34,133,31
8848,-2.1,17.2,118.1,-0.021,0.092,-1.105,4.2,-33.1,0.0,0.0091,-0.0523,-0.1316,555,1094,768,1221,0.00,0.18,-0.26,1.32,0.3977,2,1,0,0.01,0.07,0.89,0.27,0.00,0.00,1.35,133,31
8858,2.4,11.9,-81.4,0.218,0.085,-1.014,4.8,-32.1,0.0,0.0068,-0.0464,0.0714,953,696,1156,828,0.00,0.18,-0.27,1.32,0.3971,2,1,0,0.01,0.07,0.88,0.28,0.00,0.00,1.36,132,31
8868,-11.7,11.8,47.9,0.122,0.080,-1.314,4.4,-51.5,0.0,0.0190,-0.0654,-0.0613,576,978,917,1153,0.00,0.17,-0.25,1.32,0.3959,2,1,0,0.01,0.00,0.88,0.27,0.00,0.00,1.35,131,31
8878,9.1,-9.5,8.6,0.043,0.220,-1.251,5.0,-49.8,0.0,0.0075,-0.0454,-0.0068,791,846,992,989,0.00,0.17,-0.27,1.32,0.3951,2,1,0,0.01,0.00,0.85,0.28,0.00,0.00,1.34,131,31
8888,6.4,-24.4,-70.9,-0.038,0.109,-1.201,4.8,-47.7,0.0,0.0011,-0.0253,0.0575,905,815,1054,842,0.00,0.16,-0.26,1.32,0.3948,2,1,0,0.01,0.00,0.85,0.28,0.00,0.00,1.34,131,31
8898,-5.9,-40.0,84.0,-0.123,0.176,-1.288,5.1,-45.2,0.0,0.0139,-0.0072,-0.0974,706,1107,757,1044,0.00,0.15,-0.26,1.32,0.3947,2,1,0,0.01,0.00,0.84,0.30,0.00,0.00,1.34,131,31
8908,-2.6,-49.2,-122.7,0.047,-0.138,-1.385,5.1,-42.7,0.0,0.0109,0.0104,0.1078,1123,771,1085,648,0.00,0.14,-0.27,1.32,0.3963,2,1,0,0.01,0.00,0.85,0.30,0.00,0.00,1.34,131,31
8918,-5.6,-33.2,104.2,-0.123,0.066,-1.338,5.2,-40.2,0.0,0.0147,-0.0054,-0.1186,658,1191,695,1071,0.00,0.14,-0.26,1.32,0.3947,2,1,0,0.01,0.00,0.85,0.30,0.00,0.00,1.33,131,31
8928,-10.2,-49.7,-99.2,0.146,-0.134,-1.257,5.6,-37.5,0.0,0.0243,0.0219,0.0946,1080,814,1089,639,0.00,0.13,-0.27,1.32,0.3957,2,1,0,0.01,0.00,0.84,0.32,0.00,0.00,1.32,131,31
8939,-19.5,-56.7,39.1,-0.009,0.016,-1.217,5.2,-34.8,0.0,0.0277,0.0200,-0.0525,770,1143,762,946,0.00,0.12,-0.26,1.32,0.3954,2,1,0,0.01,0.00,0.83,0.30,0.00,0.00,1.30,131,31
8949,-5.8,-74.4,-7.2,-0.014,0.178,-1.222,5.6,-32.0,0.0,0.0143,0.0405,-0.0060,966,1012,871,783,0.00,0.11,-0.27,1.32,0.3970,2,1,0,0.01,0.00,0.83,0.30,0.00,0.00,1.29,131,31
8959,-6.4,-65.5,-54.8,-0.094,-0.063,-1.113,5.3,-29.2,0.0,0.0159,0.0382,0.0377,1013,969,915,734,0.00,0.10,-0.26,1.32,0.3969,2,1,0,0.01,0.00,0.84,0.29,0.00,0.00,1.31,132,31
8969,6.2,-55.1,95.0,-0.192,0.137,-1.270,5.5,-26.6,0.0,0.0020,0.0265,-0.1084,782,1179,659,1027,0.00,0.09,-0.27,1.32,0.3990,2,1,0,0.01,0.00,0.86,0.29,0.00,0.00,1.34,132,31
8979,-8.1,-28.1,-111.6,0.035,-0.101,-1.037,5.4,-24.6,0.0,0.0158,0.0090,0.0924,1066,777,1092,683,0.00,0.08,-0.27,1.32,0.3950,2,1,0,0.01,0.00,0.88,0.30,0.00,0.00,1.33,133,31
8989,-5.6,-20.2,108.2,-0.020,0.074,-1.027,5.4,-22.5,0.0,0.0139,-0.0042,-0.1216,641,1172,684,1103,0.00,0.07,-0.26,1.32,0.3928,2,1,0,0.01,0.00,0.88,0.29,0.00,0.00,1.32,133,31
8999,9.6,-31.0,-99.6,0.038,0.163,-1.295,5.5,-20.8,0.0,0.0056,0.0099,0.0951,1091,753,1075,694,0.00,0.07,-0.28,1.32,0.3946,2,1,0,0.01,0.00,0.87,0.29,0.00,0.00,1.32,133,31
9009,6.0,-9.1,51.2,0.025,0.108,-0.953,5.3,-19.2,0.0,0.0021,-0.0119,-0.0646,726,1046,772,1046,0.00,0.06,-0.26,1.32,0.3915,2,1,0,0.01,0.00,0.88,0.27,0.00,0.00,1.32,133,31
9019,1.9,-0.3,-2.3,0.081,0.075,-0.837,5.5,-17.8,0.0,0.0082,-0.0153,0.0078,868,870,957,896,0.00,0.06,-0.28,1.32,0.3916,2,1,0,0.01,0.00,0.88,0.28,0.00,0.00,1.31,134,31
9029,-5.6,-4.7,-58.9,0.110,0.137,-0.998,5.6,-16.8,0.0,0.0142,-0.0138,0.0455,883,848,1013,849,0.00,0.05,-0.27,1.32,0.3919,2,1,0,0.01,0.00,0.90,0.27,0.00,0.00,1.31,134,31
9040,-3.4,-1.0,94.6,-0.049,0.065,-0.892,5.7,-15.7,0.0,0.0121,-0.0165,-0.1080,658,1075,770,1097,0.00,0.05,-0.27,1.32,0.3928,2,1,0,0.01,0.00,0.88,0.29,0.00,0.00,1.30,135,31
9050,10.2,-10.2,-105.2,-0.101,0.042,-0.935,5.8,-14.8,0.0,-0.0002,-0.0052,0.0917,1060,727,1082,726,0.00,0.05,-0.27,1.32,0.3922,2,1,0,0.01,0.00,0.87,0.30,0.00,0.00,1.30,135,31
9060,0.8,2.5,123.9,-0.086,0.123,-1.295,5.7,-14.1,0.0,0.0082,-0.0190,-0.1384,586,1150,694,1181,0.00,0.04,-0.27,1.32,0.3942,2,1,0,0.01,0.00,0.87,0.29,0.00,0.00,1.30,135,31
9070,12.2,4.9,-90.1,0.164,0.043,-0.851,5.7,-13.6,0.0,-0.0006,-0.0240,0.0839,1016,696,1104,789,0.00,0.04,-0.28,1.31,0.3933,2,1,0,0.01,0.00,0.85,0.31,0.00,0.00,1.30,135,31
9080,0.3,0.6,58.9,0.036,0.132,-1.008,5.8,-13.0,0.0,0.0084,-0.0154,-0.0723,642,1050,803,1098,0.00,0.04,-0.27,1.31,0.3919,2,1,0,0.01,0.00,0.83,0.29,0.00,0.00,1.29,135,31
9090,11.2,-22.2,-6.0,0.025,0.199,-1.065,5.7,-12.4,0.0,-0.0049,-0.0048,0.0074,921,836,951,905,0.00,0.04,-0.28,1.31,0.3944,2,1,0,0.01,0.00,0.83,0.32,0.00,0.00,1.29,135,31
9100,22.5,-16.6,-47.7,0.061,0.093,-0.973,5.9,-11.6,0.0,-0.0122,0.0022,0.0289,949,852,922,883,0.00,0.03,-0.27,1.31,0.3936,2,1,0,0.01,0.00,0.83,0.30,0.00,0.00,1.30,136,31
9110,2.6,-38.4,82.3,-0.160,0.242,-1.043,5.8,-10.7,0.0,0.0061,0.0259,-0.0956,780,1110,708,1005,0.00,0.03,-0.28,1.31,0.3933,2,1,0,0.01,0.00,0.81,0.29,0.00,0.00,1.31,136,31
9120,0.6,-21.0,-119.4,0.208,-0.132,-0.948,5.7,-10.2,0.0,0.0056,0.0088,0.1042,1102,729,1075,693,-0.01,0.03,-0.28,1.31,0.3927,2,1,0,0.01,0.00,0.77,0.29,0.00,0.00,1.32,136,31
9130,-8.9,-18.1,108.4,-0.013,0.036,-0.759,5.7,-9.4,0.0,0.0177,0.0069,-0.1217,662,1163,665,1087,0.00,0.03,-0.27,1.31,0.3899,2,1,0,0.01,0.00,0.75,0.29,0.00,0.00,1.33,136,31
9141,-6.0,-31.3,-103.6,-0.090,-0.235,-0.767,5.7,-8.9,0.0,0.0138,0.0204,0.0931,1096,767,1067,653,0.00,0.03,-0.29,1.31,0.3905,2,1,0,0.01,0.00,0.74,0.29,0.00,0.00,1.32,136,31
9151,-8.2,-23.3,72.6,-0.002,-0.163,-1.022,5.8,-8.1,0.0,0.0174,0.0128,-0.0894,702,1130,727,1022,0.00,0.02,-0.27,1.31,0.3901,2,1,0,0.01,0.00,0.72,0.28,0.00,0.00,1.32,136,31
9161,-5.2,-7.7,-9.6,-0.134,-0.231,-0.579,5.6,-7.5,0.0,0.0139,-0.0015,-0.0036,888,908,937,852,0.00,0.02,-0.29,1.31,0.3906,2,1,0,0.01,0.00,0.66,0.31,0.00,0.00,1.32,136,31
9171,-2.9,1.2,-36.5,0.044,-0.267,-1.141,5.6,-6.9,0.0,0.0124,-0.0092,0.0068,865,887,947,875,0.00,0.02,-0.28,1.31,0.3893,2,1,0,0.01,0.00,0.64,0.30,0.00,0.00,1.33,136,31
9181,0.2,2.1,91.4,0.019,-0.133,-1.170,5.4,-6.5,0.0,0.0081,-0.0104,-0.1047,676,1049,771,1097,0.00,0.02,-0.28,1.32,0.3918,2,1,0,0.01,0.00,0.63,0.31,0.00,0.00,1.33,136,31
9191,13.6,-7.9,-116.3,-0.057,-0.055,-0.736,5.4,-6.1,0.0,0.0015,-0.0125,0.0975,1046,683,1099,724,0.00,0.02,-0.29,1.32,0.3864,2,1,0,0.01,0.00,0.63,0.33,0.00,0.00,1.34,136,31
9201,-2.8,-27.9,111.8,-0.035,0.136,-1.254,5.2,-5.4,0.0,0.0111,0.0208,-0.1252,631,1168,667,1097,0.00,0.01,-0.28,1.32,0.3877,2,1,0,0.01,0.00,0.64,0.33,0.00,0.00,1.33,136,31
9211,4.5,-33.8,-105.6,0.187,-0.190,-1.040,4.9,-5.0,0.0,0.0009,0.0235,0.0941,1113,731,1042,688,0.00,0.01,-0.29,1.32,0.3892,2,1,0,0.01,0.00,0.64,0.33,0.00,0.00,1.32,136,31
9221,1.2,-19.1,65.5,-0.080,0.033,-0.884,5.0,-4.2,0.0,0.0068,0.0136,-0.0837,723,1100,700,1022,0.00,0.01,-0.28,1.32,0.3854,2,1,0,0.01,0.00,0.65,0.32,0.00,0.00,1.32,136,31
9231,-17.3,-35.3,-14.5,0.114,-0.109,-1.231,4.9,-3.8,0.0,0.0253,0.0299,0.0012,925,971,910,773,0.00,0.01,-0.29,1.32,0.3900,2,1,0,0.01,0.00,0.64,0.31,0.00,0.00,1.33,136,31
9242,2.5,-24.1,-60.3,0.086,-0.102,-0.817,4.9,-3.4,0.0,0.0074,0.0145,0.0307,958,870,932,787,0.00,0.01,-0.28,1.32,0.3858,2,1,0,0.01,0.00,0.64,0.31,0.00,0.00,1.34,136,31
9252,-6.1,-39.1,92.7,-0.034,0.133,-1.152,4.9,-2.9,0.0,0.0203,0.0353,-0.0974,737,1166,706,945,0.00,0.00,-0.29,1.32,0.3868,2,1,0,0.01,0.00,0.65,0.29,0.00,0.00,1.34,137,31
9262,10.1,-31.8,-116.7,0.017,-0.157,-0.825,4.7,-2.6,0.0,-0.0024,0.0275,0.1034,1139,743,1016,646,0.00,0.00,-0.29,1.32,0.3854,2,1,0,0.01,0.00,0.64,0.31,0.00,0.00,1.33,137,31
9272,18.7,-12.8,123.6,-0.217,0.257,-0.870,4.7,-2.2,0.0,-0.0092,0.0126,-0.1373,668,1171,582,1113,0.00,0.00,-0.28,1.32,0.3841,2,1,0,0.01,0.00,0.64,0.32,0.00,0.00,1.34,137,31
9282,6.4,-6.4,-94.6,0.051,-0.020,-0.986,4.5,-2.1,0.0,0.0012,0.0026,0.0813,1068,748,1041,707,0.00,0.00,-0.30,1.32,0.3880,2,1,0,0.01,0.00,0.63,0.33,0.00,0.00,1.34,137,31
9292,1.1,26.4,48.6,-0.071,-0.001,-0.685,4.5,-2.0,0.0,0.0013,-0.0265,-0.0748,687,1002,753,1093,0.00,0.00,-0.28,1.32,0.3842,2,1,0,0.01,0.00,0.62,0.33,0.00,0.00,1.33,137,31
9302,14.0,13.4,9.6,0.001,0.084,-1.006,4.5,-1.8,0.0,-0.0065,-0.0170,-0.0229,846,883,883,942,0.00,0.00,-0.30,1.32,0.3867,2,1,0,0.01,0.00,0.60,0.35,0.00,0.00,1.33,138,31
9312,2.9,14.0,-70.4,-0.135,-0.009,-0.818,4.6,-1.7,0.0,0.0051,-0.0173,0.0523,926,787,1007,831,0.00,0.00,-0.29,1.32,0.3865,2,1,0,0.01,0.00,0.58,0.35,0.00,0.00,1.33,137,31
9322,17.6,3.2,89.9,-0.064,0.180,-0.937,4.4,-1.4,0.0,-0.0101,-0.0065,-0.1031,722,1054,700,1075,0.00,0.00,-0.29,1.32,0.3863,2,1,0,0.01,0.00,0.56,0.35,0.00,0.00,1.33,137,31
9332,9.2,11.8,-121.0,0.093,-0.087,-0.977,4.6,-1.4,0.0,0.0000,-0.0109,0.1053,1071,673,1112,714,0.00,0.00,-0.30,1.32,0.3887,2,1,0,0.01,0.00,0.54,0.36,0.00,0.00,1.33,137,31
9343,15.7,23.2,102.0,-0.114,0.118,-0.916,4.5,-1.1,0.0,-0.0081,-0.0262,-0.1153,643,1075,676,1169,0.00,0.00,-0.29,1.33,0.3880,2,1,0,0.01,0.00,0.53,0.36,0.00,0.00,1.34,137,31
9353,12.6,11.4,-87.8,0.055,0.004,-1.150,4.5,-1.1,0.0,-0.0017,-0.0138,0.0851,1034,706,1080,765,0.00,0.00,-0.30,1.33,0.3907,2,1,0,0.01,0.00,0.52,0.39,0.00,0.00,1.35,137,31
9363,1.4,15.4,19.9,0.123,-0.082,-0.927,4.6,-0.9,0.0,0.0063,-0.0181,-0.0332,738,953,830,1033,0.00,0.00,-0.29,1.33,0.3867,2,1,0,0.01,0.00,0.50,0.39,0.00,0.00,1.34,137,31
9373,5.6,-4.1,17.3,-0.033,0.106,-1.135,4.4,-0.7,0.0,-0.0010,0.0003,-0.0147,867,919,862,922,0.00,0.00,-0.30,1.33,0.3888,2,1,0,0.01,0.00,0.48,0.40,0.00,0.00,1.33,138,31
9383,10.4,-8.6,-84.8,0.051,-0.105,-1.072,4.6,-0.6,0.0,-0.0027,0.0063,0.0716,1002,784,999,782,0.00,0.00,-0.29,1.33,0.3885,2,1,0,0.01,0.00,0.47,0.40,0.00,0.00,1.34,138,31
9393,3.5,-8.3,104.3,-0.119,0.078,-1.009,4.5,-0.1,0.0,0.0040,0.0065,-0.1175,708,1125,677,1058,0.00,0.00,-0.29,1.33,0.3885,2,1,0,0.01,0.00,0.45,0.40,0.00,0.00,1.34,139,31
9403,15.7,-12.7,-113.0,0.031,-0.154,-1.128,4.4,-0.1,0.0,-0.0093,0.0114,0.0997,1127,710,1043,707,0.00,0.00,-0.30,1.33,0.3911,2,1,0,0.01,0.00,0.42,0.40,0.00,0.00,1.34,140,31
9413,12.9,7.1,106.8,-0.168,0.017,-0.879,4.5,0.0,0.0,-0.0052,-0.0088,-0.1201,668,1116,637,1137,0.00,0.00,-0.29,1.33,0.3871,2,1,0,0.01,0.00,0.41,0.39,0.00,0.00,1.34,140,31
9423,8.2,0.6,-64.0,-0.035,-0.108,-1.191,4.4,0.1,0.0,-0.0029,0.0028,0.0635,1029,777,1007,778,0.00,0.00,-0.30,1.33,0.3916,2,1,0,0.01,0.00,0.39,0.41,0.00,0.00,1.34,140,31
9434,8.8,18.8,12.2,-0.022,-0.073,-0.744,4.5,0.1,0.0,-0.0011,-0.0204,-0.0255,782,919,818,1038,0.00,0.00,-0.29,1.33,0.3870,2,1,0,0.01,0.00,0.38,0.40,0.00,0.00,1.33,140,31
9444,10.5,14.5,41.6,-0.025,0.056,-0.955,4.4,0.2,0.0,-0.0038,-0.0149,-0.0394,824,917,856,981,0.00,0.00,-0.30,1.33,0.3898,2,1,0,0.01,0.00,0.36,0.42,0.00,0.00,1.34,140,31
9454,10.6,3.7,-86.1,-0.153,-0.089,-1.003,4.4,0.2,0.0,-0.0049,-0.0059,0.0691,1011,747,1009,812,0.00,0.00,-0.30,1.33,0.3899,2,1,0,0.01,0.00,0.36,0.41,0.00,0.00,1.34,139,31
9464,11.8,16.0,105.4,-0.015,0.033,-0.841,4.3,0.5,0.0,-0.0043,-0.0171,-0.1187,670,1077,701,1125,0.00,0.00,-0.29,1.33,0.3891,2,1,0,0.01,0.00,0.33,0.42,0.00,0.00,1.33,140,31
9474,5.5,4.3,-112.2,0.085,-0.149,-0.967,4.2,0.6,0.0,0.0014,-0.0039,0.0996,1086,707,1090,709,0.00,0.00,-0.30,1.33,0.3917,2,1,0,0.01,0.00,0.30,0.43,0.00,0.00,1.33,140,31
9484,3.3,18.8,93.2,-0.008,-0.030,-0.950,4.2,0.6,0.0,0.0041,-0.0199,-0.1065,644,1067,716,1157,0.00,0.00,-0.29,1.33,0.3908,2,1,0,0.01,0.00,0.29,0.43,0.00,0.00,1.33,140,31
9494,3.8,-0.3,-55.9,0.152,-0.027,-0.918,4.2,0.6,0.0,0.0030,-0.0048,0.0568,1006,770,1041,779,0.00,0.00,-0.30,1.33,0.3923,2,1,0,0.01,0.00,0.25,0.44,0.00,0.00,1.34,140,31
9504,-8.5,-3.2,9.4,0.088,-0.113,-1.019,4.5,0.7,0.0,0.0154,-0.0013,-0.0278,784,978,866,960,0.00,0.00,-0.29,1.33,0.3912,2,1,0,0.01,0.00,0.24,0.43,0.00,0.00,1.34,140,31
9514,-1.6,-13.4,44.3,0.118,0.062,-1.072,4.3,0.8,0.0,0.0092,0.0127,-0.0576,816,976,850,964,0.00,0.00,-0.30,1.33,0.3935,2,1,0,0.01,0.00,0.24,0.44,0.00,0.00,1.34,140,31
9524,6.8,-19.1,-77.1,-0.008,-0.090,-0.971,4.6,1.0,0.0,0.0045,0.0101,0.0551,1011,820,990,764,0.00,0.00,-0.30,1.33,0.3907,2,1,0,0.01,0.00,0.25,0.44,0.00,0.00,1.33,140,31
9534,1.8,-22.8,113.8,-0.076,0.184,-1.389,4.5,1.3,0.0,0.0076,0.0164,-0.1245,672,1166,674,1096,0.00,0.00,-0.30,1.33,0.3938,2,1,0,0.01,0.00,0.26,0.44,0.00,0.00,1.33,140,31
9545,9.6,-13.4,-101.4,0.171,-0.162,-0.939,4.3,1.4,0.0,-0.0020,0.0133,0.0881,1093,744,1037,726,0.00,0.00,-0.30,1.33,0.3927,2,1,0,0.01,0.00,0.25,0.45,0.00,0.00,1.33,140,31
9555,1.4,-6.9,106.0,-0.106,0.030,-1.021,4.5,1.6,0.0,0.0062,0.0070,-0.1193,651,1147,649,1138,0.00,0.00,-0.29,1.33,0.3909,2,1,0,0.01,0.00,0.27,0.45,0.00,0.00,1.32,140,31
9565,0.0,-21.4,-57.9,0.157,0.008,-1.358,4.4,1.6,0.0,0.0067,0.0198,0.0482,1033,815,1007,764,0.00,0.00,-0.31,1.33,0.3954,2,1,0,0.01,0.00,0.25,0.45,0.00,0.00,1.32,140,31
9575,5.2,-17.2,19.7,-0.035,0.039,-0.840,4.6,1.8,0.0,0.0015,0.0163,-0.0390,823,1014,776,968,0.00,0.00,-0.29,1.33,0.3904,2,1,0,0.01,0.00,0.27,0.43,0.00,0.00,1.33,140,31
9585,-3.2,-33.3,35.1,-0.007,0.185,-1.151,4.5,2.1,0.0,0.0110,0.0339,-0.0483,888,1032,797,877,0.00,0.00,-0.30,1.33,0.3919,2,1,0,0.01,0.00,0.26,0.45,0.00,0.00,1.33,140,31
9595,0.3,-19.9,-85.9,0.118,-0.155,-1.028,4.5,2.2,0.0,-0.0019,0.0254,0.0577,1057,831,953,742,0.00,0.00,-0.30,1.33,0.3906,2,1,0,0.01,0.00,0.27,0.45,0.00,0.00,1.33,140,31
9605,-1.1,-12.0,109.9,-0.064,0.113,-0.734,4.5,2.4,0.0,0.0090,0.0128,-0.1232,708,1185,644,1032,0.00,0.00,-0.30,1.33,0.3887,2,1,0,0.01,0.00,0.27,0.46,0.00,0.00,1.33,141,31
9615,-20.2,-5.6,-125.1,0.128,-0.185,-1.018,4.6,2.2,0.0,0.0286,0.0159,0.1107,1081,771,1129,603,0.00,0.00,-0.31,1.33,0.3907,2,1,0,0.01,0.00,0.23,0.48,0.00,0.00,1.33,141,31
9625,-10.0,9.6,102.3,0.044,0.045,-0.677,4.5,2.3,0.0,0.0178,-0.0090,-0.1156,637,1148,684,1109,0.00,0.00,-0.30,1.33,0.3900,2,1,0,0.01,0.00,0.25,0.47,0.00,0.00,1.32,142,31
9636,1.9,-5.4,-65.7,-0.012,0.092,-0.844,4.4,2.3,0.0,0.0063,0.0093,0.0572,1059,819,1018,692,0.00,0.00,-0.31,1.33,0.3911,2,1,0,0.01,0.00,0.21,0.49,0.00,0.00,1.32,143,31
9646,-18.4,0.5,14.3,-0.011,-0.217,-1.102,4.5,2.4,0.0,0.0262,0.0002,-0.0276,785,1050,821,940,0.00,0.00,-0.30,1.33,0.3923,2,1,0,0.01,0.00,0.22,0.49,0.00,0.00,1.31,143,31
9656,0.7,27.1,49.0,-0.049,-0.074,-0.888,4.2,2.3,0.0,0.0068,-0.0240,-0.0573,805,967,859,970,0.00,0.00,-0.31,1.33,0.3930,2,1,0,0.01,0.00,0.20,0.48,0.00,0.00,1.30,143,31
9666,-11.8,24.1,-89.8,0.049,-0.100,-1.012,4.4,2.1,0.0,0.0262,-0.0210,0.0678,921,815,1096,765,0.00,0.00,-0.30,1.33,0.3923,2,1,0,0.01,0.00,0.19,0.48,0.00,0.00,1.30,143,31
9676,-1.4,9.9,104.4,0.135,-0.060,-1.269,3.9,1.9,0.0,0.0059,-0.0203,-0.1166,634,1082,738,1159,0.00,0.00,-0.30,1.33,0.3946,2,1,0,0.01,0.00,0.17,0.47,0.00,0.00,1.30,143,31
9686,20.2,5.9,-120.5,0.050,0.054,-1.045,4.0,1.8,0.0,-0.0100,-0.0094,0.1074,1058,673,1156,732,0.00,0.00,-0.31,1.33,0.3953,2,1,0,0.01,0.00,0.14,0.47,0.00,0.00,1.30,143,31
9696,0.0,-15.9,95.6,-0.109,0.140,-1.216,3.9,2.0,0.0,0.0071,0.0164,-0.1088,666,1149,694,1103,0.00,0.00,-0.30,1.33,0.3945,2,1,0,0.01,0.00,0.12,0.45,0.00,0.00,1.30,143,31
9706,9.3,-26.3,-68.6,0.260,0.021,-1.272,3.7,2.0,0.0,-0.0031,0.0214,0.0634,1072,772,1033,750,0.00,0.00,-0.31,1.33,0.3964,2,1,0,0.01,0.00,0.08,0.44,0.00,0.00,1.30,143,31
9716,3.5,-8.1,-6.8,0.016,0.087,-0.894,3.8,2.2,0.0,0.0035,0.0089,-0.0064,851,977,836,941,0.00,0.00,-0.30,1.32,0.3935,2,1,0,0.01,0.00,0.05,0.44,0.00,0.00,1.30,143,31
9727,4.2,-33.2,36.5,-0.081,0.135,-1.076,3.5,2.3,0.0,-0.0007,0.0302,-0.0341,908,995,809,903,0.00,0.00,-0.31,1.32,0.3948,2,1,0,0.01,0.00,0.03,0.45,0.00,0.00,1.31,143,31
9737,5.7,-11.9,-100.6,-0.002,-0.097,-0.939,3.7,2.4,0.0,0.0012,0.0129,0.0873,1061,814,1000,732,0.00,0.00,-0.31,1.32,0.3937,2,1,0,0.01,0.00,0.00,0.45,0.00,0.00,1.31,143,31
9747,-4.5,-23.0,108.6,-0.207,0.040,-0.867,3.6,2.7,0.0,0.0114,0.0242,-0.1218,737,1198,640,1021,0.00,0.00,-0.31,1.32,0.3923,2,1,0,0.01,0.00,-0.01,0.45,0.00,0.00,1.30,143,31
9757,1.1,1.9,-114.2,-0.013,-0.271,-0.889,3.5,2.6,0.0,0.0043,0.0026,0.1022,1139,732,1071,681,0.00,0.00,-0.31,1.32,0.3959,2,1,0,0.01,0.00,-0.07,0.46,0.00,0.00,1.30,143,31
9767,2.1,26.6,96.7,-0.086,-0.090,-0.867,3.5,2.7,0.0,0.0046,-0.0255,-0.1099,668,1116,692,1136,0.00,0.00,-0.30,1.32,0.3944,2,1,0,0.01,0.00,-0.08,0.45,0.00,0.00,1.30,143,31
9777,13.8,28.9,-49.3,-0.092,-0.096,-0.821,3.4,2.6,0.0,-0.0039,-0.0208,0.0517,999,759,1042,819,0.00,0.00,-0.32,1.32,0.3953,2,1,0,0.01,0.00,-0.11,0.45,0.00,0.00,1.30,143,31
9787,4.1,35.0,-12.6,0.057,0.025,-1.130,3.6,2.5,0.0,0.0028,-0.0341,-0.0005,781,897,949,1000,0.00,0.00,-0.30,1.32,0.3965,2,1,0,0.01,0.00,-0.11,0.44,0.00,0.00,1.28,142,31
9797,10.0,20.6,56.9,0.047,0.008,-0.817,3.1,2.6,0.0,-0.0057,-0.0207,-0.0653,805,932,838,1047,0.00,0.00,-0.31,1.32,0.3956,2,1,0,0.01,0.00,-0.11,0.44,0.00,0.00,1.27,142,31
9807,14.3,18.6,-97.3,0.133,-0.082,-0.941,3.3,2.5,0.0,-0.0088,-0.0197,0.0819,1019,712,1073,839,0.00,0.00,-0.31,1.32,0.3985,2,1,0,0.01,0.00,-0.09,0.42,0.00,0.00,1.28,142,31
9818,-8.4,12.6,112.1,0.126,0.002,-1.143,3.1,2.6,0.0,0.0069,-0.0177,-0.1231,648,1109,727,1177,0.00,0.00,-0.31,1.31,0.4009,2,1,0,0.01,0.00,-0.08,0.39,0.00,0.00,1.28,142,31
9828,-8.0,-4.6,-108.8,0.193,-0.167,-0.932,3.1,2.5,0.0,0.0106,-0.0063,0.1000,1072,714,1148,734,0.00,0.00,-0.32,1.31,0.4019,2,1,0,0.01,0.00,-0.07,0.38,0.00,0.00,1.28,143,31
9838,-12.1,-9.1,79.1,0.150,0.001,-1.273,3.2,2.6,0.0,0.0187,0.0104,-0.0923,673,1137,775,1084,0.00,-0.01,-0.30,1.31,0.4019,2,1,0,0.01,0.00,-0.05,0.38,0.00,0.00,1.27,142,31
9848,-7.6,-28.1,-28.4,0.042,0.032,-1.189,2.9,2.8,0.0,0.0129,0.0217,0.0321,1009,890,996,793,0.00,-0.01,-0.32,1.31,0.4045,2,1,0,0.01,0.00,-0.05,0.37,0.00,0.00,1.29,142,31
9858,20.6,-24.5,-9.2,0.010,-0.021,-1.163,2.9,2.9,0.0,-0.0144,0.0261,-0.0039,893,1003,830,938,0.00,-0.01,-0.31,1.31,0.4012,2,1,0,0.01,0.00,-0.05,0.38,0.00,0.00,1.29,142,31
9868,-0.8,-17.5,83.5,-0.011,0.181,-1.171,2.7,3.0,0.0,0.0100,0.0217,-0.0830,797,1118,764,994,0.00,-0.01,-0.31,1.31,0.4024,2,1,0,0.01,0.00,-0.06,0.39,0.00,0.00,1.27,142,31
9878,-6.4,-1.7,-93.9,0.060,-0.068,-0.902,2.4,3.1,0.0,0.0122,0.0034,0.0807,1067,817,999,804,0.00,-0.01,-0.31,1.31,0.4043,2,1,0,0.01,0.00,-0.07,0.38,0.00,0.00,1.29,142,31
9888,-5.9,-1.3,115.8,-0.032,0.183,-1.057,2.6,3.2,0.0,0.0121,0.0046,-0.1294,673,1202,681,1113,0.00,-0.01,-0.31,1.31,0.4019,2,1,0,0.01,0.00,-0.07,0.38,0.00,0.00,1.31,142,31
9898,-2.2,-9.1,-102.9,0.082,0.033,-1.137,2.6,3.2,0.0,0.0100,0.0130,0.0915,1111,799,1089,682,0.00,-0.01,-0.32,1.31,0.4036,2,1,0,0.01,0.00,-0.07,0.37,0.00,0.00,1.30,142,31
9908,-2.4,-0.6,69.8,-0.042,0.114,-0.934,2.7,3.4,0.0,0.0088,0.0048,-0.0875,715,1165,693,1072,0.00,-0.01,-0.30,1.30,0.3988,2,1,0,0.01,0.00,-0.08,0.36,0.00,0.00,1.30,142,31
9919,7.9,8.3,-23.7,0.115,0.055,-0.841,2.6,3.4,0.0,0.0048,0.0014,0.0264,981,879,987,811,0.00,-0.01,-0.32,1.30,0.4002,2,1,0,0.01,0.00,-0.11,0.36,0.00,0.00,1.31,142,31
9929,-15.9,8.5,-33.9,0.228,0.058,-1.074,2.7,3.5,0.0,0.0220,-0.0064,0.0206,842,979,923,905,0.00,-0.01,-0.31,1.30,0.3992,2,1,0,0.01,0.00,-0.13,0.34,0.00,0.00,1.31,142,31
9939,1.5,-1.8,71.1,0.066,0.045,-0.992,2.4,3.6,0.0,-0.0034,-0.0012,-0.0749,806,1013,793,1033,0.00,-0.01,-0.31,1.30,0.3988,2,1,0,0.01,0.00,-0.16,0.36,0.00,0.00,1.31,142,31
9949,1.8,-6.2,-101.1,0.022,-0.017,-0.925,2.7,3.6,0.0,0.0089,0.0032,0.0854,1011,792,1105,735,0.00,-0.01,-0.31,1.30,0.3984,2,1,0,0.01,0.00,-0.17,0.33,0.00,0.00,1.31,142,31
9959,-14.7,-15.9,106.9,-0.096,0.006,-1.209,2.7,3.9,0.0,0.0208,0.0185,-0.1201,666,1170,714,1084,0.00,-0.01,-0.31,1.31,0.3973,2,1,0,0.01,0.00,-0.21,0.34,0.00,0.00,1.31,142,31
9969,6.1,-12.0,-95.5,0.066,-0.200,-0.950,2.6,4.0,0.0,-0.0008,0.0128,0.0836,1091,752,1065,736,0.00,-0.01,-0.32,1.31,0.3986,2,1,0,0.01,0.00,-0.23,0.34,0.00,0.00,1.31,141,31
9979,8.9,0.5,74.6,-0.063,0.058,-1.043,2.9,4.2,0.0,-0.0027,0.0022,-0.0879,671,1123,726,1090,0.00,-0.01,-0.30,1.31,0.3941,2,1,0,0.01,0.00,-0.24,0.33,0.00,0.00,1.31,141,31
9989,1.9,-20.3,-31.2,-0.074,0.086,-1.294,2.6,4.0,0.0,0.0014,0.0111,0.0289,975,815,1002,841,0.00,-0.01,-0.32,1.31,0.3970,2,1,0,0.01,0.00,-0.28,0.34,0.00,0.00,1.31,141,31
9999,21.2,-12.1,-23.3,-0.146,0.034,-0.824,2.7,4.3,0.0,-0.0159,0.0138,0.0042,898,922,831,955,0.00,-0.01,-0.31,1.31,0.3936,2,1,0,0.01,0.00,-0.29,0.35,0.00,0.00,1.31,141,31
10009,-4.9,-24.4,57.0,-0.133,0.135,-0.954,2.6,4.5,0.0,0.0141,0.0341,-0.0568,863,1053,784,900,0.00,-0.01,-0.31,1.31,0.3927,2,1,0,0.01,0.00,-0.29,0.35,0.00,0.00,1.32,142,31
10020,0.3,-7.3,-111.2,0.045,-0.329,-0.993,2.5,4.5,0.0,0.0030,0.0131,0.0954,1110,771,971,758,0.00,-0.01,-0.31,1.31,0.3940,2,1,0,0.01,0.00,-0.30,0.35,0.00,0.00,1.32,142,31
10030,5.8,5.2,103.8,-0.089,0.042,-0.743,2.5,4.6,0.0,0.0000,-0.0020,-0.1170,726,1162,664,1038,0.00,-0.01,-0.31,1.31,0.3915,2,1,0,0.01,0.00,-0.29,0.36,0.00,0.00,1.31,142,31
10040,5.9,-3.2,-110.7,-0.016,-0.125,-0.949,2.3,4.3,0.0,0.0054,0.0120,0.1037,1122,747,1088,649,0.00,-0.01,-0.32,1.31,0.3936,2,1,0,0.01,0.00,-0.29,0.38,0.00,0.00,1.31,142,31
10050,0.0,8.2,80.6,-0.118,-0.154,-0.892,2.3,4.3,0.0,0.0056,-0.0053,-0.0939,696,1104,698,1102,0.00,-0.01,-0.31,1.31,0.3926,2,1,0,0.01,0.00,-0.28,0.37,0.00,0.00,1.32,142,31
10060,10.4,16.7,-31.0,-0.086,-0.059,-0.814,2.0,4.4,0.0,-0.0042,0.0021,0.0360,1053,830,966,746,0.00,-0.01,-0.32,1.31,0.3921,2,1,0,0.01,0.00,-0.28,0.37,0.00,0.00,1.34,142,31
10070,-2.0,18.8,-9.8,-0.008,-0.165,-1.129,2.0,4.2,0.0,0.0058,-0.0135,-0.0094,836,952,836,964,0.00,-0.01,-0.31,1.31,0.3911,2,1,0,0.01,0.00,-0.26,0.37,0.00,0.00,1.32,142,31
10080,17.0,29.8,76.5,0.007,-0.044,-0.980,1.6,3.9,0.0,-0.0121,-0.0273,-0.0897,781,947,790,1082,0.00,-0.01,-0.32,1.31,0.3928,2,1,0,0.01,0.00,-0.25,0.36,0.00,0.00,1.30,142,31
10090,2.9,17.3,-102.0,-0.039,-0.021,-0.928,-3.6,3.8,0.0,0.0025,-0.0185,0.0815,995,725,1083,786,0.00,-0.01,-0.31,1.31,0.3912,2,1,0,0.00,0.00,-0.26,0.38,0.00,0.00,1.30,141,31
10100,-1.3,3.9,114.3,0.122,-0.088,-1.318,-4.0,3.7,0.0,0.0006,-0.0015,-0.1276,628,1080,694,1207,0.00,-0.01,-0.31,1.31,0.3938,2,1,0,0.00,0.00,-0.25,0.38,0.00,0.00,1.31,141,31
10110,14.0,-3.8,-104.8,0.163,-0.053,-1.015,-13.0,3.7,0.0,-0.0234,-0.0036,0.0958,1101,647,1078,779,0.00,-0.01,-0.32,1.31,0.3935,2,1,0,-0.03,0.00,-0.26,0.39,0.00,0.00,1.32,141,31
10120,5.9,-0.4,81.3,-0.037,0.044,-1.196,-12.9,3.8,0.0,-0.0149,0.0016,-0.0982,703,1075,678,1139,0.00,-0.01,-0.31,1.31,0.3922,2,1,0,-0.03,0.00,-0.26,0.40,0.00,0.00,1.33,141,31
10131,-2.2,-6.8,-29.8,0.215,-0.004,-1.062,-19.7,3.7,0.0,-0.0142,0.0092,0.0165,999,780,977,844,0.00,-0.01,-0.32,1.31,0.3929,2,1,0,-0.06,0.00,-0.27,0.41,0.00,0.00,1.33,141,31
10141,-11.4,15.0,-31.7,0.217,-0.094,-1.060,-19.4,3.7,0.0,-0.0061,-0.0156,0.0124,852,859,895,983,0.00,-0.01,-0.31,1.31,0.3912,2,1,0,-0.06,0.00,-0.26,0.41,0.00,0.00,1.33,141,31
10151,-13.8,-14.5,73.9,0.052,0.085,-1.096,-24.3,3.8,0.0,-0.0113,0.0102,-0.0815,797,997,748,1057,0.00,-0.01,-0.32,1.31,0.3927,2,1,0,-0.08,0.00,-0.25,0.41,0.00,0.00,1.33,141,31
10161,-22.2,-0.5,-108.3,0.194,-0.161,-0.901,-27.8,3.7,0.0,-0.0024,-0.0015,0.0937,1009,716,1088,776,0.00,-0.01,-0.32,1.31,0.3914,2,1,0,-0.09,0.00,-0.25,0.41,0.00,0.00,1.33,141,31
10171,-37.9,-10.7,108.4,0.125,-0.014,-1.145,-26.9,4.0,0.0,0.0127,0.0106,-0.1221,656,1142,676,1123,0.00,-0.01,-0.31,1.31,0.3923,2,1,0,-0.09,0.00,-0.24,0.41,0.00,0.00,1.33,141,31
10181,-31.4,-11.7,-99.0,0.056,-0.229,-0.990,-29.0,4.0,0.0,0.0056,0.0145,0.0858,1078,727,1101,701,0.00,-0.01,-0.32,1.32,0.3938,2,1,0,-0.10,0.00,-0.23,0.42,0.00,0.00,1.33,141,31
10191,-37.7,-21.2,65.3,0.096,-0.023,-1.101,-27.5,4.1,0.0,0.0160,0.0153,-0.0898,703,1130,733,1036,-0.01,-0.01,-0.31,1.32,0.3930,2,1,0,-0.10,0.00,-0.22,0.42,0.00,0.00,1.33,140,31
10201,-37.3,-3.5,-11.5,0.123,-0.094,-1.109,-29.2,4.1,0.0,0.0118,0.0038,0.0037,916,878,992,837,-0.01,-0.01,-0.32,1.32,0.3960,2,1,0,-0.11,0.00,-0.21,0.42,0.00,0.00,1.34,140,31
10211,-35.7,-6.7,-28.4,-0.072,-0.074,-1.048,-27.4,4.0,0.0,0.0115,0.0095,0.0151,851,933,923,885,-0.02,-0.01,-0.31,1.32,0.3918,2,1,0,-0.11,0.00,-0.18,0.40,0.00,0.00,1.33,140,31
10221,-34.6,-17.2,88.8,0.092,0.120,-1.420,-28.3,3.9,0.0,0.0102,0.0094,-0.0974,699,1075,797,1060,-0.02,-0.01,-0.32,1.32,0.3969,2,1,0,-0.12,0.00,-0.15,0.39,0.00,0.00,1.32,140,31
10232,-34.4,-5.6,-102.3,-0.001,-0.020,-1.137,-26.5,3.9,0.0,0.0111,0.0083,0.0890,978,770,1099,757,-0.03,-0.01,-0.32,1.32,0.3933,2,1,0,-0.12,0.00,-0.15,0.39,0.00,0.00,1.32,140,31
10242,-35.9,-25.3,110.9,-0.070,0.118,-1.362,-25.0,3.9,0.0,0.0154,0.0180,-0.1270,649,1192,675,1101,-0.03,-0.01,-0.31,1.32,0.3949,2,1,0,-0.12,0.00,-0.13,0.38,0.00,0.00,1.32,140,31
10252,-17.0,-28.4,-97.7,0.095,0.140,-1.374,-23.6,3.9,0.0,-0.0034,0.0312,0.0845,1104,776,1059,684,-0.04,-0.01,-0.32,1.32,0.3960,2,1,0,-0.12,0.00,-0.10,0.37,0.00,0.00,1.33,140,31
10262,-21.2,-23.0,58.5,-0.121,0.155,-1.138,-28.3,3.9,0.0,-0.0002,0.0300,-0.0845,772,1133,678,1016,-0.04,-0.01,-0.31,1.32,0.3926,2,1,0,-0.14,0.00,-0.06,0.36,0.00,0.00,1.34,140,31
10272,-22.6,-24.0,-17.7,0.007,0.192,-1.186,-27.2,4.0,0.0,-0.0013,0.0268,0.0044,1021,902,906,774,-0.05,-0.01,-0.32,1.32,0.3932,2,1,0,-0.14,0.00,-0.05,0.37,0.00,0.00,1.34,141,31
10282,-30.2,3.1,-44.7,0.132,0.049,-1.089,-29.4,3.8,0.0,-0.0003,0.0116,0.0157,945,916,864,858,-0.05,-0.01,-0.31,1.32,0.3907,2,1,0,-0.16,0.00,-0.03,0.40,0.00,0.00,1.34,141,31
10292,-23.2,-21.9,74.4,-0.090,0.173,-0.927,-28.4,4.0,0.0,-0.0037,0.0294,-0.0833,865,1085,679,955,-0.06,-0.01,-0.32,1.32,0.3908,2,1,0,-0.16,0.00,-0.04,0.40,0.00,0.00,1.34,141,31
10302,-23.5,-4.9,-105.7,0.066,0.079,-1.007,-30.0,3.7,0.0,-0.0033,0.0073,0.0924,1097,767,1025,687,-0.06,-0.01,-0.32,1.32,0.3896,2,1,0,-0.17,0.00,-0.03,0.41,0.00,0.00,1.34,141,31
10312,-35.0,-4.4,115.0,-0.105,-0.010,-0.834,-29.0,3.8,0.0,0.0088,0.0226,-0.1232,711,1189,619,1047,-0.07,-0.01,-0.31,1.32,0.3882,2,1,0,-0.17,0.00,0.00,0.41,0.00,0.00,1.34,141,31
10322,-17.4,7.6,-97.4,0.029,-0.064,-0.866,-30.4,3.7,0.0,-0.0098,-0.0052,0.0841,1134,730,1039,685,-0.07,-0.01,-0.32,1.32,0.3912,2,1,0,-0.17,0.00,0.00,0.40,0.00,0.00,1.34,141,31
10333,-23.7,22.6,89.2,0.002,0.012,-1.042,-29.1,3.4,0.0,0.0035,-0.0107,-0.1112,657,1118,692,1103,-0.07,-0.01,-0.31,1.32,0.3889,2,1,0,-0.17,0.00,0.01,0.42,0.00,0.00,1.34,140,31
10343,-26.9,27.2,-9.9,-0.020,-0.068,-0.816,-29.8,3.5,0.0,0.0003,-0.0232,0.0030,927,818,965,863,-0.08,-0.01,-0.32,1.32,0.3893,2,1,0,-0.18,0.00,0.01,0.43,0.00,0.00,1.33,140,31
10353,-19.1,16.7,-27.1,0.056,0.052,-0.864,-28.5,3.2,0.0,-0.0062,-0.0147,0.0138,854,875,901,930,-0.08,-0.01,-0.31,1.32,0.3875,2,1,0,-0.18,0.00,0.00,0.42,0.00,0.00,1.31,140,31
10363,-24.4,3.4,95.4,-0.049,0.220,-0.891,-27.8,3.3,0.0,0.0026,-0.0031,-0.0961,716,1057,746,1057,-0.08,-0.01,-0.32,1.32,0.3897,2,1,0,-0.18,0.00,0.00,0.42,0.00,0.00,1.31,140,31
10373,-8.2,1.5,-106.8,-0.096,0.053,-0.653,-26.6,3.3,0.0,-0.0162,0.0040,0.0890,1094,719,1011,751,-0.09,-0.01,-0.32,1.32,0.3895,2,1,0,-0.18,0.00,-0.01,0.43,0.00,0.00,1.32,139,31
10383,-22.1,-2.2,124.8,-0.168,0.301,-0.761,-27.7,3.4,0.0,-0.0024,0.0043,-0.1381,668,1199,595,1113,-0.09,-0.01,-0.31,1.32,0.3894,2,1,0,-0.19,0.00,0.00,0.43,0.00,0.00,1.31,139,31
10393,-30.8,-5.7,-100.1,0.094,-0.178,-0.714,-26.6,3.4,0.0,0.0055,0.0111,0.0884,1126,759,1027,693,-0.10,-0.01,-0.32,1.32,0.3934,2,1,0,-0.19,0.00,0.00,0.42,0.00,0.00,1.30,138,31
10403,-31.7,19.1,72.1,0.023,0.020,-0.596,-25.3,3.0,0.0,0.0096,-0.0173,-0.0854,693,1099,709,1089,-0.10,0.00,-0.31,1.32,0.3914,2,1,0,-0.19,0.00,0.01,0.42,0.00,0.00,1.29,138,31
10413,-30.2,3.2,-12.7,0.034,-0.022,-0.643,-24.2,3.2,0.0,0.0133,0.0060,0.0157,950,903,958,807,-0.11,-0.01,-0.32,1.32,0.3953,2,1,0,-0.19,0.00,0.01,0.43,0.00,0.00,1.28,138,31
10423,-37.2,10.5,-44.0,0.103,-0.123,-0.740,-22.8,2.6,0.0,0.0177,-0.0111,0.0253,875,887,993,874,-0.11,0.00,-0.31,1.32,0.3965,2,1,0,-0.19,0.00,0.03,0.43,0.00,0.00,1.29,138,31
10433,-31.3,0.2,86.4,0.111,-0.036,-0.883,-21.9,2.8,0.0,0.0126,0.0013,-0.0996,723,1092,786,1057,-0.11,0.00,-0.32,1.32,0.4004,2,1,0,-0.19,0.00,0.01,0.45,0.00,0.00,1.30,138,31
10444,-19.5,-3.2,-101.0,0.029,-0.198,-0.876,-20.9,2.4,0.0,0.0021,-0.0004,0.0853,1054,752,1084,762,-0.12,0.00,-0.32,1.32,0.3995,2,1,0,-0.19,0.00,0.03,0.45,0.00,0.00,1.29,138,31
10454,-16.4,7.8,119.3,-0.151,0.157,-1.109,-20.0,2.1,0.0,0.0012,-0.0103,-0.1338,602,1149,717,1193,-0.12,0.00,-0.31,1.32,0.4009,2,1,0,-0.19,0.00,0.03,0.46,0.00,0.00,1.28,137,31
10464,-17.8,3.7,-88.3,0.156,-0.130,-1.154,-19.3,2.1,0.0,0.0031,-0.0058,0.0770,1044,759,1106,783,-0.12,0.00,-0.32,1.31,0.4048,2,1,0,-0.19,0.00,0.03,0.47,0.00,0.00,1.28,137,31
10474,-13.3,3.5,51.5,-0.171,0.066,-0.984,-18.4,1.6,0.0,-0.0019,-0.0031,-0.0648,727,1051,770,1122,-0.13,0.00,-0.31,1.31,0.4021,2,1,0,-0.19,0.00,0.04,0.50,0.00,0.00,1.28,137,31
10484,0.7,-14.5,-3.7,-0.003,0.184,-1.524,-15.8,2.0,0.0,-0.0123,0.0130,-0.0051,964,915,901,924,-0.13,0.00,-0.32,1.31,0.4064,2,1,0,-0.18,0.00,0.03,0.50,0.00,0.00,1.29,137,31
10494,1.8,-7.4,-65.1,-0.087,-0.002,-1.163,-15.2,1.7,0.0,-0.0138,0.0080,0.0518,1020,855,940,869,-0.13,0.00,-0.31,1.31,0.4040,2,1,0,-0.18,0.00,0.02,0.50,0.00,0.00,1.31,137,31
10504,1.5,-17.3,85.2,-0.144,0.165,-1.134,-12.5,1.9,0.0,-0.0153,0.0244,-0.0900,836,1092,680,1060,-0.13,0.00,-0.32,1.31,0.4019,2,1,0,-0.17,0.00,0.00,0.51,0.00,0.00,1.30,137,31
10514,-6.5,2.0,-119.0,0.129,-0.078,-1.287,-12.0,1.6,0.0,-0.0022,-0.0015,0.1057,1138,722,1088,734,-0.13,0.00,-0.32,1.31,0.4036,2,1,0,-0.17,0.00,-0.01,0.51,0.00,0.00,1.29,137,31
10524,-23.8,12.5,103.8,-0.020,-0.067,-0.915,-11.6,1.5,0.0,0.0131,-0.0096,-0.1173,701,1148,692,1132,-0.13,0.00,-0.31,1.31,0.4024,2,1,0,-0.17,0.00,-0.04,0.49,0.00,0.00,1.29,136,31
10535,-16.7,-7.3,-88.3,0.063,-0.113,-1.052,-11.3,1.7,0.0,0.0053,0.0119,0.0868,1097,789,1072,724,-0.13,0.00,-0.32,1.31,0.4037,2,1,0,-0.17,0.00,-0.06,0.49,0.00,0.00,1.30,136,31
10545,-21.6,-1.7,41.5,-0.003,-0.084,-1.073,-9.2,1.1,0.0,0.0156,0.0017,-0.0548,760,1096,830,1003,-0.14,0.00,-0.31,1.31,0.4045,2,1,0,-0.17,0.00,-0.06,0.50,0.00,0.00,1.32,135,31
10555,-13.4,-3.4,24.4,-0.036,-0.007,-0.753,-9.3,1.6,0.0,0.0105,0.0087,-0.0187,880,990,887,917,-0.14,0.00,-0.32,1.31,0.4026,2,1,0,-0.17,0.00,-0.09,0.51,0.00,0.00,1.33,134,31
10565,0.0,5.4,-46.9,0.014,-0.103,-1.077,-9.1,1.3,0.0,-0.0059,-0.0053,0.0336,960,884,941,875,-0.14,0.00,-0.31,1.31,0.4005,2,1,0,-0.17,0.00,-0.09,0.52,0.00,0.00,1.33,134,31
10575,1.4,10.0,114.1,0.022,0.189,-1.252,-9.2,1.4,0.0,-0.0062,-0.0107,-0.1259,672,1120,705,1175,-0.14,0.00,-0.32,1.31,0.4023,2,1,0,-0.17,0.00,-0.11,0.52,0.00,0.00,1.31,134,31
10585,-0.2,12.3,-105.9,0.097,-0.013,-0.700,-6.2,1.2,0.0,-0.0024,-0.0148,0.0910,1048,711,1111,787,-0.14,0.00,-0.32,1.31,0.4004,2,1,0,-0.16,0.00,-0.14,0.52,0.00,0.00,1.29,134,31
10595,-5.1,1.9,103.4,0.112,0.094,-1.254,-6.1,1.2,0.0,0.0014,-0.0052,-0.1192,647,1129,708,1196,-0.14,0.00,-0.31,1.31,0.4034,2,1,0,-0.16,0.00,-0.15,0.53,0.00,0.00,1.30,135,31
10605,3.2,-8.5,-79.4,0.004,0.036,-0.984,-3.1,1.5,0.0,-0.0051,0.0053,0.0691,1078,767,1056,803,-0.14,0.00,-0.32,1.30,0.4066,2,1,0,-0.15,0.00,-0.16,0.55,0.00,0.00,1.32,135,31
10615,-4.3,-17.5,36.4,0.087,0.013,-1.058,-2.8,1.2,0.0,0.0047,0.0177,-0.0497,786,1062,788,1028,-0.14,0.00,-0.31,1.30,0.4013,2,1,0,-0.15,0.00,-0.14,0.55,0.00,0.00,1.32,135,31
10625,-21.8,-30.5,9.9,0.168,0.016,-1.236,4.2,1.8,0.0,0.0271,0.0285,-0.0183,903,1017,904,854,-0.14,0.00,-0.32,1.30,0.4031,2,1,0,-0.12,0.00,-0.14,0.54,0.00,0.00,1.31,135,31
10636,-13.5,-24.9,-68.2,0.157,-0.151,-0.936,4.4,1.5,0.0,0.0212,0.0253,0.0549,986,906,972,787,-0.14,0.00,-0.31,1.30,0.3996,2,1,0,-0.12,0.00,-0.13,0.55,0.00,0.00,1.30,135,31
10646,-17.3,-35.9,98.8,0.004,0.145,-1.224,13.0,1.9,0.0,0.0386,0.0347,-0.1017,722,1230,761,966,-0.14,0.00,-0.32,1.30,0.4033,2,1,0,-0.09,0.00,-0.15,0.53,0.00,0.00,1.30,136,31
10656,-3.5,-33.3,-116.7,0.004,-0.016,-0.991,12.7,2.0,0.0,0.0195,0.0342,0.1034,1141,829,1083,614,-0.14,0.00,-0.32,1.30,0.4016,2,1,0,-0.09,0.00,-0.14,0.53,0.00,0.00,1.30,136,31
10666,8.1,-13.2,121.0,-0.167,0.179,-0.829,20.6,2.0,0.0,0.0157,0.0140,-0.1343,686,1263,637,1073,-0.13,0.00,-0.31,1.30,0.4005,2,1,0,-0.06,0.00,-0.11,0.52,0.00,0.00,1.30,136,31
10676,7.0,10.6,-82.4,0.097,-0.005,-1.025,19.9,2.2,0.0,0.0188,0.0079,0.0796,1049,819,1090,718,-0.13,0.00,-0.32,1.30,0.4028,2,1,0,-0.06,0.00,-0.09,0.53,0.00,0.00,1.30,136,31
10686,-0.8,36.5,50.5,0.015,-0.045,-0.908,27.7,1.3,0.0,0.0319,-0.0364,-0.0639,659,1072,836,1085,-0.13,0.00,-0.31,1.30,0.3997,2,1,0,-0.03,0.00,-0.09,0.54,0.00,0.00,1.30,135,31
10696,34.8,26.6,14.4,0.123,0.061,-1.000,26.4,1.6,0.0,-0.0051,-0.0263,-0.0277,875,892,940,959,-0.12,0.00,-0.32,1.30,0.4014,2,1,0,-0.03,0.00,-0.11,0.53,0.00,0.00,1.31,134,31
10706,28.6,8.8,-63.0,0.029,0.106,-1.217,38.2,0.9,0.0,0.0207,-0.0148,0.0360,915,857,1049,835,-0.12,0.00,-0.31,1.30,0.4002,2,1,0,0.00,0.00,-0.12,0.54,0.00,0.00,1.32,135,31
10716,31.2,-1.4,96.4,0.112,0.209,-1.260,36.3,1.1,0.0,0.0084,0.0014,-0.1097,697,1096,746,1104,-0.11,0.00,-0.32,1.30,0.3985,2,1,0,0.00,0.00,-0.13,0.55,0.00,0.00,1.32,135,31
10726,43.7,1.6,-114.7,0.314,0.097,-1.093,35.6,0.9,0.0,-0.0048,-0.0018,0.1014,1087,702,1102,739,-0.11,0.00,-0.32,1.30,0.3968,2,1,0,0.01,0.00,-0.14,0.55,0.00,0.00,1.32,135,31
10736,33.8,-5.3,106.9,-0.069,0.214,-1.220,33.5,0.8,0.0,0.0044,-0.0002,-0.1220,652,1138,693,1141,-0.10,0.00,-0.31,1.30,0.3959,2,1,0,0.01,0.00,-0.15,0.55,0.00,0.00,1.32,135,31
10747,51.9,-25.7,-84.2,0.036,0.071,-1.214,30.9,1.2,0.0,-0.0176,0.0259,0.0709,1138,754,996,731,-0.09,0.00,-0.32,1.30,0.3953,2,1,0,0.01,0.00,-0.17,0.53,0.00,0.00,1.33,135,31
10757,53.7,-20.0,47.4,-0.061,0.029,-1.064,28.6,1.1,0.0,-0.0207,0.0236,-0.0733,844,1043,677,1032,-0.08,0.00,-0.31,1.30,0.3923,2,1,0,0.01,0.00,-0.19,0.52,0.00,0.00,1.32,135,31
10767,54.3,-18.0,21.4,-0.139,0.134,-1.068,25.8,1.5,0.0,-0.0249,0.0209,-0.0286,960,931,777,929,-0.07,0.00,-0.32,1.30,0.3924,2,1,0,0.01,0.00,-0.20,0.51,0.00,0.00,1.31,135,31
10777,42.6,6.9,-61.4,0.048,-0.083,-1.188,23.5,1.3,0.0,-0.0159,-0.0067,0.0480,1002,793,933,861,-0.07,0.00,-0.31,1.30,0.3912,2,1,0,0.01,0.00,-0.22,0.50,0.00,0.00,1.31,135,31
10787,41.7,-1.3,108.8,-0.090,-0.043,-0.965,21.0,1.7,0.0,-0.0195,0.0049,-0.1202,744,1093,613,1139,-0.06,0.00,-0.32,1.31,0.3914,2,1,0,0.01,0.00,-0.23,0.46,0.00,0.00,1.30,135,31
10797,50.5,2.0,-117.2,-0.182,-0.026,-0.788,18.8,1.6,0.0,-0.0285,-0.0016,0.1039,1145,649,1035,758,-0.05,0.00,-0.32,1.31,0.3911,2,1,0,0.01,0.00,-0.23,0.46,0.00,0.00,1.31,135,31
10807,32.5,2.9,104.7,-0.207,0.065,-0.952,16.9,1.9,0.0,-0.0097,0.0049,-0.1223,692,1118,637,1136,-0.04,0.00,-0.31,1.31,0.3904,2,1,0,0.01,0.00,-0.24,0.46,0.00,0.00,1.32,135,31
10817,25.2,-19.9,-80.2,-0.008,-0.145,-0.960,15.0,2.2,0.0,-0.0071,0.0210,0.0669,1106,784,973,733,-0.04,0.00,-0.32,1.31,0.3922,2,1,0,0.01,0.00,-0.27,0.43,0.00,0.00,1.32,135,31
10827,33.7,-17.1,20.3,-0.162,-0.087,-0.751,13.7,2.3,0.0,-0.0185,0.0239,-0.0496,879,997,719,977,-0.03,0.00,-0.31,1.31,0.3891,2,1,0,0.01,0.00,-0.29,0.42,0.00,0.00,1.31,135,31
10837,26.1,-27.0,26.5,-0.107,0.067,-0.976,12.4,2.7,0.0,-0.0105,0.0286,-0.0398,922,1007,763,895,-0.03,0.00,-0.32,1.31,0.3910,2,1,0,0.01,0.00,-0.34,0.39,0.00,0.00,1.29,134,31
10848,16.3,-10.2,-87.9,0.016,-0.131,-0.900,11.4,2.6,0.0,-0.0043,0.0151,0.0707,1076,802,959,761,-0.02,0.00,-0.32,1.31,0.3926,2,1,0,0.01,0.00,-0.37,0.36,0.00,0.00,1.31,135,31
10858,15.9,0.0,99.7,0.005,0.009,-0.874,10.6,2.9,0.0,-0.0036,0.0059,-0.1107,738,1115,661,1083,-0.02,0.00,-0.32,1.31,0.3924,2,1,0,0.01,0.00,-0.40,0.33,0.00,0.00,1.32,135,31
10868,8.7,4.4,-115.0,0.020,-0.119,-0.951,9.9,2.7,0.0,0.0042,-0.0027,0.1016,1090,714,1097,695,-0.02,0.00,-0.32,1.31,0.3922,2,1,0,0.01,0.00,-0.43,0.31,0.00,0.00,1.32,135,31
10878,-4.3,6.8,89.6,-0.028,-0.094,-0.863,9.4,2.8,0.0,0.0134,0.0016,-0.1063,675,1128,720,1070,-0.02,0.00,-0.31,1.31,0.3918,2,1,0,0.01,0.00,-0.45,0.29,0.00,0.00,1.32,135,31
10888,0.0,-9.8,-60.4,-0.001,-0.117,-0.860,8.7,2.8,0.0,0.0117,0.0115,0.0471,1019,836,998,744,-0.02,0.00,-0.32,1.31,0.3925,2,1,0,0.01,0.00,-0.47,0.29,0.00,0.00,1.31,136,31
10898,10.0,-16.1,18.0,-0.054,-0.050,-1.146,8.5,2.7,0.0,0.0046,0.0202,-0.0346,848,1042,800,915,-0.01,0.00,-0.31,1.31,0.3935,2,1,0,0.01,0.00,-0.48,0.28,0.00,0.00,1.31,136,31
10908,-0.2,-21.8,55.7,-0.111,-0.036,-0.888,7.8,2.8,0.0,0.0112,0.0236,-0.0690,821,1087,770,926,-0.01,0.00,-0.32,1.31,0.3932,2,1,0,0.01,0.00,-0.46,0.28,0.00,0.00,1.31,136,31
10918,19.6,-9.5,-74.5,0.082,-0.083,-0.862,7.3,2.6,0.0,-0.0110,0.0188,0.0517,1053,815,940,786,-0.01,0.00,-0.32,1.31,0.3921,2,1,0,0.01,0.00,-0.44,0.27,0.00,0.00,1.30,136,31
10928,13.1,3.4,116.0,-0.122,0.107,-0.959,6.6,2.5,0.0,-0.0033,-0.0020,-0.1293,666,1138,651,1138,-0.01,0.00,-0.31,1.31,0.3919,2,1,0,0.01,0.00,-0.42,0.24,0.00,0.00,1.32,137,31
10939,9.8,1.9,-105.4,-0.051,-0.095,-0.628,5.9,2.1,0.0,-0.0038,-0.0020,0.0931,1078,712,1071,734,-0.01,0.00,-0.32,1.31,0.3920,2,1,0,0.01,0.00,-0.43,0.22,0.00,0.00,1.33,137,31
10949,3.3,10.5,95.5,0.026,-0.017,-0.694,5.4,2.1,0.0,0.0051,-0.0095,-0.1089,653,1101,682,1130,0.00,0.00,-0.31,1.31,0.3882,2,1,0,0.01,0.00,-0.42,0.20,0.00,0.00,1.33,137,31
10959,4.0,11.3,-53.5,-0.105,-0.151,-0.693,4.6,2.0,0.0,0.0003,-0.0036,0.0533,988,788,1004,800,0.00,0.00,-0.32,1.31,0.3902,2,1,0,0.01,0.00,-0.43,0.18,0.00,0.00,1.33,136,31
10969,7.0,22.0,-2.2,-0.065,-0.153,-0.719,4.2,1.9,0.0,0.0002,-0.0213,-0.0111,812,924,860,984,0.00,0.00,-0.31,1.31,0.3901,2,1,0,0.01,0.00,-0.44,0.16,0.00,0.00,1.33,136,31
10979,-6.7,23.0,43.2,0.170,-0.110,-0.660,3.5,1.9,0.0,0.0134,-0.0223,-0.0565,786,960,869,961,0.00,0.00,-0.32,1.31,0.3898,2,1,0,0.01,0.00,-0.44,0.13,0.00,0.00,1.33,136,31
10989,1.6,23.4,-87.7,-0.030,-0.273,-0.776,3.0,1.8,0.0,0.0030,-0.0219,0.0713,981,732,1050,807,0.00,0.00,-0.32,1.32,0.3888,2,1,0,0.01,0.00,-0.43,0.11,0.00,0.00,1.33,136,31
10999,-1.2,14.1,109.4,-0.024,0.000,-0.934,2.8,2.0,0.0,0.0070,-0.0132,-0.1228,630,1130,728,1091,0.00,0.00,-0.31,1.32,0.3900,2,1,0,0.01,0.00,-0.43,0.11,0.00,0.00,1.33,135,31
11009,-6.5,-3.3,-114.5,0.110,-0.181,-0.670,2.2,2.0,0.0,0.0173,0.0061,0.1038,1067,740,1109,651,0.00,0.00,-0.32,1.32,0.3886,2,1,0,0.01,0.00,-0.44,0.11,0.00,0.00,1.32,135,31
11019,7.4,5.1,97.3,-0.127,0.150,-0.802,2.0,2.2,0.0,-0.0023,-0.0040,-0.1107,652,1114,681,1124,0.00,0.00,-0.31,1.32,0.3889,2,1,0,0.01,0.00,-0.43,0.09,0.00,0.00,1.32,135,31
11030,12.5,-13.4,-53.7,-0.043,0.186,-0.816,1.7,2.5,0.0,0.0006,0.0231,0.0560,1044,835,959,745,0.00,0.00,-0.32,1.32,0.3906,2,1,0,0.01,0.00,-0.44,0.08,0.00,0.00,1.31,135,31
11040,-4.4,-2.7,8.6,-0.111,-0.074,-0.938,1.6,2.7,0.0,0.0086,0.0082,-0.0271,840,1009,812,925,0.00,0.00,-0.31,1.32,0.3909,2,1,0,0.01,0.00,-0.43,0.06,0.00,0.00,1.31,135,31
11050,13.0,25.7,53.5,-0.057,0.078,-0.747,1.3,3.0,0.0,-0.0087,-0.0239,-0.0668,838,975,790,983,0.00,0.00,-0.32,1.32,0.3910,2,1,0,0.01,0.00,-0.42,0.06,0.00,0.00,1.31,135,31
11060,-1.0,41.1,-83.2,0.026,-0.066,-1.196,1.3,3.0,0.0,0.0054,-0.0393,0.0699,954,764,1049,817,0.00,0.00,-0.32,1.32,0.3907,2,1,0,0.01,0.00,-0.37,0.05,0.00,0.00,1.32,134,31
11070,-0.3,37.5,119.7,0.029,-0.032,-1.270,1.0,2.9,0.0,0.0044,-0.0357,-0.1331,600,1069,715,1210,0.00,0.00,-0.32,1.32,0.3920,2,1,0,0.01,0.00,-0.34,0.04,0.00,0.00,1.31,134,31
11080,3.6,23.0,-108.1,0.019,-0.003,-1.013,1.0,3.0,0.0,0.0051,-0.0260,0.0969,1021,674,1139,753,0.00,-0.01,-0.32,1.32,0.3911,2,1,0,0.01,0.00,-0.31,0.03,0.00,0.00,1.31,134,31
11090,-1.6,8.4,100.9,-0.019,0.057,-1.252,1.0,3.1,0.0,0.0057,-0.0062,-0.1143,604,1112,721,1151,0.00,-0.01,-0.31,1.32,0.3912,2,1,0,0.01,0.00,-0.30,0.01,0.00,0.00,1.31,134,31
11100,8.5,-3.9,-48.5,0.142,0.084,-1.165,0.8,3.2,0.0,-0.0013,-0.0031,0.0490,987,797,994,814,0.00,-0.01,-0.33,1.32,0.3916,2,1,0,0.01,0.00,-0.30,0.00,0.00,0.00,1.30,134,31
11110,10.6,14.2,2.7,0.071,-0.028,-1.207,0.8,3.4,0.0,-0.0068,-0.0119,-0.0161,792,931,848,1008,0.00,-0.01,-0.31,1.32,0.3900,2,1,0,0.01,0.00,-0.28,0.00,0.00,0.00,1.31,134,31
11120,14.8,13.0,58.8,0.087,0.240,-1.038,0.5,3.2,0.0,-0.0069,-0.0214,-0.0586,760,934,845,1035,0.00,-0.01,-0.32,1.32,0.3894,2,1,0,0.01,0.00,-0.27,-0.03,0.00,0.00,1.32,134,31
11131,-2.3,30.9,-98.4,0.181,-0.009,-0.904,0.4,3.2,0.0,0.0065,-0.0359,0.0782,939,698,1110,821,0.00,-0.01,-0.32,1.32,0.3884,2,1,0,0.01,0.00,-0.23,-0.05,0.00,0.00,1.32,134,31
11141,-1.0,9.9,113.0,0.013,0.129,-1.109,0.1,3.3,0.0,0.0026,-0.0107,-0.1264,628,1088,686,1170,0.00,-0.01,-0.32,1.32,0.3891,2,1,0,0.01,0.00,-0.18,-0.06,0.00,0.00,1.33,134,31
11151,10.3,4.8,-101.0,0.000,-0.020,-0.850,0.0,3.2,0.0,-0.0066,-0.0041,0.0891,1067,703,1071,744,0.01,-0.01,-0.33,1.32,0.3907,2,1,0,0.01,0.00,-0.16,-0.07,0.00,0.00,1.31,135,31
11161,3.1,2.0,84.5,0.072,0.012,-1.223,0.0,3.3,0.0,-0.0001,0.0002,-0.0979,675,1097,697,1102,0.01,-0.01,-0.31,1.32,0.3889,2,1,0,0.01,0.00,-0.14,-0.09,0.00,0.00,1.30,135,31
11171,14.0,19.0,-29.1,-0.011,-0.089,-0.927,-0.4,3.0,0.0,-0.0133,-0.0194,0.0297,942,780,966,904,0.01,-0.01,-0.33,1.32,0.3917,2,1,0,0.01,0.00,-0.15,-0.10,0.00,0.00,1.31,135,31
11181,11.8,28.6,-4.8,0.197,-0.182,-1.189,-0.5,2.9,0.0,-0.0087,-0.0287,-0.0140,803,870,891,1012,0.01,-0.01,-0.32,1.32,0.3896,2,1,0,0.01,0.00,-0.15,-0.11,0.00,0.00,1.32,135,31
11191,8.9,32.6,70.6,0.061,-0.051,-1.151,-1.0,2.6,0.0,-0.0070,-0.0311,-0.0840,699,923,834,1133,0.01,0.00,-0.32,1.32,0.3914,2,1,0,0.01,0.00,-0.14,-0.12,0.00,0.00,1.31,135,31
11201,16.7,19.1,-98.9,0.046,-0.119,-0.861,-1.1,2.4,0.0,-0.0122,-0.0320,0.0810,970,652,1103,849,0.01,0.00,-0.32,1.32,0.3893,2,1,0,0.01,0.00,-0.12,-0.12,0.00,0.00,1.31,135,31
11211,6.0,-3.9,113.8,0.011,0.127,-1.287,-1.5,2.4,0.0,-0.0041,-0.0021,-0.1275,604,1073,709,1202,0.01,0.00,-0.32,1.32,0.3912,2,1,0,0.01,0.00,-0.09,-0.13,0.00,0.00,1.31,135,31
11222,19.9,-14.4,-101.1,0.069,-0.061,-1.158,-1.8,2.2,0.0,-0.0189,0.0089,0.0890,1097,683,1049,772,0.01,0.00,-0.33,1.32,0.3930,2,1,0,0.01,0.00,-0.04,-0.13,0.00,0.00,1.31,135,31
11232,20.4,-21.7,71.0,-0.180,0.217,-1.058,-1.9,2.4,0.0,-0.0195,0.0233,-0.0843,732,1068,675,1106,0.01,0.00,-0.31,1.32,0.3902,2,1,0,0.01,0.00,-0.03,-0.14,0.00,0.00,1.32,135,31
11242,15.5,-44.0,-23.8,0.117,0.100,-1.361,10.6,2.2,0.0,-0.0027,0.0335,0.0244,1015,912,878,796,0.01,0.00,-0.33,1.32,0.3929,2,1,0,0.05,0.00,0.00,-0.13,0.00,0.00,1.31,135,31
11252,16.5,-31.5,-35.1,0.011,-0.140,-1.101,10.5,2.5,0.0,-0.0031,0.0331,0.0217,967,931,818,871,0.01,0.00,-0.32,1.32,0.3911,2,1,0,0.05,0.00,0.02,-0.14,0.00,0.00,1.31,135,31
11262,12.9,-43.7,74.5,0.029,0.078,-1.228,13.3,2.5,0.0,0.0001,0.0444,-0.0780,840,1108,695,960,0.01,0.00,-0.32,1.32,0.3931,2,1,0,0.06,0.00,0.05,-0.14,0.00,0.00,1.31,135,31
11272,0.8,-22.2,-106.9,0.202,-0.222,-1.017,13.2,2.4,0.0,0.0131,0.0227,0.0912,1082,789,1041,684,0.01,0.00,-0.32,1.32,0.3923,2,1,0,0.06,0.00,0.07,-0.15,0.00,0.00,1.31,135,31
11282,3.2,-25.0,99.2,0.044,0.061,-1.099,13.0,2.6,0.0,0.0127,0.0268,-0.1126,719,1164,645,1068,0.01,0.00,-0.32,1.32,0.3923,2,1,0,0.06,0.00,0.08,-0.16,0.00,0.00,1.32,135,31
11292,7.5,-36.1,-100.0,0.069,-0.073,-1.157,12.7,2.6,0.0,0.0045,0.0323,0.0931,1132,798,1027,658,0.02,-0.01,-0.33,1.32,0.3948,2,1,0,0.06,0.00,0.10,-0.16,0.00,0.00,1.33,135,31
11302,6.3,-25.7,62.6,-0.042,-0.110,-0.801,12.4,2.9,0.0,0.0091,0.0277,-0.0760,776,1123,686,996,0.02,-0.01,-0.32,1.32,0.3902,2,1,0,0.06,0.00,0.10,-0.18,0.00,0.00,1.32,135,31
11312,10.7,-15.6,-5.9,-0.095,-0.051,-1.031,11.5,3.2,0.0,-0.0001,0.0324,0.0103,982,943,859,821,0.02,-0.01,-0.33,1.32,0.3934,2,1,0,0.06,0.00,0.12,-0.18,0.00,0.00,1.31,136,31
11323,19.2,-3.8,-30.9,-0.026,-0.091,-0.981,9.2,3.3,0.0,-0.0070,0.0061,0.0175,972,925,818,889,0.02,-0.01,-0.32,1.32,0.3935,2,1,0,0.06,0.00,0.15,-0.18,0.00,0.00,1.31,136,31
11333,10.0,10.5,89.0,-0.041,-0.071,-0.995,8.3,3.2,0.0,0.0013,-0.0083,-0.1024,777,1074,701,1052,0.03,-0.01,-0.32,1.32,0.3934,2,1,0,0.06,0.00,0.17,-0.17,0.00,0.00,1.30,136,31
11343,8.3,10.8,-101.3,-0.002,-0.109,-0.891,4.6,3.1,0.0,-0.0059,-0.0006,0.0812,1066,736,1046,761,0.03,-0.01,-0.32,1.32,0.3939,2,1,0,0.04,0.00,0.17,-0.18,0.00,0.00,1.29,136,31
11353,6.1,15.0,110.0,-0.003,-0.014,-0.806,3.9,3.1,0.0,0.0008,-0.0129,-0.1234,658,1121,678,1151,0.03,-0.01,-0.32,1.32,0.3938,2,1,0,0.04,0.00,0.17,-0.19,0.00,0.00,1.29,137,31
11363,10.9,-6.5,-90.7,0.065,0.039,-1.031,-0.5,2.8,0.0,-0.0059,0.0101,0.0838,1097,757,1036,741,0.03,0.00,-0.33,1.32,0.3969,2,1,0,0.03,0.00,0.17,-0.19,0.00,0.00,1.29,136,31
11373,7.0,-4.9,64.2,-0.162,-0.013,-0.845,-1.0,3.0,0.0,-0.0051,0.0070,-0.0776,758,1096,702,1060,0.04,-0.01,-0.32,1.32,0.3950,2,1,0,0.03,0.00,0.15,-0.20,0.00,0.00,1.29,136,31
11383,4.8,-14.5,-7.7,0.049,0.071,-0.981,-5.4,2.9,0.0,-0.0053,0.0203,-0.0003,1007,923,883,809,0.04,-0.01,-0.33,1.32,0.3956,2,1,0,0.02,0.00,0.14,-0.19,0.00,0.00,1.28,136,31
11393,0.2,-0.4,-34.5,0.008,-0.086,-0.991,-5.6,3.1,0.0,-0.0035,0.0081,0.0153,959,927,873,875,0.04,0.00,-0.32,1.32,0.3973,2,1,0,0.02,0.00,0.14,-0.22,0.00,0.00,1.28,137,31
11403,-1.8,8.4,74.4,-0.032,0.038,-0.705,-9.6,2.9,0.0,-0.0048,-0.0064,-0.0877,803,1071,738,1016,0.04,0.00,-0.33,1.31,0.3964,2,1,0,0.01,0.00,0.15,-0.22,0.00,0.00,1.28,137,31
11413,-15.5,23.6,-115.3,0.198,-0.097,-0.667,-9.5,2.7,0.0,0.0070,-0.0138,0.0954,1057,738,1096,740,0.04,0.00,-0.33,1.31,0.3969,2,1,0,0.01,0.00,0.18,-0.23,0.00,0.00,1.29,137,31
11424,-24.5,31.9,107.8,0.174,-0.047,-0.768,-9.4,2.6,0.0,0.0180,-0.0304,-0.1212,608,1119,756,1143,0.04,0.00,-0.32,1.31,0.3962,2,1,0,0.01,0.00,0.21,-0.25,0.00,0.00,1.30,137,31
11434,-21.4,15.0,-101.3,-0.039,-0.154,-0.540,-9.0,2.3,0.0,0.0171,-0.0145,0.0970,1029,727,1148,717,0.04,0.00,-0.33,1.31,0.3956,2,1,0,0.01,0.00,0.22,-0.26,0.00,0.00,1.31,137,31
11444,-19.6,16.1,78.0,-0.132,-0.030,-0.728,-8.2,2.6,0.0,0.0168,-0.0134,-0.0944,652,1113,777,1067,0.03,0.00,-0.32,1.31,0.3940,2,1,0,0.01,0.00,0.23,-0.28,0.00,0.00,1.31,137,31
11454,-13.8,20.2,-15.6,0.039,0.137,-0.642,-7.8,2.4,0.0,0.0088,-0.0188,0.0023,914,887,999,821,0.03,0.00,-0.33,1.31,0.3956,2,1,0,0.01,0.00,0.24,-0.28,0.00,0.00,1.29,138,31
11464,-5.5,27.5,-26.7,-0.200,0.061,-0.711,-7.1,2.6,0.0,-0.0017,-0.0121,-0.0059,872,888,912,941,0.03,0.00,-0.32,1.31,0.3944,2,1,0,0.01,0.00,0.23,-0.31,0.00,0.00,1.26,137,31
11474,5.6,14.8,88.7,0.049,0.264,-1.000,-6.4,2.4,0.0,-0.0093,-0.0134,-0.1021,750,1072,738,1103,0.03,0.00,-0.33,1.31,0.4011,2,1,0,0.01,0.00,0.22,-0.31,0.00,0.00,1.28,137,31
11484,-14.6,19.4,-107.7,-0.068,0.070,-0.749,-5.6,2.1,0.0,0.0118,-0.0182,0.0943,1025,736,1132,751,0.03,0.00,-0.33,1.31,0.3986,2,1,0,0.01,0.00,0.22,-0.34,0.00,0.00,1.29,137,31
11494,-1.2,9.1,110.7,0.081,0.221,-1.262,-5.2,2.1,0.0,-0.0024,-0.0085,-0.1256,661,1129,680,1181,0.02,0.00,-0.32,1.31,0.3995,2,1,0,0.01,0.00,0.20,-0.37,0.00,0.00,1.30,137,31
11504,8.0,1.8,-105.3,0.163,0.155,-1.288,-4.6,1.9,0.0,-0.0099,-0.0007,0.0919,1115,718,1092,734,0.02,0.00,-0.34,1.31,0.4005,2,1,0,0.01,0.00,0.19,-0.36,0.00,0.00,1.31,137,31
11514,-5.0,1.7,58.5,0.101,0.183,-1.175,-4.1,2.0,0.0,0.0027,-0.0016,-0.0764,737,1061,755,1072,0.02,0.00,-0.32,1.31,0.3961,2,1,0,0.01,0.00,0.18,-0.38,0.00,0.00,1.31,138,31
11524,-4.3,-4.0,-19.9,0.280,0.156,-1.302,-3.9,1.7,0.0,0.0024,0.0013,0.0121,945,861,967,878,0.02,0.00,-0.34,1.31,0.3994,2,1,0,0.01,0.00,0.17,-0.38,0.00,0.00,1.31,138,31
11535,-16.2,-22.2,-50.3,0.200,0.043,-1.180,-3.3,1.9,0.0,0.0158,0.0234,0.0369,922,905,956,840,0.02,0.00,-0.33,1.31,0.3958,2,1,0,0.01,0.00,0.18,-0.41,0.00,0.00,1.32,138,31
11545,-14.6,-40.3,85.9,0.030,0.166,-1.324,-3.2,1.9,0.0,0.0154,0.0272,-0.0873,763,1151,718,990,0.02,0.00,-0.33,1.31,0.3956,2,1,0,0.01,0.00,0.20,-0.40,0.00,0.00,1.33,138,31
11555,4.9,-29.4,-101.7,-0.028,0.041,-1.036,-2.9,2.1,0.0,-0.0050,0.0308,0.0883,1115,798,1016,669,0.02,0.00,-0.33,1.31,0.3924,2,1,0,0.01,0.00,0.22,-0.40,0.00,0.00,1.31,139,31
11565,-0.4,-26.0,119.1,-0.349,0.284,-1.115,-2.9,2.4,0.0,0.0004,0.0276,-0.1325,715,1235,597,1050,0.02,0.00,-0.33,1.31,0.3924,2,1,0,0.01,0.00,0.21,-0.42,0.00,0.00,1.29,139,31
11575,0.7,-4.9,-84.9,0.097,-0.017,-1.162,-3.0,2.2,0.0,-0.0003,0.0166,0.0764,1107,802,1007,704,0.02,0.00,-0.34,1.31,0.3955,2,1,0,0.01,0.00,0.18,-0.42,0.00,0.00,1.30,139,31
11585,-3.5,25.2,57.0,-0.140,-0.012,-0.763,-3.0,2.2,0.0,0.0033,-0.0240,-0.0704,743,1070,720,1074,0.02,0.00,-0.32,1.31,0.3937,2,1,0,0.01,0.00,0.19,-0.44,0.00,0.00,1.32,139,31
11595,8.1,18.9,10.6,-0.136,0.057,-0.951,-3.0,2.1,0.0,-0.0044,-0.0002,-0.0086,896,912,880,929,0.02,0.00,-0.33,1.31,0.3950,2,1,0,0.01,0.00,0.16,-0.45,0.00,0.00,1.31,138,31
11605,-5.0,40.0,-57.0,-0.028,0.011,-0.991,-2.8,1.9,0.0,0.0051,-0.0391,0.0436,878,833,1021,885,0.02,0.00,-0.33,1.31,0.3950,2,1,0,0.01,0.00,0.14,-0.46,0.00,0.00,1.30,137,31
11615,6.9,28.8,95.8,-0.071,0.054,-0.785,-3.0,1.8,0.0,-0.0072,-0.0254,-0.1071,712,1058,728,1111,0.02,0.00,-0.33,1.31,0.3939,2,1,0,0.01,0.00,0.11,-0.46,0.00,0.00,1.31,137,31
11625,16.1,32.5,-110.2,-0.033,-0.022,-0.907,-2.9,1.5,0.0,-0.0154,-0.0304,0.0960,1060,657,1108,802,0.02,0.00,-0.33,1.31,0.3964,2,1,0,0.01,0.00,0.08,-0.48,0.00,0.00,1.32,137,31
11636,1.3,45.8,105.3,0.050,0.049,-0.907,-3.0,1.4,0.0,-0.0026,-0.0451,-0.1204,620,1067,723,1215,0.02,0.00,-0.32,1.31,0.3961,2,1,0,0.01,0.00,0.03,-0.48,0.00,0.00,1.31,137,31
11646,1.9,39.6,-83.1,0.134,-0.095,-0.787,-3.0,1.1,0.0,-0.0030,-0.0410,0.0728,988,675,1124,844,0.02,0.00,-0.34,1.31,0.3970,2,1,0,0.01,0.00,0.00,-0.47,0.00,0.00,1.31,137,31
11656,-9.8,25.5,31.2,0.148,-0.058,-1.161,-2.6,0.9,0.0,0.0100,-0.0309,-0.0498,674,981,881,1105,0.01,0.00,-0.32,1.31,0.3981,2,1,0,0.01,0.00,-0.05,-0.48,0.00,0.00,1.30,137,31
11666,-8.5,4.9,15.1,0.029,0.000,-0.902,-2.6,0.7,0.0,0.0086,-0.0118,-0.0234,826,907,946,966,0.01,0.00,-0.33,1.31,0.3988,2,1,0,0.01,0.00,-0.09,-0.49,0.00,0.00,1.30,137,31
11676,7.5,-8.6,-60.5,0.033,-0.066,-0.967,-2.3,0.9,0.0,-0.0071,0.0087,0.0471,940,830,1004,856,0.01,0.00,-0.33,1.31,0.3967,2,1,0,0.01,0.00,-0.14,-0.51,0.00,0.00,1.30,137,31
11686,2.1,-31.9,101.7,-0.083,0.172,-1.281,-2.3,1.0,0.0,0.0035,0.0172,-0.1066,724,1124,727,1081,0.01,0.00,-0.33,1.31,0.4003,2,1,0,0.01,0.00,-0.18,-0.50,0.00,0.00,1.30,137,31
11696,15.9,-17.7,-99.9,0.028,-0.196,-1.043,-2.2,1.1,0.0,-0.0154,0.0180,0.0865,1112,737,1029,763,0.01,0.00,-0.33,1.31,0.3983,2,1,0,0.01,0.00,-0.21,-0.50,0.00,0.00,1.30,137,31
11706,9.5,-15.0,108.4,-0.051,0.065,-1.199,-2.0,1.3,0.0,-0.0081,0.0163,-0.1259,707,1166,630,1134,0.01,0.00,-0.32,1.31,0.3976,2,1,0,0.01,0.00,-0.22,-0.49,0.00,0.00,1.30,136,31
11716,13.9,-17.1,-74.2,0.050,0.013,-1.241,-2.0,1.1,0.0,-0.0131,0.0174,0.0609,1086,770,1009,787,0.01,0.00,-0.33,1.31,0.3996,2,1,0,0.01,0.00,-0.23,-0.50,0.00,0.00,1.29,136,31
11726,8.7,-16.2,43.7,0.054,0.185,-0.831,-1.7,1.2,0.0,-0.0085,0.0055,-0.0704,763,1031,745,1076,0.01,0.00,-0.32,1.31,0.3948,2,1,0,0.01,0.00,-0.25,-0.51,0.00,0.00,1.28,136,31
11737,-2.9,-35.9,19.0,-0.075,-0.001,-1.078,-1.8,1.5,0.0,0.0039,0.0367,-0.0324,970,971,810,888,0.01,0.00,-0.33,1.31,0.3980,2,1,0,0.01,0.00,-0.28,-0.51,0.00,0.00,1.30,136,31
11747,8.2,-32.3,-54.0,0.056,-0.091,-0.869,-1.7,1.5,0.0,-0.0106,0.0331,0.0361,1028,877,854,860,0.01,0.00,-0.32,1.31,0.3952,2,1,0,0.01,0.00,-0.30,-0.50,0.00,0.00,1.31,136,31
11757,-18.2,-16.1,97.7,0.035,0.011,-0.893,-1.4,1.8,0.0,0.0194,0.0199,-0.1086,748,1159,697,1014,0.01,0.00,-0.33,1.31,0.3951,2,1,0,0.01,0.00,-0.32,-0.49,0.00,0.00,1.31,136,31
11767,-20.5,-22.1,-108.4,0.230,-0.260,-0.740,-1.4,1.7,0.0,0.0221,0.0230,0.0950,1091,794,1050,674,0.01,0.00,-0.33,1.31,0.3940,2,1,0,0.01,0.00,-0.31,-0.50,0.00,0.00,1.31,137,31
11777,-8.0,-5.4,107.0,-0.122,0.198,-0.755,-1.1,1.7,0.0,0.0162,0.0082,-0.1226,646,1188,688,1076,0.01,0.00,-0.32,1.31,0.3924,2,1,0,0.01,0.00,-0.32,-0.49,0.00,0.00,1.32,137,31
11787,-3.1,-30.5,-64.3,-0.047,0.080,-0.931,-1.2,1.8,0.0,0.0047,0.0316,0.0509,1087,877,977,683,0.01,0.00,-0.33,1.31,0.3959,2,1,0,0.01,0.00,-0.32,-0.49,0.00,0.00,1.32,138,31
11797,-1.3,-16.1,47.5,-0.157,-0.059,-0.786,-1.3,1.9,0.0,0.0027,0.0172,-0.0609,817,1114,683,995,0.01,0.00,-0.32,1.31,0.3939,2,1,0,0.01,0.00,-0.34,-0.49,0.00,0.00,1.32,139,31
11807,6.4,18.7,38.1,-0.097,0.050,-0.846,-1.5,1.6,0.0,-0.0045,-0.0049,-0.0432,901,988,813,912,0.01,0.00,-0.33,1.31,0.3945,2,1,0,0.01,0.00,-0.38,-0.50,0.00,0.00,1.33,138,31
11817,-20.7,23.1,-64.1,-0.019,-0.172,-1.029,-1.5,1.3,0.0,0.0221,-0.0227,0.0507,919,872,984,835,0.01,0.00,-0.32,1.31,0.3941,2,1,0,0.01,0.00,-0.40,-0.51,0.00,0.00,1.32,138,31
11827,-1.2,29.3,101.7,0.108,-0.129,-1.017,-1.7,1.0,0.0,0.0000,-0.0230,-0.1128,669,1079,721,1144,0.01,0.00,-0.32,1.31,0.3944,2,1,0,0.01,0.00,-0.41,-0.48,0.00,0.00,1.32,138,31
11838,3.1,23.5,-106.7,-0.043,-0.007,-1.014,-1.6,0.6,0.0,-0.0019,-0.0238,0.0933,1013,715,1142,752,0.01,0.00,-0.33,1.31,0.3955,2,1,0,0.01,0.00,-0.39,-0.48,0.00,0.00,1.33,137,31
11848,-5.6,6.5,96.0,-0.021,-0.029,-1.284,-1.8,0.4,0.0,0.0082,-0.0152,-0.1174,623,1113,727,1158,0.01,0.00,-0.32,1.32,0.3955,2,1,0,0.01,0.00,-0.35,-0.46,0.00,0.00,1.33,137,31
11858,6.6,3.7,-62.8,0.213,0.019,-1.318,-1.9,0.3,0.0,-0.0058,-0.0042,0.0494,1019,762,1049,800,0.01,0.00,-0.33,1.32,0.3967,2,1,0,0.01,0.00,-0.34,-0.46,0.00,0.00,1.33,137,31
11868,7.4,11.2,11.1,0.036,0.045,-1.274,-1.7,0.4,0.0,-0.0016,-0.0129,-0.0430,769,983,826,1025,0.01,0.00,-0.32,1.32,0.3933,2,1,0,0.01,0.00,-0.34,-0.45,0.00,0.00,1.33,137,31
11878,8.3,1.0,23.7,0.092,0.239,-1.242,-1.7,0.2,0.0,-0.0051,-0.0051,-0.0334,830,923,912,952,0.01,0.00,-0.33,1.32,0.3951,2,1,0,0.01,0.00,-0.32,-0.43,0.00,0.00,1.33,137,31
11888,1.1,13.2,-81.0,0.127,0.000,-1.210,-1.6,0.1,0.0,0.0006,-0.0163,0.0636,919,806,1013,867,0.01,0.00,-0.32,1.32,0.3934,2,1,0,0.01,0.00,-0.31,-0.43,0.00,0.00,1.33,137,31
11898,4.9,-17.2,84.9,-0.083,0.183,-1.230,-1.5,0.2,0.0,-0.0037,0.0167,-0.0984,743,1063,710,1093,0.01,0.00,-0.32,1.32,0.3938,2,1,0,0.01,0.00,-0.29,-0.44,0.00,0.00,1.32,137,31
11908,9.4,-14.5,-107.1,0.008,0.049,-1.351,-1.3,0.3,0.0,-0.0077,0.0130,0.0943,1083,737,1073,723,0.01,0.00,-0.33,1.32,0.3949,2,1,0,0.01,0.00,-0.28,-0.43,0.00,0.00,1.32,136,31
11918,-4.5,-20.6,89.4,-0.050,0.085,-1.170,-1.2,0.5,0.0,0.0049,0.0213,-0.1040,730,1139,654,1070,0.01,0.00,-0.32,1.32,0.3919,2,1,0,0.01,0.00,-0.26,-0.43,0.00,0.00,1.33,136,31
11929,6.4,-2.3,-64.6,-0.008,-0.082,-1.474,-1.2,0.5,0.0,-0.0049,0.0020,0.0511,1093,781,980,760,0.01,0.00,-0.33,1.32,0.3947,2,1,0,0.01,0.00,-0.25,-0.42,0.00,0.00,1.33,136,31
11939,-0.8,10.1,28.9,0.062,-0.043,-1.367,-0.9,0.5,0.0,0.0026,-0.0017,-0.0570,769,1062,737,1023,0.01,0.00,-0.31,1.32,0.3916,2,1,0,0.01,0.00,-0.26,-0.43,0.00,0.00,1.33,136,31
11949,-2.6,8.5,35.5,-0.002,-0.016,-1.346,-1.1,0.2,0.0,0.0043,-0.0091,-0.0489,865,907,872,967,0.01,0.00,-0.32,1.32,0.3943,2,1,0,0.01,0.00,-0.27,-0.44,0.00,0.00,1.33,136,31
11959,0.2,-5.0,-78.4,0.055,-0.005,-1.309,-0.8,0.3,0.0,0.0053,0.0024,0.0526,967,828,992,804,0.01,0.00,-0.32,1.32,0.3917,2,1,0,0.01,0.00,-0.26,-0.45,0.00,0.00,1.32,136,31
11969,-3.5,-32.4,108.3,-0.074,0.084,-1.357,-1.0,0.3,0.0,0.0054,0.0315,-0.1199,722,1157,655,1061,0.01,0.00,-0.32,1.32,0.3921,2,1,0,0.01,0.00,-0.23,-0.46,0.00,0.00,1.32,136,31
11979,12.1,-21.3,-116.4,0.114,-0.073,-1.289,-1.0,0.1,0.0,-0.0103,0.0206,0.1030,1144,727,1035,696,0.01,0.00,-0.32,1.32,0.3930,2,1,0,0.01,0.00,-0.21,-0.45,0.00,0.00,1.33,136,31
11989,2.4,0.2,102.9,-0.194,0.131,-0.913,-1.0,0.2,0.0,-0.0015,0.0141,-0.1220,699,1166,612,1089,0.01,0.00,-0.31,1.32,0.3884,2,1,0,0.01,0.00,-0.18,-0.46,0.00,0.00,1.34,136,31
11999,1.1,5.4,-73.6,0.041,0.012,-1.028,-1.0,0.0,0.0,0.0006,-0.0064,0.0601,1086,791,1006,698,0.01,0.00,-0.32,1.32,0.3902,2,1,0,0.01,0.00,-0.14,-0.46,0.00,0.00,1.34,136,31
12009,-19.6,25.9,8.9,0.055,-0.038,-0.937,-0.9,-0.1,0.0,0.0179,-0.0115,-0.0408,768,1021,820,967,0.01,0.00,-0.31,1.33,0.3895,2,1,0,0.01,0.00,-0.11,-0.47,0.00,0.00,1.34,136,31
12019,-4.6,8.8,40.4,-0.096,-0.003,-0.708,-1.2,-0.2,0.0,0.0054,-0.0041,-0.0483,874,988,807,891,0.01,0.00,-0.32,1.33,0.3875,2,1,0,0.01,0.00,-0.07,-0.47,0.00,0.00,1.34,136,31
12030,-3.6,-0.2,-86.4,-0.142,-0.065,-1.024,-1.0,-0.5,0.0,0.0054,-0.0011,0.0728,1016,831,1002,729,0.01,0.00,-0.31,1.33,0.3898,2,1,0,0.01,0.00,-0.04,-0.48,0.00,0.00,1.33,136,31
12040,-12.0,6.0,115.6,-0.221,-0.073,-0.745,-1.1,-0.6,0.0,0.0152,-0.0026,-0.1266,675,1176,679,1044,0.01,0.00,-0.31,1.33,0.3893,2,1,0,0.01,0.00,-0.01,-0.49,0.00,0.00,1.33,135,31
12050,-1.8,6.3,-101.9,0.002,-0.213,-0.998,-1.3,-0.7,0.0,0.0033,-0.0081,0.0884,1094,769,1047,687,0.01,0.00,-0.32,1.33,0.3923,2,1,0,0.01,0.00,0.01,-0.50,0.00,0.00,1.32,135,31
12060,6.3,33.6,100.8,-0.252,0.046,-0.952,-1.2,-0.9,0.0,-0.0032,-0.0213,-0.1232,642,1118,676,1161,0.01,0.00,-0.30,1.33,0.3923,2,1,0,0.01,0.00,0.03,-0.52,0.00,0.00,1.32,135,31
12070,8.4,33.3,-37.4,-0.067,0.040,-0.966,-1.3,-1.0,0.0,-0.0070,-0.0354,0.0239,979,823,1005,800,0.01,0.00,-0.32,1.33,0.3938,2,1,0,0.01,0.00,0.08,-0.51,0.00,0.00,1.32,134,31
12080,-6.9,33.8,0.6,-0.149,-0.082,-0.974,-1.2,-1.0,0.0,0.0085,-0.0359,-0.0141,781,946,878,1006,0.01,0.00,-0.30,1.33,0.3942,2,1,0,0.01,0.00,0.10,-0.51,0.00,0.00,1.34,133,31
12090,19.3,19.5,57.9,-0.102,0.087,-0.852,-1.2,-1.0,0.0,-0.0112,-0.0135,-0.0580,809,970,811,1017,0.01,0.00,-0.31,1.33,0.3936,2,1,0,0.01,0.00,0.12,-0.52,0.00,0.00,1.35,134,31
12100,6.3,9.4,-84.5,-0.239,-0.004,-1.039,-1.0,-0.8,0.0,-0.0046,-0.0112,0.0709,1011,795,1017,785,0.01,0.00,-0.31,1.33,0.3938,2,1,0,0.01,0.00,0.12,-0.50,0.00,0.00,1.34,135,31
12110,16.7,13.8,107.1,0.024,0.062,-1.083,-1.2,-0.6,0.0,-0.0168,-0.0114,-0.1206,728,1098,631,1148,0.01,0.00,-0.30,1.33,0.3935,2,1,0,0.01,0.00,0.12,-0.50,0.00,0.00,1.34,135,31
12120,12.1,26.9,-95.1,0.118,0.014,-0.946,-1.0,-0.6,0.0,-0.0097,-0.0243,0.0821,1048,706,1072,788,0.01,0.00,-0.31,1.33,0.3946,2,1,0,0.01,0.00,0.10,-0.48,0.00,0.00,1.33,136,31
12130,-3.1,30.6,88.4,0.085,0.021,-1.211,-1.0,-0.7,0.0,0.0049,-0.0323,-0.1020,639,1057,735,1185,0.01,0.00,-0.30,1.33,0.3949,2,1,0,0.01,0.00,0.11,-0.48,0.00,0.00,1.32,136,31
12141,-2.4,4.9,-42.7,0.162,0.038,-1.109,-1.0,-0.6,0.0,0.0030,-0.0103,0.0411,975,799,1021,829,0.01,0.00,-0.31,1.33,0.3961,2,1,0,0.01,0.00,0.12,-0.45,0.00,0.00,1.31,136,31
12151,-8.9,-13.5,6.2,0.018,-0.104,-1.075,-0.7,-0.3,0.0,0.0109,0.0123,-0.0198,817,1004,837,961,0.01,0.00,-0.30,1.33,0.3953,2,1,0,0.01,0.00,0.13,-0.44,0.00,0.00,1.31,136,31
12161,-0.3,-27.5,55.2,0.025,0.175,-1.248,-0.8,-0.2,0.0,0.0022,0.0265,-0.0688,839,1049,801,962,0.01,0.00,-0.30,1.33,0.3994,2,1,0,0.01,0.00,0.12,-0.41,0.00,0.00,1.32,136,31
12171,-3.1,-9.3,-70.7,-0.018,-0.243,-1.153,-0.7,0.0,0.0,0.0046,0.0103,0.0534,1015,854,978,791,0.01,0.00,-0.30,1.33,0.3978,2,1,0,0.01,0.00,0.11,-0.41,0.00,0.00,1.34,136,31
12181,6.9,-1.6,118.2,-0.019,0.004,-1.295,-0.9,0.1,0.0,-0.0070,0.0003,-0.1327,678,1139,634,1182,0.01,0.00,-0.30,1.33,0.3971,2,1,0,0.01,0.00,0.11,-0.40,0.00,0.00,1.33,136,31
12191,-4.5,15.5,-98.3,0.084,-0.258,-1.124,-0.8,0.0,0.0,0.0037,-0.0209,0.0819,1016,716,1094,795,0.01,0.00,-0.30,1.33,0.3954,2,1,0,0.01,0.00,0.12,-0.40,0.00,0.00,1.33,136,31
12201,-12.5,21.8,92.4,0.070,-0.166,-1.159,-0.8,0.0,0.0,0.0144,-0.0227,-0.1060,589,1076,755,1185,0.01,0.00,-0.29,1.33,0.3933,2,1,0,0.01,0.00,0.12,-0.40,0.00,0.00,1.33,136,31
12211,17.7,13.7,-45.9,0.026,0.030,-1.349,-1.0,0.1,0.0,-0.0130,-0.0192,0.0439,984,755,1020,864,0.01,0.00,-0.30,1.33,0.3958,2,1,0,0.01,0.00,0.13,-0.39,0.00,0.00,1.34,136,31
12221,7.1,-4.7,1.6,-0.057,-0.006,-1.404,-0.9,0.2,0.0,-0.0053,0.0041,-0.0153,817,971,848,981,0.01,0.00,-0.29,1.33,0.3949,2,1,0,0.01,0.00,0.14,-0.41,0.00,0.00,1.32,136,31
12232,10.7,-5.3,55.6,0.053,0.194,-1.349,-1.3,0.3,0.0,-0.0051,0.0000,-0.0573,812,988,813,1005,0.01,0.00,-0.30,1.33,0.3951,2,1,0,0.01,0.00,0.14,-0.40,0.00,0.00,1.31,136,31
12242,9.1,-1.6,-96.4,0.151,-0.059,-1.255,-1.5,0.4,0.0,-0.0079,0.0012,0.0828,1049,754,1018,799,0.01,0.00,-0.29,1.33,0.3954,2,1,0,0.01,0.00,0.14,-0.40,0.00,0.00,1.29,136,31
12252,8.8,-24.8,108.2,0.021,0.110,-1.300,-1.7,0.3,0.0,-0.0107,0.0125,-0.1220,708,1128,656,1151,0.01,0.00,-0.29,1.33,0.3984,2,1,0,0.01,0.00,0.14,-0.39,0.00,0.00,1.28,136,31
12262,12.2,-20.9,-106.3,0.078,0.000,-1.184,-1.9,0.3,0.0,-0.0115,0.0204,0.0926,1100,720,1095,741,0.01,0.00,-0.30,1.33,0.4002,2,1,0,0.01,0.00,0.15,-0.40,0.00,0.00,1.30,136,31
12272,5.0,-16.6,85.2,-0.019,0.042,-1.230,-2.1,0.5,0.0,-0.0045,0.0164,-0.0988,726,1114,684,1139,0.01,0.00,-0.28,1.33,0.4012,2,1,0,0.01,0.00,0.15,-0.41,0.00,0.00,1.32,136,31
12282,15.7,-7.8,-27.2,0.015,0.094,-1.248,-2.5,0.5,0.0,-0.0167,0.0074,0.0187,1035,825,945,868,0.01,0.00,-0.29,1.33,0.4024,2,1,0,0.01,0.00,0.15,-0.40,0.00,0.00,1.32,136,31
12292,3.9,12.2,-6.8,0.134,-0.104,-1.457,-2.4,0.7,0.0,-0.0035,-0.0124,-0.0068,850,939,872,989,0.01,0.00,-0.28,1.33,0.3995,2,1,0,0.01,0.00,0.15,-0.40,0.00,0.00,1.32,136,31
12302,7.8,19.6,79.1,0.104,-0.022,-1.476,-2.8,0.5,0.0,-0.0154,-0.0299,-0.0809,756,957,803,1149,0.01,0.00,-0.29,1.33,0.4014,2,1,0,0.01,0.00,0.12,-0.39,0.00,0.00,1.32,136,31
12312,9.8,14.3,-88.0,0.200,-0.036,-1.123,-2.7,0.6,0.0,-0.0099,-0.0146,0.0743,984,713,1077,859,0.02,0.00,-0.29,1.33,0.3972,2,1,0,0.01,0.00,0.10,-0.39,0.00,0.00,1.31,136,31
12322,-3.3,-16.0,110.2,0.099,0.002,-1.483,-3.0,0.6,0.0,0.0018,-0.0036,-0.1241,649,1114,708,1180,0.02,0.00,-0.28,1.33,0.3994,2,1,0,0.01,0.00,0.06,-0.39,0.00,0.00,1.31,135,31
12333,19.4,-15.7,-92.0,0.167,0.062,-1.301,-3.2,0.7,0.0,-0.0200,0.0157,0.0783,1067,706,1083,804,0.02,0.00,-0.29,1.33,0.4006,2,1,0,0.01,0.00,0.04,-0.41,0.00,0.00,1.32,135,31
12343,9.6,-14.1,78.7,0.002,0.139,-1.242,-3.1,1.2,0.0,-0.0101,0.0146,-0.0924,724,1105,691,1112,0.02,0.00,-0.28,1.32,0.3970,2,1,0,0.01,0.00,0.01,-0.40,0.00,0.00,1.32,135,31
12353,11.2,-19.9,-27.5,0.156,0.121,-1.303,-3.3,1.2,0.0,-0.0137,0.0177,0.0182,1016,830,937,862,0.02,0.00,-0.29,1.32,0.3987,2,1,0,0.01,0.00,0.00,-0.40,0.00,0.00,1.33,136,31
12363,-2.3,-10.0,-20.8,0.324,-0.027,-1.230,-3.1,1.3,0.0,0.0019,0.0106,0.0071,845,919,867,998,0.02,0.00,-0.28,1.33,0.3965,2,1,0,0.01,0.00,-0.01,-0.40,0.00,0.00,1.32,136,31
12373,-9.9,-39.7,57.0,0.120,0.001,-1.100,-3.1,1.5,0.0,0.0048,0.0351,-0.0673,847,1009,769,1013,0.02,0.00,-0.28,1.32,0.3978,2,1,0,0.01,0.00,-0.05,-0.39,0.00,0.00,1.31,136,31
12383,-15.1,-32.3,-95.2,0.159,-0.228,-1.012,-2.6,1.4,0.0,0.0152,0.0332,0.0814,1003,785,1075,774,0.01,0.00,-0.28,1.32,0.3976,2,1,0,0.01,0.00,-0.09,-0.39,0.00,0.00,1.31,136,31
12393,-26.1,-34.8,104.8,-0.013,-0.041,-1.267,-2.4,1.9,0.0,0.0281,0.0243,-0.1129,680,1192,726,1041,0.01,0.00,-0.28,1.32,0.3980,2,1,0,0.01,0.00,-0.13,-0.38,0.00,0.00,1.31,136,31
12403,0.5,-19.0,-99.5,0.152,-0.235,-1.109,-2.2,2.0,0.0,-0.0011,0.0176,0.0876,1106,742,1072,731,0.01,0.00,-0.28,1.32,0.3996,2,1,0,0.01,0.00,-0.16,-0.39,0.00,0.00,1.32,136,31
12413,3.9,-8.3,90.1,-0.090,0.157,-1.142,-1.8,2.4,0.0,-0.0031,0.0100,-0.1039,695,1169,677,1083,0.01,0.00,-0.27,1.32,0.3958,2,1,0,0.01,0.00,-0.19,-0.39,0.00,0.00,1.32,136,31
12423,2.3,-11.7,-36.7,-0.001,0.039,-1.195,-1.8,2.3,0.0,-0.0019,0.0080,0.0362,1006,833,987,825,0.01,0.00,-0.28,1.32,0.3995,2,1,0,0.01,0.00,-0.20,-0.39,0.00,0.00,1.32,136,31
12434,3.8,-17.6,-7.7,0.035,0.138,-0.929,-1.5,2.5,0.0,-0.0027,0.0194,-0.0060,843,977,821,975,0.01,0.00,-0.27,1.32,0.3949,2,1,0,0.01,0.00,-0.23,-0.39,0.00,0.00,1.32,136,31
12444,-7.9,-42.9,63.5,0.018,0.122,-0.955,-1.5,2.7,0.0,0.0018,0.0437,-0.0623,883,1070,731,940,0.01,-0.01,-0.28,1.32,0.3960,2,1,0,0.01,0.00,-0.26,-0.39,0.00,0.00,1.32,136,31
12454,3.5,-18.9,-94.5,0.158,-0.045,-0.905,-1.3,2.6,0.0,-0.0021,0.0209,0.0807,1073,763,987,794,0.01,0.00,-0.28,1.32,0.3950,2,1,0,0.01,0.00,-0.28,-0.39,0.00,0.00,1.31,136,31
12464,-24.0,-3.6,115.0,0.059,-0.008,-0.851,-1.1,2.8,0.0,0.0245,0.0079,-0.1277,677,1193,673,1081,0.01,0.00,-0.27,1.32,0.3959,2,1,0,0.01,0.00,-0.29,-0.40,0.00,0.00,1.31,136,31
12474,-11.1,-20.3,-104.2,0.142,-0.083,-0.789,-1.0,2.4,0.0,0.0123,0.0213,0.0926,1106,761,1079,680,0.01,0.00,-0.28,1.32,0.3962,2,1,0,0.01,0.00,-0.30,-0.40,0.00,0.00,1.30,137,31
12484,-8.1,-8.0,87.1,-0.140,0.060,-0.851,-0.9,2.5,0.0,0.0099,0.0098,-0.1009,695,1172,713,1049,0.01,0.00,-0.27,1.32,0.3965,2,1,0,0.01,0.00,-0.30,-0.39,0.00,0.00,1.30,137,31
12494,-8.4,-15.9,-12.2,0.032,-0.019,-0.890,-1.1,2.4,0.0,0.0140,0.0309,0.0168,1008,957,927,759,0.01,0.00,-0.28,1.32,0.3995,2,1,0,0.01,0.00,-0.33,-0.39,0.00,0.00,1.31,137,31
12504,4.2,-2.8,-4.6,-0.049,-0.026,-0.809,-1.2,2.2,0.0,-0.0027,0.0042,-0.0091,896,1001,775,958,0.01,0.00,-0.27,1.32,0.3969,2,1,0,0.01,0.00,-0.36,-0.39,0.00,0.00,1.33,137,31
12514,3.0,2.3,91.5,0.074,0.149,-0.913,-1.4,1.8,0.0,-0.0011,0.0042,-0.0948,759,1087,735,1056,0.01,0.00,-0.27,1.32,0.3976,2,1,0,0.01,0.00,-0.38,-0.42,0.00,0.00,1.31,136,31
12525,-15.4,7.7,-95.5,-0.004,-0.046,-0.718,-1.5,1.3,0.0,0.0166,-0.0072,0.0817,1001,768,1048,812,0.01,0.00,-0.27,1.32,0.3966,2,1,0,0.01,0.00,-0.38,-0.42,0.00,0.00,1.29,137,31
12535,-4.9,5.4,115.8,0.062,0.062,-0.978,-1.6,1.1,0.0,0.0055,-0.0088,-0.1319,631,1149,689,1171,0.01,0.00,-0.27,1.32,0.3981,2,1,0,0.01,0.00,-0.37,-0.42,0.00,0.00,1.30,137,31
12545,-3.5,-2.1,-91.8,0.055,-0.005,-0.993,-1.8,0.9,0.0,0.0043,0.0023,0.0780,1080,782,1083,716,0.01,0.00,-0.27,1.32,0.4008,2,1,0,0.01,0.00,-0.37,-0.42,0.00,0.00,1.31,137,31
12555,-6.4,16.9,69.4,-0.003,-0.001,-0.945,-1.8,0.9,0.0,0.0072,-0.0169,-0.0833,680,1102,761,1099,0.01,0.00,-0.26,1.32,0.3982,2,1,0,0.01,0.00,-0.38,-0.41,0.00,0.00,1.32,137,31
12565,-8.2,27.7,-11.3,0.190,0.075,-1.097,-2.0,0.6,0.0,0.0155,-0.0218,0.0124,896,878,1016,866,0.01,0.00,-0.27,1.32,0.4002,2,1,0,0.01,0.00,-0.40,-0.40,0.00,0.00,1.33,138,31
12575,-6.8,23.0,-40.1,0.038,-0.031,-1.073,-1.9,0.6,0.0,0.0075,-0.0233,0.0263,859,911,936,936,0.01,0.00,-0.26,1.32,0.3984,2,1,0,0.01,0.00,-0.41,-0.40,0.00,0.00,1.32,138,31
12585,-0.3,1.6,77.6,0.109,0.229,-1.355,-2.0,0.4,0.0,0.0075,-0.0087,-0.0825,727,1059,815,1053,0.01,0.00,-0.27,1.32,0.3998,2,1,0,0.01,0.00,-0.39,-0.38,0.00,0.00,1.31,138,31
12595,-4.4,-0.5,-104.3,0.035,0.088,-1.170,-1.9,0.5,0.0,0.0051,0.0002,0.0905,1017,782,1114,747,0.01,0.00,-0.27,1.32,0.4006,2,1,0,0.01,0.00,-0.39,-0.39,0.00,0.00,1.31,138,31
12605,2.4,-13.9,111.8,-0.096,0.309,-1.302,-2.0,0.8,0.0,-0.0018,0.0140,-0.1257,688,1162,660,1140,0.01,0.00,-0.26,1.32,0.3995,2,1,0,0.01,0.00,-0.38,-0.38,0.00,0.00,1.32,138,31
12615,7.1,-9.8,-88.7,0.064,0.159,-1.301,-1.9,1.0,0.0,-0.0009,0.0127,0.0811,1096,786,1056,726,0.01,0.00,-0.27,1.32,0.4012,2,1,0,0.01,0.00,-0.36,-0.38,0.00,0.00,1.33,138,31
12625,0.0,7.7,75.7,0.024,0.113,-1.312,-1.7,1.1,0.0,0.0008,-0.0074,-0.0896,690,1095,724,1119,0.01,0.00,-0.26,1.32,0.3965,2,1,0,0.01,0.00,-0.37,-0.37,0.00,0.00,1.34,138,31
12636,10.8,17.0,-6.7,0.120,0.164,-1.305,-1.8,1.0,0.0,-0.0105,-0.0253,0.0073,907,806,970,946,0.01,0.00,-0.27,1.32,0.3966,2,1,0,0.01,0.00,-0.39,-0.36,0.00,0.00,1.35,138,31
12646,1.4,10.0,-29.9,0.137,0.096,-1.212,-1.4,1.1,0.0,0.0052,-0.0213,-0.0007,810,884,939,960,0.01,0.00,-0.26,1.32,0.3918,2,1,0,0.01,0.00,-0.40,-0.37,0.00,0.00,1.35,138,31
12656,0.5,-11.2,82.3,0.047,0.227,-1.404,-1.6,1.2,0.0,0.0004,0.0118,-0.0961,727,1038,758,1064,0.01,0.00,-0.26,1.32,0.3912,2,1,0,0.01,0.00,-0.40,-0.37,0.00,0.00,1.34,138,31
12666,19.0,-10.2,-107.9,0.162,-0.018,-1.353,-1.5,1.5,0.0,-0.0165,0.0068,0.0876,1084,721,1022,763,0.01,0.00,-0.26,1.32,0.3914,2,1,0,0.01,0.00,-0.40,-0.37,0.00,0.00,1.33,138,31
12676,9.9,-17.7,120.1,-0.124,0.338,-1.140,-1.5,1.8,0.0,-0.0089,0.0188,-0.1340,687,1178,586,1112,0.01,0.00,-0.25,1.32,0.3880,2,1,0,0.01,0.00,-0.39,-0.37,0.00,0.00,1.32,137,31
12686,12.1,-22.3,-100.4,0.175,0.091,-1.399,-1.7,1.5,0.0,-0.0112,0.0232,0.0865,1111,741,1037,705,0.01,0.00,-0.26,1.33,0.3920,2,1,0,0.01,0.00,-0.38,-0.38,0.00,0.00,1.33,136,31
12696,-7.8,-21.9,57.7,0.143,0.144,-1.074,-1.8,1.6,0.0,0.0078,0.0208,-0.0759,754,1096,717,1015,0.01,0.00,-0.25,1.33,0.3906,2,1,0,0.01,0.00,-0.38,-0.38,0.00,0.00,1.34,137,31
12706,9.6,-36.1,-7.4,0.002,0.159,-1.182,-2.3,1.5,0.0,-0.0093,0.0370,-0.0064,1007,902,840,835,0.01,0.00,-0.26,1.33,0.3905,2,1,0,0.01,0.00,-0.37,-0.38,0.00,0.00,1.34,137,31
12716,7.5,-24.6,-38.9,0.075,-0.014,-1.319,-2.1,1.3,0.0,0.0018,0.0208,0.0130,958,915,886,830,0.01,0.00,-0.25,1.33,0.3913,2,1,0,0.01,0.00,-0.37,-0.39,0.00,0.00,1.33,137,31
12726,0.4,-11.5,96.2,-0.176,0.048,-1.123,-2.6,1.3,0.0,-0.0008,0.0127,-0.1031,741,1098,692,1057,0.01,0.00,-0.25,1.33,0.3912,2,1,0,0.01,0.00,-0.37,-0.39,0.00,0.00,1.34,137,31
12736,20.9,7.5,-96.4,0.127,-0.076,-1.203,-2.7,1.1,0.0,-0.0212,-0.0072,0.0825,1062,722,1025,788,0.02,0.00,-0.25,1.33,0.3923,2,1,0,0.01,0.00,-0.36,-0.40,0.00,0.00,1.34,137,31
12747,10.9,7.3,111.9,-0.133,0.138,-1.319,-3.1,1.0,0.0,-0.0115,-0.0080,-0.1267,658,1099,654,1180,0.02,0.00,-0.25,1.33,0.3916,2,1,0,0.01,0.00,-0.37,-0.40,0.00,0.00,1.35,137,31
12757,23.7,-0.7,-77.6,-0.027,0.003,-1.252,-3.5,0.7,0.0,-0.0247,0.0007,0.0663,1063,692,1018,825,0.02,0.00,-0.25,1.33,0.3924,2,1,0,0.01,0.00,-0.37,-0.40,0.00,0.00,1.35,137,31
12767,9.2,-8.8,41.2,0.035,0.086,-1.074,-3.5,0.9,0.0,-0.0082,0.0062,-0.0646,769,1025,738,1043,0.02,0.00,-0.24,1.33,0.3895,2,1,0,0.01,0.00,-0.40,-0.39,0.00,0.00,1.36,137,31
12777,19.5,-13.4,8.7,-0.063,0.152,-1.057,-3.9,0.6,0.0,-0.0210,0.0133,-0.0226,930,867,842,929,0.02,0.00,-0.25,1.33,0.3886,2,1,0,0.01,0.00,-0.42,-0.40,0.00,0.00,1.36,137,31
12787,30.7,2.7,-49.6,0.006,0.249,-1.387,-3.7,0.7,0.0,-0.0300,-0.0043,0.0319,972,788,911,912,0.02,0.00,-0.24,1.33,0.3904,2,1,0,0.01,0.00,-0.44,-0.40,0.00,0.00,1.35,137,31
12797,15.1,-15.3,94.1,0.027,0.186,-1.059,-4.0,0.8,0.0,-0.0166,0.0154,-0.1081,775,1050,646,1103,0.02,0.00,-0.24,1.33,0.3893,2,1,0,0.01,0.00,-0.45,-0.41,0.00,0.00,1.35,137,31
12807,18.4,2.2,-101.6,0.325,-0.026,-1.145,-4.0,0.5,0.0,-0.0223,-0.0058,0.0864,1059,661,1030,825,0.02,0.00,-0.25,1.34,0.3894,2,1,0,0.01,0.00,-0.45,-0.41,0.00,0.00,1.36,137,31
12817,-2.0,-3.0,103.6,0.063,0.186,-1.355,-4.1,0.6,0.0,0.0005,0.0029,-0.1176,650,1084,676,1168,0.02,0.00,-0.24,1.34,0.3899,2,1,0,0.01,0.00,-0.44,-0.41,0.00,0.00,1.37,136,31
12828,5.5,-21.5,-79.1,0.212,0.027,-1.075,-4.1,0.4,0.0,-0.0131,0.0019,0.0742,1056,697,1034,797,0.02,0.00,-0.25,1.34,0.3906,2,1,0,0.01,0.00,-0.41,-0.42,0.00,0.00,1.37,136,31
12838,-7.2,-20.0,48.9,0.117,0.058,-1.073,-3.8,0.7,0.0,0.0059,0.0201,-0.0629,679,1055,766,1061,0.02,0.00,-0.23,1.34,0.3877,2,1,0,0.01,0.00,-0.40,-0.42,0.00,0.00,1.36,137,31
12848,-1.6,-23.8,18.7,-0.023,0.086,-1.066,-4.1,0.7,0.0,-0.0007,0.0109,-0.0161,888,906,879,903,0.02,0.00,-0.24,1.34,0.3897,2,1,0,0.01,0.00,-0.37,-0.43,0.00,0.00,1.37,137,31
12858,11.1,-9.5,-52.0,0.106,0.021,-1.252,-3.8,0.9,0.0,-0.0125,0.0097,0.0380,899,864,937,873,0.02,0.00,-0.23,1.34,0.3893,2,1,0,0.01,0.00,-0.37,-0.43,0.00,0.00,1.36,137,31
12868,3.8,-9.7,109.6,-0.054,0.087,-1.180,-4.0,0.9,0.0,-0.0039,0.0052,-0.1158,693,1099,678,1100,0.02,0.00,-0.24,1.34,0.3889,2,1,0,0.01,0.00,-0.34,-0.43,0.00,0.00,1.36,137,31
12878,11.6,18.0,-105.7,0.143,-0.123,-1.133,-3.9,0.7,0.0,-0.0131,-0.0181,0.0917,989,682,1110,792,0.02,0.00,-0.24,1.34,0.3892,2,1,0,0.01,0.00,-0.32,-0.43,0.00,0.00,1.36,137,31
12888,6.5,13.2,112.7,0.022,0.174,-1.342,-4.0,0.8,0.0,-0.0062,-0.0276,-0.1327,566,1075,695,1234,0.02,0.00,-0.23,1.34,0.3888,2,1,0,0.01,0.00,-0.28,-0.45,0.00,0.00,1.36,136,31
12898,22.3,13.4,-76.5,0.080,0.059,-1.065,-4.2,0.5,0.0,-0.0242,-0.0136,0.0625,993,642,1090,866,0.02,0.00,-0.24,1.35,0.3916,2,1,0,0.01,0.00,-0.24,-0.44,0.00,0.00,1.37,137,31
12908,17.0,17.5,35.8,-0.019,0.217,-1.049,-4.1,0.8,0.0,-0.0096,-0.0302,-0.0662,642,985,809,1126,0.02,0.00,-0.23,1.35,0.3877,2,1,0,0.01,0.00,-0.20,-0.45,0.00,0.00,1.39,136,31
12919,16.5,6.1,21.4,-0.087,0.199,-1.093,-4.6,0.8,0.0,-0.0191,-0.0106,-0.0265,861,821,886,990,0.02,0.00,-0.24,1.35,0.3871,2,1,0,0.01,0.00,-0.17,-0.44,0.00,0.00,1.38,135,31
12929,23.0,11.9,-70.6,0.103,0.022,-1.256,-4.6,0.9,0.0,-0.0252,-0.0117,0.0565,950,754,938,919,0.02,0.00,-0.23,1.35,0.3876,2,1,0,0.01,0.00,-0.17,-0.45,0.00,0.00,1.37,135,31
12939,18.7,6.6,102.5,0.046,0.187,-1.022,-4.8,0.9,0.0,-0.0250,-0.0154,-0.1115,697,1006,678,1175,0.02,0.00,-0.23,1.35,0.3870,2,1,0,0.01,0.00,-0.18,-0.44,0.00,0.00,1.37,135,31
12949,7.9,22.6,-106.8,0.140,-0.052,-0.920,-4.8,0.6,0.0,-0.0103,-0.0227,0.0927,989,614,1123,835,0.02,0.00,-0.23,1.35,0.3877,2,1,0,0.01,0.00,-0.20,-0.44,0.00,0.00,1.38,135,31
12959,-4.5,24.5,101.7,0.152,0.129,-1.132,-5.0,0.7,0.0,-0.0039,-0.0391,-0.1226,587,1026,706,1249,0.02,0.00,-0.22,1.35,0.3885,2,1,0,0.01,0.00,-0.23,-0.43,0.00,0.00,1.37,135,31
12969,10.7,21.0,-56.8,0.066,0.025,-0.733,-5.3,0.7,0.0,-0.0135,-0.0210,0.0427,998,672,1039,864,0.02,0.00,-0.23,1.35,0.3892,2,1,0,0.01,0.00,-0.27,-0.43,0.00,0.00,1.36,135,31
12979,0.6,10.3,31.1,-0.027,0.116,-1.170,-5.0,0.8,0.0,-0.0033,-0.0102,-0.0452,727,986,829,1041,0.02,0.00,-0.22,1.35,0.3905,2,1,0,0.01,0.00,-0.29,-0.43,0.00,0.00,1.37,135,31
12989,-7.7,3.5,49.0,-0.022,0.051,-0.958,-5.4,0.7,0.0,0.0048,-0.0064,-0.0581,801,945,864,995,0.02,0.00,-0.23,1.35,0.3934,2,1,0,0.01,0.00,-0.31,-0.40,0.00,0.00,1.38,135,31
12999,9.2,3.5,-59.0,0.055,-0.042,-0.916,-5.4,0.8,0.0,-0.0123,-0.0035,0.0448,965,808,943,866,0.02,0.00,-0.22,1.36,0.3904,2,1,0,0.01,0.00,-0.32,-0.41,0.00,0.00,1.38,136,31
13009,5.3,5.8,121.5,-0.018,0.160,-1.139,-5.5,0.7,0.0,-0.0050,-0.0096,-0.1326,640,1116,673,1168,0.02,0.00,-0.22,1.36,0.3924,2,1,0,0.01,0.00,-0.33,-0.40,0.00,0.00,1.38,136,31
13020,-1.1,27.2,-94.5,0.001,-0.118,-0.846,-5.5,0.6,0.0,-0.0019,-0.0274,0.0804,1009,710,1078,794,0.02,0.00,-0.23,1.36,0.3915,2,1,0,0.01,0.00,-0.34,-0.40,0.00,0.00,1.39,136,31
13030,-1.5,36.8,105.2,-0.027,0.072,-1.011,-5.5,0.8,0.0,-0.0020,-0.0373,-0.1231,585,1082,690,1215,0.02,0.00,-0.22,1.36,0.3891,2,1,0,0.01,0.00,-0.34,-0.39,0.00,0.00,1.40,136,31
13040,10.0,25.1,-47.6,-0.059,0.051,-0.723,-5.4,0.7,0.0,-0.0110,-0.0273,0.0448,978,737,1032,830,0.02,0.00,-0.23,1.36,0.3898,2,1,0,0.01,0.00,-0.36,-0.39,0.00,0.00,1.38,136,31
13050,0.0,23.3,18.5,-0.010,0.058,-0.808,-5.2,0.7,0.0,-0.0014,-0.0260,-0.0388,712,960,840,1065,0.02,0.00,-0.22,1.36,0.3897,2,1,0,0.01,0.00,-0.37,-0.38,0.00,0.00,1.37,136,31
13060,-0.1,8.7,43.2,0.053,0.048,-0.801,-5.3,0.7,0.0,-0.0028,-0.0088,-0.0573,804,903,871,1014,0.02,0.00,-0.22,1.36,0.3916,2,1,0,0.01,0.00,-0.36,-0.38,0.00,0.00,1.38,136,31
13070,11.0,14.4,-77.8,-0.013,-0.108,-0.595,-5.2,0.7,0.0,-0.0139,-0.0144,0.0637,941,753,999,897,0.02,0.00,-0.22,1.36,0.3915,2,1,0,0.01,0.00,-0.36,-0.37,0.00,0.00,1.38,136,31
13080,5.1,21.1,106.9,-0.039,0.156,-0.775,-5.1,0.8,0.0,-0.0062,-0.0228,-0.1198,639,1061,729,1158,0.02,0.00,-0.22,1.36,0.3911,2,1,0,0.01,0.00,-0.35,-0.37,0.00,0.00,1.38,136,31
13090,1.8,30.4,-114.5,0.050,-0.195,-0.646,-5.1,0.8,0.0,-0.0046,-0.0303,0.1004,1059,645,1108,774,0.02,0.00,-0.22,1.36,0.3909,2,1,0,0.01,0.00,-0.32,-0.39,0.00,0.00,1.38,136,31
13100,7.3,40.4,102.3,-0.080,0.096,-0.864,-5.1,1.2,0.0,-0.0103,-0.0342,-0.1248,619,1071,684,1205,0.02,0.00,-0.21,1.36,0.3900,2,1,0,0.01,0.00,-0.28,-0.39,0.00,0.00,1.38,136,31
13110,7.7,11.7,-69.6,-0.009,0.110,-0.705,-5.1,1.0,0.0,-0.0084,-0.0095,0.0601,1047,756,1041,752,0.02,0.00,-0.23,1.36,0.3923,2,1,0,0.01,0.00,-0.24,-0.39,0.00,0.00,1.38,137,31
13121,-2.4,10.1,15.0,0.025,-0.035,-0.921,-5.0,0.9,0.0,0.0009,-0.0163,-0.0462,731,996,811,1060,0.02,0.00,-0.21,1.37,0.3925,2,1,0,0.01,0.00,-0.21,-0.39,0.00,0.00,1.38,137,31
13131,-1.3,4.5,57.1,0.069,0.097,-0.967,-5.2,0.8,0.0,-0.0016,-0.0056,-0.0661,811,967,833,999,0.02,0.00,-0.22,1.37,0.3941,2,1,0,0.01,0.00,-0.20,-0.38,0.00,0.00,1.39,136,31
13141,5.8,1.2,-77.7,-0.027,-0.168,-0.853,-5.1,0.9,0.0,-0.0086,-0.0010,0.0635,998,786,958,850,0.02,0.00,-0.22,1.37,0.3917,2,1,0,0.01,0.00,-0.18,-0.38,0.00,0.00,1.38,136,31
13151,7.4,14.6,120.3,-0.103,0.218,-1.101,-5.2,0.7,0.0,-0.0101,-0.0165,-0.1343,631,1099,680,1198,0.02,0.00,-0.22,1.37,0.3939,2,1,0,0.01,0.00,-0.17,-0.38,0.00,0.00,1.37,136,31
13161,-3.7,21.1,-99.6,0.086,-0.178,-0.810,-5.2,0.6,0.0,-0.0003,-0.0210,0.0851,1047,700,1072,796,0.02,0.00,-0.22,1.37,0.3946,2,1,0,0.01,0.00,-0.15,-0.37,0.00,0.00,1.37,136,31
13171,-5.6,29.9,98.5,-0.094,-0.050,-0.873,-5.2,0.5,0.0,0.0027,-0.0301,-0.1127,622,1094,665,1222,0.02,0.00,-0.21,1.37,0.3931,2,1,0,0.01,0.00,-0.14,-0.36,0.00,0.00,1.37,136,31
13181,6.6,20.6,-38.4,-0.013,0.014,-1.156,-5.2,0.4,0.0,-0.0036,-0.0142,0.0352,975,813,1002,845,0.02,0.00,-0.22,1.37,0.3972,2,1,0,0.01,0.00,-0.12,-0.34,0.00,0.00,1.38,136,31
13191,-13.9,17.7,-11.4,-0.066,-0.164,-1.009,-5.0,0.3,0.0,0.0113,-0.0181,-0.0027,773,970,878,995,0.02,0.00,-0.21,1.37,0.3950,2,1,0,0.01,0.00,-0.11,-0.33,0.00,0.00,1.40,136,31
13201,8.2,13.0,56.4,0.041,0.067,-1.118,-5.2,0.1,0.0,-0.0107,-0.0142,-0.0605,800,965,811,1045,0.02,0.00,-0.22,1.37,0.3955,2,1,0,0.01,0.00,-0.11,-0.32,0.00,0.00,1.39,137,31
13211,5.3,7.9,-95.4,0.015,-0.037,-1.155,-4.9,0.1,0.0,-0.0049,-0.0075,0.0781,1007,789,1042,783,0.02,0.00,-0.22,1.37,0.3956,2,1,0,0.01,0.00,-0.11,-0.30,0.00,0.00,1.39,137,31
13222,2.5,5.2,95.0,-0.013,0.147,-1.158,-5.0,0.0,0.0,-0.0052,-0.0060,-0.1092,680,1090,720,1127,0.02,0.00,-0.22,1.37,0.3950,2,1,0,0.01,0.00,-0.11,-0.29,0.00,0.00,1.38,137,31
13232,6.6,17.2,-104.5,0.193,-0.026,-1.166,-4.9,-0.2,0.0,-0.0024,-0.0213,0.0917,1041,698,1122,771,0.02,0.00,-0.22,1.37,0.3969,2,1,0,0.01,0.00,-0.11,-0.27,0.00,0.00,1.38,137,31
13242,6.6,18.3,68.8,-0.007,0.168,-1.119,-4.8,-0.2,0.0,-0.0099,-0.0241,-0.0908,670,1036,747,1167,0.02,0.00,-0.21,1.37,0.3953,2,1,0,0.01,0.00,-0.10,-0.27,0.00,0.00,1.38,137,31
13252,18.4,4.7,-46.1,0.061,0.244,-1.140,-4.7,-0.5,0.0,-0.0204,-0.0109,0.0357,975,745,1025,879,0.02,0.00,-0.22,1.37,0.3960,2,1,0,0.01,0.00,-0.08,-0.25,0.00,0.00,1.38,137,31
13262,-1.8,20.1,-17.4,0.148,0.143,-1.251,-4.5,-0.4,0.0,-0.0012,-0.0312,-0.0125,801,885,925,1021,0.02,0.00,-0.21,1.37,0.3971,2,1,0,0.01,0.00,-0.06,-0.26,0.00,0.00,1.38,137,31
13272,6.1,-5.1,39.3,-0.065,0.172,-1.107,-4.6,-0.2,0.0,-0.0086,0.0041,-0.0535,866,930,806,1031,0.02,0.00,-0.22,1.37,0.3971,2,1,0,0.01,0.00,-0.07,-0.23,0.00,0.00,1.38,137,31
13282,5.5,-3.0,-91.4,0.165,0.040,-1.187,-4.1,-0.1,0.0,-0.0040,-0.0033,0.0715,1024,769,1044,799,0.02,0.00,-0.22,1.37,0.3974,2,1,0,0.01,0.00,-0.06,-0.22,0.00,0.00,1.37,136,31
13292,-15.5,-17.4,95.2,-0.042,0.035,-1.343,-4.1,0.0,0.0,0.0127,0.0158,-0.1076,719,1147,705,1066,0.02,0.00,-0.22,1.37,0.3977,2,1,0,0.01,0.00,-0.05,-0.22,0.00,0.00,1.38,135,31
13302,11.1,-1.0,-104.2,0.209,-0.092,-1.104,-3.9,0.1,0.0,-0.0128,0.0004,0.0901,1107,704,1067,756,0.02,0.00,-0.22,1.37,0.3974,2,1,0,0.01,0.00,-0.05,-0.21,0.00,0.00,1.38,135,31
13312,6.4,-2.3,93.7,-0.063,0.190,-1.118,-3.6,0.4,0.0,-0.0005,0.0048,-0.1135,684,1141,679,1100,0.02,0.00,-0.21,1.37,0.3934,2,1,0,0.01,0.00,-0.05,-0.21,0.00,0.00,1.37,135,31
13322,7.7,-15.9,-52.4,0.023,0.063,-1.187,-3.7,0.2,0.0,-0.0092,0.0155,0.0383,1037,795,987,822,0.02,0.00,-0.23,1.37,0.3980,2,1,0,0.01,0.00,-0.04,-0.19,0.00,0.00,1.37,136,31
13333,7.1,-15.4,-1.7,0.012,0.138,-0.809,-3.4,0.5,0.0,-0.0102,0.0097,-0.0292,852,969,800,987,0.02,0.00,-0.22,1.37,0.3938,2,1,0,0.01,0.00,-0.03,-0.18,0.00,0.00,1.37,136,31
13343,-9.3,-37.4,51.2,-0.095,0.033,-0.854,-3.5,0.7,0.0,0.0080,0.0376,-0.0654,886,1055,736,934,0.02,0.00,-0.22,1.37,0.3942,2,1,0,0.01,0.00,0.00,-0.17,0.00,0.00,1.39,136,31
13353,5.0,-20.5,-99.5,0.008,-0.031,-0.892,-3.3,0.8,0.0,-0.0061,0.0207,0.0853,1096,777,978,754,0.02,0.00,-0.22,1.37,0.3935,2,1,0,0.01,0.00,0.01,-0.16,0.00,0.00,1.41,136,31
13363,-24.3,-11.2,99.6,-0.020,-0.040,-0.698,-3.1,1.1,0.0,0.0222,0.0157,-0.1126,725,1175,660,1023,0.02,0.00,-0.22,1.37,0.3906,2,1,0,0.01,0.00,0.04,-0.15,0.00,0.00,1.40,136,31
13373,-21.4,-9.8,-121.4,0.126,-0.401,-0.790,-3.0,0.8,0.0,0.0207,0.0100,0.1073,1117,733,1090,648,0.02,0.00,-0.23,1.37,0.3912,2,1,0,0.01,0.00,0.06,-0.12,0.00,0.00,1.39,136,31
13383,-25.8,11.2,74.9,-0.059,-0.174,-0.753,-2.7,1.0,0.0,0.0261,-0.0035,-0.0959,658,1120,771,1034,0.01,0.00,-0.22,1.37,0.3906,2,1,0,0.01,0.00,0.07,-0.12,0.00,0.00,1.39,136,31
13393,-22.2,-2.6,-41.1,0.067,-0.194,-0.828,-2.5,0.9,0.0,0.0219,0.0028,0.0270,966,885,1021,729,0.01,0.00,-0.23,1.37,0.3930,2,1,0,0.01,0.00,0.10,-0.13,0.00,0.00,1.38,136,31
13403,-13.7,-1.5,-25.3,-0.112,-0.152,-0.847,-2.2,1.0,0.0,0.0185,0.0071,-0.0025,873,953,916,855,0.01,0.00,-0.22,1.37,0.3924,2,1,0,0.01,0.00,0.11,-0.13,0.00,0.00,1.38,136,31
13413,-8.7,7.2,63.5,0.003,0.073,-0.851,-2.0,1.0,0.0,0.0118,-0.0038,-0.0729,757,1062,812,982,0.01,0.00,-0.23,1.37,0.3944,2,1,0,0.01,0.00,0.13,-0.12,0.00,0.00,1.38,136,31
13423,-7.6,12.3,-96.8,-0.058,-0.148,-0.900,3.3,7.5,0.0,0.0132,-0.0055,0.0827,1040,822,1048,702,0.01,0.00,-0.23,1.37,0.3944,3,1,0,0.02,0.02,0.16,-0.12,0.00,0.00,1.38,136,63
13434,8.4,28.4,105.1,-0.208,0.274,-1.071,4.6,8.7,0.0,0.0001,-0.0186,-0.1189,649,1113,720,1143,0.01,0.00,-0.22,1.37,0.3961,3,1,0,0.03,0.02,0.19,-0.15,0.00,0.00,1.38,136,63
13444,1.0,26.8,-96.6,0.070,0.043,-1.063,5.1,10.2,0.0,0.0063,-0.0173,0.0825,1038,758,1111,728,0.01,0.00,-0.23,1.37,0.3973,3,1,0,0.03,0.03,0.22,-0.16,0.00,0.00,1.39,136,63
13454,-0.7,32.2,70.5,-0.071,0.103,-1.111,6.6,10.7,0.0,0.0097,-0.0222,-0.0846,666,1063,762,1125,0.01,0.00,-0.22,1.37,0.3949,3,1,0,0.03,0.03,0.24,-0.19,0.00,0.00,1.40,136,63
13464,17.5,18.8,-28.4,-0.029,0.178,-1.256,7.2,11.1,0.0,-0.0071,-0.0100,0.0185,942,823,968,884,0.01,0.00,-0.23,1.37,0.3950,3,1,0,0.03,0.03,0.25,-0.20,0.00,0.00,1.39,136,63
13474,5.4,17.6,-25.2,0.035,0.133,-1.177,7.6,10.8,0.0,0.0044,-0.0075,0.0110,834,918,933,917,0.01,0.00,-0.23,1.38,0.3930,3,1,0,0.03,0.03,0.24,-0.20,0.00,0.00,1.38,136,63
13484,17.8,-2.1,54.3,-0.065,0.222,-1.162,7.4,10.7,0.0,-0.0104,0.0046,-0.0572,823,1000,766,1022,0.01,0.00,-0.23,1.37,0.3941,3,1,0,0.03,0.03,0.24,-0.20,0.00,0.00,1.39,136,63
13494,20.1,9.9,-104.5,0.144,0.097,-1.239,7.6,10.3,0.0,-0.0097,-0.0023,0.0882,1061,719,1057,771,0.01,0.00,-0.23,1.38,0.3939,3,1,0,0.03,0.03,0.23,-0.20,0.00,0.00,1.39,136,63
13504,10.5,-11.6,90.6,-0.134,0.186,-1.001,7.6,9.7,0.0,-0.0005,0.0208,-0.1047,760,1103,648,1079,0.01,0.00,-0.23,1.38,0.3914,3,1,0,0.04,0.03,0.22,-0.21,0.00,0.00,1.38,136,63
13514,10.7,-20.7,-113.3,0.069,0.001,-1.054,7.1,8.8,0.0,-0.0038,0.0195,0.1049,1142,731,1054,672,0.01,0.00,-0.24,1.38,0.3926,3,1,0,0.03,0.03,0.21,-0.19,0.00,0.00,1.38,136,63
13524,-8.7,-12.5,75.3,0.082,-0.029,-0.878,8.1,8.0,0.0,0.0190,0.0186,-0.0916,711,1136,721,1021,0.01,0.00,-0.23,1.38,0.3913,3,1,0,0.04,0.02,0.19,-0.22,0.00,0.00,1.38,136,63
13534,0.5,-11.6,-43.1,-0.065,-0.104,-0.820,7.8,7.7,0.0,0.0096,0.0188,0.0291,994,868,953,770,0.01,0.00,-0.24,1.38,0.3908,3,1,0,0.04,0.02,0.20,-0.22,0.00,0.00,1.39,135,63
13544,17.2,9.1,-16.2,0.052,-0.015,-0.988,7.9,6.7,0.0,0.0009,-0.0002,-0.0103,875,918,880,915,0.01,0.00,-0.23,1.38,0.3912,3,1,0,0.04,0.02,0.18,-0.22,0.00,0.00,1.38,135,63
13555,5.5,18.4,75.6,-0.154,0.016,-0.741,7.7,6.4,0.0,0.0045,-0.0127,-0.0897,746,1038,794,1016,0.01,0.00,-0.24,1.38,0.3918,3,1,0,0.04,0.02,0.19,-0.23,0.00,0.00,1.38,135,63
13565,18.5,22.7,-101.6,-0.029,-0.015,-0.744,8.0,5.6,0.0,-0.0080,-0.0164,0.0802,1023,714,1051,793,0.01,0.00,-0.24,1.38,0.3902,3,1,0,0.04,0.02,0.18,-0.24,0.00,0.00,1.38,135,63
13575,9.4,32.2,118.1,0.051,0.077,-1.015,8.2,4.8,0.0,0.0008,-0.0280,-0.1326,599,1103,701,1199,0.01,0.00,-0.24,1.38,0.3930,3,1,0,0.04,0.02,0.17,-0.25,0.00,0.00,1.37,135,63
13585,20.1,23.4,-109.2,-0.057,0.019,-0.630,7.9,4.8,0.0,-0.0098,-0.0192,0.0951,1057,649,1118,773,0.02,0.01,-0.25,1.38,0.3925,3,1,0,0.04,0.02,0.19,-0.25,-0.01,0.01,1.37,135,63
13595,9.4,23.6,72.6,0.046,0.121,-1.120,8.4,4.6,0.0,0.0012,-0.0196,-0.0866,669,1036,779,1130,0.02,0.01,-0.24,1.38,0.3947,3,1,0,0.04,0.02,0.19,-0.27,-0.01,0.01,1.37,135,63
13605,12.8,6.6,-35.5,0.127,0.048,-0.940,7.3,5.3,0.0,-0.0108,-0.0149,0.0351,965,791,981,889,0.02,0.01,-0.25,1.37,0.3961,3,1,0,0.04,0.03,0.21,-0.25,-0.01,0.01,1.37,136,63
13615,18.4,-7.5,-38.0,0.036,0.056,-1.016,7.6,6.2,0.0,-0.0084,0.0132,0.0240,922,877,897,925,0.02,0.01,-0.25,1.37,0.3957,3,1,0,0.04,0.03,0.24,-0.25,-0.01,0.01,1.37,136,63
13625,-6.8,-18.7,59.5,0.065,0.064,-1.200,7.1,6.9,0.0,0.0165,0.0252,-0.0735,795,1092,771,982,0.02,0.01,-0.25,1.37,0.3980,3,1,0,0.04,0.03,0.26,-0.24,-0.01,0.01,1.37,136,63
13635,2.1,-16.7,-111.1,0.169,-0.259,-0.845,7.5,7.6,0.0,-0.0013,0.0175,0.0904,1112,766,1041,704,0.02,0.01,-0.25,1.37,0.3959,3,1,0,0.04,0.04,0.27,-0.24,-0.01,0.01,1.37,136,63
13645,-15.5,-6.0,96.8,-0.042,-0.010,-1.108,7.8,8.3,0.0,0.0258,0.0138,-0.1108,686,1188,720,1038,0.01,0.01,-0.25,1.37,0.3969,3,1,0,0.04,0.04,0.29,-0.24,-0.01,0.01,1.37,136,63
13655,-10.7,-15.6,-110.1,0.088,-0.241,-1.019,7.5,8.5,0.0,0.0209,0.0243,0.0984,1112,801,1094,632,0.01,0.01,-0.26,1.37,0.3979,3,1,0,0.04,0.04,0.29,-0.23,-0.01,0.01,1.37,136,63
13666,-4.9,4.8,58.2,-0.120,-0.114,-0.911,8.5,8.5,0.0,0.0158,0.0031,-0.0722,719,1110,787,1021,0.01,0.01,-0.25,1.37,0.3976,3,1,0,0.04,0.04,0.30,-0.25,-0.01,0.01,1.36,136,63
13676,-8.0,10.5,-27.7,-0.003,-0.098,-0.908,8.3,8.6,0.0,0.0189,-0.0025,0.0138,929,913,989,816,0.01,0.01,-0.26,1.37,0.3991,3,1,0,0.04,0.04,0.30,-0.24,-0.01,0.01,1.35,136,63
13686,-1.1,17.8,-28.5,-0.225,-0.195,-1.178,9.2,7.7,0.0,0.0095,0.0000,-0.0010,894,934,930,898,0.01,0.01,-0.26,1.37,0.4001,3,1,0,0.04,0.04,0.28,-0.26,-0.01,0.01,1.37,136,63
13696,5.3,28.9,72.4,-0.073,0.136,-1.197,9.7,6.9,0.0,0.0068,-0.0227,-0.0863,730,1044,829,1057,0.01,0.01,-0.26,1.37,0.4007,3,1,0,0.05,0.04,0.27,-0.27,-0.01,0.01,1.39,136,63
13706,-1.7,31.8,-105.3,-0.020,-0.186,-0.962,10.2,6.7,0.0,0.0145,-0.0258,0.0914,1005,728,1137,761,0.01,0.01,-0.26,1.37,0.3967,3,1,0,0.05,0.04,0.27,-0.27,-0.02,0.01,1.38,135,63
13716,-4.2,10.8,103.5,-0.034,0.006,-1.421,10.6,6.6,0.0,0.0162,-0.0054,-0.1178,646,1145,723,1120,0.01,0.01,-0.26,1.37,0.3973,3,1,0,0.05,0.04,0.28,-0.28,-0.02,0.01,1.37,135,63
13726,7.2,-1.5,-112.6,0.118,0.034,-1.293,11.0,7.0,0.0,0.0062,0.0080,0.0987,1107,746,1096,695,0.01,0.01,-0.27,1.37,0.3986,3,1,0,0.05,0.04,0.29,-0.29,-0.02,0.02,1.36,135,63
13736,-1.4,-10.6,63.1,0.020,0.050,-1.016,11.4,7.1,0.0,0.0166,0.0170,-0.0879,737,1133,736,1006,0.01,0.01,-0.26,1.37,0.3944,3,1,0,0.05,0.04,0.30,-0.29,-0.02,0.02,1.36,135,63
13746,-7.5,-4.6,-34.3,0.169,0.015,-1.050,11.1,7.5,0.0,0.0212,0.0116,0.0204,969,880,1004,771,0.01,0.02,-0.28,1.37,0.3959,3,1,0,0.05,0.04,0.31,-0.29,-0.02,0.02,1.38,135,63
13756,-9.3,13.2,-45.9,0.111,-0.083,-1.062,11.5,7.3,0.0,0.0212,-0.0023,0.0138,887,915,976,844,0.01,0.02,-0.27,1.37,0.3957,3,1,0,0.05,0.04,0.31,-0.29,-0.02,0.02,1.39,135,63
13766,2.4,6.1,76.7,0.118,0.113,-0.975,10.9,7.2,0.0,0.0111,-0.0020,-0.0826,735,1060,794,1024,0.01,0.02,-0.28,1.37,0.3945,3,1,0,0.05,0.04,0.32,-0.28,-0.02,0.02,1.39,135,63
13777,2.9,20.5,-122.9,0.049,-0.021,-0.911,11.3,7.0,0.0,0.0153,-0.0143,0.1055,1046,705,1159,702,0.01,0.02,-0.28,1.37,0.3944,3,1,0,0.05,0.04,0.32,-0.29,-0.02,0.02,1.39,135,63
13787,-7.5,2.3,106.8,-0.095,0.184,-1.253,11.5,7.3,0.0,0.0225,0.0033,-0.1210,629,1175,713,1085,0.01,0.02,-0.27,1.37,0.3931,3,1,0,0.05,0.05,0.34,-0.29,-0.02,0.02,1.39,135,63
13797,7.8,1.3,-104.1,0.153,-0.069,-0.985,11.3,6.4,0.0,0.0060,0.0045,0.0903,1081,737,1102,705,0.01,0.02,-0.29,1.37,0.3960,3,1,0,0.05,0.04,0.32,-0.29,-0.02,0.02,1.39,135,63
13807,11.0,11.1,57.0,-0.109,0.068,-0.867,11.7,6.0,0.0,0.0098,0.0001,-0.0819,722,1069,759,1031,0.01,0.02,-0.28,1.37,0.3903,3,1,0,0.05,0.04,0.32,-0.29,-0.03,0.02,1.38,135,63
13817,6.6,5.2,-5.4,-0.098,-0.005,-1.010,11.7,5.4,0.0,0.0077,-0.0004,-0.0083,920,889,937,865,0.01,0.03,-0.29,1.37,0.3943,3,1,0,0.05,0.04,0.32,-0.30,-0.03,0.02,1.37,136,63
13827,10.9,29.1,-51.3,0.004,-0.063,-0.775,11.9,4.8,0.0,0.0035,-0.0249,0.0375,902,812,1005,888,0.01,0.03,-0.28,1.37,0.3938,3,1,0,0.05,0.04,0.31,-0.30,-0.03,0.02,1.38,136,63
13837,-1.6,9.8,82.2,-0.015,0.072,-0.984,11.7,4.8,0.0,0.0161,-0.0062,-0.0928,696,1082,785,1049,0.01,0.03,-0.29,1.37,0.3943,3,1,0,0.05,0.05,0.32,-0.30,-0.03,0.02,1.38,137,63
13847,13.0,22.1,-120.2,0.042,-0.118,-0.893,11.6,5.0,0.0,0.0011,-0.0177,0.1064,1055,686,1138,750,0.01,0.03,-0.29,1.37,0.3966,3,1,0,0.05,0.05,0.34,-0.29,-0.03,0.03,1.38,137,63
13857,5.2,1.5,101.5,-0.065,0.307,-1.038,12.1,5.0,0.0,0.0119,-0.0010,-0.1181,657,1149,706,1108,0.01,0.03,-0.29,1.37,0.3953,3,1,0,0.05,0.05,0.35,-0.30,-0.03,0.03,1.38,137,63
13867,4.9,-3.5,-99.1,0.173,-0.039,-1.049,12.3,4.7,0.0,0.0101,0.0077,0.0853,1077,735,1100,726,0.01,0.03,-0.30,1.37,0.3977,3,1,0,0.05,0.05,0.35,-0.31,-0.03,0.03,1.39,137,63
13878,-1.3,5.9,45.4,0.088,0.132,-0.778,13.1,4.6,0.0,0.0172,-0.0018,-0.0592,743,1062,810,998,0.01,0.03,-0.29,1.37,0.3946,3,1,0,0.06,0.05,0.35,-0.32,-0.03,0.03,1.39,137,63
13888,-11.9,-7.5,-3.7,0.102,0.014,-0.809,13.2,4.3,0.0,0.0272,0.0108,-0.0044,889,958,947,827,0.01,0.04,-0.30,1.37,0.3955,3,1,0,0.06,0.05,0.35,-0.32,-0.03,0.03,1.38,138,63
13898,-8.1,10.8,-56.9,0.176,0.026,-0.734,13.4,4.2,0.0,0.0243,-0.0073,0.0431,908,873,1029,812,0.01,0.04,-0.29,1.37,0.3957,3,1,0,0.06,0.05,0.36,-0.32,-0.03,0.03,1.38,138,63
13908,-10.3,-4.1,81.9,0.028,0.137,-0.936,13.3,4.4,0.0,0.0257,0.0063,-0.0868,708,1133,781,1012,0.01,0.04,-0.30,1.37,0.3973,3,1,0,0.05,0.05,0.37,-0.31,-0.04,0.03,1.37,138,63
13918,3.3,4.2,-119.0,0.127,-0.073,-0.772,13.4,4.3,0.0,0.0127,-0.0004,0.1053,1074,736,1133,692,0.01,0.04,-0.30,1.37,0.3974,3,1,0,0.05,0.05,0.38,-0.30,-0.04,0.03,1.37,138,63
13928,-1.9,-7.2,103.7,-0.084,0.213,-1.106,13.2,4.6,0.0,0.0213,0.0103,-0.1187,663,1192,704,1072,0.01,0.04,-0.30,1.37,0.3970,3,1,0,0.05,0.06,0.38,-0.29,-0.04,0.03,1.37,139,63
13938,7.2,7.0,-93.5,0.034,-0.109,-1.132,12.4,4.5,0.0,0.0079,-0.0032,0.0798,1054,759,1095,745,0.01,0.04,-0.31,1.37,0.3996,3,1,0,0.05,0.06,0.39,-0.27,-0.04,0.03,1.38,139,63
13948,6.3,30.8,45.0,-0.078,0.071,-0.700,12.2,4.4,0.0,0.0088,-0.0202,-0.0724,713,1020,823,1063,0.01,0.04,-0.30,1.37,0.3954,3,1,0,0.05,0.06,0.37,-0.27,-0.04,0.03,1.38,139,63
13958,5.4,10.9,-3.4,-0.001,-0.015,-0.950,11.6,3.2,0.0,0.0089,-0.0083,-0.0102,896,889,960,892,0.01,0.04,-0.31,1.37,0.3976,3,1,0,0.05,0.05,0.36,-0.24,-0.04,0.03,1.37,139,63
13969,4.9,29.4,-63.8,0.071,-0.058,-0.959,11.4,1.7,0.0,0.0092,-0.0283,0.0501,907,797,1063,877,0.01,0.04,-0.31,1.37,0.3987,3,1,0,0.05,0.05,0.35,-0.24,-0.04,0.04,1.37,140,63
13979,3.2,-1.6,84.7,-0.049,0.122,-0.931,10.4,1.5,0.0,0.0075,-0.0064,-0.0904,711,1082,764,1078,0.01,0.04,-0.31,1.37,0.3974,3,1,0,0.04,0.05,0.34,-0.22,-0.04,0.04,1.37,140,63
13989,1.6,2.5,-131.3,0.244,-0.158,-1.117,10.0,1.5,0.0,0.0112,-0.0016,0.1176,1090,680,1162,716,0.01,0.05,-0.32,1.37,0.3991,3,1,0,0.04,0.05,0.35,-0.21,-0.05,0.04,1.36,140,63
13999,-12.8,-2.5,102.6,-0.013,0.034,-0.811,10.0,1.9,0.0,0.0185,0.0066,-0.1189,661,1181,706,1086,0.01,0.05,-0.31,1.37,0.3973,3,1,0,0.04,0.05,0.36,-0.21,-0.05,0.04,1.34,140,63
14009,-14.8,-14.2,-102.8,0.151,-0.048,-1.011,9.9,2.1,0.0,0.0277,0.0158,0.0892,1078,781,1136,660,0.00,0.05,-0.33,1.37,0.3999,3,1,0,0.04,0.06,0.37,-0.19,-0.05,0.04,1.35,140,63
14019,-22.2,8.1,32.8,0.260,-0.046,-0.882,10.8,1.5,0.0,0.0360,-0.0072,-0.0465,722,1072,902,980,0.00,0.05,-0.31,1.37,0.4028,3,1,0,0.04,0.05,0.36,-0.21,-0.05,0.04,1.36,140,63
14029,-15.6,-7.0,9.4,0.133,0.004,-0.733,10.5,1.3,0.0,0.0257,0.0009,-0.0066,856,978,950,878,0.00,0.05,-0.33,1.37,0.4009,3,1,0,0.04,0.05,0.36,-0.20,-0.05,0.04,1.36,140,63
14039,-8.5,-3.9,-77.5,0.180,-0.108,-1.205,11.1,0.5,0.0,0.0226,0.0039,0.0639,942,866,1076,795,0.00,0.05,-0.32,1.37,0.4032,3,1,0,0.04,0.05,0.35,-0.20,-0.05,0.04,1.36,140,63
14049,-13.9,-8.4,95.4,-0.119,-0.044,-1.011,10.4,0.0,0.0,0.0273,0.0078,-0.1090,686,1175,758,1054,0.00,0.05,-0.33,1.36,0.4025,3,1,0,0.04,0.05,0.33,-0.19,-0.05,0.04,1.35,140,63
14059,-0.8,-2.6,-122.0,0.088,-0.228,-1.031,10.7,-0.4,0.0,0.0149,-0.0048,0.1072,1083,734,1158,696,0.00,0.05,-0.33,1.36,0.4021,3,1,0,0.04,0.05,0.33,-0.18,-0.05,0.04,1.35,140,63
14069,-10.1,19.3,95.8,-0.010,-0.076,-0.919,10.5,-0.6,0.0,0.0236,-0.0207,-0.1094,625,1132,787,1130,0.00,0.05,-0.32,1.36,0.4026,3,1,0,0.04,0.05,0.32,-0.18,-0.06,0.04,1.36,141,63
14079,0.7,3.1,-84.2,-0.044,-0.069,-0.888,10.2,-1.4,0.0,0.0123,-0.0052,0.0706,1028,780,1102,767,0.00,0.05,-0.34,1.36,0.4030,3,1,0,0.04,0.05,0.31,-0.16,-0.06,0.04,1.37,141,63
14090,-8.1,-2.3,7.8,0.130,-0.048,-1.245,10.8,-2.6,0.0,0.0219,-0.0009,-0.0214,758,1013,923,990,0.00,0.05,-0.33,1.36,0.4039,3,1,0,0.04,0.04,0.28,-0.17,-0.06,0.04,1.36,141,63
14100,-11.5,-12.7,13.3,0.061,0.036,-0.845,10.0,-3.7,0.0,0.0246,0.0084,-0.0268,844,986,920,916,0.00,0.05,-0.34,1.36,0.4015,3,1,0,0.03,0.04,0.26,-0.15,-0.06,0.04,1.36,141,63
14110,-0.6,-17.8,-81.0,0.194,-0.053,-1.050,10.4,-3.9,0.0,0.0129,0.0106,0.0637,1007,840,1036,780,0.00,0.05,-0.34,1.36,0.4011,3,1,0,0.03,0.04,0.25,-0.15,-0.06,0.04,1.36,141,63
14120,-29.6,-10.7,90.7,0.040,-0.017,-0.856,9.9,-4.0,0.0,0.0427,0.0059,-0.1043,669,1203,796,1012,0.00,0.05,-0.34,1.36,0.4032,3,1,0,0.03,0.04,0.24,-0.13,-0.06,0.04,1.36,141,63
14130,-16.5,-19.7,-126.8,0.170,-0.112,-0.673,10.1,-4.1,0.0,0.0290,0.0125,0.1117,1094,782,1157,625,0.00,0.05,-0.35,1.36,0.4004,3,1,0,0.03,0.04,0.24,-0.12,-0.06,0.04,1.36,141,63
14140,-18.5,-8.1,87.1,0.132,0.053,-1.195,10.3,-3.9,0.0,0.0330,-0.0018,-0.1047,642,1176,793,1075,0.00,0.05,-0.34,1.36,0.4042,3,1,0,0.03,0.04,0.24,-0.12,-0.06,0.04,1.36,141,63
14150,-6.0,-20.8,-81.7,0.028,-0.041,-0.794,10.6,-3.6,0.0,0.0190,0.0149,0.0719,1055,824,1080,715,0.00,0.05,-0.35,1.36,0.4026,3,1,0,0.03,0.04,0.25,-0.13,-0.06,0.04,1.37,141,63
14160,-2.5,-28.8,21.5,-0.070,-0.028,-1.014,11.2,-4.1,0.0,0.0261,0.0239,-0.0479,819,1099,827,910,0.00,0.05,-0.34,1.36,0.4001,3,1,0,0.03,0.04,0.23,-0.13,-0.06,0.04,1.37,141,63
14170,-13.4,-13.4,17.3,-0.138,-0.094,-1.050,10.3,-4.5,0.0,0.0269,0.0082,-0.0308,870,1001,939,861,0.00,0.05,-0.35,1.36,0.4022,3,1,0,0.03,0.03,0.21,-0.11,-0.06,0.04,1.36,141,63
14180,5.7,12.2,-84.3,-0.100,-0.098,-0.669,11.0,-3.5,0.0,0.0052,-0.0085,0.0554,990,800,1042,812,0.00,0.05,-0.35,1.36,0.3985,3,1,0,0.03,0.04,0.23,-0.12,-0.06,0.04,1.34,141,63
14191,0.4,4.0,95.0,0.056,0.066,-1.306,10.6,-3.2,0.0,0.0136,-0.0083,-0.1073,679,1128,768,1105,0.00,0.05,-0.35,1.36,0.4034,3,1,0,0.03,0.04,0.23,-0.11,-0.07,0.04,1.36,141,63
14201,5.7,0.1,-130.6,-0.078,-0.116,-0.504,10.5,-2.8,0.0,0.0079,-0.0036,0.1171,1111,695,1156,699,0.00,0.05,-0.36,1.36,0.4008,3,1,0,0.03,0.04,0.24,-0.10,-0.07,0.04,1.38,141,63
14211,-7.6,-21.6,91.7,-0.087,0.146,-1.123,10.4,-2.9,0.0,0.0224,0.0167,-0.1109,688,1193,710,1044,0.00,0.05,-0.35,1.36,0.3975,3,1,0,0.03,0.04,0.23,-0.09,-0.07,0.05,1.37,141,63
14221,-18.3,-27.4,-90.4,0.196,-0.199,-1.176,10.5,-3.4,0.0,0.0320,0.0233,0.0770,1081,808,1093,680,0.00,0.05,-0.37,1.36,0.4010,3,1,0,0.03,0.04,0.21,-0.09,-0.07,0.04,1.36,141,63
14231,-6.3,6.4,3.6,0.068,-0.022,-0.640,10.5,-3.9,0.0,0.0175,-0.0054,-0.0341,800,995,887,950,0.00,0.05,-0.35,1.36,0.3971,3,1,0,0.03,0.03,0.20,-0.09,-0.07,0.05,1.36,141,63
14241,-12.2,-6.2,26.0,0.129,0.057,-1.097,9.8,-4.0,0.0,0.0272,0.0029,-0.0343,824,1028,917,891,0.00,0.05,-0.37,1.36,0.4007,3,1,0,0.02,0.03,0.19,-0.07,-0.07,0.05,1.36,141,63
14251,-9.6,-0.4,-98.6,0.038,-0.089,-0.918,10.4,-3.7,0.0,0.0233,-0.0040,0.0852,1002,817,1094,749,0.00,0.05,-0.36,1.36,0.4009,3,1,0,0.02,0.03,0.20,-0.08,-0.07,0.05,1.37,141,63
14261,-3.1,-15.0,93.8,-0.055,0.246,-1.179,10.2,-3.7,0.0,0.0196,0.0127,-0.1027,708,1170,734,1048,0.00,0.05,-0.36,1.36,0.4007,3,1,0,0.02,0.03,0.19,-0.07,-0.07,0.05,1.37,141,63
14271,-1.1,-8.3,-122.7,0.051,-0.232,-1.052,10.3,-3.2,0.0,0.0138,0.0051,0.1098,1114,742,1137,676,0.00,0.05,-0.37,1.36,0.4020,3,1,0,0.02,0.04,0.21,-0.07,-0.07,0.05,1.38,140,63
14281,6.7,9.7,89.6,-0.223,0.033,-0.865,10.7,-2.8,0.0,0.0071,-0.0134,-0.1030,683,1118,736,1108,0.00,0.05,-0.36,1.36,0.3986,3,1,0,0.02,0.04,0.21,-0.08,-0.07,0.05,1.38,140,63
14291,-4.1,6.2,-67.1,-0.029,-0.208,-1.336,10.9,-2.7,0.0,0.0174,-0.0040,0.0667,1001,814,1082,764,0.00,0.05,-0.38,1.36,0.4008,3,1,0,0.02,0.04,0.22,-0.08,-0.07,0.05,1.37,140,63
14301,-1.6,31.4,3.6,-0.002,-0.160,-0.893,10.9,-3.3,0.0,0.0133,-0.0355,-0.0229,778,915,962,999,0.00,0.05,-0.37,1.36,0.3998,3,1,0,0.03,0.04,0.21,-0.08,-0.07,0.05,1.37,140,63
14312,2.2,13.6,31.9,0.037,0.065,-1.114,10.6,-3.5,0.0,0.0117,-0.0186,-0.0412,792,962,908,989,0.00,0.05,-0.38,1.36,0.3995,3,1,0,0.02,0.03,0.20,-0.07,-0.07,0.05,1.37,139,63
14322,-7.3,8.4,-95.2,0.014,-0.161,-1.100,11.1,-3.0,0.0,0.0212,-0.0136,0.0787,982,784,1117,772,0.00,0.05,-0.37,1.36,0.4001,3,1,0,0.02,0.04,0.21,-0.08,-0.08,0.05,1.38,139,63
14332,-9.9,-5.9,90.5,-0.090,0.117,-1.020,11.1,-2.3,0.0,0.0244,0.0028,-0.1039,689,1157,755,1040,-0.01,0.05,-0.37,1.36,0.3982,3,1,0,0.02,0.04,0.22,-0.08,-0.08,0.05,1.37,139,63
14342,-17.1,-19.8,-124.3,0.241,-0.187,-1.148,11.2,-2.5,0.0,0.0279,0.0148,0.1131,1100,778,1149,616,-0.01,0.05,-0.38,1.36,0.3985,3,1,0,0.02,0.04,0.22,-0.07,-0.08,0.05,1.37,139,63
14352,-8.4,11.0,85.9,0.111,0.079,-0.919,11.3,-2.2,0.0,0.0231,-0.0141,-0.0992,649,1128,763,1094,-0.01,0.05,-0.37,1.36,0.3972,3,1,0,0.02,0.04,0.22,-0.07,-0.08,0.05,1.38,138,63
14362,-4.1,-6.2,-66.6,0.138,0.063,-1.032,11.5,-2.5,0.0,0.0231,0.0039,0.0673,1000,833,1073,731,-0.01,0.05,-0.39,1.36,0.3976,3,1,0,0.02,0.04,0.21,-0.07,-0.08,0.05,1.37,138,63
14372,-12.8,-6.4,-9.4,0.061,-0.014,-1.354,11.5,-3.0,0.0,0.0277,0.0027,-0.0039,794,995,934,928,-0.01,0.05,-0.38,1.36,0.3995,3,1,0,0.02,0.04,0.21,-0.07,-0.08,0.05,1.37,138,63
14382,-0.5,-3.8,39.4,-0.116,0.152,-1.093,11.2,-2.6,0.0,0.0151,0.0003,-0.0527,808,1026,861,956,-0.01,0.05,-0.39,1.36,0.3995,3,1,0,0.02,0.04,0.21,-0.06,-0.08,0.05,1.37,138,63
14392,4.1,-3.5,-99.7,-0.018,-0.128,-1.037,11.1,-2.3,0.0,0.0107,0.0022,0.0839,1043,789,1069,727,-0.01,0.05,-0.39,1.36,0.3965,3,1,0,0.02,0.04,0.22,-0.06,-0.08,0.05,1.37,138,63
14403,0.7,15.0,111.8,-0.189,-0.051,-1.022,10.7,-1.7,0.0,0.0134,-0.0177,-0.1251,655,1155,714,1118,-0.01,0.05,-0.39,1.36,0.3984,3,1,0,0.02,0.04,0.23,-0.05,-0.08,0.05,1.36,138,63
14413,-0.7,4.9,-114.6,-0.101,-0.089,-0.942,10.1,-1.3,0.0,0.0143,-0.0050,0.1021,1076,737,1135,692,-0.01,0.05,-0.40,1.36,0.3980,3,1,0,0.02,0.04,0.25,-0.03,-0.08,0.05,1.35,137,63
14423,-8.7,16.0,78.6,0.014,-0.071,-1.183,10.8,-0.5,0.0,0.0231,-0.0174,-0.0919,638,1100,785,1126,-0.01,0.05,-0.39,1.36,0.3994,3,1,0,0.02,0.05,0.27,-0.05,-0.08,0.05,1.35,137,63
14433,2.5,0.5,-48.7,0.062,0.051,-1.106,10.6,-0.6,0.0,0.0115,-0.0020,0.0354,974,842,1025,820,-0.01,0.05,-0.40,1.36,0.4008,3,1,0,0.02,0.05,0.27,-0.05,-0.08,0.05,1.35,137,63
14443,-0.5,-15.1,-20.0,0.013,0.006,-1.163,11.0,-0.6,0.0,0.0147,0.0090,-0.0078,887,972,909,882,-0.01,0.05,-0.39,1.36,0.3994,3,1,0,0.02,0.05,0.27,-0.05,-0.08,0.05,1.36,138,63
14453,-15.3,-15.0,53.1,0.057,0.058,-1.123,10.6,-0.5,0.0,0.0295,0.0137,-0.0664,812,1084,849,929,-0.01,0.05,-0.40,1.36,0.4025,3,1,0,0.02,0.05,0.28,-0.04,-0.09,0.05,1.36,138,63
14463,-12.3,-11.0,-99.0,0.134,-0.085,-0.900,10.9,0.1,0.0,0.0268,0.0105,0.0857,1042,832,1088,690,-0.01,0.05,-0.40,1.36,0.3995,3,1,0,0.02,0.05,0.30,-0.04,-0.09,0.05,1.36,138,63
14473,-14.2,9.8,104.4,0.092,0.104,-1.067,11.0,1.0,0.0,0.0298,-0.0073,-0.1169,637,1189,764,1078,-0.01,0.05,-0.40,1.36,0.4017,3,1,0,0.02,0.05,0.32,-0.04,-0.09,0.05,1.36,138,63
14483,-8.7,-10.9,-108.2,0.077,0.056,-0.847,10.7,0.8,0.0,0.0231,0.0109,0.0950,1082,811,1123,649,-0.01,0.05,-0.41,1.36,0.4014,3,1,0,0.02,0.05,0.31,-0.02,-0.09,0.05,1.36,139,63
14493,-14.5,-16.6,76.8,-0.047,0.108,-1.315,10.8,0.3,0.0,0.0301,0.0133,-0.0995,694,1185,758,1020,-0.01,0.05,-0.40,1.36,0.4003,3,1,0,0.02,0.05,0.31,-0.02,-0.09,0.05,1.36,139,63
14503,-7.1,-12.0,-45.4,-0.039,-0.018,-1.206,10.3,-1.1,0.0,0.0210,0.0100,0.0322,1011,893,1020,750,-0.01,0.05,-0.41,1.36,0.4028,3,1,0,0.01,0.05,0.27,0.00,-0.09,0.05,1.36,140,63
14514,5.6,-0.8,-11.5,-0.203,-0.060,-0.858,10.5,-1.7,0.0,0.0077,0.0033,-0.0071,871,1010,839,907,-0.01,0.05,-0.40,1.36,0.3964,3,1,0,0.01,0.05,0.26,0.00,-0.09,0.05,1.37,140,63
14524,-5.4,12.5,66.6,-0.029,-0.009,-1.245,9.8,-2.3,0.0,0.0199,-0.0080,-0.0709,762,1072,842,993,-0.01,0.05,-0.41,1.36,0.4019,3,1,0,0.01,0.04,0.25,0.01,-0.09,0.05,1.37,140,63
14534,-6.7,11.3,-103.3,-0.097,-0.139,-0.755,10.0,-2.1,0.0,0.0203,-0.0143,0.0901,1012,784,1089,752,-0.01,0.05,-0.41,1.36,0.3977,3,1,0,0.01,0.05,0.26,0.01,-0.09,0.05,1.36,139,63
14544,-6.8,-0.2,111.7,0.044,0.167,-1.325,9.6,-3.1,0.0,0.0188,-0.0068,-0.1259,625,1172,722,1126,-0.02,0.05,-0.41,1.36,0.3986,3,1,0,0.01,0.04,0.24,0.02,-0.09,0.05,1.36,139,63
14554,-5.3,-6.6,-115.6,0.119,-0.167,-1.042,9.8,-3.4,0.0,0.0160,0.0024,0.1028,1093,743,1126,697,-0.02,0.05,-0.42,1.36,0.4005,3,1,0,0.01,0.04,0.23,0.03,-0.10,0.05,1.36,139,63
14564,-13.4,-10.8,76.8,-0.093,0.079,-0.795,10.3,-3.6,0.0,0.0274,0.0063,-0.0900,695,1156,745,1017,-0.02,0.05,-0.40,1.36,0.3946,3,1,0,0.01,0.04,0.23,0.02,-0.10,0.05,1.36,139,63
14574,-28.4,-25.8,-39.3,0.241,-0.215,-1.236,10.6,-4.7,0.0,0.0421,0.0222,0.0316,967,954,1020,714,-0.02,0.05,-0.42,1.36,0.4001,3,1,0,0.01,0.04,0.19,0.02,-0.10,0.05,1.36,138,63
14584,-14.1,-2.9,-30.5,0.116,-0.103,-0.758,10.6,-5.2,0.0,0.0242,-0.0036,0.0057,853,952,945,889,-0.02,0.05,-0.41,1.36,0.3979,3,1,0,0.01,0.04,0.19,0.02,-0.10,0.05,1.36,138,63
14594,-8.8,-21.7,73.4,0.150,0.214,-1.201,10.8,-5.4,0.0,0.0236,0.0150,-0.0836,747,1130,788,986,-0.02,0.05,-0.42,1.36,0.3995,3,1,0,0.01,0.03,0.17,0.02,-0.10,0.05,1.36,138,63
14604,-7.4,-18.3,-101.0,0.133,-0.158,-0.889,10.9,-5.4,0.0,0.0207,0.0113,0.0859,1050,812,1086,707,-0.02,0.05,-0.42,1.36,0.4002,3,1,0,0.01,0.03,0.17,0.02,-0.10,0.05,1.36,137,63
14614,-6.3,-19.5,112.0,-0.127,0.137,-1.098,11.0,-5.5,0.0,0.0211,0.0131,-0.1252,666,1220,687,1071,-0.02,0.05,-0.41,1.36,0.3984,3,1,0,0.01,0.03,0.15,0.02,-0.10,0.05,1.36,137,63
14625,-6.3,-15.6,-100.9,0.101,-0.286,-1.074,10.7,-5.8,0.0,0.0180,0.0078,0.0895,1077,775,1106,709,-0.02,0.05,-0.42,1.36,0.4018,3,1,0,0.01,0.03,0.15,0.01,-0.10,0.04,1.35,138,63
14635,4.4,6.1,66.3,0.027,0.001,-0.744,11.5,-5.5,0.0,0.0108,-0.0126,-0.0796,694,1072,768,1110,-0.02,0.05,-0.41,1.36,0.3986,3,1,0,0.01,0.03,0.15,0.00,-0.10,0.05,1.35,138,63
14645,-7.1,-11.6,-19.0,0.053,-0.083,-1.112,11.4,-5.5,0.0,0.0212,0.0024,0.0101,908,909,993,852,-0.02,0.05,-0.42,1.36,0.4010,3,1,0,0.01,0.03,0.16,0.01,-0.10,0.04,1.35,138,63
14655,-5.2,-2.0,-27.6,0.082,-0.134,-1.034,12.0,-4.8,0.0,0.0176,-0.0184,-0.0010,847,918,984,921,-0.02,0.05,-0.41,1.36,0.4019,3,1,0,0.01,0.03,0.19,0.00,-0.10,0.05,1.35,138,63
14665,-5.3,-24.9,64.8,0.003,0.041,-0.802,12.0,-3.2,0.0,0.0212,0.0209,-0.0779,780,1073,809,988,-0.02,0.05,-0.42,1.35,0.3992,3,1,0,0.01,0.04,0.21,0.00,-0.10,0.04,1.36,138,63
14675,-12.7,-12.1,-110.7,0.241,-0.290,-0.908,12.7,-2.1,0.0,0.0200,0.0001,0.0906,1045,779,1121,703,-0.02,0.05,-0.42,1.36,0.3990,3,1,0,0.01,0.04,0.22,-0.02,-0.10,0.04,1.37,138,63
14685,-20.2,-13.0,107.8,0.008,0.002,-0.805,13.4,-1.4,0.0,0.0347,0.0111,-0.1207,653,1213,717,1063,-0.02,0.05,-0.42,1.36,0.3989,3,1,0,0.01,0.04,0.21,-0.03,-0.10,0.04,1.36,138,63
14695,-18.9,-34.7,-107.8,0.113,-0.134,-0.925,14.5,-1.0,0.0,0.0374,0.0328,0.0947,1083,818,1129,614,-0.02,0.05,-0.43,1.35,0.3986,3,1,0,0.02,0.04,0.23,-0.03,-0.10,0.04,1.35,138,63
14705,-18.5,-22.3,82.4,0.103,-0.038,-1.113,15.3,-0.5,0.0,0.0416,0.0154,-0.1038,669,1219,768,1003,-0.02,0.05,-0.41,1.35,0.4006,3,1,0,0.02,0.04,0.24,-0.05,-0.10,0.05,1.35,137,63
14715,-6.5,-14.0,-20.0,0.059,-0.081,-0.589,15.0,-0.2,0.0,0.0255,0.0129,0.0069,931,923,1001,785,-0.02,0.05,-0.43,1.35,0.3982,3,1,0,0.02,0.05,0.24,-0.04,-0.11,0.04,1.35,137,63
14725,-4.7,1.9,-30.9,0.164,-0.041,-1.193,15.4,-0.8,0.0,0.0278,-0.0090,-0.0008,841,949,981,878,-0.02,0.05,-0.42,1.35,0.3993,3,1,0,0.02,0.04,0.23,-0.05,-0.11,0.05,1.35,137,63
14736,6.3,-3.5,83.1,0.030,-0.005,-1.106,14.3,-1.4,0.0,0.0104,-0.0021,-0.0937,718,1085,785,1081,-0.02,0.05,-0.42,1.35,0.4019,3,1,0,0.02,0.04,0.22,-0.03,-0.11,0.04,1.35,137,63
14746,21.2,-1.9,-112.6,0.118,0.025,-0.901,13.2,-2.0,0.0,-0.0041,-0.0009,0.0995,1033,700,1132,775,-0.02,0.05,-0.43,1.35,0.3980,3,1,0,0.01,0.04,0.21,-0.01,-0.11,0.05,1.34,137,63
14756,-5.4,-6.2,103.8,-0.059,0.073,-0.914,12.7,-2.5,0.0,0.0195,-0.0019,-0.1171,649,1166,731,1099,-0.02,0.05,-0.42,1.35,0.3988,3,1,0,0.01,0.04,0.20,-0.01,-0.11,0.05,1.35,137,63
14766,0.4,-13.6,-104.8,0.108,-0.176,-0.866,11.5,-3.0,0.0,0.0150,0.0097,0.0917,1098,744,1100,704,-0.02,0.05,-0.43,1.35,0.3989,3,1,0,0.01,0.04,0.19,0.01,-0.11,0.04,1.35,138,63
14776,-8.4,4.4,54.3,0.015,-0.073,-0.801,11.5,-3.4,0.0,0.0239,-0.0088,-0.0675,708,1082,833,1032,-0.02,0.05,-0.42,1.35,0.4000,3,1,0,0.01,0.04,0.18,0.00,-0.11,0.05,1.35,138,63
14786,1.8,-4.8,-6.4,0.001,-0.072,-0.691,10.6,-3.6,0.0,0.0120,-0.0001,-0.0006,912,911,956,873,-0.02,0.05,-0.43,1.35,0.3997,3,1,0,0.01,0.04,0.17,0.02,-0.11,0.04,1.35,138,63
14796,6.9,2.7,-54.1,-0.025,-0.068,-1.031,11.4,-4.0,0.0,0.0083,-0.0078,0.0409,912,896,1014,841,-0.02,0.05,-0.42,1.35,0.4012,3,1,0,0.01,0.03,0.16,0.00,-0.11,0.05,1.36,137,63
14806,-5.4,-6.6,93.5,-0.224,0.030,-1.009,10.5,-4.2,0.0,0.0201,0.0019,-0.1033,702,1141,769,1058,-0.02,0.05,-0.42,1.35,0.4020,3,1,0,0.01,0.03,0.16,0.00,-0.11,0.04,1.36,137,63
14816,18.1,11.9,-103.9,0.142,-0.138,-0.880,10.4,-4.1,0.0,-0.0037,-0.0171,0.0908,1066,728,1093,769,-0.01,0.05,-0.43,1.35,0.4003,3,1,0,0.01,0.03,0.15,0.00,-0.11,0.04,1.36,136,63
14826,0.4,21.2,110.5,-0.124,0.023,-0.821,10.3,-3.9,0.0,0.0149,-0.0236,-0.1244,612,1148,741,1151,-0.01,0.05,-0.42,1.35,0.3997,3,1,0,0.01,0.03,0.16,0.00,-0.11,0.05,1.36,136,63
14837,7.0,12.4,-83.4,0.082,-0.008,-0.928,9.5,-3.6,0.0,0.0066,-0.0187,0.0756,1018,740,1113,786,-0.01,0.05,-0.43,1.35,0.4004,3,1,0,0.01,0.03,0.16,0.01,-0.11,0.04,1.34,135,63
14847,4.2,18.3,39.4,0.115,0.040,-0.972,9.4,-3.7,0.0,0.0091,-0.0231,-0.0526,724,1005,875,1061,-0.01,0.05,-0.42,1.35,0.4014,3,1,0,0.01,0.03,0.16,0.01,-0.11,0.05,1.32,135,63
14857,13.4,4.5,0.8,0.026,0.182,-0.762,9.0,-3.6,0.0,0.0033,-0.0150,0.0022,885,890,955,934,-0.01,0.05,-0.43,1.35,0.4012,3,1,0,0.01,0.03,0.15,0.02,-0.11,0.04,1.30,135,63
14867,4.9,12.1,-61.9,0.109,-0.006,-1.148,9.0,-3.9,0.0,0.0081,-0.0170,0.0487,927,845,1036,889,-0.01,0.05,-0.42,1.35,0.4056,3,1,0,0.01,0.03,0.14,0.02,-0.11,0.05,1.32,135,63
14877,11.3,0.0,88.3,0.017,0.101,-0.876,9.1,-3.6,0.0,-0.0066,-0.0092,-0.0925,744,1069,754,1129,-0.01,0.04,-0.43,1.35,0.4054,3,1,0,0.01,0.03,0.14,0.02,-0.11,0.04,1.33,135,63
14887,2.1,3.3,-117.1,0.076,-0.026,-0.912,9.8,-4.1,0.0,0.0115,-0.0128,0.1039,1056,711,1179,744,-0.01,0.04,-0.43,1.34,0.4047,3,1,0,0.01,0.03,0.13,0.01,-0.11,0.04,1.32,135,63
14897,-12.8,-8.1,104.6,-0.069,-0.060,-0.978,10.3,-3.3,0.0,0.0261,0.0000,-0.1166,656,1179,753,1107,-0.01,0.04,-0.42,1.34,0.4053,3,1,0,0.01,0.03,0.13,0.00,-0.12,0.04,1.31,135,63
14907,3.8,-9.4,-83.4,0.003,-0.170,-0.934,10.6,-3.7,0.0,0.0105,0.0048,0.0740,1069,799,1089,746,-0.01,0.04,-0.43,1.34,0.4063,3,1,0,0.01,0.03,0.12,0.00,-0.12,0.04,1.31,135,63
14917,4.6,12.1,53.0,-0.106,-0.024,-1.002,10.9,-3.8,0.0,0.0103,-0.0169,-0.0662,719,1078,817,1082,-0.01,0.04,-0.42,1.34,0.4055,3,1,0,0.01,0.03,0.12,-0.01,-0.12,0.05,1.32,135,63
14927,9.4,12.4,18.9,0.055,-0.002,-0.925,10.2,-4.0,0.0,0.0052,-0.0195,-0.0266,861,902,976,965,-0.01,0.04,-0.43,1.34,0.4065,3,1,0,0.01,0.03,0.11,0.00,-0.12,0.04,1.32,135,63
14938,16.3,19.3,-67.4,0.009,-0.006,-1.016,9.9,-3.6,0.0,-0.0023,-0.0241,0.0542,925,821,1059,900,-0.01,0.04,-0.42,1.34,0.4066,3,1,0,0.01,0.03,0.12,0.00,-0.12,0.05,1.33,135,63
14948,4.5,-5.4,103.8,-0.025,0.093,-1.104,9.2,-3.6,0.0,0.0081,-0.0019,-0.1145,691,1107,770,1130,-0.01,0.04,-0.42,1.34,0.4058,3,1,0,0.01,0.03,0.12,0.01,-0.12,0.04,1.34,135,63
14958,2.0,2.9,-117.9,0.206,-0.190,-1.096,8.8,-4.3,0.0,0.0110,-0.0083,0.1047,1066,701,1166,767,-0.01,0.04,-0.43,1.34,0.4060,3,1,0,0.01,0.03,0.11,0.02,-0.12,0.04,1.35,135,63
14968,-16.2,-0.5,101.5,0.104,-0.003,-0.738,8.4,-4.6,0.0,0.0229,-0.0083,-0.1185,637,1160,742,1128,-0.01,0.04,-0.42,1.34,0.4016,3,1,0,0.01,0.03,0.10,0.02,-0.12,0.04,1.36,135,63
14978,-4.5,-20.4,-70.0,0.093,-0.030,-0.942,7.4,-4.7,0.0,0.0161,0.0147,0.0569,1050,786,1089,744,-0.01,0.04,-0.43,1.34,0.4019,3,1,0,0.01,0.03,0.09,0.04,-0.12,0.04,1.37,134,63
14988,-7.1,-9.0,28.9,0.095,-0.055,-1.258,7.4,-4.6,0.0,0.0236,-0.0029,-0.0558,734,1075,861,1006,-0.01,0.04,-0.42,1.34,0.4028,3,1,0,0.01,0.03,0.10,0.04,-0.12,0.04,1.35,135,63
14998,0.6,2.3,40.7,-0.058,-0.011,-0.598,6.5,-4.4,0.0,0.0115,-0.0074,-0.0482,827,985,906,936,-0.01,0.04,-0.43,1.34,0.3999,3,1,0,0.00,0.03,0.10,0.06,-0.12,0.04,1.33,134,63
15008,7.7,12.1,-75.0,0.099,-0.078,-1.064,7.1,-4.6,0.0,0.0034,-0.0178,0.0618,923,865,1045,830,-0.01,0.04,-0.42,1.34,0.4011,3,1,0,0.01,0.03,0.10,0.04,-0.12,0.04,1.33,133,63
15018,4.3,7.9,103.6,-0.032,0.007,-1.228,6.9,-4.5,0.0,0.0055,-0.0205,-0.1149,654,1100,764,1167,-0.01,0.04,-0.42,1.34,0.4039,3,1,0,0.01,0.03,0.10,0.04,-0.12,0.04,1.33,132,63
15028,22.1,9.4,-112.9,0.043,-0.016,-0.801,6.7,-4.1,0.0,-0.0125,-0.0230,0.0990,1044,663,1153,810,-0.01,0.04,-0.43,1.34,0.4021,3,1,0,0.01,0.03,0.11,0.04,-0.12,0.04,1.35,133,63
15039,0.3,2.0,85.9,-0.118,0.030,-0.907,7.5,-3.8,0.0,0.0113,-0.0069,-0.0991,668,1118,755,1110,-0.01,0.04,-0.42,1.34,0.3995,3,1,0,0.01,0.03,0.11,0.02,-0.12,0.04,1.38,133,63
15049,0.0,3.7,-68.9,0.020,-0.040,-0.917,7.1,-4.6,0.0,0.0041,-0.0115,0.0672,1029,749,1073,798,-0.01,0.04,-0.43,1.34,0.3993,3,1,0,0.01,0.02,0.08,0.03,-0.12,0.04,1.36,133,63
15059,2.9,24.5,8.8,0.025,-0.129,-0.921,7.5,-5.1,0.0,0.0063,-0.0277,-0.0309,782,979,857,1026,-0.01,0.04,-0.42,1.34,0.3986,3,1,0,0.01,0.02,0.07,0.02,-0.12,0.04,1.35,133,63
15069,9.1,6.3,35.4,-0.012,0.024,-0.591,7.5,-6.2,0.0,0.0024,-0.0157,-0.0307,840,926,912,966,-0.01,0.04,-0.43,1.34,0.3986,3,1,0,0.01,0.02,0.03,0.02,-0.12,0.04,1.35,133,63
15079,-7.6,17.3,-84.5,0.104,-0.093,-0.972,7.9,-7.7,0.0,0.0198,-0.0262,0.0713,894,770,1128,859,-0.01,0.04,-0.42,1.34,0.3997,3,1,0,0.01,0.01,0.00,0.01,-0.12,0.04,1.36,133,63
15089,-9.0,-1.0,103.3,0.023,-0.004,-1.013,6.8,-8.5,0.0,0.0201,-0.0084,-0.1165,657,1089,772,1147,-0.01,0.04,-0.42,1.34,0.4014,3,1,0,0.01,0.01,-0.02,0.03,-0.12,0.04,1.36,133,63
15099,13.0,8.2,-105.6,0.056,-0.138,-0.888,7.3,-9.2,0.0,0.0009,-0.0235,0.0947,1040,692,1149,775,-0.01,0.04,-0.43,1.34,0.4002,3,1,0,0.01,0.01,-0.04,0.03,-0.12,0.04,1.37,133,63
15109,-9.2,9.0,109.0,-0.177,-0.042,-1.143,7.0,-9.7,0.0,0.0221,-0.0183,-0.1230,602,1164,738,1121,-0.01,0.04,-0.42,1.34,0.3961,3,1,0,0.01,0.00,-0.06,0.03,-0.12,0.04,1.36,133,63
15119,2.6,10.8,-61.7,0.157,-0.164,-1.068,7.1,-9.6,0.0,0.0086,-0.0216,0.0486,979,765,1084,817,-0.01,0.04,-0.43,1.34,0.3987,3,1,0,0.01,0.00,-0.06,0.03,-0.12,0.04,1.36,133,63
15129,0.7,13.4,17.4,0.078,0.075,-0.855,7.1,-9.6,0.0,0.0136,-0.0239,-0.0422,712,1019,851,1029,-0.01,0.04,-0.41,1.34,0.3943,3,1,0,0.01,0.00,-0.07,0.03,-0.12,0.04,1.35,133,63
15139,1.1,-0.9,40.4,0.076,0.170,-1.123,7.0,-9.6,0.0,0.0101,-0.0098,-0.0536,796,972,893,977,-0.01,0.03,-0.42,1.34,0.3977,3,1,0,0.01,0.00,-0.08,0.02,-0.12,0.04,1.34,132,63
15150,8.1,6.3,-92.9,0.106,-0.057,-1.211,7.8,-9.9,0.0,0.0052,-0.0153,0.0669,982,790,1055,814,-0.01,0.03,-0.42,1.34,0.3983,3,1,0,0.01,0.00,-0.10,0.01,-0.12,0.04,1.36,131,63
15160,11.4,-3.3,105.9,0.003,0.221,-0.939,7.4,-9.8,0.0,0.0007,-0.0076,-0.1181,671,1123,720,1115,-0.01,0.03,-0.42,1.35,0.3966,3,1,0,0.01,0.00,-0.10,0.01,-0.12,0.04,1.37,131,63
15170,3.8,6.2,-116.3,0.161,-0.065,-1.143,6.8,-10.2,0.0,0.0072,-0.0176,0.1031,1041,696,1162,723,-0.01,0.03,-0.42,1.35,0.3958,3,1,0,0.01,0.00,-0.12,0.02,-0.12,0.04,1.37,131,63
15180,-8.5,-1.1,84.0,0.101,0.037,-1.026,7.1,-9.4,0.0,0.0154,-0.0150,-0.1059,641,1109,750,1123,0.00,0.03,-0.41,1.35,0.3958,3,1,0,0.01,0.00,-0.11,0.01,-0.12,0.04,1.38,131,63
15190,10.4,-12.3,-59.5,-0.049,0.039,-1.168,6.3,-9.8,0.0,-0.0012,0.0010,0.0506,1024,794,1011,798,0.00,0.03,-0.43,1.35,0.3964,3,1,0,0.01,0.00,-0.13,0.02,-0.12,0.04,1.37,131,63
15200,-3.3,-27.9,-5.0,-0.003,-0.046,-1.183,6.0,-9.7,0.0,0.0136,0.0171,-0.0081,849,1028,861,886,0.00,0.02,-0.41,1.35,0.3959,3,1,0,0.01,0.00,-0.14,0.03,-0.12,0.04,1.35,131,63
15210,-1.5,-16.8,55.4,-0.193,-0.024,-1.012,5.7,-10.2,0.0,0.0127,0.0133,-0.0545,832,1050,815,938,0.00,0.02,-0.42,1.35,0.3974,3,1,0,0.01,0.00,-0.17,0.03,-0.12,0.04,1.35,131,63
15220,5.8,-2.0,-86.6,-0.079,-0.153,-1.199,5.4,-10.2,0.0,0.0039,-0.0048,0.0698,1023,805,1024,773,0.00,0.02,-0.42,1.35,0.3962,3,1,0,0.01,0.00,-0.18,0.03,-0.12,0.04,1.35,131,63
15230,1.5,17.9,111.3,-0.191,-0.071,-1.135,4.9,-9.4,0.0,0.0076,-0.0286,-0.1246,643,1128,724,1154,0.00,0.02,-0.41,1.35,0.3994,3,1,0,0.01,0.00,-0.17,0.04,-0.12,0.04,1.34,131,63
15240,6.2,17.7,-112.3,-0.092,-0.087,-1.159,4.8,-9.0,0.0,0.0066,-0.0173,0.0995,1069,725,1129,730,0.00,0.02,-0.42,1.35,0.3999,3,1,0,0.01,0.00,-0.17,0.04,-0.12,0.04,1.34,131,63
15250,4.3,17.5,78.6,-0.169,-0.030,-0.963,3.9,-8.9,0.0,0.0038,-0.0278,-0.0919,659,1082,768,1140,0.00,0.02,-0.41,1.35,0.3992,3,1,0,0.00,0.00,-0.18,0.06,-0.11,0.04,1.35,131,63
15260,12.0,12.5,-44.6,0.039,0.064,-1.080,3.5,-8.7,0.0,-0.0017,-0.0206,0.0366,987,810,1051,811,0.00,0.02,-0.42,1.35,0.4006,3,1,0,0.00,-0.01,-0.19,0.06,-0.11,0.04,1.36,131,63
15271,3.1,20.6,-12.2,-0.079,-0.122,-1.151,3.5,-8.2,0.0,0.0055,-0.0197,-0.0170,832,917,928,971,0.00,0.01,-0.41,1.35,0.3992,3,1,0,0.00,-0.01,-0.19,0.06,-0.11,0.04,1.35,131,63
15281,24.7,14.4,50.7,-0.019,0.164,-0.973,3.7,-8.2,0.0,-0.0168,-0.0239,-0.0639,805,939,841,1060,0.00,0.01,-0.42,1.35,0.3987,3,1,0,0.00,-0.01,-0.20,0.06,-0.11,0.04,1.33,130,63
15291,-3.5,18.9,-92.7,0.059,0.001,-1.126,5.3,-7.8,0.0,0.0132,-0.0280,0.0795,967,762,1115,808,0.00,0.01,-0.42,1.35,0.3996,3,1,0,0.01,-0.01,-0.19,0.02,-0.11,0.04,1.35,130,63
15301,-7.4,-7.7,98.8,0.008,0.045,-1.272,5.6,-6.8,0.0,0.0077,-0.0028,-0.1096,689,1133,729,1114,0.00,0.01,-0.41,1.35,0.4015,3,1,0,0.01,-0.01,-0.18,0.02,-0.11,0.04,1.37,130,63
15311,0.8,-20.4,-104.3,0.048,-0.066,-1.198,6.1,-6.9,0.0,0.0095,0.0124,0.0910,1098,772,1089,697,0.00,0.01,-0.42,1.35,0.4002,3,1,0,0.01,-0.01,-0.19,0.01,-0.11,0.04,1.37,130,63
15321,-7.4,-12.3,93.4,-0.099,-0.050,-1.300,6.3,-7.2,0.0,0.0181,0.0039,-0.1067,675,1162,720,1072,0.00,0.01,-0.41,1.35,0.3965,3,1,0,0.01,-0.01,-0.21,0.01,-0.11,0.04,1.36,130,63
15331,-2.5,0.7,-42.8,0.032,-0.070,-1.289,6.1,-8.5,0.0,0.0118,-0.0083,0.0341,968,840,1016,820,0.00,0.01,-0.42,1.35,0.3986,3,1,0,0.01,-0.01,-0.25,0.01,-0.11,0.04,1.35,130,63
15341,-7.2,1.3,3.1,-0.010,-0.055,-1.011,6.1,-9.1,0.0,0.0177,-0.0116,-0.0164,804,978,896,944,0.00,0.00,-0.41,1.35,0.3959,3,1,0,0.01,-0.02,-0.28,0.01,-0.11,0.04,1.35,130,63
15351,-6.0,-5.1,63.8,0.087,0.086,-1.293,6.4,-9.6,0.0,0.0167,-0.0015,-0.0638,755,1060,825,1003,0.00,0.00,-0.42,1.35,0.3984,3,1,0,0.01,-0.02,-0.31,0.01,-0.11,0.04,1.36,130,63
15361,4.4,1.0,-103.0,-0.015,-0.084,-0.945,6.4,-10.3,0.0,0.0063,-0.0125,0.0897,1042,767,1059,763,0.00,0.00,-0.41,1.35,0.3969,3,1,0,0.01,-0.02,-0.33,0.00,-0.11,0.04,1.34,130,63
15371,5.3,5.0,111.3,-0.060,0.221,-1.005,6.5,-11.1,0.0,0.0070,-0.0150,-0.1246,645,1156,702,1122,0.00,0.00,-0.41,1.35,0.3961,3,1,0,0.01,-0.03,-0.37,0.00,-0.11,0.04,1.33,130,63
15381,-2.3,6.3,-105.2,0.233,-0.075,-1.109,6.3,-12.5,0.0,0.0177,-0.0105,0.0937,1036,749,1143,722,0.00,0.00,-0.42,1.35,0.3994,3,1,0,0.01,-0.03,-0.40,0.01,-0.10,0.04,1.34,130,63
15392,-5.3,5.4,71.1,-0.029,0.138,-0.968,5.7,-13.6,0.0,0.0154,-0.0202,-0.0844,665,1092,769,1113,0.00,0.00,-0.41,1.35,0.3980,3,1,0,0.01,-0.04,-0.41,0.00,-0.10,0.04,1.36,130,63
15402,12.5,-24.4,-32.4,0.102,0.086,-1.312,5.8,-13.6,0.0,-0.0023,0.0096,0.0192,1000,876,965,817,0.00,0.00,-0.42,1.35,0.4004,3,1,0,0.01,-0.04,-0.42,0.00,-0.10,0.04,1.35,130,63
15412,-5.5,-31.5,-21.2,0.068,-0.132,-1.076,6.0,-12.8,0.0,0.0165,0.0165,0.0030,893,985,908,869,0.00,0.00,-0.41,1.35,0.3999,3,1,0,0.01,-0.04,-0.40,0.00,-0.10,0.04,1.36,131,63
15422,-1.0,-29.6,72.3,-0.086,0.013,-1.226,5.9,-12.3,0.0,0.0108,0.0185,-0.0817,817,1100,762,977,0.00,0.00,-0.41,1.35,0.4002,3,1,0,0.01,-0.04,-0.41,-0.01,-0.10,0.04,1.37,131,63
15432,6.0,-28.9,-91.0,-0.050,-0.209,-1.188,5.7,-11.0,0.0,0.0037,0.0204,0.0752,1085,835,999,721,0.00,0.00,-0.41,1.35,0.3979,3,1,0,0.01,-0.04,-0.39,0.00,-0.10,0.04,1.38,131,63
15442,0.0,-7.0,112.3,-0.270,-0.047,-1.052,5.7,-10.9,0.0,0.0101,-0.0051,-0.1256,683,1192,660,1090,0.00,0.00,-0.41,1.35,0.3960,3,1,0,0.01,-0.04,-0.40,0.00,-0.10,0.04,1.38,131,63
15452,-6.4,-10.9,-98.6,-0.123,-0.206,-1.049,5.8,-10.3,0.0,0.0146,0.0121,0.0878,1086,794,1059,682,0.00,0.00,-0.42,1.35,0.3955,3,1,0,0.01,-0.04,-0.39,-0.01,-0.10,0.04,1.37,131,63
15462,2.5,-9.2,73.4,-0.172,-0.072,-0.885,6.0,-10.7,0.0,0.0077,0.0027,-0.0958,704,1126,704,1069,0.00,0.00,-0.40,1.35,0.3933,3,1,0,0.02,-0.04,-0.42,-0.02,-0.09,0.04,1.36,131,63
15472,-2.0,-23.0,-29.6,-0.068,-0.004,-1.015,5.9,-9.8,0.0,0.0123,0.0120,0.0163,982,909,954,767,0.00,0.00,-0.41,1.35,0.3943,3,1,0,0.02,-0.04,-0.41,-0.02,-0.09,0.04,1.36,131,63
15482,5.1,-8.3,-32.1,-0.175,-0.199,-0.985,5.9,-8.7,0.0,0.0051,0.0023,0.0136,917,924,899,870,0.00,-0.01,-0.40,1.35,0.3941,3,1,0,0.02,-0.04,-0.39,-0.01,-0.09,0.04,1.36,131,63
15493,15.9,-2.9,70.0,-0.027,0.110,-0.888,6.3,-7.8,0.0,-0.0052,-0.0061,-0.0833,777,1057,780,1003,0.00,-0.01,-0.41,1.36,0.3951,3,1,0,0.02,-0.04,-0.38,-0.03,-0.09,0.04,1.37,131,63
15503,-0.1,-3.3,-101.8,0.049,-0.149,-0.915,6.2,-7.7,0.0,0.0119,-0.0048,0.0825,1027,760,1091,734,0.00,-0.01,-0.41,1.36,0.3943,3,1,0,0.02,-0.04,-0.38,-0.02,-0.09,0.04,1.37,131,63
15513,6.1,-2.4,113.4,0.046,0.038,-1.071,6.5,-8.5,0.0,0.0046,-0.0096,-0.1264,639,1134,693,1153,0.00,-0.01,-0.40,1.36,0.3954,3,1,0,0.02,-0.04,-0.41,-0.03,-0.09,0.04,1.36,131,63
15523,10.1,-20.9,-94.9,-0.063,-0.067,-0.871,7.2,-8.8,0.0,0.0014,0.0109,0.0816,1080,755,1077,711,0.00,-0.01,-0.41,1.36,0.3959,3,1,0,0.02,-0.04,-0.43,-0.05,-0.09,0.04,1.36,131,63
15533,9.2,-18.7,80.6,-0.030,0.033,-1.232,7.7,-9.2,0.0,0.0044,0.0076,-0.0975,703,1126,713,1076,0.00,-0.01,-0.40,1.36,0.3953,3,1,0,0.02,-0.05,-0.45,-0.06,-0.09,0.04,1.34,132,63
15543,13.4,-15.1,-2.4,0.027,0.028,-0.981,7.1,-10.1,0.0,-0.0018,0.0038,-0.0108,940,887,928,896,0.00,-0.01,-0.41,1.36,0.3995,3,1,0,0.02,-0.05,-0.47,-0.06,-0.08,0.04,1.32,132,63
15553,22.2,-10.5,-19.4,0.157,0.015,-0.954,7.0,-11.0,0.0,-0.0108,-0.0016,0.0060,906,890,888,943,0.00,-0.01,-0.40,1.36,0.3964,3,1,0,0.02,-0.05,-0.50,-0.05,-0.08,0.04,1.35,133,63
15563,5.9,-21.7,103.7,0.066,0.100,-1.270,6.4,-13.0,0.0,0.0024,0.0010,-0.1120,704,1105,730,1129,0.00,-0.02,-0.40,1.36,0.4017,3,1,0,0.02,-0.06,-0.55,-0.05,-0.08,0.04,1.38,133,63
15573,20.9,-26.6,-95.9,0.038,-0.015,-0.686,6.6,-14.7,0.0,-0.0099,0.0107,0.0825,1060,723,1033,803,0.00,-0.02,-0.40,1.36,0.3952,3,1,0,0.02,-0.07,-0.59,-0.06,-0.08,0.04,1.37,132,63
15583,7.2,-29.9,120.5,-0.042,0.201,-1.047,6.1,-16.1,0.0,0.0037,0.0094,-0.1349,661,1185,640,1135,0.00,-0.02,-0.40,1.36,0.3955,3,1,0,0.02,-0.07,-0.64,-0.05,-0.08,0.04,1.36,132,63
15593,-0.8,-36.9,-84.1,0.258,-0.105,-0.980,6.0,-17.4,0.0,0.0113,0.0184,0.0708,1076,771,1036,753,0.00,-0.02,-0.41,1.36,0.3976,3,1,0,0.02,-0.08,-0.67,-0.06,-0.08,0.04,1.36,132,63
15604,2.7,-5.4,62.2,0.054,0.061,-0.571,6.7,-18.1,0.0,0.0084,-0.0139,-0.0756,693,1051,761,1102,0.00,-0.02,-0.39,1.36,0.3937,3,1,0,0.02,-0.08,-0.69,-0.07,-0.07,0.05,1.36,133,63
15614,-1.3,-20.0,7.1,0.079,-0.021,-0.655,6.3,-18.0,0.0,0.0125,-0.0034,-0.0046,868,933,929,899,0.00,-0.02,-0.41,1.36,0.3965,3,1,0,0.02,-0.08,-0.70,-0.07,-0.07,0.04,1.37,133,63
15624,-13.1,-6.1,-43.9,0.203,-0.028,-0.788,6.5,-16.8,0.0,0.0240,-0.0119,0.0305,836,884,1016,886,0.00,-0.02,-0.40,1.36,0.3957,3,1,0,0.02,-0.08,-0.68,-0.07,-0.07,0.05,1.38,133,63
15634,-3.1,-12.7,89.7,0.048,0.022,-0.746,6.4,-15.3,0.0,0.0141,-0.0038,-0.1031,680,1092,762,1086,0.00,-0.02,-0.40,1.36,0.3955,3,1,0,0.02,-0.08,-0.66,-0.08,-0.07,0.05,1.37,133,63
15644,10.1,-7.2,-98.7,-0.025,-0.011,-0.815,6.6,-13.8,0.0,0.0029,-0.0103,0.0848,1019,735,1104,758,0.00,-0.03,-0.40,1.36,0.3949,3,1,0,0.02,-0.08,-0.64,-0.08,-0.06,0.05,1.36,133,63
15654,-4.7,-6.4,110.5,-0.170,0.119,-1.117,7.6,-12.0,0.0,0.0167,-0.0068,-0.1239,621,1162,726,1121,0.00,-0.03,-0.39,1.36,0.3968,3,1,0,0.03,-0.07,-0.62,-0.10,-0.06,0.05,1.37,133,63
15664,16.0,15.4,-80.3,0.123,-0.022,-0.968,8.1,-10.3,0.0,0.0000,-0.0266,0.0740,997,718,1098,818,0.00,-0.03,-0.40,1.36,0.3969,3,1,0,0.03,-0.07,-0.59,-0.12,-0.06,0.05,1.37,133,63
15674,12.2,11.2,60.7,-0.050,0.175,-0.971,8.6,-8.5,0.0,0.0007,-0.0210,-0.0742,664,1044,792,1110,0.00,-0.04,-0.39,1.36,0.3941,3,1,0,0.03,-0.07,-0.57,-0.13,-0.06,0.05,1.35,133,63
15684,20.6,-17.1,-2.8,-0.024,0.201,-1.268,8.3,-7.3,0.0,-0.0079,0.0040,-0.0057,917,877,911,923,0.00,-0.04,-0.40,1.36,0.3966,3,1,0,0.03,-0.06,-0.56,-0.14,-0.06,0.05,1.34,133,63
15694,27.5,-3.5,-52.3,0.013,0.123,-1.084,8.7,-6.3,0.0,-0.0144,-0.0039,0.0389,940,837,955,898,0.00,-0.04,-0.39,1.36,0.3967,3,1,0,0.03,-0.06,-0.55,-0.14,-0.06,0.05,1.34,134,63
15705,20.5,-14.5,87.8,-0.180,0.218,-0.830,8.5,-6.4,0.0,-0.0097,0.0087,-0.0893,773,1073,703,1077,0.01,-0.05,-0.39,1.36,0.3962,3,1,0,0.04,-0.07,-0.58,-0.16,-0.05,0.05,1.34,134,63
15715,16.1,-4.4,-112.5,0.124,0.056,-1.148,9.0,-6.7,0.0,-0.0025,-0.0045,0.0985,1083,712,1099,742,0.01,-0.05,-0.40,1.36,0.3975,3,1,0,0.04,-0.07,-0.59,-0.17,-0.05,0.05,1.35,134,63
15725,4.5,-7.3,109.2,-0.068,0.109,-0.832,8.5,-6.8,0.0,0.0084,-0.0007,-0.1227,683,1147,675,1131,0.01,-0.05,-0.39,1.36,0.3975,3,1,0,0.04,-0.07,-0.61,-0.17,-0.05,0.05,1.35,134,63
15735,18.3,-20.2,-80.6,-0.133,-0.026,-0.972,7.3,-6.9,0.0,-0.0077,0.0183,0.0778,1107,784,1008,743,0.01,-0.05,-0.40,1.36,0.3984,3,1,0,0.03,-0.07,-0.62,-0.15,-0.05,0.05,1.36,134,63
15745,12.6,-15.3,60.4,-0.124,-0.009,-1.145,8.0,-7.7,0.0,-0.0002,0.0064,-0.0739,760,1109,734,1037,0.01,-0.05,-0.38,1.36,0.3982,3,1,0,0.04,-0.08,-0.64,-0.16,-0.05,0.05,1.37,134,63
15755,12.3,2.5,28.6,-0.009,-0.026,-0.838,7.3,-7.2,0.0,-0.0015,-0.0075,-0.0229,883,913,893,938,0.01,-0.05,-0.39,1.36,0.3964,3,1,0,0.04,-0.08,-0.63,-0.17,-0.04,0.05,1.35,134,63
15765,12.3,8.9,-50.8,-0.022,-0.019,-0.932,7.6,-7.9,0.0,-0.0007,-0.0170,0.0287,914,834,968,900,0.01,-0.05,-0.38,1.36,0.3949,3,1,0,0.04,-0.08,-0.65,-0.18,-0.04,0.05,1.34,134,63
15775,11.0,5.9,111.3,-0.042,0.117,-1.129,7.4,-8.1,0.0,0.0009,-0.0153,-0.1248,656,1094,741,1155,0.01,-0.05,-0.39,1.36,0.3987,3,1,0,0.04,-0.08,-0.65,-0.18,-0.04,0.05,1.34,134,63
15785,17.9,6.1,-103.4,-0.037,-0.014,-0.929,7.3,-8.5,0.0,-0.0050,-0.0142,0.0896,1062,736,1090,764,0.02,-0.05,-0.39,1.35,0.3997,3,1,0,0.04,-0.08,-0.66,-0.19,-0.04,0.05,1.34,134,63
15795,11.8,9.4,114.9,-0.079,0.157,-0.967,7.0,-9.7,0.0,-0.0004,-0.0204,-0.1284,631,1141,689,1183,0.02,-0.05,-0.38,1.35,0.3987,3,1,0,0.04,-0.09,-0.69,-0.19,-0.04,0.05,1.35,134,63
15805,12.1,11.9,-74.0,0.134,-0.012,-1.016,7.1,-10.7,0.0,-0.0005,-0.0240,0.0606,1018,757,1088,794,0.02,-0.05,-0.39,1.35,0.4002,3,1,0,0.04,-0.09,-0.72,-0.20,-0.03,0.05,1.36,134,63
15816,-11.3,12.9,37.8,0.114,0.000,-0.963,6.8,-12.2,0.0,0.0217,-0.0277,-0.0564,696,1021,877,1055,0.02,-0.05,-0.38,1.35,0.3992,3,1,0,0.04,-0.10,-0.76,-0.19,-0.03,0.06,1.35,134,63
15826,7.0,-0.9,22.0,0.005,0.045,-0.879,6.8,-13.6,0.0,0.0042,-0.0140,-0.0354,850,909,921,972,0.02,-0.06,-0.39,1.35,0.3997,3,1,0,0.04,-0.10,-0.80,-0.20,-0.03,0.06,1.34,134,63
15836,-3.8,-8.8,-60.6,-0.001,0.015,-1.148,6.8,-14.2,0.0,0.0266,-0.0059,0.0367,898,915,1043,811,0.02,-0.06,-0.38,1.35,0.4017,3,1,0,0.04,-0.11,-0.83,-0.19,-0.03,0.06,1.33,135,63
15846,-5.6,-21.7,104.8,-0.187,0.061,-1.319,6.8,-14.7,0.0,0.0170,0.0058,-0.1183,694,1162,740,1084,0.02,-0.06,-0.38,1.35,0.4033,3,1,0,0.04,-0.11,-0.86,-0.19,-0.02,0.06,1.34,135,63
15856,2.8,-6.3,-99.3,0.171,-0.179,-1.159,7.0,-13.9,0.0,0.0087,-0.0089,0.0858,1047,777,1101,751,0.02,-0.06,-0.38,1.35,0.4027,3,1,0,0.04,-0.11,-0.86,-0.20,-0.02,0.06,1.35,135,63
15866,-1.9,-8.1,115.9,-0.144,0.033,-1.083,7.4,-13.4,0.0,0.0124,-0.0055,-0.1309,640,1179,675,1157,0.02,-0.07,-0.37,1.35,0.3995,3,1,0,0.04,-0.11,-0.86,-0.20,-0.02,0.06,1.34,135,63
15876,10.7,-24.8,-73.7,0.010,0.125,-1.347,7.7,-12.5,0.0,0.0014,0.0111,0.0602,1060,823,1052,743,0.02,-0.07,-0.38,1.35,0.4031,3,1,0,0.05,-0.11,-0.85,-0.22,-0.02,0.06,1.34,135,63
15886,3.5,-19.6,43.9,-0.006,0.062,-1.053,8.1,-11.8,0.0,0.0139,0.0062,-0.0707,744,1103,784,1027,0.02,-0.07,-0.37,1.35,0.4006,3,1,0,0.05,-0.11,-0.86,-0.22,-0.01,0.06,1.35,135,63
15896,-0.3,-22.2,28.9,0.118,0.153,-0.944,8.3,-11.0,0.0,0.0134,0.0139,-0.0304,916,986,884,866,0.02,-0.07,-0.38,1.35,0.3997,3,1,0,0.05,-0.11,-0.86,-0.23,-0.01,0.06,1.36,135,63
15906,-5.8,-16.4,-66.0,0.211,0.020,-1.165,8.7,-10.1,0.0,0.0191,0.0051,0.0525,954,893,997,805,0.02,-0.08,-0.37,1.35,0.3993,3,1,0,0.05,-0.11,-0.86,-0.24,-0.01,0.06,1.35,135,63
15916,-7.8,-14.6,116.9,0.006,0.159,-1.064,8.5,-9.0,0.0,0.0249,0.0076,-0.1198,674,1196,732,1055,0.02,-0.08,-0.37,1.35,0.4004,3,1,0,0.05,-0.11,-0.85,-0.23,-0.01,0.06,1.34,135,63
15927,8.0,-20.0,-94.8,-0.025,-0.070,-0.951,8.3,-8.8,0.0,0.0048,0.0100,0.0812,1114,813,1038,696,0.02,-0.08,-0.37,1.35,0.4008,3,1,0,0.05,-0.11,-0.86,-0.24,0.00,0.06,1.33,135,63
15937,6.6,4.8,123.7,-0.178,0.177,-1.158,7.8,-8.8,0.0,0.0057,-0.0149,-0.1373,630,1189,666,1180,0.02,-0.09,-0.36,1.35,0.4014,3,1,0,0.05,-0.12,-0.87,-0.23,0.00,0.06,1.33,135,63
15947,2.7,3.4,-54.2,0.153,0.010,-1.094,7.0,-8.1,0.0,0.0105,-0.0114,0.0444,1004,835,1056,795,0.02,-0.09,-0.38,1.35,0.4046,3,1,0,0.05,-0.12,-0.86,-0.22,0.00,0.06,1.34,135,63
15957,-10.4,9.9,28.7,-0.083,-0.026,-0.960,7.6,-7.3,0.0,0.0227,-0.0184,-0.0423,709,1079,833,1050,0.02,-0.09,-0.36,1.35,0.4021,3,1,0,0.05,-0.11,-0.85,-0.23,0.00,0.06,1.35,134,63
15967,12.9,-3.0,51.4,0.050,0.143,-0.991,6.4,-7.1,0.0,0.0052,0.0013,-0.0496,836,1022,849,957,0.02,-0.09,-0.37,1.35,0.4012,3,1,0,0.05,-0.12,-0.86,-0.21,0.00,0.07,1.34,134,63
15977,-6.9,10.5,-77.5,0.161,-0.026,-1.046,7.0,-6.7,0.0,0.0185,-0.0185,0.0638,944,894,1038,800,0.02,-0.09,-0.36,1.35,0.4028,3,1,0,0.05,-0.12,-0.86,-0.22,0.00,0.07,1.33,134,63
15987,4.8,9.5,109.2,0.023,0.154,-0.974,6.6,-7.1,0.0,0.0062,-0.0179,-0.1229,664,1137,731,1152,0.02,-0.09,-0.36,1.34,0.4039,3,1,0,0.05,-0.12,-0.87,-0.22,0.00,0.07,1.34,134,63
15997,3.2,-6.1,-101.0,-0.009,0.108,-1.058,7.2,-6.5,0.0,0.0189,0.0046,0.0898,1064,823,1128,686,0.02,-0.09,-0.37,1.34,0.4060,3,1,0,0.05,-0.12,-0.86,-0.23,0.01,0.07,1.35,134,63
16007,-12.4,-14.3,100.5,-0.096,0.005,-1.205,7.2,-6.4,0.0,0.0242,0.0067,-0.1141,656,1216,734,1093,0.02,-0.10,-0.35,1.34,0.4059,3,1,0,0.05,-0.12,-0.87,-0.22,0.01,0.07,1.36,134,63
16017,0.1,4.6,-39.5,0.044,-0.021,-1.096,6.4,-6.9,0.0,0.0108,-0.0127,0.0259,960,865,1040,830,0.02,-0.10,-0.36,1.34,0.4053,3,1,0,0.05,-0.12,-0.88,-0.21,0.01,0.07,1.37,134,63
16027,2.5,11.4,15.9,0.013,0.067,-1.111,6.7,-7.0,0.0,0.0107,-0.0202,-0.0351,739,1025,878,1028,0.02,-0.10,-0.35,1.34,0.4021,3,1,0,0.04,-0.12,-0.89,-0.21,0.02,0.07,1.36,134,63
16038,9.7,-10.9,43.7,0.004,0.223,-1.379,5.7,-6.7,0.0,0.0004,0.0031,-0.0574,808,999,873,1004,0.02,-0.10,-0.36,1.35,0.4040,3,1,0,0.04,-0.12,-0.86,-0.17,0.02,0.07,1.36,134,63
16048,21.6,1.9,-75.7,0.001,0.136,-1.200,5.4,-5.7,0.0,-0.0053,-0.0081,0.0519,987,822,1016,848,0.02,-0.10,-0.35,1.35,0.4025,3,1,0,0.04,-0.12,-0.87,-0.16,0.02,0.07,1.37,134,63
16058,14.1,-16.4,98.0,-0.188,0.319,-1.116,4.7,-5.7,0.0,-0.0049,0.0096,-0.1116,753,1145,690,1073,0.02,-0.10,-0.35,1.35,0.4008,3,1,0,0.04,-0.12,-0.90,-0.15,0.02,0.07,1.38,134,63
16068,11.9,-18.0,-101.9,0.104,0.112,-1.268,4.6,-6.3,0.0,-0.0017,0.0087,0.0893,1084,763,1099,734,0.02,-0.11,-0.36,1.35,0.4033,3,1,0,0.04,-0.13,-0.90,-0.14,0.03,0.07,1.37,135,63
16078,-9.2,-20.6,95.2,-0.032,0.083,-1.029,4.2,-5.9,0.0,0.0178,0.0130,-0.1100,685,1172,711,1086,0.02,-0.11,-0.34,1.35,0.3999,3,1,0,0.04,-0.13,-0.90,-0.14,0.03,0.07,1.37,135,63
16088,7.5,-17.3,-40.4,-0.028,-0.001,-1.133,4.5,-5.3,0.0,-0.0004,0.0181,0.0409,1051,860,966,784,0.02,-0.11,-0.35,1.35,0.4007,3,1,0,0.04,-0.13,-0.91,-0.15,0.03,0.07,1.37,135,63
16098,3.2,-2.4,30.4,0.019,-0.056,-1.218,5.0,-5.6,0.0,0.0078,-0.0002,-0.0579,775,1059,798,1017,0.02,-0.11,-0.34,1.35,0.3993,3,1,0,0.04,-0.13,-0.93,-0.14,0.04,0.07,1.37,135,63
16108,2.7,-3.0,51.4,-0.021,0.091,-1.220,4.6,-6.0,0.0,0.0064,-0.0041,-0.0651,823,985,871,981,0.02,-0.11,-0.35,1.35,0.4006,3,1,0,0.04,-0.13,-0.94,-0.14,0.04,0.07,1.37,135,63
16118,11.3,-19.8,-71.7,-0.033,0.057,-1.188,4.8,-5.8,0.0,0.0019,0.0137,0.0467,997,871,969,806,0.02,-0.11,-0.34,1.35,0.3984,3,1,0,0.04,-0.13,-0.95,-0.14,0.04,0.07,1.37,134,63
16128,-0.8,-26.9,115.5,-0.024,0.145,-1.174,5.1,-4.9,0.0,0.0116,0.0230,-0.1273,710,1207,663,1055,0.02,-0.12,-0.34,1.35,0.3974,3,1,0,0.04,-0.13,-0.94,-0.15,0.04,0.07,1.38,134,63
16139,-10.3,-21.1,-109.2,0.225,-0.129,-1.256,6.0,-4.5,0.0,0.0209,0.0156,0.0954,1081,810,1086,655,0.02,-0.12,-0.34,1.35,0.3970,3,1,0,0.04,-0.13,-0.93,-0.17,0.05,0.07,1.37,134,63
16149,-7.2,-1.2,108.3,-0.095,0.138,-0.845,6.0,-4.9,0.0,0.0164,0.0009,-0.1266,639,1190,681,1104,0.02,-0.12,-0.33,1.35,0.3947,3,1,0,0.04,-0.14,-0.95,-0.16,0.05,0.07,1.37,134,63
16159,1.5,-17.3,-50.3,-0.155,0.085,-1.149,5.9,-4.9,0.0,0.0089,0.0113,0.0365,1055,885,976,715,0.02,-0.12,-0.34,1.35,0.3969,3,1,0,0.04,-0.14,-0.96,-0.17,0.05,0.08,1.36,134,63
16169,-12.2,-1.1,27.3,-0.032,-0.177,-1.179,6.0,-3.5,0.0,0.0181,0.0093,-0.0588,785,1100,771,981,0.02,-0.12,-0.33,1.35,0.3977,3,1,0,0.04,-0.13,-0.93,-0.15,0.06,0.07,1.36,134,63
16179,-0.9,12.3,65.5,-0.102,0.024,-0.916,5.7,-3.2,0.0,0.0112,-0.0167,-0.0793,793,1048,826,964,0.02,-0.12,-0.34,1.35,0.3969,3,1,0,0.04,-0.13,-0.92,-0.16,0.06,0.08,1.36,134,63
16189,-4.1,-4.6,-80.0,-0.163,0.041,-1.121,6.1,-2.7,0.0,0.0149,0.0008,0.0662,979,880,1026,743,0.02,-0.12,-0.33,1.35,0.3964,3,1,0,0.04,-0.13,-0.91,-0.16,0.06,0.08,1.36,134,63
16199,-6.7,-4.8,118.5,-0.032,-0.024,-1.037,6.3,-1.9,0.0,0.0226,0.0112,-0.1269,662,1216,689,1063,0.02,-0.12,-0.33,1.35,0.3966,3,1,0,0.04,-0.13,-0.89,-0.17,0.06,0.08,1.36,134,63
16209,-5.5,-1.6,-108.0,0.165,-0.162,-0.997,6.2,-1.1,0.0,0.0197,0.0085,0.0953,1084,801,1096,656,0.02,-0.12,-0.33,1.35,0.3975,3,1,0,0.04,-0.13,-0.88,-0.17,0.07,0.08,1.36,134,63
16219,-2.9,14.2,98.7,-0.177,0.099,-0.893,7.1,-0.8,0.0,0.0147,-0.0162,-0.1126,632,1176,728,1097,0.02,-0.12,-0.32,1.35,0.3971,3,1,0,0.04,-0.13,-0.86,-0.18,0.07,0.08,1.37,134,63
16229,8.8,-14.7,-30.3,-0.058,0.126,-0.993,7.9,0.2,0.0,0.0086,0.0227,0.0287,1037,923,981,704,0.02,-0.12,-0.33,1.35,0.3988,3,1,0,0.05,-0.12,-0.84,-0.22,0.07,0.08,1.38,134,63
16239,0.9,-4.8,15.5,-0.151,-0.172,-1.028,8.3,1.3,0.0,0.0119,0.0050,-0.0294,844,1061,786,940,0.02,-0.12,-0.31,1.35,0.3969,3,1,0,0.05,-0.12,-0.81,-0.21,0.08,0.08,1.38,134,63
16250,18.4,10.4,86.7,-0.103,0.121,-0.850,7.8,1.7,0.0,-0.0039,0.0065,-0.0865,797,1082,731,1016,0.02,-0.12,-0.32,1.35,0.3961,3,1,0,0.05,-0.12,-0.79,-0.21,0.08,0.08,1.38,134,63
16260,-2.1,4.6,-79.1,-0.084,-0.053,-0.975,7.3,0.9,0.0,0.0141,-0.0046,0.0652,983,823,1026,779,0.02,-0.12,-0.32,1.35,0.3944,3,1,0,0.05,-0.12,-0.80,-0.20,0.08,0.08,1.37,134,63
16270,8.5,0.0,127.9,0.110,0.020,-1.025,6.9,0.1,0.0,0.0030,-0.0006,-0.1418,640,1163,648,1174,0.02,-0.12,-0.31,1.35,0.3962,3,1,0,0.04,-0.12,-0.82,-0.19,0.08,0.08,1.36,134,63
16280,6.1,-8.9,-89.2,0.067,-0.133,-0.706,6.2,-1.1,0.0,0.0003,0.0083,0.0793,1077,759,1038,743,0.02,-0.12,-0.31,1.35,0.3951,3,1,0,0.04,-0.13,-0.84,-0.19,0.09,0.08,1.37,134,63
16290,-0.9,6.8,90.8,0.032,-0.043,-0.860,5.8,-1.0,0.0,0.0114,-0.0089,-0.1048,657,1130,708,1118,0.02,-0.12,-0.30,1.35,0.3946,3,1,0,0.04,-0.13,-0.84,-0.17,0.09,0.08,1.39,134,63
16300,-9.0,-15.0,-21.6,0.190,-0.115,-0.822,4.7,-1.7,0.0,0.0185,0.0123,0.0076,948,901,971,806,0.02,-0.12,-0.31,1.35,0.3963,3,1,0,0.04,-0.13,-0.85,-0.15,0.09,0.08,1.39,134,63
16310,5.8,-13.1,5.9,-0.034,-0.100,-0.795,5.0,-1.9,0.0,0.0039,0.0102,-0.0200,838,998,832,937,0.02,-0.12,-0.30,1.35,0.3934,3,1,0,0.04,-0.13,-0.85,-0.15,0.10,0.08,1.39,135,63
16320,1.3,-9.6,92.0,-0.029,0.082,-0.874,4.3,-2.1,0.0,0.0076,0.0065,-0.1060,742,1106,752,1019,0.02,-0.12,-0.30,1.36,0.3952,3,1,0,0.04,-0.13,-0.86,-0.14,0.10,0.08,1.39,135,63
16330,4.4,16.4,-71.2,0.070,-0.227,-0.771,4.8,-2.1,0.0,0.0005,-0.0147,0.0487,965,799,996,838,0.02,-0.12,-0.30,1.36,0.3926,3,1,0,0.04,-0.13,-0.86,-0.15,0.10,0.08,1.39,135,63
16340,0.9,23.6,136.1,-0.045,0.055,-0.947,4.4,-1.5,0.0,0.0081,-0.0262,-0.1502,566,1159,674,1209,0.02,-0.12,-0.29,1.36,0.3937,3,1,0,0.04,-0.13,-0.84,-0.14,0.10,0.08,1.38,135,63
16351,7.6,12.7,-94.3,-0.039,-0.049,-0.824,3.9,-1.2,0.0,0.0069,-0.0164,0.0850,1014,728,1113,744,0.02,-0.12,-0.30,1.36,0.3927,3,1,0,0.04,-0.13,-0.82,-0.12,0.11,0.08,1.38,135,63
16361,-6.6,12.2,97.9,0.042,-0.053,-1.022,4.1,-0.5,0.0,0.0162,-0.0156,-0.1151,604,1126,738,1129,0.02,-0.12,-0.28,1.36,0.3924,3,1,0,0.03,-0.12,-0.81,-0.11,0.11,0.08,1.37,134,63
16371,0.9,18.3,-28.7,0.102,-0.041,-0.711,3.8,-0.2,0.0,0.0075,-0.0196,0.0146,934,822,994,841,0.02,-0.12,-0.29,1.36,0.3915,3,1,0,0.04,-0.12,-0.80,-0.12,0.11,0.08,1.37,134,63
16381,-6.3,13.4,-11.7,0.015,-0.045,-1.160,3.9,0.1,0.0,0.0164,-0.0074,-0.0215,803,996,870,939,0.02,-0.12,-0.28,1.36,0.3938,3,1,0,0.03,-0.12,-0.79,-0.10,0.11,0.08,1.37,133,63
16391,4.2,7.6,78.0,-0.088,0.114,-0.904,3.3,-0.8,0.0,0.0037,-0.0094,-0.0922,766,1055,818,985,0.02,-0.12,-0.28,1.36,0.3959,3,1,0,0.03,-0.13,-0.81,-0.10,0.12,0.08,1.37,132,63
16401,4.9,4.6,-86.7,-0.208,-0.140,-0.962,3.4,-1.6,0.0,0.0022,0.0084,0.0682,1052,821,997,743,0.02,-0.12,-0.28,1.36,0.3945,3,1,0,0.03,-0.13,-0.83,-0.09,0.12,0.08,1.38,132,63
16411,15.7,13.1,135.7,-0.237,0.030,-0.923,2.9,-2.9,0.0,-0.0090,-0.0114,-0.1496,666,1184,592,1168,0.02,-0.12,-0.27,1.36,0.3942,3,1,0,0.03,-0.13,-0.86,-0.08,0.12,0.08,1.37,132,63
16421,6.3,2.2,-85.3,-0.079,-0.120,-1.001,3.1,-4.2,0.0,0.0015,-0.0075,0.0711,1062,779,1026,750,0.02,-0.12,-0.28,1.36,0.3950,3,1,0,0.03,-0.14,-0.89,-0.09,0.13,0.08,1.36,132,63
16431,6.7,11.5,104.4,-0.083,-0.064,-0.859,2.9,-5.3,0.0,0.0008,-0.0179,-0.1187,635,1108,664,1200,0.02,-0.12,-0.26,1.36,0.3936,3,1,0,0.03,-0.14,-0.90,-0.08,0.13,0.08,1.36,132,63
16441,8.8,-13.8,-18.4,0.015,-0.029,-0.943,2.4,-5.6,0.0,-0.0036,0.0091,0.0096,1008,850,915,848,0.02,-0.12,-0.27,1.36,0.3953,3,1,0,0.03,-0.14,-0.91,-0.08,0.13,0.08,1.36,132,63
16451,10.8,-17.1,-8.7,0.023,-0.139,-0.812,2.6,-6.3,0.0,-0.0057,0.0113,-0.0114,887,969,790,969,0.02,-0.12,-0.26,1.36,0.3946,3,1,0,0.03,-0.14,-0.92,-0.07,0.14,0.08,1.37,132,63
16462,-4.4,-18.2,96.6,0.033,0.034,-0.758,2.3,-5.9,0.0,0.0128,0.0119,-0.1070,735,1123,739,1026,0.02,-0.12,-0.26,1.36,0.3957,3,1,0,0.03,-0.14,-0.91,-0.07,0.14,0.08,1.37,132,63
16472,0.0,-25.1,-86.1,0.108,-0.172,-0.642,2.0,-6.3,0.0,0.0068,0.0179,0.0718,1034,804,1018,751,0.02,-0.12,-0.26,1.36,0.3936,3,1,0,0.03,-0.14,-0.91,-0.06,0.14,0.08,1.39,132,63
16482,2.2,-16.8,143.0,-0.101,0.020,-0.789,2.2,-5.7,0.0,0.0075,0.0080,-0.1534,613,1214,626,1156,0.02,-0.12,-0.25,1.36,0.3939,3,1,0,0.03,-0.14,-0.90,-0.06,0.14,0.08,1.40,131,63
16492,6.9,-4.4,-73.3,-0.051,-0.127,-0.740,1.5,-6.0,0.0,-0.0009,-0.0028,0.0615,1030,759,1036,775,0.02,-0.12,-0.25,1.36,0.3926,3,1,0,0.03,-0.14,-0.91,-0.05,0.15,0.08,1.39,131,63
16502,-2.8,16.9,91.9,-0.061,-0.107,-1.045,1.5,-6.3,0.0,0.0090,-0.0242,-0.1064,617,1106,724,1152,0.02,-0.12,-0.24,1.36,0.3926,3,1,0,0.02,-0.15,-0.92,-0.04,0.15,0.08,1.38,131,63
16512,6.0,25.1,3.5,-0.118,-0.009,-1.054,1.6,-6.9,0.0,0.0012,-0.0308,-0.0039,860,852,966,940,0.02,-0.12,-0.25,1.36,0.3951,3,1,0,0.03,-0.15,-0.93,-0.06,0.15,0.08,1.39,131,63
16522,10.3,21.7,-18.7,-0.172,0.087,-1.181,2.6,-7.4,0.0,-0.0007,-0.0284,-0.0010,826,889,931,962,0.02,-0.12,-0.24,1.36,0.3939,3,1,0,0.03,-0.15,-0.95,-0.07,0.16,0.08,1.39,131,63
16532,2.5,4.6,93.5,-0.216,0.205,-1.103,2.3,-7.1,0.0,0.0056,-0.0089,-0.1038,731,1094,738,1035,0.02,-0.13,-0.24,1.36,0.3926,3,1,0,0.03,-0.15,-0.95,-0.07,0.16,0.08,1.39,131,63
16542,4.0,-5.3,-93.3,0.098,-0.105,-1.282,2.7,-5.0,0.0,0.0013,0.0135,0.0725,1064,795,1018,739,0.02,-0.13,-0.23,1.36,0.3948,3,1,0,0.03,-0.14,-0.90,-0.08,0.16,0.08,1.39,131,63
16552,3.9,3.1,127.9,-0.189,0.153,-0.847,2.4,-3.4,0.0,0.0031,-0.0076,-0.1423,656,1203,617,1126,0.02,-0.13,-0.23,1.36,0.3931,3,1,0,0.03,-0.14,-0.87,-0.07,0.17,0.08,1.39,131,63
16562,-0.3,-32.5,-87.1,0.000,0.047,-1.316,1.7,-2.3,0.0,0.0067,0.0293,0.0726,1102,847,1004,672,0.02,-0.13,-0.23,1.37,0.3961,3,1,0,0.02,-0.14,-0.84,-0.05,0.17,0.08,1.38,131,63
16572,-3.3,-28.6,86.5,-0.058,-0.080,-0.863,1.9,-0.9,0.0,0.0105,0.0290,-0.1035,739,1188,662,1029,0.02,-0.13,-0.22,1.37,0.3951,3,1,0,0.02,-0.13,-0.80,-0.04,0.17,0.08,1.36,132,63
16583,0.3,-27.3,9.3,0.000,-0.012,-0.970,1.1,0.0,0.0,0.0054,0.0263,-0.0238,933,999,831,861,0.02,-0.13,-0.22,1.37,0.3960,3,1,0,0.02,-0.13,-0.78,-0.03,0.17,0.08,1.35,132,63
16593,11.6,-19.5,-14.4,0.128,0.015,-0.855,1.3,0.8,0.0,-0.0056,0.0195,-0.0001,908,955,804,939,0.02,-0.13,-0.21,1.36,0.3935,3,1,0,0.02,-0.13,-0.75,-0.03,0.18,0.07,1.37,132,63
16603,4.0,-35.3,105.4,-0.005,0.232,-1.255,0.5,-0.5,0.0,0.0012,0.0340,-0.1200,736,1141,672,1088,0.02,-0.13,-0.21,1.36,0.3977,3,1,0,0.02,-0.13,-0.78,-0.01,0.18,0.08,1.39,132,63
16613,5.9,-28.1,-93.9,0.137,-0.127,-0.782,0.5,-2.3,0.0,-0.0090,0.0095,0.0753,1080,761,1010,759,0.02,-0.13,-0.21,1.36,0.3941,3,1,0,0.02,-0.13,-0.81,-0.01,0.18,0.07,1.37,132,63
16623,-0.4,-20.1,124.6,0.092,0.080,-0.942,0.2,-3.6,0.0,0.0031,0.0128,-0.1400,648,1178,623,1157,0.02,-0.13,-0.20,1.36,0.3936,3,1,0,0.02,-0.14,-0.84,0.00,0.18,0.07,1.36,132,63
16633,0.0,-9.3,-82.4,0.182,-0.111,-1.072,0.0,-4.8,0.0,0.0046,0.0037,0.0678,1014,723,1083,814,0.02,-0.13,-0.21,1.36,0.3973,3,1,0,0.02,-0.14,-0.85,0.00,0.19,0.07,1.35,132,63
16643,-3.2,1.2,65.3,0.085,0.080,-0.995,0.0,-5.7,0.0,0.0100,-0.0224,-0.0922,673,1059,796,1106,0.01,-0.12,-0.20,1.36,0.3973,3,1,0,0.01,-0.14,-0.87,0.00,0.19,0.07,1.35,132,63
16653,0.7,11.0,17.8,-0.085,-0.041,-1.014,-0.5,-6.5,0.0,0.0034,-0.0185,-0.0325,845,877,946,982,0.02,-0.12,-0.20,1.36,0.3995,3,1,0,0.02,-0.14,-0.87,0.00,0.19,0.07,1.36,132,63
16663,10.5,27.7,-36.5,0.036,-0.098,-1.296,-0.7,-6.8,0.0,-0.0020,-0.0311,0.0092,879,836,989,962,0.02,-0.12,-0.19,1.36,0.4015,3,1,0,0.01,-0.15,-0.87,0.01,0.20,0.07,1.36,132,63
16674,13.2,23.6,114.3,-0.174,0.054,-1.408,-1.2,-6.6,0.0,-0.0099,-0.0312,-0.1291,663,1077,727,1217,0.02,-0.12,-0.19,1.36,0.4039,3,1,0,0.01,-0.14,-0.86,0.02,0.20,0.07,1.38,132,63
16684,14.0,25.9,-83.5,0.019,0.022,-1.282,-0.8,-6.5,0.0,-0.0077,-0.0349,0.0681,968,732,1106,864,0.02,-0.12,-0.19,1.36,0.4021,3,1,0,0.01,-0.14,-0.84,0.00,0.20,0.07,1.41,132,63
16694,4.4,-4.7,116.2,0.027,0.149,-1.396,-0.6,-5.7,0.0,-0.0002,-0.0053,-0.1348,635,1155,667,1194,0.02,-0.12,-0.18,1.36,0.3995,3,1,0,0.01,-0.14,-0.82,0.00,0.20,0.07,1.39,132,63
16704,14.4,-16.7,-57.4,0.134,0.108,-1.323,-0.6,-5.9,0.0,-0.0104,0.0097,0.0427,1057,815,969,825,0.02,-0.12,-0.18,1.36,0.4015,3,1,0,0.02,-0.14,-0.82,0.00,0.21,0.07,1.38,132,63
16714,1.7,-24.5,52.6,0.007,0.000,-1.099,0.0,-6.1,0.0,-0.0021,0.0217,-0.0836,799,1107,709,1033,0.02,-0.12,-0.17,1.36,0.3992,3,1,0,0.02,-0.14,-0.82,0.00,0.21,0.07,1.37,132,63
16724,0.3,-45.5,32.6,0.143,0.041,-1.219,0.4,-6.9,0.0,0.0047,0.0377,-0.0474,913,1048,801,906,0.02,-0.12,-0.18,1.36,0.4018,3,1,0,0.02,-0.14,-0.84,-0.02,0.21,0.07,1.36,132,63
16734,-2.9,-41.6,-49.0,0.124,-0.108,-0.822,1.4,-7.3,0.0,0.0107,0.0197,0.0204,970,933,936,818,0.02,-0.12,-0.17,1.36,0.4002,3,1,0,0.02,-0.14,-0.77,-0.03,0.22,0.07,1.36,132,63
16744,-1.8,-40.1,110.8,0.062,0.026,-1.125,1.0,-5.4,0.0,0.0086,0.0239,-0.1210,705,1178,693,1098,0.02,-0.12,-0.16,1.36,0.4025,3,1,0,0.02,-0.14,-0.72,-0.03,0.22,0.07,1.35,132,63
16754,14.4,-11.9,-84.7,0.056,-0.249,-0.760,1.1,-3.6,0.0,-0.0087,0.0073,0.0697,1064,766,1039,807,0.02,-0.12,-0.16,1.36,0.4029,3,1,0,0.02,-0.13,-0.68,-0.02,0.22,0.07,1.36,132,63
16764,12.7,4.9,134.7,-0.061,0.078,-1.132,1.0,-1.9,0.0,-0.0033,-0.0175,-0.1529,602,1167,655,1246,0.01,-0.12,-0.15,1.36,0.4020,3,1,0,0.02,-0.12,-0.65,-0.01,0.22,0.06,1.36,132,63
16775,24.2,12.8,-54.6,0.022,0.100,-0.999,0.2,-1.2,0.0,-0.0194,-0.0150,0.0396,970,729,1064,914,0.02,-0.12,-0.16,1.36,0.4029,3,1,0,0.02,-0.12,-0.62,0.00,0.22,0.07,1.38,133,63
16785,24.2,20.2,54.0,0.078,0.290,-1.084,0.0,0.0,0.0,-0.0114,-0.0337,-0.0831,713,984,797,1155,0.01,-0.12,-0.15,1.36,0.3994,3,1,0,0.01,-0.11,-0.58,0.02,0.23,0.06,1.40,133,63
16795,13.9,11.8,41.0,0.036,0.244,-1.055,-1.7,0.7,0.0,-0.0111,-0.0121,-0.0559,828,896,858,1064,0.02,-0.11,-0.16,1.36,0.3989,3,1,0,0.01,-0.11,-0.57,0.01,0.23,0.06,1.40,133,63
16805,10.1,21.4,-52.9,0.204,0.047,-1.194,-1.2,1.5,0.0,-0.0068,-0.0208,0.0379,909,812,966,928,0.02,-0.11,-0.15,1.36,0.3947,3,1,0,0.01,-0.11,-0.57,0.02,0.23,0.06,1.40,133,63
16815,6.7,3.8,111.5,-0.046,0.268,-1.236,-1.6,0.6,0.0,-0.0076,-0.0110,-0.1220,671,1103,684,1174,0.02,-0.11,-0.14,1.36,0.3970,3,1,0,0.01,-0.11,-0.53,0.01,0.23,0.06,1.40,133,63
16825,12.0,15.6,-95.7,-0.040,0.052,-1.111,-1.5,1.6,0.0,-0.0054,-0.0170,0.0808,1023,720,1090,789,0.02,-0.11,-0.15,1.36,0.3956,3,1,0,0.01,-0.10,-0.54,0.02,0.23,0.06,1.38,133,63
16835,-6.1,13.9,116.8,-0.198,0.152,-1.374,-1.3,1.3,0.0,0.0093,-0.0137,-0.1319,597,1165,700,1164,0.02,-0.11,-0.13,1.36,0.3963,3,1,0,0.01,-0.10,-0.53,0.02,0.24,0.06,1.38,134,63
16845,7.1,37.8,-48.5,-0.032,-0.009,-1.281,-1.5,0.1,0.0,0.0020,-0.0297,0.0432,933,777,1053,882,0.02,-0.10,-0.14,1.36,0.3988,3,1,0,0.01,-0.10,-0.54,0.02,0.24,0.06,1.37,134,63
16855,1.0,40.3,34.7,-0.032,0.150,-1.235,-1.2,-0.6,0.0,0.0022,-0.0421,-0.0499,692,984,842,1111,0.02,-0.10,-0.13,1.36,0.3966,3,1,0,0.01,-0.10,-0.53,0.01,0.24,0.06,1.37,135,63
16865,11.1,17.5,44.1,0.055,0.190,-1.456,-1.6,-1.8,0.0,-0.0083,-0.0205,-0.0592,792,941,867,1056,0.02,-0.10,-0.13,1.36,0.4000,3,1,0,0.01,-0.11,-0.54,0.02,0.24,0.06,1.38,135,63
16875,8.6,8.1,-53.4,-0.051,0.147,-1.201,-1.3,-1.5,0.0,-0.0018,-0.0170,0.0262,933,827,990,898,0.02,-0.10,-0.13,1.36,0.3992,3,1,0,0.01,-0.10,-0.51,0.01,0.24,0.06,1.37,135,63
16885,-3.6,-23.9,115.0,0.118,0.222,-1.359,-1.4,-0.7,0.0,0.0031,0.0127,-0.1270,693,1185,657,1125,0.02,-0.09,-0.12,1.36,0.4005,3,1,0,0.01,-0.10,-0.47,0.01,0.25,0.06,1.36,135,63
16895,-4.1,-29.6,-87.9,0.317,-0.261,-0.823,-2.0,-1.2,0.0,0.0066,0.0274,0.0727,1084,818,1010,738,0.02,-0.09,-0.12,1.36,0.3995,3,1,0,0.01,-0.10,-0.46,0.04,0.25,0.06,1.38,135,63
16905,-5.4,-23.9,111.8,0.119,0.143,-1.041,-1.8,-1.3,0.0,0.0081,0.0216,-0.1271,674,1190,640,1125,0.01,-0.09,-0.11,1.36,0.3966,3,1,0,0.01,-0.09,-0.45,0.04,0.25,0.05,1.39,135,63
16916,-4.0,-32.1,-56.1,0.200,-0.065,-0.862,-1.7,-3.3,0.0,0.0068,0.0278,0.0409,1003,798,1017,809,0.01,-0.09,-0.12,1.36,0.3964,3,1,0,0.01,-0.10,-0.48,0.04,0.25,0.05,1.39,135,63
16926,-10.1,-0.3,32.8,0.178,-0.039,-0.949,-0.7,-4.6,0.0,0.0140,-0.0053,-0.0481,731,1004,857,1017,0.01,-0.09,-0.11,1.37,0.3939,3,1,0,0.01,-0.10,-0.51,0.03,0.25,0.05,1.39,135,63
16936,-12.8,12.2,38.1,-0.069,-0.013,-1.021,-1.4,-5.6,0.0,0.0100,-0.0279,-0.0356,762,935,906,1002,0.01,-0.09,-0.12,1.37,0.3936,3,1,0,0.01,-0.10,-0.52,0.04,0.25,0.05,1.39,135,63
16946,8.0,33.5,-59.7,0.015,-0.115,-1.232,-0.6,-4.9,0.0,-0.0042,-0.0398,0.0444,893,857,990,891,0.01,-0.08,-0.11,1.37,0.3942,3,1,0,0.01,-0.10,-0.50,0.04,0.26,0.05,1.38,135,63
16956,4.0,22.8,115.4,-0.301,0.047,-1.262,-1.1,-3.4,0.0,-0.0006,-0.0275,-0.1307,718,1132,678,1105,0.01,-0.08,-0.10,1.37,0.3939,3,1,0,0.01,-0.10,-0.46,0.05,0.26,0.05,1.37,136,63
16966,4.8,7.1,-95.2,-0.099,-0.007,-1.447,-1.1,-1.8,0.0,0.0009,0.0022,0.0768,1071,817,997,749,0.01,-0.08,-0.11,1.37,0.3972,3,1,0,0.01,-0.09,-0.42,0.05,0.26,0.05,1.36,136,63
16976,-0.2,-29.5,111.1,-0.069,0.075,-1.218,-1.3,-2.2,0.0,0.0025,0.0288,-0.1287,698,1216,580,1137,0.01,-0.09,-0.10,1.37,0.3958,3,1,0,0.00,-0.09,-0.43,0.06,0.26,0.05,1.38,136,63
16986,2.6,-46.8,-50.7,0.134,-0.041,-1.300,-1.8,-3.4,0.0,0.0001,0.0423,0.0353,1088,803,939,797,0.01,-0.09,-0.10,1.37,0.3979,3,1,0,0.00,-0.10,-0.46,0.07,0.26,0.05,1.40,136,63
16996,1.5,-38.7,29.9,0.009,-0.173,-0.937,-1.4,-4.1,0.0,-0.0057,0.0322,-0.0605,808,1057,694,1043,0.01,-0.08,-0.09,1.37,0.3928,3,1,0,0.00,-0.10,-0.47,0.07,0.26,0.05,1.39,136,63
17006,-14.3,-50.5,50.3,0.047,-0.074,-1.112,-2.9,-5.8,0.0,0.0149,0.0426,-0.0613,866,989,806,940,0.01,-0.08,-0.10,1.37,0.3945,3,1,0,0.00,-0.10,-0.50,0.10,0.26,0.05,1.37,136,63
17016,0.0,-40.3,-63.5,0.238,-0.178,-0.489,-3.1,-6.5,0.0,0.0014,0.0327,0.0480,927,825,931,909,0.01,-0.08,-0.09,1.37,0.3910,3,1,0,0.00,-0.10,-0.51,0.11,0.27,0.04,1.38,137,63
17027,-13.7,-34.8,114.0,-0.035,-0.066,-0.714,-3.5,-7.5,0.0,0.0125,0.0188,-0.1227,679,1128,697,1106,0.01,-0.08,-0.09,1.37,0.3910,3,1,0,0.00,-0.11,-0.53,0.12,0.27,0.04,1.38,137,63
17037,5.0,-20.2,-86.6,-0.068,-0.151,-0.676,-2.8,-8.0,0.0,-0.0033,0.0110,0.0712,1023,732,1070,786,0.01,-0.08,-0.09,1.37,0.3920,3,1,0,0.00,-0.11,-0.53,0.10,0.27,0.04,1.40,138,63
17047,3.0,4.4,107.0,-0.221,0.031,-0.888,-2.5,-6.6,0.0,0.0007,-0.0104,-0.1233,640,1158,692,1113,0.01,-0.08,-0.08,1.37,0.3894,3,1,0,0.00,-0.10,-0.50,0.10,0.27,0.04,1.42,138,63
17057,3.8,31.2,-46.6,-0.033,-0.162,-1.130,-1.8,-5.3,0.0,-0.0021,-0.0367,0.0353,983,757,1033,837,0.01,-0.08,-0.09,1.37,0.3914,3,1,0,0.00,-0.10,-0.46,0.08,0.27,0.04,1.39,138,63
17067,3.9,46.5,27.2,-0.072,0.045,-1.018,-1.5,-4.0,0.0,-0.0009,-0.0519,-0.0427,717,1029,772,1076,0.01,-0.08,-0.07,1.37,0.3887,3,1,0,0.00,-0.09,-0.42,0.08,0.27,0.04,1.37,138,63
17077,4.9,26.1,42.7,-0.222,0.128,-1.293,-1.7,-3.3,0.0,-0.0008,-0.0191,-0.0449,848,959,861,969,0.01,-0.08,-0.08,1.37,0.3927,3,1,0,0.00,-0.09,-0.40,0.08,0.28,0.04,1.36,138,63
17087,10.8,15.2,-74.3,-0.251,0.171,-1.279,-1.8,-3.7,0.0,-0.0081,-0.0203,0.0587,971,894,942,811,0.01,-0.08,-0.07,1.37,0.3946,3,1,0,0.00,-0.09,-0.41,0.08,0.28,0.04,1.35,138,63
17097,-3.0,-33.6,111.1,-0.125,0.156,-1.192,-1.9,-5.2,0.0,0.0057,0.0272,-0.1266,797,1218,605,1012,0.01,-0.08,-0.07,1.37,0.3960,3,1,0,0.00,-0.10,-0.45,0.08,0.28,0.04,1.34,138,63
17107,-6.8,-33.4,-99.3,0.207,-0.260,-1.198,-1.7,-7.6,0.0,0.0097,0.0246,0.0838,1143,799,977,716,0.01,-0.08,-0.07,1.37,0.3982,3,1,0,0.00,-0.10,-0.50,0.08,0.28,0.04,1.34,138,63
17117,-11.1,-24.8,105.9,-0.054,0.091,-0.963,-1.4,-8.1,0.0,0.0143,0.0155,-0.1214,693,1228,624,1089,0.00,-0.08,-0.06,1.37,0.3967,3,1,0,0.00,-0.11,-0.50,0.08,0.28,0.03,1.37,138,63
17127,-15.6,-58.2,-46.3,0.147,-0.156,-1.188,-1.1,-7.6,0.0,0.0186,0.0484,0.0357,1042,858,1009,740,0.01,-0.08,-0.07,1.37,0.3994,3,1,0,0.00,-0.10,-0.48,0.06,0.28,0.04,1.40,138,63
17138,-9.6,-52.7,17.7,-0.003,-0.198,-0.661,-0.7,-5.0,0.0,0.0135,0.0466,-0.0333,768,1048,781,1006,0.00,-0.08,-0.06,1.37,0.3928,3,1,0,0.00,-0.09,-0.40,0.06,0.28,0.03,1.37,138,63
17148,-12.1,-38.6,64.1,-0.165,-0.073,-0.741,-1.0,-3.0,0.0,0.0157,0.0344,-0.0797,855,1063,791,913,0.01,-0.08,-0.07,1.37,0.3952,3,1,0,0.00,-0.08,-0.35,0.05,0.29,0.04,1.35,138,63
17158,17.9,-13.5,-71.0,-0.009,-0.121,-0.747,-1.1,-2.4,0.0,-0.0150,0.0107,0.0527,1005,832,938,842,0.01,-0.07,-0.06,1.37,0.3943,3,1,0,0.00,-0.08,-0.32,0.05,0.29,0.03,1.36,138,63
17168,-0.3,18.6,123.5,-0.141,-0.045,-0.806,-0.6,-1.5,0.0,0.0042,-0.0215,-0.1391,636,1143,701,1148,0.01,-0.07,-0.06,1.37,0.3959,3,1,0,0.01,-0.08,-0.29,0.04,0.29,0.03,1.37,138,63
17178,5.2,27.0,-96.2,0.055,-0.170,-0.776,-0.9,-1.9,0.0,-0.0050,-0.0397,0.0825,1004,661,1127,851,0.01,-0.07,-0.06,1.37,0.3969,3,1,0,0.01,-0.08,-0.29,0.03,0.29,0.03,1.37,138,63
17188,1.8,38.9,93.3,-0.065,-0.042,-0.722,0.1,-1.1,0.0,0.0028,-0.0415,-0.1089,586,1044,772,1223,0.01,-0.07,-0.05,1.37,0.3937,3,1,0,0.01,-0.07,-0.26,0.01,0.29,0.03,1.37,138,63
17198,7.5,27.1,-34.1,-0.124,0.037,-0.744,0.0,-1.4,0.0,-0.0043,-0.0324,0.0339,964,745,1055,889,0.01,-0.07,-0.06,1.37,0.3959,3,1,0,0.01,-0.07,-0.26,0.00,0.29,0.03,1.37,138,63
17208,16.0,36.2,3.6,-0.097,0.155,-0.993,1.0,-1.3,0.0,-0.0088,-0.0370,-0.0235,777,975,854,1028,0.01,-0.07,-0.05,1.37,0.3964,3,1,0,0.01,-0.07,-0.25,-0.01,0.29,0.03,1.36,138,63
17218,-2.6,36.8,66.5,-0.085,0.013,-0.672,0.3,-1.8,0.0,0.0064,-0.0359,-0.0767,829,987,823,995,0.01,-0.07,-0.05,1.37,0.3961,3,1,0,0.01,-0.07,-0.26,0.00,0.29,0.03,1.36,138,63
17228,-2.1,38.7,-82.6,0.092,-0.151,-1.000,0.8,-1.8,0.0,0.0066,-0.0372,0.0639,996,836,983,832,0.01,-0.06,-0.05,1.37,0.3961,3,1,0,0.01,-0.07,-0.25,-0.01,0.29,0.03,1.36,138,63
17239,-6.8,33.4,118.4,-0.104,0.067,-0.978,0.9,-3.7,0.0,0.0122,-0.0387,-0.1341,634,1152,719,1140,0.01,-0.06,-0.05,1.37,0.3975,3,1,0,0.01,-0.08,-0.28,-0.01,0.29,0.03,1.36,138,63
17249,-4.8,13.2,-96.4,-0.096,-0.004,-1.049,0.9,-3.3,0.0,0.0144,-0.0099,0.0837,1046,792,1100,712,0.01,-0.06,-0.05,1.37,0.3994,3,1,0,0.01,-0.07,-0.26,-0.01,0.29,0.03,1.36,139,63
17259,-10.5,14.1,94.0,-0.254,-0.126,-1.034,1.7,-2.4,0.0,0.0168,-0.0181,-0.1098,666,1185,669,1115,0.01,-0.06,-0.04,1.37,0.3982,3,1,0,0.01,-0.07,-0.23,-0.03,0.30,0.03,1.36,139,63
17269,4.3,19.6,-34.5,-0.199,-0.052,-1.041,1.9,-0.9,0.0,0.0020,-0.0221,0.0188,1026,909,962,756,0.01,-0.06,-0.05,1.37,0.4009,3,1,0,0.02,-0.06,-0.19,-0.04,0.30,0.03,1.37,139,63
17279,2.7,25.8,4.4,-0.145,-0.173,-1.153,2.5,1.5,0.0,0.0027,-0.0081,-0.0404,806,1057,760,1000,0.01,-0.06,-0.04,1.36,0.3991,3,1,0,0.02,-0.05,-0.11,-0.05,0.30,0.03,1.36,139,63
17289,10.4,23.0,69.9,-0.019,0.011,-1.328,2.3,2.5,0.0,-0.0036,-0.0219,-0.0857,772,996,828,1035,0.01,-0.06,-0.04,1.36,0.3994,3,1,0,0.02,-0.05,-0.07,-0.06,0.30,0.03,1.36,139,63
17299,8.5,11.2,-86.2,-0.118,-0.089,-1.071,2.6,2.3,0.0,-0.0003,-0.0160,0.0619,954,766,1034,867,0.01,-0.05,-0.04,1.36,0.3988,3,1,0,0.02,-0.05,-0.05,-0.06,0.30,0.03,1.36,139,63
17309,23.2,-19.0,117.8,0.021,0.208,-1.106,2.9,2.4,0.0,-0.0160,0.0114,-0.1338,631,1087,692,1216,0.01,-0.05,-0.04,1.36,0.3986,3,1,0,0.02,-0.04,-0.04,-0.08,0.30,0.03,1.36,139,63
17319,27.3,-24.7,-92.6,0.113,0.021,-0.861,3.4,0.9,0.0,-0.0194,0.0244,0.0769,1070,686,1057,811,0.01,-0.05,-0.04,1.36,0.3986,3,1,0,0.02,-0.05,-0.06,-0.09,0.30,0.03,1.36,139,63
17329,12.4,-8.3,87.0,0.076,0.045,-1.012,3.4,1.5,0.0,-0.0073,0.0047,-0.1066,654,1057,684,1220,0.01,-0.05,-0.03,1.36,0.3966,3,1,0,0.02,-0.04,-0.03,-0.10,0.30,0.03,1.35,139,63
17339,0.8,-10.6,-13.1,0.223,-0.114,-1.044,3.4,0.7,0.0,0.0071,0.0099,-0.0026,925,799,983,920,0.01,-0.05,-0.04,1.36,0.3996,3,1,0,0.03,-0.04,-0.03,-0.10,0.30,0.03,1.34,139,63
17350,4.2,2.6,-7.6,0.262,-0.060,-0.843,3.8,-0.1,0.0,0.0041,-0.0041,-0.0082,759,895,927,1058,0.01,-0.04,-0.03,1.36,0.3954,3,1,0,0.03,-0.04,-0.03,-0.11,0.30,0.03,1.35,139,63
17360,-11.2,-13.8,79.1,0.000,0.037,-1.030,3.7,-1.0,0.0,0.0168,-0.0067,-0.0813,715,1037,840,1063,0.01,-0.04,-0.04,1.36,0.3982,3,1,0,0.03,-0.04,-0.03,-0.11,0.30,0.03,1.37,139,63
17370,8.2,0.1,-75.8,0.039,-0.055,-0.904,3.4,-1.2,0.0,-0.0003,-0.0028,0.0599,951,783,1072,836,0.01,-0.04,-0.03,1.36,0.3960,3,1,0,0.03,-0.04,-0.02,-0.10,0.30,0.03,1.35,139,63
17380,-6.2,16.9,120.3,-0.231,0.032,-0.850,3.2,-2.0,0.0,0.0204,-0.0124,-0.1313,624,1180,731,1103,0.01,-0.03,-0.03,1.36,0.3952,3,1,0,0.02,-0.04,-0.02,-0.10,0.30,0.03,1.33,139,63
17390,7.4,46.6,-89.5,-0.076,-0.109,-0.911,2.9,-1.6,0.0,0.0000,-0.0500,0.0737,1033,742,1099,794,0.01,-0.03,-0.04,1.36,0.3990,3,1,0,0.02,-0.04,0.00,-0.10,0.30,0.03,1.35,139,63
17400,1.9,65.5,92.6,-0.167,0.054,-1.021,2.8,-1.2,0.0,0.0053,-0.0687,-0.1085,613,1130,740,1166,0.01,-0.03,-0.02,1.36,0.3972,3,1,0,0.02,-0.03,0.02,-0.10,0.30,0.03,1.38,139,63
17410,4.6,61.4,-26.7,-0.010,0.032,-1.252,2.0,-1.6,0.0,0.0044,-0.0616,0.0159,924,817,1062,854,0.02,-0.02,-0.03,1.36,0.3979,3,1,0,0.02,-0.03,0.03,-0.08,0.30,0.03,1.38,139,63
17420,-1.5,48.1,-21.5,-0.137,0.164,-1.360,1.7,0.3,0.0,0.0077,-0.0495,0.0056,750,935,944,1000,0.02,-0.02,-0.03,1.36,0.3985,3,1,0,0.02,-0.02,0.10,-0.08,0.30,0.03,1.38,139,63
17430,12.3,12.5,74.6,-0.036,0.232,-1.064,0.0,1.0,0.0,-0.0035,-0.0054,-0.0790,787,1038,789,1011,0.02,-0.02,-0.03,1.36,0.3968,3,1,0,0.02,-0.02,0.13,-0.05,0.30,0.03,1.37,139,63
17440,8.9,2.9,-91.8,0.075,0.114,-1.272,0.4,1.1,0.0,-0.0040,-0.0034,0.0759,1036,819,997,768,0.02,-0.02,-0.03,1.36,0.3976,3,1,0,0.02,-0.02,0.14,-0.05,0.30,0.03,1.37,138,63
17450,2.4,-5.4,116.8,0.028,0.260,-1.310,0.3,0.4,0.0,0.0023,0.0042,-0.1327,665,1170,641,1142,0.02,-0.02,-0.02,1.36,0.3983,3,1,0,0.02,-0.02,0.13,-0.06,0.30,0.03,1.37,138,63
17461,-8.2,-22.7,-90.9,0.276,-0.122,-1.180,0.8,-0.1,0.0,0.0130,0.0196,0.0762,1057,762,1057,748,0.02,-0.02,-0.03,1.36,0.3996,3,1,0,0.02,-0.02,0.19,-0.08,0.30,0.03,1.37,137,63
17471,-17.0,-19.8,64.0,0.149,-0.085,-1.065,1.3,2.0,0.0,0.0228,0.0204,-0.0799,674,1107,732,1107,0.02,-0.02,-0.02,1.36,0.3950,3,1,0,0.02,-0.01,0.25,-0.10,0.30,0.03,1.37,137,63
17481,-12.8,-38.4,-11.5,0.030,-0.073,-1.077,1.7,3.7,0.0,0.0132,0.0264,0.0097,945,868,973,842,0.02,-0.02,-0.03,1.36,0.3975,3,1,0,0.02,0.00,0.31,-0.11,0.29,0.03,1.37,137,63
17491,-9.9,-28.9,-30.1,0.028,-0.202,-0.874,3.0,6.0,0.0,0.0174,0.0335,0.0142,855,962,907,885,0.02,-0.01,-0.02,1.36,0.3949,3,1,0,0.03,0.00,0.37,-0.12,0.29,0.03,1.37,137,63
17501,-18.9,-29.5,81.7,-0.121,-0.030,-0.925,2.7,7.9,0.0,0.0245,0.0339,-0.0856,779,1103,768,966,0.02,-0.01,-0.02,1.36,0.3959,3,1,0,0.03,0.01,0.42,-0.13,0.29,0.03,1.37,137,63
17511,8.7,-6.0,-89.1,0.042,-0.274,-0.695,3.3,9.6,0.0,-0.0015,0.0136,0.0726,1033,783,1029,770,0.02,-0.01,-0.02,1.36,0.3943,3,1,0,0.03,0.02,0.46,-0.13,0.29,0.03,1.35,137,63
17521,1.9,20.7,118.3,-0.215,0.060,-0.844,3.3,10.3,0.0,0.0058,-0.0121,-0.1343,630,1153,711,1123,0.02,-0.01,-0.02,1.36,0.3931,3,1,0,0.03,0.02,0.47,-0.12,0.29,0.03,1.33,137,63
17531,5.4,46.0,-94.3,0.059,-0.218,-0.962,2.1,8.7,0.0,0.0012,-0.0391,0.0783,1001,648,1155,842,0.02,0.00,-0.03,1.36,0.3977,3,1,0,0.03,0.02,0.46,-0.11,0.29,0.03,1.39,137,63
17541,5.8,62.6,72.0,-0.087,0.065,-0.734,2.3,6.9,0.0,0.0012,-0.0606,-0.0980,598,996,818,1205,0.02,0.00,-0.01,1.36,0.3919,3,1,0,0.03,0.02,0.43,-0.12,0.29,0.03,1.38,137,63
17551,8.4,52.3,-22.0,-0.164,0.072,-0.794,1.6,6.5,0.0,-0.0023,-0.0476,0.0061,907,762,1051,924,0.02,0.00,-0.03,1.36,0.3922,3,1,0,0.02,0.02,0.45,-0.10,0.29,0.03,1.38,137,63
17561,19.6,59.2,-31.8,-0.099,0.109,-1.118,1.6,5.3,0.0,-0.0135,-0.0557,0.0158,808,863,954,994,0.02,0.00,-0.02,1.37,0.3939,3,1,0,0.02,0.02,0.44,-0.10,0.28,0.03,1.39,137,63
17572,7.1,60.1,79.7,-0.180,0.078,-0.741,1.1,3.7,0.0,-0.0016,-0.0533,-0.0908,720,982,816,1084,0.02,0.00,-0.02,1.37,0.3927,3,1,0,0.02,0.01,0.43,-0.10,0.28,0.03,1.40,137,63
17582,5.7,59.4,-102.1,0.063,-0.108,-1.168,1.0,2.4,0.0,-0.0001,-0.0589,0.0861,1013,717,1062,822,0.02,0.01,-0.02,1.37,0.3916,3,1,0,0.02,0.01,0.42,-0.10,0.28,0.03,1.39,137,63
17592,0.1,50.2,110.9,-0.087,0.078,-1.243,0.9,0.8,0.0,0.0018,-0.0402,-0.1302,620,1113,685,1179,0.02,0.01,-0.01,1.37,0.3920,3,1,0,0.02,0.01,0.42,-0.10,0.28,0.03,1.39,136,63
17602,-3.3,22.4,-88.7,0.029,-0.078,-1.196,1.3,2.0,0.0,0.0091,-0.0222,0.0727,1006,748,1096,741,0.02,0.02,-0.02,1.37,0.3933,3,1,0,0.03,0.02,0.48,-0.10,0.28,0.03,1.37,136,63
17612,-11.6,-4.7,53.8,-0.020,-0.119,-1.170,1.6,1.5,0.0,0.0137,-0.0039,-0.0848,653,1068,751,1114,0.02,0.02,-0.01,1.37,0.3925,3,1,0,0.03,0.03,0.49,-0.12,0.28,0.03,1.35,135,63
17622,2.5,-34.2,-1.1,-0.047,0.040,-1.021,1.1,1.8,0.0,0.0017,0.0335,-0.0106,953,925,874,851,0.02,0.02,-0.02,1.37,0.3961,3,1,0,0.03,0.03,0.52,-0.11,0.28,0.03,1.36,135,63
17632,13.2,-44.6,-35.7,0.064,-0.120,-0.866,1.7,2.3,0.0,-0.0070,0.0454,0.0196,916,950,860,868,0.02,0.02,-0.01,1.37,0.3930,3,1,0,0.03,0.03,0.56,-0.13,0.27,0.03,1.36,134,63
17642,-3.2,-35.3,92.2,-0.017,0.079,-1.074,1.3,2.6,0.0,0.0110,0.0235,-0.0969,722,1062,781,1044,0.02,0.03,-0.02,1.37,0.3968,3,1,0,0.03,0.04,0.59,-0.12,0.27,0.03,1.38,134,63
17652,16.8,-18.9,-88.8,0.169,-0.117,-0.681,1.0,2.0,0.0,-0.0114,0.0192,0.0728,1019,709,1047,816,0.02,0.03,-0.02,1.37,0.3918,3,1,0,0.03,0.04,0.59,-0.11,0.27,0.03,1.39,134,63
17662,7.9,4.5,123.5,-0.067,0.075,-0.705,1.2,1.6,0.0,0.0037,-0.0120,-0.1354,593,1111,726,1163,0.02,0.03,-0.01,1.37,0.3896,3,1,0,0.03,0.04,0.59,-0.12,0.27,0.03,1.39,134,63
17673,10.6,41.2,-82.1,-0.080,-0.004,-0.925,1.0,2.2,0.0,-0.0040,-0.0410,0.0690,991,685,1129,801,0.02,0.04,-0.02,1.37,0.3896,3,1,0,0.03,0.04,0.63,-0.11,0.27,0.03,1.39,133,63
17683,5.5,83.2,77.9,0.001,0.139,-0.963,1.3,4.4,0.0,0.0001,-0.0810,-0.0940,558,1039,793,1184,0.02,0.04,-0.01,1.37,0.3881,3,1,0,0.03,0.05,0.69,-0.12,0.27,0.03,1.38,134,63
17693,4.4,78.8,-1.4,0.049,0.165,-1.026,1.0,8.2,0.0,0.0048,-0.0623,0.0025,873,820,1016,895,0.02,0.04,-0.02,1.37,0.3908,3,1,0,0.03,0.07,0.79,-0.11,0.26,0.03,1.37,134,63
17703,-0.6,74.8,-45.3,-0.051,0.122,-1.365,1.6,10.7,0.0,0.0067,-0.0662,0.0293,766,864,1007,959,0.02,0.04,-0.01,1.37,0.3915,3,1,0,0.03,0.08,0.87,-0.12,0.26,0.03,1.37,133,63
17713,2.4,40.6,92.2,-0.058,0.338,-1.482,1.4,12.2,0.0,0.0057,-0.0308,-0.1060,669,1073,801,1075,0.02,0.04,-0.02,1.37,0.3950,3,1,0,0.03,0.09,0.91,-0.12,0.26,0.03,1.37,133,63
17723,0.2,21.4,-109.3,0.002,0.083,-1.670,1.3,12.6,0.0,0.0055,-0.0107,0.0932,1034,783,1080,716,0.02,0.05,-0.02,1.37,0.3964,3,1,0,0.03,0.09,0.94,-0.11,0.26,0.03,1.37,133,63
17733,3.0,17.5,106.5,-0.170,0.325,-1.416,1.9,12.8,0.0,0.0033,-0.0066,-0.1226,648,1183,654,1111,0.02,0.05,-0.01,1.37,0.3943,3,1,0,0.03,0.09,0.96,-0.13,0.25,0.03,1.38,133,63
17743,7.0,0.0,-85.2,0.085,0.209,-1.351,1.7,13.5,0.0,0.0058,0.0213,0.0746,1078,831,1030,672,0.02,0.05,-0.02,1.37,0.3958,3,1,0,0.03,0.10,0.99,-0.12,0.25,0.03,1.38,133,63
17753,-17.6,-2.0,33.1,0.091,0.016,-1.227,3.0,12.2,0.0,0.0252,0.0124,-0.0492,720,1093,765,1010,0.02,0.06,-0.01,1.37,0.3948,3,1,0,0.03,0.10,0.99,-0.16,0.25,0.03,1.38,133,63
17763,-2.7,-9.9,1.9,0.075,0.067,-1.198,2.7,11.1,0.0,0.0099,0.0192,-0.0180,924,914,897,873,0.02,0.06,-0.02,1.37,0.3964,3,1,0,0.03,0.10,0.99,-0.15,0.24,0.04,1.37,133,63
17774,1.4,-11.3,-60.9,-0.033,-0.118,-0.824,3.4,10.3,0.0,0.0067,0.0177,0.0381,932,880,949,835,0.02,0.06,-0.01,1.37,0.3928,3,1,0,0.03,0.10,1.00,-0.16,0.24,0.03,1.36,133,63
17784,-12.8,-18.9,85.1,-0.052,0.026,-1.024,3.2,10.3,0.0,0.0206,0.0274,-0.1012,723,1104,772,1016,0.02,0.07,-0.01,1.37,0.3956,3,1,0,0.03,0.10,1.02,-0.16,0.24,0.04,1.38,133,63
17794,2.0,-13.0,-100.3,0.109,-0.227,-0.772,3.7,9.9,0.0,0.0051,0.0175,0.0846,1026,711,1088,776,0.02,0.07,-0.02,1.37,0.3937,3,1,0,0.04,0.11,1.04,-0.17,0.23,0.04,1.40,133,63
17804,8.9,6.6,108.9,-0.099,0.044,-0.686,3.6,9.5,0.0,-0.0008,0.0009,-0.1251,622,1115,736,1130,0.02,0.08,-0.01,1.37,0.3921,3,1,0,0.04,0.11,1.06,-0.18,0.23,0.04,1.40,133,63
17814,9.9,25.6,-72.7,-0.079,-0.088,-0.823,3.5,9.7,0.0,0.0000,-0.0227,0.0692,1004,693,1119,799,0.02,0.08,-0.02,1.37,0.3925,3,1,0,0.04,0.12,1.10,-0.17,0.23,0.04,1.38,133,63
17824,13.9,66.9,54.1,-0.030,0.073,-0.926,3.9,9.3,0.0,-0.0043,-0.0591,-0.0741,643,1007,813,1140,0.03,0.09,-0.01,1.37,0.3929,3,1,0,0.04,0.12,1.11,-0.19,0.22,0.04,1.36,133,63
17834,11.9,76.7,9.9,-0.005,-0.004,-0.831,3.3,9.5,0.0,-0.0041,-0.0694,-0.0259,836,808,997,984,0.03,0.09,-0.02,1.37,0.3945,3,1,0,0.04,0.12,1.14,-0.17,0.22,0.04,1.36,134,63
17844,6.3,89.7,-57.9,-0.017,-0.013,-1.169,3.7,8.2,0.0,0.0055,-0.0781,0.0255,799,819,1022,995,0.03,0.09,-0.01,1.37,0.3966,3,1,0,0.04,0.12,1.12,-0.18,0.22,0.04,1.35,134,63
17854,4.3,64.9,99.7,-0.032,0.068,-1.327,2.8,6.5,0.0,0.0047,-0.0617,-0.1106,624,1021,833,1182,0.03,0.10,-0.02,1.37,0.4003,3,1,0,0.04,0.12,1.10,-0.17,0.21,0.04,1.37,134,63
17864,5.9,35.4,-114.9,-0.032,-0.156,-1.320,2.6,5.9,0.0,0.0011,-0.0316,0.0987,1022,695,1141,787,0.03,0.10,-0.02,1.37,0.4014,3,1,0,0.03,0.12,1.11,-0.16,0.21,0.04,1.39,134,63
17874,4.5,0.6,104.0,-0.162,0.081,-1.303,2.1,6.0,0.0,0.0007,0.0042,-0.1260,657,1156,662,1165,0.03,0.10,-0.01,1.37,0.3986,3,1,0,0.03,0.12,1.12,-0.16,0.21,0.04,1.39,134,63
17885,7.9,-16.8,-81.4,0.017,0.003,-1.305,1.2,6.6,0.0,-0.0022,0.0214,0.0653,1115,807,1006,718,0.03,0.10,-0.02,1.37,0.3996,3,1,0,0.03,0.13,1.15,-0.13,0.20,0.04,1.39,133,63
17895,-11.3,-11.9,35.2,-0.023,-0.165,-1.007,1.0,8.0,0.0,0.0104,0.0275,-0.0680,784,1123,695,1017,0.03,0.11,-0.01,1.37,0.3974,3,1,0,0.03,0.13,1.20,-0.13,0.20,0.04,1.39,133,63
17905,-14.7,-15.2,21.5,0.040,-0.101,-1.124,0.3,9.0,0.0,0.0196,0.0221,-0.0376,968,963,851,847,0.03,0.11,-0.02,1.37,0.3987,3,1,0,0.03,0.14,1.24,-0.11,0.20,0.04,1.39,133,63
17915,-5.4,1.1,-72.5,0.110,-0.240,-0.631,0.8,9.5,0.0,0.0099,0.0074,0.0525,965,876,941,836,0.03,0.11,-0.02,1.37,0.3969,3,1,0,0.03,0.14,1.27,-0.12,0.19,0.04,1.39,134,63
17925,-10.5,-3.2,104.0,0.001,0.046,-0.769,0.9,11.2,0.0,0.0177,0.0118,-0.1179,683,1141,753,1057,0.03,0.11,-0.02,1.37,0.3981,3,1,0,0.03,0.15,1.32,-0.12,0.19,0.04,1.39,135,63
17935,-5.6,-13.2,-98.8,0.072,-0.206,-0.664,1.0,11.5,0.0,0.0112,0.0227,0.0826,1013,740,1113,750,0.03,0.12,-0.02,1.37,0.3979,3,1,0,0.03,0.16,1.35,-0.12,0.18,0.04,1.40,135,63
17945,5.3,6.1,112.5,0.005,0.118,-0.710,2.1,12.3,0.0,0.0087,-0.0037,-0.1310,591,1158,727,1137,0.03,0.12,-0.01,1.37,0.3970,3,1,0,0.03,0.16,1.38,-0.15,0.18,0.04,1.41,135,63
17955,13.8,11.7,-63.1,-0.018,0.111,-0.690,1.6,11.1,0.0,-0.0054,-0.0052,0.0512,986,743,1104,789,0.03,0.12,-0.02,1.37,0.3984,3,1,0,0.03,0.16,1.38,-0.13,0.18,0.05,1.41,136,63
17965,21.7,30.2,47.6,-0.030,0.268,-0.964,2.2,10.1,0.0,-0.0150,-0.0223,-0.0638,660,992,813,1155,0.03,0.13,-0.01,1.37,0.3971,3,1,0,0.03,0.16,1.37,-0.15,0.17,0.04,1.40,136,63
17975,9.8,39.6,42.1,0.084,0.097,-1.047,1.2,9.5,0.0,-0.0062,-0.0467,-0.0436,776,832,963,1057,0.02,0.13,-0.02,1.37,0.3989,3,1,0,0.03,0.16,1.38,-0.11,0.17,0.05,1.39,136,63
17985,13.0,53.7,-63.8,0.087,0.082,-0.876,1.7,8.0,0.0,-0.0075,-0.0531,0.0429,817,748,1043,1022,0.02,0.13,-0.02,1.37,0.3942,3,1,0,0.03,0.16,1.36,-0.12,0.16,0.04,1.38,136,63
17996,-1.1,26.2,99.2,-0.015,0.152,-1.226,1.1,6.0,0.0,0.0068,-0.0224,-0.1154,612,1012,817,1210,0.02,0.14,-0.02,1.37,0.3964,3,1,0,0.03,0.16,1.34,-0.11,0.16,0.05,1.39,137,63
18006,13.1,28.3,-112.1,0.005,0.094,-1.064,1.4,4.3,0.0,-0.0071,-0.0312,0.0962,980,637,1198,833,0.02,0.14,-0.02,1.37,0.3974,3,1,0,0.03,0.16,1.32,-0.10,0.16,0.05,1.40,136,63
18016,-3.7,34.3,99.1,-0.193,0.154,-0.813,1.3,3.8,0.0,0.0096,-0.0329,-0.1153,593,1121,762,1151,0.02,0.14,-0.01,1.37,0.3941,3,1,0,0.03,0.16,1.32,-0.10,0.15,0.05,1.39,136,63
18026,-0.8,36.4,-64.6,-0.111,-0.021,-0.928,1.3,4.5,0.0,0.0067,-0.0343,0.0485,1029,754,1092,788,0.02,0.15,-0.03,1.37,0.3971,3,1,0,0.02,0.16,1.36,-0.08,0.15,0.05,1.39,136,63
18036,0.9,58.1,7.2,-0.113,0.031,-1.209,1.6,5.4,0.0,0.0052,-0.0551,-0.0234,729,1037,848,1028,0.02,0.15,-0.02,1.37,0.3993,3,1,0,0.03,0.17,1.40,-0.09,0.14,0.05,1.39,136,63
18046,3.4,53.7,30.8,-0.062,0.122,-1.188,1.1,7.0,0.0,0.0022,-0.0492,-0.0470,829,950,940,945,0.02,0.16,-0.03,1.37,0.4013,3,1,0,0.02,0.18,1.46,-0.07,0.14,0.05,1.39,136,63
18056,-14.2,44.0,-90.7,0.023,-0.093,-1.354,1.6,8.2,0.0,0.0190,-0.0317,0.0673,958,862,1033,830,0.02,0.16,-0.02,1.37,0.4047,3,1,0,0.03,0.19,1.51,-0.08,0.13,0.05,1.42,136,63
18066,-14.7,4.1,97.2,0.026,0.055,-1.287,0.4,9.8,0.0,0.0197,0.0033,-0.1133,713,1139,725,1099,0.02,0.16,-0.02,1.37,0.4030,3,1,0,0.02,0.20,1.57,-0.05,0.13,0.05,1.44,136,63
18076,-14.5,-20.4,-101.6,0.032,-0.124,-1.062,-0.3,8.7,0.0,0.0169,0.0216,0.0883,1065,775,1103,711,0.02,0.16,-0.03,1.38,0.4013,3,1,0,0.02,0.19,1.55,-0.01,0.13,0.05,1.42,136,63
18086,-17.7,-15.7,94.6,-0.042,-0.040,-0.829,-0.5,7.0,0.0,0.0218,0.0204,-0.1108,652,1171,724,1082,0.02,0.16,-0.02,1.38,0.3978,3,1,0,0.02,0.19,1.52,-0.01,0.12,0.05,1.39,136,63
18096,-10.7,-15.8,-41.3,0.023,0.039,-0.782,-0.6,5.1,0.0,0.0154,0.0209,0.0302,1015,864,1032,740,0.01,0.17,-0.03,1.38,0.4012,3,1,0,0.01,0.19,1.49,0.00,0.12,0.05,1.38,136,63
18107,12.9,9.7,23.1,-0.012,0.120,-0.914,-0.3,3.7,0.0,-0.0089,-0.0075,-0.0500,734,1045,814,1053,0.02,0.17,-0.02,1.38,0.4006,3,1,0,0.01,0.18,1.47,-0.01,0.11,0.05,1.37,136,63
18117,5.9,19.5,59.0,0.160,0.229,-0.865,0.4,3.5,0.0,-0.0010,-0.0183,-0.0751,760,963,902,1036,0.01,0.17,-0.03,1.37,0.4038,3,1,0,0.02,0.19,1.48,-0.01,0.11,0.05,1.38,136,63
18127,0.0,39.3,-77.4,0.184,0.044,-0.807,1.1,4.0,0.0,0.0017,-0.0481,0.0491,881,762,1077,957,0.01,0.18,-0.02,1.37,0.4020,3,1,0,0.02,0.19,1.51,-0.03,0.10,0.05,1.39,136,63
18137,-3.6,17.5,104.8,0.066,0.134,-1.124,1.5,5.4,0.0,0.0097,-0.0145,-0.1209,621,1059,789,1208,0.01,0.18,-0.02,1.37,0.4001,3,1,0,0.02,0.20,1.56,-0.04,0.10,0.05,1.39,136,63
18147,10.4,19.8,-116.1,0.008,0.007,-0.997,2.2,5.7,0.0,-0.0035,-0.0166,0.1000,1010,654,1208,807,0.01,0.18,-0.03,1.37,0.4005,3,1,0,0.02,0.20,1.58,-0.03,0.09,0.05,1.39,136,63
18157,-8.2,21.6,87.0,-0.102,0.092,-0.762,3.7,7.1,0.0,0.0167,-0.0184,-0.1048,617,1110,782,1139,0.01,0.18,-0.02,1.37,0.3962,3,1,0,0.02,0.21,1.62,-0.08,0.09,0.05,1.41,136,63
18167,-7.8,30.2,-63.2,-0.045,-0.064,-1.053,3.2,8.1,0.0,0.0156,-0.0246,0.0470,1011,771,1095,806,0.01,0.19,-0.03,1.37,0.3996,3,1,0,0.02,0.21,1.62,-0.05,0.08,0.05,1.42,136,63
18177,-3.2,45.8,-10.4,-0.108,-0.075,-1.151,4.1,7.7,0.0,0.0128,-0.0271,-0.0227,786,1013,867,982,0.01,0.19,-0.02,1.37,0.4001,3,1,0,0.02,0.21,1.60,-0.06,0.08,0.05,1.42,136,63
18187,10.1,43.9,48.9,-0.021,0.062,-1.035,3.7,6.2,0.0,-0.0018,-0.0403,-0.0650,788,957,904,1003,0.01,0.19,-0.03,1.37,0.3987,3,1,0,0.02,0.21,1.59,-0.03,0.07,0.05,1.41,136,63
18197,-8.0,44.0,-103.5,-0.003,-0.064,-1.337,3.4,5.4,0.0,0.0154,-0.0384,0.0794,959,766,1110,819,0.01,0.19,-0.03,1.37,0.4008,3,1,0,0.02,0.21,1.61,-0.03,0.07,0.05,1.42,136,63
18208,-6.5,4.7,98.3,-0.052,0.010,-1.224,2.9,5.5,0.0,0.0112,-0.0020,-0.1140,697,1109,720,1138,0.01,0.19,-0.03,1.37,0.4004,3,1,0,0.02,0.21,1.62,-0.05,0.06,0.05,1.42,136,63
18218,-0.8,-11.7,-97.3,-0.042,-0.066,-1.175,3.3,5.7,0.0,0.0088,0.0149,0.0812,1089,779,1076,717,0.01,0.20,-0.04,1.38,0.4022,3,1,0,0.02,0.22,1.64,-0.03,0.06,0.05,1.42,136,63
18228,-0.5,-10.2,93.0,-0.178,0.027,-0.991,3.7,6.2,0.0,0.0088,0.0140,-0.1091,701,1199,664,1079,0.01,0.20,-0.03,1.38,0.3992,3,1,0,0.02,0.22,1.64,-0.04,0.05,0.05,1.42,136,63
18238,1.8,-12.2,-26.4,-0.002,0.054,-1.020,2.9,5.9,0.0,0.0041,0.0286,0.0241,1030,917,923,784,0.01,0.20,-0.04,1.38,0.4011,3,1,0,0.02,0.22,1.63,-0.01,0.05,0.05,1.39,136,63
18248,11.8,10.2,-1.4,0.015,0.034,-0.787,1.8,5.5,0.0,-0.0053,-0.0073,-0.0147,849,990,776,1021,0.01,0.20,-0.03,1.38,0.4001,3,1,0,0.01,0.22,1.67,-0.01,0.04,0.05,1.41,136,63
18258,6.4,14.8,72.5,0.134,0.133,-1.035,1.1,4.9,0.0,-0.0006,-0.0124,-0.0886,760,1018,817,1063,0.01,0.21,-0.04,1.37,0.4028,3,1,0,0.01,0.22,1.67,0.01,0.04,0.05,1.42,136,63
18268,1.6,20.6,-91.4,0.099,-0.091,-0.677,1.4,4.4,0.0,0.0004,-0.0321,0.0641,952,731,1084,886,0.01,0.21,-0.03,1.38,0.4004,3,1,0,0.01,0.22,1.67,0.01,0.03,0.05,1.41,136,63
18278,0.4,-4.5,112.2,0.045,0.151,-1.012,1.1,4.5,0.0,0.0053,0.0065,-0.1284,607,1103,737,1207,0.01,0.21,-0.03,1.37,0.3990,3,1,0,0.01,0.23,1.68,0.01,0.03,0.05,1.39,136,63
18288,7.8,-12.5,-109.6,0.042,-0.041,-0.919,0.5,5.5,0.0,-0.0054,-0.0054,0.0966,1041,659,1163,800,0.00,0.21,-0.04,1.37,0.4019,3,1,0,0.01,0.23,1.71,0.05,0.02,0.05,1.41,136,63
18298,-1.6,-2.7,81.0,-0.114,0.061,-0.721,0.3,7.1,0.0,0.0066,0.0073,-0.0972,672,1114,728,1136,0.01,0.21,-0.03,1.37,0.3970,3,1,0,0.01,0.24,1.75,0.04,0.02,0.05,1.43,136,63
18308,-15.3,6.5,-39.9,-0.041,-0.128,-0.799,-0.8,6.7,0.0,0.0098,-0.0047,0.0396,1014,782,1039,830,0.00,0.21,-0.04,1.37,0.3983,3,1,0,0.00,0.24,1.74,0.10,0.01,0.05,1.42,135,63
18319,-4.2,36.0,-29.9,0.019,-0.156,-0.739,-0.2,6.1,0.0,0.0086,-0.0326,0.0137,814,923,931,976,0.00,0.21,-0.03,1.37,0.3981,3,1,0,0.00,0.24,1.73,0.08,0.01,0.05,1.41,135,63
18329,-9.6,42.2,74.4,-0.104,-0.038,-0.710,-0.4,5.2,0.0,0.0154,-0.0423,-0.0757,716,978,902,1049,0.00,0.22,-0.04,1.37,0.3986,3,1,0,0.00,0.23,1.72,0.10,0.00,0.05,1.40,135,63
18339,-3.2,50.8,-105.8,-0.049,-0.120,-0.963,0.0,4.7,0.0,0.0106,-0.0527,0.0887,952,721,1178,820,0.00,0.22,-0.04,1.37,0.4016,3,1,0,0.00,0.23,1.71,0.10,0.00,0.05,1.41,135,63
18349,-9.5,28.1,116.8,-0.166,0.136,-1.211,-0.3,3.6,0.0,0.0139,-0.0272,-0.1330,589,1118,766,1202,0.00,0.22,-0.04,1.37,0.4021,3,1,0,0.00,0.23,1.69,0.10,0.00,0.05,1.42,134,63
18359,0.1,27.7,-94.8,0.037,-0.151,-1.326,-0.3,3.3,0.0,0.0082,-0.0279,0.0863,1030,721,1169,777,0.00,0.22,-0.05,1.37,0.4045,3,1,0,0.00,0.23,1.69,0.13,0.00,0.05,1.42,134,63
18369,-10.1,33.1,70.8,-0.020,0.005,-1.209,0.0,3.4,0.0,0.0148,-0.0324,-0.0870,649,1130,774,1131,0.00,0.22,-0.03,1.37,0.4022,3,1,0,0.00,0.23,1.69,0.11,-0.01,0.05,1.41,134,63
18379,-5.9,30.4,-8.3,-0.088,0.018,-1.251,-0.4,3.8,0.0,0.0101,-0.0294,-0.0078,924,873,1017,891,0.00,0.22,-0.05,1.37,0.4045,3,1,0,0.00,0.24,1.71,0.14,-0.02,0.05,1.42,134,63
18389,-11.7,31.1,-27.7,-0.002,0.075,-1.114,-0.4,4.8,0.0,0.0181,-0.0264,0.0059,818,968,963,935,0.00,0.23,-0.04,1.37,0.4042,3,1,0,0.00,0.24,1.74,0.14,-0.02,0.05,1.44,133,63
18399,-10.6,22.0,85.0,0.102,0.201,-1.281,-0.8,4.9,0.0,0.0145,-0.0199,-0.1011,712,1097,825,1057,0.00,0.23,-0.04,1.37,0.4041,3,1,0,0.00,0.24,1.74,0.16,-0.03,0.05,1.42,133,63
18409,-7.8,21.3,-108.3,0.123,-0.060,-1.220,-0.9,4.8,0.0,0.0122,-0.0176,0.0899,1015,787,1086,779,0.00,0.23,-0.04,1.37,0.4054,3,1,0,0.00,0.24,1.75,0.17,-0.03,0.05,1.40,133,63
18419,-7.3,11.9,105.3,-0.095,0.296,-1.191,-0.4,5.0,0.0,0.0126,-0.0080,-0.1222,650,1180,722,1129,0.00,0.23,-0.04,1.37,0.4037,3,1,0,0.00,0.25,1.75,0.16,-0.04,0.05,1.41,133,63
18430,-14.0,-6.6,-104.0,0.190,-0.018,-1.348,-0.9,5.1,0.0,0.0179,0.0090,0.0879,1087,806,1128,681,0.00,0.23,-0.05,1.37,0.4078,3,1,0,-0.01,0.25,1.75,0.20,-0.04,0.05,1.41,133,63
18440,-31.2,-2.6,59.0,0.125,-0.146,-0.836,-0.9,5.2,0.0,0.0308,0.0028,-0.0876,681,1150,770,1077,0.00,0.23,-0.04,1.37,0.4046,3,1,0,0.00,0.25,1.76,0.19,-0.05,0.05,1.41,133,63
18450,-24.1,-12.4,-21.2,-0.055,-0.170,-1.068,-1.1,4.5,0.0,0.0267,0.0154,0.0105,973,931,992,800,-0.01,0.23,-0.05,1.37,0.4053,3,1,0,-0.01,0.25,1.74,0.22,-0.05,0.04,1.41,132,63
18460,-8.4,-6.6,-40.6,-0.151,-0.242,-0.812,-0.4,4.4,0.0,0.0127,0.0083,0.0244,897,981,946,860,0.00,0.23,-0.04,1.37,0.4055,3,1,0,-0.01,0.25,1.74,0.20,-0.06,0.04,1.43,132,63
18470,-6.4,9.9,92.1,-0.152,0.104,-0.865,-1.0,4.2,0.0,0.0232,0.0001,-0.0951,710,1148,808,1012,-0.01,0.23,-0.05,1.37,0.4048,3,1,0,-0.01,0.25,1.73,0.23,-0.06,0.04,1.45,132,63
18480,-2.6,16.4,-96.9,0.004,-0.176,-0.769,-0.3,3.9,0.0,0.0065,-0.0147,0.0794,1023,769,1089,791,-0.01,0.23,-0.05,1.37,0.4035,3,1,0,-0.01,0.25,1.73,0.22,-0.07,0.04,1.44,132,63
18490,2.2,27.2,112.3,0.013,0.066,-1.091,-0.4,4.4,0.0,0.0021,-0.0256,-0.1285,609,1118,725,1221,-0.01,0.23,-0.04,1.37,0.4039,3,1,0,-0.01,0.25,1.75,0.21,-0.07,0.04,1.43,131,63
18500,4.1,14.9,-80.0,0.028,-0.020,-0.873,-0.6,5.1,0.0,-0.0011,-0.0163,0.0667,1012,716,1118,835,-0.01,0.23,-0.05,1.37,0.4047,3,1,0,-0.01,0.25,1.77,0.24,-0.08,0.04,1.44,131,63
18510,-1.8,-0.2,44.3,0.109,0.065,-0.969,-0.4,5.0,0.0,0.0062,0.0026,-0.0605,713,1053,816,1096,-0.01,0.23,-0.04,1.38,0.4017,3,1,0,-0.01,0.25,1.76,0.23,-0.08,0.04,1.44,131,63
18520,-17.8,-16.5,4.7,0.111,0.033,-0.855,-0.7,4.9,0.0,0.0131,0.0082,-0.0048,916,921,947,900,-0.01,0.23,-0.05,1.38,0.4030,3,1,0,-0.02,0.25,1.75,0.26,-0.09,0.04,1.46,131,63
18530,-3.5,-4.4,-41.9,0.230,0.046,-0.882,-0.7,5.4,0.0,0.0068,0.0051,0.0214,911,912,945,910,-0.01,0.23,-0.05,1.38,0.4014,3,1,0,-0.01,0.25,1.75,0.25,-0.09,0.04,1.47,131,63
18540,-23.6,0.5,91.7,0.130,0.060,-0.865,-0.5,5.4,0.0,0.0279,0.0020,-0.1079,702,1123,812,1021,-0.01,0.23,-0.05,1.38,0.4004,3,1,0,-0.02,0.25,1.74,0.27,-0.10,0.04,1.46,131,63
18551,-11.7,7.1,-101.9,0.121,-0.060,-0.661,-0.7,5.2,0.0,0.0181,-0.0079,0.0839,1014,780,1122,738,-0.02,0.23,-0.05,1.38,0.4001,3,1,0,-0.02,0.25,1.73,0.29,-0.11,0.04,1.44,131,63
18561,-12.7,12.3,118.4,-0.060,0.264,-1.262,-0.8,5.4,0.0,0.0167,-0.0097,-0.1346,604,1193,723,1150,-0.02,0.23,-0.05,1.38,0.4008,3,1,0,-0.02,0.25,1.73,0.28,-0.11,0.04,1.44,131,63
18571,-3.8,18.2,-84.5,0.142,-0.063,-1.050,-1.1,4.8,0.0,0.0092,-0.0156,0.0761,1029,765,1115,773,-0.02,0.23,-0.06,1.38,0.4036,3,1,0,-0.02,0.25,1.71,0.32,-0.12,0.03,1.44,131,63
18581,-11.8,14.5,51.6,0.106,0.004,-1.159,-0.5,5.5,0.0,0.0162,-0.0118,-0.0679,673,1112,795,1092,-0.02,0.23,-0.05,1.38,0.4010,3,1,0,-0.02,0.25,1.72,0.29,-0.12,0.03,1.42,131,63
18591,3.0,0.8,10.8,0.002,-0.007,-1.253,-0.7,6.0,0.0,0.0010,0.0024,-0.0270,896,904,959,939,-0.02,0.23,-0.06,1.38,0.4038,3,1,0,-0.02,0.25,1.73,0.31,-0.13,0.03,1.40,130,63
18601,2.5,9.3,-63.8,0.148,-0.004,-1.119,0.8,6.2,0.0,0.0095,-0.0147,0.0336,902,873,1037,885,-0.02,0.23,-0.05,1.38,0.4055,3,1,0,-0.02,0.26,1.73,0.28,-0.13,0.03,1.43,130,63
18611,-20.8,-1.3,90.1,-0.103,0.017,-0.918,0.5,6.1,0.0,0.0264,0.0046,-0.1063,727,1112,779,1074,-0.02,0.23,-0.06,1.38,0.4019,3,1,0,-0.02,0.25,1.71,0.29,-0.14,0.03,1.46,130,63
18621,-5.8,3.1,-120.5,0.137,-0.116,-1.004,1.3,5.8,0.0,0.0095,0.0004,0.1015,1095,755,1124,720,-0.03,0.23,-0.06,1.38,0.4032,3,1,0,-0.02,0.25,1.70,0.29,-0.14,0.03,1.45,130,63
18631,-15.1,15.7,97.9,-0.175,0.019,-0.904,1.4,5.4,0.0,0.0215,-0.0132,-0.1141,645,1177,741,1102,-0.02,0.23,-0.05,1.38,0.4016,3,1,0,-0.02,0.25,1.68,0.28,-0.15,0.03,1.45,131,63
18642,-4.4,11.4,-71.0,-0.048,-0.087,-0.877,1.1,4.9,0.0,0.0111,-0.0070,0.0591,1057,823,1091,712,-0.03,0.23,-0.07,1.38,0.4027,3,1,0,-0.02,0.25,1.66,0.31,-0.15,0.03,1.46,131,63
18652,-11.0,13.4,31.3,-0.096,-0.068,-1.185,1.4,4.4,0.0,0.0177,-0.0104,-0.0525,738,1082,830,1024,-0.03,0.23,-0.05,1.38,0.4044,3,1,0,-0.02,0.25,1.65,0.30,-0.16,0.03,1.46,131,63
18662,2.3,22.0,29.6,-0.062,0.089,-0.906,0.8,3.4,0.0,0.0034,-0.0215,-0.0458,848,935,927,946,-0.03,0.23,-0.06,1.38,0.4018,3,1,0,-0.03,0.24,1.61,0.32,-0.16,0.02,1.45,132,63
18672,-11.8,35.8,-70.8,0.071,-0.189,-1.186,1.4,3.3,0.0,0.0159,-0.0331,0.0426,902,826,1059,885,-0.03,0.23,-0.06,1.38,0.4020,3,1,0,-0.02,0.24,1.61,0.31,-0.17,0.03,1.44,132,63
18682,-3.9,14.1,95.7,-0.005,-0.167,-1.269,1.9,2.8,0.0,0.0079,-0.0154,-0.1104,697,1074,755,1160,-0.03,0.23,-0.06,1.38,0.4040,3,1,0,-0.02,0.24,1.59,0.30,-0.17,0.02,1.45,132,63
18692,-1.5,15.5,-104.1,0.026,-0.015,-1.189,2.4,2.5,0.0,0.0090,-0.0158,0.0879,1011,733,1139,790,-0.03,0.23,-0.07,1.38,0.4042,3,1,0,-0.02,0.24,1.58,0.31,-0.18,0.02,1.45,132,63
18702,-11.9,9.4,101.4,0.022,0.012,-1.028,2.8,3.2,0.0,0.0191,-0.0093,-0.1187,641,1158,730,1135,-0.03,0.23,-0.06,1.38,0.3995,3,1,0,-0.02,0.24,1.58,0.29,-0.18,0.02,1.46,132,63
18712,-14.6,-7.7,-76.9,0.239,-0.012,-1.118,2.9,3.7,0.0,0.0223,0.0103,0.0643,1060,832,1063,713,-0.04,0.23,-0.07,1.39,0.4012,3,1,0,-0.03,0.24,1.57,0.31,-0.19,0.02,1.47,132,63
18722,-18.1,0.4,26.6,0.023,-0.055,-0.870,3.7,4.7,0.0,0.0269,0.0015,-0.0428,747,1097,788,997,-0.03,0.23,-0.06,1.39,0.3975,3,1,0,-0.02,0.24,1.59,0.28,-0.19,0.02,1.45,132,63
18732,-12.0,-11.2,27.7,0.090,0.078,-0.998,3.2,5.4,0.0,0.0203,0.0139,-0.0439,865,1049,878,853,-0.04,0.23,-0.07,1.39,0.3997,3,1,0,-0.03,0.24,1.58,0.31,-0.20,0.02,1.44,132,63
18742,-4.3,-8.6,-72.3,-0.068,-0.102,-0.871,3.9,5.8,0.0,0.0133,0.0116,0.0561,1001,926,939,781,-0.04,0.22,-0.06,1.39,0.4001,3,1,0,-0.02,0.24,1.58,0.29,-0.20,0.02,1.45,131,63
18752,6.5,-6.4,112.5,-0.096,0.309,-1.129,3.3,6.2,0.0,0.0017,0.0098,-0.1287,700,1195,671,1093,-0.04,0.22,-0.06,1.39,0.4009,3,1,0,-0.03,0.24,1.57,0.30,-0.21,0.02,1.45,130,63
18763,0.0,-0.9,-97.5,0.127,-0.148,-0.817,3.7,5.8,0.0,0.0083,0.0042,0.0805,1056,788,1055,749,-0.04,0.22,-0.07,1.39,0.4015,3,1,0,-0.03,0.24,1.55,0.31,-0.21,0.01,1.45,130,63
18773,1.9,5.6,93.1,-0.039,0.108,-0.894,4.0,5.7,0.0,0.0070,-0.0028,-0.1093,653,1165,692,1151,-0.04,0.22,-0.06,1.39,0.3998,3,1,0,-0.02,0.24,1.53,0.29,-0.22,0.02,1.44,130,63
18783,2.4,-10.9,-59.3,-0.026,0.018,-1.266,3.6,5.9,0.0,0.0013,0.0114,0.0520,1045,824,1006,796,-0.04,0.22,-0.08,1.39,0.4036,3,1,0,-0.03,0.24,1.52,0.32,-0.22,0.01,1.43,130,63
18793,4.0,-2.7,8.4,0.073,-0.088,-0.923,4.3,6.1,0.0,0.0023,0.0075,-0.0357,825,1042,790,1007,-0.04,0.22,-0.06,1.39,0.4022,3,1,0,-0.02,0.24,1.52,0.29,-0.22,0.01,1.42,130,63
18803,-16.0,-5.6,33.8,-0.046,-0.020,-0.996,3.8,6.3,0.0,0.0246,0.0115,-0.0453,893,1027,877,886,-0.04,0.22,-0.07,1.39,0.4038,3,1,0,-0.03,0.24,1.50,0.32,-0.23,0.01,1.43,130,63
18813,-13.1,-4.0,-87.0,0.122,-0.198,-0.982,4.1,6.7,0.0,0.0209,0.0074,0.0672,1003,862,1025,789,-0.04,0.21,-0.07,1.39,0.4039,3,1,0,-0.03,0.24,1.50,0.31,-0.23,0.01,1.45,130,63
18823,-16.0,-0.4,106.4,0.003,-0.106,-1.016,4.1,6.9,0.0,0.0253,0.0045,-0.1226,705,1190,730,1048,-0.04,0.21,-0.07,1.39,0.4032,3,1,0,-0.03,0.24,1.49,0.31,-0.24,0.01,1.44,130,63
18833,-11.1,-5.4,-103.3,-0.080,-0.311,-0.937,3.8,6.8,0.0,0.0194,0.0161,0.0903,1101,814,1083,672,-0.04,0.21,-0.08,1.39,0.4027,3,1,0,-0.03,0.24,1.47,0.33,-0.24,0.01,1.44,130,63
18843,-8.5,5.8,105.3,-0.112,-0.084,-1.215,3.6,6.2,0.0,0.0187,-0.0002,-0.1262,640,1215,698,1113,-0.04,0.21,-0.07,1.39,0.4025,3,1,0,-0.03,0.23,1.44,0.32,-0.25,0.01,1.45,130,63
18853,-2.5,-1.7,-55.9,0.053,-0.168,-1.058,2.9,5.6,0.0,0.0106,0.0046,0.0397,995,838,1073,767,-0.04,0.21,-0.09,1.39,0.4041,3,1,0,-0.03,0.23,1.42,0.36,-0.25,0.00,1.45,130,63
18863,-0.1,-4.8,13.5,-0.091,0.017,-0.907,2.9,5.3,0.0,0.0106,0.0055,-0.0360,754,1058,847,996,-0.04,0.21,-0.07,1.39,0.4003,3,1,0,-0.03,0.23,1.40,0.35,-0.26,0.00,1.45,128,63
18874,-10.5,-21.8,42.0,0.067,0.076,-1.148,1.8,5.1,0.0,0.0185,0.0162,-0.0461,833,1004,884,932,-0.04,0.21,-0.09,1.39,0.4007,3,1,0,-0.04,0.22,1.36,0.37,-0.26,0.00,1.46,129,63
18884,-2.3,-20.7,-96.7,0.156,-0.140,-0.879,2.1,5.7,0.0,0.0096,0.0238,0.0804,1036,846,995,768,-0.04,0.21,-0.08,1.39,0.3988,3,1,0,-0.04,0.23,1.36,0.36,-0.26,0.00,1.46,129,63
18894,-9.0,-30.5,103.7,-0.023,0.093,-1.164,2.4,6.2,0.0,0.0166,0.0341,-0.1200,704,1221,694,1028,-0.04,0.20,-0.08,1.39,0.4000,3,1,0,-0.04,0.23,1.35,0.37,-0.27,0.00,1.45,129,63
18904,2.2,-30.6,-109.5,0.028,-0.081,-0.980,1.9,6.1,0.0,0.0046,0.0342,0.0960,1135,793,1055,666,-0.05,0.20,-0.09,1.39,0.4009,3,1,0,-0.04,0.22,1.33,0.39,-0.27,0.00,1.43,129,63
18914,10.8,-7.2,95.3,-0.118,0.026,-0.985,1.8,6.4,0.0,-0.0038,0.0109,-0.1116,722,1230,648,1066,-0.04,0.20,-0.08,1.39,0.4001,3,1,0,-0.04,0.22,1.29,0.39,-0.28,0.00,1.45,129,63
18924,-1.8,-9.3,-39.9,-0.043,0.035,-1.023,0.5,5.1,0.0,0.0075,0.0118,0.0237,1055,910,962,739,-0.05,0.20,-0.10,1.39,0.4021,3,1,0,-0.04,0.22,1.24,0.42,-0.28,0.00,1.46,129,63
18934,2.9,19.3,-3.6,-0.023,-0.023,-0.832,0.6,4.0,0.0,-0.0041,-0.0060,-0.0303,851,983,813,997,-0.04,0.20,-0.08,1.40,0.3981,3,1,0,-0.04,0.21,1.19,0.39,-0.28,0.00,1.46,129,63
18944,7.5,9.7,57.6,-0.027,0.116,-1.012,0.9,2.3,0.0,-0.0014,-0.0102,-0.0739,849,1049,802,964,-0.05,0.20,-0.09,1.40,0.4011,3,1,0,-0.04,0.20,1.12,0.41,-0.29,0.00,1.46,129,63
18954,-2.8,15.1,-90.7,-0.090,-0.087,-0.947,1.1,-1.2,0.0,0.0092,-0.0192,0.0744,1014,819,1003,803,-0.05,0.19,-0.09,1.40,0.3973,3,1,0,-0.04,0.19,1.09,0.41,-0.29,0.00,1.47,129,63
18964,-0.6,18.4,97.0,0.042,0.051,-0.828,1.1,-1.8,0.0,0.0077,-0.0136,-0.1119,709,1151,701,1069,-0.05,0.19,-0.09,1.40,0.3947,3,1,0,-0.04,0.18,1.05,0.41,-0.29,0.00,1.47,129,63
18975,-9.0,4.7,-111.8,0.191,-0.127,-0.931,1.8,-2.7,0.0,0.0161,-0.0102,0.0955,1053,755,1137,689,-0.05,0.19,-0.10,1.40,0.3969,3,1,0,-0.04,0.18,1.01,0.41,-0.30,-0.01,1.48,128,63
18985,-13.1,11.1,82.3,0.176,0.007,-1.052,2.2,-3.8,0.0,0.0195,-0.0225,-0.1057,626,1118,749,1113,-0.05,0.19,-0.09,1.40,0.3940,3,1,0,-0.04,0.17,0.97,0.39,-0.30,-0.01,1.47,128,63
18995,-1.4,-2.6,-43.8,-0.003,-0.018,-1.103,1.5,-5.0,0.0,0.0081,-0.0050,0.0276,990,806,1040,789,-0.05,0.18,-0.11,1.40,0.3963,3,1,0,-0.05,0.17,0.92,0.42,-0.30,-0.01,1.45,128,63
19005,6.6,-7.4,-0.3,0.045,0.008,-1.199,1.9,-4.5,0.0,0.0024,-0.0012,-0.0213,769,1025,850,983,-0.05,0.18,-0.09,1.40,0.3955,3,1,0,-0.04,0.17,0.90,0.41,-0.31,-0.01,1.44,129,63
19015,-1.3,-5.9,70.2,0.039,0.075,-1.195,1.6,-5.3,0.0,0.0089,-0.0067,-0.0783,751,1016,834,1020,-0.05,0.18,-0.10,1.40,0.3985,3,1,0,-0.05,0.16,0.86,0.42,-0.31,-0.01,1.42,129,63
19025,12.2,-10.8,-101.5,0.055,0.026,-0.973,2.1,-5.9,0.0,-0.0040,-0.0013,0.0827,985,762,1074,814,-0.05,0.17,-0.10,1.40,0.3968,3,1,0,-0.04,0.15,0.81,0.41,-0.31,-0.01,1.44,129,63
19035,-2.0,-16.5,113.8,0.064,0.131,-1.328,1.6,-6.1,0.0,0.0086,0.0055,-0.1303,651,1163,686,1156,-0.05,0.17,-0.10,1.40,0.3990,3,1,0,-0.05,0.15,0.78,0.42,-0.31,-0.02,1.45,129,63
19045,1.5,-30.5,-108.4,0.217,-0.185,-1.128,0.3,-7.0,0.0,0.0041,0.0210,0.0921,1119,716,1058,749,-0.05,0.17,-0.11,1.40,0.3986,3,1,0,-0.05,0.14,0.72,0.46,-0.32,-0.02,1.45,129,63
19055,-6.6,-14.7,59.6,-0.034,-0.036,-0.971,0.4,-6.1,0.0,0.0104,0.0059,-0.0838,720,1118,706,1089,-0.05,0.16,-0.10,1.40,0.3955,3,1,0,-0.05,0.14,0.72,0.45,-0.32,-0.02,1.44,129,63
19065,-15.7,-42.1,-25.9,0.189,-0.184,-1.335,0.4,-5.3,0.0,0.0215,0.0342,0.0096,1009,932,975,739,-0.05,0.16,-0.12,1.40,0.3992,3,1,0,-0.05,0.14,0.70,0.46,-0.32,-0.02,1.43,129,63
19076,4.0,-44.1,-32.4,-0.054,-0.098,-0.941,1.0,-4.8,0.0,0.0070,0.0342,0.0047,909,999,867,862,-0.05,0.15,-0.10,1.40,0.3972,3,1,0,-0.05,0.14,0.68,0.44,-0.32,-0.02,1.41,129,63
19086,3.0,-28.7,85.0,-0.033,0.109,-1.082,0.0,-5.3,0.0,0.0021,0.0209,-0.1012,812,1136,793,927,-0.05,0.15,-0.11,1.40,0.4004,3,1,0,-0.05,0.13,0.64,0.47,-0.32,-0.03,1.41,129,63
19096,8.1,-19.6,-89.3,-0.032,-0.173,-0.944,0.3,-4.8,0.0,-0.0025,0.0122,0.0730,1074,833,986,773,-0.05,0.15,-0.11,1.40,0.4002,3,1,0,-0.05,0.13,0.62,0.46,-0.33,-0.03,1.41,129,63
19106,7.0,8.0,107.6,-0.150,0.132,-1.009,0.7,-3.9,0.0,0.0005,-0.0132,-0.1245,667,1157,717,1139,-0.05,0.14,-0.11,1.40,0.4019,3,1,0,-0.05,0.13,0.62,0.44,-0.33,-0.03,1.42,129,63
19116,0.3,-9.6,-92.6,-0.033,0.011,-0.996,0.3,-3.2,0.0,0.0053,0.0038,0.0764,1098,792,1063,727,-0.06,0.14,-0.12,1.40,0.4021,3,1,0,-0.05,0.13,0.60,0.46,-0.33,-0.03,1.43,129,63
19126,5.8,-9.3,63.8,-0.158,0.065,-0.803,1.3,-3.1,0.0,0.0023,0.0074,-0.0926,721,1145,703,1080,-0.05,0.13,-0.11,1.40,0.3981,3,1,0,-0.05,0.12,0.58,0.43,-0.33,-0.03,1.43,129,63
19136,1.8,-10.6,-21.6,0.149,0.147,-0.863,0.7,-3.3,0.0,0.0041,0.0048,0.0054,1012,894,983,765,-0.06,0.13,-0.12,1.40,0.3983,3,1,0,-0.05,0.12,0.54,0.45,-0.33,-0.04,1.44,130,63
19146,-11.3,-14.4,-43.4,0.083,-0.097,-0.686,0.9,-2.8,0.0,0.0176,0.0091,0.0272,858,976,877,907,-0.06,0.13,-0.12,1.40,0.3959,3,1,0,-0.05,0.12,0.53,0.45,-0.34,-0.03,1.42,130,63
19156,12.0,-25.6,74.7,0.007,0.244,-0.745,0.1,-2.5,0.0,-0.0047,0.0114,-0.0790,789,1043,804,1002,-0.06,0.12,-0.12,1.40,0.3982,3,1,0,-0.06,0.11,0.51,0.47,-0.34,-0.04,1.40,130,63
19166,2.0,-11.8,-99.8,-0.061,0.041,-0.772,0.1,-2.0,0.0,0.0034,0.0074,0.0836,1051,818,1051,712,-0.06,0.12,-0.12,1.40,0.3985,3,1,0,-0.06,0.11,0.49,0.48,-0.34,-0.04,1.40,130,63
19177,3.1,-8.8,108.5,-0.138,0.076,-0.796,0.7,-1.2,0.0,0.0029,0.0052,-0.1247,698,1151,644,1149,-0.06,0.12,-0.12,1.40,0.3998,3,1,0,-0.05,0.11,0.49,0.45,-0.34,-0.04,1.40,130,63
19187,1.2,-6.2,-88.1,0.155,-0.085,-0.841,0.6,-1.3,0.0,0.0054,0.0002,0.0734,1047,770,1075,760,-0.06,0.11,-0.13,1.40,0.4022,3,1,0,-0.06,0.11,0.46,0.46,-0.34,-0.04,1.41,130,63
19197,-4.9,-19.0,49.0,0.116,-0.027,-0.923,1.9,-1.0,0.0,0.0122,0.0156,-0.0653,708,1092,733,1109,-0.06,0.11,-0.12,1.40,0.4006,3,1,0,-0.05,0.11,0.45,0.42,-0.34,-0.04,1.43,130,63
19207,13.5,-33.5,-4.2,0.017,0.082,-1.092,1.3,-1.3,0.0,-0.0110,0.0221,-0.0006,982,880,906,889,-0.06,0.11,-0.13,1.40,0.4013,3,1,0,-0.05,0.10,0.41,0.43,-0.34,-0.05,1.43,130,63
19217,14.8,-14.9,-54.4,0.263,0.046,-1.095,1.5,-1.9,0.0,-0.0080,0.0106,0.0382,911,911,898,922,-0.06,0.10,-0.13,1.40,0.4008,3,1,0,-0.05,0.10,0.38,0.43,-0.35,-0.05,1.42,130,63
19227,-3.9,-26.8,66.1,0.075,0.140,-1.063,1.1,-3.0,0.0,0.0104,0.0215,-0.0822,803,1065,742,1037,-0.06,0.10,-0.13,1.40,0.3989,3,1,0,-0.05,0.09,0.33,0.42,-0.35,-0.05,1.41,130,63
19237,-7.7,-24.1,-116.2,0.292,-0.070,-1.160,0.7,-3.3,0.0,0.0118,0.0155,0.0985,1071,762,1069,755,-0.06,0.10,-0.14,1.40,0.4008,3,1,0,-0.05,0.09,0.30,0.43,-0.35,-0.05,1.39,131,63
19247,-18.0,-28.5,90.3,0.076,-0.044,-1.118,0.8,-3.0,0.0,0.0243,0.0232,-0.1065,753,1187,662,1067,-0.06,0.09,-0.13,1.40,0.4018,3,1,0,-0.05,0.08,0.28,0.43,-0.35,-0.05,1.38,131,63
19257,-9.7,-41.0,-92.0,0.060,-0.161,-1.237,0.1,-3.3,0.0,0.0097,0.0430,0.0840,1170,840,1021,657,-0.06,0.09,-0.14,1.40,0.4044,3,1,0,-0.06,0.08,0.24,0.44,-0.35,-0.06,1.37,132,63
19267,-5.2,-24.5,42.9,0.197,-0.107,-1.222,0.7,-4.0,0.0,0.0113,0.0182,-0.0591,805,1180,717,1000,-0.05,0.09,-0.13,1.39,0.4052,3,1,0,-0.05,0.07,0.20,0.42,-0.35,-0.06,1.39,132,63
19277,-16.6,-17.8,0.7,0.115,-0.131,-1.125,1.0,-4.6,0.0,0.0186,0.0135,-0.0016,992,926,954,832,-0.06,0.08,-0.15,1.39,0.4048,3,1,0,-0.05,0.07,0.16,0.40,-0.35,-0.06,1.40,133,63
19288,-12.5,-20.3,-50.1,0.197,-0.028,-1.069,1.6,-4.4,0.0,0.0188,0.0105,0.0291,893,934,938,923,-0.05,0.08,-0.14,1.39,0.4018,3,1,0,-0.05,0.07,0.15,0.39,-0.35,-0.06,1.39,133,63
19298,-10.4,-22.9,80.9,0.138,0.001,-1.167,1.6,-3.8,0.0,0.0174,0.0169,-0.0970,785,1073,812,1025,-0.05,0.08,-0.15,1.39,0.4024,3,1,0,-0.05,0.06,0.13,0.38,-0.35,-0.07,1.38,133,63
19308,1.0,-28.9,-114.0,0.124,-0.088,-0.912,2.0,-3.4,0.0,0.0070,0.0226,0.0965,1100,796,1071,708,-0.05,0.07,-0.15,1.39,0.4014,3,1,0,-0.05,0.06,0.11,0.36,-0.35,-0.07,1.38,133,63
19318,-8.3,-21.4,102.3,0.008,0.083,-0.944,2.3,-3.2,0.0,0.0160,0.0160,-0.1185,702,1205,699,1066,-0.05,0.07,-0.14,1.39,0.4010,3,1,0,-0.04,0.06,0.08,0.35,-0.35,-0.07,1.38,133,63
19328,-5.4,-38.1,-95.4,0.232,-0.030,-0.782,2.6,-4.0,0.0,0.0146,0.0308,0.0828,1126,795,1093,660,-0.05,0.06,-0.16,1.39,0.4002,3,1,0,-0.04,0.05,0.02,0.34,-0.35,-0.07,1.38,133,63
19338,-6.7,-37.6,36.5,-0.136,0.087,-0.879,3.2,-3.9,0.0,0.0152,0.0316,-0.0527,741,1165,768,983,-0.05,0.06,-0.14,1.39,0.4008,3,1,0,-0.04,0.05,0.00,0.31,-0.35,-0.07,1.39,133,63
19348,2.2,-39.9,18.7,-0.105,0.068,-0.748,2.5,-2.8,0.0,0.0104,0.0431,-0.0160,1043,953,924,735,-0.05,0.05,-0.16,1.39,0.3993,3,1,0,-0.04,0.04,0.00,0.31,-0.35,-0.07,1.40,133,63
19358,13.5,-26.6,-56.0,-0.103,-0.137,-0.808,2.5,-2.1,0.0,-0.0049,0.0270,0.0352,1014,999,850,797,-0.05,0.05,-0.15,1.39,0.3994,3,1,0,-0.04,0.04,-0.02,0.30,-0.35,-0.07,1.39,134,63
19368,21.1,-19.3,98.4,-0.086,0.338,-0.954,2.3,-2.2,0.0,-0.0136,0.0149,-0.1145,773,1177,700,1005,-0.04,0.04,-0.15,1.39,0.4000,3,1,0,-0.04,0.04,-0.05,0.29,-0.35,-0.08,1.38,134,63
19379,10.8,-20.8,-110.3,-0.089,0.011,-0.643,2.8,-1.4,0.0,-0.0004,0.0201,0.0937,1117,840,977,714,-0.04,0.04,-0.16,1.39,0.3993,3,1,0,-0.03,0.04,-0.06,0.27,-0.35,-0.08,1.38,135,63
19389,26.1,-28.6,91.1,-0.159,0.266,-0.704,3.9,-0.3,0.0,-0.0170,0.0262,-0.1072,743,1184,636,1087,-0.04,0.04,-0.15,1.39,0.3985,3,1,0,-0.03,0.03,-0.06,0.23,-0.35,-0.08,1.38,135,63
19399,27.9,-22.6,-75.8,0.062,0.158,-0.759,3.8,0.6,0.0,-0.0121,0.0329,0.0691,1167,846,994,655,-0.04,0.03,-0.16,1.39,0.4003,3,1,0,-0.03,0.03,-0.08,0.21,-0.35,-0.08,1.38,136,63
19409,11.9,-21.7,22.7,0.012,0.121,-0.762,3.7,1.8,0.0,-0.0027,0.0254,-0.0447,853,1134,687,973,-0.04,0.03,-0.15,1.38,0.4003,3,1,0,-0.02,0.03,-0.07,0.20,-0.35,-0.08,1.38,136,63
19419,12.8,-19.2,2.6,-0.051,0.152,-0.632,3.1,1.3,0.0,-0.0044,0.0186,-0.0186,1015,980,876,784,-0.04,0.02,-0.16,1.38,0.4001,3,1,0,-0.02,0.03,-0.12,0.20,-0.35,-0.08,1.38,136,63
19429,3.4,-9.8,-73.0,-0.025,0.032,-0.875,2.4,2.2,0.0,0.0073,0.0225,0.0479,1005,1009,857,783,-0.03,0.02,-0.16,1.38,0.4004,3,1,0,-0.03,0.03,-0.12,0.20,-0.35,-0.08,1.38,136,63
19439,11.8,1.0,96.3,-0.011,0.023,-0.855,1.5,2.8,0.0,-0.0040,0.0158,-0.1059,874,1189,653,936,-0.03,0.02,-0.16,1.38,0.3998,3,1,0,-0.03,0.02,-0.14,0.21,-0.35,-0.08,1.38,136,63
19449,6.4,21.1,-105.3,-0.012,-0.216,-0.783,0.8,3.9,0.0,-0.0003,-0.0192,0.0892,1181,840,961,664,-0.03,0.01,-0.17,1.38,0.3982,3,1,0,-0.03,0.03,-0.13,0.21,-0.35,-0.08,1.39,136,63
19459,8.3,24.6,108.0,-0.044,0.025,-0.801,-0.1,5.6,0.0,-0.0057,-0.0178,-0.1255,722,1157,601,1146,-0.03,0.01,-0.16,1.38,0.3961,3,1,0,-0.03,0.03,-0.11,0.22,-0.35,-0.08,1.38,136,63
19469,18.0,-8.3,-75.6,0.065,0.044,-1.006,-1.0,4.8,0.0,-0.0138,0.0114,0.0595,1121,774,1027,719,-0.03,0.01,-0.17,1.38,0.3977,3,1,0,-0.03,0.02,-0.14,0.22,-0.34,-0.09,1.37,136,63
19479,11.5,-4.3,31.0,-0.014,0.038,-1.029,-0.5,4.8,0.0,-0.0044,0.0053,-0.0604,771,1046,746,1053,-0.02,0.00,-0.16,1.38,0.3967,3,1,0,-0.03,0.02,-0.16,0.21,-0.35,-0.08,1.37,136,63
19490,2.0,4.7,28.8,0.069,-0.043,-0.744,-1.0,4.5,0.0,0.0021,-0.0020,-0.0449,980,917,835,910,-0.02,0.00,-0.17,1.38,0.3950,3,1,0,-0.03,0.02,-0.18,0.19,-0.34,-0.09,1.36,136,63
19500,1.9,-5.0,-72.5,0.249,-0.106,-1.228,-1.4,5.1,0.0,0.0018,0.0083,0.0564,1010,866,889,890,-0.02,0.00,-0.17,1.38,0.3980,3,1,0,-0.03,0.02,-0.18,0.20,-0.34,-0.09,1.37,136,63
19510,-9.5,-10.7,99.0,0.065,-0.018,-0.982,-1.5,3.7,0.0,0.0132,0.0127,-0.1151,756,1135,727,1027,-0.02,0.00,-0.17,1.38,0.3977,3,1,0,-0.03,0.01,-0.23,0.20,-0.34,-0.09,1.37,136,63
19520,4.6,-43.0,-96.0,0.061,-0.167,-0.913,-1.8,3.3,0.0,-0.0012,0.0448,0.0799,1148,808,1008,681,-0.02,0.00,-0.17,1.38,0.3974,3,1,0,-0.03,0.01,-0.25,0.19,-0.34,-0.09,1.38,136,63
19530,5.6,-26.3,101.8,-0.066,-0.030,-0.975,-1.3,1.7,0.0,-0.0009,0.0279,-0.1187,729,1195,655,1060,-0.02,0.00,-0.16,1.38,0.3962,3,1,0,-0.02,0.00,-0.30,0.18,-0.34,-0.09,1.39,136,63
19540,2.2,-30.9,-47.8,0.198,-0.042,-1.071,-1.2,0.0,0.0,0.0017,0.0293,0.0317,1103,838,946,772,-0.02,0.00,-0.18,1.38,0.3985,3,1,0,-0.02,0.00,-0.36,0.15,-0.34,-0.09,1.37,136,63
19550,0.4,-36.9,21.5,0.090,-0.106,-0.944,-0.9,-0.9,0.0,-0.0046,0.0311,-0.0538,810,1056,702,1072,-0.02,0.00,-0.16,1.38,0.3967,3,1,0,-0.02,0.00,-0.40,0.15,-0.34,-0.09,1.35,135,63
19560,-2.2,-57.0,41.6,-0.005,0.040,-1.125,-1.0,-3.4,0.0,0.0071,0.0500,-0.0491,907,1005,841,912,-0.01,0.00,-0.17,1.38,0.3984,3,1,0,-0.02,-0.01,-0.47,0.14,-0.34,-0.09,1.35,134,63
19570,3.7,-61.3,-72.3,0.002,0.066,-1.345,-0.9,-4.7,0.0,0.0004,0.0551,0.0562,1024,952,877,805,-0.01,-0.01,-0.17,1.38,0.4001,3,1,0,-0.02,-0.02,-0.52,0.13,-0.34,-0.09,1.35,134,63
19580,5.0,-72.9,97.0,-0.028,0.154,-1.226,-1.1,-4.5,0.0,-0.0009,0.0669,-0.1131,870,1251,579,970,-0.01,-0.01,-0.17,1.38,0.3989,3,1,0,-0.02,-0.02,-0.56,0.12,-0.33,-0.09,1.35,134,63
19590,-1.2,-37.7,-111.1,0.278,-0.133,-1.129,-0.9,-5.3,0.0,0.0055,0.0308,0.0950,1193,811,951,709,-0.01,-0.01,-0.17,1.37,0.4000,3,1,0,-0.01,-0.03,-0.62,0.07,-0.33,-0.09,1.35,134,63
19601,-7.9,-20.6,89.1,0.184,0.151,-0.951,0.4,-6.9,0.0,0.0136,0.0120,-0.1052,761,1213,610,1066,-0.01,-0.01,-0.16,1.37,0.3969,3,1,0,-0.01,-0.04,-0.67,0.05,-0.33,-0.09,1.35,134,63
19611,-11.6,-40.8,-75.4,0.196,-0.017,-1.057,1.2,-8.1,0.0,0.0148,0.0299,0.0713,1102,826,1032,697,-0.01,-0.02,-0.18,1.37,0.3989,3,1,0,-0.01,-0.04,-0.69,0.03,-0.33,-0.10,1.36,134,63
19621,-7.2,-48.4,21.3,0.070,-0.030,-1.104,2.0,-7.7,0.0,0.0145,0.0391,-0.0374,807,1115,758,959,-0.01,-0.02,-0.16,1.37,0.3969,3,1,0,0.00,-0.05,-0.69,0.02,-0.33,-0.09,1.36,134,63
19631,-10.7,-44.2,43.9,0.100,-0.057,-1.079,2.0,-6.9,0.0,0.0189,0.0430,-0.0404,947,1053,828,826,-0.01,-0.03,-0.18,1.37,0.3985,3,1,0,0.00,-0.05,-0.72,0.00,-0.32,-0.10,1.36,134,63
19641,7.7,-38.9,-66.9,0.197,-0.121,-1.127,2.5,-8.0,0.0,-0.0010,0.0283,0.0463,990,903,910,842,-0.01,-0.03,-0.17,1.37,0.3977,3,1,0,0.00,-0.06,-0.76,0.00,-0.32,-0.09,1.34,134,63
19651,3.6,-32.8,110.2,0.109,0.100,-1.279,2.3,-8.2,0.0,0.0038,0.0231,-0.1264,676,1129,737,1116,0.00,-0.03,-0.17,1.37,0.4005,3,1,0,0.00,-0.06,-0.79,-0.01,-0.32,-0.09,1.35,134,63
19661,14.5,-57.6,-105.5,0.115,0.118,-1.322,2.0,-6.9,0.0,-0.0030,0.0310,0.0892,1012,724,1112,802,0.00,-0.04,-0.18,1.37,0.4003,3,1,0,0.00,-0.06,-0.78,-0.02,-0.32,-0.10,1.37,134,63
19671,15.5,-60.0,100.4,-0.125,0.138,-1.052,1.6,-4.9,0.0,-0.0089,0.0537,-0.1166,694,1184,634,1127,0.00,-0.04,-0.16,1.37,0.3957,3,1,0,0.00,-0.06,-0.76,-0.01,-0.32,-0.09,1.36,134,63
19681,21.9,-60.0,-58.9,0.219,0.094,-1.368,0.5,-3.2,0.0,-0.0164,0.0554,0.0428,1105,777,994,775,0.00,-0.05,-0.18,1.37,0.3987,3,1,0,0.00,-0.06,-0.75,-0.02,-0.31,-0.10,1.36,134,63
19691,16.9,-36.9,0.5,0.170,0.187,-0.970,0.3,-3.3,0.0,-0.0129,0.0329,-0.0228,879,1049,711,984,0.00,-0.05,-0.16,1.37,0.3966,3,1,0,0.00,-0.06,-0.78,-0.01,-0.31,-0.09,1.36,134,63
19701,18.5,-56.4,43.8,-0.110,0.227,-1.053,-0.4,-2.6,0.0,-0.0139,0.0524,-0.0600,958,992,748,936,0.00,-0.05,-0.17,1.37,0.3986,3,1,0,0.00,-0.06,-0.79,-0.02,-0.31,-0.10,1.37,134,63
19712,15.5,-43.2,-79.7,0.069,0.014,-0.995,-0.2,-2.2,0.0,-0.0060,0.0390,0.0573,1058,877,924,767,0.00,-0.06,-0.17,1.37,0.3982,3,1,0,0.00,-0.06,-0.80,-0.02,-0.31,-0.09,1.36,134,63
19722,12.6,-30.7,110.1,0.059,-0.035,-1.203,-0.8,-1.6,0.0,-0.0084,0.0277,-0.1262,779,1179,619,1059,0.00,-0.06,-0.17,1.37,0.3987,3,1,0,0.00,-0.07,-0.81,-0.02,-0.30,-0.09,1.35,134,63
19732,19.2,10.6,-90.2,0.128,-0.250,-1.106,-1.1,-2.4,0.0,-0.0156,-0.0159,0.0744,1064,727,1046,810,0.00,-0.06,-0.17,1.37,0.4014,3,1,0,0.00,-0.07,-0.85,-0.02,-0.30,-0.09,1.34,134,63
19742,16.4,34.7,91.7,0.083,-0.028,-1.090,-1.0,-4.8,0.0,-0.0145,-0.0469,-0.1161,638,1054,717,1242,0.00,-0.07,-0.16,1.37,0.4004,3,1,0,0.00,-0.08,-0.93,-0.02,-0.30,-0.09,1.32,134,63
19752,17.1,29.2,-38.8,0.080,0.017,-1.041,-0.8,-6.6,0.0,-0.0129,-0.0374,0.0226,964,734,1084,892,0.00,-0.07,-0.18,1.36,0.4046,3,1,0,0.00,-0.09,-0.99,-0.05,-0.29,-0.10,1.33,134,63
19762,4.5,13.5,15.4,-0.064,-0.116,-0.905,-0.7,-8.4,0.0,-0.0002,-0.0233,-0.0316,747,946,867,1099,0.00,-0.07,-0.16,1.36,0.4013,3,1,0,0.00,-0.10,-1.05,-0.04,-0.29,-0.09,1.34,134,63
19772,1.6,-8.9,53.5,0.167,0.026,-0.975,-1.2,-8.7,0.0,-0.0012,-0.0057,-0.0550,862,953,850,1004,0.00,-0.07,-0.17,1.36,0.4016,3,1,0,0.00,-0.11,-1.08,-0.05,-0.29,-0.09,1.35,134,63
19782,-0.6,-10.4,-82.4,0.190,-0.230,-0.867,-0.8,-9.6,0.0,0.0048,-0.0004,0.0662,1002,832,988,834,0.00,-0.08,-0.17,1.36,0.4000,3,1,0,0.00,-0.11,-1.12,-0.05,-0.29,-0.09,1.36,135,63
19792,-2.9,-25.1,110.3,-0.123,0.176,-0.888,-0.9,-9.8,0.0,0.0070,0.0140,-0.1265,678,1161,705,1108,0.00,-0.08,-0.17,1.36,0.4003,3,1,0,0.00,-0.12,-1.14,-0.05,-0.28,-0.09,1.35,135,63
19802,-0.6,-44.9,-99.6,-0.040,-0.017,-0.800,-0.7,-9.5,0.0,0.0092,0.0402,0.0886,1139,840,1028,638,0.00,-0.09,-0.17,1.36,0.3999,3,1,0,0.00,-0.12,-1.16,-0.06,-0.28,-0.09,1.35,135,63
19812,1.9,-31.9,97.0,-0.162,0.068,-0.939,0.0,-9.1,0.0,0.0030,0.0215,-0.1132,759,1238,594,1049,0.00,-0.09,-0.16,1.36,0.3993,3,1,0,0.00,-0.12,-1.18,-0.07,-0.28,-0.09,1.34,135,63
19822,2.8,-15.7,-32.9,0.043,-0.008,-0.760,0.2,-7.3,0.0,0.0012,0.0296,0.0285,1110,935,884,727,0.00,-0.09,-0.17,1.36,0.3999,3,1,0,0.01,-0.12,-1.16,-0.10,-0.27,-0.09,1.34,135,63
19833,-9.3,5.3,-3.4,0.081,-0.131,-1.044,0.6,-7.0,0.0,0.0150,-0.0138,-0.0127,835,1050,801,967,0.00,-0.10,-0.16,1.36,0.3996,3,1,0,0.01,-0.12,-1.18,-0.10,-0.27,-0.09,1.35,135,63
19843,4.2,-7.5,58.7,0.006,-0.002,-0.884,0.4,-6.4,0.0,0.0011,-0.0001,-0.0749,858,1036,797,977,0.01,-0.10,-0.17,1.36,0.4020,3,1,0,0.01,-0.12,-1.18,-0.11,-0.26,-0.09,1.34,136,63
19853,4.7,-4.8,-90.6,-0.044,-0.057,-1.016,0.4,-5.6,0.0,0.0000,0.0027,0.0680,1050,813,1022,787,0.01,-0.10,-0.17,1.36,0.4013,3,1,0,0.01,-0.12,-1.18,-0.11,-0.26,-0.09,1.34,136,63
19863,-11.5,4.5,103.6,0.108,-0.024,-1.033,0.1,-4.0,0.0,0.0167,-0.0099,-0.1198,718,1180,690,1081,0.01,-0.11,-0.17,1.36,0.4010,3,1,0,0.01,-0.12,-1.17,-0.10,-0.26,-0.09,1.34,136,63
19873,-19.3,-15.4,-104.9,0.246,-0.309,-0.932,0.7,-4.0,0.0,0.0252,0.0102,0.0887,1106,785,1080,707,0.01,-0.11,-0.17,1.36,0.4028,3,1,0,0.01,-0.12,-1.18,-0.13,-0.25,-0.09,1.33,136,63
19883,-14.4,-24.3,76.8,-0.010,-0.032,-0.923,1.1,-4.5,0.0,0.0238,0.0125,-0.0981,701,1172,752,1046,0.01,-0.11,-0.16,1.35,0.4018,3,1,0,0.01,-0.13,-1.21,-0.12,-0.25,-0.09,1.35,136,63
19893,-5.5,-47.6,-31.2,0.024,-0.143,-0.973,0.7,-4.8,0.0,0.0164,0.0440,0.0286,1063,943,988,701,0.01,-0.12,-0.17,1.35,0.4040,3,1,0,0.01,-0.13,-1.24,-0.13,-0.25,-0.09,1.36,136,63
19903,7.6,-36.7,4.2,-0.200,-0.149,-1.039,0.8,-5.4,0.0,-0.0018,0.0302,-0.0204,922,1065,783,909,0.01,-0.12,-0.16,1.35,0.4028,3,1,0,0.01,-0.14,-1.28,-0.13,-0.24,-0.09,1.36,137,63
19913,10.7,-16.0,66.7,-0.107,0.174,-0.967,0.7,-5.8,0.0,0.0017,0.0170,-0.0697,839,1092,783,982,0.01,-0.12,-0.17,1.35,0.4030,3,1,0,0.01,-0.14,-1.30,-0.14,-0.24,-0.09,1.35,137,63
19923,9.0,-29.0,-87.3,-0.016,0.116,-1.028,1.3,-7.6,0.0,-0.0027,0.0203,0.0710,1056,862,961,792,0.01,-0.13,-0.17,1.35,0.4014,3,1,0,0.01,-0.15,-1.36,-0.16,-0.23,-0.09,1.35,137,63
19933,18.1,-45.0,110.4,-0.194,0.201,-1.121,1.7,-8.9,0.0,-0.0115,0.0351,-0.1267,784,1214,600,1093,0.01,-0.13,-0.16,1.35,0.4011,3,1,0,0.02,-0.16,-1.41,-0.17,-0.23,-0.09,1.34,137,63
19944,19.3,-40.9,-109.2,0.023,-0.006,-1.032,1.9,-9.6,0.0,-0.0137,0.0353,0.0938,1224,801,982,687,0.01,-0.13,-0.17,1.35,0.4038,3,1,0,0.02,-0.17,-1.45,-0.19,-0.23,-0.09,1.34,137,63
19954,8.7,-10.4,79.4,0.062,0.035,-0.866,2.3,-11.2,0.0,-0.0014,-0.0019,-0.0957,757,1132,667,1112,0.01,-0.13,-0.16,1.35,0.4016,3,1,0,0.02,-0.17,-1.50,-0.19,-0.22,-0.08,1.35,137,63
19964,8.4,-20.8,-38.6,0.020,0.023,-0.787,2.7,-12.0,0.0,-0.0052,0.0100,0.0411,1058,832,981,817,0.01,-0.14,-0.18,1.35,0.4029,3,1,0,0.02,-0.18,-1.53,-0.22,-0.22,-0.09,1.35,137,63
19974,13.3,-24.5,-13.0,-0.010,-0.108,-1.216,3.7,-13.3,0.0,-0.0045,0.0101,-0.0032,906,989,848,940,0.01,-0.14,-0.16,1.35,0.4045,3,1,0,0.03,-0.19,-1.58,-0.23,-0.21,-0.08,1.35,136,63
19984,2.5,-22.8,79.7,-0.104,-0.094,-0.974,4.3,-13.5,0.0,0.0067,0.0081,-0.0960,823,1118,744,999,0.01,-0.14,-0.17,1.35,0.4043,3,1,0,0.03,-0.19,-1.60,-0.26,-0.21,-0.09,1.34,136,63
19994,19.1,-28.1,-80.6,0.047,-0.204,-0.998,5.0,-13.9,0.0,-0.0146,0.0162,0.0561,1085,832,958,828,0.02,-0.15,-0.17,1.35,0.4047,3,1,0,0.03,-0.19,-1.63,-0.28,-0.20,-0.08,1.33,136,63
20004,8.0,-27.2,119.6,-0.035,0.215,-1.136,5.3,-13.3,0.0,0.0039,0.0118,-0.1359,670,1212,680,1148,0.02,-0.15,-0.16,1.35,0.4055,3,1,0,0.03,-0.19,-1.63,-0.29,-0.20,-0.08,1.33,136,63
20014,10.5,-59.5,-88.6,-0.078,0.010,-0.991,4.8,-12.6,0.0,-0.0008,0.0460,0.0723,1150,852,999,720,0.02,-0.15,-0.17,1.35,0.4083,3,1,0,0.04,-0.20,-1.63,-0.30,-0.19,-0.08,1.33,136,63
20024,20.7,-45.4,72.4,-0.192,0.084,-0.772,5.4,-11.8,0.0,-0.0132,0.0364,-0.1001,817,1167,630,1083,0.02,-0.16,-0.16,1.34,0.4039,3,1,0,0.04,-0.20,-1.64,-0.31,-0.19,-0.08,1.34,136,63
20034,13.6,-35.2,-21.9,0.111,0.118,-0.925,4.7,-10.7,0.0,-0.0010,0.0321,0.0145,1050,965,902,814,0.02,-0.16,-0.17,1.34,0.4074,3,1,0,0.04,-0.20,-1.64,-0.32,-0.18,-0.08,1.35,136,63
20044,-4.1,-29.0,-33.0,0.079,-0.154,-0.843,3.7,-11.0,0.0,0.0113,0.0191,0.0115,953,1007,855,889,0.02,-0.16,-0.16,1.34,0.4073,3,1,0,0.03,-0.20,-1.67,-0.29,-0.18,-0.08,1.34,137,63
20054,11.4,-25.9,64.5,0.004,0.033,-0.744,3.8,-10.6,0.0,-0.0030,0.0250,-0.0677,883,1100,754,981,0.02,-0.17,-0.17,1.34,0.4070,3,1,0,0.04,-0.21,-1.69,-0.31,-0.17,-0.08,1.34,137,63
20065,6.9,-21.2,-89.7,-0.156,-0.185,-1.020,3.7,-11.9,0.0,0.0017,0.0082,0.0733,1118,866,990,758,0.03,-0.17,-0.17,1.34,0.4104,3,1,0,0.04,-0.21,-1.74,-0.31,-0.17,-0.08,1.34,137,63
20075,-6.5,-5.4,117.0,-0.094,-0.190,-1.054,3.3,-11.7,0.0,0.0130,0.0057,-0.1292,707,1219,684,1118,0.03,-0.18,-0.16,1.34,0.4099,3,1,0,0.04,-0.22,-1.76,-0.30,-0.16,-0.08,1.33,136,63
20085,-2.5,-15.5,-100.4,0.064,-0.264,-0.906,3.3,-12.1,0.0,0.0114,0.0019,0.0853,1087,793,1113,747,0.03,-0.18,-0.17,1.34,0.4103,3,1,0,0.04,-0.22,-1.78,-0.32,-0.16,-0.08,1.34,136,63
20095,4.3,-19.9,76.9,-0.211,0.143,-1.094,3.8,-11.9,0.0,0.0043,0.0071,-0.0933,722,1176,740,1093,0.03,-0.18,-0.16,1.34,0.4092,3,1,0,0.04,-0.22,-1.80,-0.32,-0.15,-0.07,1.34,135,63
20105,1.9,-41.7,-31.1,-0.074,0.123,-0.830,4.2,-10.3,0.0,0.0073,0.0345,0.0203,1083,949,933,767,0.03,-0.19,-0.17,1.34,0.4077,3,1,0,0.05,-0.22,-1.78,-0.36,-0.15,-0.07,1.36,135,63
20115,-1.9,-22.6,-36.3,0.085,-0.109,-0.850,5.4,-9.5,0.0,0.0122,0.0122,0.0199,963,1033,847,870,0.03,-0.19,-0.17,1.34,0.4074,3,1,0,0.05,-0.22,-1.78,-0.37,-0.14,-0.07,1.38,135,63
20125,9.5,-28.8,71.9,0.018,0.129,-0.748,4.9,-8.7,0.0,0.0087,0.0290,-0.0733,845,1138,769,953,0.03,-0.19,-0.17,1.34,0.4074,3,1,0,0.05,-0.22,-1.78,-0.37,-0.13,-0.07,1.39,134,63
20135,8.5,-19.9,-88.5,-0.096,-0.137,-0.897,4.4,-8.5,0.0,0.0007,0.0105,0.0721,1099,841,1022,732,0.03,-0.20,-0.17,1.34,0.4063,3,1,0,0.05,-0.23,-1.78,-0.36,-0.13,-0.07,1.40,134,63
20145,9.8,9.2,119.4,0.000,-0.002,-0.898,4.0,-7.2,0.0,-0.0009,-0.0173,-0.1358,711,1182,659,1133,0.03,-0.20,-0.16,1.34,0.4038,3,1,0,0.04,-0.22,-1.77,-0.35,-0.12,-0.07,1.38,134,63
20155,5.5,14.1,-82.2,0.104,-0.056,-0.932,3.6,-7.5,0.0,0.0034,-0.0231,0.0681,1029,756,1104,812,0.03,-0.20,-0.17,1.34,0.4073,3,1,0,0.05,-0.23,-1.77,-0.35,-0.12,-0.07,1.36,134,63
20165,-3.8,2.8,74.7,-0.034,0.030,-0.957,3.9,-7.6,0.0,0.0126,-0.0112,-0.0911,656,1101,778,1162,0.03,-0.20,-0.16,1.34,0.4056,3,1,0,0.04,-0.23,-1.78,-0.34,-0.11,-0.07,1.38,134,63
20176,5.5,-9.0,-6.4,0.111,0.038,-0.931,3.7,-7.3,0.0,0.0015,-0.0013,0.0070,960,892,966,896,0.03,-0.20,-0.17,1.34,0.4064,3,1,0,0.05,-0.23,-1.78,-0.36,-0.11,-0.07,1.40,134,63
20186,0.6,-6.6,-27.5,0.086,-0.076,-0.955,4.3,-6.7,0.0,0.0086,-0.0008,0.0110,883,978,879,945,0.03,-0.21,-0.17,1.34,0.4043,3,1,0,0.05,-0.23,-1.78,-0.36,-0.10,-0.06,1.39,134,63
20196,5.5,-13.9,83.2,-0.081,0.244,-0.798,4.3,-5.7,0.0,0.0063,0.0078,-0.0893,768,1111,766,1038,0.03,-0.21,-0.17,1.34,0.4046,3,1,0,0.05,-0.23,-1.76,-0.37,-0.10,-0.06,1.37,134,63
20206,4.6,-21.1,-100.6,-0.157,0.032,-0.887,5.2,-6.1,0.0,0.0069,0.0199,0.0831,1105,853,1036,700,0.03,-0.21,-0.17,1.34,0.4062,3,1,0,0.05,-0.23,-1.78,-0.38,-0.09,-0.06,1.37,134,63
20216,2.4,5.6,130.7,-0.127,-0.089,-0.996,5.4,-5.6,0.0,0.0069,-0.0078,-0.1477,689,1243,615,1147,0.03,-0.21,-0.17,1.34,0.4053,3,1,0,0.05,-0.23,-1.79,-0.38,-0.09,-0.06,1.37,134,63
20226,-3.5,7.9,-75.7,0.042,-0.313,-0.749,5.9,-5.1,0.0,0.0147,-0.0110,0.0608,1040,838,1060,769,0.03,-0.21,-0.18,1.34,0.4080,3,1,0,0.05,-0.23,-1.77,-0.40,-0.08,-0.06,1.37,135,63
20236,0.3,10.0,58.0,0.055,-0.121,-1.022,5.4,-5.1,0.0,0.0100,-0.0159,-0.0745,678,1110,777,1124,0.03,-0.21,-0.16,1.34,0.4050,3,1,0,0.05,-0.23,-1.78,-0.37,-0.08,-0.06,1.37,135,63
20246,7.6,-0.7,0.5,0.010,-0.028,-1.011,4.7,-4.7,0.0,-0.0025,-0.0086,-0.0021,934,888,949,937,0.03,-0.21,-0.18,1.34,0.4074,3,1,0,0.05,-0.23,-1.76,-0.38,-0.07,-0.06,1.36,135,63
20256,6.7,-3.9,-39.6,0.131,-0.179,-1.007,5.2,-4.7,0.0,0.0029,-0.0047,0.0184,898,908,957,952,0.03,-0.22,-0.17,1.34,0.4073,3,1,0,0.05,-0.23,-1.77,-0.38,-0.07,-0.06,1.34,135,63
20266,-9.9,-10.6,84.8,0.096,0.004,-1.068,5.3,-3.8,0.0,0.0203,0.0062,-0.1012,707,1095,837,1072,0.03,-0.22,-0.17,1.34,0.4108,3,1,0,0.05,-0.23,-1.75,-0.39,-0.06,-0.06,1.36,135,63
20277,6.2,-27.8,-101.3,-0.051,-0.147,-1.010,5.4,-2.6,0.0,0.0110,0.0164,0.0837,1079,827,1096,731,0.03,-0.22,-0.17,1.34,0.4111,3,1,0,0.05,-0.23,-1.72,-0.39,-0.05,-0.05,1.38,136,63
20287,14.6,-27.7,115.7,-0.214,0.109,-1.206,5.3,-2.7,0.0,-0.0045,0.0244,-0.1322,702,1232,673,1127,0.03,-0.22,-0.17,1.34,0.4104,3,1,0,0.05,-0.23,-1.71,-0.36,-0.05,-0.05,1.38,136,63
20297,14.7,-8.2,-77.4,0.107,-0.086,-1.162,4.2,-3.0,0.0,-0.0050,0.0031,0.0663,1075,800,1051,800,0.04,-0.22,-0.18,1.34,0.4108,3,1,0,0.05,-0.23,-1.72,-0.36,-0.04,-0.05,1.38,136,63
20307,3.1,-3.6,54.5,-0.014,-0.030,-0.924,4.1,-3.9,0.0,0.0058,-0.0008,-0.0709,719,1090,748,1152,0.03,-0.22,-0.16,1.34,0.4063,3,1,0,0.05,-0.23,-1.72,-0.36,-0.04,-0.05,1.37,137,63
20317,22.5,-13.0,2.8,-0.004,0.101,-1.401,4.3,-4.0,0.0,-0.0133,0.0084,-0.0192,965,886,936,949,0.04,-0.22,-0.18,1.34,0.4107,3,1,0,0.05,-0.23,-1.71,-0.38,-0.03,-0.05,1.36,137,63
20327,9.7,0.6,-50.0,0.104,-0.100,-1.144,4.6,-3.5,0.0,-0.0039,-0.0070,0.0194,941,884,951,936,0.03,-0.22,-0.17,1.34,0.4088,3,1,0,0.05,-0.23,-1.72,-0.37,-0.03,-0.05,1.38,137,63
20337,-5.3,-11.5,90.3,0.120,0.009,-1.050,4.7,-3.8,0.0,0.0151,0.0071,-0.1067,784,1086,745,1109,0.03,-0.22,-0.17,1.34,0.4085,3,1,0,0.05,-0.24,-1.73,-0.40,-0.02,-0.05,1.39,137,63
20347,-4.2,-30.2,-107.6,0.185,-0.017,-1.173,6.1,-4.4,0.0,0.0155,0.0220,0.0916,1085,799,1114,717,0.04,-0.22,-0.17,1.34,0.4085,3,1,0,0.06,-0.24,-1.71,-0.42,-0.02,-0.05,1.39,137,63
20357,-10.0,-36.1,110.4,-0.007,-0.007,-1.214,7.1,-1.3,0.0,0.0221,0.0343,-0.1269,685,1238,711,1086,0.03,-0.22,-0.17,1.34,0.4081,3,1,0,0.06,-0.23,-1.69,-0.42,-0.01,-0.04,1.38,137,63
20367,3.3,-19.7,-64.6,0.158,-0.105,-1.012,6.7,-1.2,0.0,0.0083,0.0179,0.0481,1066,831,1052,779,0.04,-0.22,-0.18,1.34,0.4093,3,1,0,0.06,-0.23,-1.68,-0.44,-0.01,-0.04,1.37,137,63
20378,1.6,-4.3,48.5,0.099,0.054,-1.001,7.2,-1.6,0.0,0.0131,0.0030,-0.0803,737,1132,783,1064,0.03,-0.22,-0.17,1.34,0.4067,3,1,0,0.06,-0.23,-1.69,-0.42,0.00,-0.04,1.37,137,63
20388,2.3,-19.6,26.5,0.009,0.138,-1.102,7.0,-1.9,0.0,0.0096,0.0171,-0.0430,904,1008,901,924,0.04,-0.23,-0.18,1.34,0.4102,3,1,0,0.06,-0.23,-1.70,-0.44,0.00,-0.04,1.37,137,63
20398,11.8,-7.5,-59.1,0.023,0.103,-1.051,7.1,-1.6,0.0,0.0001,0.0053,0.0426,982,950,932,859,0.04,-0.23,-0.17,1.34,0.4095,3,1,0,0.06,-0.23,-1.69,-0.43,0.00,-0.04,1.37,137,63
20408,-3.3,-17.5,94.4,0.013,0.126,-0.806,6.9,-1.4,0.0,0.0140,0.0280,-0.1045,789,1214,703,1029,0.04,-0.23,-0.17,1.34,0.4099,3,1,0,0.06,-0.23,-1.69,-0.43,0.00,-0.04,1.38,137,63
20418,-10.5,-7.9,-119.0,0.262,-0.098,-0.822,7.6,-2.0,0.0,0.0232,0.0053,0.1025,1095,810,1123,709,0.04,-0.23,-0.18,1.34,0.4110,3,1,0,0.06,-0.23,-1.69,-0.45,0.01,-0.04,1.39,137,63
20428,-14.3,-4.8,102.2,0.187,0.075,-1.019,7.7,-2.7,0.0,0.0265,-0.0002,-0.1198,657,1201,736,1129,0.03,-0.23,-0.17,1.34,0.4109,3,1,0,0.06,-0.24,-1.71,-0.44,0.01,-0.04,1.39,138,63
20438,-2.4,-3.2,-72.2,-0.008,-0.130,-0.883,7.7,-3.5,0.0,0.0146,-0.0010,0.0595,1049,819,1092,765,0.04,-0.23,-0.18,1.34,0.4102,3,1,0,0.07,-0.24,-1.72,-0.46,0.02,-0.03,1.39,138,63
20448,-1.4,2.9,47.0,-0.042,-0.043,-1.185,8.5,-3.7,0.0,0.0149,-0.0072,-0.0636,706,1147,805,1072,0.04,-0.23,-0.17,1.34,0.4089,3,1,0,0.06,-0.24,-1.74,-0.46,0.02,-0.03,1.39,138,63
20458,2.0,-3.5,18.1,0.080,0.073,-1.176,8.2,-4.9,0.0,0.0111,-0.0018,-0.0346,856,943,971,947,0.04,-0.23,-0.18,1.34,0.4109,3,1,0,0.07,-0.25,-1.76,-0.48,0.03,-0.03,1.38,138,63
20468,15.6,-9.5,-72.1,-0.088,0.096,-0.880,8.4,-5.4,0.0,-0.0021,0.0026,0.0507,972,869,989,875,0.04,-0.23,-0.17,1.34,0.4061,3,1,0,0.07,-0.25,-1.77,-0.47,0.03,-0.03,1.40,138,63
20478,2.9,-31.5,91.4,-0.032,0.196,-1.244,7.8,-5.1,0.0,0.0099,0.0259,-0.1079,774,1173,724,1047,0.04,-0.23,-0.17,1.34,0.4080,3,1,0,0.07,-0.25,-1.77,-0.46,0.04,-0.03,1.41,138,63
20488,-7.4,-20.3,-116.1,0.211,-0.180,-1.177,7.5,-5.1,0.0,0.0180,0.0125,0.0980,1093,783,1100,714,0.04,-0.23,-0.18,1.34,0.4076,3,1,0,0.07,-0.25,-1.76,-0.46,0.05,-0.03,1.41,138,63
20499,1.5,-4.7,93.1,-0.032,0.072,-0.833,7.7,-5.0,0.0,0.0111,-0.0007,-0.1096,691,1172,720,1107,0.04,-0.23,-0.17,1.34,0.4041,3,1,0,0.06,-0.25,-1.76,-0.45,0.05,-0.03,1.41,138,63
20509,6.2,-25.7,-60.8,-0.076,-0.030,-1.346,7.4,-5.0,0.0,0.0075,0.0257,0.0588,1099,850,1038,721,0.04,-0.23,-0.18,1.34,0.4068,3,1,0,0.07,-0.25,-1.76,-0.46,0.06,-0.02,1.41,138,63
20519,12.7,-1.5,28.5,-0.009,-0.076,-1.065,7.5,-4.8,0.0,-0.0002,-0.0038,-0.0451,814,1072,775,1023,0.04,-0.23,-0.17,1.34,0.4052,3,1,0,0.06,-0.25,-1.75,-0.44,0.06,-0.02,1.41,138,63
20529,3.1,15.7,43.9,-0.072,0.010,-0.931,6.7,-4.5,0.0,0.0093,-0.0114,-0.0445,876,992,889,941,0.04,-0.23,-0.18,1.35,0.4044,3,1,0,0.06,-0.25,-1.74,-0.44,0.07,-0.02,1.41,138,63
20539,4.7,-2.6,-63.8,-0.037,0.068,-1.029,6.4,-4.4,0.0,0.0067,-0.0019,0.0433,956,876,977,865,0.04,-0.23,-0.17,1.35,0.4028,3,1,0,0.06,-0.25,-1.73,-0.43,0.07,-0.02,1.42,138,63
20549,5.0,-1.6,108.8,0.036,0.099,-1.084,5.9,-4.3,0.0,0.0059,-0.0032,-0.1253,693,1148,727,1110,0.04,-0.23,-0.17,1.35,0.4029,3,1,0,0.06,-0.25,-1.72,-0.42,0.08,-0.02,1.42,138,63
20559,-0.5,0.6,-104.9,0.167,-0.183,-0.965,5.3,-3.7,0.0,0.0098,0.0044,0.0873,1085,788,1072,720,0.04,-0.23,-0.18,1.35,0.4024,3,1,0,0.06,-0.25,-1.71,-0.41,0.08,-0.02,1.41,138,63
20569,2.1,18.0,98.7,-0.101,0.165,-1.006,5.4,-2.8,0.0,0.0075,-0.0183,-0.1202,649,1163,705,1147,0.04,-0.23,-0.17,1.35,0.4014,3,1,0,0.06,-0.24,-1.68,-0.40,0.09,-0.02,1.43,138,63
20579,9.4,-5.3,-58.7,0.058,0.162,-1.128,4.2,-3.2,0.0,0.0018,0.0032,0.0470,1050,858,1055,706,0.04,-0.23,-0.18,1.35,0.4025,3,1,0,0.06,-0.24,-1.68,-0.39,0.09,-0.01,1.44,138,63
20589,-11.9,-2.6,18.6,-0.086,-0.042,-1.080,4.7,-2.5,0.0,0.0208,0.0000,-0.0400,770,1058,829,988,0.04,-0.23,-0.17,1.35,0.4009,3,1,0,0.06,-0.24,-1.66,-0.37,0.10,-0.01,1.43,138,63
20600,2.0,5.4,57.8,-0.078,0.037,-0.990,4.7,-2.2,0.0,0.0077,-0.0082,-0.0744,840,1029,823,968,0.04,-0.23,-0.18,1.35,0.4006,3,1,0,0.06,-0.24,-1.65,-0.39,0.10,-0.01,1.42,138,63
20610,-14.7,15.0,-74.3,0.145,-0.200,-1.248,5.6,-1.8,0.0,0.0299,-0.0135,0.0471,915,907,1028,817,0.04,-0.23,-0.17,1.35,0.4012,3,1,0,0.06,-0.24,-1.63,-0.40,0.11,-0.01,1.43,138,63
20620,-6.9,7.5,110.1,0.035,-0.095,-1.306,6.2,-1.0,0.0,0.0176,-0.0152,-0.1257,621,1132,750,1163,0.04,-0.23,-0.17,1.36,0.4017,3,1,0,0.06,-0.24,-1.60,-0.41,0.11,-0.01,1.43,138,63
20630,14.4,4.3,-103.0,0.016,0.069,-1.139,5.6,-0.7,0.0,-0.0038,-0.0055,0.0864,1030,770,1139,727,0.04,-0.23,-0.18,1.36,0.4003,3,1,0,0.06,-0.23,-1.58,-0.40,0.12,-0.01,1.42,138,63
20640,-0.7,-18.4,87.8,-0.091,0.128,-1.304,5.8,-0.7,0.0,0.0128,0.0163,-0.1070,678,1186,718,1086,0.04,-0.23,-0.17,1.36,0.4006,3,1,0,0.06,-0.23,-1.58,-0.39,0.12,-0.01,1.41,138,63
20650,2.7,-12.2,-52.6,0.164,0.098,-1.160,5.5,-1.2,0.0,0.0078,0.0106,0.0360,1024,843,1038,777,0.04,-0.23,-0.18,1.36,0.4027,3,1,0,0.06,-0.23,-1.58,-0.40,0.13,-0.01,1.42,138,63
20660,-7.0,-3.0,-1.4,0.031,0.043,-1.002,6.1,-1.1,0.0,0.0174,0.0039,-0.0307,796,1060,840,972,0.04,-0.23,-0.17,1.36,0.4005,3,1,0,0.06,-0.24,-1.58,-0.38,0.13,-0.01,1.42,138,63
20670,-6.0,-19.7,44.5,-0.056,0.127,-1.152,5.4,-1.2,0.0,0.0158,0.0188,-0.0554,866,1050,854,923,0.04,-0.23,-0.18,1.36,0.4034,3,1,0,0.06,-0.23,-1.57,-0.38,0.14,0.00,1.42,137,63
20680,2.7,8.5,-82.0,-0.025,-0.063,-0.929,5.8,-1.4,0.0,0.0081,-0.0104,0.0654,1010,865,1014,778,0.04,-0.23,-0.17,1.36,0.4010,3,1,0,0.06,-0.24,-1.57,-0.37,0.14,0.00,1.41,137,63
20690,-4.3,16.4,123.7,-0.193,-0.003,-0.953,5.6,-2.0,0.0,0.0150,-0.0190,-0.1403,710,1222,678,1092,0.04,-0.23,-0.17,1.36,0.4036,3,1,0,0.06,-0.24,-1.58,-0.36,0.15,0.00,1.41,137,63
20701,-3.0,23.8,-102.1,0.034,-0.042,-1.156,5.9,-3.2,0.0,0.0140,-0.0276,0.0854,1036,775,1138,738,0.04,-0.23,-0.18,1.36,0.4043,3,1,0,0.06,-0.24,-1.59,-0.38,0.15,0.00,1.41,137,63
20711,-9.1,32.0,94.8,-0.013,0.066,-0.886,6.6,-4.0,0.0,0.0241,-0.0316,-0.1198,600,1169,751,1155,0.03,-0.23,-0.17,1.36,0.4032,3,1,0,0.06,-0.24,-1.60,-0.37,0.16,0.00,1.44,137,63
20721,8.4,15.1,-38.4,0.101,0.144,-1.098,6.4,-4.0,0.0,0.0030,-0.0197,0.0218,990,840,1048,814,0.04,-0.22,-0.18,1.36,0.4022,3,1,0,0.06,-0.24,-1.58,-0.38,0.16,0.00,1.46,138,63
20731,-2.1,8.7,-11.0,0.084,0.143,-1.269,7.0,-4.3,0.0,0.0159,-0.0128,-0.0230,777,1015,887,985,0.03,-0.22,-0.17,1.37,0.4034,3,1,0,0.06,-0.24,-1.58,-0.37,0.17,0.00,1.43,138,63
20741,-0.6,10.6,71.6,0.166,0.187,-1.073,6.9,-4.7,0.0,0.0127,-0.0157,-0.0882,755,1038,890,989,0.03,-0.22,-0.17,1.37,0.4045,3,1,0,0.06,-0.24,-1.58,-0.38,0.17,0.00,1.40,138,63
20751,-7.9,-1.3,-93.0,0.033,0.097,-1.085,7.5,-5.6,0.0,0.0251,-0.0018,0.0704,988,871,1082,756,0.03,-0.22,-0.17,1.37,0.4064,3,1,0,0.06,-0.24,-1.59,-0.38,0.18,0.00,1.41,138,63
20761,-6.9,-13.1,109.3,-0.102,0.212,-1.429,7.1,-5.4,0.0,0.0192,0.0083,-0.1258,681,1218,718,1106,0.03,-0.22,-0.17,1.37,0.4082,3,1,0,0.06,-0.24,-1.59,-0.36,0.18,0.00,1.43,138,63
20771,-5.9,-13.0,-90.2,0.114,-0.068,-1.141,6.8,-4.2,0.0,0.0179,0.0083,0.0736,1084,850,1068,708,0.03,-0.22,-0.17,1.37,0.4090,3,1,0,0.06,-0.24,-1.55,-0.36,0.18,0.00,1.44,138,63
20781,-12.8,-5.8,84.8,-0.074,-0.090,-1.024,6.8,-3.4,0.0,0.0199,0.0097,-0.1125,695,1214,686,1113,0.03,-0.22,-0.16,1.37,0.4042,3,1,0,0.05,-0.24,-1.53,-0.33,0.19,0.00,1.45,139,63
20791,-7.2,-13.0,-27.1,-0.042,-0.012,-1.426,6.6,-2.4,0.0,0.0198,0.0153,0.0185,1013,925,996,780,0.03,-0.22,-0.17,1.37,0.4078,3,1,0,0.06,-0.23,-1.49,-0.35,0.19,0.00,1.45,139,63
20802,-8.6,-8.4,-18.7,-0.062,-0.116,-0.901,7.0,-1.1,0.0,0.0208,0.0069,0.0020,833,1034,883,918,0.03,-0.22,-0.16,1.37,0.4045,3,1,0,0.05,-0.23,-1.46,-0.33,0.20,0.00,1.45,139,63
20812,-18.4,-9.3,63.6,-0.045,0.000,-0.905,6.5,0.1,0.0,0.0331,0.0223,-0.0658,841,1126,821,890,0.03,-0.22,-0.17,1.37,0.4017,3,1,0,0.05,-0.22,-1.42,-0.33,0.20,0.00,1.46,139,63
20822,-15.8,-10.0,-106.2,0.056,-0.236,-1.093,7.0,1.4,0.0,0.0284,0.0135,0.0870,1049,873,1037,710,0.03,-0.22,-0.17,1.37,0.4038,3,1,0,0.05,-0.22,-1.38,-0.33,0.21,0.00,1.44,139,63
20832,-16.8,3.8,116.3,0.023,-0.007,-0.978,6.5,2.3,0.0,0.0286,-0.0019,-0.1330,630,1242,727,1060,0.03,-0.22,-0.16,1.37,0.4027,3,1,0,0.05,-0.21,-1.35,-0.31,0.21,0.00,1.42,139,63
20842,-1.9,-6.1,-97.6,-0.062,-0.154,-0.928,6.1,2.3,0.0,0.0147,0.0104,0.0834,1094,826,1110,656,0.03,-0.22,-0.17,1.37,0.4060,3,1,0,0.05,-0.21,-1.33,-0.31,0.22,0.00,1.43,139,63
20852,3.1,12.0,75.6,-0.310,0.058,-1.252,6.1,2.5,0.0,0.0085,-0.0060,-0.1005,671,1188,735,1100,0.03,-0.22,-0.16,1.37,0.4058,3,1,0,0.05,-0.21,-1.31,-0.29,0.22,0.00,1.44,139,63
20862,9.4,16.1,-14.2,0.039,0.030,-1.110,4.8,3.0,0.0,0.0005,-0.0135,-0.0023,955,885,993,855,0.03,-0.22,-0.17,1.38,0.4068,3,1,0,0.05,-0.21,-1.28,-0.27,0.22,0.01,1.45,139,63
20872,-5.4,21.2,-31.5,-0.083,-0.050,-0.957,5.0,3.1,0.0,0.0115,-0.0175,-0.0023,825,952,911,988,0.03,-0.21,-0.16,1.38,0.4022,3,1,0,0.04,-0.20,-1.26,-0.26,0.23,0.00,1.45,139,63
20882,-0.5,-3.4,72.1,0.014,0.114,-1.264,4.0,3.1,0.0,0.0098,0.0062,-0.0888,779,1030,824,1048,0.03,-0.21,-0.16,1.38,0.4042,3,1,0,0.04,-0.20,-1.24,-0.25,0.23,0.01,1.45,139,63
20892,-6.3,-0.2,-102.0,0.076,-0.180,-0.953,4.3,1.9,0.0,0.0159,0.0018,0.0852,1040,776,1068,786,0.03,-0.21,-0.16,1.38,0.4044,3,1,0,0.04,-0.20,-1.24,-0.24,0.23,0.01,1.44,139,63
20902,-12.1,-0.8,106.7,-0.008,-0.003,-0.950,4.1,1.7,0.0,0.0163,0.0097,-0.1215,700,1182,695,1098,0.02,-0.21,-0.16,1.38,0.4025,3,1,0,0.04,-0.20,-1.23,-0.23,0.24,0.01,1.44,139,63
20912,-21.9,-12.5,-94.3,0.148,-0.215,-1.045,3.7,1.5,0.0,0.0310,0.0137,0.0776,1065,783,1134,705,0.03,-0.20,-0.17,1.38,0.4057,3,1,0,0.04,-0.20,-1.20,-0.22,0.24,0.01,1.44,139,63
20922,-14.6,6.9,74.2,0.088,-0.107,-0.710,4.4,0.7,0.0,0.0243,-0.0065,-0.0909,653,1146,792,1073,0.02,-0.20,-0.16,1.38,0.4029,3,1,0,0.04,-0.20,-1.20,-0.21,0.25,0.01,1.45,139,63
20933,-13.1,0.9,-0.3,-0.015,0.030,-0.735,4.2,0.2,0.0,0.0249,0.0046,-0.0045,950,937,1005,784,0.02,-0.20,-0.17,1.38,0.4036,3,1,0,0.04,-0.20,-1.19,-0.21,0.25,0.01,1.46,139,63
20943,8.7,1.8,-16.1,-0.015,0.133,-1.044,4.5,-0.6,0.0,0.0009,-0.0029,-0.0006,849,984,874,965,0.02,-0.19,-0.16,1.38,0.4027,3,1,0,0.04,-0.20,-1.19,-0.20,0.25,0.01,1.45,140,63
20953,2.6,1.3,94.5,0.131,0.241,-1.034,5.3,-0.8,0.0,0.0075,-0.0045,-0.1088,699,1077,809,1072,0.02,-0.19,-0.16,1.39,0.4034,3,1,0,0.04,-0.19,-1.17,-0.22,0.26,0.01,1.43,140,63
20963,1.3,10.2,-102.6,0.167,0.007,-0.694,6.4,-0.6,0.0,0.0103,-0.0113,0.0858,962,747,1117,844,0.02,-0.19,-0.16,1.39,0.4016,3,1,0,0.04,-0.19,-1.14,-0.24,0.26,0.01,1.43,140,63
20973,-6.1,-5.5,109.5,0.010,0.177,-1.085,6.9,0.4,0.0,0.0184,0.0055,-0.1263,607,1161,741,1180,0.02,-0.19,-0.16,1.39,0.4024,3,1,0,0.04,-0.19,-1.09,-0.24,0.26,0.01,1.43,140,63
20983,11.4,-6.3,-97.8,0.100,0.017,-0.898,7.1,0.5,0.0,-0.0036,-0.0094,0.0883,1051,690,1158,798,0.02,-0.19,-0.17,1.39,0.4043,3,1,0,0.04,-0.18,-1.07,-0.25,0.27,0.01,1.44,140,63
20993,-7.6,9.4,50.4,0.061,-0.005,-0.741,8.6,1.9,0.0,0.0216,-0.0080,-0.0672,683,1097,794,1099,0.01,-0.18,-0.15,1.39,0.4010,3,1,0,0.04,-0.18,-1.02,-0.26,0.27,0.01,1.46,140,63
21003,-10.6,16.3,-2.2,-0.040,-0.058,-0.854,8.1,3.3,0.0,0.0171,-0.0139,0.0016,929,881,1003,884,0.02,-0.18,-0.16,1.39,0.4030,3,1,0,0.05,-0.17,-0.96,-0.26,0.27,0.01,1.45,140,63
21013,-6.7,30.4,-58.7,-0.056,-0.104,-1.013,8.6,4.0,0.0,0.0235,-0.0260,0.0333,850,946,999,881,0.01,-0.18,-0.16,1.39,0.4034,3,1,0,0.04,-0.16,-0.90,-0.24,0.28,0.01,1.44,140,63
21023,-5.8,23.9,85.4,-0.130,-0.022,-0.939,8.0,3.7,0.0,0.0192,-0.0207,-0.1022,716,1102,837,1042,0.02,-0.17,-0.16,1.39,0.4048,3,1,0,0.04,-0.16,-0.90,-0.23,0.28,0.02,1.44,139,63
21033,3.5,24.6,-108.0,-0.163,-0.325,-1.231,7.6,3.4,0.0,0.0103,-0.0109,0.0882,1063,799,1093,746,0.02,-0.17,-0.16,1.39,0.4065,3,1,0,0.04,-0.16,-0.88,-0.23,0.28,0.02,1.44,139,63
21044,7.7,27.8,106.8,-0.253,0.032,-1.227,7.2,3.0,0.0,0.0048,-0.0254,-0.1235,654,1152,705,1184,0.01,-0.17,-0.15,1.39,0.4039,3,1,0,0.04,-0.16,-0.87,-0.22,0.28,0.02,1.46,138,63
21054,6.8,28.7,-81.9,0.053,-0.203,-1.399,6.7,2.5,0.0,0.0047,-0.0267,0.0675,1038,744,1107,812,0.02,-0.17,-0.16,1.39,0.4069,3,1,0,0.04,-0.16,-0.85,-0.22,0.29,0.02,1.47,138,63
21064,-5.9,23.8,49.5,-0.085,-0.097,-0.870,7.0,2.2,0.0,0.0181,-0.0217,-0.0714,671,1086,775,1127,0.01,-0.16,-0.15,1.39,0.4002,3,1,0,0.04,-0.16,-0.83,-0.22,0.29,0.02,1.45,137,63
21074,0.0,4.4,8.2,-0.114,0.112,-1.143,6.4,2.0,0.0,0.0120,-0.0004,-0.0197,950,905,963,871,0.02,-0.16,-0.16,1.40,0.4026,3,1,0,0.04,-0.15,-0.82,-0.21,0.29,0.02,1.43,137,63
21084,5.3,-0.3,-56.1,0.068,-0.059,-1.038,6.2,5.2,0.0,0.0053,0.0078,0.0344,940,928,909,882,0.02,-0.16,-0.15,1.40,0.4020,3,1,0,0.04,-0.14,-0.74,-0.21,0.29,0.02,1.42,137,63
21094,-2.0,3.1,101.3,0.065,0.048,-0.861,5.8,5.8,0.0,0.0134,0.0060,-0.1153,754,1155,730,1025,0.02,-0.16,-0.16,1.40,0.4029,3,1,0,0.04,-0.14,-0.71,-0.20,0.30,0.02,1.44,137,63
21104,-2.8,0.2,-107.2,0.068,-0.127,-0.760,6.2,6.4,0.0,0.0145,0.0057,0.0904,1063,794,1062,747,0.02,-0.15,-0.16,1.40,0.4024,3,1,0,0.04,-0.13,-0.66,-0.21,0.30,0.02,1.45,137,63
21114,0.9,2.7,108.4,-0.034,0.185,-1.193,6.0,6.3,0.0,0.0128,-0.0017,-0.1298,606,1189,736,1149,0.02,-0.15,-0.15,1.40,0.4035,3,1,0,0.04,-0.13,-0.64,-0.20,0.30,0.02,1.44,137,63
21124,0.3,-22.3,-61.0,0.141,-0.045,-0.909,5.7,7.5,0.0,0.0108,0.0293,0.0442,1038,802,1064,772,0.02,-0.15,-0.16,1.40,0.4056,3,1,0,0.04,-0.12,-0.59,-0.20,0.30,0.02,1.42,137,63
21134,4.8,-7.5,46.4,0.044,-0.134,-0.896,5.5,9.3,0.0,0.0060,0.0163,-0.0632,653,1068,801,1152,0.01,-0.14,-0.15,1.40,0.4004,3,1,0,0.03,-0.11,-0.51,-0.17,0.30,0.02,1.42,137,63
21144,5.3,-2.9,33.2,-0.069,-0.006,-1.009,4.9,9.7,0.0,0.0043,0.0092,-0.0456,856,927,935,980,0.02,-0.14,-0.16,1.40,0.4060,3,1,0,0.03,-0.11,-0.48,-0.17,0.31,0.02,1.42,137,63
21155,7.4,20.2,-53.0,-0.083,0.002,-0.384,5.2,9.7,0.0,0.0031,-0.0111,0.0362,869,904,964,934,0.01,-0.14,-0.15,1.40,0.3998,3,1,0,0.03,-0.10,-0.45,-0.16,0.31,0.02,1.42,137,63
21165,-5.7,11.4,91.9,-0.153,0.032,-0.807,4.2,9.4,0.0,0.0154,-0.0026,-0.1086,717,1108,759,1112,0.01,-0.13,-0.15,1.40,0.4030,3,1,0,0.03,-0.10,-0.44,-0.14,0.31,0.02,1.43,137,63
21175,12.4,14.3,-107.0,-0.058,0.007,-0.746,4.3,9.9,0.0,-0.0069,-0.0110,0.0861,1042,729,1100,817,0.01,-0.13,-0.16,1.40,0.4037,3,1,0,0.03,-0.09,-0.39,-0.14,0.31,0.02,1.44,137,63
21185,3.4,29.8,100.6,-0.187,0.110,-0.686,4.5,9.7,0.0,0.0068,-0.0204,-0.1192,636,1124,736,1154,0.01,-0.13,-0.15,1.40,0.3993,3,1,0,0.03,-0.09,-0.37,-0.13,0.31,0.02,1.46,138,63
21195,1.9,38.5,-86.5,0.057,-0.162,-0.768,3.8,9.6,0.0,0.0073,-0.0296,0.0698,1036,718,1128,788,0.01,-0.12,-0.16,1.40,0.4002,3,1,0,0.03,-0.09,-0.34,-0.12,0.31,0.02,1.43,138,63
21205,-6.7,38.4,24.6,0.020,0.006,-0.988,4.0,8.3,0.0,0.0161,-0.0308,-0.0414,662,1011,861,1124,0.01,-0.12,-0.15,1.40,0.4001,3,1,0,0.02,-0.09,-0.34,-0.11,0.31,0.02,1.41,138,63
21215,-5.1,32.7,24.7,-0.027,0.060,-0.934,3.1,6.4,0.0,0.0137,-0.0269,-0.0414,816,857,1016,1005,0.01,-0.11,-0.16,1.40,0.4036,3,1,0,0.02,-0.09,-0.36,-0.10,0.31,0.03,1.43,138,63
21225,-5.5,36.2,-68.9,0.008,-0.006,-1.248,3.8,6.7,0.0,0.0213,-0.0345,0.0450,866,843,1098,889,0.01,-0.11,-0.15,1.40,0.4032,3,1,0,0.02,-0.09,-0.32,-0.09,0.32,0.02,1.44,139,63
21235,-7.3,33.4,111.2,-0.260,-0.060,-1.054,3.8,6.9,0.0,0.0166,-0.0273,-0.1280,683,1123,776,1103,0.01,-0.10,-0.15,1.40,0.4026,3,1,0,0.02,-0.08,-0.29,-0.09,0.32,0.02,1.41,139,63
21245,4.6,53.6,-95.2,-0.067,-0.015,-1.105,3.7,7.8,0.0,0.0060,-0.0430,0.0783,1010,781,1123,781,0.01,-0.10,-0.15,1.40,0.4037,3,1,0,0.02,-0.07,-0.23,-0.09,0.32,0.02,1.37,139,63
21255,-8.1,63.7,102.8,-0.108,0.067,-1.187,3.8,9.1,0.0,0.0181,-0.0511,-0.1222,621,1184,736,1176,0.01,-0.09,-0.15,1.40,0.4079,3,1,0,0.02,-0.07,-0.17,-0.08,0.32,0.02,1.38,139,63
21266,-3.0,41.8,-63.0,0.135,0.126,-1.316,3.1,10.2,0.0,0.0116,-0.0324,0.0462,1040,840,1077,790,0.01,-0.09,-0.16,1.40,0.4124,3,1,0,0.02,-0.06,-0.12,-0.07,0.32,0.03,1.38,138,63
21276,-11.5,24.6,17.7,-0.032,0.059,-1.284,3.6,11.0,0.0,0.0188,-0.0158,-0.0523,728,1065,847,1082,0.01,-0.09,-0.15,1.40,0.4116,3,1,0,0.02,-0.05,-0.06,-0.07,0.32,0.02,1.40,137,63
21286,-8.7,-2.6,30.8,0.006,0.174,-1.275,3.1,10.6,0.0,0.0174,0.0125,-0.0476,883,1011,929,903,0.01,-0.08,-0.15,1.39,0.4112,3,1,0,0.02,-0.05,-0.05,-0.06,0.32,0.03,1.42,137,63
21296,-21.8,-9.0,-84.4,0.067,-0.156,-1.083,3.0,10.0,0.0,0.0303,0.0209,0.0638,995,933,996,777,0.00,-0.08,-0.15,1.39,0.4068,3,1,0,0.02,-0.05,-0.04,-0.04,0.32,0.02,1.41,137,63
21306,-23.4,-3.6,102.6,-0.069,-0.135,-0.935,2.9,9.0,0.0,0.0304,0.0156,-0.1177,746,1196,711,1046,0.00,-0.08,-0.15,1.39,0.4076,3,1,0,0.02,-0.05,-0.04,-0.03,0.32,0.03,1.39,137,63
21316,-16.8,-2.6,-111.4,-0.057,-0.174,-0.667,2.6,9.7,0.0,0.0250,0.0117,0.0946,1071,805,1133,666,0.00,-0.07,-0.15,1.39,0.4049,3,1,0,0.01,-0.04,0.01,-0.02,0.32,0.03,1.40,136,63
21326,-9.8,13.2,95.9,-0.167,-0.103,-0.861,2.7,9.7,0.0,0.0181,-0.0043,-0.1127,632,1212,767,1074,0.00,-0.07,-0.14,1.39,0.4063,3,1,0,0.01,-0.04,0.03,-0.01,0.32,0.02,1.40,136,63
21336,3.5,7.4,-51.0,-0.031,-0.020,-0.785,2.7,9.5,0.0,0.0066,0.0028,0.0393,1023,837,1068,754,0.00,-0.07,-0.15,1.39,0.4068,3,1,0,0.01,-0.03,0.05,-0.02,0.32,0.03,1.41,136,63
21346,7.9,29.8,16.3,0.028,-0.125,-0.979,3.4,9.4,0.0,0.0009,-0.0212,-0.0331,763,993,851,1087,0.00,-0.06,-0.14,1.39,0.4049,3,1,0,0.01,-0.03,0.08,-0.03,0.32,0.02,1.42,136,63
21356,9.8,22.9,59.7,0.034,0.042,-1.023,2.9,10.0,0.0,-0.0037,-0.0239,-0.0644,777,938,900,1073,0.00,-0.06,-0.15,1.39,0.4049,3,1,0,0.01,-0.02,0.13,-0.02,0.32,0.03,1.41,136,63
21366,9.0,25.2,-77.4,-0.033,0.051,-0.601,3.0,11.9,0.0,-0.0004,-0.0140,0.0606,899,772,1085,922,0.00,-0.05,-0.15,1.39,0.4009,3,1,0,0.01,-0.01,0.21,-0.02,0.32,0.02,1.41,136,63
21377,-9.7,3.7,101.7,0.017,0.121,-0.795,3.4,13.3,0.0,0.0177,0.0023,-0.1133,676,1123,770,1118,0.00,-0.05,-0.14,1.39,0.4025,3,1,0,0.01,0.00,0.26,-0.03,0.32,0.02,1.42,136,63
21387,10.7,12.8,-94.7,0.191,0.105,-0.649,2.6,13.9,0.0,-0.0044,-0.0033,0.0788,1035,704,1114,823,0.00,-0.04,-0.15,1.39,0.4009,3,1,0,0.01,0.00,0.31,-0.01,0.32,0.03,1.42,136,63
21397,0.6,37.0,88.8,0.065,0.191,-0.768,2.7,13.8,0.0,0.0076,-0.0241,-0.1057,642,1119,756,1140,0.00,-0.04,-0.14,1.39,0.3998,3,1,0,0.01,0.00,0.33,0.00,0.32,0.02,1.43,136,63
21407,-7.7,39.5,-38.7,0.222,0.010,-0.829,2.5,12.7,0.0,0.0158,-0.0276,0.0219,873,850,1038,895,0.00,-0.04,-0.15,1.39,0.4001,3,1,0,0.01,0.00,0.34,0.00,0.31,0.03,1.42,136,63
21417,-17.6,44.1,-5.5,0.115,-0.028,-1.079,2.8,14.3,0.0,0.0261,-0.0307,-0.0113,695,979,933,1052,0.00,-0.03,-0.14,1.39,0.3996,3,1,0,0.01,0.01,0.41,0.00,0.31,0.02,1.40,136,63
21427,-5.3,20.1,55.1,-0.058,0.116,-1.142,1.5,15.2,0.0,0.0128,-0.0182,-0.0573,802,956,973,962,0.00,-0.03,-0.15,1.39,0.4029,3,1,0,0.00,0.02,0.46,0.03,0.31,0.02,1.40,136,63
21437,-3.5,23.3,-89.4,-0.076,-0.088,-1.329,1.5,16.2,0.0,0.0135,-0.0070,0.0701,962,867,1068,793,0.00,-0.02,-0.14,1.39,0.4029,3,1,0,0.00,0.02,0.51,0.04,0.31,0.02,1.40,136,63
21447,1.6,30.6,106.5,-0.295,0.016,-1.156,0.7,16.3,0.0,0.0047,-0.0153,-0.1233,726,1189,680,1095,0.00,-0.02,-0.14,1.39,0.4026,3,1,0,0.00,0.03,0.54,0.05,0.31,0.02,1.39,136,63
21457,5.0,53.1,-102.2,-0.167,-0.136,-1.199,0.3,17.5,0.0,0.0020,-0.0167,0.0846,1085,801,1067,739,0.00,-0.01,-0.15,1.39,0.4039,3,1,0,0.00,0.04,0.60,0.07,0.31,0.02,1.38,135,63
21467,-11.4,57.5,75.0,-0.195,-0.089,-1.079,1.0,17.0,0.0,0.0181,-0.0416,-0.0919,671,1168,713,1135,0.00,-0.01,-0.14,1.39,0.4044,3,1,0,0.00,0.04,0.62,0.05,0.31,0.02,1.38,134,63
21477,-5.3,39.9,-50.7,-0.045,-0.111,-1.373,1.2,16.6,0.0,0.0122,-0.0243,0.0339,998,833,1058,818,0.00,0.00,-0.15,1.39,0.4067,3,1,0,0.00,0.04,0.65,0.05,0.30,0.02,1.38,133,63
21488,1.3,40.3,-24.5,-0.171,-0.177,-1.138,2.0,16.2,0.0,0.0071,-0.0206,-0.0011,834,972,900,982,0.00,0.00,-0.14,1.39,0.4086,3,1,0,0.00,0.05,0.68,0.03,0.30,0.02,1.39,133,63
21498,17.1,24.4,60.1,-0.083,0.123,-0.954,2.1,16.6,0.0,-0.0094,-0.0087,-0.0769,811,1045,844,992,0.00,0.00,-0.14,1.39,0.4069,3,1,0,0.00,0.05,0.72,0.03,0.30,0.02,1.40,133,63
21508,1.5,8.1,-81.5,-0.032,-0.048,-1.065,2.2,18.2,0.0,0.0054,0.0097,0.0570,1004,848,1016,822,0.00,0.00,-0.14,1.39,0.4070,3,1,0,0.00,0.07,0.80,0.03,0.30,0.02,1.38,133,63
21518,0.0,0.5,105.3,0.064,0.032,-1.231,1.8,18.8,0.0,0.0075,0.0173,-0.1222,720,1155,676,1146,0.00,0.01,-0.14,1.39,0.4083,3,1,0,0.00,0.07,0.86,0.04,0.29,0.02,1.36,134,63
21528,7.9,-8.1,-88.3,0.078,-0.089,-0.713,1.3,18.2,0.0,-0.0009,0.0255,0.0714,1085,781,1064,769,0.00,0.01,-0.14,1.39,0.4083,3,1,0,0.00,0.08,0.88,0.06,0.29,0.02,1.36,134,63
21538,2.7,-4.3,86.7,-0.026,0.023,-0.898,0.9,17.7,0.0,0.0049,0.0192,-0.1055,674,1155,753,1133,0.00,0.02,-0.13,1.39,0.4074,3,1,0,0.00,0.08,0.91,0.07,0.29,0.02,1.36,133,63
21548,0.5,-1.7,-13.9,0.080,0.013,-0.962,-0.4,16.3,0.0,0.0046,0.0171,-0.0029,957,849,1013,899,0.00,0.02,-0.14,1.39,0.4093,3,1,0,0.00,0.08,0.91,0.10,0.29,0.02,1.37,134,63
21558,8.4,29.6,3.7,0.056,0.006,-0.606,0.0,17.1,0.0,-0.0074,-0.0245,-0.0369,762,947,881,1104,0.00,0.03,-0.13,1.39,0.4039,3,1,0,0.00,0.09,0.97,0.09,0.28,0.02,1.38,134,63
21568,-0.1,44.4,78.9,-0.030,0.069,-0.797,-0.8,15.4,0.0,0.0049,-0.0301,-0.0957,701,992,900,1105,0.00,0.04,-0.14,1.38,0.4047,3,1,0,0.00,0.09,0.97,0.12,0.28,0.02,1.38,134,63
21578,17.0,77.7,-95.0,-0.086,0.168,-0.411,-0.4,13.4,0.0,-0.0119,-0.0655,0.0781,881,685,1166,945,0.00,0.04,-0.14,1.38,0.4030,3,1,0,0.00,0.09,0.96,0.11,0.28,0.02,1.37,134,63
21588,5.4,62.9,102.4,0.042,0.274,-1.151,-0.7,12.5,0.0,0.0003,-0.0631,-0.1198,569,1039,831,1264,0.00,0.05,-0.13,1.38,0.4038,3,1,0,0.00,0.09,0.97,0.12,0.27,0.02,1.37,134,63
21599,19.6,62.2,-103.8,0.074,0.002,-0.995,-0.4,14.1,0.0,-0.0144,-0.0493,0.0869,1009,578,1206,916,0.00,0.06,-0.14,1.38,0.4056,3,1,0,0.00,0.10,1.05,0.12,0.27,0.02,1.38,134,63
21609,5.2,49.8,63.7,-0.289,0.287,-1.047,0.1,14.7,0.0,0.0004,-0.0363,-0.0807,676,1051,809,1167,0.00,0.06,-0.13,1.38,0.4020,3,1,0,0.00,0.11,1.10,0.10,0.27,0.02,1.38,134,63
21619,4.5,40.3,-16.1,-0.170,0.098,-1.069,0.0,15.5,0.0,-0.0022,-0.0201,0.0112,1011,838,1021,863,0.00,0.06,-0.14,1.38,0.4054,3,1,0,0.00,0.12,1.15,0.12,0.26,0.02,1.38,134,63
21629,-4.2,64.4,-26.6,-0.026,-0.013,-0.975,0.4,16.5,0.0,0.0103,-0.0492,0.0097,831,954,955,962,0.00,0.07,-0.13,1.38,0.4065,3,1,0,0.00,0.13,1.20,0.11,0.26,0.01,1.38,134,63
21639,-14.6,63.9,76.6,-0.070,0.076,-1.269,0.0,18.2,0.0,0.0209,-0.0332,-0.0814,757,1077,862,1024,0.00,0.08,-0.13,1.38,0.4079,3,1,0,0.00,0.14,1.28,0.12,0.26,0.02,1.38,134,63
21649,-13.2,41.9,-93.2,0.002,-0.098,-1.375,0.0,21.2,0.0,0.0188,-0.0219,0.0763,1000,839,1097,783,0.00,0.08,-0.13,1.38,0.4111,3,1,0,0.00,0.15,1.39,0.13,0.25,0.01,1.37,133,63
21659,-11.8,16.6,109.8,-0.127,0.198,-1.458,-0.1,21.4,0.0,0.0173,0.0036,-0.1267,653,1182,725,1159,0.00,0.08,-0.13,1.38,0.4085,3,1,0,0.00,0.16,1.42,0.13,0.25,0.01,1.37,133,63
21669,-15.5,8.5,-80.2,-0.035,-0.193,-1.361,-0.2,20.8,0.0,0.0211,0.0136,0.0646,1063,869,1064,734,0.00,0.09,-0.14,1.38,0.4110,3,1,0,0.00,0.16,1.44,0.14,0.24,0.01,1.36,133,63
21679,-25.4,15.4,76.2,-0.183,-0.255,-0.835,-0.2,19.7,0.0,0.0310,0.0030,-0.0932,709,1209,701,1082,0.00,0.09,-0.12,1.38,0.4065,3,1,0,0.00,0.16,1.44,0.14,0.24,0.01,1.35,133,63
21689,-21.1,24.3,-14.4,-0.043,-0.206,-1.175,-1.2,17.4,0.0,0.0210,0.0026,0.0078,969,927,976,852,0.00,0.10,-0.13,1.37,0.4105,3,1,0,-0.01,0.16,1.42,0.17,0.24,0.01,1.34,134,63
21700,-4.7,38.3,-37.6,-0.077,-0.039,-0.585,-1.5,17.5,0.0,0.0089,-0.0220,0.0206,841,926,947,976,0.00,0.11,-0.13,1.37,0.4087,3,1,0,-0.01,0.17,1.47,0.18,0.23,0.01,1.33,134,63
21710,-7.7,22.7,76.7,0.034,0.137,-0.896,-1.9,16.5,0.0,0.0139,-0.0077,-0.0905,734,1069,867,1059,0.00,0.11,-0.13,1.37,0.4115,3,1,0,-0.01,0.17,1.48,0.19,0.23,0.01,1.34,134,63
21720,-1.7,16.6,-98.7,0.107,-0.081,-0.851,-2.7,15.4,0.0,0.0045,-0.0110,0.0779,1031,762,1112,820,0.00,0.12,-0.13,1.37,0.4116,3,1,0,-0.01,0.17,1.49,0.21,0.22,0.01,1.34,134,63
21730,6.0,20.1,102.7,0.027,0.082,-0.840,-2.9,15.2,0.0,-0.0032,-0.0061,-0.1197,677,1100,733,1214,0.00,0.12,-0.12,1.37,0.4103,3,1,0,-0.01,0.18,1.58,0.20,0.22,0.01,1.34,134,63
21740,2.0,16.8,-89.4,0.142,-0.089,-0.871,-3.1,16.9,0.0,0.0005,-0.0011,0.0725,1077,715,1116,835,0.00,0.13,-0.13,1.36,0.4120,3,1,0,-0.01,0.19,1.62,0.21,0.21,0.01,1.34,134,63
21750,-11.3,22.7,57.9,0.142,-0.059,-0.775,-2.1,17.6,0.0,0.0128,-0.0156,-0.0829,710,1081,830,1125,0.00,0.14,-0.12,1.36,0.4102,3,1,0,-0.01,0.20,1.68,0.17,0.21,0.01,1.34,134,63
21760,-23.8,18.6,2.9,0.030,-0.169,-0.726,-2.1,17.9,0.0,0.0275,-0.0020,-0.0199,888,886,1043,925,0.00,0.14,-0.13,1.36,0.4110,3,1,0,-0.01,0.20,1.72,0.18,0.20,0.01,1.34,134,63
21770,-6.6,32.7,-26.5,-0.039,-0.154,-0.748,-0.9,18.8,0.0,0.0113,-0.0153,0.0095,828,939,1007,966,0.00,0.15,-0.12,1.36,0.4109,3,1,0,-0.01,0.21,1.77,0.17,0.20,0.01,1.34,134,63
21780,-5.3,42.2,81.5,-0.176,-0.101,-0.797,-1.2,19.2,0.0,0.0159,-0.0271,-0.0875,696,1068,872,1098,0.00,0.15,-0.12,1.36,0.4111,3,1,0,-0.01,0.22,1.83,0.19,0.19,0.01,1.34,134,63
21790,13.7,74.6,-97.6,-0.083,-0.208,-0.809,-1.5,20.5,0.0,-0.0096,-0.0557,0.0806,985,707,1162,901,0.00,0.16,-0.13,1.36,0.4123,3,1,0,-0.01,0.23,1.85,0.20,0.19,0.01,1.33,134,63
21800,-1.5,63.8,104.6,-0.046,0.076,-1.417,-1.7,19.9,0.0,0.0041,-0.0510,-0.1217,621,1088,815,1256,0.00,0.16,-0.12,1.35,0.4137,3,1,0,-0.01,0.23,1.87,0.19,0.18,0.00,1.33,134,63
21810,2.2,64.1,-89.1,0.011,-0.097,-1.072,-1.9,17.3,0.0,0.0005,-0.0536,0.0748,981,661,1221,916,-0.01,0.17,-0.13,1.35,0.4162,3,1,0,-0.01,0.23,1.87,0.21,0.18,0.00,1.35,134,63
21821,-5.3,56.7,50.7,-0.074,0.083,-0.948,-0.9,16.8,0.0,0.0101,-0.0415,-0.0678,658,1065,898,1145,0.00,0.18,-0.12,1.35,0.4139,3,1,0,-0.01,0.23,1.88,0.17,0.17,0.00,1.35,134,63
21831,3.5,50.4,-3.0,-0.018,0.204,-0.712,-1.5,17.3,0.0,0.0028,-0.0302,0.0034,909,872,1028,956,-0.01,0.18,-0.13,1.35,0.4114,3,1,0,-0.01,0.24,1.93,0.20,0.16,0.00,1.36,134,63
21841,11.9,58.3,-47.2,0.163,0.156,-1.201,-1.6,16.7,0.0,-0.0079,-0.0432,0.0302,896,889,984,990,-0.01,0.19,-0.12,1.35,0.4136,3,1,0,-0.01,0.24,1.94,0.19,0.16,0.00,1.36,134,63
21851,4.6,47.4,81.1,0.105,0.231,-1.417,-2.2,15.1,0.0,-0.0011,-0.0339,-0.0981,713,1026,858,1160,-0.01,0.19,-0.12,1.35,0.4141,3,1,0,-0.01,0.24,1.94,0.21,0.15,0.00,1.36,135,63
21861,-0.4,43.0,-109.8,0.147,-0.085,-1.246,-1.6,13.7,0.0,0.0079,-0.0418,0.0894,1000,715,1202,843,-0.01,0.20,-0.13,1.35,0.4132,3,1,0,-0.01,0.25,1.94,0.20,0.15,0.00,1.35,134,63
21871,-18.3,32.2,90.4,-0.154,-0.062,-1.119,-1.1,15.0,0.0,0.0211,-0.0197,-0.1080,659,1131,799,1163,-0.01,0.20,-0.12,1.35,0.4111,3,1,0,-0.01,0.25,2.00,0.17,0.14,0.00,1.35,134,63
21881,-4.2,34.1,-87.5,-0.192,-0.191,-1.118,-1.4,14.5,0.0,0.0085,-0.0213,0.0706,1067,779,1120,798,-0.01,0.21,-0.13,1.34,0.4122,3,1,0,-0.01,0.26,2.04,0.19,0.13,0.00,1.35,134,63
21891,2.3,53.7,44.0,-0.260,-0.140,-1.268,-0.6,13.2,0.0,0.0026,-0.0423,-0.0611,731,1083,843,1096,0.00,0.21,-0.12,1.34,0.4143,3,1,0,-0.01,0.26,2.09,0.15,0.13,0.00,1.33,134,63
21901,11.5,62.2,11.1,-0.089,-0.040,-1.383,-0.6,11.6,0.0,-0.0066,-0.0524,-0.0281,844,891,1021,1026,0.00,0.22,-0.13,1.34,0.4164,3,1,0,-0.01,0.26,2.11,0.16,0.12,0.00,1.32,134,63
21911,-1.2,73.6,-54.1,-0.094,-0.110,-1.613,-0.9,10.1,0.0,0.0068,-0.0635,0.0322,868,847,1075,1013,0.00,0.22,-0.12,1.34,0.4196,3,1,0,-0.01,0.26,2.14,0.15,0.12,0.00,1.34,134,63
21921,2.4,38.5,82.0,-0.045,-0.044,-1.483,-2.4,9.0,0.0,0.0007,-0.0313,-0.0990,764,1047,792,1196,0.00,0.23,-0.12,1.34,0.4188,3,1,0,-0.01,0.26,2.19,0.18,0.11,0.00,1.36,133,63
21932,-1.4,35.9,-100.2,0.023,-0.063,-1.286,-2.3,7.8,0.0,0.0048,-0.0272,0.0824,1050,776,1130,828,0.00,0.23,-0.12,1.34,0.4158,3,1,0,-0.01,0.26,2.22,0.19,0.10,0.00,1.37,133,63
21942,-13.2,18.1,98.4,-0.068,0.144,-1.209,-2.0,6.9,0.0,0.0175,-0.0095,-0.1163,689,1195,743,1136,0.00,0.23,-0.12,1.34,0.4117,3,1,0,-0.01,0.26,2.27,0.17,0.10,0.00,1.37,132,63
21952,-8.3,16.9,-79.0,0.091,-0.028,-1.306,-1.9,6.1,0.0,0.0121,-0.0125,0.0620,1069,857,1085,744,0.00,0.24,-0.13,1.34,0.4142,3,1,0,-0.01,0.26,2.33,0.19,0.09,0.00,1.37,132,63
21962,-7.6,39.1,34.0,-0.090,0.009,-1.306,-1.2,5.2,0.0,0.0145,-0.0220,-0.0696,726,1089,831,1078,0.00,0.24,-0.12,1.34,0.4128,3,1,0,-0.01,0.26,2.37,0.15,0.08,0.00,1.38,132,63
21972,8.8,30.8,4.6,0.047,0.154,-1.423,-1.5,4.3,0.0,-0.0048,-0.0283,-0.0216,914,942,957,923,0.00,0.24,-0.13,1.34,0.4113,3,1,0,-0.01,0.26,2.45,0.17,0.07,0.00,1.37,132,63
21982,-9.7,13.4,-73.5,0.055,-0.123,-1.383,-1.4,3.3,0.0,0.0140,-0.0119,0.0564,962,880,1021,881,0.00,0.25,-0.12,1.34,0.4126,3,1,0,-0.01,0.26,2.48,0.17,0.07,0.00,1.36,132,63
21992,-10.6,-10.5,77.6,-0.099,0.020,-1.296,-1.6,2.7,0.0,0.0134,0.0122,-0.0923,782,1128,780,1058,0.00,0.25,-0.12,1.34,0.4101,3,1,0,-0.01,0.26,2.49,0.17,0.06,0.00,1.36,132,63
22002,-5.9,-17.8,-96.9,-0.125,-0.059,-1.152,-1.7,2.2,0.0,0.0099,0.0183,0.0798,1092,846,1080,725,-0.01,0.25,-0.13,1.33,0.4131,3,1,0,-0.01,0.26,2.48,0.19,0.05,0.00,1.37,132,63
22012,-5.6,12.4,99.4,-0.150,-0.081,-0.896,-1.5,1.8,0.0,0.0114,-0.0018,-0.1196,693,1193,718,1120,0.00,0.25,-0.12,1.33,0.4139,3,1,0,-0.01,0.26,2.50,0.17,0.04,0.00,1.36,132,63
22022,4.6,25.6,-60.8,-0.052,-0.077,-1.074,-1.6,1.1,0.0,-0.0010,-0.0208,0.0467,1050,833,1043,827,-0.01,0.25,-0.13,1.33,0.4163,3,1,0,-0.01,0.26,2.56,0.19,0.04,0.00,1.35,132,63
22032,-2.9,23.4,36.8,-0.090,-0.105,-1.320,-0.8,0.4,0.0,0.0077,-0.0249,-0.0539,776,1050,797,1156,0.00,0.26,-0.12,1.33,0.4190,3,1,0,-0.01,0.26,2.57,0.15,0.03,0.00,1.35,132,63
22042,-1.0,-1.8,25.7,0.050,-0.005,-1.325,-1.4,-0.2,0.0,0.0021,-0.0013,-0.0395,896,961,900,1026,-0.01,0.26,-0.13,1.33,0.4187,3,1,0,-0.01,0.26,2.58,0.18,0.02,0.00,1.34,132,63
22053,-10.4,-3.7,-58.5,0.003,-0.089,-0.896,-0.4,-0.6,0.0,0.0149,-0.0012,0.0314,922,916,1002,930,-0.01,0.26,-0.12,1.33,0.4158,3,1,0,-0.01,0.26,2.58,0.16,0.01,0.00,1.36,132,63
22063,-16.3,-1.4,88.0,-0.113,0.025,-0.813,-0.6,-0.7,0.0,0.0215,-0.0012,-0.1050,734,1162,771,1091,-0.01,0.26,-0.12,1.33,0.4142,3,1,0,-0.01,0.26,2.59,0.17,0.00,0.00,1.38,132,63
22073,-4.8,0.0,-109.3,0.001,-0.186,-0.742,-0.1,-1.2,0.0,0.0082,0.0003,0.0913,1115,787,1076,755,-0.01,0.26,-0.13,1.33,0.4136,3,1,0,-0.01,0.26,2.58,0.17,0.00,0.00,1.37,132,63
22083,2.6,10.6,96.3,-0.080,0.033,-1.035,0.2,-1.7,0.0,0.0032,-0.0144,-0.1134,679,1175,727,1165,-0.01,0.26,-0.12,1.33,0.4144,3,1,0,-0.01,0.26,2.58,0.14,0.00,0.00,1.36,131,63
22093,5.3,-9.9,-77.8,0.107,-0.155,-0.970,0.2,-2.3,0.0,0.0005,0.0056,0.0608,1065,807,1090,792,-0.01,0.26,-0.13,1.33,0.4162,3,1,0,-0.01,0.26,2.57,0.17,-0.01,0.00,1.36,132,63
22103,0.4,1.8,15.5,0.032,-0.072,-0.852,1.5,-2.6,0.0,0.0047,-0.0148,-0.0469,786,1012,877,1080,-0.01,0.27,-0.12,1.33,0.4137,3,1,0,0.00,0.26,2.60,0.11,-0.02,0.00,1.37,132,63
22113,-4.7,-11.4,30.8,-0.082,-0.074,-0.770,0.9,-2.8,0.0,0.0114,0.0066,-0.0478,897,1002,885,965,-0.01,0.27,-0.13,1.33,0.4145,3,1,0,-0.01,0.26,2.64,0.14,-0.02,0.00,1.36,132,63
22123,19.1,-15.2,-63.5,-0.120,-0.185,-0.610,1.5,-3.2,0.0,-0.0124,0.0113,0.0383,1034,869,960,874,-0.01,0.27,-0.12,1.33,0.4129,3,1,0,0.00,0.26,2.65,0.11,-0.03,0.00,1.36,132,63
22133,15.1,-0.3,115.8,-0.109,0.119,-1.111,1.3,-3.5,0.0,-0.0081,-0.0052,-0.1328,696,1167,715,1185,-0.01,0.27,-0.12,1.33,0.4167,3,1,0,0.00,0.26,2.66,0.10,-0.04,0.00,1.37,132,63
22143,3.9,-4.6,-90.5,0.058,-0.218,-0.925,1.2,-3.9,0.0,0.0003,-0.0074,0.0727,1056,778,1096,832,-0.01,0.27,-0.13,1.33,0.4168,3,1,0,0.00,0.26,2.68,0.12,-0.05,0.00,1.39,132,63
22153,3.6,7.6,95.2,-0.045,-0.055,-0.924,1.3,-4.1,0.0,-0.0008,-0.0190,-0.1216,661,1130,739,1226,0.00,0.27,-0.12,1.33,0.4126,3,1,0,0.00,0.26,2.73,0.09,-0.06,0.00,1.38,132,63
22164,7.9,-0.3,-51.3,-0.142,0.014,-0.947,0.7,-4.1,0.0,-0.0015,-0.0059,0.0343,1027,817,1028,890,-0.01,0.27,-0.13,1.33,0.4138,3,1,0,0.00,0.26,2.75,0.12,-0.07,0.00,1.37,132,63
22174,10.0,-11.9,7.9,-0.049,-0.011,-0.600,2.1,-4.1,0.0,-0.0047,0.0015,-0.0401,844,1013,835,1044,0.00,0.27,-0.12,1.33,0.4111,3,1,0,0.00,0.26,2.78,0.07,-0.07,0.00,1.38,133,63
22184,-2.9,-13.3,30.1,0.102,0.013,-0.926,1.7,-4.1,0.0,0.0110,0.0054,-0.0430,850,1022,891,980,-0.01,0.27,-0.13,1.33,0.4123,3,1,0,0.00,0.26,2.82,0.09,-0.08,-0.01,1.39,133,63
22194,7.5,5.5,-74.9,0.003,-0.158,-0.850,1.6,-4.0,0.0,-0.0002,-0.0117,0.0578,983,807,1049,900,0.00,0.27,-0.12,1.33,0.4135,3,1,0,0.00,0.26,2.82,0.08,-0.09,0.00,1.38,133,63
22204,16.3,-6.9,97.1,0.033,0.115,-0.868,0.9,-3.8,0.0,-0.0129,-0.0046,-0.1093,741,1089,727,1170,0.00,0.27,-0.12,1.33,0.4119,3,1,0,0.00,0.26,2.85,0.09,-0.10,-0.01,1.37,133,63
22214,6.3,-15.6,-105.8,0.098,-0.166,-0.738,0.6,-3.8,0.0,0.0000,0.0097,0.0888,1107,751,1105,779,0.00,0.27,-0.13,1.33,0.4115,3,1,0,0.00,0.26,2.85,0.11,-0.11,-0.01,1.39,133,63
22224,-2.2,-19.8,88.8,-0.051,-0.011,-0.855,0.8,-3.4,0.0,0.0087,0.0091,-0.1094,716,1165,731,1122,0.00,0.27,-0.12,1.33,0.4097,3,1,0,0.00,0.26,2.86,0.08,-0.12,-0.01,1.40,133,63
22234,-3.6,-31.7,-50.4,-0.044,-0.205,-0.902,-0.2,-3.4,0.0,0.0087,0.0253,0.0384,1055,856,1018,783,0.00,0.27,-0.13,1.33,0.4104,3,1,0,0.00,0.26,2.88,0.13,-0.13,-0.01,1.40,133,63
22244,9.2,-6.8,19.0,-0.128,-0.230,-0.774,0.5,-3.3,0.0,-0.0030,0.0013,-0.0361,840,1020,804,1043,0.00,0.27,-0.12,1.33,0.4086,3,1,0,0.00,0.26,2.89,0.09,-0.13,-0.01,1.39,133,63
22254,9.6,2.8,62.3,-0.124,-0.049,-0.985,-0.6,-3.3,0.0,-0.0037,-0.0082,-0.0756,800,1026,841,1050,0.00,0.27,-0.13,1.33,0.4108,3,1,0,-0.01,0.26,2.90,0.12,-0.14,-0.01,1.39,133,63
22265,0.0,14.8,-87.9,-0.145,-0.215,-0.787,-0.3,-3.5,0.0,0.0052,-0.0206,0.0708,958,793,1063,899,0.00,0.27,-0.13,1.33,0.4103,3,1,0,0.00,0.26,2.90,0.12,-0.15,-0.01,1.39,133,63
22275,-0.8,0.2,101.0,-0.055,-0.027,-1.188,-0.4,-3.4,0.0,0.0029,-0.0138,-0.1182,672,1122,751,1190,0.00,0.27,-0.12,1.33,0.4109,3,1,0,0.00,0.26,2.89,0.11,-0.16,-0.01,1.39,133,63
22285,1.6,-15.3,-105.6,-0.009,-0.223,-1.051,-0.8,-3.4,0.0,0.0011,0.0063,0.0894,1088,727,1119,795,0.00,0.27,-0.13,1.33,0.4134,3,1,0,-0.01,0.26,2.87,0.14,-0.17,-0.01,1.39,133,63
22295,1.6,-15.3,76.2,-0.172,0.009,-0.816,-0.2,-3.1,0.0,0.0037,0.0100,-0.0933,745,1145,730,1111,0.00,0.27,-0.12,1.33,0.4100,3,1,0,0.00,0.26,2.88,0.10,-0.18,-0.01,1.39,133,63
22305,-2.3,-20.9,-36.8,0.137,-0.052,-1.049,-1.3,-3.1,0.0,0.0075,0.0174,0.0342,1033,891,999,814,0.00,0.27,-0.13,1.33,0.4118,3,1,0,-0.01,0.26,2.90,0.15,-0.19,-0.01,1.39,134,63
22315,-0.6,7.1,-12.9,0.105,-0.076,-0.721,0.0,-3.1,0.0,0.0062,-0.0125,-0.0040,865,957,898,1005,0.00,0.27,-0.12,1.33,0.4122,3,1,0,0.00,0.26,2.89,0.10,-0.20,-0.01,1.41,134,63
22325,-1.9,3.3,60.2,0.186,0.056,-0.971,-1.2,-3.1,0.0,0.0048,-0.0087,-0.0660,797,1032,845,1042,0.00,0.27,-0.13,1.33,0.4108,3,1,0,-0.01,0.26,2.89,0.14,-0.20,-0.01,1.42,134,63
22335,-5.2,-9.2,-98.4,0.086,-0.107,-0.841,-0.4,-3.3,0.0,0.0104,0.0036,0.0814,1004,793,1085,828,0.00,0.27,-0.13,1.33,0.4106,3,1,0,0.00,0.26,2.89,0.12,-0.21,-0.01,1.43,134,63
22345,-6.0,-24.6,105.1,-0.056,0.175,-1.280,-0.5,-3.1,0.0,0.0112,0.0192,-0.1221,698,1187,711,1127,0.00,0.27,-0.13,1.33,0.4088,3,1,0,0.00,0.26,2.88,0.11,-0.22,-0.01,1.41,134,63
22355,-4.5,-36.8,-99.6,0.046,-0.198,-1.157,-0.7,-2.9,0.0,0.0066,0.0305,0.0863,1132,818,1055,702,0.00,0.27,-0.14,1.34,0.4096,3,1,0,-0.01,0.26,2.84,0.14,-0.23,-0.01,1.40,134,63
22366,-4.8,-10.8,85.5,-0.215,-0.152,-0.720,-0.3,-2.6,0.0,0.0100,0.0058,-0.1025,729,1195,663,1107,0.00,0.27,-0.12,1.34,0.4047,3,1,0,0.00,0.26,2.80,0.12,-0.24,-0.01,1.40,134,63
22376,-7.9,-7.2,-37.7,-0.122,-0.197,-1.070,-1.8,-2.4,0.0,0.0118,0.0023,0.0207,1010,900,977,814,-0.01,0.27,-0.14,1.34,0.4069,3,1,0,-0.01,0.26,2.78,0.18,-0.25,-0.01,1.40,134,63
22386,-0.2,17.5,-29.1,-0.152,-0.117,-0.621,-1.0,-2.6,0.0,0.0030,-0.0174,-0.0083,849,938,907,986,0.00,0.27,-0.13,1.34,0.4068,3,1,0,-0.01,0.26,2.75,0.15,-0.26,-0.01,1.42,134,63
22396,2.3,9.1,64.0,0.014,0.015,-1.139,-1.8,-2.5,0.0,0.0014,-0.0140,-0.0810,754,1030,834,1078,-0.01,0.27,-0.14,1.34,0.4064,3,1,0,-0.01,0.26,2.75,0.18,-0.26,-0.02,1.44,134,63
22406,6.3,5.7,-102.1,-0.040,-0.281,-1.025,-1.6,-2.5,0.0,-0.0023,-0.0106,0.0851,1044,743,1088,815,-0.01,0.27,-0.14,1.34,0.4087,3,1,0,-0.01,0.26,2.75,0.18,-0.27,-0.01,1.43,134,63
22416,6.9,-6.1,97.4,-0.238,0.109,-0.987,-1.4,-2.2,0.0,-0.0027,0.0015,-0.1145,707,1125,701,1147,-0.01,0.26,-0.13,1.34,0.4037,3,1,0,-0.01,0.26,2.74,0.16,-0.28,-0.02,1.42,135,63
22426,-4.1,-19.9,-100.3,0.183,-0.199,-1.244,-0.9,-1.9,0.0,0.0090,0.0157,0.0833,1112,783,1080,729,-0.01,0.26,-0.14,1.34,0.4076,3,1,0,-0.01,0.26,2.71,0.17,-0.29,-0.02,1.41,135,63
22436,-11.2,-0.4,61.9,0.075,-0.166,-0.649,0.1,-1.6,0.0,0.0153,-0.0023,-0.0822,735,1116,755,1086,-0.01,0.26,-0.13,1.34,0.4065,3,1,0,-0.01,0.26,2.70,0.13,-0.30,-0.01,1.39,136,63
22446,-8.3,-13.2,-16.5,0.022,0.006,-0.802,-0.8,-1.3,0.0,0.0132,0.0095,-0.0004,971,938,958,837,-0.01,0.26,-0.14,1.34,0.4066,3,1,0,-0.01,0.26,2.69,0.17,-0.30,-0.02,1.40,136,63
22456,3.4,-14.7,-31.6,-0.020,-0.035,-0.877,0.1,-1.2,0.0,0.0016,0.0145,0.0004,934,977,890,912,-0.01,0.26,-0.13,1.34,0.4098,3,1,0,-0.01,0.26,2.63,0.13,-0.31,-0.02,1.40,137,63
22466,0.6,-4.1,85.7,-0.014,0.180,-1.051,-0.4,-0.8,0.0,0.0056,0.0067,-0.0964,767,1131,750,1057,-0.01,0.26,-0.14,1.34,0.4093,3,1,0,-0.01,0.26,2.60,0.15,-0.32,-0.02,1.41,137,63
22477,-5.6,-0.3,-96.4,0.058,-0.231,-0.935,-0.2,-0.5,0.0,0.0084,0.0011,0.0771,1086,825,1022,778,-0.01,0.26,-0.14,1.35,0.4093,3,1,0,-0.01,0.26,2.57,0.13,-0.33,-0.02,1.41,138,63
22487,0.6,-2.4,111.1,-0.026,0.047,-1.272,0.5,-0.4,0.0,-0.0001,-0.0001,-0.1337,675,1181,669,1192,-0.01,0.26,-0.13,1.35,0.4086,3,1,0,-0.01,0.26,2.57,0.10,-0.34,-0.02,1.41,138,63
22497,-0.9,-5.1,-90.3,0.014,-0.124,-1.200,0.6,-0.2,0.0,0.0072,0.0025,0.0733,1055,796,1095,766,-0.01,0.26,-0.14,1.35,0.4097,3,1,0,-0.01,0.26,2.56,0.14,-0.34,-0.02,1.41,139,63
22507,-5.4,-0.9,53.5,-0.067,-0.020,-0.768,1.4,0.0,0.0,0.0125,-0.0014,-0.0706,717,1104,787,1086,-0.01,0.26,-0.13,1.35,0.4055,3,1,0,0.00,0.26,2.56,0.11,-0.35,-0.02,1.41,139,63
22517,-10.2,-11.9,-17.8,-0.085,-0.048,-1.243,0.3,0.5,0.0,0.0096,0.0146,0.0131,987,925,945,850,-0.01,0.25,-0.15,1.35,0.4072,3,1,0,-0.01,0.26,2.54,0.13,-0.36,-0.02,1.41,140,63
22527,1.0,-4.9,-55.9,-0.167,-0.242,-0.969,2.0,0.9,0.0,0.0066,0.0034,0.0389,993,926,920,855,-0.01,0.25,-0.14,1.35,0.4054,3,1,0,0.00,0.26,2.55,0.10,-0.37,-0.02,1.42,140,63
22537,-8.8,-0.2,77.8,-0.049,-0.085,-0.976,2.2,1.3,0.0,0.0167,-0.0009,-0.0948,762,1157,780,997,-0.01,0.25,-0.14,1.35,0.4049,3,1,0,0.00,0.26,2.54,0.10,-0.37,-0.02,1.43,141,63
22547,-9.9,0.4,-113.9,-0.005,-0.302,-0.867,3.2,1.4,0.0,0.0208,0.0067,0.0929,1076,815,1107,697,-0.01,0.25,-0.14,1.35,0.4059,3,1,0,0.00,0.26,2.54,0.09,-0.38,-0.02,1.43,141,63
22557,3.7,7.5,104.7,-0.067,0.050,-1.015,2.9,1.4,0.0,0.0060,-0.0091,-0.1223,657,1158,732,1156,-0.01,0.25,-0.14,1.35,0.4061,3,1,0,0.00,0.26,2.52,0.07,-0.39,-0.02,1.43,141,63
22567,4.7,-6.1,-88.8,-0.002,-0.034,-0.974,2.1,1.6,0.0,0.0030,0.0053,0.0718,1076,797,1095,735,-0.01,0.25,-0.15,1.35,0.4071,3,1,0,0.00,0.26,2.51,0.11,-0.40,-0.03,1.44,141,63
22577,0.2,0.1,50.3,-0.103,-0.102,-1.185,2.6,1.7,0.0,0.0068,-0.0006,-0.0719,761,1086,787,1071,-0.01,0.25,-0.14,1.35,0.4052,3,1,0,0.00,0.26,2.51,0.08,-0.41,-0.02,1.43,141,63
22587,13.8,10.3,3.4,-0.043,0.062,-1.128,0.9,1.9,0.0,-0.0072,-0.0108,-0.0204,931,896,918,960,-0.01,0.25,-0.15,1.36,0.4063,3,1,0,-0.01,0.26,2.48,0.13,-0.41,-0.03,1.42,141,63
22597,1.2,12.5,-40.7,0.033,-0.040,-0.967,1.8,2.1,0.0,0.0063,-0.0128,0.0237,902,903,951,940,-0.01,0.25,-0.14,1.36,0.4038,3,1,0,0.00,0.26,2.46,0.11,-0.42,-0.02,1.44,141,63
22608,-3.1,4.0,92.7,0.054,0.055,-1.235,0.4,2.4,0.0,0.0073,-0.0036,-0.1072,720,1114,740,1115,-0.01,0.25,-0.14,1.36,0.4042,3,1,0,-0.01,0.26,2.44,0.14,-0.43,-0.03,1.46,141,63
22618,4.5,-2.7,-108.7,0.010,-0.082,-0.842,0.4,2.6,0.0,0.0016,0.0029,0.0917,1095,755,1055,749,-0.01,0.25,-0.14,1.36,0.4020,3,1,0,-0.01,0.26,2.44,0.15,-0.44,-0.03,1.43,141,63
22628,-1.8,3.9,103.4,-0.122,0.122,-0.995,0.4,3.1,0.0,0.0066,0.0045,-0.1237,686,1180,673,1125,-0.01,0.25,-0.14,1.36,0.4003,3,1,0,-0.01,0.26,2.44,0.13,-0.44,-0.03,1.41,142,63
22638,-7.9,-3.2,-82.7,0.322,-0.097,-1.106,-0.1,3.5,0.0,0.0135,0.0043,0.0658,1064,847,1066,711,-0.01,0.25,-0.15,1.36,0.4048,3,1,0,-0.01,0.26,2.45,0.16,-0.45,-0.03,1.43,142,63
22648,-18.5,9.6,37.1,-0.011,-0.088,-0.746,0.5,3.6,0.0,0.0248,-0.0084,-0.0541,728,1090,811,1024,-0.01,0.24,-0.14,1.36,0.4021,3,1,0,-0.01,0.26,2.44,0.12,-0.46,-0.02,1.46,142,63
22658,3.6,-8.3,15.3,0.077,0.097,-1.071,0.5,4.0,0.0,0.0062,0.0117,-0.0229,899,990,887,895,-0.01,0.24,-0.15,1.36,0.4016,3,1,0,-0.01,0.26,2.43,0.13,-0.47,-0.03,1.46,142,63
22668,-13.1,-13.1,-66.6,-0.017,-0.109,-1.080,2.1,4.2,0.0,0.0210,0.0150,0.0496,956,926,1009,790,-0.01,0.24,-0.14,1.37,0.4036,3,1,0,0.00,0.26,2.42,0.10,-0.47,-0.03,1.46,142,63
22678,-4.1,-9.6,89.6,-0.073,0.047,-1.127,2.4,4.7,0.0,0.0114,0.0132,-0.1016,727,1154,720,1061,-0.01,0.24,-0.14,1.37,0.4010,3,1,0,0.00,0.26,2.40,0.08,-0.48,-0.03,1.45,141,63
22688,3.2,4.3,-101.8,0.031,-0.149,-1.089,2.7,5.1,0.0,0.0051,-0.0016,0.0848,1061,803,1077,728,-0.01,0.24,-0.15,1.37,0.4018,3,1,0,0.00,0.26,2.39,0.09,-0.49,-0.03,1.43,141,63
22698,-1.8,11.8,97.0,-0.138,-0.009,-1.083,3.1,5.3,0.0,0.0106,-0.0089,-0.1140,652,1148,724,1137,-0.01,0.24,-0.14,1.37,0.4009,3,1,0,0.00,0.26,2.38,0.06,-0.49,-0.03,1.44,141,63
22708,8.0,4.7,-80.9,0.017,-0.008,-1.320,2.3,5.7,0.0,0.0015,-0.0042,0.0705,1041,780,1063,791,-0.01,0.24,-0.15,1.37,0.4028,3,1,0,0.00,0.26,2.35,0.09,-0.50,-0.03,1.44,141,63
22719,7.2,-7.2,26.6,-0.116,0.024,-1.017,3.4,6.1,0.0,0.0018,0.0109,-0.0437,804,1065,780,1018,-0.01,0.23,-0.14,1.37,0.4016,3,1,0,0.00,0.26,2.32,0.05,-0.51,-0.03,1.43,141,63
22729,0.8,-12.0,8.2,-0.014,0.102,-1.038,1.8,6.5,0.0,0.0075,0.0187,-0.0102,915,982,872,882,-0.01,0.23,-0.15,1.37,0.3995,3,1,0,0.00,0.26,2.29,0.09,-0.52,-0.03,1.42,141,63
22739,0.4,10.3,-87.8,0.067,-0.176,-1.193,2.4,6.8,0.0,0.0044,0.0000,0.0625,1027,829,1007,803,-0.01,0.23,-0.14,1.37,0.4016,3,1,0,0.00,0.26,2.27,0.08,-0.52,-0.03,1.42,141,63
22749,12.2,4.0,97.3,-0.128,0.113,-0.766,1.2,7.1,0.0,-0.0053,0.0006,-0.1143,752,1129,693,1086,-0.01,0.23,-0.14,1.37,0.4007,3,1,0,-0.01,0.26,2.24,0.10,-0.53,-0.03,1.43,141,63
22759,7.2,1.0,-115.5,-0.066,0.051,-0.973,0.1,7.1,0.0,0.0024,0.0106,0.1007,1124,752,1093,703,-0.01,0.23,-0.15,1.37,0.4023,3,1,0,-0.01,0.26,2.21,0.13,-0.54,-0.03,1.42,141,63
22769,-5.5,9.2,100.2,-0.098,-0.108,-0.881,0.4,7.4,0.0,0.0117,-0.0043,-0.1172,688,1164,692,1132,-0.01,0.23,-0.14,1.37,0.4026,3,1,0,-0.01,0.26,2.18,0.11,-0.54,-0.03,1.42,141,63
22779,6.9,9.0,-60.1,-0.062,-0.056,-0.715,-0.8,7.6,0.0,-0.0020,-0.0039,0.0431,1068,826,1006,779,-0.01,0.23,-0.15,1.37,0.4033,3,1,0,-0.01,0.26,2.15,0.15,-0.55,-0.04,1.43,141,63
22789,-6.5,24.9,20.3,-0.045,-0.152,-1.130,0.3,7.5,0.0,0.0103,-0.0130,-0.0520,779,1014,867,1025,-0.01,0.23,-0.14,1.37,0.4041,3,1,0,0.00,0.26,2.13,0.11,-0.56,-0.03,1.44,141,63
22799,10.3,30.5,47.4,0.035,-0.037,-0.969,-0.9,7.6,0.0,-0.0056,-0.0253,-0.0644,806,942,872,1070,-0.01,0.23,-0.15,1.38,0.4047,3,1,0,-0.01,0.26,2.11,0.14,-0.56,-0.04,1.43,140,63
22809,4.9,24.1,-72.8,-0.016,0.001,-0.914,-0.4,7.7,0.0,0.0003,-0.0187,0.0558,946,824,1048,858,-0.01,0.23,-0.14,1.38,0.4029,3,1,0,-0.01,0.26,2.10,0.13,-0.57,-0.03,1.42,141,63
22819,-0.6,4.8,102.3,0.092,0.019,-1.306,-0.9,8.0,0.0,0.0043,-0.0082,-0.1160,680,1135,727,1149,-0.01,0.23,-0.14,1.38,0.4048,3,1,0,-0.01,0.26,2.09,0.13,-0.58,-0.03,1.44,141,63
22829,11.1,9.6,-104.2,0.176,-0.136,-0.999,-1.4,8.1,0.0,-0.0073,-0.0055,0.0869,1086,732,1089,791,-0.01,0.23,-0.15,1.38,0.4058,3,1,0,-0.01,0.26,2.06,0.15,-0.58,-0.04,1.45,141,63
22840,3.0,7.1,94.4,0.051,0.138,-1.075,-1.5,8.4,0.0,0.0011,-0.0010,-0.1114,689,1129,704,1141,0.00,0.23,-0.14,1.38,0.4010,3,1,0,-0.01,0.26,2.04,0.13,-0.59,-0.03,1.44,141,63
22850,3.0,-5.4,-68.2,0.170,0.082,-1.168,-2.3,8.5,0.0,0.0003,-0.0023,0.0616,1031,799,1041,806,-0.01,0.23,-0.15,1.38,0.4029,3,1,0,-0.02,0.26,1.99,0.17,-0.59,-0.04,1.44,142,63
22860,-12.5,0.4,7.6,0.336,0.016,-1.131,-1.5,8.7,0.0,0.0171,-0.0030,-0.0341,783,1013,888,990,0.00,0.23,-0.14,1.38,0.4027,3,1,0,-0.01,0.26,1.99,0.14,-0.60,-0.03,1.45,142,63
22870,-15.7,-15.5,39.7,-0.048,-0.039,-1.010,-3.3,9.2,0.0,0.0150,0.0207,-0.0517,850,1039,818,945,-0.01,0.22,-0.15,1.38,0.3997,3,1,0,-0.02,0.26,1.98,0.18,-0.61,-0.04,1.45,142,63
22880,1.5,-1.0,-76.6,0.175,-0.214,-1.364,-2.6,9.4,0.0,0.0026,0.0073,0.0567,1015,845,1015,802,-0.01,0.22,-0.14,1.38,0.4030,3,1,0,-0.01,0.26,1.96,0.18,-0.61,-0.04,1.45,142,63
22890,-16.9,1.5,110.1,-0.052,-0.132,-1.231,-1.7,9.6,0.0,0.0209,0.0057,-0.1271,661,1193,712,1096,-0.01,0.22,-0.14,1.38,0.4010,3,1,0,-0.01,0.26,1.95,0.15,-0.62,-0.04,1.43,142,63
22900,4.7,-3.1,-102.0,0.097,-0.078,-1.080,-2.0,9.5,0.0,0.0003,0.0008,0.0850,1079,759,1077,754,-0.01,0.22,-0.15,1.38,0.4020,3,1,0,-0.01,0.26,1.93,0.16,-0.62,-0.04,1.41,142,63
22910,-3.0,-16.4,83.6,-0.012,0.106,-1.101,-0.7,9.8,0.0,0.0079,0.0240,-0.1006,717,1171,697,1081,0.00,0.22,-0.14,1.38,0.4016,3,1,0,-0.01,0.26,1.93,0.12,-0.63,-0.03,1.43,142,63
22920,-2.8,-27.9,-49.7,0.058,0.061,-1.089,-2.1,9.9,0.0,-0.0028,0.0321,0.0436,1068,892,935,782,-0.01,0.22,-0.15,1.38,0.4030,3,1,0,-0.01,0.26,1.93,0.15,-0.64,-0.04,1.45,142,63
22930,4.3,-12.0,-8.8,0.120,-0.007,-0.961,-0.6,10.2,0.0,0.0006,0.0200,-0.0081,920,1008,800,936,0.00,0.22,-0.14,1.38,0.4013,3,1,0,-0.01,0.26,1.94,0.11,-0.64,-0.03,1.47,142,63
22941,-13.4,-16.8,43.3,0.037,0.059,-0.840,-2.0,10.3,0.0,0.0171,0.0249,-0.0603,863,1075,804,905,-0.01,0.22,-0.15,1.38,0.3990,3,1,0,-0.01,0.26,1.92,0.14,-0.65,-0.04,1.49,142,63
22951,-10.6,6.2,-90.9,0.157,-0.114,-0.847,-2.0,10.2,0.0,0.0134,0.0024,0.0719,1023,807,1046,753,0.00,0.22,-0.14,1.39,0.3966,3,1,0,-0.01,0.26,1.88,0.15,-0.65,-0.04,1.46,142,63
22961,-8.6,2.7,103.8,0.137,-0.045,-0.969,-2.4,10.6,0.0,0.0123,0.0135,-0.1135,717,1170,691,1055,0.00,0.22,-0.14,1.39,0.3971,3,1,0,-0.01,0.26,1.85,0.14,-0.66,-0.04,1.44,142,63
22971,2.2,-4.6,-97.1,-0.032,-0.075,-0.756,-3.3,10.7,0.0,0.0000,0.0166,0.0822,1127,791,1029,690,0.00,0.22,-0.15,1.39,0.3976,3,1,0,-0.01,0.26,1.83,0.17,-0.66,-0.04,1.43,142,63
22981,3.6,11.9,99.1,-0.030,0.085,-1.041,-3.5,10.9,0.0,-0.0015,-0.0033,-0.1162,694,1174,671,1106,0.00,0.22,-0.14,1.39,0.3986,3,1,0,-0.01,0.26,1.83,0.16,-0.67,-0.04,1.42,142,63
22991,-3.2,7.6,-31.2,0.114,0.020,-0.896,-5.2,11.0,0.0,0.0024,0.0106,0.0297,1021,877,963,808,0.00,0.22,-0.15,1.39,0.4019,3,1,0,-0.02,0.26,1.81,0.20,-0.67,-0.05,1.42,142,63
23001,1.4,5.8,-3.8,-0.037,0.060,-0.725,-4.1,11.0,0.0,0.0000,0.0030,-0.0132,866,980,821,982,0.00,0.22,-0.14,1.39,0.3993,3,1,0,-0.01,0.26,1.80,0.17,-0.68,-0.04,1.43,142,63
23011,-2.0,-2.4,75.1,0.064,0.202,-1.042,-4.3,11.1,0.0,0.0042,0.0121,-0.0881,798,1085,773,1015,0.00,0.22,-0.14,1.39,0.4022,3,1,0,-0.02,0.26,1.78,0.17,-0.69,-0.04,1.43,142,63
23021,-3.5,1.1,-92.3,-0.020,-0.083,-0.769,-2.8,11.4,0.0,0.0063,0.0081,0.0753,1079,848,971,765,0.00,0.22,-0.14,1.39,0.4010,3,1,0,-0.01,0.26,1.76,0.14,-0.69,-0.04,1.44,141,63
23031,-3.5,2.2,110.3,-0.038,0.106,-0.820,-2.5,11.6,0.0,0.0067,0.0071,-0.1273,701,1210,644,1089,0.00,0.22,-0.14,1.39,0.3987,3,1,0,-0.01,0.26,1.77,0.12,-0.70,-0.04,1.45,141,63
23042,-17.4,-2.0,-102.7,0.210,-0.128,-0.856,-2.0,11.6,0.0,0.0249,0.0200,0.0896,1091,838,1086,654,0.00,0.22,-0.15,1.39,0.4019,3,1,0,-0.01,0.26,1.73,0.12,-0.70,-0.04,1.45,141,63
23052,-24.9,12.9,70.0,0.137,-0.102,-0.627,-1.1,11.5,0.0,0.0295,-0.0036,-0.0871,675,1146,771,1057,0.00,0.22,-0.13,1.39,0.3993,3,1,0,0.00,0.26,1.72,0.08,-0.71,-0.04,1.44,141,63
23062,-7.7,2.8,-21.3,0.066,0.027,-0.790,-2.7,11.7,0.0,0.0106,0.0066,0.0043,962,925,970,795,0.00,0.22,-0.15,1.39,0.3997,3,1,0,-0.01,0.26,1.69,0.13,-0.71,-0.05,1.43,140,63
23072,-14.3,-0.2,-17.0,-0.095,-0.120,-0.999,-1.8,11.8,0.0,0.0193,0.0114,-0.0040,869,1029,895,888,0.00,0.22,-0.13,1.39,0.4033,3,1,0,-0.01,0.26,1.67,0.11,-0.72,-0.04,1.44,140,63
23082,-12.6,18.4,78.7,-0.084,0.024,-0.752,-3.0,12.1,0.0,0.0153,-0.0085,-0.0957,742,1110,794,1019,0.00,0.22,-0.14,1.39,0.4013,3,1,0,-0.01,0.26,1.64,0.14,-0.72,-0.04,1.45,139,63
23092,-4.8,27.7,-89.5,-0.022,-0.066,-0.827,-3.2,12.2,0.0,0.0084,-0.0140,0.0699,1012,836,1039,777,0.00,0.22,-0.14,1.39,0.4012,3,1,0,-0.01,0.26,1.61,0.15,-0.73,-0.04,1.46,139,63
23102,3.2,22.8,114.5,-0.180,0.229,-0.974,-3.8,12.3,0.0,-0.0014,-0.0127,-0.1316,648,1172,682,1163,0.00,0.21,-0.13,1.39,0.4014,3,1,0,-0.01,0.26,1.60,0.15,-0.73,-0.04,1.46,139,63
23112,15.4,12.6,-94.9,-0.003,0.126,-0.778,-4.5,12.6,0.0,-0.0144,-0.0022,0.0779,1109,776,1037,736,0.00,0.21,-0.14,1.39,0.4004,3,1,0,-0.02,0.26,1.55,0.18,-0.74,-0.04,1.46,139,63
23122,11.3,27.9,72.7,-0.089,0.194,-0.832,-3.7,12.8,0.0,-0.0092,-0.0130,-0.0943,727,1085,710,1129,0.00,0.21,-0.13,1.39,0.3995,3,1,0,-0.01,0.26,1.51,0.15,-0.74,-0.04,1.47,138,63
23132,10.3,29.1,-17.6,-0.005,0.138,-0.628,-4.5,13.1,0.0,-0.0094,-0.0182,0.0006,970,861,929,875,0.00,0.21,-0.14,1.40,0.3975,3,1,0,-0.02,0.26,1.45,0.17,-0.75,-0.05,1.44,138,63
23143,-9.6,23.5,-43.1,0.161,0.037,-0.987,-3.1,13.0,0.0,0.0103,-0.0079,0.0103,893,929,933,907,0.00,0.21,-0.13,1.40,0.4009,3,1,0,-0.01,0.26,1.41,0.14,-0.75,-0.04,1.41,138,63
23153,-2.9,8.9,84.6,0.080,-0.020,-0.762,-4.3,13.3,0.0,0.0027,0.0021,-0.0975,759,1094,748,1081,0.00,0.21,-0.14,1.40,0.4035,3,1,0,-0.02,0.26,1.39,0.16,-0.75,-0.04,1.43,138,63
23163,4.0,15.5,-85.4,-0.063,-0.096,-0.776,-3.7,13.4,0.0,-0.0004,-0.0046,0.0683,1027,798,1068,784,0.00,0.21,-0.13,1.40,0.4029,3,1,0,-0.01,0.26,1.38,0.16,-0.76,-0.04,1.46,138,63
23173,-10.0,25.9,124.6,-0.100,0.049,-1.179,-3.8,13.7,0.0,0.0164,-0.0116,-0.1415,607,1203,703,1163,0.00,0.21,-0.13,1.40,0.4028,3,1,0,-0.01,0.26,1.29,0.16,-0.76,-0.04,1.44,138,63
23183,1.2,25.1,-70.0,0.087,-0.039,-0.769,-4.2,13.8,0.0,0.0000,-0.0133,0.0529,1008,781,1066,827,0.00,0.21,-0.14,1.40,0.4036,3,1,0,-0.02,0.26,1.24,0.17,-0.77,-0.05,1.43,138,63
23193,6.7,21.8,66.3,-0.133,0.242,-0.842,-3.5,14.1,0.0,0.0003,-0.0105,-0.0971,691,1104,744,1125,0.00,0.21,-0.12,1.40,0.4013,3,1,0,-0.01,0.26,1.21,0.16,-0.77,-0.04,1.43,138,63
23203,3.7,8.2,6.7,0.049,0.245,-0.918,-4.4,14.4,0.0,-0.0026,0.0041,-0.0238,952,942,910,890,0.00,0.21,-0.13,1.40,0.4052,3,1,0,-0.02,0.26,1.17,0.19,-0.77,-0.05,1.43,138,63
23213,0.2,27.6,-40.3,-0.007,-0.066,-0.557,-3.7,14.7,0.0,-0.0042,-0.0069,0.0060,922,917,894,943,0.00,0.21,-0.12,1.40,0.4029,3,1,0,-0.01,0.26,1.12,0.15,-0.78,-0.03,1.43,138,63
23223,-0.9,26.6,88.0,0.015,0.207,-0.778,-3.3,14.8,0.0,0.0031,-0.0138,-0.1051,745,1123,758,1056,0.00,0.21,-0.12,1.40,0.4038,3,1,0,-0.01,0.26,1.03,0.16,-0.78,-0.04,1.43,137,63
23233,-16.7,9.9,-105.8,-0.040,-0.100,-0.793,-2.9,13.4,0.0,0.0193,0.0015,0.0886,1072,841,1092,683,0.00,0.20,-0.13,1.40,0.4043,3,1,0,-0.01,0.25,0.98,0.17,-0.79,-0.04,1.44,137,63
23243,-10.1,7.8,112.1,0.017,-0.040,-0.746,-2.7,9.7,0.0,0.0112,0.0089,-0.1291,684,1211,666,1106,0.00,0.20,-0.12,1.40,0.4017,3,1,0,-0.01,0.24,0.94,0.15,-0.79,-0.04,1.44,137,63
23253,-7.3,20.6,-73.8,0.100,-0.205,-0.751,-2.7,8.0,0.0,0.0107,-0.0112,0.0599,1045,820,1066,749,-0.01,0.20,-0.13,1.40,0.4035,3,1,0,-0.01,0.23,0.89,0.17,-0.79,-0.04,1.43,137,63
23264,-18.3,30.3,59.9,-0.010,-0.121,-0.785,-1.7,4.8,0.0,0.0221,-0.0275,-0.0770,630,1107,805,1134,0.00,0.20,-0.12,1.40,0.4028,3,1,0,-0.01,0.22,0.81,0.14,-0.79,-0.03,1.43,136,63
23274,1.1,10.8,20.4,0.034,0.053,-0.932,-2.2,2.8,0.0,0.0084,-0.0158,-0.0235,840,939,953,959,0.00,0.20,-0.13,1.40,0.4049,3,1,0,-0.01,0.21,0.76,0.15,-0.80,-0.04,1.43,136,63
23284,4.2,0.6,-47.6,-0.076,-0.069,-0.678,-1.4,2.5,0.0,0.0000,0.0000,0.0304,892,922,957,903,0.00,0.20,-0.12,1.40,0.4026,3,1,0,-0.01,0.21,0.74,0.14,-0.80,-0.03,1.42,136,63
23294,3.0,-4.4,87.8,0.175,0.084,-0.829,-1.5,1.4,0.0,0.0009,0.0039,-0.1050,715,1115,770,1094,0.00,0.20,-0.12,1.40,0.4052,3,1,0,-0.01,0.21,0.70,0.14,-0.80,-0.04,1.41,136,63
23304,2.6,18.1,-104.9,0.239,-0.111,-0.664,-1.0,-0.1,0.0,0.0034,-0.0237,0.0864,1006,737,1148,818,-0.01,0.20,-0.12,1.39,0.4072,3,1,0,-0.01,0.20,0.65,0.13,-0.80,-0.04,1.43,136,63
23314,13.2,19.6,95.4,-0.085,0.189,-0.743,-0.7,-2.9,0.0,-0.0084,-0.0246,-0.1125,639,1075,768,1217,0.00,0.20,-0.11,1.39,0.4059,3,1,0,-0.01,0.19,0.57,0.11,-0.81,-0.03,1.46,136,63
23324,20.4,5.9,-71.3,0.000,0.156,-1.049,-0.5,-3.5,0.0,-0.0136,-0.0102,0.0641,1064,762,1055,822,-0.01,0.20,-0.12,1.40,0.4065,3,1,0,-0.01,0.18,0.53,0.11,-0.81,-0.04,1.43,135,63
23334,-2.0,5.7,48.0,0.085,-0.096,-0.935,-0.7,-3.8,0.0,0.0068,-0.0116,-0.0652,751,1074,756,1120,0.00,0.19,-0.11,1.40,0.4062,3,1,0,-0.01,0.18,0.50,0.12,-0.81,-0.03,1.41,135,63
23344,9.0,10.5,27.5,0.071,0.028,-0.867,-1.8,-4.9,0.0,-0.0094,-0.0214,-0.0301,872,905,905,1024,0.00,0.19,-0.12,1.39,0.4068,3,1,0,-0.01,0.17,0.45,0.14,-0.81,-0.04,1.42,135,63
23355,4.6,-9.2,-59.2,0.193,0.049,-1.055,-1.4,-6.3,0.0,-0.0005,0.0011,0.0420,895,870,1016,921,0.00,0.19,-0.11,1.39,0.4063,3,1,0,-0.01,0.16,0.39,0.13,-0.81,-0.03,1.40,135,63
23365,5.8,-30.0,105.1,0.119,0.114,-1.137,-2.4,-8.7,0.0,-0.0027,0.0195,-0.1223,712,1094,734,1180,0.00,0.18,-0.11,1.39,0.4087,3,1,0,-0.01,0.15,0.30,0.15,-0.81,-0.03,1.39,134,63
23375,13.0,-28.0,-98.5,0.316,-0.051,-0.929,-2.3,-8.9,0.0,-0.0102,0.0074,0.0763,1088,776,1049,807,0.00,0.18,-0.11,1.39,0.4087,3,1,0,-0.01,0.15,0.26,0.15,-0.81,-0.03,1.38,134,63
23385,1.1,-43.0,96.0,-0.033,0.235,-0.891,-2.3,-9.3,0.0,0.0021,0.0319,-0.1133,716,1211,668,1126,0.00,0.17,-0.10,1.39,0.4088,3,1,0,-0.01,0.14,0.22,0.15,-0.81,-0.03,1.36,133,63
23395,13.6,-60.6,-65.7,0.135,0.175,-1.137,-2.2,-9.7,0.0,-0.0103,0.0491,0.0485,1101,857,1023,773,0.00,0.17,-0.11,1.39,0.4130,3,1,0,-0.01,0.13,0.17,0.15,-0.81,-0.04,1.37,133,63
23405,-1.3,-42.2,32.3,0.136,0.000,-0.980,-1.4,-9.8,0.0,0.0062,0.0251,-0.0619,831,1122,781,1018,0.00,0.16,-0.10,1.39,0.4130,3,1,0,-0.01,0.13,0.13,0.13,-0.82,-0.03,1.38,133,63
23415,-6.1,-32.0,32.4,0.041,-0.064,-0.995,-1.2,-10.6,0.0,0.0105,0.0196,-0.0496,924,1008,863,960,0.00,0.16,-0.11,1.39,0.4134,3,1,0,-0.01,0.12,0.08,0.12,-0.82,-0.03,1.37,133,63
23425,-3.5,-13.6,-57.5,0.266,-0.155,-1.316,-1.2,-9.8,0.0,0.0078,0.0019,0.0403,940,911,1021,905,0.00,0.15,-0.10,1.38,0.4160,3,1,0,-0.01,0.12,0.06,0.13,-0.82,-0.03,1.35,132,63
23435,-5.7,-30.7,95.2,0.026,0.033,-1.379,-1.8,-10.2,0.0,0.0085,0.0161,-0.1112,743,1164,743,1123,0.00,0.15,-0.10,1.38,0.4156,3,1,0,-0.01,0.11,0.01,0.14,-0.82,-0.03,1.36,132,63
23445,6.0,-36.2,-102.6,0.165,-0.119,-1.238,-0.8,-10.2,0.0,-0.0014,0.0243,0.0853,1139,803,1050,770,0.00,0.14,-0.10,1.38,0.4143,3,1,0,-0.01,0.11,-0.02,0.11,-0.82,-0.03,1.37,132,63
23455,-16.2,-37.1,93.5,0.016,0.157,-1.258,-0.7,-11.3,0.0,0.0216,0.0252,-0.1133,715,1255,697,1077,0.00,0.14,-0.09,1.38,0.4119,3,1,0,0.00,0.10,-0.09,0.11,-0.82,-0.02,1.37,132,63
23465,-7.1,-61.5,-76.6,0.184,-0.076,-1.568,-0.2,-11.1,0.0,0.0124,0.0488,0.0593,1096,873,1064,728,0.00,0.13,-0.11,1.38,0.4141,3,1,0,0.00,0.09,-0.12,0.10,-0.82,-0.03,1.37,131,63
23476,11.9,-39.3,19.8,-0.070,0.089,-1.070,0.1,-10.4,0.0,-0.0062,0.0272,-0.0371,871,1082,794,979,0.00,0.12,-0.09,1.38,0.4095,3,1,0,0.00,0.09,-0.14,0.09,-0.82,-0.02,1.38,131,63
23486,9.1,-23.8,44.4,0.022,0.161,-1.247,0.4,-10.1,0.0,-0.0011,0.0150,-0.0566,900,1065,831,937,0.00,0.12,-0.10,1.38,0.4104,3,1,0,0.00,0.08,-0.18,0.08,-0.82,-0.03,1.38,131,63
23496,9.0,-18.6,-67.3,0.112,0.083,-1.220,0.8,-9.7,0.0,-0.0026,0.0073,0.0500,985,881,968,890,0.00,0.11,-0.09,1.38,0.4090,3,1,0,0.00,0.08,-0.20,0.06,-0.81,-0.02,1.37,131,63
23506,16.5,-32.5,103.4,0.093,0.175,-1.264,1.1,-11.2,0.0,-0.0127,0.0155,-0.1145,768,1139,677,1141,0.00,0.11,-0.09,1.37,0.4092,3,1,0,0.00,0.07,-0.27,0.05,-0.81,-0.03,1.37,131,63
23516,16.4,-40.4,-97.7,0.321,0.017,-1.277,1.3,-11.3,0.0,-0.0094,0.0275,0.0804,1128,753,1036,805,0.00,0.10,-0.10,1.37,0.4089,3,1,0,0.00,0.07,-0.31,0.04,-0.81,-0.03,1.38,131,63
23526,-3.1,-38.9,90.0,0.207,0.062,-1.086,1.5,-11.1,0.0,0.0103,0.0262,-0.1074,708,1139,708,1153,0.00,0.10,-0.08,1.37,0.4070,3,1,0,0.00,0.06,-0.34,0.04,-0.81,-0.02,1.39,131,63
23536,5.3,-77.9,-55.4,0.161,0.070,-1.356,1.2,-9.1,0.0,0.0014,0.0443,0.0524,1089,869,997,763,0.00,0.09,-0.10,1.37,0.4085,3,1,0,0.00,0.06,-0.33,0.04,-0.81,-0.03,1.38,131,63
23546,11.8,-69.9,33.0,0.000,0.016,-1.140,1.7,-6.7,0.0,-0.0046,0.0618,-0.0504,842,1119,748,989,0.00,0.09,-0.08,1.37,0.4056,3,1,0,0.00,0.07,-0.31,0.04,-0.81,-0.01,1.37,131,63
23556,4.2,-52.2,63.5,-0.011,0.003,-1.081,1.7,-6.5,0.0,0.0015,0.0331,-0.0668,869,1035,811,985,0.00,0.08,-0.09,1.37,0.4061,3,1,0,0.00,0.06,-0.34,0.03,-0.81,-0.02,1.36,131,63
23566,21.7,-51.3,-73.2,0.129,0.148,-1.076,2.0,-5.1,0.0,-0.0132,0.0396,0.0462,1029,908,918,843,0.00,0.08,-0.08,1.37,0.4057,3,1,0,0.00,0.06,-0.34,0.02,-0.81,-0.01,1.36,131,63
23577,10.7,-55.8,103.4,-0.013,0.198,-1.389,1.9,-3.9,0.0,-0.0043,0.0526,-0.1209,792,1237,601,1072,0.00,0.07,-0.08,1.37,0.4062,3,1,0,0.00,0.06,-0.36,0.02,-0.81,-0.02,1.35,131,63
23587,4.5,-20.0,-99.5,0.250,-0.165,-1.026,1.7,-4.9,0.0,-0.0010,0.0130,0.0813,1121,787,1025,783,0.00,0.07,-0.09,1.37,0.4079,3,1,0,0.00,0.05,-0.41,0.02,-0.81,-0.02,1.34,131,63
23597,-2.9,-20.4,83.1,0.157,0.177,-1.140,1.5,-6.8,0.0,0.0100,0.0121,-0.1005,702,1193,698,1119,0.00,0.06,-0.07,1.37,0.4076,3,1,0,0.00,0.04,-0.50,0.03,-0.81,-0.01,1.35,131,63
23607,4.3,-33.9,-39.6,0.027,-0.057,-1.409,0.8,-7.9,0.0,-0.0007,0.0224,0.0367,1062,886,977,814,0.00,0.06,-0.08,1.37,0.4113,3,1,0,0.00,0.03,-0.56,0.04,-0.80,-0.02,1.36,132,63
23617,4.7,-1.0,10.0,0.211,-0.190,-1.215,0.8,-8.8,0.0,0.0016,-0.0092,-0.0275,789,1024,864,1041,0.00,0.05,-0.07,1.37,0.4085,3,1,0,0.00,0.02,-0.61,0.05,-0.80,-0.01,1.35,133,63
23627,-1.5,-1.2,65.5,0.094,-0.011,-1.201,0.9,-10.6,0.0,0.0100,-0.0177,-0.0797,711,1027,909,1092,0.00,0.05,-0.08,1.37,0.4113,3,1,0,0.00,0.01,-0.68,0.05,-0.80,-0.01,1.34,133,63
23637,9.9,-16.9,-75.7,0.105,-0.029,-0.986,1.4,-11.8,0.0,-0.0030,0.0037,0.0582,908,822,1097,888,0.00,0.04,-0.07,1.37,0.4080,3,1,0,0.00,0.00,-0.74,0.04,-0.80,-0.01,1.33,134,63
23647,-5.9,-24.8,100.8,0.151,0.121,-1.070,0.8,-13.7,0.0,0.0126,0.0044,-0.1182,656,1131,767,1159,0.00,0.04,-0.07,1.36,0.4077,3,1,0,0.00,0.00,-0.83,0.05,-0.80,-0.01,1.32,135,63
23657,4.0,-36.8,-91.1,0.217,0.127,-0.780,1.3,-14.3,0.0,0.0051,0.0153,0.0740,1043,811,1110,774,0.00,0.03,-0.08,1.36,0.4110,3,1,0,0.00,-0.01,-0.88,0.04,-0.79,-0.01,1.32,135,63
23667,5.7,-43.8,81.3,-0.325,0.340,-0.746,1.6,-15.4,0.0,0.0014,0.0270,-0.0988,721,1197,719,1091,0.00,0.03,-0.06,1.36,0.4097,3,1,0,0.00,-0.02,-0.95,0.05,-0.79,0.00,1.32,135,63
23677,11.1,-24.2,-17.7,0.053,0.122,-0.874,1.9,-14.7,0.0,-0.0050,0.0139,0.0126,1020,923,931,867,0.00,0.02,-0.07,1.36,0.4114,3,1,0,0.00,-0.02,-0.98,0.04,-0.79,-0.01,1.32,135,63
23688,-2.1,-6.8,-6.2,0.106,0.022,-0.767,2.2,-16.2,0.0,0.0100,-0.0107,-0.0112,811,1023,883,1022,0.00,0.01,-0.06,1.36,0.4111,3,1,0,0.00,-0.03,-1.05,0.05,-0.78,0.00,1.33,135,63
23698,16.4,-37.6,70.6,-0.040,0.128,-1.031,2.7,-16.3,0.0,-0.0081,0.0200,-0.0880,833,1083,752,1080,0.00,0.01,-0.06,1.36,0.4124,3,1,0,0.00,-0.04,-1.10,0.03,-0.78,0.00,1.32,135,63
23708,12.1,-11.8,-82.8,0.198,-0.053,-0.887,2.6,-15.6,0.0,-0.0060,-0.0072,0.0628,1034,802,1033,869,0.00,0.00,-0.06,1.36,0.4110,3,1,0,0.00,-0.04,-1.13,0.04,-0.78,0.00,1.32,135,63
23718,-13.5,-24.9,99.9,0.125,0.073,-0.906,1.9,-15.4,0.0,0.0212,0.0083,-0.1175,709,1188,717,1133,0.00,0.00,-0.05,1.35,0.4123,3,1,0,0.00,-0.05,-1.18,0.07,-0.77,0.00,1.31,135,63
23728,-4.6,-36.8,-76.8,0.005,-0.177,-1.171,2.3,-15.2,0.0,0.0109,0.0205,0.0620,1110,859,1041,754,0.00,-0.01,-0.06,1.35,0.4144,3,1,0,0.00,-0.06,-1.23,0.06,-0.77,0.00,1.30,135,63
23738,-16.1,-20.1,78.1,0.141,-0.192,-1.254,1.7,-15.8,0.0,0.0235,0.0030,-0.0956,732,1209,741,1072,0.00,-0.01,-0.05,1.35,0.4132,3,1,0,0.00,-0.07,-1.30,0.09,-0.77,0.00,1.31,135,63
23748,-6.3,-26.4,-2.8,0.123,0.038,-1.171,0.9,-14.7,0.0,0.0129,0.0105,-0.0146,913,982,967,905,0.00,-0.02,-0.06,1.35,0.4149,3,1,0,0.00,-0.07,-1.32,0.09,-0.76,0.00,1.31,135,63
23758,6.4,-34.3,-2.4,0.001,0.102,-1.172,0.3,-13.4,0.0,0.0041,0.0200,-0.0300,881,1060,835,952,0.00,-0.03,-0.04,1.35,0.4098,3,1,0,0.00,-0.08,-1.34,0.11,-0.76,0.00,1.32,135,63
23768,-13.3,-37.6,64.5,0.337,0.204,-0.954,0.0,-12.0,0.0,0.0190,0.0245,-0.0820,815,1134,822,954,0.00,-0.04,-0.05,1.35,0.4094,3,1,0,0.00,-0.08,-1.35,0.11,-0.75,0.00,1.32,135,63
23778,5.1,-45.3,-77.7,-0.001,0.135,-0.764,0.5,-11.3,0.0,0.0056,0.0315,0.0596,1037,912,1021,731,0.00,-0.04,-0.05,1.35,0.4062,3,1,0,0.00,-0.08,-1.38,0.10,-0.75,0.00,1.32,135,63
23789,12.2,-27.1,114.1,-0.145,0.282,-0.939,0.3,-12.7,0.0,-0.0066,0.0147,-0.1310,736,1197,640,1125,0.00,-0.05,-0.04,1.34,0.4059,3,1,0,0.00,-0.09,-1.46,0.10,-0.75,0.00,1.32,135,63
23799,-2.0,-5.1,-61.4,0.158,-0.096,-0.516,0.0,-12.2,0.0,0.0077,-0.0081,0.0438,1003,828,1026,820,0.00,-0.06,-0.04,1.34,0.4030,3,1,0,0.00,-0.10,-1.48,0.10,-0.74,0.00,1.31,135,63
23809,-2.9,-24.8,77.6,-0.132,0.056,-0.690,0.4,-11.0,0.0,0.0090,0.0128,-0.0953,716,1163,701,1091,0.00,-0.06,-0.03,1.34,0.4022,3,1,0,0.00,-0.10,-1.49,0.11,-0.74,0.01,1.30,135,63
23819,7.5,-34.2,-15.4,-0.042,0.129,-0.760,-0.2,-10.9,0.0,-0.0047,0.0283,0.0014,1065,962,830,822,0.00,-0.07,-0.04,1.34,0.4034,3,1,0,0.00,-0.11,-1.53,0.10,-0.73,0.00,1.30,135,63
23829,-16.0,-46.9,-24.3,0.222,0.036,-0.787,0.7,-13.3,0.0,0.0209,0.0368,0.0019,964,1058,860,827,0.00,-0.07,-0.03,1.34,0.4072,3,1,0,0.00,-0.12,-1.62,0.10,-0.73,0.01,1.30,135,63
23839,-8.5,-71.5,62.1,0.120,-0.018,-1.044,0.4,-13.9,0.0,0.0129,0.0601,-0.0763,903,1203,697,922,0.00,-0.08,-0.04,1.34,0.4093,3,1,0,0.00,-0.13,-1.67,0.09,-0.72,0.00,1.29,134,63
23849,-8.3,-45.1,-61.1,0.093,-0.324,-1.517,0.8,-15.2,0.0,0.0131,0.0335,0.0423,1045,935,968,758,0.00,-0.08,-0.03,1.34,0.4067,3,1,0,0.00,-0.14,-1.73,0.10,-0.72,0.01,1.29,134,63
23859,-23.7,-21.8,107.0,0.096,-0.230,-1.358,0.6,-16.1,0.0,0.0289,0.0067,-0.1244,654,1233,738,1098,0.00,-0.09,-0.03,1.33,0.4091,3,1,0,0.00,-0.14,-1.78,0.11,-0.71,0.01,1.29,133,63
23869,-7.7,-54.6,-83.0,0.039,-0.144,-1.418,-0.1,-16.3,0.0,0.0130,0.0349,0.0653,1023,856,1061,804,0.00,-0.09,-0.03,1.33,0.4094,3,1,0,0.00,-0.15,-1.82,0.13,-0.71,0.01,1.28,133,63
23879,-3.0,-48.1,78.9,0.111,0.021,-1.421,-1.0,-18.2,0.0,0.0066,0.0286,-0.0995,745,1198,692,1100,0.00,-0.10,-0.02,1.33,0.4057,3,1,0,-0.01,-0.16,-1.90,0.17,-0.70,0.01,1.26,132,63
23889,-33.0,-47.9,-39.9,0.340,-0.147,-1.405,-0.4,-17.9,0.0,0.0361,0.0293,0.0251,1044,935,981,795,0.00,-0.11,-0.03,1.33,0.4132,3,1,0,0.00,-0.17,-1.93,0.14,-0.69,0.01,1.28,131,63
23899,-6.2,-62.1,-3.5,0.216,0.033,-1.313,-1.2,-17.6,0.0,0.0138,0.0408,-0.0196,860,1115,849,920,0.00,-0.11,-0.02,1.33,0.4118,3,1,0,-0.01,-0.17,-1.96,0.19,-0.69,0.02,1.30,131,63
23909,12.3,-63.7,53.8,-0.041,0.089,-1.531,-2.0,-16.9,0.0,-0.0088,0.0461,-0.0715,899,1112,818,927,0.00,-0.12,-0.02,1.33,0.4134,3,1,0,-0.01,-0.18,-1.98,0.19,-0.68,0.01,1.30,131,63
23919,10.2,-19.9,-58.2,0.061,-0.231,-1.098,-2.3,-16.7,0.0,-0.0070,0.0023,0.0405,1009,869,951,886,0.00,-0.12,-0.02,1.32,0.4079,3,1,0,-0.01,-0.18,-2.02,0.21,-0.68,0.01,1.30,131,63
23929,12.9,-27.8,100.1,-0.141,0.241,-1.132,-2.4,-17.7,0.0,-0.0098,0.0094,-0.1178,732,1156,689,1149,0.00,-0.13,-0.02,1.32,0.4095,3,1,0,-0.01,-0.19,-2.08,0.21,-0.67,0.01,1.30,132,63
23939,29.4,-48.5,-82.4,0.101,0.154,-1.301,-2.1,-17.2,0.0,-0.0248,0.0296,0.0635,1155,821,949,802,0.00,-0.14,-0.02,1.32,0.4095,3,1,0,-0.01,-0.20,-2.11,0.20,-0.66,0.01,1.30,132,63
23949,2.2,-42.8,69.9,0.294,0.025,-0.809,-1.0,-16.7,0.0,0.0023,0.0254,-0.0877,797,1128,682,1100,-0.01,-0.14,-0.01,1.32,0.4069,3,1,0,-0.01,-0.20,-2.12,0.18,-0.66,0.02,1.30,132,63
23959,2.7,-61.0,-36.9,0.221,0.057,-1.105,-0.2,-16.3,0.0,-0.0044,0.0203,0.0295,1027,866,976,868,-0.01,-0.15,-0.02,1.32,0.4111,3,1,0,-0.01,-0.21,-2.14,0.16,-0.65,0.01,1.29,132,63
23969,-8.4,-42.6,12.7,0.190,-0.263,-1.301,0.2,-14.9,0.0,0.0144,0.0271,-0.0305,862,1049,852,969,-0.01,-0.16,0.00,1.32,0.4103,3,1,0,-0.01,-0.21,-2.14,0.18,-0.64,0.02,1.29,132,63
23979,-24.8,-11.1,66.9,0.150,-0.380,-1.028,0.3,-13.3,0.0,0.0229,-0.0083,-0.0719,778,1066,859,1044,-0.01,-0.16,-0.01,1.32,0.4122,3,1,0,-0.01,-0.21,-2.17,0.16,-0.64,0.01,1.29,132,63
23989,-2.5,-13.9,-61.2,0.136,-0.007,-1.194,1.0,-12.8,0.0,0.0127,-0.0028,0.0406,928,911,1056,855,-0.01,-0.17,-0.01,1.32,0.4127,3,1,0,-0.01,-0.21,-2.18,0.19,-0.63,0.02,1.28,132,63
24000,-12.8,-40.1,103.3,0.188,0.126,-1.709,0.0,-11.5,0.0,0.0190,0.0253,-0.1207,727,1245,704,1089,-0.01,-0.18,0.00,1.31,0.4146,3,1,0,-0.01,-0.22,-2.20,0.20,-0.62,0.02,1.28,132,63
24010,-23.0,-37.2,-85.6,0.354,-0.080,-0.865,1.0,-12.2,0.0,0.0297,0.0214,0.0683,1051,884,1097,736,-0.01,-0.18,-0.01,1.31,0.4150,3,1,0,-0.01,-0.23,-2.28,0.17,-0.62,0.02,1.28,132,63
24020,-1.8,-36.6,86.2,-0.087,0.259,-1.072,1.5,-11.8,0.0,0.0089,0.0244,-0.1040,703,1242,746,1066,-0.01,-0.19,0.00,1.31,0.4135,3,1,0,-0.01,-0.23,-2.30,0.19,-0.61,0.02,1.28,132,63
24030,1.2,-12.5,-10.7,0.035,0.069,-0.949,1.1,-12.5,0.0,0.0112,0.0103,0.0078,985,971,962,841,-0.01,-0.19,0.00,1.31,0.4138,3,1,0,-0.01,-0.24,-2.35,0.18,-0.60,0.02,1.28,132,63
24040,-3.1,-6.8,9.0,0.068,0.009,-0.603,0.7,-13.5,0.0,0.0093,-0.0100,-0.0354,802,1033,872,1034,-0.01,-0.20,0.00,1.31,0.4114,3,1,0,-0.01,-0.25,-2.40,0.21,-0.60,0.02,1.28,133,63
24050,22.0,-27.3,72.0,-0.032,0.283,-0.868,-0.3,-13.6,0.0,-0.0168,0.0133,-0.0898,845,1082,770,1059,-0.01,-0.20,0.00,1.31,0.4134,3,1,0,-0.01,-0.25,-2.43,0.22,-0.59,0.02,1.29,133,63
24060,4.4,-9.7,-69.9,0.196,-0.054,-0.409,-0.4,-13.6,0.0,0.0007,-0.0043,0.0520,1030,890,983,849,-0.01,-0.21,0.00,1.30,0.4128,3,1,0,-0.01,-0.26,-2.51,0.23,-0.58,0.02,1.29,133,63
24070,-2.0,-38.1,104.0,-0.188,0.235,-0.509,-1.1,-12.0,0.0,0.0065,0.0257,-0.1219,772,1224,661,1106,-0.01,-0.22,0.00,1.30,0.4143,3,1,0,-0.02,-0.26,-2.53,0.25,-0.57,0.02,1.28,133,63
24080,-2.0,-47.2,-79.4,-0.123,-0.196,-0.751,-1.4,-10.5,0.0,0.0051,0.0399,0.0643,1182,905,996,695,-0.01,-0.22,0.00,1.30,0.4163,3,1,0,-0.02,-0.26,-2.54,0.25,-0.57,0.02,1.27,133,63
24090,-23.9,-14.9,93.5,0.102,-0.404,-0.987,-1.9,-9.2,0.0,0.0254,0.0123,-0.1159,738,1259,687,1092,-0.02,-0.22,0.01,1.30,0.4161,3,1,0,-0.02,-0.26,-2.54,0.30,-0.56,0.03,1.26,133,63
24100,-12.9,-16.9,-20.0,-0.048,-0.263,-0.858,-1.9,-8.2,0.0,0.0167,0.0084,0.0021,1001,970,1005,836,-0.01,-0.23,0.00,1.30,0.4209,3,1,0,-0.02,-0.26,-2.61,0.27,-0.55,0.02,1.27,133,63
24111,-7.6,-25.7,-3.8,-0.013,-0.298,-1.029,-1.3,-6.9,0.0,0.0158,0.0208,-0.0296,879,1099,865,949,-0.02,-0.23,0.01,1.30,0.4182,3,1,0,-0.02,-0.26,-2.62,0.29,-0.54,0.03,1.27,133,63
24121,-21.2,-14.9,60.0,0.106,-0.050,-0.781,-1.3,-5.5,0.0,0.0303,0.0111,-0.0695,833,1141,865,950,-0.02,-0.24,0.01,1.29,0.4179,3,1,0,-0.02,-0.26,-2.64,0.28,-0.53,0.02,1.28,133,63
24131,-8.8,-28.4,-83.1,-0.130,-0.128,-0.957,-0.2,-4.1,0.0,0.0141,0.0241,0.0652,1081,967,1058,713,-0.02,-0.24,0.01,1.29,0.4216,3,1,0,-0.02,-0.26,-2.64,0.27,-0.53,0.02,1.28,133,63
24141,15.6,-22.9,106.8,-0.273,0.043,-0.842,0.1,-2.7,0.0,-0.0074,0.0367,-0.1208,823,1260,641,1088,-0.02,-0.25,0.02,1.29,0.4208,3,1,0,-0.02,-0.26,-2.63,0.27,-0.52,0.02,1.29,134,63
24151,3.1,2.9,-70.6,0.029,-0.183,-0.703,-0.2,-1.7,0.0,0.0020,-0.0004,0.0540,1101,890,1020,792,-0.02,-0.25,0.01,1.29,0.4195,3,1,0,-0.02,-0.26,-2.66,0.27,-0.51,0.02,1.30,134,63
24161,2.2,-11.6,78.7,-0.172,-0.022,-0.847,-0.8,-0.6,0.0,0.0026,0.0108,-0.0966,779,1185,712,1123,-0.02,-0.25,0.02,1.29,0.4191,3,1,0,-0.02,-0.26,-2.68,0.32,-0.50,0.03,1.30,134,63
24171,10.2,-18.4,-28.5,0.072,0.004,-0.487,-1.4,0.5,0.0,-0.0106,0.0300,0.0231,1098,934,910,841,-0.02,-0.26,0.01,1.29,0.4169,3,1,0,-0.02,-0.26,-2.69,0.31,-0.49,0.02,1.29,134,63
24181,-8.2,-24.4,-18.2,0.197,0.085,-0.911,-2.0,1.4,0.0,0.0119,0.0258,0.0002,969,1066,882,890,-0.02,-0.26,0.03,1.29,0.4202,3,1,0,-0.03,-0.26,-2.70,0.35,-0.49,0.03,1.30,134,63
24191,-10.3,-23.6,71.4,0.020,-0.237,-1.074,-2.4,2.4,0.0,0.0048,0.0352,-0.0730,919,1147,762,997,-0.02,-0.26,0.02,1.29,0.4227,3,1,0,-0.03,-0.26,-2.71,0.35,-0.48,0.02,1.31,134,63
24201,-9.6,7.0,-62.4,0.071,-0.332,-0.885,-3.0,2.8,0.0,0.0120,-0.0035,0.0428,996,888,1040,848,-0.02,-0.27,0.02,1.28,0.4156,3,1,0,-0.03,-0.26,-2.74,0.38,-0.47,0.02,1.31,134,63
24211,-4.1,-0.7,123.5,-0.040,0.207,-1.237,-3.6,3.5,0.0,0.0062,0.0042,-0.1415,675,1234,697,1181,-0.02,-0.27,0.03,1.28,0.4176,3,1,0,-0.04,-0.26,-2.75,0.40,-0.46,0.02,1.31,134,63
24221,-13.5,-2.6,-78.3,0.305,-0.212,-0.872,-3.6,4.3,0.0,0.0137,0.0220,0.0636,1107,900,1021,740,-0.02,-0.27,0.02,1.28,0.4150,3,1,0,-0.04,-0.26,-2.76,0.39,-0.45,0.02,1.32,133,63
24232,-12.0,-10.4,68.2,-0.128,0.133,-0.758,-3.8,4.8,0.0,0.0146,0.0192,-0.0893,784,1203,740,1041,-0.03,-0.27,0.04,1.28,0.4150,3,1,0,-0.04,-0.26,-2.75,0.43,-0.44,0.02,1.33,133,63
24242,16.9,-33.8,-10.0,-0.111,0.214,-1.076,-4.6,5.5,0.0,-0.0159,0.0395,-0.0079,1104,1013,847,825,-0.02,-0.28,0.03,1.28,0.4178,3,1,0,-0.04,-0.26,-2.82,0.42,-0.44,0.02,1.32,133,63
24252,-17.2,-9.2,0.8,0.061,-0.269,-0.925,-4.1,5.5,0.0,0.0081,0.0262,-0.0317,918,1069,850,939,-0.03,-0.28,0.04,1.28,0.4162,3,1,0,-0.04,-0.26,-2.85,0.44,-0.43,0.02,1.30,133,63
24262,-8.0,-8.6,77.5,-0.030,-0.124,-0.740,-4.3,5.6,0.0,0.0085,0.0146,-0.0931,797,1152,764,1070,-0.03,-0.28,0.04,1.28,0.4171,3,1,0,-0.04,-0.26,-2.87,0.44,-0.42,0.02,1.31,133,63
24272,-4.2,-1.3,-70.9,-0.020,-0.205,-0.986,-4.4,5.7,0.0,0.0054,0.0071,0.0528,1045,884,1027,820,-0.03,-0.28,0.04,1.28,0.4162,3,1,0,-0.05,-0.26,-2.89,0.45,-0.41,0.02,1.31,133,63
24282,-27.6,7.3,94.6,0.045,-0.152,-0.859,-4.6,6.0,0.0,0.0258,0.0070,-0.1094,703,1214,774,1090,-0.03,-0.28,0.04,1.28,0.4168,3,1,0,-0.05,-0.26,-2.91,0.47,-0.40,0.02,1.31,133,63
24292,-14.8,-19.9,-83.4,-0.104,-0.298,-0.893,-4.8,6.0,0.0,0.0220,0.0320,0.0707,1114,928,1074,691,-0.03,-0.28,0.04,1.28,0.4202,3,1,0,-0.05,-0.26,-2.96,0.47,-0.39,0.02,1.30,134,63
24302,2.1,16.8,78.1,-0.360,-0.149,-0.935,-5.1,6.1,0.0,0.0040,0.0125,-0.1037,768,1175,735,1112,-0.03,-0.28,0.05,1.28,0.4179,3,1,0,-0.05,-0.26,-2.97,0.51,-0.38,0.02,1.33,134,63
24312,4.1,30.6,-10.5,0.000,0.029,-0.777,-4.5,6.1,0.0,-0.0011,-0.0195,-0.0029,938,929,978,940,-0.03,-0.28,0.04,1.28,0.4172,3,1,0,-0.05,-0.26,-3.03,0.48,-0.37,0.02,1.35,134,63
24322,-4.3,24.7,-11.5,-0.195,-0.047,-0.894,-4.4,5.9,0.0,0.0055,-0.0186,-0.0066,882,961,946,980,-0.04,-0.28,0.05,1.28,0.4150,3,1,0,-0.05,-0.26,-3.05,0.51,-0.36,0.02,1.33,134,63
24332,0.5,4.5,73.4,0.118,-0.031,-0.750,-4.2,5.9,0.0,-0.0044,0.0097,-0.0788,817,1098,763,1078,-0.04,-0.28,0.05,1.28,0.4136,3,1,0,-0.05,-0.26,-3.09,0.51,-0.35,0.02,1.31,134,63
24343,-19.2,7.1,-78.8,0.202,-0.090,-0.789,-3.3,5.4,0.0,0.0227,-0.0026,0.0599,1002,874,1107,796,-0.04,-0.28,0.05,1.28,0.4165,3,1,0,-0.05,-0.26,-3.13,0.51,-0.34,0.02,1.31,134,63
24353,-19.2,-15.1,108.7,-0.011,0.025,-0.974,-3.7,5.3,0.0,0.0211,0.0207,-0.1268,708,1241,719,1126,-0.05,-0.28,0.06,1.28,0.4186,3,1,0,-0.06,-0.26,-3.13,0.54,-0.34,0.02,1.32,134,63
24363,-13.5,4.9,-61.6,0.149,-0.269,-0.689,-3.7,5.1,0.0,0.0120,-0.0002,0.0492,1017,876,1064,832,-0.04,-0.27,0.05,1.28,0.4178,3,1,0,-0.06,-0.26,-3.12,0.54,-0.33,0.01,1.32,133,63
24373,-22.0,4.8,93.1,0.030,0.056,-1.173,-3.2,4.7,0.0,0.0245,0.0002,-0.1113,662,1219,785,1120,-0.05,-0.27,0.07,1.28,0.4173,3,1,0,-0.06,-0.26,-3.11,0.57,-0.32,0.01,1.33,133,63
24383,-8.7,-9.4,-4.1,0.053,-0.041,-1.136,-3.8,4.8,0.0,0.0079,0.0147,-0.0053,953,1003,927,917,-0.05,-0.27,0.06,1.28,0.4192,3,1,0,-0.06,-0.26,-3.13,0.57,-0.31,0.01,1.33,133,63
24393,-16.5,9.0,-18.7,0.353,-0.061,-0.950,-3.9,4.3,0.0,0.0184,-0.0043,0.0005,887,986,959,942,-0.06,-0.27,0.07,1.28,0.4158,3,1,0,-0.07,-0.26,-3.12,0.61,-0.30,0.01,1.33,133,63
24403,-17.3,-14.9,68.9,0.065,0.200,-1.264,-3.1,4.4,0.0,0.0147,0.0146,-0.0791,800,1154,800,1043,-0.06,-0.27,0.06,1.28,0.4189,3,1,0,-0.07,-0.26,-3.16,0.59,-0.29,0.01,1.33,133,63
24413,-12.4,2.3,-76.6,0.088,-0.248,-1.260,-2.9,4.1,0.0,0.0151,0.0021,0.0583,1031,869,1073,810,-0.06,-0.27,0.07,1.28,0.4170,3,1,0,-0.07,-0.26,-3.17,0.61,-0.28,0.01,1.35,133,63
24423,-30.5,1.1,122.4,0.037,-0.155,-1.387,-3.2,3.8,0.0,0.0351,0.0037,-0.1411,618,1284,737,1137,-0.06,-0.27,0.08,1.28,0.4161,3,1,0,-0.07,-0.26,-3.16,0.65,-0.27,0.01,1.37,133,63
24434,-4.1,-20.2,-71.0,0.041,0.039,-1.388,-3.3,3.4,0.0,0.0070,0.0194,0.0540,1055,884,1042,797,-0.06,-0.27,0.07,1.28,0.4164,3,1,0,-0.07,-0.26,-3.17,0.63,-0.26,0.00,1.37,134,63
24444,-3.0,-11.0,59.0,0.024,0.146,-1.150,-4.0,3.1,0.0,0.0047,0.0145,-0.0773,793,1130,743,1060,-0.06,-0.27,0.08,1.29,0.4095,3,1,0,-0.08,-0.26,-3.15,0.68,-0.25,0.01,1.37,134,63
24454,-28.8,-27.1,-12.0,0.169,0.067,-1.167,-4.1,3.0,0.0,0.0301,0.0330,-0.0021,965,1048,930,809,-0.06,-0.27,0.07,1.29,0.4129,3,1,0,-0.08,-0.26,-3.15,0.67,-0.24,0.00,1.36,134,63
24464,-7.0,-24.9,-29.7,0.105,-0.039,-1.212,-3.8,2.5,0.0,0.0089,0.0279,0.0114,990,1005,901,851,-0.07,-0.27,0.08,1.29,0.4123,3,1,0,-0.08,-0.26,-3.13,0.69,-0.23,0.00,1.36,134,63
24474,-11.3,-13.3,93.6,0.023,-0.108,-1.101,-4.4,2.6,0.0,0.0150,0.0331,-0.0964,788,1209,719,1027,-0.07,-0.26,0.08,1.29,0.4117,3,1,0,-0.08,-0.26,-3.11,0.70,-0.22,0.00,1.36,134,63
24484,-11.1,-1.4,-76.0,0.159,-0.151,-1.091,-5.6,1.7,0.0,0.0082,0.0022,0.0528,1024,856,1047,816,-0.07,-0.26,0.08,1.29,0.4117,3,1,0,-0.09,-0.26,-3.09,0.74,-0.21,0.00,1.36,134,63
24494,-9.8,-10.0,123.7,0.083,0.241,-1.294,-5.9,1.5,0.0,0.0097,0.0120,-0.1420,667,1243,661,1163,-0.07,-0.26,0.09,1.29,0.4105,3,1,0,-0.09,-0.26,-3.07,0.76,-0.20,0.00,1.34,134,63
24504,-13.3,-23.1,-74.8,0.168,-0.012,-0.939,-5.8,1.6,0.0,0.0026,0.0312,0.0610,1102,882,994,754,-0.07,-0.26,0.08,1.29,0.4103,3,1,0,-0.09,-0.26,-3.05,0.74,-0.19,0.00,1.33,134,63
24514,-28.9,-21.1,64.8,0.090,0.027,-0.987,-5.5,1.4,0.0,0.0293,0.0230,-0.0832,763,1214,751,1006,-0.07,-0.26,0.10,1.29,0.4104,3,1,0,-0.09,-0.26,-3.00,0.77,-0.18,0.00,1.36,134,63
24524,-20.6,-39.1,3.7,0.124,0.025,-1.078,-5.2,1.5,0.0,0.0243,0.0472,-0.0060,971,1085,884,815,-0.07,-0.26,0.09,1.29,0.4133,3,1,0,-0.09,-0.26,-3.01,0.76,-0.17,0.00,1.38,133,63
24534,-21.1,-2.2,-28.0,-0.013,-0.247,-1.057,-5.3,1.0,0.0,0.0216,0.0036,0.0096,925,984,946,873,-0.08,-0.26,0.10,1.30,0.4098,3,1,0,-0.10,-0.26,-3.01,0.79,-0.17,0.00,1.39,133,63
24545,-20.6,12.7,114.4,-0.024,-0.022,-1.022,-6.1,0.9,0.0,0.0203,-0.0114,-0.1328,646,1203,731,1137,-0.08,-0.26,0.10,1.30,0.4083,3,1,0,-0.10,-0.26,-3.00,0.81,-0.16,0.00,1.39,133,63
24555,-19.1,-1.5,-91.6,-0.009,-0.035,-1.001,-6.6,0.3,0.0,0.0204,0.0026,0.0677,1022,843,1089,756,-0.08,-0.26,0.10,1.30,0.4074,3,1,0,-0.10,-0.26,-2.97,0.83,-0.15,-0.01,1.39,134,63
24565,-23.7,-3.5,108.9,0.121,0.071,-1.174,-7.1,0.0,0.0,0.0224,0.0040,-0.1274,644,1218,710,1123,-0.08,-0.26,0.11,1.30,0.4054,3,1,0,-0.11,-0.26,-2.94,0.87,-0.14,-0.01,1.39,134,63
24575,-32.0,2.5,-73.1,0.233,-0.224,-0.711,-7.2,-0.1,0.0,0.0307,-0.0010,0.0572,992,867,1095,752,-0.08,-0.26,0.10,1.30,0.4070,3,1,0,-0.11,-0.26,-2.95,0.85,-0.13,-0.01,1.37,134,63
24585,-21.8,2.5,47.9,-0.144,0.018,-0.931,-7.4,-0.5,0.0,0.0201,-0.0026,-0.0664,722,1149,810,1029,-0.09,-0.25,0.12,1.31,0.4072,3,1,0,-0.11,-0.26,-2.91,0.90,-0.12,-0.01,1.36,134,63
24595,-12.9,-6.2,16.9,-0.008,0.052,-0.921,-7.3,-0.3,0.0,0.0114,0.0063,-0.0354,886,1030,892,925,-0.09,-0.25,0.11,1.31,0.4103,3,1,0,-0.11,-0.26,-2.91,0.88,-0.11,-0.01,1.39,134,63
24605,-10.5,33.2,-38.6,0.011,-0.162,-0.936,-7.6,-1.1,0.0,0.0078,-0.0309,0.0155,885,885,995,947,-0.09,-0.25,0.12,1.31,0.4076,3,1,0,-0.12,-0.26,-2.90,0.92,-0.10,-0.02,1.41,134,63
24615,-4.0,25.9,113.0,0.003,0.169,-1.120,-7.5,-1.2,0.0,0.0022,-0.0268,-0.1315,635,1128,739,1212,-0.09,-0.25,0.12,1.31,0.4080,3,1,0,-0.12,-0.26,-2.89,0.92,-0.10,-0.02,1.40,135,63
24625,2.9,9.8,-98.0,-0.009,0.100,-0.857,-7.6,-1.6,0.0,-0.0018,-0.0139,0.0790,1049,744,1095,803,-0.09,-0.25,0.12,1.31,0.4049,3,1,0,-0.12,-0.26,-2.87,0.92,-0.09,-0.02,1.38,136,63
24635,-17.7,-6.9,121.2,0.090,0.209,-1.184,-7.1,-1.9,0.0,0.0165,0.0055,-0.1397,624,1225,670,1174,-0.10,-0.25,0.13,1.31,0.4051,3,1,0,-0.12,-0.26,-2.83,0.94,-0.08,-0.02,1.40,136,63
24646,-17.0,-17.0,-64.8,0.294,-0.042,-0.857,-6.3,-2.0,0.0,0.0117,0.0057,0.0534,1016,858,1038,792,-0.09,-0.25,0.12,1.32,0.4067,3,1,0,-0.12,-0.26,-2.75,0.88,-0.07,-0.03,1.42,136,63
24656,-12.6,-9.2,38.9,0.013,0.218,-0.996,-5.5,-2.4,0.0,0.0141,0.0065,-0.0625,760,1099,806,1017,-0.10,-0.25,0.13,1.32,0.4035,3,1,0,-0.12,-0.26,-2.72,0.92,-0.06,-0.03,1.40,136,63
24666,-14.3,-14.8,48.5,0.029,0.037,-1.143,-5.7,-2.3,0.0,0.0144,0.0130,-0.0671,821,1081,821,984,-0.10,-0.25,0.13,1.32,0.4068,3,1,0,-0.12,-0.26,-2.72,0.90,-0.05,-0.03,1.39,136,63
24676,-9.0,13.7,-52.4,0.267,-0.189,-1.015,-5.8,-3.2,0.0,0.0091,-0.0178,0.0294,908,866,1015,903,-0.10,-0.25,0.14,1.32,0.4049,3,1,0,-0.12,-0.26,-2.69,0.92,-0.05,-0.03,1.40,136,63
24686,-3.6,-4.2,115.1,0.042,0.120,-1.243,-5.9,-3.4,0.0,0.0035,0.0013,-0.1337,658,1175,693,1180,-0.10,-0.24,0.14,1.32,0.4068,3,1,0,-0.12,-0.26,-2.65,0.93,-0.04,-0.04,1.42,136,63
24696,10.3,-4.2,-94.7,0.097,0.023,-0.988,-6.2,-4.0,0.0,-0.0061,-0.0116,0.0759,1058,748,1079,815,-0.10,-0.24,0.13,1.33,0.4058,3,1,0,-0.12,-0.26,-2.61,0.94,-0.03,-0.04,1.42,136,63
24706,-2.9,-15.5,103.5,0.053,0.142,-1.091,-6.8,-4.4,0.0,0.0016,0.0088,-0.1246,677,1170,674,1155,-0.10,-0.24,0.15,1.33,0.4028,3,1,0,-0.13,-0.26,-2.56,0.96,-0.02,-0.04,1.42,136,63
24716,4.8,-0.1,-62.8,0.213,0.047,-1.038,-6.7,-4.5,0.0,-0.0057,-0.0039,0.0442,1012,793,1018,867,-0.10,-0.24,0.14,1.33,0.4046,3,1,0,-0.13,-0.26,-2.54,0.92,-0.01,-0.05,1.41,137,63
24726,-1.9,0.7,17.6,0.043,0.145,-0.985,-6.0,-5.1,0.0,0.0029,-0.0123,-0.0521,790,998,847,1034,-0.11,-0.24,0.15,1.33,0.4019,3,1,0,-0.13,-0.26,-2.52,0.96,-0.01,-0.05,1.40,137,63
24736,-1.0,-9.3,41.5,-0.058,0.044,-1.026,-6.8,-5.1,0.0,0.0000,0.0047,-0.0602,851,970,853,1017,-0.10,-0.24,0.14,1.33,0.4048,3,1,0,-0.13,-0.26,-2.51,0.96,0.00,-0.05,1.41,137,63
24747,0.0,14.2,-66.5,0.072,-0.146,-1.228,-6.5,-5.5,0.0,0.0001,-0.0211,0.0379,952,809,1033,889,-0.11,-0.24,0.15,1.33,0.4038,3,1,0,-0.13,-0.26,-2.50,0.97,0.00,-0.05,1.40,137,63
24757,-4.2,4.3,121.3,-0.031,0.014,-1.200,-6.7,-5.6,0.0,0.0033,-0.0094,-0.1400,648,1150,687,1207,-0.11,-0.24,0.16,1.33,0.4050,3,1,0,-0.13,-0.26,-2.49,0.98,0.01,-0.06,1.40,137,63
24767,12.5,-3.6,-96.9,0.138,0.022,-1.141,-6.9,-5.9,0.0,-0.0098,-0.0087,0.0788,1058,738,1083,813,-0.10,-0.24,0.15,1.34,0.4050,3,1,0,-0.13,-0.26,-2.48,0.97,0.01,-0.06,1.43,137,63
24777,2.4,-17.2,100.5,-0.045,0.112,-1.133,-7.0,-6.2,0.0,-0.0035,0.0093,-0.1249,688,1168,655,1159,-0.11,-0.24,0.16,1.34,0.4020,3,1,0,-0.13,-0.26,-2.43,0.99,0.02,-0.06,1.46,137,63
24787,3.1,-16.4,-45.9,0.281,-0.041,-1.355,-7.2,-6.0,0.0,-0.0046,0.0109,0.0271,1025,849,974,839,-0.11,-0.24,0.15,1.34,0.4044,3,1,0,-0.13,-0.26,-2.42,0.97,0.03,-0.07,1.45,137,63
24797,-10.5,-14.6,2.6,0.105,-0.030,-0.948,-7.3,-6.4,0.0,0.0083,0.0086,-0.0271,821,1031,810,983,-0.11,-0.23,0.17,1.34,0.3988,3,1,0,-0.14,-0.26,-2.38,1.00,0.04,-0.07,1.44,136,63
24807,-3.1,-38.5,53.1,0.025,0.077,-1.204,-6.9,-5.9,0.0,0.0019,0.0331,-0.0719,868,1085,763,970,-0.11,-0.24,0.16,1.35,0.4041,3,1,0,-0.13,-0.26,-2.36,0.97,0.04,-0.07,1.44,136,63
24817,-0.1,-30.9,-80.1,-0.014,-0.131,-1.005,-5.9,-6.1,0.0,0.0045,0.0245,0.0542,1034,883,984,768,-0.11,-0.24,0.17,1.35,0.4020,3,1,0,-0.13,-0.26,-2.33,0.96,0.05,-0.08,1.44,136,63
24827,-2.6,-18.8,115.3,-0.184,0.034,-1.183,-5.9,-5.8,0.0,0.0037,0.0168,-0.1316,704,1209,651,1118,-0.11,-0.24,0.17,1.35,0.4035,3,1,0,-0.13,-0.26,-2.30,0.96,0.06,-0.08,1.43,136,63
24837,0.3,-2.3,-94.1,0.075,-0.190,-1.101,-6.3,-5.9,0.0,-0.0009,-0.0031,0.0753,1070,777,1060,787,-0.11,-0.24,0.17,1.35,0.4054,3,1,0,-0.13,-0.26,-2.27,0.96,0.06,-0.08,1.44,136,63
24847,-1.4,-7.1,96.4,-0.135,0.047,-0.902,-6.4,-6.0,0.0,-0.0004,0.0012,-0.1262,667,1165,662,1168,-0.11,-0.24,0.18,1.35,0.4010,3,1,0,-0.13,-0.26,-2.25,0.98,0.07,-0.09,1.46,136,63
24858,14.0,-26.9,-43.3,0.003,0.128,-1.352,-6.3,-5.7,0.0,-0.0137,0.0212,0.0288,1049,865,934,837,-0.11,-0.24,0.17,1.35,0.4040,3,1,0,-0.13,-0.26,-2.24,0.96,0.08,-0.09,1.45,136,63
24868,9.0,-14.8,-6.8,0.115,0.006,-1.079,-6.1,-5.9,0.0,-0.0114,0.0084,-0.0291,873,981,802,1000,-0.11,-0.24,0.18,1.36,0.4001,3,1,0,-0.14,-0.26,-2.22,0.97,0.08,-0.09,1.45,136,63
24878,1.0,-19.0,68.3,0.123,0.138,-1.091,-6.4,-5.5,0.0,-0.0034,0.0131,-0.0830,812,1069,745,1049,-0.11,-0.24,0.18,1.36,0.4026,3,1,0,-0.13,-0.26,-2.21,0.97,0.09,-0.09,1.45,136,63
24888,-4.9,-27.3,-93.9,0.135,-0.028,-1.044,-6.3,-5.9,0.0,0.0043,0.0220,0.0750,1050,822,1033,756,-0.11,-0.24,0.18,1.36,0.4008,3,1,0,-0.14,-0.26,-2.20,0.97,0.10,-0.10,1.45,136,63
24898,-5.4,-31.0,120.8,-0.086,0.207,-1.339,-6.3,-5.7,0.0,0.0071,0.0214,-0.1374,681,1224,649,1131,-0.11,-0.24,0.19,1.36,0.4038,3,1,0,-0.14,-0.26,-2.18,0.98,0.10,-0.10,1.45,136,63
24908,-0.2,-18.8,-81.8,0.141,-0.125,-1.057,-6.2,-5.5,0.0,-0.0010,0.0145,0.0639,1081,822,1013,776,-0.11,-0.24,0.18,1.36,0.4050,3,1,0,-0.13,-0.26,-2.17,0.96,0.11,-0.10,1.45,136,63
24918,-7.4,-8.5,91.7,-0.055,-0.036,-0.880,-5.6,-6.0,0.0,0.0075,0.0031,-0.1106,671,1162,673,1152,-0.12,-0.24,0.20,1.36,0.4004,3,1,0,-0.14,-0.26,-2.15,0.97,0.12,-0.11,1.47,136,63
24928,2.7,-22.2,-18.6,0.034,0.052,-1.340,-5.6,-5.8,0.0,0.0001,0.0118,0.0101,964,911,946,874,-0.11,-0.24,0.19,1.37,0.4053,3,1,0,-0.13,-0.26,-2.15,0.95,0.12,-0.11,1.50,136,63
24938,-0.9,-16.5,-13.6,0.005,-0.084,-0.917,-4.9,-6.3,0.0,0.0040,0.0062,-0.0161,849,975,870,950,-0.12,-0.24,0.20,1.37,0.3988,3,1,0,-0.14,-0.26,-2.12,0.96,0.13,-0.11,1.48,136,63
24948,-8.4,-18.6,72.1,0.065,0.089,-1.083,-4.7,-6.0,0.0,0.0088,0.0123,-0.0874,784,1077,773,1028,-0.12,-0.24,0.19,1.37,0.4010,3,1,0,-0.13,-0.26,-2.11,0.94,0.14,-0.12,1.46,135,63
24958,-8.2,-12.4,-105.4,0.124,-0.190,-0.931,-3.5,-6.4,0.0,0.0101,0.0051,0.0837,1035,794,1062,772,-0.12,-0.23,0.20,1.37,0.4010,3,1,0,-0.13,-0.26,-2.08,0.92,0.14,-0.12,1.46,135,63
24969,-5.2,-26.7,110.1,-0.084,0.211,-1.173,-3.2,-6.5,0.0,0.0077,0.0208,-0.1290,674,1215,677,1111,-0.12,-0.23,0.20,1.37,0.4029,3,1,0,-0.13,-0.26,-2.05,0.92,0.15,-0.12,1.45,135,63
24979,7.0,-35.4,-94.5,-0.016,-0.060,-1.064,-2.7,-6.4,0.0,-0.0007,0.0269,0.0828,1125,805,1050,714,-0.12,-0.24,0.19,1.38,0.4053,3,1,0,-0.13,-0.26,-2.04,0.90,0.15,-0.13,1.46,135,63
24989,13.3,-16.1,89.1,-0.084,0.019,-0.937,-2.2,-6.8,0.0,-0.0096,0.0112,-0.1118,733,1151,656,1132,-0.12,-0.23,0.21,1.38,0.4024,3,1,0,-0.13,-0.26,-2.02,0.90,0.16,-0.13,1.47,135,63
24999,10.1,-14.3,-6.5,-0.001,0.018,-1.199,-2.2,-6.6,0.0,-0.0066,0.0082,-0.0123,970,913,914,912,-0.12,-0.23,0.20,1.38,0.4070,3,1,0,-0.13,-0.26,-2.01,0.88,0.17,-0.13,1.47,135,63
25009,15.0,-12.5,-26.5,0.090,0.078,-0.746,-1.1,-7.3,0.0,-0.0103,0.0035,0.0022,879,926,878,980,-0.12,-0.23,0.21,1.38,0.4010,3,1,0,-0.13,-0.26,-1.97,0.86,0.17,-0.14,1.48,135,63
25019,-2.1,-29.3,88.8,0.003,0.109,-1.126,-0.5,-6.9,0.0,0.0074,0.0230,-0.1078,773,1129,712,1078,-0.12,-0.23,0.21,1.38,0.4049,3,1,0,-0.12,-0.26,-1.91,0.84,0.18,-0.14,1.48,135,63
25029,5.8,-31.1,-91.6,0.199,-0.180,-0.797,-0.9,-7.3,0.0,-0.0117,0.0156,0.0662,1083,785,989,818,-0.12,-0.23,0.21,1.38,0.4026,3,1,0,-0.12,-0.26,-1.87,0.84,0.18,-0.14,1.48,135,63
25039,-8.7,-26.3,110.9,-0.113,0.141,-0.807,-0.4,-7.1,0.0,0.0141,0.0198,-0.1299,682,1232,655,1098,-0.12,-0.23,0.22,1.39,0.4015,3,1,0,-0.12,-0.26,-1.82,0.84,0.19,-0.14,1.51,136,63
25049,-10.1,-42.7,-90.1,0.136,-0.208,-1.011,0.2,-7.0,0.0,0.0162,0.0364,0.0711,1086,832,1053,707,-0.12,-0.23,0.21,1.39,0.4031,3,1,0,-0.12,-0.26,-1.80,0.81,0.19,-0.15,1.53,136,63
25059,0.8,-29.2,65.6,-0.100,-0.013,-0.629,0.6,-7.3,0.0,0.0074,0.0186,-0.0933,753,1133,710,1035,-0.12,-0.23,0.22,1.39,0.3969,3,1,0,-0.12,-0.26,-1.75,0.81,0.20,-0.15,1.51,137,63
25069,-3.4,-24.2,9.2,-0.227,-0.059,-0.760,0.9,-6.6,0.0,0.0101,0.0181,-0.0282,936,996,869,849,-0.12,-0.23,0.21,1.39,0.3994,3,1,0,-0.12,-0.26,-1.71,0.79,0.20,-0.15,1.48,137,63
25080,11.1,-7.6,-26.4,0.014,-0.093,-0.832,1.5,-7.1,0.0,-0.0038,0.0009,0.0073,899,937,866,939,-0.12,-0.23,0.22,1.39,0.3982,3,1,0,-0.12,-0.26,-1.67,0.78,0.21,-0.16,1.50,137,63
25090,-6.2,0.9,96.2,-0.111,0.041,-0.851,2.1,-6.0,0.0,0.0139,-0.0074,-0.1129,668,1123,751,1108,-0.12,-0.23,0.22,1.40,0.3995,3,1,0,-0.11,-0.25,-1.63,0.76,0.21,-0.16,1.51,137,63
25100,9.2,-13.9,-107.8,-0.108,-0.019,-0.634,3.2,-5.3,0.0,-0.0002,0.0092,0.0887,1078,739,1054,763,-0.12,-0.23,0.22,1.40,0.3974,3,1,0,-0.11,-0.25,-1.60,0.72,0.22,-0.16,1.51,137,63
25110,2.0,-2.2,105.8,-0.209,0.079,-0.667,4.4,-3.8,0.0,0.0090,0.0003,-0.1252,658,1169,684,1113,-0.12,-0.23,0.22,1.40,0.3959,3,1,0,-0.11,-0.24,-1.55,0.70,0.22,-0.16,1.51,137,63
25120,-4.9,-3.7,-86.7,0.085,-0.169,-0.653,3.7,-3.5,0.0,0.0137,-0.0011,0.0706,1025,778,1082,757,-0.12,-0.23,0.22,1.40,0.3983,3,1,0,-0.11,-0.24,-1.54,0.70,0.23,-0.16,1.49,138,63
25130,-3.2,23.1,42.6,-0.004,-0.058,-0.587,4.7,-3.0,0.0,0.0138,-0.0257,-0.0617,679,1031,843,1075,-0.12,-0.23,0.23,1.40,0.3964,3,1,0,-0.11,-0.24,-1.50,0.70,0.23,-0.17,1.48,138,63
25140,6.1,11.8,21.6,-0.165,-0.021,-0.625,4.4,-3.3,0.0,0.0056,-0.0171,-0.0211,830,932,917,975,-0.12,-0.23,0.22,1.40,0.3999,3,1,0,-0.10,-0.24,-1.50,0.68,0.24,-0.17,1.49,138,63
25150,16.2,30.1,-42.3,-0.120,0.003,-0.993,5.2,-3.4,0.0,0.0016,-0.0319,0.0146,881,831,1008,946,-0.12,-0.22,0.23,1.41,0.4014,3,1,0,-0.10,-0.24,-1.48,0.66,0.24,-0.17,1.49,138,63
25160,11.2,44.5,112.1,-0.179,0.007,-0.765,5.1,-2.8,0.0,-0.0003,-0.0470,-0.1312,633,1072,771,1198,-0.12,-0.22,0.23,1.41,0.4025,3,1,0,-0.10,-0.23,-1.45,0.64,0.24,-0.17,1.49,138,63
25170,18.9,55.0,-98.9,-0.024,-0.094,-0.948,5.5,-2.7,0.0,-0.0049,-0.0544,0.0771,972,662,1159,886,-0.12,-0.22,0.22,1.41,0.4031,3,1,0,-0.10,-0.23,-1.43,0.62,0.25,-0.18,1.48,138,63
25180,7.8,54.1,114.1,-0.024,0.127,-1.144,5.8,-2.1,0.0,0.0040,-0.0579,-0.1344,547,1077,783,1285,-0.12,-0.22,0.23,1.41,0.4050,3,1,0,-0.09,-0.22,-1.39,0.60,0.25,-0.18,1.49,137,63
25191,23.7,39.7,-77.1,0.056,0.125,-1.079,6.2,-2.1,0.0,-0.0118,-0.0415,0.0580,976,699,1111,902,-0.11,-0.22,0.22,1.41,0.4043,3,1,0,-0.09,-0.22,-1.37,0.56,0.26,-0.18,1.50,136,63
25201,12.3,24.1,46.7,-0.048,0.132,-1.369,6.4,-2.6,0.0,-0.0001,-0.0263,-0.0658,693,1032,822,1131,-0.11,-0.21,0.23,1.41,0.4032,3,1,0,-0.09,-0.22,-1.35,0.56,0.26,-0.18,1.51,136,63
25211,18.8,12.7,16.0,0.067,0.194,-1.237,5.6,-1.9,0.0,-0.0074,-0.0143,-0.0351,854,927,894,1007,-0.11,-0.21,0.22,1.41,0.4036,3,1,0,-0.09,-0.22,-1.33,0.54,0.26,-0.18,1.52,136,63
25221,1.0,17.5,-73.5,0.173,0.053,-1.273,6.0,-1.2,0.0,0.0111,-0.0193,0.0496,928,824,1049,856,-0.11,-0.21,0.23,1.41,0.4004,3,1,0,-0.09,-0.21,-1.29,0.53,0.27,-0.19,1.49,137,63
25231,-2.4,-7.7,92.8,-0.042,0.086,-1.350,5.9,0.2,0.0,0.0142,0.0084,-0.1119,721,1141,723,1109,-0.11,-0.21,0.23,1.42,0.4050,3,1,0,-0.08,-0.21,-1.24,0.51,0.27,-0.19,1.47,137,63
25241,10.5,-9.8,-104.7,0.009,-0.021,-1.062,4.8,-0.1,0.0,0.0042,0.0136,0.0863,1103,793,1067,725,-0.10,-0.21,0.22,1.42,0.4044,3,1,0,-0.09,-0.21,-1.23,0.53,0.28,-0.19,1.47,137,63
25251,1.5,-8.3,103.7,-0.233,0.069,-1.236,4.4,-0.1,0.0,0.0087,0.0086,-0.1228,693,1212,672,1110,-0.10,-0.20,0.23,1.42,0.4044,3,1,0,-0.09,-0.20,-1.21,0.53,0.28,-0.19,1.47,136,63
25261,7.4,-4.8,-59.3,-0.025,-0.098,-1.364,3.4,0.0,0.0,0.0018,0.0052,0.0401,1073,860,996,788,-0.10,-0.20,0.22,1.42,0.4083,3,1,0,-0.08,-0.20,-1.20,0.52,0.28,-0.19,1.48,135,63
25271,0.3,-0.7,22.5,-0.092,-0.085,-0.959,3.3,0.6,0.0,0.0011,0.0148,-0.0583,837,1081,745,1021,-0.10,-0.20,0.23,1.42,0.4041,3,1,0,-0.09,-0.20,-1.15,0.52,0.28,-0.20,1.49,135,63
25281,5.1,-14.4,41.4,-0.028,0.033,-1.116,1.8,0.4,0.0,0.0024,0.0153,-0.0605,890,1052,797,963,-0.09,-0.20,0.23,1.42,0.4062,3,1,0,-0.09,-0.20,-1.14,0.52,0.29,-0.19,1.48,135,63
25292,6.9,-7.0,-68.5,-0.061,0.060,-0.796,1.9,-0.8,0.0,0.0035,0.0064,0.0394,980,871,980,847,-0.09,-0.19,0.23,1.42,0.4032,3,1,0,-0.09,-0.20,-1.14,0.51,0.29,-0.20,1.48,135,63
25302,-6.6,-13.2,103.4,0.022,0.100,-0.883,1.2,-1.2,0.0,0.0142,0.0143,-0.1206,718,1181,700,1081,-0.09,-0.19,0.23,1.42,0.4033,3,1,0,-0.09,-0.20,-1.13,0.51,0.30,-0.20,1.47,135,63
25312,-5.8,-8.5,-97.5,0.226,-0.205,-0.977,0.8,-1.9,0.0,0.0125,0.0071,0.0783,1085,803,1054,750,-0.09,-0.19,0.23,1.42,0.4049,3,1,0,-0.08,-0.20,-1.13,0.51,0.30,-0.20,1.47,135,63
25322,-5.6,6.8,102.2,-0.171,0.045,-0.632,1.2,-1.0,0.0,0.0126,-0.0076,-0.1214,668,1188,686,1125,-0.09,-0.19,0.23,1.42,0.4017,3,1,0,-0.08,-0.19,-1.09,0.49,0.30,-0.20,1.49,134,63
25332,-23.0,-25.5,-61.6,0.160,-0.209,-1.024,1.3,-0.8,0.0,0.0302,0.0251,0.0425,1011,938,1020,720,-0.08,-0.18,0.22,1.42,0.4046,3,1,0,-0.08,-0.19,-1.06,0.47,0.31,-0.20,1.48,134,63
25342,-19.6,-1.1,22.5,0.125,-0.196,-0.433,1.4,-1.1,0.0,0.0253,-0.0004,-0.0476,779,1054,876,960,-0.09,-0.18,0.24,1.42,0.4020,3,1,0,-0.08,-0.19,-1.04,0.47,0.31,-0.21,1.47,134,63
25352,-10.3,8.0,32.0,0.100,-0.051,-0.579,0.8,-0.7,0.0,0.0185,-0.0084,-0.0462,784,1028,886,990,-0.08,-0.18,0.23,1.42,0.4044,3,1,0,-0.08,-0.18,-1.02,0.46,0.31,-0.20,1.48,134,63
25362,0.5,2.1,-68.5,-0.067,-0.072,-0.651,1.8,1.5,0.0,0.0074,-0.0006,0.0462,912,904,983,867,-0.08,-0.18,0.23,1.42,0.4051,3,1,0,-0.08,-0.17,-0.95,0.44,0.31,-0.21,1.49,134,63
25372,4.2,20.6,107.9,-0.002,0.144,-0.790,1.9,2.3,0.0,0.0066,-0.0178,-0.1246,658,1147,793,1076,-0.08,-0.18,0.23,1.42,0.4056,3,1,0,-0.07,-0.17,-0.91,0.42,0.32,-0.21,1.48,134,63
25382,8.9,21.1,-91.9,0.071,-0.038,-0.630,1.8,2.9,0.0,-0.0015,-0.0187,0.0729,1021,748,1090,802,-0.08,-0.17,0.23,1.42,0.4043,3,1,0,-0.07,-0.16,-0.88,0.42,0.32,-0.21,1.48,134,63
25392,18.4,45.2,108.2,-0.093,0.215,-0.824,2.4,4.1,0.0,-0.0101,-0.0408,-0.1297,611,1120,721,1212,-0.08,-0.17,0.24,1.42,0.4030,3,1,0,-0.07,-0.16,-0.83,0.40,0.32,-0.21,1.45,134,63
25402,23.6,29.7,-57.6,0.015,0.244,-0.785,2.7,4.6,0.0,-0.0137,-0.0266,0.0415,979,753,1067,889,-0.08,-0.17,0.23,1.42,0.4060,3,1,0,-0.07,-0.15,-0.79,0.37,0.33,-0.21,1.42,134,63
25412,19.1,39.4,36.1,0.083,0.286,-0.921,3.8,7.4,0.0,-0.0084,-0.0359,-0.0607,687,984,852,1166,-0.08,-0.17,0.24,1.42,0.4045,3,1,0,-0.06,-0.14,-0.70,0.34,0.33,-0.22,1.45,134,63
25422,25.2,15.0,23.5,0.110,0.266,-0.797,3.4,8.8,0.0,-0.0190,-0.0279,-0.0244,864,884,897,1062,-0.07,-0.16,0.23,1.42,0.4068,3,1,0,-0.06,-0.13,-0.57,0.32,0.33,-0.21,1.48,134,63
25432,33.7,26.0,-60.5,0.125,0.201,-0.947,3.7,10.5,0.0,-0.0243,-0.0150,0.0413,941,750,1001,995,-0.07,-0.16,0.23,1.42,0.4043,3,1,0,-0.06,-0.12,-0.51,0.31,0.33,-0.22,1.47,134,63
25442,11.6,21.5,90.3,0.108,0.299,-1.249,3.2,12.0,0.0,-0.0026,-0.0091,-0.1095,693,1042,780,1195,-0.07,-0.16,0.23,1.42,0.4074,3,1,0,-0.06,-0.11,-0.45,0.28,0.33,-0.22,1.46,134,63
25452,12.7,22.6,-106.5,0.254,-0.038,-1.024,3.9,13.4,0.0,-0.0106,-0.0224,0.0848,1061,700,1106,826,-0.07,-0.15,0.22,1.42,0.4051,3,1,0,-0.06,-0.11,-0.36,0.23,0.33,-0.22,1.44,134,63
25462,5.4,13.6,92.0,0.050,0.259,-1.127,5.3,15.9,0.0,0.0056,0.0027,-0.1113,668,1122,728,1174,-0.07,-0.15,0.23,1.42,0.4050,3,1,0,-0.05,-0.09,-0.30,0.21,0.33,-0.22,1.42,134,63
25472,8.1,-8.7,-78.8,0.002,-0.004,-0.990,5.5,17.0,0.0,-0.0015,0.0104,0.0690,1069,780,1063,793,-0.06,-0.15,0.22,1.42,0.4066,3,1,0,-0.05,-0.09,-0.23,0.18,0.34,-0.22,1.43,134,63
25482,10.4,1.0,22.2,0.030,-0.005,-1.003,6.8,18.8,0.0,0.0021,0.0182,-0.0414,814,1048,822,1015,-0.06,-0.14,0.23,1.42,0.4057,3,1,0,-0.04,-0.07,-0.17,0.17,0.34,-0.22,1.44,134,63
25492,2.7,18.2,24.4,-0.122,0.029,-1.029,6.0,19.5,0.0,0.0090,0.0016,-0.0436,878,968,902,966,-0.06,-0.13,0.22,1.42,0.4079,3,1,0,-0.04,-0.07,-0.09,0.12,0.34,-0.22,1.44,134,63
25502,27.2,47.4,-65.8,0.084,-0.133,-0.857,7.4,21.6,0.0,-0.0154,-0.0252,0.0432,968,802,992,931,-0.06,-0.13,0.23,1.42,0.4052,3,1,0,-0.03,-0.05,-0.07,0.13,0.34,-0.22,1.44,134,63
25512,9.0,51.9,97.2,-0.179,0.122,-1.124,7.1,20.0,0.0,0.0036,-0.0325,-0.1142,650,1075,788,1190,-0.06,-0.12,0.23,1.42,0.4064,3,1,0,-0.03,-0.05,-0.06,0.11,0.34,-0.22,1.45,134,63
25523,16.6,38.6,-106.3,-0.102,-0.080,-0.653,6.6,18.9,0.0,-0.0042,-0.0194,0.0871,1043,657,1127,854,-0.05,-0.12,0.22,1.42,0.4035,3,1,0,-0.03,-0.05,-0.04,0.11,0.34,-0.22,1.44,134,63
25533,12.8,42.9,86.9,-0.200,0.081,-0.505,6.9,18.4,0.0,0.0012,-0.0254,-0.1081,656,1073,763,1168,-0.05,-0.11,0.23,1.42,0.4008,3,1,0,-0.03,-0.04,0.00,0.09,0.34,-0.22,1.43,134,63
25543,17.0,49.1,-60.5,-0.003,0.047,-0.504,7.2,19.3,0.0,-0.0041,-0.0295,0.0413,997,750,1061,871,-0.05,-0.10,0.22,1.42,0.4033,3,1,0,-0.02,-0.03,0.06,0.06,0.34,-0.22,1.41,134,63
25553,28.7,66.4,19.3,0.041,0.160,-0.739,7.1,17.5,0.0,-0.0160,-0.0491,-0.0423,756,921,874,1130,-0.05,-0.09,0.23,1.42,0.4036,3,1,0,-0.02,-0.03,0.06,0.05,0.34,-0.22,1.40,133,63
25563,7.8,66.4,37.4,0.104,0.073,-0.765,7.0,15.2,0.0,0.0049,-0.0510,-0.0566,783,898,982,1045,-0.05,-0.09,0.22,1.42,0.4071,3,1,0,-0.02,-0.04,0.05,0.03,0.34,-0.22,1.40,133,63
25573,5.5,58.2,-72.7,0.145,-0.081,-0.804,7.5,14.0,0.0,0.0076,-0.0440,0.0534,892,763,1103,947,-0.04,-0.08,0.23,1.41,0.4067,3,1,0,-0.02,-0.03,0.07,0.01,0.34,-0.22,1.40,133,63
25583,7.6,29.6,99.6,0.072,0.033,-1.033,7.4,12.3,0.0,0.0021,-0.0325,-0.1143,646,1067,801,1213,-0.04,-0.08,0.23,1.41,0.4095,3,1,0,-0.02,-0.03,0.07,0.00,0.34,-0.22,1.40,133,63
25593,19.0,23.7,-114.3,0.014,-0.043,-0.999,8.8,12.4,0.0,-0.0046,-0.0111,0.0951,1028,681,1197,816,-0.04,-0.07,0.22,1.41,0.4090,3,1,0,-0.01,-0.03,0.11,-0.05,0.34,-0.22,1.40,134,63
25603,5.7,22.8,88.6,-0.119,0.094,-1.247,9.2,11.7,0.0,0.0090,-0.0109,-0.1079,659,1131,781,1144,-0.04,-0.06,0.23,1.41,0.4079,3,1,0,-0.01,-0.02,0.13,-0.07,0.34,-0.22,1.40,134,63
25613,13.0,42.0,-55.6,-0.056,-0.055,-1.128,8.6,11.9,0.0,0.0000,-0.0255,0.0527,1009,771,1086,856,-0.03,-0.06,0.22,1.41,0.4089,3,1,0,0.00,-0.02,0.17,-0.08,0.34,-0.22,1.39,133,63
25623,19.5,59.7,16.2,-0.060,0.043,-1.066,9.1,13.5,0.0,-0.0015,-0.0318,-0.0432,808,1046,833,1028,-0.03,-0.05,0.23,1.41,0.4080,3,1,0,0.00,-0.01,0.24,-0.11,0.34,-0.22,1.39,133,63
25634,16.6,56.3,46.3,-0.177,0.024,-0.902,9.5,16.3,0.0,-0.0014,-0.0401,-0.0655,822,1002,866,1028,-0.03,-0.05,0.22,1.41,0.4083,3,1,0,0.00,0.00,0.35,-0.15,0.34,-0.22,1.39,133,63
25644,26.1,85.9,-73.9,0.030,0.220,-1.004,9.6,18.7,0.0,-0.0011,-0.0471,0.0447,935,812,1062,905,-0.02,-0.04,0.23,1.41,0.4077,3,1,0,0.00,0.01,0.44,-0.16,0.33,-0.22,1.38,133,63
25654,17.4,63.4,99.6,0.091,0.281,-1.364,8.7,20.6,0.0,0.0007,-0.0375,-0.1169,660,1106,781,1199,-0.02,-0.04,0.23,1.40,0.4122,3,1,0,0.00,0.02,0.52,-0.17,0.33,-0.22,1.38,133,63
25664,33.2,51.6,-100.3,0.145,0.183,-1.189,8.5,21.5,0.0,-0.0191,-0.0332,0.0814,1030,700,1147,867,-0.02,-0.03,0.22,1.40,0.4119,3,1,0,0.00,0.03,0.59,-0.19,0.33,-0.22,1.39,133,63
25674,27.2,37.0,83.6,-0.060,0.336,-1.446,8.8,21.4,0.0,-0.0059,-0.0244,-0.1111,665,1098,768,1210,-0.01,-0.03,0.23,1.40,0.4115,3,1,0,0.01,0.04,0.62,-0.22,0.33,-0.22,1.39,133,63
25684,38.7,41.9,-60.3,0.062,0.201,-1.447,9.6,23.9,0.0,-0.0223,-0.0181,0.0442,1033,775,1029,908,-0.01,-0.02,0.22,1.40,0.4119,3,1,0,0.01,0.05,0.71,-0.27,0.33,-0.21,1.37,132,63
25694,26.9,60.7,-6.3,0.075,0.216,-1.331,10.3,24.4,0.0,-0.0111,-0.0363,-0.0128,812,923,912,1076,-0.01,-0.02,0.23,1.40,0.4091,3,1,0,0.02,0.06,0.77,-0.30,0.32,-0.22,1.35,132,63
25704,25.1,50.2,24.1,-0.054,0.217,-1.458,9.9,24.9,0.0,-0.0153,-0.0304,-0.0331,843,910,900,1083,0.00,-0.01,0.22,1.40,0.4106,3,1,0,0.02,0.06,0.82,-0.32,0.32,-0.21,1.35,132,63
25714,22.6,40.9,-90.2,0.004,-0.013,-1.163,10.4,24.7,0.0,-0.0075,-0.0191,0.0674,1022,761,1077,868,0.00,0.00,0.23,1.40,0.4096,3,1,0,0.02,0.07,0.87,-0.35,0.32,-0.21,1.34,132,63
25724,4.8,25.4,80.6,-0.234,-0.002,-1.098,10.4,23.5,0.0,0.0111,-0.0018,-0.0999,741,1129,759,1091,0.00,0.00,0.23,1.39,0.4086,3,1,0,0.03,0.07,0.88,-0.38,0.32,-0.21,1.35,132,63
25734,24.5,35.7,-100.4,-0.127,-0.036,-1.079,10.7,23.6,0.0,-0.0069,0.0017,0.0865,1110,757,1077,777,0.00,0.00,0.22,1.39,0.4088,3,1,0,0.03,0.08,0.93,-0.40,0.32,-0.21,1.37,132,63
25744,20.8,48.7,86.3,-0.143,0.084,-1.058,10.8,21.5,0.0,-0.0044,-0.0272,-0.1056,708,1131,749,1119,0.00,0.01,0.23,1.39,0.4068,3,1,0,0.04,0.08,0.93,-0.43,0.31,-0.21,1.37,131,63
25755,13.2,61.3,-40.0,0.038,-0.113,-0.996,10.3,20.2,0.0,0.0026,-0.0412,0.0208,916,812,1060,925,0.00,0.02,0.22,1.39,0.4076,3,1,0,0.04,0.09,0.96,-0.43,0.31,-0.21,1.37,131,63
25765,21.1,92.2,9.1,0.039,-0.072,-1.143,10.2,19.9,0.0,-0.0051,-0.0713,-0.0335,730,876,960,1140,0.00,0.03,0.23,1.39,0.4068,3,1,0,0.04,0.09,1.01,-0.46,0.31,-0.21,1.37,131,63
25775,30.6,91.9,52.1,-0.031,0.086,-1.093,10.1,23.0,0.0,-0.0151,-0.0692,-0.0714,691,892,917,1207,0.01,0.03,0.22,1.39,0.4071,3,1,0,0.04,0.11,1.15,-0.48,0.30,-0.20,1.37,131,63
25785,33.0,112.1,-95.4,-0.047,0.003,-1.251,9.9,25.2,0.0,-0.0081,-0.0916,0.0658,893,613,1208,990,0.01,0.04,0.22,1.39,0.4067,3,1,0,0.05,0.13,1.26,-0.49,0.30,-0.20,1.35,131,63
25795,22.2,80.2,89.7,-0.140,0.165,-1.544,9.3,25.0,0.0,-0.0074,-0.0554,-0.1090,627,1005,825,1261,0.01,0.05,0.23,1.38,0.4084,3,1,0,0.05,0.13,1.29,-0.51,0.30,-0.20,1.34,131,63
25805,37.6,54.5,-110.1,-0.042,0.004,-1.405,8.6,24.9,0.0,-0.0225,-0.0404,0.0947,1077,634,1145,872,0.02,0.05,0.22,1.38,0.4097,3,1,0,0.05,0.14,1.35,-0.50,0.29,-0.20,1.34,131,63
25815,17.9,40.2,70.3,-0.136,0.199,-1.159,8.7,25.4,0.0,-0.0028,-0.0130,-0.0915,728,1084,763,1129,0.02,0.06,0.23,1.38,0.4065,3,1,0,0.05,0.15,1.39,-0.53,0.29,-0.20,1.33,131,63
25825,12.8,38.5,-46.4,0.061,0.032,-1.306,8.4,25.6,0.0,0.0010,-0.0131,0.0271,1000,840,1004,880,0.02,0.07,0.22,1.38,0.4090,3,1,0,0.05,0.16,1.45,-0.54,0.28,-0.20,1.34,131,63
25835,14.4,62.9,-7.6,0.138,0.064,-1.283,8.8,23.2,0.0,0.0004,-0.0216,-0.0244,842,936,926,1016,0.03,0.08,0.23,1.38,0.4086,3,1,0,0.06,0.16,1.43,-0.57,0.28,-0.20,1.34,131,63
25845,4.6,54.4,54.5,0.046,0.135,-0.953,8.6,20.5,0.0,0.0108,-0.0294,-0.0692,759,1032,877,1053,0.03,0.08,0.22,1.38,0.4088,3,1,0,0.06,0.15,1.41,-0.58,0.28,-0.19,1.33,131,63
25855,10.1,89.3,-102.6,0.138,0.028,-1.135,8.8,18.2,0.0,0.0068,-0.0707,0.0800,924,696,1215,896,0.03,0.09,0.22,1.37,0.4100,3,1,0,0.06,0.15,1.40,-0.59,0.27,-0.19,1.34,131,63
25866,10.0,87.1,87.7,0.003,0.130,-1.227,7.8,16.6,0.0,0.0028,-0.0708,-0.1078,603,1025,861,1266,0.03,0.10,0.23,1.37,0.4133,3,1,0,0.06,0.15,1.41,-0.59,0.27,-0.19,1.34,132,63
25876,24.6,67.0,-112.4,-0.020,0.071,-1.265,7.6,17.8,0.0,-0.0117,-0.0497,0.0931,1045,648,1193,868,0.04,0.10,0.22,1.37,0.4132,3,1,0,0.06,0.16,1.48,-0.59,0.26,-0.19,1.34,133,63
25886,8.0,24.6,58.6,-0.147,0.147,-1.460,8.1,16.7,0.0,0.0099,-0.0097,-0.0858,740,1102,814,1101,0.04,0.11,0.23,1.37,0.4136,3,1,0,0.07,0.17,1.49,-0.63,0.26,-0.19,1.33,133,63
25896,19.5,11.2,-33.6,-0.218,0.069,-1.338,7.4,17.4,0.0,-0.0067,0.0059,0.0144,1017,894,958,886,0.04,0.12,0.22,1.37,0.4134,3,1,0,0.07,0.18,1.55,-0.63,0.25,-0.18,1.32,133,63
25906,26.0,37.6,-25.8,-0.106,0.052,-1.328,-11.1,-35.7,0.0,-0.0294,-0.0666,0.0041,883,796,994,1090,0.05,0.12,0.23,1.36,0.4142,2,1,0,0.01,0.00,1.62,-0.66,0.25,-0.18,1.31,133,31
25916,8.9,53.8,67.8,-0.051,-0.021,-1.344,-11.7,-37.5,0.0,-0.0153,-0.0920,-0.0870,723,926,914,1214,0.05,0.13,0.22,1.36,0.4161,2,1,0,0.01,0.00,1.72,-0.68,0.25,-0.18,1.32,132,31
25926,10.8,71.7,-85.3,0.151,-0.119,-1.291,-12.3,-39.1,0.0,-0.0179,-0.1116,0.0660,893,606,1220,1048,0.05,0.13,0.22,1.36,0.4149,2,1,0,0.01,0.00,1.72,-0.70,0.25,-0.18,1.32,131,31
25936,17.8,68.1,98.9,-0.089,0.026,-1.693,-12.8,-39.9,0.0,-0.0260,-0.1056,-0.1194,584,946,846,1402,0.05,0.14,0.22,1.36,0.4161,2,1,0,0.01,0.00,1.75,-0.75,0.25,-0.18,1.32,130,31
25946,4.6,57.9,-104.4,-0.132,-0.311,-1.766,-12.7,-40.3,0.0,-0.0121,-0.0992,0.0851,1011,619,1211,938,0.05,0.14,0.22,1.36,0.4164,2,1,0,0.01,0.00,1.80,-0.74,0.25,-0.18,1.31,130,31
25956,-14.3,12.2,59.8,-0.398,-0.182,-1.265,-13.0,-39.6,0.0,0.0039,-0.0409,-0.0825,740,1067,800,1143,0.05,0.14,0.23,1.35,0.4126,2,1,0,0.01,0.00,1.87,-0.77,0.25,-0.18,1.32,130,31
25967,-15.4,-4.4,-8.5,0.080,-0.078,-1.357,-12.3,-39.1,0.0,0.0084,-0.0355,-0.0107,962,964,943,907,0.05,0.13,0.21,1.35,0.4160,2,1,0,0.01,0.00,2.04,-0.78,0.25,-0.18,1.33,130,31
25977,-25.7,-12.4,-21.3,0.283,-0.057,-1.431,-12.4,-38.2,0.0,0.0113,-0.0112,-0.0184,869,982,955,982,0.05,0.13,0.22,1.35,0.4177,2,1,0,0.01,0.00,2.13,-0.83,0.25,-0.18,1.32,130,31
25987,-1.4,-25.8,57.9,-0.005,0.191,-1.401,-11.7,-36.8,0.0,-0.0048,-0.0080,-0.0771,803,1074,785,1094,0.05,0.12,0.22,1.35,0.4134,2,1,0,0.01,0.00,2.19,-0.86,0.25,-0.18,1.30,130,31
25997,-14.9,-27.2,-90.7,-0.152,-0.198,-1.259,-11.2,-35.0,0.0,0.0089,-0.0087,0.0714,1055,839,1081,812,0.04,0.12,0.22,1.35,0.4174,2,1,0,0.01,0.00,2.23,-0.85,0.25,-0.18,1.31,130,31
26007,-27.7,-47.7,75.6,-0.182,-0.099,-1.076,-10.8,-33.2,0.0,0.0149,0.0166,-0.0973,761,1185,755,1066,0.04,0.11,0.22,1.35,0.4149,2,1,0,0.01,0.00,2.26,-0.87,0.25,-0.18,1.31,129,31
26017,-22.2,-53.5,-76.4,-0.231,-0.122,-1.127,-10.0,-31.6,0.0,0.0175,0.0212,0.0572,1043,901,1085,745,0.04,0.10,0.21,1.34,0.4159,2,1,0,0.01,0.00,2.29,-0.85,0.25,-0.18,1.31,129,31
26027,-2.3,-32.8,43.7,-0.444,-0.114,-0.879,-9.9,-29.6,0.0,-0.0024,0.0024,-0.0630,829,1098,799,1057,0.04,0.10,0.22,1.34,0.4171,2,1,0,0.01,0.00,2.31,-0.88,0.25,-0.18,1.30,129,31
26037,7.6,-22.0,-19.3,-0.009,-0.041,-1.140,-9.7,-28.1,0.0,-0.0109,-0.0003,0.0029,1001,938,924,923,0.04,0.09,0.21,1.34,0.4174,2,1,0,0.01,0.00,2.34,-0.88,0.25,-0.18,1.30,129,31
26047,-1.7,15.3,-22.8,0.186,-0.088,-1.723,-9.7,-27.1,0.0,-0.0027,-0.0433,0.0036,883,889,1007,1037,0.04,0.09,0.21,1.34,0.4214,2,1,0,0.01,0.00,2.39,-0.92,0.25,-0.18,1.30,129,31
26057,-2.5,6.2,43.9,0.028,0.235,-1.779,-9.6,-26.2,0.0,-0.0031,-0.0352,-0.0586,778,988,900,1133,0.04,0.09,0.21,1.34,0.4193,2,1,0,0.01,0.00,2.47,-0.94,0.25,-0.18,1.31,129,31
26068,-8.4,-22.7,-88.3,0.034,0.005,-1.502,-9.6,-25.3,0.0,0.0061,-0.0059,0.0652,1046,823,1092,822,0.04,0.08,0.21,1.34,0.4170,2,1,0,0.01,0.00,2.53,-0.96,0.25,-0.18,1.32,129,31
26078,-19.5,-42.0,67.6,-0.128,-0.001,-1.405,-9.6,-24.6,0.0,0.0152,0.0167,-0.0868,782,1162,767,1045,0.04,0.08,0.21,1.34,0.4134,2,1,0,0.01,0.00,2.55,-0.98,0.25,-0.18,1.32,128,31
26088,-5.0,-22.5,-83.8,-0.110,-0.058,-1.236,-9.5,-24.2,0.0,0.0006,-0.0025,0.0646,1087,817,1070,779,0.04,0.08,0.20,1.33,0.4130,2,1,0,0.01,0.00,2.55,-0.95,0.25,-0.18,1.32,128,31
26098,-8.5,3.4,52.2,-0.074,-0.071,-1.190,-9.4,-23.8,0.0,0.0041,-0.0282,-0.0714,730,1055,858,1088,0.04,0.08,0.21,1.33,0.4101,2,1,0,0.01,0.00,2.53,-0.98,0.25,-0.18,1.31,129,31
26108,-1.8,26.7,-6.6,-0.031,0.008,-0.922,-9.2,-24.2,0.0,0.0012,-0.0517,-0.0070,830,843,1045,1000,0.04,0.08,0.20,1.33,0.4083,2,1,0,0.01,0.00,2.57,-0.97,0.25,-0.18,1.30,129,31
26118,12.3,53.3,-29.1,0.135,0.216,-1.091,-9.3,-24.2,0.0,-0.0103,-0.0829,-0.0027,789,760,1064,1113,0.04,0.08,0.21,1.33,0.4095,2,1,0,0.01,0.00,2.60,-0.98,0.25,-0.18,1.30,129,31
26128,23.4,48.9,67.2,0.155,0.303,-1.068,-9.2,-24.5,0.0,-0.0281,-0.0798,-0.0845,670,874,893,1297,0.04,0.08,0.20,1.33,0.4105,2,1,0,0.01,0.00,2.65,-0.96,0.25,-0.18,1.30,130,31
26138,17.1,48.2,-94.3,0.209,0.183,-0.843,-9.0,-24.6,0.0,-0.0211,-0.0740,0.0751,940,576,1197,1003,0.04,0.08,0.20,1.33,0.4080,2,1,0,0.01,0.00,2.70,-0.96,0.25,-0.18,1.28,130,31
26148,-7.0,3.9,83.8,-0.153,0.233,-1.048,-8.7,-24.2,0.0,0.0011,-0.0447,-0.1001,651,1033,824,1198,0.04,0.08,0.21,1.33,0.4067,2,1,0,0.01,0.00,2.77,-1.01,0.25,-0.18,1.27,130,31
26158,4.2,-21.0,-81.0,-0.140,0.085,-0.716,-8.4,-24.2,0.0,-0.0076,-0.0041,0.0618,1048,734,1083,859,0.03,0.08,0.20,1.32,0.4090,2,1,0,0.01,0.00,2.82,-0.99,0.25,-0.18,1.28,130,31
26169,3.1,21.0,43.8,-0.074,0.138,-0.413,-8.1,-23.8,0.0,-0.0006,-0.0449,-0.0711,706,973,874,1145,0.03,0.08,0.21,1.32,0.4057,2,1,0,0.01,0.00,2.82,-1.02,0.25,-0.18,1.28,130,31
26179,-2.7,28.2,-8.8,0.014,0.039,-0.754,-7.9,-24.0,0.0,-0.0002,-0.0554,0.0005,852,804,1048,1011,0.03,0.08,0.20,1.32,0.4081,2,1,0,0.01,0.00,2.83,-1.00,0.25,-0.18,1.28,130,31
26189,17.1,23.1,-48.9,-0.072,-0.032,-1.025,-7.9,-23.5,0.0,-0.0201,-0.0478,0.0297,926,756,1025,1025,0.03,0.08,0.20,1.32,0.4101,2,1,0,0.01,0.00,2.83,-1.02,0.25,-0.18,1.28,131,31
26199,17.6,-14.4,70.2,-0.058,0.192,-0.980,-7.7,-23.3,0.0,-0.0227,-0.0124,-0.0872,793,1009,767,1169,0.03,0.08,0.20,1.32,0.4110,2,1,0,0.01,0.00,2.88,-1.01,0.25,-0.18,1.30,132,31
26209,-1.8,-16.7,-94.1,0.196,-0.140,-0.952,-7.5,-23.4,0.0,-0.0006,-0.0076,0.0749,1044,735,1104,842,0.03,0.08,0.20,1.32,0.4094,2,1,0,0.01,0.00,2.90,-1.00,0.25,-0.18,1.29,133,31
26219,-31.5,-21.6,78.6,0.229,-0.178,-0.694,-7.4,-23.0,0.0,0.0212,-0.0239,-0.0930,671,1102,841,1113,0.03,0.07,0.20,1.32,0.4096,2,1,0,0.01,0.00,2.91,-1.05,0.25,-0.18,1.29,133,31
26229,-23.6,-24.9,-47.4,0.220,-0.138,-0.611,-6.9,-22.9,0.0,0.0217,0.0008,0.0282,923,878,1079,850,0.03,0.07,0.19,1.32,0.4100,2,1,0,0.01,0.00,2.93,-1.06,0.25,-0.18,1.31,134,31
26239,-6.0,-11.0,33.3,0.052,0.198,-0.742,-6.8,-22.3,0.0,0.0043,-0.0124,-0.0525,754,1015,882,1069,0.03,0.07,0.20,1.32,0.4087,2,1,0,0.01,0.00,2.95,-1.11,0.25,-0.18,1.32,135,31
26249,10.1,-21.9,7.9,-0.007,0.277,-0.813,-6.7,-21.9,0.0,-0.0105,-0.0043,-0.0238,887,928,904,995,0.03,0.07,0.19,1.32,0.4080,2,1,0,0.01,0.00,2.98,-1.07,0.25,-0.18,1.32,135,31
26259,22.6,-5.0,-53.1,-0.007,0.007,-1.025,-6.8,-21.5,0.0,-0.0246,-0.0176,0.0339,983,784,982,957,0.03,0.07,0.19,1.32,0.4068,2,1,0,0.01,0.00,2.99,-1.07,0.25,-0.18,1.32,135,31
26270,9.9,5.4,73.6,-0.154,0.185,-1.155,-6.9,-21.1,0.0,-0.0110,-0.0301,-0.0817,738,1005,810,1160,0.03,0.07,0.19,1.32,0.4076,2,1,0,0.01,0.00,2.98,-1.07,0.25,-0.18,1.30,135,31
26280,17.0,16.5,-85.4,-0.106,-0.044,-0.861,-7.0,-20.7,0.0,-0.0191,-0.0386,0.0662,1019,685,1085,912,0.03,0.07,0.19,1.32,0.4061,2,1,0,0.01,0.00,2.99,-1.05,0.25,-0.18,1.27,135,31
26290,14.2,14.6,85.8,-0.127,0.202,-0.540,-7.3,-20.2,0.0,-0.0172,-0.0297,-0.1069,700,1039,748,1216,0.03,0.07,0.20,1.32,0.4064,2,1,0,0.01,0.00,3.02,-1.08,0.25,-0.18,1.30,135,31
26300,22.7,11.6,-55.0,-0.038,0.192,-0.515,-7.4,-20.3,0.0,-0.0252,-0.0332,0.0358,994,732,1024,966,0.03,0.07,0.19,1.32,0.4081,2,1,0,0.01,0.00,3.03,-1.04,0.25,-0.18,1.32,135,31
26310,21.3,12.7,23.5,0.076,0.234,-0.680,-7.5,-20.2,0.0,-0.0235,-0.0408,-0.0463,769,889,886,1165,0.03,0.06,0.19,1.32,0.4072,2,1,0,0.01,0.00,2.98,-1.08,0.25,-0.18,1.32,135,31
26320,9.9,-13.9,27.3,0.012,0.336,-0.681,-7.4,-19.9,0.0,-0.0124,-0.0072,-0.0464,831,940,875,1056,0.03,0.06,0.19,1.32,0.4063,2,1,0,0.01,0.00,2.96,-1.07,0.25,-0.18,1.33,135,31
26330,20.6,-29.5,-67.3,-0.086,0.087,-0.810,-7.5,-19.5,0.0,-0.0241,-0.0095,0.0388,1022,784,967,912,0.03,0.06,0.19,1.32,0.4041,2,1,0,0.01,0.00,2.96,-1.12,0.25,-0.18,1.34,135,31
26340,8.3,-36.2,77.3,-0.034,-0.010,-0.934,-7.5,-19.0,0.0,-0.0110,0.0160,-0.0965,793,1082,690,1113,0.03,0.06,0.19,1.32,0.4031,2,1,0,0.01,0.00,2.94,-1.10,0.25,-0.18,1.34,136,31
26351,-3.0,-15.0,-93.4,0.168,-0.291,-0.810,-7.6,-18.9,0.0,-0.0162,-0.0153,0.0770,1062,710,1059,829,0.03,0.06,0.18,1.32,0.4008,2,1,0,0.01,0.00,2.93,-1.10,0.25,-0.18,1.33,136,31
26361,-10.0,3.8,72.7,0.053,-0.019,-0.898,-7.5,-18.5,0.0,0.0052,-0.0249,-0.0921,681,1050,796,1124,0.03,0.06,0.19,1.32,0.3994,2,1,0,0.01,0.00,2.92,-1.12,0.25,-0.18,1.32,136,31
26371,-8.8,2.8,-47.5,0.007,-0.073,-0.603,-7.3,-18.6,-1.5,0.0055,-0.0262,0.0311,925,785,1056,897,0.03,0.06,0.18,1.32,0.4010,2,1,0,0.01,0.00,2.94,-1.08,0.25,-0.18,1.31,136,31
26381,-5.0,16.5,7.4,0.063,0.056,-0.327,-7.3,-18.3,0.0,0.0026,-0.0363,-0.0266,772,908,933,1051,0.03,0.06,0.19,1.32,0.4012,2,1,0,0.01,0.00,2.98,-1.13,0.25,-0.18,1.32,136,31
26391,-6.4,7.0,45.6,0.223,0.084,-0.267,-7.1,-18.2,0.0,0.0046,-0.0284,-0.0600,758,966,891,1059,0.03,0.06,0.18,1.32,0.4026,2,1,0,0.01,0.00,2.99,-1.12,0.25,-0.18,1.34,136,31
26401,10.9,1.0,-61.9,0.155,0.126,-0.574,-7.1,-18.4,0.0,-0.0131,-0.0260,0.0409,940,757,1030,931,0.03,0.06,0.19,1.32,0.4006,2,1,0,0.01,0.00,3.02,-1.13,0.25,-0.18,1.33,137,31
26411,8.8,-4.8,104.4,0.047,0.510,-0.862,-6.9,-18.2,0.0,-0.0109,-0.0148,-0.1236,654,1084,722,1201,0.03,0.06,0.18,1.32,0.4010,2,1,0,0.01,0.00,3.06,-1.13,0.25,-0.18,1.32,137,31
26421,16.6,-20.2,-88.3,0.058,0.172,-0.595,-6.7,-18.2,0.0,-0.0169,-0.0131,0.0704,1055,725,1041,839,0.03,0.06,0.18,1.32,0.4006,2,1,0,0.01,0.00,3.08,-1.13,0.25,-0.18,1.33,138,31
26431,13.6,-12.5,72.7,-0.037,0.166,-1.044,-6.8,-17.8,0.0,-0.0157,-0.0067,-0.0918,741,1045,712,1147,0.03,0.06,0.19,1.33,0.3988,2,1,0,0.01,0.00,3.13,-1.21,0.25,-0.18,1.35,138,31
26441,12.4,-1.7,-32.8,0.049,-0.007,-1.017,-6.8,-17.8,0.0,-0.0233,-0.0222,0.0261,967,780,963,952,0.03,0.06,0.18,1.33,0.4010,2,1,0,0.01,0.00,3.16,-1.20,0.25,-0.18,1.34,139,31
26452,14.8,23.5,-5.7,0.122,0.006,-0.903,-6.8,-17.7,0.0,-0.0182,-0.0454,-0.0163,811,822,921,1076,0.03,0.06,0.18,1.33,0.3968,2,1,0,0.01,0.00,3.17,-1.25,0.25,-0.18,1.33,139,31
26462,3.9,25.8,39.7,-0.171,0.069,-0.783,-6.8,-17.8,0.0,-0.0069,-0.0501,-0.0547,733,872,916,1126,0.03,0.06,0.18,1.33,0.3989,2,1,0,0.01,0.00,3.22,-1.25,0.25,-0.18,1.34,140,31
26472,9.4,38.8,-68.1,-0.140,0.053,-0.585,-6.8,-17.5,0.0,-0.0115,-0.0580,0.0489,904,688,1094,968,0.03,0.06,0.18,1.33,0.3999,2,1,0,0.01,0.00,3.26,-1.27,0.25,-0.18,1.34,140,31
26482,2.1,46.2,81.6,0.059,0.047,-0.422,-6.8,-17.1,0.0,-0.0041,-0.0651,-0.1008,616,976,836,1215,0.03,0.06,0.18,1.33,0.3985,2,1,0,0.01,0.00,3.24,-1.29,0.25,-0.18,1.34,140,31
26492,21.0,62.3,-90.6,0.017,0.154,-0.537,-6.8,-17.2,0.0,-0.0207,-0.0769,0.0744,947,587,1159,957,0.03,0.06,0.17,1.33,0.3994,2,1,0,0.01,0.00,3.23,-1.25,0.25,-0.18,1.34,140,31
26502,19.0,44.8,74.5,-0.093,0.468,-1.106,-6.7,-16.7,0.0,-0.0210,-0.0634,-0.0937,640,947,821,1248,0.03,0.05,0.18,1.33,0.4002,2,1,0,0.01,0.00,3.18,-1.27,0.25,-0.18,1.34,141,31
26512,21.8,14.0,-43.0,0.023,0.300,-1.009,-6.6,-16.7,0.0,-0.0185,-0.0376,0.0366,948,739,1020,952,0.03,0.05,0.17,1.33,0.4005,2,1,0,0.01,0.00,3.18,-1.21,0.25,-0.18,1.34,141,31
26522,16.9,7.0,-11.6,0.015,0.159,-1.484,-6.7,-16.3,0.0,-0.0189,-0.0251,-0.0075,866,866,899,1030,0.03,0.05,0.18,1.33,0.4009,2,1,0,0.01,0.00,3.19,-1.24,0.25,-0.18,1.36,141,31
26532,17.8,2.4,42.8,0.069,0.095,-1.347,-6.7,-16.4,0.0,-0.0236,-0.0227,-0.0587,819,911,813,1114,0.03,0.05,0.17,1.33,0.4003,2,1,0,0.01,0.00,3.18,-1.19,0.25,-0.18,1.38,141,31
26543,0.3,26.3,-89.8,0.172,-0.146,-1.092,-6.7,-16.4,0.0,-0.0056,-0.0482,0.0695,953,660,1111,904,0.03,0.05,0.17,1.34,0.3965,2,1,0,0.01,0.00,3.16,-1.18,0.25,-0.18,1.37,141,31
26553,-19.2,17.7,70.9,-0.084,-0.040,-1.236,-6.6,-16.1,0.0,0.0066,-0.0368,-0.0861,658,1009,823,1123,0.03,0.05,0.18,1.34,0.3946,2,1,0,0.01,0.00,3.12,-1.17,0.25,-0.18,1.37,141,31
26563,-17.4,8.4,-85.8,0.074,-0.220,-0.988,-6.4,-16.1,0.0,0.0158,-0.0262,0.0666,965,741,1112,799,0.03,0.05,0.17,1.34,0.3950,2,1,0,0.01,0.00,3.10,-1.15,0.25,-0.18,1.37,142,31
26573,-28.1,28.7,48.6,-0.020,-0.093,-0.798,-6.2,-15.5,0.0,0.0281,-0.0292,-0.0743,650,1037,866,1041,0.03,0.05,0.18,1.34,0.3920,2,1,0,0.01,0.00,3.11,-1.20,0.25,-0.18,1.37,142,31
26583,-15.5,23.4,-32.2,-0.190,-0.059,-0.772,-6.1,-15.3,0.0,0.0153,-0.0315,0.0176,898,863,1006,845,0.03,0.05,0.17,1.34,0.3944,2,1,0,0.01,0.00,3.15,-1.19,0.25,-0.18,1.37,142,31
26593,-17.8,22.4,-22.8,-0.114,0.121,-1.046,-5.7,-15.0,0.0,0.0261,-0.0194,-0.0049,813,930,985,905,0.03,0.05,0.17,1.35,0.3972,2,1,0,0.01,0.00,3.19,-1.23,0.25,-0.18,1.36,141,31
26603,-9.1,12.7,55.3,-0.022,0.133,-1.111,-5.3,-15.0,0.0,0.0085,-0.0297,-0.0744,746,1029,857,1020,0.02,0.05,0.17,1.35,0.3995,2,1,0,0.01,0.00,3.22,-1.24,0.25,-0.18,1.36,142,31
26613,-3.1,1.0,-78.6,0.040,-0.017,-1.501,-5.3,-14.9,0.0,0.0055,-0.0077,0.0525,990,813,1041,821,0.02,0.05,0.17,1.35,0.4014,2,1,0,0.01,0.00,3.26,-1.27,0.25,-0.18,1.36,142,31
26623,8.8,-2.6,88.3,-0.021,0.329,-1.684,-5.4,-14.9,0.0,-0.0059,-0.0133,-0.1094,689,1098,727,1154,0.03,0.05,0.17,1.35,0.4019,2,1,0,0.01,0.00,3.25,-1.31,0.25,-0.18,1.38,142,31
26634,10.6,6.3,-79.1,0.031,0.136,-1.528,-5.4,-15.0,0.0,-0.0114,-0.0232,0.0600,1003,772,1052,842,0.03,0.05,0.16,1.35,0.4018,2,1,0,0.01,0.00,3.26,-1.29,0.25,-0.18,1.39,142,31
26644,0.7,1.5,47.1,-0.164,0.052,-1.544,-5.8,-14.8,0.0,-0.0038,-0.0158,-0.0712,749,1024,762,1099,0.03,0.05,0.17,1.35,0.3974,2,1,0,0.01,0.00,3.24,-1.31,0.25,-0.18,1.40,142,31
26654,9.4,-10.0,-17.4,-0.069,-0.051,-1.566,-5.9,-14.9,0.0,-0.0106,-0.0067,-0.0016,978,862,868,931,0.03,0.05,0.16,1.35,0.3980,2,1,0,0.01,0.00,3.24,-1.27,0.25,-0.18,1.40,142,31
26664,-8.6,-4.0,-39.5,0.014,-0.221,-1.091,-5.8,-15.1,0.0,0.0055,-0.0111,0.0151,893,876,924,909,0.03,0.05,0.17,1.36,0.3930,2,1,0,0.01,0.00,3.26,-1.28,0.25,-0.18,1.39,141,31
26674,-10.2,-14.7,53.1,-0.146,-0.143,-1.316,-5.9,-15.3,0.0,0.0090,-0.0023,-0.0722,770,1018,790,1039,0.03,0.05,0.16,1.36,0.3950,2,1,0,0.01,0.00,3.24,-1.24,0.25,-0.18,1.38,141,31
26684,-2.2,-25.1,-83.9,-0.197,-0.174,-0.706,-6.0,-15.4,0.0,0.0010,0.0023,0.0600,1002,783,1015,811,0.03,0.05,0.16,1.36,0.3940,2,1,0,0.01,0.00,3.21,-1.20,0.25,-0.18,1.39,141,31
26694,-3.0,-32.4,82.3,-0.199,-0.115,-0.291,-6.1,-15.3,0.0,0.0016,0.0152,-0.1014,723,1115,689,1064,0.03,0.05,0.17,1.36,0.3916,2,1,0,0.01,0.00,3.16,-1.20,0.25,-0.18,1.40,141,31
26704,5.2,-20.0,-68.9,-0.041,-0.160,-0.587,-6.2,-15.8,0.0,-0.0068,0.0001,0.0548,1016,768,1008,818,0.03,0.05,0.16,1.36,0.3939,2,1,0,0.01,0.00,3.13,-1.15,0.25,-0.18,1.39,141,31
26714,7.0,13.4,47.8,-0.080,-0.083,-0.608,-6.3,-16.0,0.0,-0.0087,-0.0314,-0.0670,686,957,818,1140,0.03,0.05,0.17,1.37,0.3929,2,1,0,0.01,0.00,3.13,-1.19,0.25,-0.18,1.37,140,31
26725,-0.6,16.4,-2.3,0.168,-0.011,-0.733,-6.2,-16.4,0.0,0.0014,-0.0466,-0.0041,814,801,1011,991,0.03,0.05,0.16,1.37,0.3952,2,1,0,0.01,0.00,3.15,-1.15,0.25,-0.18,1.39,139,31
26735,17.9,14.3,-35.5,-0.118,-0.003,-0.664,-6.4,-16.4,0.0,-0.0197,-0.0328,0.0164,839,760,967,1042,0.03,0.05,0.16,1.37,0.3938,2,1,0,0.01,0.00,3.19,-1.16,0.25,-0.18,1.40,139,31
26745,27.7,2.3,72.3,-0.147,0.272,-0.676,-6.2,-16.4,0.0,-0.0251,-0.0355,-0.0850,705,932,796,1170,0.03,0.05,0.16,1.37,0.3930,2,1,0,0.01,0.00,3.22,-1.16,0.25,-0.18,1.39,139,31
26755,22.2,-0.5,-92.3,-0.086,-0.089,-0.492,-6.1,-16.4,0.0,-0.0237,-0.0178,0.0732,1011,650,1042,879,0.03,0.05,0.15,1.37,0.3904,2,1,0,0.01,0.00,3.28,-1.19,0.25,-0.18,1.38,139,31
26765,1.2,-1.4,76.2,0.043,-0.071,-0.889,-6.0,-16.1,0.0,-0.0124,-0.0208,-0.0979,697,1007,720,1160,0.03,0.05,0.16,1.37,0.3906,2,1,0,0.01,0.00,3.26,-1.25,0.25,-0.18,1.38,139,31
26775,1.6,24.7,-73.5,0.156,-0.199,-0.847,-5.9,-16.5,0.0,-0.0029,-0.0433,0.0544,982,608,1073,910,0.03,0.05,0.15,1.37,0.3893,2,1,0,0.01,0.00,3.27,-1.24,0.25,-0.18,1.37,139,31
26785,2.5,48.2,18.0,0.076,0.007,-0.961,-23.4,-16.3,0.0,-0.0265,-0.0707,-0.0447,729,809,877,1173,0.02,0.05,0.16,1.37,0.3912,2,1,0,-0.05,0.00,3.25,-1.27,0.25,-0.18,1.38,138,31
26795,-9.2,38.6,0.7,-0.215,0.040,-0.990,-23.2,-16.0,0.0,-0.0192,-0.0492,-0.0045,879,764,935,1015,0.02,0.05,0.15,1.37,0.3917,2,1,0,-0.05,0.00,3.26,-1.26,0.25,-0.18,1.39,137,31
26805,-11.6,56.8,-52.6,-0.009,-0.046,-0.890,-37.8,-15.5,0.0,-0.0216,-0.0748,0.0335,904,727,969,988,0.02,0.05,0.15,1.38,0.3913,2,1,0,-0.10,0.00,3.19,-1.28,0.25,-0.18,1.40,137,31
26816,-18.4,50.1,71.6,-0.098,-0.007,-0.656,-37.6,-15.1,0.0,-0.0199,-0.0323,-0.0817,789,980,718,1097,0.02,0.05,0.15,1.38,0.3907,2,1,0,-0.10,0.00,3.09,-1.28,0.25,-0.18,1.41,137,31
26826,-12.5,51.9,-99.3,0.080,-0.019,-0.636,-49.7,-15.3,0.0,-0.0327,-0.0697,0.0802,1061,664,1010,836,0.02,0.05,0.15,1.38,0.3889,2,1,0,-0.14,0.00,3.03,-1.27,0.25,-0.18,1.40,137,31
26836,-32.5,35.9,93.7,0.083,0.088,-0.849,-48.9,-15.5,0.0,-0.0063,-0.0442,-0.1123,628,1029,735,1172,0.02,0.05,0.15,1.38,0.3881,2,1,0,-0.14,0.00,2.98,-1.31,0.25,-0.18,1.40,137,31
26846,-38.4,36.5,-70.2,0.176,-0.093,-0.734,-58.1,-16.0,0.0,-0.0085,-0.0617,0.0608,914,642,1121,891,0.01,0.05,0.14,1.38,0.3885,2,1,0,-0.18,0.00,3.02,-1.26,0.25,-0.18,1.40,137,31
26856,-45.9,63.7,25.4,0.096,-0.025,-0.684,-56.7,-15.9,0.0,-0.0063,-0.0821,-0.0445,606,888,890,1165,0.01,0.05,0.15,1.38,0.3860,2,1,0,-0.18,0.00,2.94,-1.31,0.25,-0.18,1.41,137,31
26866,-47.0,86.3,9.9,-0.095,-0.048,-0.462,-67.3,-15.8,0.0,-0.0118,-0.0955,-0.0144,745,731,1012,1066,0.00,0.05,0.14,1.38,0.3867,2,1,0,-0.22,0.00,2.86,-1.27,0.25,-0.18,1.41,137,31
26876,-47.0,91.1,-66.9,0.035,-0.060,-0.529,-65.1,-15.7,0.0,-0.0119,-0.1078,0.0448,801,670,1087,986,0.00,0.05,0.15,1.39,0.3854,2,1,0,-0.22,0.00,2.76,-1.28,0.25,-0.18,1.42,137,31
26886,-65.5,57.7,84.0,-0.062,-0.078,-0.436,-62.4,-15.8,0.0,0.0075,-0.0761,-0.1030,579,950,882,1132,-0.01,0.05,0.14,1.39,0.3851,2,1,0,-0.22,0.00,2.73,-1.29,0.25,-0.18,1.43,137,31
26896,-55.4,33.8,-97.5,0.093,-0.020,-0.275,-59.4,-16.2,0.0,0.0041,-0.0671,0.0776,852,610,1200,874,-0.02,0.05,0.14,1.39,0.3844,2,1,0,-0.22,0.00,2.68,-1.27,0.25,-0.18,1.44,137,31
26906,-61.6,71.5,81.2,0.111,0.048,-0.449,-75.5,-16.2,0.0,-0.0096,-0.0903,-0.1003,497,886,872,1274,-0.03,0.05,0.15,1.39,0.3835,2,1,0,-0.29,0.00,2.61,-1.30,0.25,-0.18,1.42,137,31
26916,-54.2,88.2,-67.5,0.244,0.160,-0.409,-72.0,-16.2,0.0,-0.0084,-0.1203,0.0596,795,532,1224,988,-0.04,0.05,0.14,1.39,0.3846,2,1,0,-0.29,0.00,2.58,-1.27,0.25,-0.18,1.41,137,31
26927,-66.5,91.1,21.8,0.359,0.179,-1.038,-73.9,-16.1,0.0,-0.0031,-0.1099,-0.0409,526,791,1022,1236,-0.05,0.05,0.15,1.39,0.3893,2,1,0,-0.31,0.00,2.48,-1.30,0.25,-0.18,1.40,137,31
26937,-69.0,52.5,17.6,0.217,0.231,-1.005,-70.4,-16.1,0.0,0.0044,-0.0975,-0.0233,661,736,1081,1111,-0.07,0.05,0.14,1.39,0.3914,2,1,0,-0.31,0.00,2.44,-1.26,0.25,-0.18,1.40,136,31
26947,-72.3,29.2,-74.2,0.152,0.264,-1.382,-69.6,-16.2,0.0,0.0069,-0.0479,0.0552,756,728,1151,964,-0.08,0.05,0.14,1.39,0.3927,2,1,0,-0.32,0.00,2.39,-1.29,0.25,-0.18,1.40,136,31
26957,-70.8,5.5,67.2,0.079,0.406,-1.757,-66.0,-16.0,0.0,0.0101,-0.0467,-0.0831,602,963,911,1150,-0.09,0.05,0.14,1.40,0.3963,2,1,0,-0.32,0.00,2.33,-1.28,0.25,-0.18,1.41,135,31
26967,-62.1,22.6,-114.9,-0.044,0.299,-1.742,-62.4,-15.8,0.0,0.0060,-0.0419,0.0953,963,699,1183,784,-0.10,0.05,0.13,1.40,0.3966,2,1,0,-0.32,0.00,2.37,-1.28,0.25,-0.18,1.42,135,31
26977,-89.3,1.2,61.4,-0.295,0.111,-1.804,-59.0,-15.5,0.0,0.0347,-0.0193,-0.0804,713,1152,756,1005,-0.12,0.05,0.14,1.40,0.3962,2,1,0,-0.32,0.00,2.38,-1.27,0.25,-0.18,1.43,135,31
26987,-85.8,-22.7,-72.0,-0.249,-0.083,-1.536,-55.5,-14.9,0.0,0.0286,0.0420,0.0633,1147,948,952,604,-0.13,0.05,0.13,1.40,0.3995,2,1,0,-0.32,0.00,2.46,-1.21,0.25,-0.18,1.43,135,31
26997,-87.0,-35.2,10.0,-0.290,-0.274,-1.102,-52.3,-15.3,0.0,0.0391,0.0174,-0.0290,881,1205,753,791,-0.14,0.05,0.14,1.40,0.3967,2,1,0,-0.32,0.00,2.46,-1.20,0.25,-0.18,1.43,135,31
27007,-76.7,-34.7,34.6,-0.127,-0.033,-1.080,-51.3,-15.3,0.0,0.0396,0.0411,-0.0411,871,1151,841,796,-0.15,0.05,0.13,1.40,0.4006,2,1,0,-0.33,0.00,2.46,-1.14,0.25,-0.18,1.43,135,31
27017,-40.0,-35.6,-43.8,-0.063,-0.029,-0.671,-49.0,-16.1,0.0,-0.0036,0.0186,0.0217,955,930,913,850,-0.16,0.05,0.14,1.40,0.3991,2,1,0,-0.33,0.00,2.44,-1.15,0.25,-0.18,1.42,135,31
27028,-9.9,-27.0,90.5,0.037,0.352,-0.656,-48.5,-16.4,0.0,-0.0344,0.0082,-0.1095,719,1035,729,1177,-0.16,0.05,0.14,1.40,0.4006,2,1,0,-0.33,0.00,2.43,-1.15,0.25,-0.18,1.43,135,31
27038,-16.5,8.1,-85.1,0.264,0.054,-0.719,-46.6,-16.5,0.0,-0.0268,-0.0382,0.0662,935,599,1138,974,-0.17,0.05,0.13,1.40,0.3987,2,1,0,-0.33,0.00,2.39,-1.14,0.25,-0.18,1.44,135,31
27048,-16.0,23.3,72.1,0.145,0.214,-1.037,-44.9,-16.4,0.0,-0.0246,-0.0423,-0.0911,625,877,807,1308,-0.18,0.05,0.14,1.40,0.3951,2,1,0,-0.33,0.00,2.45,-1.17,0.25,-0.18,1.45,135,31
27058,-25.8,33.5,-51.5,-0.091,-0.047,-0.769,-43.0,-15.6,0.0,-0.0236,-0.0667,0.0440,917,622,1084,997,-0.19,0.05,0.13,1.40,0.3953,2,1,0,-0.33,0.00,2.53,-1.13,0.25,-0.18,1.45,135,31
27068,-47.8,25.8,8.8,0.099,-0.149,-0.884,-41.3,-15.4,0.0,0.0109,-0.0439,-0.0277,739,919,908,1031,-0.19,0.05,0.14,1.40,0.3923,2,1,0,-0.33,0.00,2.53,-1.12,0.25,-0.18,1.46,135,31
27078,-56.9,16.7,22.4,0.008,-0.106,-1.071,-39.8,-14.4,0.0,0.0216,-0.0339,-0.0413,779,947,944,950,-0.20,0.05,0.13,1.40,0.3954,2,1,0,-0.33,0.00,2.58,-1.04,0.25,-0.18,1.46,135,31
27088,-28.9,21.4,-67.9,-0.044,0.115,-0.887,-32.8,-14.5,0.0,0.0046,-0.0353,0.0470,898,839,1051,829,-0.20,0.05,0.14,1.40,0.3949,2,1,0,-0.32,0.00,2.57,-0.99,0.25,-0.18,1.47,135,31
27098,-28.3,17.4,70.4,-0.195,0.362,-0.941,-31.5,-13.7,0.0,0.0051,-0.0288,-0.0883,697,1092,800,1034,-0.21,0.04,0.14,1.41,0.3957,2,1,0,-0.32,0.00,2.56,-0.94,0.25,-0.18,1.48,135,31
27108,-4.0,16.5,-80.1,-0.047,0.289,-1.042,-22.2,-13.2,0.0,-0.0101,-0.0250,0.0610,1020,822,1025,770,-0.21,0.04,0.13,1.41,0.3975,2,1,0,-0.29,0.00,2.50,-0.88,0.25,-0.18,1.48,135,31
27119,-5.5,28.6,52.4,0.026,0.394,-1.324,-21.4,-13.2,0.0,-0.0116,-0.0446,-0.0714,731,1031,772,1098,-0.21,0.04,0.14,1.41,0.3970,2,1,0,-0.29,0.00,2.42,-0.85,0.25,-0.18,1.48,135,31
27129,6.6,40.0,-51.9,0.089,0.414,-1.507,-9.1,-12.7,0.0,-0.0069,-0.0351,0.0360,948,805,1012,874,-0.21,0.04,0.13,1.41,0.3978,2,1,0,-0.25,0.00,2.38,-0.79,0.25,-0.18,1.47,135,31
27139,-7.7,19.7,-11.9,0.102,0.274,-1.778,-8.5,-13.4,0.0,0.0035,-0.0359,-0.0070,805,924,915,999,-0.22,0.04,0.14,1.41,0.3985,2,1,0,-0.25,0.00,2.33,-0.79,0.25,-0.18,1.45,135,31
27149,-15.1,-16.7,14.1,-0.043,0.105,-1.655,0.8,-13.0,0.0,0.0180,0.0004,-0.0308,844,967,895,943,-0.22,0.04,0.13,1.41,0.3992,2,1,0,-0.22,0.00,2.32,-0.76,0.25,-0.18,1.46,135,31
27159,-23.6,-35.7,-79.1,-0.060,-0.099,-1.361,1.2,-13.3,0.0,0.0294,0.0198,0.0602,982,906,988,762,-0.22,0.04,0.14,1.41,0.3978,2,1,0,-0.22,0.00,2.32,-0.77,0.25,-0.18,1.47,134,31
27169,-12.2,-70.9,73.4,-0.230,0.092,-1.053,7.0,-12.8,0.0,0.0237,0.0556,-0.0923,797,1216,687,917,-0.22,0.04,0.14,1.41,0.3951,2,1,0,-0.20,0.00,2.37,-0.78,0.25,-0.18,1.48,133,31
27179,0.7,-84.8,-84.2,-0.186,-0.037,-0.655,6.6,-12.7,0.0,0.0126,0.0690,0.0688,1124,905,952,635,-0.22,0.04,0.13,1.41,0.3949,2,1,0,-0.20,0.00,2.45,-0.77,0.25,-0.18,1.49,133,31
27189,17.7,-48.9,83.0,-0.176,-0.039,-0.396,10.5,-13.0,0.0,-0.0004,0.0349,-0.1027,742,1165,672,1021,-0.22,0.04,0.14,1.42,0.3929,2,1,0,-0.18,0.00,2.53,-0.79,0.25,-0.18,1.50,133,31
27199,36.9,-13.4,-35.0,-0.083,0.066,-0.471,9.6,-12.6,0.0,-0.0228,-0.0018,0.0161,992,825,942,858,-0.21,0.04,0.13,1.42,0.3950,2,1,0,-0.18,0.00,2.58,-0.75,0.25,-0.18,1.51,133,31
27209,54.3,24.9,12.2,-0.001,0.163,-0.803,8.5,-13.5,0.0,-0.0410,-0.0439,-0.0349,779,845,845,1141,-0.21,0.04,0.14,1.42,0.3940,2,1,0,-0.18,0.00,2.57,-0.75,0.25,-0.18,1.51,133,31
27219,40.0,44.1,53.5,0.118,0.093,-1.154,7.1,-13.0,0.0,-0.0285,-0.0601,-0.0724,711,811,889,1206,-0.20,0.04,0.13,1.42,0.3949,2,1,0,-0.18,0.00,2.57,-0.71,0.25,-0.18,1.52,134,31
27230,39.0,56.8,-65.4,0.295,-0.070,-1.129,30.8,-13.3,0.0,-0.0059,-0.0807,0.0439,804,636,1118,1036,-0.20,0.04,0.14,1.42,0.3920,2,1,0,-0.09,0.00,2.51,-0.69,0.25,-0.18,1.51,134,31
27240,32.9,39.5,90.8,0.004,0.197,-1.538,29.3,-13.0,0.0,-0.0005,-0.0618,-0.1093,565,961,824,1244,-0.19,0.04,0.14,1.43,0.3920,2,1,0,-0.09,0.00,2.44,-0.67,0.25,-0.18,1.50,134,31
27250,32.1,17.3,-93.9,0.109,-0.033,-1.202,49.1,-12.5,0.0,0.0213,-0.0327,0.0750,904,706,1179,797,-0.19,0.04,0.13,1.43,0.3909,2,1,0,-0.02,0.00,2.41,-0.63,0.25,-0.18,1.50,134,31
27260,18.9,3.9,72.7,-0.095,0.037,-1.025,47.4,-12.4,0.0,0.0376,-0.0169,-0.0980,596,1126,801,1045,-0.18,0.04,0.14,1.43,0.3885,2,1,0,-0.02,0.00,2.39,-0.63,0.25,-0.18,1.51,135,31
27270,37.5,-5.0,-51.1,-0.241,0.219,-1.195,55.1,-11.5,0.0,0.0220,-0.0093,0.0322,934,878,1025,742,-0.18,0.04,0.13,1.43,0.3899,2,1,0,0.01,0.00,2.44,-0.62,0.25,-0.18,1.52,135,31
27280,42.8,-27.5,-1.4,-0.240,0.183,-1.006,52.8,-11.6,0.0,0.0144,0.0130,-0.0174,835,1076,812,853,-0.17,0.04,0.14,1.43,0.3896,2,1,0,0.01,0.00,2.47,-0.63,0.25,-0.18,1.52,135,31
27290,42.5,-22.1,39.3,-0.164,0.187,-0.972,50.1,-10.7,0.0,0.0144,0.0180,-0.0540,840,1083,778,880,-0.16,0.03,0.13,1.44,0.3903,2,1,0,0.01,0.00,2.55,-0.59,0.25,-0.18,1.52,135,31
27300,54.6,-16.3,-87.9,0.009,-0.048,-0.916,47.1,-11.0,0.0,-0.0029,0.0024,0.0690,1056,834,932,754,-0.15,0.03,0.14,1.44,0.3897,2,1,0,0.01,0.00,2.60,-0.59,0.25,-0.18,1.52,135,31
27310,52.6,-1.1,97.7,0.086,0.071,-0.942,44.2,-11.0,0.0,-0.0043,-0.0083,-0.1142,681,1089,687,1120,-0.14,0.03,0.14,1.44,0.3898,2,1,0,0.01,0.00,2.68,-0.61,0.25,-0.18,1.51,135,31
27320,47.4,0.7,-103.9,0.290,-0.356,-0.777,41.0,-11.1,0.0,-0.0019,-0.0147,0.0850,1025,655,1094,793,-0.13,0.03,0.13,1.44,0.3884,2,1,0,0.01,0.00,2.68,-0.58,0.25,-0.18,1.51,136,31
27330,52.7,21.5,67.2,0.115,-0.017,-0.935,37.7,-11.5,0.0,-0.0106,-0.0359,-0.0861,620,937,788,1217,-0.12,0.03,0.14,1.44,0.3878,2,1,0,0.01,0.00,2.68,-0.60,0.25,-0.18,1.50,136,31
27341,55.1,9.6,-43.7,0.151,-0.126,-0.825,34.4,-11.1,0.0,-0.0179,-0.0511,0.0389,903,688,1028,949,-0.10,0.03,0.13,1.45,0.3884,2,1,0,0.01,0.00,2.67,-0.54,0.25,-0.18,1.49,136,31
27351,47.6,0.5,-26.5,0.122,-0.072,-0.810,31.3,-11.3,0.0,-0.0117,-0.0243,0.0031,774,785,944,1055,-0.09,0.03,0.14,1.45,0.3871,2,1,0,0.01,0.00,2.63,-0.56,0.25,-0.18,1.48,136,31
27361,51.5,-3.7,47.7,0.041,0.045,-0.853,28.2,-11.0,0.0,-0.0210,-0.0179,-0.0628,778,891,808,1110,-0.08,0.03,0.13,1.45,0.3911,2,1,0,0.01,0.00,2.64,-0.57,0.25,-0.18,1.48,136,31
27371,55.8,1.9,-105.4,0.195,0.055,-0.698,25.7,-11.2,0.0,-0.0258,-0.0160,0.0865,997,613,1084,878,-0.07,0.03,0.14,1.45,0.3891,2,1,0,0.01,0.00,2.61,-0.58,0.25,-0.18,1.48,136,31
27381,27.4,-1.5,95.1,0.164,0.131,-1.149,23.4,-6.9,0.0,-0.0023,-0.0339,-0.1105,605,992,781,1214,-0.07,0.03,0.14,1.45,0.3915,2,1,0,0.01,0.01,2.59,-0.59,0.25,-0.18,1.48,136,31
27391,34.3,-8.2,-102.3,0.216,0.009,-0.861,21.4,-7.0,0.0,-0.0086,-0.0016,0.0834,1005,622,1139,822,-0.06,0.03,0.13,1.45,0.3911,2,1,0,0.01,0.01,2.63,-0.57,0.25,-0.18,1.47,135,31
27401,26.5,-27.3,68.0,-0.020,0.319,-0.990,19.8,-1.8,0.0,0.0033,-0.0032,-0.0956,638,1045,765,1120,-0.05,0.03,0.14,1.45,0.3885,2,1,0,0.01,0.03,2.68,-0.62,0.25,-0.18,1.48,134,31
27411,30.7,-41.1,-30.8,-0.068,0.224,-1.090,18.3,-1.9,0.0,-0.0081,0.0364,0.0120,986,840,930,838,-0.05,0.03,0.13,1.45,0.3918,2,1,0,0.01,0.03,2.74,-0.62,0.25,-0.18,1.49,133,31
27421,37.7,-32.4,-38.9,0.099,0.200,-1.009,17.1,8.8,0.0,-0.0155,0.0338,0.0168,900,868,889,909,-0.04,0.04,0.14,1.45,0.3883,2,1,0,0.01,0.07,2.72,-0.68,0.25,-0.18,1.47,132,31
27432,11.1,-15.0,56.0,-0.021,0.111,-1.256,16.1,8.6,0.0,0.0074,0.0175,-0.0705,792,1001,794,996,-0.04,0.04,0.14,1.45,0.3905,2,1,0,0.01,0.07,2.71,-0.68,0.25,-0.18,1.46,131,31
27442,29.5,27.7,-97.1,0.084,-0.195,-0.950,10.7,27.5,0.0,-0.0165,-0.0037,0.0788,1033,679,1057,813,-0.04,0.04,0.14,1.45,0.3903,2,1,0,0.00,0.14,2.70,-0.72,0.25,-0.18,1.46,131,31
27452,17.1,38.9,89.1,-0.303,0.214,-1.251,10.0,27.0,0.0,0.0045,-0.0049,-0.1010,704,1100,725,1061,-0.03,0.04,0.14,1.45,0.3914,2,1,0,0.00,0.14,2.66,-0.72,0.25,-0.18,1.46,131,31
27462,28.1,42.5,-92.7,-0.145,-0.099,-1.137,4.8,45.0,0.0,-0.0190,-0.0005,0.0739,1134,723,981,753,-0.03,0.05,0.13,1.45,0.3915,2,1,0,-0.01,0.20,2.63,-0.71,0.25,-0.18,1.47,131,31
27472,26.5,52.5,54.1,-0.181,0.091,-0.911,4.0,43.7,0.0,-0.0171,0.0080,-0.0792,805,1062,669,1038,-0.03,0.05,0.14,1.46,0.3893,2,1,0,-0.01,0.20,2.56,-0.74,0.25,-0.18,1.49,131,31
27482,31.8,51.6,-23.2,-0.211,0.112,-1.025,3.1,56.7,0.0,-0.0248,0.0071,0.0095,1008,842,849,870,-0.02,0.06,0.13,1.46,0.3885,2,1,0,-0.01,0.25,2.53,-0.71,0.25,-0.18,1.49,131,31
27492,29.8,64.6,-39.7,-0.056,0.250,-0.873,2.2,54.2,0.0,-0.0229,-0.0127,0.0173,914,831,866,936,-0.02,0.07,0.14,1.46,0.3857,2,1,0,-0.01,0.25,2.55,-0.76,0.25,-0.18,1.49,131,31
27502,25.1,48.4,58.9,-0.103,0.156,-0.887,4.6,60.9,0.0,-0.0253,0.0097,-0.0660,849,960,706,1037,-0.02,0.07,0.13,1.46,0.3864,2,1,0,0.00,0.29,2.54,-0.77,0.25,-0.18,1.50,131,31
27512,36.1,47.2,-94.8,0.005,0.110,-0.813,4.0,57.6,0.0,-0.0280,0.0076,0.0759,1055,657,999,836,-0.02,0.08,0.13,1.46,0.3857,2,1,0,0.00,0.29,2.58,-0.78,0.25,-0.18,1.49,131,31
27522,21.0,38.8,86.2,-0.019,0.378,-1.060,3.2,54.4,0.0,-0.0166,-0.0091,-0.1029,676,995,707,1156,-0.01,0.10,0.14,1.46,0.3841,2,1,0,0.00,0.29,2.58,-0.79,0.25,-0.18,1.48,130,31
27533,28.3,53.3,-87.3,0.320,0.097,-1.067,2.6,50.5,0.0,-0.0215,-0.0055,0.0685,982,531,1103,949,-0.01,0.11,0.13,1.46,0.3881,2,1,0,0.00,0.29,2.59,-0.75,0.25,-0.18,1.48,131,31
27543,41.0,81.5,38.2,-0.044,0.455,-0.991,5.7,59.5,0.0,-0.0325,-0.0316,-0.0598,700,857,804,1183,-0.01,0.12,0.14,1.46,0.3854,2,1,0,0.00,0.33,2.62,-0.79,0.25,-0.18,1.49,131,31
27553,14.7,79.1,-6.7,-0.134,0.226,-1.204,5.3,55.8,0.0,-0.0104,-0.0329,-0.0016,870,740,980,983,-0.01,0.14,0.13,1.46,0.3892,2,1,0,0.00,0.33,2.61,-0.75,0.25,-0.18,1.48,131,31
27563,32.2,88.9,-49.7,-0.021,0.195,-1.034,4.2,55.6,0.0,-0.0238,-0.0363,0.0309,926,734,916,976,0.00,0.15,0.14,1.46,0.3864,2,1,0,0.00,0.34,2.60,-0.75,0.25,-0.18,1.48,131,31
27573,3.7,70.6,57.6,-0.122,0.137,-1.084,3.9,51.7,0.0,0.0006,-0.0184,-0.0727,788,963,776,1042,0.00,0.16,0.13,1.46,0.3887,2,1,0,0.00,0.34,2.61,-0.74,0.25,-0.18,1.47,131,31
27583,7.8,86.3,-99.6,-0.023,-0.178,-0.909,3.2,47.5,0.0,-0.0040,-0.0390,0.0811,1028,660,1061,835,0.00,0.18,0.13,1.46,0.3906,2,1,0,0.00,0.34,2.68,-0.75,0.25,-0.18,1.45,131,31
27593,-5.0,105.0,76.3,-0.202,-0.168,-0.934,2.6,43.8,0.0,0.0112,-0.0573,-0.0937,672,1024,792,1104,0.00,0.19,0.14,1.46,0.3917,2,1,0,0.00,0.34,2.71,-0.78,0.25,-0.18,1.48,131,31
27603,-3.0,123.3,-84.7,0.018,-0.435,-1.071,2.2,39.9,0.0,0.0095,-0.0869,0.0659,984,692,1124,814,0.00,0.21,0.13,1.46,0.3947,2,1,0,0.00,0.34,2.75,-0.76,0.25,-0.18,1.52,131,31
27613,-1.9,144.5,33.6,-0.059,-0.194,-1.174,1.1,36.8,0.0,0.0048,-0.0857,-0.0662,647,937,890,1164,0.00,0.22,0.14,1.46,0.3978,2,1,0,0.00,0.34,2.78,-0.81,0.25,-0.18,1.52,132,31
27624,15.3,112.9,-6.4,-0.109,-0.100,-1.100,0.9,33.6,0.0,-0.0103,-0.0828,-0.0123,913,833,949,956,0.00,0.23,0.13,1.46,0.3995,2,1,0,0.00,0.34,2.83,-0.79,0.25,-0.18,1.52,132,31
27634,-3.7,68.5,-49.7,0.104,-0.135,-1.532,-0.3,30.6,0.0,0.0061,-0.0354,0.0251,908,887,936,945,0.00,0.24,0.14,1.46,0.4029,2,1,0,0.00,0.34,2.93,-0.83,0.25,-0.18,1.53,132,31
27644,13.8,-2.2,81.0,0.113,0.027,-1.434,-0.7,30.1,0.0,-0.0143,0.0296,-0.0996,827,1089,647,1103,0.00,0.25,0.14,1.46,0.4016,2,1,0,0.00,0.35,2.95,-0.82,0.25,-0.18,1.54,132,31
27654,2.2,-28.9,-94.1,0.272,-0.230,-1.016,-1.3,27.6,0.0,0.0005,0.0536,0.0753,1111,815,956,756,0.00,0.25,0.13,1.46,0.3979,2,1,0,0.00,0.35,2.89,-0.79,0.25,-0.18,1.53,132,31
27664,-2.5,-22.1,84.0,0.157,-0.201,-0.851,-0.8,28.5,0.0,-0.0124,0.0244,-0.1071,752,1075,647,1152,0.01,0.26,0.14,1.46,0.3962,2,1,0,0.01,0.36,2.80,-0.81,0.25,-0.18,1.53,132,31
27674,-15.5,-3.8,-68.5,0.127,-0.289,-0.624,-0.9,26.5,0.0,0.0187,0.0273,0.0497,1007,790,1037,794,0.01,0.27,0.13,1.46,0.3965,2,1,0,0.01,0.36,2.75,-0.76,0.25,-0.18,1.53,132,31
27684,-6.5,20.2,30.0,-0.019,-0.317,-0.084,-2.1,27.2,0.0,0.0073,-0.0010,-0.0519,748,977,825,1060,0.01,0.27,0.14,1.46,0.3941,2,1,0,0.01,0.37,2.76,-0.81,0.25,-0.18,1.53,133,31
27694,-1.5,21.6,14.6,0.023,-0.178,-0.165,-1.9,25.4,0.0,0.0035,0.0004,-0.0334,832,907,927,953,0.01,0.28,0.14,1.46,0.3952,2,1,0,0.01,0.37,2.74,-0.76,0.25,-0.18,1.54,133,31
27704,5.3,38.4,-41.2,0.095,-0.204,-0.057,-3.2,23.6,0.0,-0.0058,-0.0340,0.0143,863,795,989,988,0.02,0.29,0.14,1.46,0.3973,2,1,0,0.01,0.37,2.72,-0.76,0.25,-0.18,1.54,133,31
27715,7.3,60.4,81.3,0.257,-0.054,-0.149,-3.4,22.1,0.0,-0.0069,-0.0418,-0.1001,641,963,850,1200,0.02,0.29,0.14,1.46,0.3999,2,1,0,0.01,0.37,2.76,-0.76,0.25,-0.18,1.54,133,31
27725,13.4,51.1,-75.5,0.159,-0.073,-0.240,-4.1,20.4,0.0,-0.0139,-0.0548,0.0563,925,662,1113,950,0.02,0.30,0.14,1.46,0.3994,2,1,0,0.01,0.37,2.86,-0.77,0.25,-0.18,1.55,133,31
27735,14.9,42.0,94.7,-0.036,0.254,-0.609,-5.0,19.1,0.0,-0.0161,-0.0263,-0.1135,587,1028,792,1255,0.02,0.30,0.15,1.46,0.4011,2,1,0,0.01,0.37,2.91,-0.79,0.25,-0.18,1.54,133,31
27745,26.4,9.3,-62.6,-0.054,0.170,-0.579,-5.0,17.5,0.0,-0.0238,-0.0094,0.0498,1022,745,1020,892,0.02,0.31,0.13,1.46,0.4032,2,1,0,0.01,0.37,2.94,-0.77,0.25,-0.18,1.53,133,31
27755,23.0,-12.5,30.7,-0.119,0.118,-0.588,-6.4,16.3,0.0,-0.0246,0.0200,-0.0540,801,1003,766,1104,0.03,0.31,0.15,1.46,0.4027,2,1,0,0.01,0.37,2.94,-0.84,0.25,-0.18,1.53,133,31
27765,21.8,-35.5,17.6,-0.038,0.133,-0.760,-6.2,14.9,0.0,-0.0243,0.0472,-0.0364,955,944,829,974,0.03,0.32,0.14,1.46,0.4062,2,1,0,0.01,0.37,2.94,-0.84,0.25,-0.18,1.53,133,31
27775,25.6,-44.6,-54.9,0.018,-0.200,-0.887,-7.4,14.0,0.0,-0.0316,0.0480,0.0333,1041,827,901,945,0.03,0.32,0.15,1.46,0.4081,2,1,0,0.01,0.37,3.04,-0.90,0.25,-0.18,1.54,133,31
27785,26.0,-21.0,80.4,-0.228,0.059,-1.030,-7.4,17.6,0.0,-0.0298,0.0353,-0.0992,842,1059,674,1147,0.03,0.32,0.15,1.46,0.4088,2,1,0,0.01,0.39,3.12,-0.93,0.25,-0.18,1.54,133,31
27795,9.4,-2.8,-83.0,-0.199,-0.261,-1.151,-8.0,17.1,0.0,-0.0261,0.0226,0.0638,1153,790,954,840,0.03,0.33,0.14,1.46,0.4109,2,1,0,0.01,0.39,3.15,-0.97,0.25,-0.18,1.54,133,31
27805,1.7,-14.3,80.4,-0.198,-0.162,-0.804,-8.5,20.0,0.0,-0.0100,0.0371,-0.0997,877,1165,606,1072,0.04,0.33,0.15,1.46,0.4088,2,1,0,0.01,0.40,3.12,-1.06,0.25,-0.18,1.53,133,31
27816,-15.8,-5.5,-38.5,0.039,-0.352,-0.751,-8.1,18.7,0.0,0.0096,0.0258,0.0226,1079,932,926,808,0.03,0.33,0.14,1.45,0.4119,2,1,0,0.01,0.40,3.11,-1.07,0.25,-0.18,1.54,133,31
27826,-15.5,35.2,20.5,-0.141,-0.310,-0.611,-9.3,17.6,0.0,0.0100,-0.0212,-0.0393,820,1031,779,1104,0.04,0.34,0.16,1.45,0.4105,2,1,0,0.01,0.40,3.10,-1.13,0.25,-0.18,1.56,134,31
27836,-10.1,46.5,18.5,-0.010,-0.288,-0.736,-8.3,16.3,0.0,0.0055,-0.0339,-0.0373,832,946,946,1033,0.03,0.34,0.15,1.45,0.4135,2,1,0,0.01,0.40,3.10,-1.11,0.25,-0.18,1.57,133,31
27846,-19.7,77.5,-66.3,-0.050,-0.279,-0.805,-8.8,14.9,0.0,0.0161,-0.0684,0.0435,840,794,1136,992,0.04,0.35,0.15,1.45,0.4143,2,1,0,0.01,0.40,3.14,-1.14,0.25,-0.18,1.59,133,31
27856,1.8,62.5,73.9,-0.179,0.032,-1.360,-8.7,13.8,0.0,-0.0069,-0.0524,-0.0927,662,995,870,1235,0.04,0.35,0.15,1.45,0.4142,2,1,0,0.01,0.40,3.17,-1.15,0.25,-0.18,1.59,133,31
27866,20.7,42.8,-93.1,-0.109,0.011,-1.470,-8.5,12.9,0.0,-0.0202,-0.0310,0.0726,1053,724,1102,893,0.04,0.35,0.15,1.45,0.4155,2,1,0,0.01,0.40,3.22,-1.15,0.25,-0.18,1.59,134,31
27876,6.9,34.4,61.9,-0.114,0.078,-1.517,-9.3,12.2,0.0,-0.0125,-0.0258,-0.0807,776,1068,736,1172,0.04,0.36,0.16,1.45,0.4130,2,1,0,0.01,0.40,3.25,-1.20,0.25,-0.18,1.59,134,31
27886,1.7,24.9,-55.8,0.167,0.101,-1.707,-8.6,11.1,0.0,-0.0162,-0.0062,0.0467,1079,802,996,882,0.03,0.36,0.15,1.45,0.4138,2,1,0,0.01,0.40,3.30,-1.17,0.25,-0.18,1.60,134,31
27896,2.8,36.6,4.5,0.174,0.136,-1.424,-9.5,10.4,0.0,-0.0087,-0.0299,-0.0233,877,1003,818,1035,0.04,0.36,0.16,1.45,0.4103,2,1,0,0.01,0.40,3.33,-1.23,0.25,-0.18,1.62,134,31
27906,-2.8,40.7,33.2,-0.019,0.189,-1.121,-8.7,11.2,0.0,-0.0035,-0.0146,-0.0399,873,976,860,997,0.04,0.37,0.15,1.46,0.4067,2,1,0,0.01,0.40,3.37,-1.22,0.25,-0.18,1.61,134,31
27917,-8.3,78.0,-77.3,0.151,-0.015,-0.994,-9.4,10.6,0.0,0.0025,-0.0714,0.0585,950,839,1038,881,0.04,0.37,0.16,1.46,0.4071,2,1,0,0.01,0.40,3.41,-1.24,0.25,-0.18,1.59,134,31
27927,-8.6,71.0,80.5,0.135,0.064,-0.764,-9.2,11.4,0.0,0.0029,-0.0635,-0.0993,720,1078,808,1108,0.04,0.37,0.16,1.46,0.4079,2,1,0,0.01,0.41,3.44,-1.26,0.25,-0.18,1.58,134,31
27937,14.8,63.3,-106.0,0.099,0.100,-0.743,-9.1,10.8,0.0,-0.0129,-0.0573,0.0888,1015,654,1179,870,0.04,0.37,0.16,1.46,0.4084,2,1,0,0.01,0.41,3.49,-1.26,0.25,-0.18,1.57,134,31
27947,19.0,34.9,81.1,0.034,0.396,-1.122,-9.9,11.1,0.0,-0.0254,-0.0276,-0.0999,657,1034,810,1241,0.04,0.37,0.17,1.46,0.4115,2,1,0,0.01,0.41,3.51,-1.32,0.25,-0.18,1.57,134,31
27957,30.4,20.7,-52.1,0.097,0.248,-1.111,-9.1,10.8,0.0,-0.0346,-0.0326,0.0455,1021,702,1060,980,0.04,0.37,0.16,1.45,0.4145,2,1,0,0.01,0.41,3.56,-1.29,0.25,-0.18,1.57,134,31
27967,29.4,9.8,4.2,0.164,0.258,-1.306,-10.3,11.0,0.0,-0.0364,-0.0024,-0.0230,848,907,859,1150,0.04,0.37,0.17,1.45,0.4144,2,1,0,0.01,0.41,3.59,-1.35,0.25,-0.18,1.59,134,31
27977,10.4,-1.0,46.6,0.083,0.120,-1.329,-9.6,10.8,0.0,-0.0166,0.0082,-0.0654,898,924,854,1087,0.04,0.37,0.16,1.45,0.4144,2,1,0,0.01,0.41,3.63,-1.34,0.25,-0.18,1.61,134,31
27987,13.0,7.0,-62.7,0.163,-0.050,-0.766,-10.4,8.8,0.0,-0.0238,-0.0049,0.0407,1019,780,953,975,0.04,0.37,0.17,1.45,0.4096,2,1,0,0.01,0.40,3.67,-1.37,0.25,-0.18,1.62,134,31
27997,0.1,-3.0,95.2,-0.194,0.240,-1.093,-10.3,8.9,0.0,-0.0070,0.0083,-0.1140,747,1103,684,1180,0.04,0.37,0.17,1.46,0.4079,2,1,0,0.01,0.40,3.71,-1.39,0.25,-0.18,1.62,133,31
28008,-7.4,-25.8,-100.0,-0.154,-0.065,-0.977,-9.9,8.9,0.0,-0.0008,0.0330,0.0817,1159,811,1001,746,0.04,0.37,0.17,1.46,0.4083,2,1,0,0.01,0.40,3.75,-1.38,0.25,-0.18,1.62,133,31
28018,-17.7,-20.5,67.3,-0.249,-0.160,-0.659,-10.5,9.1,0.0,0.0107,0.0260,-0.0862,811,1180,682,1023,0.04,0.37,0.18,1.46,0.4054,2,1,0,0.01,0.40,3.78,-1.44,0.25,-0.18,1.62,133,31
28028,-15.6,-9.8,-32.3,-0.175,-0.190,-0.872,-9.4,9.2,0.0,0.0144,0.0425,0.0269,1103,972,919,714,0.04,0.37,0.17,1.46,0.4072,2,1,0,0.01,0.40,3.83,-1.40,0.25,-0.18,1.62,133,31
28038,-3.5,5.3,-3.0,-0.225,-0.184,-0.821,-10.6,9.3,0.0,-0.0023,0.0109,-0.0205,941,1087,773,912,0.04,0.37,0.18,1.46,0.4078,2,1,0,0.01,0.40,3.86,-1.46,0.25,-0.18,1.63,132,31
28048,13.5,30.4,40.2,0.085,0.127,-0.921,-9.6,8.8,0.0,-0.0198,-0.0254,-0.0590,888,1033,826,957,0.04,0.37,0.17,1.46,0.4065,2,1,0,0.01,0.40,3.91,-1.45,0.25,-0.18,1.63,132,31
28058,-7.1,54.1,-81.6,0.187,0.082,-1.122,-10.1,8.5,0.0,0.0013,-0.0493,0.0599,951,811,1056,907,0.04,0.38,0.18,1.46,0.4093,2,1,0,0.01,0.40,3.94,-1.48,0.25,-0.18,1.63,132,31
28068,-7.8,42.7,96.6,0.130,0.186,-1.307,-10.0,8.4,0.0,0.0012,-0.0381,-0.1154,644,1039,818,1224,0.04,0.37,0.18,1.46,0.4092,2,1,0,0.01,0.40,3.97,-1.51,0.25,-0.18,1.61,131,31
28078,7.0,21.5,-84.6,0.084,0.234,-1.183,-9.5,8.1,0.0,-0.0098,-0.0224,0.0674,985,735,1160,845,0.04,0.37,0.17,1.46,0.4092,2,1,0,0.01,0.40,4.02,-1.49,0.25,-0.18,1.60,131,31
28088,6.7,13.9,81.2,-0.049,0.308,-1.523,-10.2,8.5,0.0,-0.0110,-0.0116,-0.1027,687,1106,757,1184,0.04,0.37,0.19,1.46,0.4106,2,1,0,0.01,0.40,4.04,-1.56,0.25,-0.18,1.60,131,31
28098,15.5,15.4,-24.1,0.163,0.089,-1.504,-9.5,8.3,0.0,-0.0217,-0.0109,0.0053,986,825,983,947,0.04,0.37,0.17,1.46,0.4115,2,1,0,0.01,0.40,4.09,-1.52,0.25,-0.18,1.60,131,31
28108,13.5,42.9,-8.0,0.329,-0.051,-1.464,-10.5,6.8,0.0,-0.0168,-0.0494,-0.0239,802,877,943,1115,0.04,0.38,0.19,1.46,0.4109,2,1,0,0.01,0.40,4.12,-1.58,0.25,-0.18,1.60,131,31
28119,8.9,34.3,55.1,0.092,0.113,-1.409,-10.0,6.5,0.0,-0.0160,-0.0465,-0.0686,739,902,915,1184,0.04,0.38,0.18,1.46,0.4113,2,1,0,0.01,0.40,4.16,-1.57,0.25,-0.18,1.60,131,31
28129,22.0,23.7,-74.3,0.052,-0.001,-1.009,-10.6,6.5,0.0,-0.0294,-0.0209,0.0554,925,693,1086,1017,0.04,0.37,0.18,1.46,0.4088,2,1,0,0.01,0.40,4.20,-1.59,0.25,-0.18,1.61,131,31
28139,14.5,-20.1,85.1,-0.214,0.217,-1.087,-10.7,7.2,0.0,-0.0235,0.0046,-0.1027,757,1055,711,1183,0.04,0.37,0.19,1.46,0.4069,2,1,0,0.01,0.40,4.23,-1.63,0.25,-0.18,1.62,131,30
28149,22.0,-43.6,-83.2,-0.003,0.049,-1.056,-10.5,7.6,0.0,-0.0293,0.0477,0.0644,1173,754,950,832,0.04,0.37,0.18,1.46,0.4072,2,1,0,0.01,0.40,4.27,-1.61,0.25,-0.18,1.63,131,30
28159,16.9,-27.2,69.9,0.113,0.073,-0.894,-11.4,8.3,0.0,-0.0251,0.0320,-0.0887,859,1092,622,1121,0.05,0.37,0.19,1.47,0.4052,2,1,0,0.01,0.40,4.29,-1.68,0.25,-0.18,1.63,131,30
28169,-13.0,-31.5,-26.7,0.169,-0.140,-1.046,-10.4,8.6,0.0,-0.0115,0.0358,0.0202,1075,880,868,853,0.04,0.37,0.18,1.47,0.4029,2,1,0,0.01,0.40,4.34,-1.64,0.25,-0.18,1.65,131,30
28179,-17.2,-39.6,-17.9,0.197,-0.208,-0.757,-11.5,9.2,0.0,0.0091,0.0453,-0.0009,969,1010,788,901,0.04,0.37,0.19,1.47,0.4018,2,1,0,0.01,0.40,4.36,-1.70,0.25,-0.18,1.66,131,30
28189,-17.2,-51.6,62.2,0.048,0.108,-1.157,-10.2,9.7,0.0,0.0137,0.0544,-0.0704,853,1140,725,913,0.04,0.36,0.19,1.47,0.3969,2,1,0,0.01,0.40,4.40,-1.70,0.25,-0.18,1.63,131,30
28199,-16.1,-50.8,-89.9,-0.094,-0.057,-1.071,-10.7,10.4,0.0,0.0087,0.0577,0.0710,1126,927,924,655,0.04,0.36,0.19,1.47,0.3969,2,1,0,0.01,0.40,4.44,-1.72,0.25,-0.18,1.62,131,30
28209,-17.2,-29.1,101.5,-0.126,-0.150,-0.905,-10.8,11.3,0.0,0.0054,0.0598,-0.1168,820,1262,565,987,0.04,0.36,0.20,1.47,0.3971,2,1,0,0.01,0.40,4.46,-1.76,0.25,-0.18,1.61,131,30
28219,-16.2,0.9,-87.4,0.075,-0.293,-1.171,-10.2,11.8,0.0,0.0058,0.0231,0.0724,1126,846,986,696,0.04,0.36,0.19,1.47,0.3999,2,1,0,0.01,0.40,4.51,-1.73,0.25,-0.18,1.61,131,30
28229,-23.3,10.8,65.3,0.017,-0.210,-1.250,-10.9,12.1,0.0,0.0157,-0.0024,-0.0842,737,1164,726,1036,0.04,0.36,0.20,1.47,0.4010,2,1,0,0.01,0.40,4.52,-1.81,0.25,-0.18,1.61,131,30
28240,-16.2,0.1,-21.7,0.001,-0.105,-1.357,-9.7,12.0,0.0,0.0112,0.0082,0.0153,939,923,950,850,0.04,0.36,0.19,1.47,0.4008,2,1,0,0.01,0.40,4.57,-1.76,0.25,-0.18,1.61,131,30
28250,1.0,-28.8,-33.4,-0.004,0.049,-1.334,-10.6,12.5,0.0,-0.0085,0.0378,0.0145,987,984,838,856,0.04,0.35,0.20,1.47,0.4014,2,1,0,0.01,0.40,4.59,-1.83,0.25,-0.18,1.61,131,30
28260,0.1,-42.0,60.6,-0.134,0.110,-1.197,-9.8,12.8,0.0,-0.0094,0.0618,-0.0698,927,1127,658,937,0.04,0.35,0.20,1.47,0.3993,2,1,0,0.01,0.40,4.64,-1.82,0.25,-0.18,1.61,131,30
28270,14.2,-5.4,-95.4,0.161,-0.015,-1.081,-10.1,11.6,0.0,-0.0212,0.0135,0.0765,1157,776,943,784,0.04,0.35,0.20,1.47,0.4008,2,1,0,0.01,0.39,4.67,-1.84,0.25,-0.18,1.61,131,30
28280,-11.9,9.9,92.9,0.244,0.031,-1.030,-10.1,11.9,0.0,-0.0043,0.0074,-0.1097,752,1124,661,1110,0.04,0.35,0.21,1.47,0.3989,2,1,0,0.01,0.39,4.69,-1.88,0.25,-0.18,1.60,131,30
28290,-21.1,-7.5,-87.1,0.273,-0.176,-0.909,-9.3,11.4,0.0,0.0149,0.0154,0.0682,1058,765,1065,756,0.04,0.35,0.20,1.48,0.3987,2,1,0,0.01,0.39,4.74,-1.85,0.25,-0.18,1.60,131,30
28300,-14.5,-44.6,51.5,0.087,0.029,-0.927,-10.0,11.9,0.0,0.0082,0.0374,-0.0749,795,1114,732,1002,0.04,0.35,0.21,1.47,0.3985,2,1,0,0.01,0.39,4.75,-1.93,0.25,-0.18,1.59,131,30
28310,-10.6,-69.5,13.9,0.095,0.026,-1.099,-8.7,10.4,0.0,0.0050,0.0766,-0.0328,1008,1061,799,794,0.04,0.35,0.20,1.47,0.4010,2,1,0,0.01,0.39,4.80,-1.89,0.25,-0.18,1.59,132,30
28321,11.9,-45.3,-20.7,0.088,-0.009,-1.002,-9.7,10.6,0.0,-0.0186,0.0525,0.0018,1005,978,778,905,0.04,0.35,0.21,1.47,0.4016,2,1,0,0.01,0.39,4.82,-1.95,0.25,-0.18,1.58,132,30
28331,0.0,-21.5,92.1,-0.023,0.134,-1.133,-9.0,11.0,0.0,-0.0079,0.0310,-0.1090,803,1159,641,1075,0.04,0.35,0.21,1.47,0.4031,2,1,0,0.01,0.39,4.85,-1.96,0.25,-0.18,1.58,132,30
28341,-10.8,-9.5,-89.9,0.183,-0.032,-1.067,-9.1,11.3,0.0,0.0049,0.0173,0.0710,1085,832,990,787,0.04,0.35,0.21,1.47,0.4052,2,1,0,0.01,0.39,4.89,-1.96,0.25,-0.18,1.58,132,30
28351,-16.8,-14.1,89.2,0.044,0.046,-1.175,-9.2,8.0,0.0,0.0039,0.0205,-0.1113,741,1177,679,1085,0.04,0.34,0.22,1.47,0.4036,2,1,0,0.01,0.37,4.90,-2.02,0.25,-0.18,1.61,133,30
28361,-5.1,-37.5,-74.7,0.053,-0.076,-1.366,-8.5,8.6,0.0,-0.0002,0.0427,0.0558,1143,874,952,721,0.03,0.34,0.21,1.47,0.4048,2,1,0,0.01,0.37,4.95,-1.98,0.25,-0.18,1.63,133,30
28371,-5.7,-37.8,44.9,0.141,-0.037,-1.242,-9.2,9.5,0.0,-0.0006,0.0462,-0.0744,849,1148,679,990,0.04,0.34,0.23,1.47,0.4015,2,1,0,0.01,0.37,4.95,-2.07,0.25,-0.18,1.61,133,30
28381,-8.8,-32.8,1.7,0.165,0.057,-1.404,-8.2,9.9,0.0,0.0032,0.0393,-0.0165,964,1003,828,854,0.03,0.34,0.21,1.47,0.3992,2,1,0,0.01,0.37,0.01,0.00,0.25,-0.18,1.59,133,31
28391,-9.3,-36.6,-59.2,0.151,0.034,-1.317,-9.1,10.8,0.0,0.0032,0.0440,0.0403,1056,949,890,771,0.04,0.33,0.22,1.47,0.4014,2,1,0,0.01,0.37,-1.63,-0.75,0.25,-0.18,1.57,134,31
28401,1.4,-65.9,83.3,-0.085,0.150,-1.447,-8.6,11.4,0.0,-0.0115,0.0774,-0.0928,911,1218,575,969,0.04,0.33,0.22,1.47,0.4025,2,1,0,0.01,0.37,-2.00,-0.86,0.25,-0.18,1.56,134,31
28411,16.3,-30.4,-102.0,0.068,0.081,-1.220,-8.6,12.2,0.0,-0.0220,0.0392,0.0831,1205,824,958,697,0.04,0.33,0.22,1.47,0.4039,2,1,0,0.01,0.37,-2.18,-0.88,0.25,-0.18,1.58,134,31
28421,0.7,-11.9,106.4,0.132,-0.068,-1.411,-9.1,12.8,0.0,-0.0076,0.0299,-0.1269,752,1203,610,1119,0.04,0.33,0.23,1.47,0.4039,2,1,0,0.01,0.37,-2.13,-1.51,0.25,-0.18,1.59,133,31
28432,4.6,6.4,-65.5,0.280,-0.180,-1.266,-8.4,12.7,0.0,-0.0108,-0.0014,0.0491,1031,782,1015,861,0.03,0.33,0.22,1.47,0.4045,2,1,0,0.01,0.37,-1.53,-1.63,0.25,-0.18,1.59,133,31
28442,6.7,6.5,40.6,0.298,0.104,-1.373,-9.1,9.8,0.0,-0.0128,0.0000,-0.0595,766,991,815,1099,0.04,0.33,0.23,1.47,0.4022,2,1,0,0.01,0.36,-0.96,-1.32,0.25,-0.18,1.59,133,31
28452,14.9,-10.0,30.4,0.091,0.220,-1.457,-8.2,10.1,0.0,-0.0184,-0.0167,-0.0354,858,922,852,1056,0.04,0.32,0.22,1.47,0.4045,2,1,0,0.01,0.36,-0.19,-1.20,0.25,-0.18,1.56,133,31
28462,28.1,-1.4,-42.5,0.024,0.022,-1.022,-8.9,9.4,0.0,-0.0342,0.0076,0.0236,964,819,905,994,0.04,0.32,0.23,1.47,0.4036,2,1,0,0.01,0.36,0.20,-0.89,0.25,-0.18,1.53,133,31
28472,9.7,-12.3,92.2,0.011,0.223,-1.154,-8.5,10.4,0.0,-0.0156,0.0173,-0.1107,768,1124,665,1133,0.04,0.32,0.23,1.47,0.4047,2,1,0,0.01,0.36,0.20,-0.80,0.25,-0.18,1.56,133,31
28482,-3.4,-21.6,-101.3,0.313,-0.107,-1.063,-8.2,10.9,0.0,-0.0018,0.0293,0.0823,1108,810,1024,766,0.03,0.32,0.23,1.47,0.4070,2,1,0,0.01,0.36,0.17,-0.75,0.25,-0.18,1.59,133,31
28492,-1.7,-16.1,95.1,0.112,0.045,-0.920,-8.5,11.6,0.0,-0.0059,0.0217,-0.1160,741,1160,646,1133,0.04,0.32,0.24,1.47,0.4033,2,1,0,0.01,0.36,0.25,-0.66,0.25,-0.18,1.59,133,31
28502,5.9,0.0,-62.3,0.002,0.022,-1.060,-7.5,12.1,0.0,-0.0101,0.0102,0.0475,1067,828,986,805,0.03,0.31,0.23,1.47,0.4042,2,1,0,0.01,0.36,0.24,-0.58,0.25,-0.18,1.59,133,31
28512,-21.1,25.9,27.6,0.075,-0.261,-1.227,-8.3,12.7,0.0,0.0161,-0.0159,-0.0518,755,1066,822,1046,0.03,0.31,0.24,1.47,0.4044,2,1,0,0.01,0.36,0.02,-0.71,0.25,-0.18,1.57,133,31
28523,-3.2,42.3,40.3,0.032,0.004,-0.964,-7.4,12.8,0.0,-0.0010,-0.0353,-0.0560,760,940,890,1079,0.03,0.31,0.23,1.47,0.4018,2,1,0,0.01,0.36,-0.40,-0.69,0.25,-0.18,1.56,132,31
28533,-4.1,8.7,-74.2,-0.043,0.026,-1.079,-7.7,13.5,0.0,0.0039,0.0000,0.0519,945,879,1025,828,0.03,0.31,0.24,1.47,0.4030,2,1,0,0.01,0.36,-0.64,-0.79,0.25,-0.18,1.55,132,31
28543,4.7,-10.3,96.4,-0.115,0.112,-0.927,-7.5,14.4,0.0,-0.0051,0.0238,-0.1128,761,1170,664,1080,0.03,0.31,0.24,1.47,0.4027,2,1,0,0.01,0.36,-0.54,-0.67,0.25,-0.18,1.53,132,31
28553,6.2,11.7,-86.7,-0.034,-0.122,-0.663,-7.3,15.4,0.0,-0.0106,0.0003,0.0677,1119,832,978,757,0.03,0.30,0.24,1.47,0.4043,2,1,0,0.01,0.36,-0.48,-0.62,0.25,-0.18,1.54,132,31
28563,1.7,30.0,78.7,-0.061,0.114,-0.763,-7.7,16.3,0.0,-0.0041,0.0103,-0.1072,744,1133,689,1110,0.03,0.30,0.25,1.47,0.4027,2,1,0,0.01,0.36,-0.71,-0.72,0.25,-0.18,1.56,133,31
28573,-6.2,6.3,-61.4,-0.124,0.045,-0.398,-6.6,16.8,0.0,0.0024,0.0071,0.0424,1080,888,975,711,0.03,0.30,0.24,1.47,0.4000,2,1,0,0.01,0.36,-0.85,-0.79,0.25,-0.18,1.58,133,31
28583,-11.3,7.4,15.6,0.084,-0.185,-1.061,-7.3,17.5,0.0,0.0069,0.0068,-0.0346,868,1048,819,941,0.03,0.30,0.25,1.47,0.4028,2,1,0,0.01,0.36,-0.93,-0.69,0.25,-0.18,1.60,133,31
28593,-7.9,16.9,50.8,0.046,-0.204,-0.707,-6.6,18.1,0.0,0.0012,0.0209,-0.0493,852,1044,778,960,0.03,0.30,0.24,1.47,0.3972,2,1,0,0.01,0.36,-0.55,-0.64,0.25,-0.18,1.57,133,31
28603,4.6,23.2,-65.4,0.183,-0.107,-1.023,-7.1,18.1,0.0,-0.0089,-0.0083,0.0464,993,793,966,894,0.03,0.29,0.25,1.47,0.3989,2,1,0,0.01,0.36,-0.45,-0.52,0.25,-0.18,1.54,133,31
28613,-2.2,-9.0,105.7,0.056,0.237,-1.203,-6.7,18.6,0.0,0.0016,0.0112,-0.1177,708,1159,672,1111,0.03,0.29,0.25,1.47,0.3995,2,1,0,0.01,0.36,-0.72,-0.47,0.25,-0.18,1.55,132,31
28624,6.3,-52.3,-84.3,0.163,-0.013,-1.171,-6.7,19.0,0.0,-0.0101,0.0685,0.0653,1165,832,933,737,0.03,0.29,0.25,1.47,0.4015,2,1,0,0.01,0.36,-0.85,-0.51,0.25,-0.18,1.56,132,31
28634,2.1,-46.8,89.1,0.169,0.163,-1.185,-7.2,19.6,0.0,-0.0098,0.0489,-0.1158,774,1181,598,1093,0.03,0.29,0.26,1.47,0.3988,2,1,0,0.01,0.36,-0.91,-0.50,0.25,-0.18,1.53,132,31
28644,-4.1,-50.1,-44.1,0.440,0.125,-1.391,-6.3,19.9,0.0,0.0011,0.0589,0.0277,1055,937,908,781,0.03,0.29,0.25,1.47,0.4033,2,1,0,0.01,0.36,-1.03,-0.47,0.25,-0.18,1.50,132,31
28654,-7.0,-43.5,6.0,0.081,0.259,-1.163,-6.8,20.6,0.0,0.0031,0.0614,-0.0251,892,1094,781,930,0.03,0.28,0.26,1.47,0.4057,2,1,0,0.01,0.36,-1.46,-0.52,0.25,-0.18,1.51,132,31
28664,12.5,-35.1,54.3,-0.071,0.404,-1.351,-5.9,21.1,0.0,-0.0097,0.0524,-0.0610,929,1123,694,962,0.03,0.28,0.26,1.47,0.4070,2,1,0,0.01,0.36,-1.73,-0.55,0.25,-0.18,1.51,132,31
28674,-4.8,24.2,-67.0,0.259,-0.107,-1.044,-6.3,21.4,0.0,0.0013,-0.0058,0.0479,994,883,986,857,0.03,0.28,0.26,1.46,0.4087,2,1,0,0.01,0.36,-1.84,-0.67,0.25,-0.18,1.51,132,31
28684,-8.3,39.6,106.5,0.008,0.167,-1.243,-6.1,21.5,0.0,0.0047,-0.0219,-0.1279,638,1139,739,1204,0.03,0.28,0.27,1.46,0.4087,2,1,0,0.01,0.36,-1.57,-0.62,0.25,-0.18,1.51,132,31
28694,1.7,40.9,-95.2,-0.017,-0.024,-0.992,-5.6,21.7,0.0,-0.0045,-0.0223,0.0761,1029,755,1140,801,0.03,0.28,0.26,1.46,0.4093,2,1,0,0.01,0.36,-1.38,-0.53,0.25,-0.18,1.51,132,31
28704,-13.6,40.2,91.6,0.085,-0.001,-1.137,-6.2,22.2,0.0,0.0120,-0.0182,-0.1184,650,1159,742,1159,0.03,0.28,0.27,1.46,0.4073,2,1,0,0.01,0.36,-1.28,-0.62,0.25,-0.18,1.51,132,31
28714,-19.7,40.7,-29.6,0.170,-0.071,-0.578,-5.5,22.5,0.0,0.0171,-0.0212,0.0105,928,866,1018,876,0.02,0.28,0.26,1.46,0.4044,2,1,0,0.01,0.36,-1.01,-0.58,0.25,-0.18,1.51,131,31
28725,-12.6,9.6,-18.3,-0.054,0.028,-0.858,-6.0,22.9,0.0,0.0186,0.0105,-0.0145,857,1035,897,904,0.03,0.28,0.27,1.46,0.4051,2,1,0,0.01,0.36,-0.85,-0.43,0.25,-0.18,1.50,131,31
28735,0.0,-5.6,71.8,-0.105,0.092,-0.745,-5.3,23.4,0.0,-0.0026,0.0262,-0.0909,862,1155,768,904,0.03,0.28,0.27,1.46,0.4044,2,1,0,0.01,0.36,-0.82,-0.25,0.25,-0.18,1.50,131,31
28745,10.7,17.8,-62.3,-0.092,-0.187,-0.333,-6.0,23.8,0.0,-0.0151,0.0211,0.0368,1073,893,892,821,0.03,0.28,0.27,1.46,0.4032,2,1,0,0.01,0.36,-0.96,-0.18,0.25,-0.18,1.51,130,31
28755,13.1,15.1,103.7,-0.272,0.235,-0.314,-6.1,23.9,0.0,-0.0164,0.0058,-0.1229,771,1176,604,1123,0.03,0.27,0.28,1.45,0.4026,2,1,0,0.01,0.36,-1.24,-0.28,0.25,-0.18,1.50,130,31
28765,14.8,-16.6,-80.3,-0.131,0.094,-0.881,-5.8,21.6,0.0,-0.0201,0.0503,0.0650,1192,870,906,738,0.03,0.27,0.27,1.45,0.4068,2,1,0,0.01,0.35,-1.40,-0.35,0.25,-0.18,1.49,130,31
28775,-2.0,-20.2,65.2,0.074,-0.039,-0.740,-6.5,21.9,0.0,-0.0016,0.0395,-0.0844,898,1175,579,1048,0.03,0.27,0.28,1.45,0.4060,2,1,0,0.01,0.35,-1.70,-0.49,0.25,-0.18,1.49,130,31
28785,-18.2,-19.9,-25.4,0.406,-0.126,-0.991,-5.8,22.1,0.0,0.0013,0.0436,0.0171,1108,922,867,830,0.02,0.27,0.27,1.45,0.4096,2,1,0,0.01,0.35,-1.77,-0.68,0.25,-0.18,1.49,130,31
28795,-16.2,-53.0,-25.0,0.383,0.087,-1.548,-6.1,22.3,0.0,0.0129,0.0728,0.0058,963,1070,841,874,0.03,0.27,0.29,1.45,0.4125,2,1,0,0.01,0.35,-1.54,-0.64,0.25,-0.18,1.48,130,31
28806,-13.9,-46.4,69.1,0.126,-0.017,-1.546,-5.4,22.5,0.0,0.0145,0.0605,-0.0728,896,1137,779,947,0.03,0.27,0.28,1.44,0.4138,2,1,0,0.01,0.35,-1.42,-0.63,0.25,-0.18,1.46,130,31
28816,4.9,-11.4,-66.0,0.318,-0.096,-1.304,-5.7,22.6,0.0,-0.0061,0.0221,0.0424,1009,885,999,860,0.03,0.27,0.28,1.44,0.4131,2,1,0,0.01,0.35,-1.27,-0.58,0.25,-0.18,1.46,130,31
28826,3.7,-3.3,107.0,0.121,0.438,-1.482,-5.5,22.9,0.0,-0.0065,0.0236,-0.1262,641,1206,752,1165,0.03,0.27,0.29,1.44,0.4144,2,1,0,0.01,0.35,-1.15,-0.41,0.25,-0.18,1.46,129,31
28836,23.4,-18.6,-73.5,0.125,0.369,-1.290,-5.4,23.2,0.0,-0.0225,0.0211,0.0554,1095,823,998,855,0.02,0.27,0.28,1.44,0.4154,2,1,0,0.01,0.35,-1.09,-0.38,0.25,-0.18,1.47,129,31
28846,14.1,18.1,57.4,0.325,0.155,-0.956,-6.1,23.8,0.0,-0.0175,0.0031,-0.0766,796,1080,705,1176,0.03,0.27,0.30,1.44,0.4135,2,1,0,0.01,0.35,-1.18,-0.24,0.25,-0.18,1.47,129,31
28856,-1.0,15.3,-11.6,0.292,0.233,-0.884,-5.1,24.1,0.0,-0.0013,0.0061,-0.0074,964,916,967,940,0.02,0.26,0.29,1.44,0.4176,2,1,0,0.01,0.35,-1.34,-0.23,0.25,-0.18,1.45,129,31
28866,-18.5,2.6,-15.3,0.059,-0.007,-1.106,-5.4,21.0,0.0,0.0155,0.0160,-0.0071,913,1042,895,932,0.02,0.26,0.30,1.43,0.4170,2,1,0,0.01,0.34,-1.37,-0.25,0.25,-0.18,1.44,129,31
28876,-14.7,27.7,75.9,0.082,-0.182,-1.078,-5.0,21.5,0.0,0.0019,-0.0021,-0.0851,869,1091,771,1065,0.02,0.26,0.29,1.43,0.4185,2,1,0,0.01,0.34,-1.50,-0.25,0.25,-0.18,1.45,129,31
28886,-14.4,51.3,-61.2,0.164,-0.050,-1.048,-4.8,18.6,0.0,0.0197,-0.0378,0.0381,904,888,1103,891,0.02,0.26,0.29,1.43,0.4174,2,1,0,0.01,0.33,-1.84,-0.38,0.25,-0.18,1.45,128,31
28896,-10.3,9.6,102.2,-0.223,0.140,-1.307,-4.8,19.1,0.0,0.0082,0.0069,-0.1215,670,1237,753,1115,0.02,0.26,0.30,1.43,0.4159,2,1,0,0.01,0.33,-1.88,-0.42,0.25,-0.18,1.44,128,31
28907,1.7,4.2,-70.3,-0.024,-0.116,-0.704,-4.5,16.0,0.0,-0.0028,0.0246,0.0542,1115,896,980,774,0.02,0.26,0.29,1.42,0.4146,2,1,0,0.01,0.31,-1.75,-0.43,0.25,-0.18,1.42,128,31
28917,-0.5,4.0,58.7,0.098,0.047,-0.504,-4.9,16.5,0.0,-0.0016,0.0100,-0.0780,799,1187,709,1054,0.02,0.26,0.30,1.42,0.4124,2,1,0,0.01,0.31,-1.67,-0.40,0.25,-0.18,1.42,129,31
28927,14.1,-9.8,-7.9,-0.119,0.111,-0.708,-3.8,12.3,0.0,-0.0011,0.0253,0.0048,1017,988,960,804,0.02,0.25,0.29,1.42,0.4150,2,1,0,0.01,0.30,-1.73,-0.52,0.25,-0.18,1.42,129,31
28937,-2.7,28.6,-14.8,-0.184,-0.486,-0.431,-4.6,13.1,0.0,0.0008,-0.0180,-0.0044,965,1002,849,946,0.02,0.25,0.30,1.42,0.4143,2,1,0,0.01,0.30,-1.62,-0.46,0.25,-0.18,1.43,129,31
28947,0.9,45.4,91.8,0.110,-0.161,-0.282,-4.2,9.1,0.0,-0.0097,-0.0273,-0.1016,811,1082,752,1115,0.02,0.25,0.30,1.42,0.4138,2,1,0,0.01,0.28,-1.56,-0.44,0.25,-0.18,1.44,129,31
28957,-1.9,3.8,-68.7,0.016,-0.007,-0.781,-4.0,9.5,0.0,0.0006,0.0032,0.0494,1032,867,1030,853,0.02,0.25,0.30,1.41,0.4170,2,1,0,0.01,0.28,-1.61,-0.43,0.25,-0.18,1.42,129,31
28967,-12.7,-27.8,100.6,0.049,-0.066,-0.855,-4.1,6.2,0.0,0.0019,0.0302,-0.1188,788,1178,664,1135,0.02,0.24,0.31,1.41,0.4145,2,1,0,0.01,0.27,-1.68,-0.37,0.25,-0.18,1.41,129,31
28977,-26.9,-35.9,-63.4,0.313,-0.154,-0.598,-3.3,7.3,0.0,0.0261,0.0427,0.0458,1111,941,982,736,0.02,0.24,0.30,1.41,0.4153,2,1,0,0.01,0.27,-1.81,-0.29,0.25,-0.18,1.43,129,31
28987,-17.8,-58.3,56.6,-0.206,0.053,-0.832,-3.4,5.8,0.0,0.0171,0.0620,-0.0759,858,1301,669,934,0.02,0.23,0.31,1.41,0.4142,2,1,0,0.01,0.25,-1.86,-0.24,0.25,-0.18,1.44,129,31
28997,-6.0,-56.3,6.9,-0.060,-0.017,-0.931,-2.6,7.4,0.0,0.0039,0.0911,-0.0108,1157,1136,762,706,0.01,0.23,0.30,1.41,0.4141,2,1,0,0.01,0.25,-1.84,-0.28,0.25,-0.18,1.41,129,31
29008,-18.5,-0.3,-17.2,0.143,-0.216,-0.939,-3.0,8.7,0.0,0.0183,0.0067,-0.0021,984,1124,773,872,0.02,0.23,0.31,1.40,0.4130,2,1,0,0.01,0.25,-1.70,-0.26,0.25,-0.18,1.38,128,31
29018,-6.8,1.4,82.4,-0.014,0.096,-1.101,-2.2,10.0,0.0,0.0085,0.0241,-0.0936,859,1215,717,984,0.01,0.22,0.31,1.40,0.4160,2,1,0,0.01,0.25,-1.60,-0.26,0.25,-0.18,1.38,128,31
29028,-18.9,11.2,-93.2,0.173,-0.329,-1.100,-2.1,10.0,0.0,0.0197,-0.0035,0.0738,1159,900,956,752,0.01,0.22,0.31,1.40,0.4148,2,1,0,0.01,0.25,-1.62,-0.20,0.25,-0.18,1.38,128,31
29038,-34.5,0.6,94.9,0.246,-0.122,-0.694,-2.0,11.3,0.0,0.0315,0.0110,-0.1115,752,1224,715,1056,0.01,0.21,0.32,1.40,0.4120,2,1,0,0.01,0.25,-1.58,-0.19,0.25,-0.18,1.37,128,31
29048,-3.0,-60.7,-66.2,0.081,-0.129,-1.243,1.3,10.4,0.0,0.0071,0.0692,0.0468,1153,918,1040,675,0.01,0.20,0.31,1.39,0.4174,2,1,0,0.02,0.24,-1.59,-0.17,0.25,-0.18,1.37,128,31
29058,-15.5,-54.6,57.1,-0.057,-0.234,-1.016,0.8,12.0,0.0,0.0192,0.0647,-0.0765,845,1234,708,973,0.01,0.20,0.33,1.39,0.4141,2,1,0,0.02,0.24,-1.63,-0.16,0.25,-0.18,1.36,128,31
29068,-0.9,-65.8,24.1,-0.031,0.078,-1.110,7.3,13.2,0.0,0.0123,0.0736,-0.0392,959,1070,891,864,0.01,0.19,0.32,1.39,0.4171,2,1,0,0.04,0.24,-1.82,-0.11,0.25,-0.18,1.36,128,31
29078,17.2,-90.4,-29.8,-0.085,0.148,-1.531,6.8,14.8,0.0,-0.0076,0.1037,0.0104,1059,1128,762,837,0.01,0.19,0.33,1.39,0.4174,2,1,0,0.04,0.24,-2.00,-0.09,0.25,-0.18,1.36,128,31
29088,-6.9,-93.4,63.5,0.014,0.184,-1.061,13.0,15.9,0.0,0.0206,0.1049,-0.0781,922,1254,688,905,0.01,0.18,0.33,1.38,0.4151,2,1,0,0.06,0.24,-2.19,-0.12,0.25,-0.18,1.36,128,31
29099,16.4,-85.7,-95.3,0.036,0.005,-1.466,12.8,16.9,0.0,-0.0008,0.1010,0.0758,1170,982,942,705,0.01,0.18,0.33,1.38,0.4192,2,1,0,0.06,0.24,-2.31,-0.14,0.25,-0.18,1.35,128,31
29109,26.3,-12.4,93.4,0.076,0.008,-1.252,17.9,18.2,0.0,-0.0020,0.0403,-0.1133,812,1263,650,1052,0.01,0.18,0.33,1.38,0.4163,2,1,0,0.08,0.24,-2.28,-0.13,0.25,-0.18,1.34,128,31
29119,45.9,4.8,-59.7,0.054,0.264,-1.418,17.8,18.6,0.0,-0.0253,0.0119,0.0402,1063,880,1032,842,0.02,0.18,0.33,1.38,0.4216,2,1,0,0.08,0.24,-2.40,-0.18,0.25,-0.18,1.34,128,31
29129,42.6,9.5,45.8,0.140,0.211,-1.309,16.5,19.6,0.0,-0.0233,0.0083,-0.0653,803,1078,719,1190,0.02,0.17,0.34,1.37,0.4179,2,1,0,0.08,0.24,-2.39,-0.14,0.25,-0.18,1.33,128,31
29139,31.7,-9.4,6.9,0.297,0.167,-0.995,16.3,20.3,0.0,-0.0174,0.0103,-0.0143,977,912,929,991,0.02,0.17,0.33,1.37,0.4205,2,1,0,0.08,0.24,-2.35,-0.19,0.25,-0.18,1.33,128,31
29149,30.5,-4.4,-43.8,0.228,-0.014,-1.578,31.2,13.2,0.0,0.0036,0.0160,0.0243,970,917,974,984,0.02,0.17,0.34,1.37,0.4252,2,1,0,0.13,0.21,-2.27,-0.18,0.25,-0.18,1.33,128,31
29159,9.2,33.0,82.7,0.095,-0.143,-1.368,30.3,13.9,0.0,0.0240,-0.0209,-0.1022,745,1060,830,1187,0.03,0.16,0.34,1.37,0.4222,2,1,0,0.13,0.21,-2.20,-0.19,0.25,-0.18,1.31,128,31
29169,31.2,27.0,-58.6,0.233,0.116,-1.609,36.8,10.2,0.0,0.0157,-0.0310,0.0385,896,866,1174,927,0.03,0.16,0.34,1.36,0.4276,2,1,0,0.16,0.20,-2.23,-0.20,0.25,-0.18,1.30,128,31
29179,6.5,23.6,82.3,0.395,0.066,-1.559,35.1,11.0,0.0,0.0316,-0.0143,-0.1018,639,1192,852,1147,0.04,0.16,0.35,1.36,0.4231,2,1,0,0.16,0.20,-2.35,-0.18,0.25,-0.18,1.30,128,31
29189,16.8,7.2,-48.4,0.333,0.143,-1.345,39.9,10.1,0.0,0.0325,-0.0122,0.0328,936,929,1124,866,0.04,0.16,0.35,1.36,0.4266,2,1,0,0.18,0.19,-2.48,-0.24,0.25,-0.18,1.30,128,31
29200,39.9,14.3,37.5,-0.066,0.263,-1.430,38.0,11.4,0.0,0.0009,-0.0046,-0.0571,768,1154,860,1032,0.05,0.16,0.36,1.35,0.4210,2,1,0,0.18,0.19,-2.59,-0.23,0.25,-0.18,1.31,128,31
29210,43.1,-1.4,33.5,0.007,0.479,-1.006,44.7,12.3,0.0,0.0215,0.0163,-0.0441,879,1134,913,888,0.05,0.15,0.35,1.35,0.4212,2,1,0,0.21,0.19,-2.75,-0.19,0.25,-0.18,1.32,128,31
29220,60.9,-35.8,-16.7,0.171,0.273,-0.829,42.6,13.3,0.0,-0.0154,0.0477,-0.0028,955,1072,849,927,0.06,0.15,0.36,1.35,0.4197,2,1,0,0.21,0.19,-2.74,-0.11,0.25,-0.18,1.31,128,31
29230,54.1,-27.8,77.8,0.423,0.218,-0.576,48.5,9.5,0.0,-0.0026,0.0360,-0.0974,783,1146,757,1101,0.07,0.14,0.36,1.35,0.4174,2,1,0,0.24,0.18,-2.71,0.00,0.25,-0.18,1.30,128,31
29240,57.7,4.6,-74.3,0.344,0.221,-0.700,46.6,10.4,0.0,-0.0065,-0.0044,0.0539,996,816,1109,911,0.07,0.14,0.36,1.35,0.4234,2,1,0,0.24,0.18,-2.80,0.06,0.25,-0.18,1.30,128,31
29250,44.7,29.7,92.5,0.039,0.059,-0.859,48.1,7.9,0.0,0.0063,-0.0234,-0.1121,709,1118,765,1219,0.08,0.14,0.38,1.34,0.4206,2,1,0,0.25,0.16,-2.95,0.15,0.25,-0.18,1.31,127,31
29260,32.6,39.7,-26.6,0.046,-0.181,-0.882,46.5,9.4,0.0,0.0146,-0.0275,0.0143,986,920,1017,896,0.09,0.13,0.37,1.34,0.4218,2,1,0,0.25,0.16,-3.13,0.17,0.25,-0.18,1.30,127,31
29270,33.5,5.3,48.1,0.077,-0.112,-1.404,44.0,8.7,0.0,0.0135,0.0019,-0.0678,773,1213,788,1042,0.10,0.12,0.38,1.34,0.4214,2,1,0,0.25,0.15,-3.11,0.24,0.25,-0.18,1.29,127,31
29280,23.9,-29.6,23.3,0.206,-0.090,-0.993,41.9,9.8,0.0,0.0203,0.0343,-0.0373,919,1109,860,920,0.10,0.12,0.38,1.34,0.4203,2,1,0,0.25,0.15,-3.08,0.24,0.25,-0.18,1.28,127,31
29291,44.5,-22.0,-43.9,0.099,0.077,-0.741,39.7,11.4,0.0,-0.0018,0.0321,0.0242,998,1042,936,836,0.11,0.11,0.38,1.33,0.4208,2,1,0,0.25,0.15,-3.09,0.20,0.25,-0.18,1.27,127,31
29301,44.7,12.5,81.8,-0.194,0.082,-0.850,37.7,13.0,0.0,0.0071,0.0122,-0.0937,827,1201,759,1004,0.12,0.11,0.39,1.33,0.4181,2,1,0,0.25,0.15,-3.08,0.17,0.25,-0.18,1.29,127,31
29311,50.4,30.9,-52.2,-0.145,-0.149,-0.061,38.1,12.4,0.0,-0.0093,-0.0199,0.0325,1023,924,984,849,0.13,0.11,0.39,1.33,0.4165,2,1,0,0.26,0.15,-3.11,0.11,0.25,-0.18,1.30,128,31
29321,49.5,7.0,95.8,-0.193,0.005,-0.225,36.0,14.1,0.0,-0.0105,0.0058,-0.1155,817,1211,601,1113,0.13,0.10,0.40,1.33,0.4115,2,1,0,0.26,0.15,-3.02,0.12,0.25,-0.18,1.29,128,31
29331,30.2,-23.5,-54.8,0.108,-0.118,-0.216,39.3,15.5,0.0,0.0108,0.0462,0.0377,1193,1006,860,686,0.14,0.09,0.39,1.32,0.4120,2,1,0,0.28,0.15,-2.91,0.09,0.25,-0.18,1.27,129,31
29341,18.6,-49.3,16.4,0.083,-0.056,-1.040,37.6,17.2,0.0,0.0220,0.0655,-0.0361,1001,1246,699,848,0.14,0.09,0.40,1.32,0.4185,2,1,0,0.28,0.15,-2.83,0.15,0.25,-0.18,1.26,129,31
29351,11.8,-41.3,37.1,0.192,-0.297,-1.013,40.6,15.0,0.0,0.0296,0.0601,-0.0505,1041,1140,796,803,0.15,0.08,0.40,1.32,0.4165,2,1,0,0.29,0.14,-2.99,0.16,0.25,-0.18,1.25,129,31
29361,22.7,-39.2,-28.4,0.272,0.009,-1.433,39.1,15.9,0.0,0.0193,0.0542,0.0086,960,1043,927,856,0.15,0.08,0.41,1.32,0.4174,2,1,0,0.29,0.14,-3.00,0.23,0.25,-0.18,1.25,129,31
29371,18.7,-31.2,85.9,0.390,0.111,-1.507,37.7,15.2,0.0,0.0172,0.0311,-0.1023,779,1180,766,1089,0.16,0.08,0.41,1.31,0.4210,2,1,0,0.29,0.13,-3.03,0.26,0.25,-0.18,1.24,129,31
29381,15.4,-63.1,-71.9,0.455,0.089,-1.294,36.8,14.0,0.0,0.0242,0.0687,0.0514,1066,966,1014,762,0.16,0.07,0.41,1.31,0.4202,2,1,0,0.29,0.12,-3.01,0.27,0.25,-0.18,1.23,129,31
29392,29.7,-100.4,85.1,-0.052,0.180,-1.743,35.7,15.4,0.0,0.0092,0.1127,-0.1064,840,1314,659,1029,0.17,0.07,0.42,1.31,0.4248,2,1,0,0.29,0.12,-2.97,0.31,0.25,-0.18,1.23,129,31
29402,29.0,-78.5,-28.7,0.256,-0.020,-1.249,34.6,16.0,0.0,0.0086,0.0939,0.0089,1097,1032,898,807,0.17,0.07,0.42,1.30,0.4237,2,1,0,0.29,0.12,-3.15,0.24,0.25,-0.18,1.23,129,31
29412,51.7,-47.1,47.7,0.063,0.194,-1.586,33.6,17.4,0.0,-0.0151,0.0639,-0.0675,880,1209,688,1065,0.17,0.06,0.43,1.30,0.4247,2,1,0,0.29,0.12,-3.19,0.29,0.25,-0.18,1.23,129,31
29422,26.1,-47.2,15.1,0.237,0.296,-1.501,32.5,16.0,0.0,0.0075,0.0655,-0.0347,1024,1164,767,903,0.18,0.06,0.43,1.30,0.4269,2,1,0,0.29,0.12,-3.24,0.22,0.25,-0.18,1.22,130,31
29432,33.6,-24.6,-56.4,0.410,0.051,-1.507,31.3,17.1,0.0,-0.0019,0.0414,0.0244,1058,1051,892,872,0.18,0.06,0.43,1.29,0.4289,2,1,0,0.29,0.12,-3.23,0.23,0.25,-0.18,1.22,130,31
29442,29.1,10.9,81.2,0.367,-0.230,-1.535,30.2,17.7,0.0,-0.0017,0.0001,-0.0947,820,1137,784,1123,0.18,0.05,0.44,1.29,0.4277,2,1,0,0.29,0.12,-3.32,0.20,0.25,-0.18,1.21,130,31
29452,35.5,24.8,-64.2,0.215,-0.189,-1.431,29.4,18.1,0.0,-0.0031,-0.0074,0.0443,936,794,1155,993,0.19,0.05,0.44,1.28,0.4294,2,1,0,0.29,0.12,-3.24,0.24,0.25,-0.18,1.22,130,31
29462,12.0,1.7,92.7,0.479,-0.120,-1.312,30.1,12.5,0.0,0.0142,-0.0248,-0.1210,617,1123,826,1290,0.19,0.05,0.45,1.28,0.4266,2,1,0,0.30,0.09,-3.12,0.24,0.25,-0.18,1.23,130,31
29472,14.3,-23.6,-51.9,0.351,0.057,-1.154,29.4,13.2,0.0,0.0177,0.0252,0.0336,990,899,1096,882,0.19,0.04,0.45,1.28,0.4280,2,1,0,0.30,0.09,-3.00,0.22,0.25,-0.18,1.23,129,31
29482,19.4,-28.1,19.3,0.071,-0.019,-1.553,22.6,6.3,0.0,0.0062,0.0340,-0.0393,831,1129,865,1057,0.20,0.04,0.46,1.28,0.4300,2,1,0,0.28,0.06,-3.04,0.26,0.25,-0.18,1.24,129,31
29493,17.6,-2.7,38.8,-0.001,-0.072,-1.400,22.0,6.9,0.0,0.0171,0.0024,-0.0506,842,1088,920,1011,0.20,0.04,0.46,1.27,0.4272,2,1,0,0.28,0.06,-3.05,0.29,0.25,-0.18,1.23,129,31
29503,47.2,14.5,-38.1,0.104,0.210,-1.385,11.9,2.1,0.0,-0.0323,-0.0130,0.0181,975,955,960,1004,0.20,0.03,0.46,1.27,0.4316,2,1,0,0.24,0.04,-3.09,0.36,0.25,-0.18,1.23,129,31
29513,25.5,5.0,72.7,0.329,0.236,-0.915,11.1,3.1,0.0,-0.0072,-0.0047,-0.0910,804,1148,796,1127,0.21,0.03,0.47,1.27,0.4291,2,1,0,0.24,0.04,-3.16,0.39,0.25,-0.18,1.24,129,31
29523,41.8,-13.9,-70.8,0.214,0.292,-1.038,-0.8,6.3,0.0,-0.0392,0.0167,0.0512,1154,843,997,917,0.21,0.02,0.47,1.27,0.4341,2,1,0,0.20,0.05,-3.19,0.43,0.25,-0.18,1.23,129,31
29533,11.2,2.5,83.7,0.131,-0.050,-1.038,-1.2,7.8,0.0,-0.0094,0.0048,-0.1036,832,1108,719,1243,0.21,0.02,0.48,1.27,0.4328,2,1,0,0.20,0.05,-3.34,0.47,0.25,-0.18,1.21,129,31
29543,-2.3,1.9,-15.2,0.088,-0.114,-0.902,-12.7,13.2,0.0,-0.0048,0.0059,-0.0011,1007,913,1016,961,0.21,0.02,0.47,1.26,0.4321,2,1,0,0.16,0.06,-3.41,0.42,0.25,-0.18,1.22,128,31
29553,-3.5,-4.9,40.4,0.149,-0.151,-1.423,-12.6,15.5,0.0,0.0003,0.0188,-0.0693,844,1186,787,1069,0.21,0.01,0.48,1.26,0.4306,2,1,0,0.16,0.06,-3.43,0.42,0.25,-0.18,1.23,128,31
29563,-13.3,-31.1,37.4,0.212,0.000,-0.654,-17.5,16.7,0.0,-0.0011,0.0475,-0.0574,941,1101,842,960,0.21,0.00,0.48,1.26,0.4250,2,1,0,0.14,0.06,-3.45,0.38,0.25,-0.18,1.23,128,31
29573,-4.8,-40.0,-53.4,-0.118,-0.148,-0.225,-16.5,18.8,0.0,-0.0069,0.0589,0.0314,1108,1031,902,799,0.20,0.00,0.49,1.26,0.4246,2,1,0,0.14,0.06,-3.44,0.37,0.25,-0.18,1.23,127,31
29583,-25.4,-6.1,96.9,-0.127,-0.146,-0.447,-17.7,20.3,0.0,0.0108,0.0261,-0.1169,855,1242,654,1074,0.20,0.00,0.49,1.26,0.4225,2,1,0,0.14,0.06,-3.53,0.40,0.25,-0.18,1.22,127,31
29593,-43.2,13.7,-69.9,-0.099,-0.372,-0.671,-16.3,21.5,0.0,0.0275,0.0256,0.0511,1116,1001,987,730,0.19,0.00,0.49,1.25,0.4237,2,1,0,0.14,0.06,-3.50,0.37,0.25,-0.18,1.21,126,31
29604,-46.6,26.5,62.1,0.220,-0.193,-1.201,-20.0,16.4,0.0,0.0260,0.0111,-0.0870,846,1283,687,993,0.19,0.00,0.50,1.25,0.4204,2,1,0,0.12,0.04,-3.40,0.41,0.25,-0.18,1.21,126,31
29614,-44.7,-1.9,-42.4,0.279,-0.125,-0.517,-18.1,16.8,0.0,0.0325,0.0240,0.0283,1116,1044,998,659,0.18,-0.01,0.49,1.25,0.4216,2,1,0,0.12,0.04,-3.33,0.38,0.25,-0.18,1.21,125,31
29624,-51.6,-34.3,1.8,0.179,-0.445,-1.393,-34.3,5.0,0.0,0.0134,0.0381,-0.0251,962,1085,835,955,0.17,-0.01,0.50,1.25,0.4242,2,1,0,0.06,0.00,-3.43,0.47,0.25,-0.18,1.19,125,31
29634,-61.0,-36.6,50.1,0.104,-0.224,-1.189,-32.2,5.3,0.0,0.0319,0.0421,-0.0702,885,1100,902,965,0.17,-0.02,0.50,1.25,0.4260,2,1,0,0.06,0.00,-3.47,0.47,0.25,-0.18,1.16,125,31
29644,-50.0,-64.8,-44.2,0.117,-0.223,-1.607,-44.0,6.1,0.0,0.0070,0.0580,0.0187,1069,1028,921,847,0.16,-0.02,0.50,1.24,0.4279,2,1,0,0.01,0.00,-3.57,0.52,0.25,-0.18,1.17,125,31
29654,-75.6,-59.4,70.4,0.148,-0.069,-1.316,-41.4,7.0,0.0,0.0380,0.0626,-0.0898,810,1258,779,994,0.15,-0.02,0.50,1.24,0.4246,2,1,0,0.01,0.00,-3.62,0.57,0.25,-0.18,1.19,125,31
29664,-70.4,-66.6,-91.3,0.060,-0.188,-1.105,-38.5,8.0,0.0,0.0350,0.0750,0.0713,1133,1031,1059,611,0.14,-0.02,0.50,1.24,0.4238,2,1,0,0.01,0.00,-3.68,0.55,0.25,-0.18,1.17,125,31
29674,-47.7,-33.9,68.6,-0.223,-0.147,-0.934,-35.9,9.5,0.0,0.0229,0.0552,-0.0912,843,1297,725,967,0.13,-0.03,0.51,1.24,0.4235,2,1,0,0.01,0.00,-3.76,0.62,0.25,-0.18,1.16,126,31
29684,-31.0,-42.2,-25.5,-0.121,0.168,-0.891,-33.2,10.2,0.0,0.0008,0.0526,0.0054,1070,1065,945,745,0.12,-0.03,0.50,1.24,0.4227,2,1,0,0.01,0.00,-3.78,0.61,0.25,-0.18,1.16,126,31
29694,-42.1,-34.6,-1.0,-0.144,0.114,-0.968,-30.2,12.0,0.0,0.0124,0.0539,-0.0245,999,1192,738,891,0.11,-0.04,0.52,1.23,0.4219,2,1,0,0.01,0.00,-3.79,0.62,0.25,-0.18,1.16,126,31
29704,-53.1,-61.6,14.0,-0.007,0.287,-0.609,-27.0,13.3,0.0,0.0305,0.0821,-0.0310,1037,1246,790,744,0.10,-0.04,0.51,1.23,0.4215,2,1,0,0.01,0.00,-3.79,0.61,0.25,-0.18,1.15,126,31
29715,-58.7,-32.1,-75.3,0.023,-0.123,-1.047,-23.6,14.9,0.0,0.0377,0.0580,0.0554,1169,1116,950,616,0.09,-0.05,0.51,1.23,0.4261,2,1,0,0.01,0.00,-3.85,0.60,0.25,-0.18,1.14,125,31
29725,-61.1,7.8,74.2,0.086,-0.165,-0.899,-20.7,16.1,0.0,0.0440,0.0456,-0.0900,849,1337,742,910,0.08,-0.05,0.52,1.23,0.4243,2,1,0,0.01,0.00,-3.98,0.67,0.25,-0.18,1.16,125,31
29735,-47.9,27.2,-70.0,-0.070,-0.122,-0.990,-17.8,16.9,0.0,0.0333,-0.0102,0.0499,1078,993,1028,739,0.07,-0.05,0.52,1.23,0.4243,2,1,0,0.01,0.00,-4.01,0.68,0.25,-0.18,1.18,126,31
29745,-51.1,34.8,50.5,0.151,0.189,-0.784,-14.6,18.4,0.0,0.0457,0.0214,-0.0787,793,1295,787,926,0.06,-0.06,0.53,1.22,0.4195,2,1,0,0.01,0.00,-4.07,0.73,0.25,-0.18,1.18,127,31
29755,-19.4,14.9,-46.2,0.027,0.211,-0.935,-12.3,19.6,0.0,0.0103,0.0047,0.0261,1141,1077,949,650,0.05,-0.06,0.52,1.22,0.4215,2,1,0,0.01,0.00,-4.08,0.72,0.25,-0.18,1.19,127,31
29765,-21.0,42.3,2.6,0.157,0.172,-0.728,-9.8,20.1,0.0,0.0187,-0.0066,-0.0341,844,1090,895,965,0.04,-0.06,0.53,1.22,0.4183,2,1,0,0.01,0.00,-4.15,0.81,0.25,-0.18,1.17,127,31
29775,-10.4,17.9,51.4,0.183,0.140,-1.027,-8.5,20.8,0.0,0.0052,0.0032,-0.0715,888,1075,790,1037,0.03,-0.07,0.53,1.22,0.4178,2,1,0,0.01,0.00,-4.13,0.78,0.25,-0.18,1.16,127,31
29785,-3.0,-18.4,-70.7,-0.020,0.478,-0.581,-6.6,21.4,0.0,0.0029,0.0337,0.0378,1047,962,958,823,0.03,-0.07,0.53,1.22,0.4178,2,1,0,0.01,0.00,-4.16,0.81,0.25,-0.18,1.17,127,31
29795,-5.5,-60.6,67.3,0.026,0.428,-1.207,-5.7,22.3,0.0,0.0032,0.0837,-0.0874,925,1270,623,997,0.02,-0.07,0.53,1.22,0.4212,2,1,0,0.01,0.00,-4.12,0.84,0.25,-0.18,1.18,127,31
29806,4.8,-24.1,-73.9,-0.017,0.037,-0.988,-4.7,22.3,0.0,0.0000,0.0412,0.0537,1084,923,1006,779,0.02,-0.07,0.53,1.22,0.4182,2,1,0,0.01,0.00,-4.06,0.86,0.25,-0.18,1.18,127,31
29816,6.1,-21.1,65.4,-0.074,0.192,-1.608,-4.2,22.8,0.0,-0.0084,0.0466,-0.0909,846,1223,631,1079,0.02,-0.07,0.54,1.22,0.4165,2,1,0,0.01,0.00,-4.09,0.95,0.25,-0.18,1.18,126,31
29826,-5.0,-51.1,-43.1,0.100,0.381,-1.096,-3.8,23.2,0.0,0.0045,0.0752,0.0230,1129,1049,870,721,0.02,-0.08,0.53,1.22,0.4152,2,1,0,0.01,0.00,-4.11,0.94,0.25,-0.18,1.17,125,31
29836,1.1,-64.2,-24.1,-0.001,0.099,-1.143,-3.1,23.7,0.0,-0.0007,0.0932,0.0005,1091,1160,731,782,0.02,-0.08,0.54,1.22,0.4144,2,1,0,0.01,0.00,-4.11,1.00,0.25,-0.18,1.16,126,31
29846,-4.1,-71.8,48.7,0.026,0.035,-0.943,-2.8,23.7,0.0,0.0047,0.0965,-0.0688,961,1173,752,868,0.02,-0.08,0.54,1.22,0.4132,2,1,0,0.01,0.00,-4.04,1.05,0.25,-0.18,1.17,126,31
29856,1.8,-71.8,-61.2,0.038,-0.058,-1.031,-2.2,23.8,0.0,-0.0066,0.0821,0.0333,1128,993,855,781,0.01,-0.08,0.54,1.22,0.4135,2,1,0,0.01,0.00,-3.98,1.13,0.25,-0.18,1.18,126,31
29866,-29.6,-74.3,64.2,-0.049,0.219,-1.191,-1.4,24.5,0.0,0.0317,0.1000,-0.0843,896,1319,628,902,0.01,-0.08,0.54,1.22,0.4119,2,1,0,0.01,0.00,-3.88,1.17,0.25,-0.18,1.18,125,31
29876,-35.1,-80.2,-99.2,0.012,0.021,-0.838,-0.6,25.3,0.0,0.0392,0.1261,0.0776,1255,1115,907,484,0.01,-0.08,0.53,1.22,0.4140,2,1,0,0.01,0.00,-3.80,1.16,0.25,-0.18,1.19,125,31
29886,-27.9,-62.6,48.5,-0.178,-0.010,-1.280,0.5,25.8,0.0,0.0320,0.0894,-0.0686,985,1427,603,736,0.00,-0.08,0.54,1.22,0.4128,2,1,0,0.01,0.00,-3.69,1.22,0.25,-0.18,1.19,125,31
29896,-24.2,-59.5,-28.7,-0.048,0.108,-0.880,1.2,26.1,0.0,0.0290,0.0867,0.0086,1170,1184,813,568,0.00,-0.09,0.54,1.22,0.4106,2,1,0,0.01,0.00,-3.60,1.20,0.25,-0.18,1.18,125,31
29907,-0.7,-56.1,-1.0,-0.166,0.351,-0.651,2.4,26.4,0.0,0.0090,0.1027,-0.0315,1025,1227,672,771,0.00,-0.09,0.54,1.22,0.4053,2,1,0,0.01,0.00,-3.57,1.26,0.25,-0.18,1.17,124,31
29917,-9.9,-60.5,34.3,0.255,0.395,-0.367,3.3,26.7,0.0,0.0168,0.0884,-0.0544,950,1191,773,782,0.00,-0.09,0.54,1.22,0.4054,2,1,0,0.01,0.00,-3.50,1.24,0.25,-0.18,1.16,124,31
29927,-19.9,-65.8,-77.5,0.002,0.068,-0.363,4.7,27.3,0.0,0.0375,0.0992,0.0522,1115,1100,920,570,0.00,-0.09,0.54,1.22,0.4066,2,1,0,0.01,0.00,-3.49,1.25,0.25,-0.18,1.15,124,31
29937,-14.5,-37.9,89.3,-0.277,0.249,-0.478,5.5,27.9,0.0,0.0238,0.0724,-0.1080,850,1325,638,906,0.00,-0.09,0.54,1.22,0.4085,2,1,0,0.01,0.00,-3.47,1.27,0.25,-0.18,1.15,125,31
29947,-3.3,-35.8,-56.7,-0.276,0.180,-0.364,6.4,28.6,0.0,0.0172,0.0742,0.0373,1136,1102,889,613,-0.01,-0.09,0.54,1.21,0.4113,2,1,0,0.01,0.00,-3.43,1.26,0.25,-0.18,1.15,126,31
29957,-16.5,-31.8,65.8,0.009,0.101,-0.661,7.4,28.9,0.0,0.0289,0.0689,-0.0901,840,1358,642,898,-0.01,-0.10,0.55,1.21,0.4109,2,1,0,0.01,0.00,-3.41,1.31,0.25,-0.18,1.15,127,31
29967,-37.4,-31.1,-32.1,0.233,0.013,-0.484,7.9,28.9,0.0,0.0491,0.0614,0.0121,997,1142,970,641,-0.01,-0.10,0.54,1.21,0.4126,2,1,0,0.01,0.00,-3.37,1.30,0.25,-0.18,1.15,126,31
29977,-15.3,-2.1,-13.3,0.147,-0.209,-0.862,8.9,28.7,0.0,0.0322,0.0310,-0.0095,870,1117,931,835,-0.02,-0.10,0.55,1.21,0.4129,2,1,0,0.01,0.00,-3.36,1.30,0.25,-0.18,1.17,126,31
29987,-19.1,43.0,45.6,0.271,0.009,-0.851,9.4,28.5,0.0,0.0376,-0.0199,-0.0612,711,1062,1007,973,-0.02,-0.09,0.54,1.21,0.4130,2,1,0,0.01,0.00,-3.37,1.29,0.25,-0.18,1.18,126,31
29997,1.2,50.8,-56.4,0.120,-0.095,-1.353,10.0,28.0,0.0,0.0124,-0.0216,0.0363,835,841,1162,912,-0.02,-0.09,0.55,1.21,0.4126,2,1,0,0.01,0.00,-3.34,1.31,0.25,-0.18,1.18,127,31
30008,-24.9,24.9,68.4,0.482,-0.276,-0.981,10.0,28.0,0.0,0.0382,-0.0079,-0.0883,630,1082,913,1111,-0.02,-0.09,0.55,1.21,0.4106,2,1,0,0.01,0.00,-3.39,1.33,0.25,-0.18,1.19,127,31
30018,-1.9,13.5,-86.8,0.330,0.020,-1.199,10.1,27.8,0.0,0.0158,0.0157,0.0668,975,777,1152,856,-0.02,-0.09,0.54,1.21,0.4141,2,1,0,0.01,0.00,-3.38,1.33,0.25,-0.18,1.19,127,31
30028,-11.8,28.7,42.3,0.392,-0.190,-1.563,10.6,28.2,0.0,0.0168,-0.0245,-0.0682,718,1036,890,1119,-0.02,-0.09,0.55,1.21,0.4143,2,1,0,0.01,0.00,-3.40,1.38,0.25,-0.18,1.19,127,31
30038,-29.0,24.1,-29.2,0.172,-0.377,-1.685,10.9,28.5,0.0,0.0439,0.0057,0.0092,905,914,1091,873,-0.02,-0.09,0.54,1.21,0.4171,2,1,0,0.01,0.00,-3.42,1.39,0.25,-0.18,1.19,127,31
30048,-24.4,30.1,-23.3,0.274,-0.307,-2.039,11.5,28.6,0.0,0.0294,-0.0009,-0.0117,851,1029,941,929,-0.03,-0.09,0.55,1.21,0.4127,2,1,0,0.01,0.00,-3.47,1.48,0.25,-0.18,1.19,127,31
30058,-38.8,-8.3,13.4,0.167,-0.118,-1.911,11.6,29.1,0.0,0.0545,0.0389,-0.0334,898,1155,865,820,-0.03,-0.10,0.55,1.22,0.4110,2,1,0,0.01,0.00,-3.44,1.45,0.25,-0.18,1.20,127,31
30068,-3.7,-37.8,-94.9,0.448,-0.235,-1.728,12.0,28.8,0.0,0.0198,0.0683,0.0749,1163,930,980,674,-0.03,-0.10,0.55,1.22,0.4122,2,1,0,0.01,0.00,-3.46,1.47,0.25,-0.18,1.21,127,31
30078,-7.1,17.3,57.2,0.178,-0.076,-1.191,12.1,28.8,0.0,0.0200,0.0136,-0.0755,811,1111,771,994,-0.03,-0.10,0.55,1.22,0.4042,2,1,0,0.01,0.00,-3.44,1.48,0.25,-0.18,1.20,127,31
30088,-4.2,24.0,-70.4,0.033,-0.035,-1.282,12.0,28.5,0.0,0.0203,0.0060,0.0504,1024,861,1046,777,-0.03,-0.09,0.54,1.22,0.4071,2,1,0,0.01,0.00,-3.43,1.46,0.25,-0.18,1.19,127,31
30098,-11.4,21.5,40.5,-0.110,-0.171,-1.021,12.2,28.7,0.0,0.0120,0.0266,-0.0710,848,1145,705,996,-0.03,-0.09,0.55,1.22,0.4052,2,1,0,0.01,0.00,-3.45,1.50,0.25,-0.18,1.20,126,31
30109,-2.2,-19.5,-37.2,-0.137,0.121,-0.368,11.9,29.1,0.0,0.0183,0.0503,0.0172,1117,1047,820,683,-0.03,-0.10,0.54,1.22,0.4018,2,1,0,0.01,0.00,-3.53,1.44,0.25,-0.18,1.21,126,31
30119,-11.0,-77.8,-30.6,-0.227,-0.059,-0.553,12.4,29.7,0.0,0.0220,0.1462,0.0008,1175,1269,648,602,-0.03,-0.10,0.55,1.22,0.4051,2,1,0,0.01,0.00,-3.57,1.45,0.25,-0.18,1.19,125,31
30129,-10.1,-50.9,50.7,-0.067,-0.058,-0.544,12.2,30.1,0.0,0.0264,0.0829,-0.0706,1010,1323,619,734,-0.03,-0.10,0.54,1.22,0.4043,2,1,0,0.01,0.00,-3.64,1.44,0.25,-0.18,1.17,125,31
30139,-6.2,2.1,-65.1,-0.110,-0.222,-0.445,12.6,30.0,0.0,0.0240,0.0408,0.0424,1088,1068,875,660,-0.03,-0.10,0.54,1.22,0.4048,2,1,0,0.01,0.00,-3.76,1.48,0.25,-0.18,1.19,125,31
30149,19.4,17.7,83.3,-0.132,0.283,-0.686,12.6,30.4,0.0,-0.0027,0.0143,-0.1032,850,1294,596,952,-0.03,-0.10,0.55,1.22,0.4050,2,1,0,0.01,0.00,-3.83,1.52,0.25,-0.18,1.21,125,31
30159,9.2,1.5,-78.2,0.316,-0.052,-0.082,12.4,30.5,0.0,0.0072,0.0307,0.0583,1127,932,950,666,-0.03,-0.10,0.54,1.22,0.4026,2,1,0,0.01,0.00,-3.89,1.52,0.25,-0.18,1.21,124,31
30169,1.8,-22.1,44.9,-0.064,0.048,-0.067,12.7,30.4,0.0,0.0237,0.0529,-0.0727,809,1210,731,906,-0.03,-0.10,0.55,1.22,0.4002,2,1,0,0.01,0.00,-3.85,1.58,0.25,-0.18,1.21,125,31
30179,8.6,-5.4,-6.7,-0.032,-0.067,-0.371,12.0,30.7,0.0,0.0074,0.0381,-0.0131,990,978,886,837,-0.03,-0.10,0.54,1.22,0.4047,2,1,0,0.01,0.00,-3.92,1.59,0.25,-0.18,1.23,126,31
30189,-2.4,8.6,-4.6,0.087,-0.111,-0.529,12.6,30.9,0.0,0.0243,0.0210,-0.0174,829,1061,927,867,-0.03,-0.10,0.55,1.23,0.4039,2,1,0,0.01,0.00,-3.92,1.60,0.25,-0.18,1.23,126,31
30199,-12.5,9.1,57.7,-0.015,-0.235,-1.004,12.1,31.0,0.0,0.0298,0.0200,-0.0759,760,1145,827,981,-0.03,-0.10,0.54,1.23,0.4077,2,1,0,0.01,0.00,-3.94,1.58,0.25,-0.18,1.24,126,31
30210,-11.5,37.6,-73.8,0.291,-0.140,-0.827,12.1,31.0,0.0,0.0328,-0.0128,0.0505,922,874,1104,786,-0.03,-0.10,0.54,1.23,0.4043,2,1,0,0.01,0.00,-3.96,1.57,0.25,-0.18,1.24,126,31
30220,-11.6,51.0,59.3,0.306,0.037,-0.907,12.1,30.9,0.0,0.0281,-0.0221,-0.0777,676,1063,878,1052,-0.03,-0.10,0.54,1.23,0.4019,2,1,0,0.01,0.00,-4.02,1.58,0.25,-0.18,1.24,126,31
30230,6.6,60.7,-73.8,0.298,-0.059,-1.412,12.2,30.5,0.0,0.0097,-0.0282,0.0539,955,759,1158,827,-0.03,-0.10,0.54,1.23,0.4058,2,1,0,0.01,0.00,-4.15,1.59,0.25,-0.18,1.25,126,31
30240,-12.7,104.3,45.6,0.267,-0.155,-0.971,12.7,30.1,0.0,0.0296,-0.0723,-0.0655,593,964,967,1148,-0.03,-0.10,0.54,1.23,0.4023,2,1,0,0.01,0.00,-4.19,1.64,0.25,-0.18,1.25,126,31
30250,-0.2,98.0,-14.9,0.202,-0.244,-0.950,12.6,30.1,0.0,0.0170,-0.0661,-0.0049,785,814,1092,991,-0.03,-0.10,0.53,1.24,0.4038,2,1,0,0.01,0.00,-4.26,1.62,0.25,-0.18,1.24,126,31
30260,1.7,91.2,-25.0,0.087,-0.168,-1.200,13.1,30.2,0.0,0.0153,-0.0487,-0.0081,800,915,976,986,-0.03,-0.10,0.54,1.24,0.4028,2,1,0,0.01,0.00,-4.24,1.66,0.25,-0.18,1.23,126,31
30270,4.4,26.7,36.1,-0.210,0.287,-0.757,13.8,30.6,0.0,0.0136,0.0060,-0.0559,862,1086,767,952,-0.03,-0.10,0.54,1.24,0.4016,2,1,0,0.01,0.00,-4.20,1.68,0.25,-0.18,1.25,126,31
30280,11.0,-9.5,-93.2,-0.075,0.226,-1.100,14.4,30.8,0.0,0.0090,0.0645,0.0657,1159,977,912,644,-0.03,-0.10,0.53,1.24,0.4051,2,1,0,0.01,0.00,-4.15,1.72,0.25,-0.18,1.26,126,31
30290,-0.9,-19.4,72.6,0.020,0.032,-1.328,30.4,30.6,0.0,0.0356,0.0524,-0.0925,798,1335,672,876,-0.03,-0.10,0.54,1.24,0.4036,2,1,0,0.06,0.00,-4.06,1.74,0.25,-0.18,1.27,126,31
30301,20.7,-15.9,-66.8,0.076,0.068,-1.113,30.2,29.9,0.0,0.0240,0.0455,0.0446,1019,975,977,696,-0.03,-0.10,0.53,1.25,0.4016,2,1,0,0.06,0.00,-4.05,1.69,0.25,-0.18,1.28,127,31
30311,34.5,-10.1,37.8,-0.042,0.326,-1.232,48.4,29.5,0.0,0.0231,0.0395,-0.0682,720,1201,764,933,-0.03,-0.10,0.54,1.25,0.3950,2,1,0,0.13,0.00,-4.05,1.69,0.25,-0.18,1.28,127,31
30321,-2.4,-38.5,-21.4,0.434,0.200,-1.274,47.5,29.2,0.0,0.0540,0.0650,0.0040,907,1058,951,710,-0.03,-0.10,0.53,1.25,0.3962,2,1,0,0.13,0.00,-4.14,1.66,0.25,-0.18,1.27,128,31
30331,-7.1,-50.8,-49.3,0.445,-0.153,-1.515,58.6,28.7,0.0,0.0703,0.0706,0.0265,842,1046,1013,717,-0.03,-0.10,0.53,1.25,0.3952,2,1,0,0.17,0.00,-4.17,1.66,0.25,-0.18,1.28,129,31
30341,17.1,-13.1,40.7,0.569,-0.099,-1.835,62.8,28.7,0.0,0.0502,0.0445,-0.0604,743,1088,910,886,-0.02,-0.10,0.53,1.26,0.3963,2,1,0,0.19,0.00,-4.21,1.66,0.25,-0.18,1.29,129,31
30351,30.7,45.4,-93.7,0.234,-0.158,-1.782,61.4,28.6,0.0,0.0290,-0.0355,0.0711,908,747,1161,814,-0.02,-0.10,0.53,1.26,0.3967,2,1,0,0.19,0.00,-4.18,1.66,0.25,-0.18,1.29,129,31
30361,42.0,62.4,73.9,-0.345,0.152,-1.345,61.7,29.1,0.0,0.0242,-0.0310,-0.0937,667,1074,759,1078,-0.01,-0.09,0.53,1.26,0.3899,2,1,0,0.19,0.00,-4.09,1.66,0.25,-0.18,1.29,129,31
30371,46.2,28.1,-87.2,0.047,0.088,-0.729,59.1,29.7,0.0,0.0147,0.0364,0.0726,1131,889,943,628,0.00,-0.10,0.52,1.26,0.3916,2,1,0,0.19,0.00,-4.16,1.64,0.25,-0.18,1.28,129,31
30381,54.3,-48.0,25.5,-0.145,0.109,-0.255,59.7,30.1,0.0,0.0100,0.0807,-0.0453,979,1257,573,752,0.00,-0.10,0.53,1.27,0.3875,2,1,0,0.20,0.00,-4.12,1.68,0.25,-0.18,1.29,129,31
30392,79.6,-48.0,4.4,0.082,0.190,-0.092,56.5,29.7,0.0,-0.0175,0.0837,-0.0180,1077,1026,726,722,0.01,-0.10,0.52,1.27,0.3863,2,1,0,0.20,0.00,-4.21,1.66,0.25,-0.18,1.30,129,31
30402,62.7,-25.4,-21.0,0.071,-0.096,-0.086,53.7,29.5,0.0,-0.0007,0.0506,-0.0003,939,963,831,812,0.02,-0.10,0.53,1.27,0.3854,2,1,0,0.20,0.00,-4.17,1.71,0.25,-0.18,1.31,130,31
30412,66.9,10.2,75.0,0.063,-0.311,-0.167,50.1,29.1,0.0,-0.0142,0.0134,-0.0915,755,961,733,1092,0.03,-0.10,0.53,1.27,0.3851,2,1,0,0.20,0.00,-4.09,1.70,0.25,-0.18,1.32,130,31
30422,56.0,40.3,-75.0,-0.098,-0.335,-0.413,47.0,29.3,0.0,-0.0043,-0.0084,0.0552,990,735,1012,819,0.04,-0.10,0.52,1.28,0.3869,2,1,0,0.20,0.00,-4.06,1.69,0.25,-0.18,1.32,130,31
30432,45.0,18.2,56.3,-0.072,-0.136,-0.906,44.1,29.8,0.0,0.0037,0.0142,-0.0760,813,1083,683,990,0.05,-0.10,0.53,1.28,0.3886,2,1,0,0.20,0.00,-4.04,1.70,0.25,-0.18,1.32,131,31
30442,31.8,-12.6,-86.4,0.055,-0.190,-0.853,52.1,29.5,0.0,0.0191,0.0646,0.0738,1156,921,928,588,0.06,-0.10,0.52,1.28,0.3918,2,1,0,0.24,0.00,-4.07,1.63,0.25,-0.18,1.33,132,31
30452,32.1,-23.0,6.7,0.196,-0.080,-1.656,50.1,29.5,0.0,0.0225,0.0554,-0.0264,957,1174,680,773,0.07,-0.10,0.53,1.29,0.3905,2,1,0,0.24,0.00,-4.09,1.64,0.25,-0.18,1.34,132,31
30462,28.7,-37.1,-15.5,0.228,-0.084,-1.627,50.1,29.2,0.0,0.0237,0.0873,0.0094,1068,1087,797,650,0.08,-0.10,0.52,1.29,0.3930,2,1,0,0.25,0.00,-4.15,1.56,0.25,-0.18,1.34,132,31
30472,40.4,-0.6,-53.4,0.217,-0.118,-1.349,48.6,28.9,0.0,0.0127,0.0324,0.0337,977,971,852,788,0.08,-0.10,0.53,1.29,0.3912,2,1,0,0.25,0.00,-4.12,1.56,0.25,-0.18,1.33,132,31
30483,56.5,-7.9,62.2,0.030,0.299,-1.394,47.1,28.4,0.0,-0.0019,0.0306,-0.0746,805,1086,729,974,0.09,-0.09,0.52,1.30,0.3921,2,1,0,0.25,0.00,-4.07,1.55,0.25,-0.18,1.32,132,31
30493,52.0,-24.6,-90.7,0.220,0.153,-1.362,45.8,28.0,0.0,-0.0017,0.0558,0.0711,1063,832,973,753,0.09,-0.09,0.52,1.30,0.3955,2,1,0,0.25,0.00,-3.99,1.53,0.25,-0.18,1.32,132,31
30503,32.7,-37.7,69.0,0.152,0.255,-0.924,47.2,27.8,0.0,0.0148,0.0504,-0.0975,745,1185,667,996,0.09,-0.09,0.53,1.30,0.3917,2,1,0,0.26,0.00,-3.92,1.58,0.25,-0.18,1.34,132,31
30513,32.9,-69.9,-71.1,0.362,0.203,-0.903,45.8,27.0,0.0,0.0127,0.0821,0.0529,1054,886,957,712,0.10,-0.09,0.52,1.30,0.3940,2,1,0,0.26,0.00,-3.92,1.57,0.25,-0.18,1.36,132,31
30523,20.3,-64.5,22.0,0.202,0.146,-1.056,45.1,27.0,0.0,0.0295,0.0950,-0.0417,778,1106,799,926,0.10,-0.09,0.53,1.31,0.3939,2,1,0,0.26,0.00,-3.83,1.60,0.25,-0.18,1.35,133,31
30533,12.0,-55.7,12.2,0.361,-0.332,-1.270,43.4,26.4,0.0,0.0323,0.0740,-0.0279,898,997,871,851,0.11,-0.09,0.52,1.31,0.3949,2,1,0,0.26,0.00,-3.78,1.59,0.25,-0.18,1.35,133,31
30543,14.4,-3.7,-47.8,0.478,-0.474,-1.590,44.7,26.2,0.0,0.0352,0.0201,0.0242,775,888,1056,927,0.11,-0.09,0.53,1.31,0.3990,2,1,0,0.27,0.00,-3.74,1.60,0.25,-0.18,1.34,134,31
30553,16.0,66.0,70.4,0.067,-0.366,-1.851,43.1,26.4,0.0,0.0344,-0.0438,-0.0890,604,1069,893,1093,0.12,-0.09,0.53,1.31,0.4005,2,1,0,0.27,0.00,-3.77,1.58,0.25,-0.18,1.34,134,31
30563,32.4,80.2,-92.7,0.104,-0.299,-1.687,41.6,26.7,0.0,0.0139,-0.0506,0.0730,986,813,1074,811,0.12,-0.09,0.52,1.31,0.4040,2,1,0,0.27,0.00,-3.81,1.57,0.25,-0.18,1.36,134,31
30573,32.7,47.5,66.2,0.014,0.141,-1.401,40.4,27.2,0.0,0.0123,-0.0173,-0.0859,721,1163,719,1039,0.13,-0.09,0.53,1.32,0.3982,2,1,0,0.27,0.00,-3.74,1.58,0.25,-0.18,1.37,134,31
30583,24.8,0.0,-78.4,0.085,0.058,-1.216,38.8,26.7,0.0,0.0194,0.0343,0.0596,1078,932,958,660,0.13,-0.09,0.52,1.32,0.3964,2,1,0,0.27,0.00,-3.67,1.53,0.25,-0.18,1.37,134,31
30594,35.2,12.3,23.0,0.128,0.048,-0.867,37.9,27.0,0.0,0.0074,0.0178,-0.0426,827,1167,718,879,0.13,-0.09,0.53,1.32,0.3917,2,1,0,0.27,0.00,-3.60,1.52,0.25,-0.18,1.37,134,31
30604,28.6,38.9,19.9,-0.057,0.076,-1.044,34.7,26.4,0.0,0.0234,0.0079,-0.0294,845,1040,873,841,0.14,-0.09,0.52,1.33,0.3927,2,1,0,0.26,0.00,-3.61,1.47,0.25,-0.18,1.39,134,31
30614,53.5,27.2,-45.2,-0.014,0.138,-0.663,34.1,26.2,0.0,-0.0148,0.0021,0.0255,877,961,906,825,0.14,-0.09,0.52,1.33,0.3887,2,1,0,0.26,0.00,-3.56,1.44,0.25,-0.18,1.41,134,31
30624,38.7,9.1,75.2,0.051,0.187,-0.921,28.8,25.4,0.0,0.0043,0.0094,-0.0895,713,1083,743,1015,0.15,-0.08,0.52,1.33,0.3866,2,1,0,0.24,0.00,-3.55,1.42,0.25,-0.18,1.41,134,31
30634,29.1,19.8,-71.6,0.488,-0.194,-0.794,28.1,24.6,0.0,0.0037,0.0081,0.0520,886,746,1085,819,0.15,-0.08,0.52,1.34,0.3844,2,1,0,0.24,0.00,-3.54,1.38,0.25,-0.18,1.40,134,31
30644,22.9,42.4,57.7,0.269,0.010,-0.639,21.1,24.1,0.0,0.0025,-0.0280,-0.0782,602,924,865,1155,0.15,-0.08,0.53,1.34,0.3855,2,1,0,0.22,0.00,-3.49,1.37,0.25,-0.18,1.41,134,31
30654,37.0,55.5,-62.4,0.341,0.073,-0.930,20.5,23.3,0.0,-0.0116,-0.0289,0.0429,892,627,1153,899,0.15,-0.08,0.52,1.34,0.3889,2,1,0,0.22,0.00,-3.51,1.34,0.25,-0.18,1.41,134,31
30664,10.6,100.9,12.2,-0.015,-0.055,-0.541,8.8,23.9,0.0,0.0030,-0.0739,-0.0318,699,833,934,1096,0.15,-0.08,0.53,1.34,0.3878,2,1,0,0.18,0.00,-3.42,1.36,0.25,-0.18,1.42,134,31
30674,-1.8,67.6,16.8,-0.114,-0.279,-0.549,8.2,23.8,0.0,0.0108,-0.0355,-0.0335,867,924,848,943,0.15,-0.08,0.52,1.35,0.3904,2,1,0,0.18,0.00,-3.31,1.34,0.25,-0.18,1.42,134,31
30685,0.7,37.2,-60.4,-0.121,-0.220,-0.300,-8.6,24.1,0.0,-0.0045,-0.0098,0.0408,1021,874,862,820,0.15,-0.08,0.53,1.35,0.3897,2,1,0,0.12,0.00,-3.21,1.35,0.25,-0.18,1.42,134,31
30695,4.4,-11.2,77.5,-0.345,-0.005,-0.449,-8.6,24.3,0.0,-0.0166,0.0685,-0.0933,920,1174,524,942,0.15,-0.08,0.52,1.35,0.3874,2,1,0,0.12,0.00,-3.15,1.33,0.25,-0.18,1.42,134,31
30705,-0.8,-30.8,-85.7,-0.180,-0.090,-0.088,-25.3,24.0,0.0,-0.0196,0.0584,0.0661,1209,891,797,637,0.15,-0.08,0.52,1.36,0.3839,2,1,0,0.06,0.00,-3.27,1.33,0.25,-0.18,1.43,134,31
30715,-29.4,-46.9,69.8,-0.021,-0.116,-0.115,-24.5,23.9,0.0,0.0071,0.0835,-0.0968,839,1233,541,902,0.15,-0.08,0.52,1.36,0.3815,2,1,0,0.06,0.00,-3.32,1.32,0.25,-0.18,1.43,134,31
30725,-42.4,-35.5,-70.5,-0.042,-0.282,-0.049,-23.8,23.3,0.0,0.0235,0.0625,0.0510,1104,943,880,576,0.14,-0.08,0.51,1.36,0.3799,2,1,0,0.06,0.00,-3.36,1.27,0.25,-0.18,1.42,134,31
30735,-47.7,-38.7,-3.6,-0.205,-0.194,-0.793,-21.9,24.0,0.0,0.0337,0.0899,-0.0246,943,1187,700,687,0.14,-0.08,0.52,1.37,0.3819,2,1,0,0.06,0.00,-3.39,1.29,0.25,-0.18,1.40,134,31
30745,-59.9,-70.1,20.4,0.168,-0.257,-1.000,-36.3,23.6,0.0,0.0285,0.0975,-0.0399,1040,1175,710,622,0.13,-0.08,0.51,1.37,0.3857,2,1,0,0.01,0.00,-3.51,1.30,0.25,-0.18,1.41,134,31
30755,-54.7,-39.8,-78.4,0.293,-0.249,-0.943,-34.1,23.1,0.0,0.0311,0.0607,0.0525,1012,956,933,629,0.12,-0.08,0.51,1.37,0.3836,2,1,0,0.01,0.00,-3.48,1.31,0.25,-0.18,1.41,134,31
30765,-58.7,14.4,68.1,0.319,-0.079,-1.366,-31.9,22.6,0.0,0.0316,0.0118,-0.0875,647,1088,864,972,0.12,-0.07,0.51,1.37,0.3889,2,1,0,0.01,0.00,-3.44,1.31,0.25,-0.18,1.41,134,31
30776,-57.3,17.3,-106.0,0.308,-0.229,-1.608,-29.6,22.3,0.0,0.0352,-0.0167,0.0909,945,727,1197,732,0.11,-0.07,0.51,1.37,0.3929,2,1,0,0.01,0.00,-3.37,1.28,0.25,-0.18,1.42,134,31
30786,-52.7,24.8,59.3,0.106,-0.125,-1.340,-27.0,22.5,0.0,0.0275,-0.0116,-0.0810,640,1050,830,1062,0.10,-0.07,0.51,1.38,0.3904,2,1,0,0.01,0.00,-3.35,1.32,0.25,-0.18,1.42,134,31
30796,-40.8,15.6,-69.0,0.146,-0.086,-1.651,-24.7,22.3,0.0,0.0209,0.0103,0.0496,998,804,1055,742,0.09,-0.07,0.50,1.38,0.3926,2,1,0,0.01,0.00,-3.34,1.27,0.25,-0.18,1.42,134,31
30806,-35.7,21.8,-13.4,0.217,0.102,-1.265,-21.8,22.6,0.0,0.0115,-0.0004,-0.0241,815,984,848,951,0.08,-0.07,0.51,1.38,0.3926,2,1,0,0.01,0.00,-3.30,1.28,0.25,-0.18,1.42,134,31
30816,-38.0,-10.9,12.0,-0.036,0.417,-0.995,-19.5,22.6,0.0,0.0234,0.0373,-0.0314,917,1044,822,790,0.07,-0.07,0.50,1.38,0.3893,2,1,0,0.01,0.00,-3.29,1.27,0.25,-0.18,1.42,134,31
30826,-40.6,-52.0,-87.8,-0.163,0.178,-0.983,-16.8,23.3,0.0,0.0260,0.0966,0.0600,1140,1033,854,556,0.06,-0.08,0.50,1.38,0.3905,2,1,0,0.01,0.00,-3.20,1.28,0.25,-0.18,1.42,134,31
30836,-49.5,-88.2,90.6,-0.073,-0.080,-0.579,-14.7,23.3,0.0,0.0398,0.1157,-0.1099,884,1343,537,794,0.06,-0.08,0.50,1.39,0.3874,2,1,0,0.01,0.00,-3.13,1.32,0.25,-0.18,1.42,134,31
30846,-41.1,-93.3,-93.6,0.223,-0.254,-0.671,-12.6,22.9,0.0,0.0327,0.1161,0.0744,1133,949,921,541,0.05,-0.08,0.50,1.39,0.3854,2,1,0,0.01,0.00,-3.03,1.29,0.25,-0.18,1.42,135,31
30856,-38.7,-22.5,64.1,0.030,-0.266,-1.392,-10.6,22.9,0.0,0.0316,0.0440,-0.0844,715,1134,738,979,0.04,-0.08,0.50,1.39,0.3883,2,1,0,0.01,0.00,-2.98,1.31,0.25,-0.18,1.42,135,31
30867,-34.0,11.0,-67.4,0.016,-0.414,-1.570,-9.6,23.0,0.0,0.0295,0.0158,0.0481,1016,834,1014,717,0.04,-0.08,0.49,1.39,0.3902,2,1,0,0.01,0.00,-2.99,1.27,0.25,-0.18,1.42,135,31
30877,-28.9,32.5,-35.6,-0.104,-0.166,-1.349,-7.8,23.5,0.0,0.0185,0.0170,-0.0006,910,1006,833,834,0.03,-0.08,0.50,1.39,0.3905,2,1,0,0.01,0.00,-3.03,1.33,0.25,-0.18,1.42,135,31
30887,-26.2,-34.3,13.3,-0.324,0.233,-1.213,-6.7,23.9,0.0,0.0247,0.0622,-0.0325,1028,1206,710,653,0.03,-0.08,0.49,1.39,0.3923,2,1,0,0.01,0.00,-3.00,1.29,0.25,-0.18,1.42,136,31
30897,-29.9,-88.9,-84.5,-0.106,-0.217,-0.497,-5.4,23.8,0.0,0.0296,0.1169,0.0652,1199,1110,806,443,0.02,-0.08,0.49,1.40,0.3871,2,1,0,0.01,0.00,-2.88,1.29,0.25,-0.18,1.43,135,31
30907,-51.6,-44.2,83.2,0.347,-0.431,-0.771,-4.7,23.2,0.0,0.0546,0.0735,-0.1006,754,1298,680,815,0.02,-0.08,0.49,1.40,0.3857,2,1,0,0.01,0.00,-2.83,1.29,0.25,-0.18,1.43,135,31
30917,-37.4,29.1,-95.7,0.246,-0.610,-1.021,-4.2,22.3,0.0,0.0384,-0.0027,0.0764,954,762,1136,697,0.02,-0.07,0.49,1.40,0.3859,2,1,0,0.01,0.00,-2.86,1.27,0.25,-0.18,1.43,135,31
30927,-26.0,76.6,48.8,-0.171,-0.344,-1.442,-3.5,22.4,0.0,0.0272,-0.0487,-0.0695,645,1019,840,1041,0.02,-0.07,0.49,1.40,0.3855,2,1,0,0.01,0.00,-2.90,1.33,0.25,-0.18,1.45,135,31
30937,-15.3,68.0,-56.3,-0.088,-0.165,-1.175,-3.2,22.9,0.0,0.0172,-0.0413,0.0371,1051,878,958,675,0.02,-0.07,0.48,1.40,0.3878,2,1,0,0.01,0.00,-2.84,1.31,0.25,-0.18,1.45,135,31
30947,-7.0,33.3,-19.1,-0.084,-0.046,-0.469,-2.4,23.0,0.0,0.0102,0.0314,-0.0170,920,1063,742,810,0.01,-0.07,0.49,1.41,0.3842,2,1,0,0.01,0.00,-2.73,1.34,0.25,-0.18,1.44,135,31
30957,2.2,-28.5,32.3,-0.141,0.286,-0.119,-1.9,22.9,0.0,0.0009,0.0556,-0.0515,986,1125,684,719,0.01,-0.07,0.48,1.41,0.3814,2,1,0,0.01,0.00,-2.70,1.33,0.25,-0.18,1.43,135,31
30967,-9.9,-62.4,-80.0,0.015,-0.025,-0.049,-1.2,22.6,0.0,0.0196,0.0937,0.0601,1117,980,867,554,0.01,-0.08,0.48,1.41,0.3819,2,1,0,0.01,0.00,-2.73,1.35,0.25,-0.18,1.44,135,31
30978,-17.3,-37.5,88.8,0.131,-0.163,-0.256,-0.9,22.2,0.0,0.0185,0.0587,-0.1059,754,1128,660,989,0.01,-0.07,0.48,1.41,0.3837,2,1,0,0.01,0.00,-2.80,1.37,0.25,-0.18,1.45,135,31
30988,-21.5,13.4,-87.6,0.155,-0.324,-0.478,-0.2,22.0,0.0,0.0266,0.0128,0.0684,980,783,1087,702,0.01,-0.07,0.47,1.41,0.3864,2,1,0,0.01,0.00,-2.80,1.37,0.25,-0.18,1.45,135,31
30998,-28.0,29.6,52.2,0.032,-0.336,-1.215,0.6,22.1,0.0,0.0290,-0.0100,-0.0764,677,1070,811,1022,0.00,-0.07,0.48,1.41,0.3901,2,1,0,0.01,0.00,-2.76,1.42,0.25,-0.18,1.45,135,31
31008,-14.8,46.9,-42.9,-0.127,-0.381,-1.029,1.0,22.0,0.0,0.0211,-0.0207,0.0238,958,849,1031,767,0.00,-0.07,0.47,1.42,0.3934,2,1,0,0.01,0.00,-2.73,1.41,0.25,-0.18,1.45,135,31
31018,-5.9,75.0,-27.8,-0.189,0.033,-0.801,2.0,22.4,0.0,0.0143,-0.0393,0.0034,845,982,888,878,0.00,-0.07,0.47,1.42,0.3918,2,1,0,0.01,0.00,-2.66,1.47,0.25,-0.18,1.44,135,31
31028,-25.7,21.5,24.2,-0.020,0.223,-0.597,2.5,22.4,0.0,0.0336,0.0051,-0.0432,907,1156,772,772,0.00,-0.07,0.47,1.42,0.3937,2,1,0,0.01,0.00,-2.71,1.47,0.25,-0.18,1.44,135,31
31038,-25.1,-17.8,-97.7,0.102,0.008,-0.258,3.6,22.0,0.0,0.0422,0.0598,0.0707,1057,989,978,558,0.00,-0.07,0.47,1.42,0.3903,2,1,0,0.01,0.00,-2.74,1.49,0.25,-0.18,1.44,135,31
31048,-41.5,-14.5,75.1,0.113,-0.120,-0.643,4.3,21.5,0.0,0.0540,0.0419,-0.0920,714,1247,770,855,0.00,-0.07,0.47,1.42,0.3908,2,1,0,0.01,0.00,-2.76,1.52,0.25,-0.18,1.45,135,31
31058,-30.9,7.3,-86.6,0.308,-0.220,-0.844,5.0,20.9,0.0,0.0414,0.0179,0.0675,974,864,1118,641,0.00,-0.07,0.46,1.42,0.3923,2,1,0,0.01,0.00,-2.74,1.53,0.25,-0.18,1.46,134,31
31069,-33.1,50.7,62.2,0.367,-0.158,-1.098,5.9,20.2,-19.6,0.0479,-0.0444,-0.1066,512,1108,873,1107,-0.01,-0.07,0.47,1.42,0.3928,2,1,0,0.01,0.00,-2.67,1.58,0.25,-0.18,1.44,133,31
31079,-15.0,79.0,-56.0,0.168,-0.054,-1.460,6.1,19.7,-19.6,0.0266,-0.0550,0.0174,786,783,1192,894,-0.01,-0.06,0.45,1.42,0.4000,2,1,0,0.01,0.00,-2.56,1.56,0.25,-0.18,1.43,133,31
31089,-6.8,92.0,-18.0,0.055,-0.041,-1.208,6.7,19.7,-42.0,0.0160,-0.0657,-0.0582,653,969,916,1116,-0.01,-0.06,0.46,1.42,0.4000,2,1,0,0.01,0.00,-2.46,1.55,0.25,-0.18,1.44,133,31
31099,-3.7,46.4,24.6,0.263,0.352,-1.121,7.0,19.6,-42.0,0.0158,-0.0221,-0.0837,736,1070,823,1047,-0.01,-0.06,0.45,1.42,0.4028,2,1,0,0.01,0.00,-2.51,1.56,0.25,-0.18,1.46,133,31
31109,0.1,13.3,-112.1,0.195,0.254,-0.754,7.7,19.2,-58.8,0.0129,0.0103,0.0341,926,927,974,834,-0.01,-0.06,0.45,1.43,0.4009,2,1,0,0.01,0.00,-2.52,1.59,0.25,-0.18,1.47,133,31
31119,3.0,6.2,71.4,0.021,0.291,-0.970,7.8,19.2,-58.8,0.0153,0.0195,-0.1454,648,1261,640,1102,-0.01,-0.06,0.45,1.43,0.3996,2,1,0,0.01,0.00,-2.55,1.64,0.25,-0.18,1.47,133,31
31129,10.1,30.0,-107.8,0.136,0.046,-0.763,7.9,18.7,-76.9,0.0032,-0.0069,0.0116,918,899,957,875,-0.01,-0.06,0.44,1.43,0.3993,2,1,0,0.01,0.00,-2.56,1.64,0.25,-0.18,1.48,133,31
31139,23.4,42.7,45.9,-0.116,0.277,-1.007,8.1,18.3,-76.9,-0.0036,-0.0163,-0.1530,580,1197,636,1220,-0.01,-0.06,0.45,1.43,0.3971,2,1,0,0.01,0.00,-2.54,1.70,0.25,-0.18,1.48,133,31
31149,-1.5,51.7,-61.9,0.117,0.119,-1.217,7.5,18.0,-94.0,0.0118,-0.0245,-0.0471,822,1001,864,979,-0.01,-0.06,0.43,1.43,0.4015,2,1,0,0.01,0.00,-2.58,1.70,0.25,-0.18,1.47,133,31
31159,-14.6,57.2,-56.9,0.104,-0.071,-0.677,7.8,18.1,-94.0,0.0269,-0.0293,-0.0613,723,1115,793,1013,-0.01,-0.06,0.43,1.43,0.3986,2,1,0,0.01,0.00,-2.68,1.74,0.25,-0.18,1.46,134,31
31169,-8.6,19.5,5.4,-0.098,-0.079,-0.757,7.4,18.6,-109.9,0.0206,0.0174,-0.1314,806,1314,586,964,-0.01,-0.06,0.42,1.43,0.4020,2,1,0,0.01,0.00,-2.76,1.70,0.25,-0.18,1.44,134,31
31180,-19.0,13.5,-125.1,-0.050,-0.578,-0.480,7.3,18.6,-109.9,0.0320,0.0094,-0.0042,979,1088,797,778,-0.01,-0.06,0.42,1.43,0.3983,2,1,0,0.01,0.00,-2.79,1.69,0.25,-0.18,1.43,134,31
31190,-8.5,-45.8,59.8,-0.005,-0.308,-1.065,6.9,18.2,-129.2,0.0174,0.0745,-0.2081,684,1462,376,1132,-0.01,-0.06,0.41,1.43,0.3999,2,1,0,0.01,0.00,-2.72,1.68,0.25,-0.18,1.44,134,31
31200,-1.1,-94.9,-158.2,0.653,-0.073,-1.070,6.7,17.3,-129.2,0.0125,0.1102,0.0094,1045,1049,821,758,-0.01,-0.06,0.40,1.43,0.4024,2,1,0,0.01,0.00,-2.65,1.65,0.25,-0.18,1.46,134,31
31210,21.0,-57.0,4.7,0.290,0.308,-1.076,6.9,16.9,-147.8,-0.0085,0.0790,-0.1724,541,1301,576,1262,-0.01,-0.06,0.40,1.43,0.4032,2,1,0,0.01,0.00,-2.60,1.67,0.25,-0.18,1.47,134,31
31220,-1.8,65.4,-80.9,-0.153,-0.158,-0.844,6.7,16.9,-147.8,0.0141,-0.0440,-0.0867,685,992,963,1057,-0.01,-0.05,0.38,1.44,0.4057,2,1,0,0.01,0.00,-2.63,1.64,0.25,-0.18,1.48,134,31
31230,-5.8,93.3,-88.2,-0.201,-0.318,-1.189,6.7,17.2,-166.2,0.0181,-0.0664,-0.1019,590,1112,779,1157,-0.01,-0.05,0.38,1.44,0.3978,2,1,0,0.01,0.00,-2.63,1.62,0.25,-0.18,1.48,133,31
31240,0.1,-25.6,5.0,0.145,0.265,-1.043,6.3,17.2,-166.2,0.0118,0.0476,-0.1913,670,1341,530,1105,-0.01,-0.06,0.36,1.44,0.3988,2,1,0,0.01,0.00,-2.58,1.60,0.25,-0.18,1.48,133,31
31250,22.1,-54.5,-147.2,0.280,0.193,-1.022,6.5,16.9,-188.0,-0.0101,0.0764,-0.0609,918,1164,657,929,-0.01,-0.06,0.35,1.44,0.4018,2,1,0,0.01,0.00,-2.58,1.57,0.25,-0.18,1.49,133,31
31260,0.8,1.9,21.2,-0.116,0.000,-0.629,6.3,16.6,-188.0,0.0100,0.0172,-0.2297,473,1375,483,1302,-0.01,-0.05,0.34,1.44,0.3971,2,1,0,0.01,0.00,-2.63,1.57,0.25,-0.18,1.50,133,31
31271,-5.0,-9.3,-174.7,0.342,-0.093,-1.251,6.0,16.3,-210.4,0.0167,0.0305,-0.0561,809,1051,785,959,-0.01,-0.05,0.32,1.44,0.3933,2,1,0,0.01,0.00,-2.65,1.53,0.25,-0.18,1.49,133,31
31281,5.1,-2.5,-28.4,-0.080,0.278,-1.300,6.3,16.7,-210.4,0.0161,0.0271,-0.2101,519,1413,499,1218,-0.01,-0.05,0.31,1.44,0.3992,2,1,0,0.01,0.00,-2.67,1.53,0.25,-0.18,1.49,133,31
31291,3.9,30.9,-117.3,-0.198,-0.148,-0.214,5.6,16.7,-226.9,0.0073,-0.0096,-0.1302,706,1163,682,1053,0.00,-0.05,0.29,1.45,0.3933,2,1,0,0.01,0.00,-2.70,1.46,0.25,-0.18,1.49,133,31
31301,-21.5,12.3,-120.5,0.407,-0.121,-1.641,5.6,16.4,-226.9,0.0333,0.0077,-0.1378,580,1242,660,1101,0.00,-0.05,0.28,1.45,0.3906,2,1,0,0.01,0.00,-2.66,1.42,0.25,-0.18,1.50,133,31
31311,23.1,-2.1,-35.8,-0.014,0.378,-0.843,5.2,16.9,-235.6,-0.0098,0.0286,-0.2156,627,1370,465,1169,0.00,-0.05,0.26,1.45,0.3969,2,1,0,0.01,0.00,-2.69,1.39,0.25,-0.18,1.51,133,31
31321,-2.9,6.9,-186.3,0.204,-0.198,-0.689,5.1,16.5,-240.6,0.0137,0.0144,-0.0754,707,1115,734,995,0.00,-0.05,0.24,1.45,0.3863,2,1,0,0.01,0.00,-2.67,1.34,0.25,-0.18,1.52,133,31
31331,-15.2,-25.6,-18.6,0.169,0.080,-1.490,4.7,16.5,-240.6,0.0364,0.0353,-0.2425,416,1480,463,1228,0.00,-0.05,0.23,1.45,0.3911,2,1,0,0.01,0.00,-2.69,1.29,0.25,-0.18,1.51,133,31
31341,9.2,-16.7,-208.0,0.212,-0.349,-0.696,4.0,16.6,-247.5,0.0005,0.0384,-0.0607,865,1024,734,944,0.00,-0.05,0.20,1.46,0.3884,2,1,0,0.01,0.00,-2.74,1.19,0.25,-0.18,1.51,132,31
31351,0.5,6.0,-62.3,-0.074,-0.179,-1.537,3.9,16.3,-247.5,0.0060,-0.0001,-0.2149,451,1291,499,1323,0.00,-0.05,0.19,1.46,0.3880,2,1,0,0.01,0.00,-2.79,1.19,0.25,-0.18,1.51,132,31
31361,2.8,-12.7,-132.8,0.000,0.474,-0.633,3.4,16.6,-247.5,0.0092,0.0312,-0.1265,698,1158,670,1028,0.00,-0.05,0.16,1.46,0.3867,2,1,0,0.01,0.00,-2.82,1.10,0.25,-0.18,1.51,132,31
31372,-13.6,-27.8,-159.9,0.357,0.007,-1.351,3.0,17.3,-247.5,0.0217,0.0551,-0.1141,747,1315,524,972,0.00,-0.05,0.15,1.46,0.3872,2,1,0,0.01,0.00,-2.83,1.09,0.25,-0.18,1.51,132,31
31382,3.3,0.0,-50.0,0.083,-0.292,-1.153,2.4,16.5,-248.1,0.0047,0.0214,-0.2198,479,1316,551,1207,0.00,-0.05,0.12,1.46,0.3865,2,1,0,0.01,0.00,-2.84,1.03,0.25,-0.18,1.52,132,31
31392,17.4,-0.6,-227.5,0.214,-0.073,-0.790,1.7,16.2,-248.1,-0.0099,0.0219,-0.0425,819,936,746,1017,0.00,-0.05,0.09,1.46,0.3819,2,1,0,0.01,0.00,-2.82,0.94,0.25,-0.18,1.53,132,31
31402,10.9,18.9,-54.1,-0.169,0.218,-1.563,1.5,16.8,-248.1,-0.0027,0.0021,-0.2155,489,1306,495,1286,0.00,-0.05,0.08,1.47,0.3895,2,1,0,0.01,0.00,-2.83,0.91,0.25,-0.18,1.52,132,31
31412,21.8,-24.1,-192.4,0.232,0.139,-0.821,0.9,16.3,-248.1,-0.0153,0.0456,-0.0779,780,1059,754,922,0.00,-0.05,0.05,1.47,0.3816,2,1,0,0.01,0.00,-2.86,0.86,0.25,-0.18,1.50,132,31
31422,-30.1,-34.8,-99.0,0.332,-0.096,-0.909,0.2,16.2,-248.1,0.0332,0.0526,-0.1753,555,1344,493,1145,0.00,-0.05,0.03,1.47,0.3844,2,1,0,0.01,0.00,-2.76,0.73,0.25,-0.18,1.49,133,31
31432,19.3,-3.3,-145.9,-0.091,0.165,-1.098,-0.3,16.5,-248.1,-0.0140,0.0249,-0.1245,802,1150,588,1002,0.01,-0.05,0.00,1.47,0.3851,2,1,0,0.01,0.00,-2.85,0.65,0.25,-0.18,1.49,133,31
31442,33.6,22.8,-176.1,-0.354,-0.130,-1.056,-0.6,16.2,-248.1,-0.0286,0.0139,-0.1085,760,1110,574,1117,0.01,-0.05,-0.01,1.47,0.3876,2,1,0,0.01,0.00,-2.89,0.64,0.25,-0.18,1.51,133,31
31452,-27.4,-8.0,-91.7,0.457,0.076,-1.310,-1.3,15.3,-248.1,0.0319,0.0286,-0.1790,536,1265,621,1139,0.01,-0.05,-0.03,1.47,0.3875,2,1,0,0.01,0.00,-2.87,0.56,0.25,-0.18,1.53,134,31
31463,15.8,-33.3,-231.4,0.158,-0.102,-1.186,-2.0,15.3,-248.4,-0.0121,0.0515,-0.0391,917,1031,707,892,0.01,-0.05,-0.06,1.48,0.3858,2,1,0,0.01,0.00,-2.83,0.47,0.25,-0.18,1.54,134,31
31473,8.9,-4.3,-54.7,-0.149,-0.038,-1.239,-2.7,14.7,-248.4,-0.0060,0.0243,-0.2165,523,1270,415,1336,0.01,-0.05,-0.08,1.48,0.3854,2,1,0,0.01,0.00,-2.81,0.42,0.25,-0.18,1.54,135,31
31483,25.1,-35.4,-214.0,0.417,0.388,-1.037,-3.2,14.1,-248.4,-0.0235,0.0502,-0.0563,868,982,671,957,0.02,-0.05,-0.11,1.48,0.3765,2,1,0,0.01,0.00,-2.82,0.36,0.25,-0.18,1.53,135,31
31493,3.1,-28.3,-120.4,-0.052,0.223,-1.200,-3.0,14.0,-248.4,0.0055,0.0468,-0.1540,576,1316,551,1058,0.02,-0.04,-0.13,1.48,0.3797,2,1,0,0.01,0.00,-2.78,0.31,0.25,-0.18,1.53,135,31
31503,-8.4,14.3,-153.4,0.049,-0.227,-1.157,-4.2,13.3,-248.4,0.0077,0.0009,-0.1071,699,1058,707,1054,0.02,-0.04,-0.17,1.48,0.3818,2,1,0,0.01,0.00,-2.79,0.22,0.25,-0.18,1.53,134,31
31513,10.3,18.2,-191.0,-0.107,-0.146,-1.415,-4.5,13.1,-248.4,-0.0082,0.0017,-0.0822,733,1063,690,1042,0.02,-0.04,-0.19,1.49,0.3831,2,1,0,0.01,0.00,-2.80,0.17,0.25,-0.18,1.52,135,31
31523,5.6,-39.2,-86.6,0.373,0.305,-0.840,-4.8,12.9,-242.5,-0.0048,0.0575,-0.1791,640,1263,490,1111,0.02,-0.04,-0.21,1.49,0.3801,2,1,0,0.01,0.00,-2.76,0.10,0.25,-0.18,1.51,136,31
31533,3.8,-39.7,-245.1,0.018,0.048,-0.895,-5.0,13.0,-242.5,-0.0056,0.0621,-0.0216,984,1039,670,821,0.02,-0.04,-0.24,1.49,0.3814,2,1,0,0.01,0.00,-2.74,0.04,0.25,-0.18,1.53,137,31
31543,-19.6,4.8,-75.5,-0.197,-0.230,-1.241,-5.0,12.9,-195.5,0.0203,0.0133,-0.1434,621,1216,599,1082,0.02,-0.04,-0.26,1.49,0.3819,2,1,0,0.01,0.00,-2.73,-0.01,0.25,-0.18,1.56,138,31
31553,2.6,-42.5,-214.2,-0.028,-0.060,-0.635,-5.5,12.7,-195.5,-0.0116,0.0592,0.0036,1021,907,791,785,0.02,-0.04,-0.30,1.49,0.3801,2,1,0,0.01,0.00,-2.72,-0.08,0.25,-0.18,1.55,139,31
31564,-24.4,-20.3,-144.8,0.435,-0.152,-0.629,-5.2,12.7,-128.9,0.0248,0.0384,-0.0075,807,1035,778,863,0.02,-0.04,-0.32,1.49,0.3773,2,1,0,0.01,0.00,-2.71,-0.13,0.25,-0.18,1.54,139,31
31574,11.6,-3.3,-137.9,-0.143,-0.007,-0.913,-5.8,12.9,-128.9,-0.0118,0.0215,-0.0144,1045,866,811,796,0.03,-0.04,-0.35,1.50,0.3820,2,1,0,0.01,0.00,-2.72,-0.22,0.25,-0.18,1.52,139,31
31584,7.6,13.9,-199.5,0.177,-0.091,-0.784,-5.3,12.9,-72.5,-0.0125,0.0066,0.0945,1097,698,995,723,0.02,-0.04,-0.37,1.50,0.3813,2,1,0,0.01,0.00,-2.70,-0.24,0.25,-0.18,1.50,139,31
31594,6.9,-20.0,-23.1,0.201,0.308,-1.411,-5.4,12.1,-72.5,-0.0067,0.0376,-0.0728,761,982,789,1044,0.02,-0.04,-0.39,1.50,0.3895,2,1,0,0.01,0.00,-2.75,-0.28,0.25,-0.18,1.50,140,31
31604,-17.5,18.0,-228.6,0.121,-0.260,-0.376,-5.3,11.9,-27.1,0.0175,-0.0168,0.1782,1146,541,1305,568,0.02,-0.04,-0.42,1.50,0.3875,2,1,0,0.01,0.00,-2.77,-0.36,0.25,-0.18,1.50,140,31
31614,-28.9,36.2,-25.0,-0.119,-0.193,-0.249,-5.4,12.2,-27.1,0.0292,-0.0187,-0.0253,757,928,898,935,0.02,-0.04,-0.43,1.50,0.3819,2,1,0,0.01,0.00,-2.77,-0.37,0.25,-0.18,1.51,141,31
31624,-16.8,2.7,-187.0,0.232,-0.234,-0.878,-5.3,12.1,0.0,0.0171,0.0197,0.1755,1261,625,1221,487,0.02,-0.04,-0.46,1.50,0.3920,2,1,0,0.01,0.00,-2.78,-0.41,0.25,-0.18,1.52,141,31
31634,-20.6,1.8,-83.5,0.076,-0.026,-0.735,-4.9,11.8,0.0,0.0130,0.0182,0.0505,1000,859,981,740,0.02,-0.04,-0.47,1.50,0.3901,2,1,0,0.01,0.00,-2.75,-0.41,0.25,-0.18,1.53,141,31
31644,-11.0,3.5,-88.6,0.005,-0.046,-1.011,-4.9,11.2,0.0,0.0117,0.0130,0.0656,1051,798,1069,670,0.02,-0.03,-0.50,1.50,0.3912,2,1,0,0.01,0.00,-2.73,-0.45,0.25,-0.18,1.53,141,31
31654,-13.9,11.2,-159.1,-0.001,0.244,-0.652,-4.5,10.9,0.0,0.0270,0.0098,0.1237,1102,737,1167,597,0.02,-0.03,-0.51,1.50,0.3931,2,1,0,0.01,0.00,-2.70,-0.47,0.25,-0.18,1.53,141,31
31665,-4.0,-19.0,-11.2,0.244,0.348,-1.072,-4.8,10.3,0.0,0.0047,0.0350,-0.0114,915,990,868,826,0.02,-0.03,-0.52,1.50,0.3925,2,1,0,0.01,0.00,-2.68,-0.53,0.25,-0.18,1.52,141,31
31675,-4.5,-43.9,-184.4,0.556,-0.047,-0.825,-5.1,9.3,0.0,0.0094,0.0283,0.1614,1192,630,1209,559,0.02,-0.03,-0.54,1.50,0.3914,2,1,0,0.01,0.00,-2.74,-0.57,0.25,-0.18,1.53,141,31
31685,-14.0,-9.8,1.4,0.170,-0.265,-0.816,-5.4,9.1,0.0,0.0142,0.0245,-0.0240,822,950,850,935,0.02,-0.03,-0.55,1.50,0.3871,2,1,0,0.01,0.00,-2.70,-0.59,0.25,-0.18,1.54,141,31
31695,-11.8,36.5,-146.5,0.000,-0.280,-0.928,-5.9,8.8,0.0,0.0114,-0.0253,0.1282,1095,582,1225,664,0.03,-0.03,-0.57,1.50,0.3882,2,1,0,0.01,0.00,-2.62,-0.62,0.25,-0.18,1.52,141,31
31705,-9.5,49.8,-41.4,-0.227,-0.285,-0.585,15.5,9.8,0.0,0.0289,-0.0329,0.0134,804,882,997,894,0.03,-0.02,-0.57,1.50,0.3898,2,1,0,0.08,0.00,-2.59,-0.59,0.25,-0.18,1.51,141,31
31715,15.5,8.7,-44.8,0.202,-0.074,-0.437,14.8,9.6,0.0,0.0049,0.0063,0.0225,981,816,955,844,0.03,-0.03,-0.60,1.50,0.3924,2,1,0,0.08,0.00,-2.57,-0.60,0.25,-0.18,1.52,141,31
31725,21.2,26.2,-148.1,0.356,-0.145,-1.143,25.6,9.2,0.0,0.0076,-0.0154,0.1227,1066,645,1163,712,0.03,-0.02,-0.60,1.50,0.3909,2,1,0,0.12,0.00,-2.56,-0.63,0.25,-0.18,1.53,142,31
31735,12.9,45.5,19.8,-0.122,0.350,-1.060,24.9,9.6,0.0,0.0176,-0.0305,-0.0420,777,970,899,935,0.03,-0.02,-0.61,1.50,0.3903,2,1,0,0.12,0.00,-2.52,-0.65,0.25,-0.18,1.53,143,31
31745,18.4,5.8,-157.9,0.030,0.034,-0.656,37.9,10.0,0.0,0.0257,0.0199,0.1360,1226,799,1092,480,0.04,-0.03,-0.63,1.50,0.3924,2,1,0,0.17,0.00,-2.54,-0.70,0.25,-0.18,1.53,143,31
31756,25.1,-22.2,33.5,0.175,-0.005,-0.672,36.6,9.7,0.0,0.0171,0.0375,-0.0555,828,1131,720,914,0.04,-0.03,-0.63,1.50,0.3918,2,1,0,0.17,0.00,-2.58,-0.70,0.25,-0.18,1.53,143,31
31766,48.8,-5.7,-126.8,0.144,-0.044,-1.329,50.6,9.2,0.0,0.0010,0.0105,0.1113,1125,693,1107,674,0.05,-0.03,-0.65,1.50,0.3925,2,1,0,0.22,0.00,-2.58,-0.76,0.25,-0.18,1.53,143,31
31776,61.6,20.5,-60.9,-0.100,0.004,-1.202,48.7,9.7,0.0,-0.0072,-0.0035,0.0338,973,853,877,898,0.05,-0.03,-0.65,1.50,0.3928,2,1,0,0.22,0.00,-2.58,-0.74,0.25,-0.18,1.54,142,31
31786,43.2,3.9,-13.8,-0.059,0.061,-0.668,61.9,9.6,0.0,0.0228,0.0163,-0.0025,980,956,889,759,0.06,-0.03,-0.67,1.50,0.3907,2,1,0,0.28,0.00,-2.61,-0.78,0.25,-0.18,1.55,142,31
31796,45.6,-7.7,-130.8,0.102,-0.331,-0.513,59.4,9.6,0.0,0.0195,0.0230,0.1089,1116,794,1030,635,0.07,-0.03,-0.67,1.50,0.3896,2,1,0,0.28,0.00,-2.62,-0.79,0.25,-0.18,1.54,142,31
31806,63.8,-13.0,48.4,0.084,0.129,-1.083,74.5,9.4,0.0,0.0121,0.0231,-0.0691,791,1080,756,974,0.08,-0.03,-0.68,1.50,0.3929,2,1,0,0.34,0.00,-2.59,-0.79,0.25,-0.18,1.53,142,31
31816,68.0,13.4,-166.0,0.429,-0.014,-1.314,71.4,8.9,0.0,0.0071,-0.0034,0.1454,1148,606,1201,663,0.09,-0.02,-0.70,1.50,0.3951,2,1,0,0.34,0.00,-2.62,-0.84,0.25,-0.18,1.51,142,31
31826,69.4,7.0,27.7,0.049,0.311,-0.917,84.5,9.4,0.0,0.0205,0.0062,-0.0516,755,1059,823,969,0.10,-0.03,-0.69,1.50,0.3936,2,1,0,0.40,0.00,-2.64,-0.82,0.25,-0.18,1.50,142,31
31836,69.8,-35.8,-83.9,0.131,0.163,-0.764,80.6,9.1,0.0,0.0191,0.0526,0.0731,1140,867,1030,597,0.12,-0.02,-0.71,1.50,0.3973,2,1,0,0.40,0.00,-2.63,-0.86,0.25,-0.18,1.51,142,31
31846,61.1,-21.2,-46.5,0.249,-0.099,-0.668,87.8,9.2,0.0,0.0325,0.0363,0.0249,928,1031,918,777,0.13,-0.02,-0.71,1.50,0.3999,2,1,0,0.44,0.00,-2.61,-0.85,0.25,-0.18,1.51,142,31
31857,79.8,12.8,9.4,-0.039,-0.061,-0.891,83.2,8.6,0.0,0.0108,0.0038,-0.0210,885,980,898,906,0.15,-0.02,-0.72,1.50,0.4018,2,1,0,0.44,0.00,-2.60,-0.89,0.25,-0.18,1.53,142,31
31867,99.8,24.6,-122.5,0.186,-0.068,-1.064,91.1,7.6,0.0,-0.0030,-0.0114,0.1010,1051,732,1147,772,0.16,-0.02,-0.73,1.50,0.4063,2,1,0,0.48,0.00,-2.66,-0.94,0.25,-0.18,1.54,142,31
31877,104.6,-0.5,51.4,-0.047,0.143,-1.133,86.1,7.4,0.0,-0.0136,0.0050,-0.0707,817,1031,766,1073,0.18,-0.02,-0.73,1.50,0.4043,2,1,0,0.48,0.00,-2.68,-0.94,0.25,-0.18,1.52,141,31
31887,106.4,-40.6,-132.1,-0.002,-0.027,-1.333,95.3,7.0,0.0,-0.0053,0.0535,0.1106,1252,768,1032,663,0.20,-0.02,-0.74,1.50,0.4080,2,1,0,0.53,0.00,-2.68,-0.96,0.25,-0.18,1.50,141,31
31897,95.5,-31.9,43.2,-0.174,0.059,-1.118,90.9,7.5,0.0,0.0044,0.0569,-0.0703,891,1189,688,946,0.21,-0.02,-0.74,1.50,0.4078,2,1,0,0.53,0.00,-2.64,-0.93,0.25,-0.18,1.51,141,31
31907,89.7,-22.4,-62.8,0.159,-0.054,-0.753,86.0,6.5,0.0,0.0019,0.0348,0.0414,1171,895,965,665,0.23,-0.02,-0.75,1.49,0.4054,2,1,0,0.53,0.00,-2.59,-1.00,0.25,-0.18,1.55,141,31
31917,101.8,16.0,-39.8,-0.017,-0.086,-0.787,81.2,6.8,0.0,-0.0178,0.0040,0.0073,981,906,871,941,0.25,-0.02,-0.75,1.49,0.4058,2,1,0,0.53,0.00,-2.55,-1.00,0.25,-0.18,1.58,141,31
31927,109.7,16.7,51.3,0.066,0.064,-0.685,76.1,5.7,0.0,-0.0286,-0.0047,-0.0681,900,967,781,1060,0.26,-0.02,-0.76,1.49,0.4072,2,1,0,0.53,0.00,-2.51,-1.03,0.25,-0.18,1.58,141,31
31937,102.2,24.5,-112.7,0.196,-0.007,-0.878,71.6,5.6,0.0,-0.0249,-0.0131,0.0914,1090,722,1071,825,0.28,-0.01,-0.76,1.49,0.4071,2,1,0,0.53,0.00,-2.50,-1.04,0.25,-0.18,1.59,141,31
31948,100.7,27.3,82.8,0.112,0.069,-1.584,67.0,5.3,0.0,-0.0262,-0.0176,-0.1046,745,1064,726,1204,0.30,-0.01,-0.76,1.49,0.4112,2,1,0,0.53,0.00,-2.45,-1.05,0.25,-0.18,1.57,141,31
31958,110.5,15.2,-116.1,0.099,0.008,-1.114,62.5,4.4,0.0,-0.0424,-0.0049,0.0949,1145,635,1103,860,0.31,-0.01,-0.78,1.49,0.4118,2,1,0,0.53,0.00,-2.43,-1.15,0.25,-0.18,1.56,140,31
31968,86.3,0.3,39.4,0.140,-0.026,-1.151,58.8,5.1,0.0,-0.0225,-0.0130,-0.0719,778,988,790,1175,0.32,-0.01,-0.77,1.49,0.4102,2,1,0,0.53,0.00,-2.42,-1.16,0.25,-0.18,1.57,140,31
31978,81.0,-17.5,-47.8,0.138,0.144,-1.601,55.0,3.8,0.0,-0.0205,0.0273,0.0267,1079,801,957,923,0.34,-0.01,-0.79,1.49,0.4140,2,1,0,0.53,0.00,-2.42,-1.21,0.25,-0.18,1.58,140,31
31988,89.8,-23.2,-55.2,0.235,0.189,-1.506,51.9,4.8,0.0,-0.0340,0.0194,0.0211,1040,875,888,962,0.35,-0.01,-0.78,1.49,0.4146,2,1,0,0.53,0.00,-2.42,-1.20,0.25,-0.18,1.58,140,31
31998,57.9,-30.6,52.0,0.347,0.174,-1.254,48.8,4.1,0.0,-0.0050,0.0341,-0.0638,901,1030,796,1003,0.36,-0.01,-0.79,1.49,0.4101,2,1,0,0.53,0.00,-2.43,-1.24,0.25,-0.18,1.58,140,31
32008,54.8,-36.1,-119.2,0.333,-0.161,-1.435,46.3,4.5,0.0,-0.0142,0.0409,0.0913,1210,805,1001,754,0.37,-0.01,-0.80,1.49,0.4153,2,1,0,0.53,0.00,-2.43,-1.27,0.25,-0.18,1.59,140,31
32018,33.9,-38.2,83.5,-0.004,0.108,-1.327,44.2,4.9,0.0,0.0153,0.0493,-0.1048,810,1235,680,1040,0.37,-0.01,-0.80,1.48,0.4146,2,1,0,0.53,0.00,-2.45,-1.29,0.25,-0.18,1.60,140,31
32028,35.2,-62.0,-117.0,0.285,-0.147,-0.754,42.1,4.2,0.0,0.0124,0.0723,0.0960,1237,867,1038,611,0.38,-0.01,-0.81,1.48,0.4130,2,1,0,0.53,0.00,-2.44,-1.34,0.25,-0.18,1.63,140,31
32039,38.7,-39.3,37.0,-0.141,0.040,-0.835,40.2,5.4,0.0,0.0067,0.0494,-0.0613,855,1158,744,984,0.39,-0.02,-0.80,1.48,0.4114,2,1,0,0.53,0.00,-2.46,-1.35,0.25,-0.18,1.65,139,31
32049,40.5,-35.9,-12.2,-0.072,0.091,-0.924,38.4,4.3,0.0,0.0033,0.0462,-0.0087,1071,1041,867,781,0.40,-0.01,-0.81,1.48,0.4140,2,1,0,0.53,0.00,-2.45,-1.40,0.25,-0.18,1.64,138,31
32059,27.3,-17.6,-55.4,-0.022,-0.125,-0.867,37.1,5.7,0.0,0.0139,0.0528,0.0200,1060,1067,865,775,0.40,-0.01,-0.81,1.48,0.4148,2,1,0,0.53,0.00,-2.46,-1.42,0.25,-0.18,1.62,138,31
32069,38.1,-2.0,81.3,0.016,0.170,-1.098,35.4,4.7,0.0,0.0026,0.0126,-0.1023,827,1217,718,1027,0.41,-0.01,-0.82,1.48,0.4166,2,1,0,0.53,0.00,-2.47,-1.46,0.25,-0.18,1.64,138,31
32079,28.9,9.6,-117.2,0.072,0.023,-0.616,34.3,4.8,0.0,0.0133,0.0125,0.0917,1128,845,1095,717,0.41,-0.01,-0.82,1.48,0.4174,2,1,0,0.53,0.00,-2.47,-1.50,0.25,-0.18,1.67,138,31
32089,50.4,-6.6,89.7,0.039,0.334,-0.762,33.0,5.2,0.0,-0.0120,0.0178,-0.1107,769,1195,670,1143,0.41,-0.01,-0.82,1.48,0.4164,2,1,0,0.53,0.00,-2.49,-1.52,0.25,-0.18,1.67,138,31
32099,65.0,1.8,-91.9,0.199,0.273,-1.201,31.5,4.1,0.0,-0.0249,0.0070,0.0761,1157,782,1051,823,0.42,-0.01,-0.83,1.48,0.4210,2,1,0,0.53,0.00,-2.48,-1.58,0.25,-0.18,1.67,138,31
32109,48.3,4.4,25.5,0.221,0.290,-0.998,30.3,5.5,0.0,-0.0115,0.0035,-0.0642,836,1082,785,1106,0.42,-0.01,-0.82,1.48,0.4204,2,1,0,0.53,0.00,-2.50,-1.59,0.25,-0.18,1.68,138,31
32119,40.0,-2.7,-21.7,0.080,0.237,-1.235,29.0,4.0,0.0,-0.0055,0.0128,0.0008,995,903,961,943,0.43,-0.01,-0.84,1.48,0.4194,2,1,0,0.53,0.00,-2.50,-1.65,0.25,-0.18,1.70,138,31
32129,43.3,-6.7,-80.5,0.128,-0.037,-1.325,28.0,5.1,0.0,-0.0098,0.0133,0.0559,1038,866,1013,894,0.43,-0.01,-0.83,1.48,0.4208,2,1,0,0.53,0.00,-2.51,-1.67,0.25,-0.18,1.69,138,31
32140,31.8,-14.3,70.4,-0.033,-0.080,-1.225,26.4,4.7,0.0,-0.0025,0.0236,-0.0877,855,1134,752,1082,0.44,-0.01,-0.84,1.48,0.4222,2,1,0,0.53,0.00,-2.52,-1.71,0.25,-0.18,1.69,138,31
32150,31.0,-13.1,-118.6,0.165,-0.299,-1.594,25.4,4.9,0.0,-0.0001,0.0241,0.0978,1175,795,1089,778,0.44,-0.01,-0.84,1.48,0.4240,2,1,0,0.53,0.00,-2.52,-1.75,0.25,-0.18,1.69,138,31
32160,8.1,-19.5,85.7,-0.097,-0.124,-1.450,24.5,5.6,0.0,0.0202,0.0263,-0.1091,758,1240,742,1095,0.44,-0.02,-0.84,1.48,0.4239,2,1,0,0.53,0.00,-2.54,-1.77,0.25,-0.18,1.70,138,31
32170,20.3,-59.6,-92.1,0.038,-0.022,-1.271,21.5,4.5,0.0,0.0065,0.0705,0.0713,1227,925,1003,677,0.45,-0.01,-0.85,1.48,0.4234,2,1,0,0.52,0.00,-2.53,-1.83,0.25,-0.18,1.71,138,31
32180,18.5,-33.2,12.5,0.060,-0.080,-1.124,20.9,5.9,0.0,0.0071,0.0457,-0.0452,928,1150,793,968,0.45,-0.02,-0.84,1.48,0.4243,2,1,0,0.52,0.00,-2.55,-1.84,0.25,-0.18,1.71,138,31
32190,19.0,-23.1,2.5,0.212,0.078,-0.993,12.5,4.6,0.0,0.0019,0.0354,-0.0179,1005,1060,889,888,0.45,-0.01,-0.85,1.47,0.4250,2,1,0,0.50,0.00,-2.55,-1.89,0.25,-0.18,1.71,138,31
32200,15.2,-23.9,-74.3,-0.084,-0.073,-0.804,12.2,5.8,0.0,0.0024,0.0359,0.0535,1115,978,963,796,0.45,-0.01,-0.85,1.47,0.4262,2,1,0,0.50,0.00,-2.57,-1.92,0.25,-0.18,1.71,138,31
32210,20.9,-15.6,84.6,-0.263,-0.007,-1.026,5.2,5.4,0.0,-0.0062,0.0453,-0.0961,880,1220,685,1072,0.45,-0.01,-0.85,1.47,0.4269,2,1,0,0.47,0.00,-2.57,-1.95,0.25,-0.18,1.71,138,31
32220,15.3,16.4,-102.2,-0.149,-0.409,-0.671,5.2,5.5,0.0,-0.0047,-0.0049,0.0814,1194,857,1043,766,0.45,-0.01,-0.85,1.47,0.4271,2,1,0,0.47,0.00,-2.57,-1.99,0.25,-0.18,1.71,139,31
32230,16.0,32.9,93.1,-0.072,-0.132,-0.988,5.3,7.7,0.0,-0.0092,-0.0082,-0.1203,740,1160,737,1226,0.45,-0.01,-0.85,1.47,0.4276,2,1,0,0.47,0.00,-2.59,-2.00,0.25,-0.18,1.72,139,31
32241,16.4,22.7,-72.3,0.032,-0.090,-1.230,5.6,6.1,0.0,-0.0055,-0.0104,0.0516,1082,819,1109,859,0.45,-0.01,-0.86,1.47,0.4283,2,1,0,0.47,0.00,-2.59,-2.05,0.25,-0.18,1.72,139,31
32251,-1.9,6.7,19.1,0.218,-0.074,-1.103,6.3,7.9,0.0,0.0180,-0.0031,-0.0532,825,1095,906,1038,0.45,-0.01,-0.85,1.46,0.4277,2,1,0,0.47,0.00,-2.61,-2.06,0.25,-0.18,1.72,139,31
32261,-19.7,-7.8,16.7,0.281,0.099,-1.099,6.6,6.2,0.0,0.0318,0.0204,-0.0374,876,1038,967,965,0.45,-0.01,-0.86,1.46,0.4254,2,1,0,0.47,0.00,-2.61,-2.12,0.25,-0.18,1.72,139,31
32271,2.6,-21.6,-87.7,0.229,0.128,-1.269,5.6,7.3,0.0,0.0158,0.0239,0.0578,1095,936,1064,785,0.45,-0.01,-0.86,1.46,0.4299,2,1,0,0.46,0.00,-2.63,-2.14,0.25,-0.18,1.72,139,31
32281,-1.3,-25.3,102.6,-0.042,0.229,-1.383,6.1,7.2,0.0,0.0144,0.0391,-0.1208,788,1293,715,1080,0.44,-0.01,-0.86,1.46,0.4294,2,1,0,0.46,0.00,-2.64,-2.18,0.25,-0.18,1.74,139,30
32291,0.2,-18.1,-98.6,0.226,-0.058,-1.171,1.1,7.0,0.0,0.0062,0.0314,0.0779,1166,884,1050,770,0.44,-0.01,-0.86,1.46,0.4285,2,1,0,0.44,0.00,-2.63,-2.22,0.25,-0.18,1.76,140,30
32301,-3.6,-13.0,90.4,-0.135,0.152,-1.073,2.1,7.9,0.0,0.0095,0.0299,-0.1140,793,1268,692,1116,0.44,-0.02,-0.86,1.46,0.4285,2,1,0,0.44,0.00,-2.66,-2.24,0.25,-0.18,1.73,140,30
32311,1.1,-21.2,-62.2,-0.006,0.070,-1.104,-10.1,6.6,0.0,-0.0059,0.0342,0.0415,1193,947,941,788,0.43,-0.01,-0.87,1.46,0.4283,2,1,0,0.40,0.00,-2.65,-2.29,0.25,-0.18,1.70,140,30
32321,-20.5,6.3,-4.9,0.291,-0.083,-0.988,-8.9,7.9,0.0,0.0098,0.0171,-0.0323,904,1064,876,962,0.43,-0.01,-0.86,1.46,0.4200,2,1,0,0.40,0.00,-2.68,-2.29,0.25,-0.18,1.70,140,30
32331,-11.5,9.5,29.3,0.136,-0.023,-0.881,-7.8,6.3,0.0,0.0113,0.0044,-0.0399,870,1036,891,950,0.43,-0.01,-0.86,1.46,0.4122,2,1,0,0.40,0.00,-2.68,-2.34,0.25,-0.18,1.70,140,30
32342,-19.3,23.0,-79.5,-0.058,-0.340,-1.019,-22.7,9.9,0.0,0.0020,-0.0069,0.0587,1004,837,1045,835,0.42,-0.01,-0.86,1.47,0.4088,2,1,0,0.34,0.01,-2.69,-2.36,0.25,-0.18,1.69,140,30
32352,-23.3,25.3,101.1,-0.143,-0.143,-1.021,-21.4,9.4,0.0,0.0083,-0.0150,-0.1175,659,1134,747,1159,0.42,-0.01,-0.86,1.47,0.4059,2,1,0,0.34,0.01,-2.71,-2.38,0.25,-0.18,1.68,140,30
32362,-5.1,7.0,-108.6,0.044,-0.052,-1.035,-23.4,10.4,0.0,-0.0130,0.0096,0.0879,1075,744,1099,769,0.41,-0.01,-0.86,1.47,0.4043,2,1,0,0.33,0.02,-2.71,-2.41,0.25,-0.18,1.69,139,30
32372,-15.9,-14.0,79.2,-0.095,0.223,-1.188,-21.7,11.4,0.0,0.0070,0.0318,-0.1106,755,1200,662,1053,0.41,-0.01,-0.86,1.48,0.4020,2,1,0,0.33,0.02,-2.74,-2.42,0.25,-0.18,1.70,139,30
32382,-29.1,-19.3,-67.3,0.095,0.066,-1.044,-28.0,10.1,0.0,0.0064,0.0359,0.0466,1096,870,937,738,0.40,-0.01,-0.87,1.48,0.3983,2,1,0,0.30,0.02,-2.72,-2.46,0.25,-0.18,1.69,139,30
32392,-24.2,3.3,-33.1,0.099,0.099,-1.133,-25.6,11.4,0.0,0.0065,0.0238,-0.0039,922,1016,841,869,0.39,-0.01,-0.86,1.48,0.3991,2,1,0,0.30,0.02,-2.75,-2.47,0.25,-0.18,1.68,139,30
32402,-23.9,-12.4,38.6,-0.023,0.179,-1.310,-41.0,10.1,0.0,-0.0117,0.0290,-0.0592,917,1052,759,920,0.38,-0.01,-0.87,1.49,0.3990,2,1,0,0.24,0.02,-2.74,-2.50,0.25,-0.18,1.68,139,30
32412,-16.0,24.1,-87.5,0.090,-0.097,-1.011,-38.8,10.5,0.0,-0.0171,-0.0006,0.0613,1056,785,981,817,0.38,-0.01,-0.86,1.49,0.3979,2,1,0,0.24,0.02,-2.76,-2.52,0.25,-0.18,1.66,138,30
32422,-25.7,25.8,95.3,-0.181,0.114,-0.960,-64.2,8.6,0.0,-0.0340,-0.0088,-0.1151,752,1051,636,1192,0.37,-0.01,-0.86,1.49,0.3968,2,1,0,0.14,0.01,-2.77,-2.53,0.25,-0.18,1.64,138,30
32432,-28.6,18.5,-110.2,0.163,-0.067,-1.245,-61.7,7.7,0.0,-0.0278,-0.0043,0.0896,1114,664,1060,823,0.36,0.00,-0.87,1.49,0.4010,2,1,0,0.14,0.01,-2.77,-2.56,0.25,-0.18,1.65,138,30
32443,-44.3,21.5,71.5,0.026,-0.047,-1.020,-86.6,4.0,0.0,-0.0410,-0.0143,-0.0999,773,996,672,1205,0.35,-0.01,-0.86,1.49,0.3989,2,1,0,0.05,0.00,-2.79,-2.55,0.25,-0.18,1.65,138,30
32453,-43.2,13.2,-43.6,0.111,-0.105,-1.312,-83.7,2.6,0.0,-0.0352,-0.0042,0.0230,1051,737,915,937,0.34,0.00,-0.87,1.50,0.3980,2,1,0,0.05,0.00,0.00,-0.01,0.25,-0.18,1.66,138,31
32463,-54.9,13.3,-19.2,0.308,-0.078,-1.288,-91.8,2.6,0.0,-0.0340,-0.0145,-0.0168,912,847,839,1031,0.32,0.00,-0.86,1.50,0.3967,2,1,0,0.01,0.00,-2.40,-0.36,0.25,-0.18,1.66,137,31
32473,-100.4,-2.9,46.7,0.151,-0.212,-1.150,-87.8,1.4,0.0,0.0179,0.0108,-0.0673,774,983,827,1008,0.31,0.00,-0.87,1.50,0.3917,2,1,0,0.01,0.00,-2.35,-0.47,0.25,-0.18,1.63,137,31
32483,-93.0,-12.6,-101.0,0.242,-0.204,-1.017,-82.9,1.7,0.0,0.0153,0.0209,0.0804,996,780,1075,751,0.29,0.00,-0.87,1.50,0.3930,2,1,0,0.01,0.00,-2.04,-0.79,0.25,-0.18,1.61,137,31
32493,-107.7,-39.7,97.4,0.016,0.130,-1.321,-77.9,1.8,0.0,0.0378,0.0435,-0.1171,665,1256,700,978,0.28,0.00,-0.86,1.50,0.3928,2,1,0,0.01,0.00,-1.61,-0.71,0.25,-0.18,1.60,137,31
32503,-92.8,-51.5,-91.6,0.037,-0.010,-1.049,-72.6,1.7,0.0,0.0254,0.0599,0.0710,1079,916,1017,598,0.26,0.00,-0.87,1.51,0.3940,2,1,0,0.01,0.00,-1.16,-0.54,0.25,-0.18,1.59,136,31
32513,-94.3,-39.4,65.5,-0.203,0.136,-0.990,-67.1,2.6,0.0,0.0404,0.0539,-0.0958,745,1260,694,903,0.24,-0.01,-0.86,1.51,0.3930,2,1,0,0.01,0.00,-0.91,0.01,0.25,-0.18,1.59,135,31
32523,-97.7,-34.0,-24.3,0.146,0.114,-0.840,-61.7,1.8,0.0,0.0423,0.0431,0.0074,929,1042,935,711,0.22,0.00,-0.87,1.51,0.3949,2,1,0,0.01,0.00,-0.61,0.11,0.25,-0.18,1.58,134,31
32533,-87.8,-33.8,-19.1,0.014,0.080,-0.822,-56.1,2.6,0.0,0.0370,0.0430,-0.0014,841,1092,877,800,0.20,0.00,-0.86,1.51,0.3942,2,1,0,0.01,0.00,-0.33,0.02,0.25,-0.18,1.57,134,31
32544,-85.5,-56.1,60.6,0.043,0.224,-1.225,-51.0,2.0,0.0,0.0434,0.0550,-0.0720,794,1230,750,858,0.18,0.00,-0.87,1.51,0.3970,2,1,0,0.01,0.00,-0.40,-0.02,0.25,-0.18,1.55,133,31
32554,-78.9,-40.6,-91.9,0.208,-0.132,-0.841,-46.2,2.1,0.0,0.0382,0.0495,0.0713,1020,912,1022,678,0.17,0.00,-0.87,1.51,0.3968,2,1,0,0.01,0.00,-0.54,-0.08,0.25,-0.18,1.53,133,31
32564,-92.7,-24.1,86.9,0.166,0.052,-1.193,-41.4,2.4,0.0,0.0562,0.0205,-0.1068,640,1256,775,966,0.15,0.00,-0.87,1.51,0.3977,2,1,0,0.01,0.00,-0.84,0.38,0.25,-0.18,1.52,133,31
32574,-68.8,-36.0,-106.0,0.158,-0.153,-1.260,-37.3,2.1,0.0,0.0370,0.0448,0.0854,1071,855,1135,616,0.13,0.00,-0.88,1.51,0.4031,2,1,0,0.01,0.00,-1.16,0.31,0.25,-0.18,1.52,132,31
32584,-71.7,9.9,63.9,0.169,-0.269,-1.317,-33.5,2.8,0.0,0.0455,-0.0100,-0.0904,642,1156,852,1022,0.12,-0.01,-0.87,1.51,0.4022,2,1,0,0.01,0.00,-1.39,0.42,0.25,-0.18,1.52,132,31
32594,-61.2,19.7,-15.0,-0.056,-0.302,-1.077,-30.5,2.4,0.0,0.0367,-0.0117,0.0001,846,940,1029,850,0.11,0.00,-0.88,1.50,0.4012,2,1,0,0.01,0.00,-1.69,0.61,0.25,-0.18,1.52,132,31
32604,-47.4,27.5,-35.9,-0.070,-0.309,-1.385,-27.7,3.0,0.0,0.0253,-0.0181,0.0153,856,922,1010,884,0.10,0.00,-0.87,1.50,0.4023,2,1,0,0.01,0.00,-1.49,0.75,0.25,-0.18,1.53,132,31
32614,-30.1,14.2,67.1,-0.045,-0.011,-0.749,-25.7,2.9,0.0,0.0079,-0.0035,-0.0853,754,1071,769,1058,0.09,0.00,-0.87,1.50,0.3998,2,1,0,0.01,0.00,-1.43,1.20,0.25,-0.18,1.53,132,31
32624,-25.0,18.5,-105.3,0.205,0.083,-0.604,-23.6,3.0,0.0,0.0070,-0.0089,0.0847,1034,752,1089,771,0.09,-0.01,-0.87,1.50,0.3987,2,1,0,0.01,0.00,-1.24,1.32,0.25,-0.18,1.53,132,31
32634,-31.3,-5.0,87.2,-0.161,0.158,-0.777,-21.9,3.5,0.0,0.0101,0.0246,-0.1110,725,1183,670,1051,0.08,-0.01,-0.87,1.50,0.3966,2,1,0,0.01,0.00,-0.99,1.45,0.25,-0.18,1.53,132,31
32645,-23.5,-22.5,-79.5,0.099,-0.123,-0.712,-20.4,3.3,0.0,0.0087,0.0324,0.0589,1084,859,974,719,0.08,-0.01,-0.88,1.50,0.3975,2,1,0,0.01,0.00,-1.03,1.52,0.25,-0.18,1.52,132,31
32655,-10.7,-7.2,52.5,0.050,0.167,-0.777,-18.7,3.4,0.0,-0.0023,0.0172,-0.0731,777,1087,730,1034,0.07,-0.01,-0.87,1.50,0.3965,2,1,0,0.01,0.00,-1.38,1.84,0.25,-0.18,1.50,132,31
32665,-9.4,-10.6,-7.5,-0.070,0.182,-0.753,-17.4,3.2,0.0,-0.0019,0.0112,-0.0012,930,927,880,892,0.07,-0.01,-0.88,1.50,0.3966,2,1,0,0.01,0.00,-1.54,1.72,0.25,-0.18,1.47,132,31
32675,-13.4,-6.5,-39.2,-0.046,0.084,-0.704,-15.7,3.7,0.0,0.0033,0.0169,0.0187,931,947,878,867,0.06,-0.01,-0.87,1.50,0.3959,2,1,0,0.01,0.00,-1.70,1.71,0.25,-0.18,1.47,133,31
32685,-33.7,-26.4,62.6,0.087,0.123,-0.633,-14.4,3.8,0.0,0.0213,0.0375,-0.0766,791,1161,730,939,0.05,-0.01,-0.87,1.50,0.3956,2,1,0,0.01,0.00,-1.77,1.63,0.25,-0.18,1.48,133,31
32695,-25.4,-31.5,-111.9,0.087,-0.021,-0.521,-12.9,4.0,0.0,0.0182,0.0423,0.0914,1132,857,1013,629,0.05,-0.01,-0.87,1.50,0.3967,2,1,0,0.01,0.00,-1.85,1.64,0.25,-0.18,1.46,133,31
32705,-28.3,-53.1,93.0,-0.223,0.252,-0.733,-12.6,4.4,0.0,0.0214,0.0643,-0.1135,789,1293,606,957,0.04,-0.01,-0.87,1.49,0.3986,2,1,0,0.00,0.00,-2.15,1.80,0.25,-0.18,1.45,133,31
32715,-16.2,-53.5,-80.5,0.005,0.083,-0.438,-11.2,4.6,0.0,0.0105,0.0696,0.0636,1166,941,923,610,0.04,-0.01,-0.88,1.49,0.3981,2,1,0,0.00,0.00,-2.43,1.71,0.25,-0.18,1.44,133,31
32725,-31.5,-31.1,50.0,-0.200,0.095,-0.709,-22.3,4.7,0.0,0.0149,0.0426,-0.0705,821,1195,709,939,0.03,-0.01,-0.87,1.49,0.4012,2,1,0,-0.03,0.00,-2.67,1.64,0.25,-0.18,1.43,133,31
32735,-14.0,-32.2,6.8,-0.104,0.137,-0.544,-21.1,4.6,0.0,0.0012,0.0475,-0.0125,984,1036,809,852,0.03,-0.01,-0.88,1.49,0.4036,2,1,0,-0.03,0.00,-2.86,1.72,0.25,-0.18,1.43,133,31
32746,-17.3,-18.9,-43.2,-0.023,-0.019,-0.459,-32.2,4.7,0.0,-0.0092,0.0303,0.0227,1001,985,862,830,0.02,-0.01,-0.87,1.48,0.4032,2,1,0,-0.08,0.00,-2.95,1.96,0.25,-0.18,1.43,133,31
32756,-32.7,-25.6,75.0,0.045,0.081,-0.675,-30.9,4.6,0.0,0.0029,0.0328,-0.0930,804,1166,691,1031,0.02,-0.01,-0.87,1.48,0.4049,2,1,0,-0.08,0.00,-2.74,1.87,0.25,-0.18,1.43,133,31
32766,-22.5,-10.0,-110.3,0.116,0.026,-0.452,-41.1,4.7,0.0,-0.0127,0.0215,0.0899,1142,786,1007,768,0.01,-0.01,-0.88,1.47,0.4063,2,1,0,-0.12,0.00,-2.59,1.81,0.25,-0.18,1.42,133,31
32776,-42.0,-24.5,86.5,-0.233,0.115,-0.961,-39.1,5.1,0.0,0.0093,0.0447,-0.1099,785,1236,651,1032,0.00,-0.01,-0.87,1.47,0.4065,2,1,0,-0.12,0.00,-2.51,1.81,0.25,-0.18,1.42,133,31
32786,-41.3,-34.0,-90.1,-0.027,-0.214,-0.882,-46.6,5.3,0.0,-0.0013,0.0556,0.0753,1186,896,970,691,0.00,-0.01,-0.88,1.47,0.4117,2,1,0,-0.15,0.00,-2.48,1.73,0.25,-0.18,1.41,132,31
32796,-38.7,-11.6,44.2,-0.095,-0.145,-0.820,-43.9,5.4,0.0,0.0005,0.0238,-0.0646,841,1148,740,1000,0.00,-0.01,-0.87,1.46,0.4097,2,1,0,-0.15,0.00,-2.67,2.04,0.25,-0.18,1.41,132,31
32806,-49.9,-3.0,-2.2,-0.188,-0.031,-1.195,-46.8,5.4,0.0,0.0155,0.0230,-0.0058,942,1023,914,877,-0.01,-0.01,-0.88,1.46,0.4134,2,1,0,-0.17,0.00,-2.71,2.04,0.25,-0.18,1.39,132,31
32816,-39.3,23.5,-72.6,-0.160,-0.125,-1.027,-44.1,5.3,0.0,0.0009,-0.0116,0.0521,1009,878,993,885,-0.02,-0.01,-0.87,1.46,0.4145,2,1,0,-0.17,0.00,-2.66,2.13,0.25,-0.18,1.36,133,31
32826,-54.6,12.4,74.6,-0.019,0.049,-1.160,-43.6,5.4,0.0,0.0162,0.0135,-0.0901,773,1175,783,1062,-0.03,-0.01,-0.87,1.45,0.4182,2,1,0,-0.18,0.00,-2.61,2.10,0.25,-0.18,1.37,133,31
32836,-64.0,19.7,-128.3,0.113,-0.211,-1.062,-40.5,5.1,0.0,0.0294,-0.0079,0.1079,1108,815,1184,709,-0.04,-0.01,-0.87,1.45,0.4214,2,1,0,-0.18,0.00,-2.71,2.22,0.25,-0.18,1.37,133,31
32847,-57.0,25.5,71.8,-0.198,0.038,-0.765,-40.7,5.2,0.0,0.0212,0.0011,-0.0936,751,1198,793,1058,-0.05,-0.01,-0.86,1.45,0.4192,2,1,0,-0.19,0.00,-2.71,2.26,0.25,-0.18,1.37,132,31
32857,-48.9,5.5,-80.0,-0.031,-0.060,-0.965,-37.7,5.2,0.0,0.0161,0.0116,0.0643,1107,893,1083,744,-0.06,-0.01,-0.87,1.44,0.4229,2,1,0,-0.19,0.00,-2.67,2.26,0.25,-0.18,1.38,132,31
32867,-70.8,28.4,23.7,-0.035,-0.123,-0.899,-39.9,4.8,0.0,0.0369,-0.0170,-0.0442,785,1114,892,1033,-0.08,-0.01,-0.86,1.44,0.4224,2,1,0,-0.21,0.00,-2.50,2.32,0.25,-0.18,1.36,132,31
32877,-53.3,16.8,18.8,-0.138,-0.184,-0.885,-36.9,4.7,0.0,0.0223,-0.0053,-0.0391,885,1010,960,979,-0.09,-0.01,-0.87,1.43,0.4236,2,1,0,-0.21,0.00,-2.49,2.33,0.25,-0.18,1.35,131,31
32887,-57.6,24.7,-69.1,0.225,-0.172,-1.090,-37.1,4.3,0.0,0.0264,-0.0137,0.0487,949,912,1095,874,-0.10,-0.01,-0.87,1.43,0.4233,2,1,0,-0.23,0.00,-2.53,2.57,0.25,-0.18,1.37,130,31
32897,-63.8,-4.1,74.4,0.153,-0.021,-0.869,-34.3,4.2,0.0,0.0333,0.0114,-0.0929,746,1159,847,1077,-0.11,-0.01,-0.86,1.43,0.4232,2,1,0,-0.23,0.00,-2.59,2.59,0.25,-0.18,1.39,129,31
32907,-62.0,-17.0,-118.1,0.224,-0.102,-1.244,-35.2,4.2,0.0,0.0328,0.0281,0.0978,1115,844,1187,698,-0.12,-0.01,-0.87,1.42,0.4251,2,1,0,-0.24,0.00,-2.58,2.57,0.25,-0.18,1.39,128,31
32917,-66.8,-1.5,85.5,0.166,-0.164,-1.226,-32.5,4.1,0.0,0.0341,0.0087,-0.1073,708,1228,798,1092,-0.13,-0.01,-0.86,1.42,0.4227,2,1,0,-0.24,0.00,-2.56,2.57,0.25,-0.18,1.39,128,31
32927,-56.9,16.6,-53.9,0.108,-0.288,-0.790,-34.7,4.2,0.0,0.0283,-0.0056,0.0335,1002,871,1123,821,-0.13,-0.01,-0.87,1.42,0.4214,2,1,0,-0.26,0.00,-2.53,2.54,0.25,-0.18,1.38,128,31
32938,-49.8,32.5,7.5,0.085,-0.251,-1.157,-32.2,3.9,0.0,0.0228,-0.0185,-0.0420,787,1058,920,1033,-0.14,-0.01,-0.86,1.42,0.4190,2,1,0,-0.26,0.00,-2.48,2.77,0.25,-0.18,1.37,129,31
32948,-56.9,-1.8,11.9,-0.027,-0.070,-1.137,-34.9,4.3,0.0,0.0251,0.0144,-0.0287,941,1044,916,930,-0.15,-0.01,-0.87,1.41,0.4234,2,1,0,-0.27,0.00,-2.41,2.77,0.25,-0.18,1.35,128,31
32958,-51.9,-25.1,-93.8,0.300,-0.232,-1.204,-32.5,3.8,0.0,0.0256,0.0358,0.0735,1096,920,1050,777,-0.16,-0.01,-0.86,1.41,0.4249,2,1,0,-0.27,0.00,-2.37,2.75,0.25,-0.18,1.36,128,31
32968,-62.4,-19.8,77.2,0.211,-0.308,-1.384,-30.4,4.0,0.0,0.0359,0.0311,-0.0944,807,1216,803,1013,-0.17,-0.01,-0.86,1.41,0.4245,2,1,0,-0.27,0.00,-2.37,2.75,0.25,-0.18,1.36,128,31
32978,-60.0,2.1,-88.4,0.001,-0.233,-1.389,-28.1,4.0,0.0,0.0380,0.0086,0.0681,1069,927,1142,725,-0.17,-0.01,-0.87,1.40,0.4275,2,1,0,-0.27,0.00,-2.39,2.87,0.25,-0.18,1.35,128,31
32988,-60.9,2.9,87.6,-0.005,-0.073,-1.624,-29.7,3.5,0.0,0.0373,0.0077,-0.1094,701,1259,798,1096,-0.18,-0.01,-0.86,1.40,0.4264,2,1,0,-0.28,0.00,-2.31,2.82,0.25,-0.18,1.33,128,31
32998,-42.1,-1.4,-57.3,0.270,-0.006,-1.555,-27.7,3.6,0.0,0.0221,0.0085,0.0404,1020,937,1108,835,-0.19,-0.01,-0.87,1.39,0.4323,2,1,0,-0.28,0.00,-2.36,2.71,0.25,-0.18,1.35,128,31
33008,-47.9,2.7,8.9,0.308,0.116,-1.269,-28.5,2.8,0.0,0.0256,0.0070,-0.0292,760,1077,983,1029,-0.20,-0.01,-0.86,1.39,0.4257,2,1,0,-0.29,0.00,-2.22,2.71,0.25,-0.18,1.37,128,31
33018,-48.7,-7.4,26.7,0.221,0.180,-1.163,-26.5,3.6,0.0,0.0310,0.0120,-0.0416,830,1060,1021,940,-0.20,-0.01,-0.86,1.39,0.4261,2,1,0,-0.29,0.00,-2.11,2.66,0.25,-0.18,1.37,128,31
33028,-46.2,-10.5,-76.1,-0.087,0.027,-0.943,-29.2,3.4,0.0,0.0245,0.0215,0.0542,1024,962,1068,772,-0.21,-0.01,-0.86,1.39,0.4227,2,1,0,-0.31,0.00,-2.08,2.76,0.25,-0.18,1.36,127,31
33039,-46.7,-7.3,109.1,-0.115,0.197,-1.017,-27.2,3.5,0.0,0.0305,0.0189,-0.1236,708,1278,763,1083,-0.22,-0.01,-0.86,1.38,0.4233,2,1,0,-0.31,0.00,-2.03,2.71,0.25,-0.18,1.36,127,31
33049,-18.9,-3.4,-88.1,0.162,0.018,-0.686,-28.4,3.1,0.0,-0.0033,0.0135,0.0678,1065,857,1107,807,-0.22,-0.01,-0.86,1.38,0.4240,2,1,0,-0.32,0.00,-2.02,2.64,0.25,-0.18,1.36,126,31
33059,-31.4,6.1,70.9,-0.114,0.298,-0.747,-26.3,2.6,0.0,0.0157,0.0014,-0.1029,707,1193,783,1122,-0.23,0.00,-0.85,1.38,0.4199,2,1,0,-0.32,0.00,-1.95,2.58,0.25,-0.18,1.37,126,31
33069,-43.4,-18.0,-64.5,-0.085,0.083,-0.835,-27.1,3.2,0.0,0.0192,0.0296,0.0468,1110,926,1020,788,-0.24,-0.01,-0.87,1.38,0.4251,2,1,0,-0.33,0.00,-1.98,2.47,0.25,-0.18,1.37,126,31
33079,-44.0,-14.5,-5.4,-0.165,-0.060,-0.730,-24.9,2.6,0.0,0.0255,0.0239,-0.0148,949,1143,837,898,-0.25,0.00,-0.86,1.37,0.4227,2,1,0,-0.33,0.00,-2.09,2.58,0.25,-0.18,1.36,127,31
33089,-51.2,-24.3,42.2,-0.116,-0.081,-0.942,-24.5,3.2,0.0,0.0299,0.0560,-0.0483,965,1211,819,861,-0.25,-0.01,-0.86,1.37,0.4267,2,1,0,-0.34,0.00,-2.19,2.51,0.25,-0.18,1.35,127,31
33099,-43.5,9.4,-73.7,0.156,-0.312,-1.168,-22.5,2.1,0.0,0.0274,-0.0005,0.0534,1016,966,1061,820,-0.26,0.00,-0.86,1.37,0.4276,2,1,0,-0.34,0.00,-2.21,2.43,0.25,-0.18,1.34,128,31
33109,-39.7,9.9,103.6,0.057,0.027,-1.340,-20.6,2.0,0.0,0.0216,0.0039,-0.1261,702,1259,756,1153,-0.27,0.00,-0.86,1.36,0.4286,2,1,0,-0.34,0.00,-2.18,2.38,0.25,-0.18,1.32,128,31
33119,-49.6,3.4,-114.4,0.083,-0.076,-1.528,-18.9,1.9,0.0,0.0372,0.0053,0.0941,1115,858,1160,766,-0.27,0.00,-0.86,1.36,0.4324,2,1,0,-0.34,0.00,-2.21,2.40,0.25,-0.18,1.34,128,31
33129,-54.6,-8.6,63.2,0.074,-0.038,-1.272,-17.0,1.4,0.0,0.0441,0.0170,-0.0834,767,1253,823,1039,-0.28,0.00,-0.85,1.36,0.4301,2,1,0,-0.34,0.00,-2.19,2.37,0.25,-0.18,1.36,128,31
33140,-43.0,-18.1,-43.2,0.277,-0.122,-1.351,-15.4,2.1,0.0,0.0369,0.0261,0.0325,1042,1004,1106,760,-0.28,0.00,-0.86,1.35,0.4340,2,1,0,-0.34,0.00,-2.14,2.28,0.25,-0.18,1.36,128,31
33150,-42.3,5.6,-19.4,0.121,-0.230,-1.302,-14.2,1.0,0.0,0.0347,0.0021,-0.0007,828,1054,1047,947,-0.29,0.00,-0.85,1.35,0.4292,2,1,0,-0.34,0.00,-2.13,2.24,0.25,-0.18,1.37,128,31
33160,-30.6,26.9,52.1,-0.154,-0.072,-1.389,-13.1,1.9,0.0,0.0307,-0.0236,-0.0598,766,1092,987,1049,-0.29,0.00,-0.86,1.35,0.4317,2,1,0,-0.34,0.00,-2.11,2.16,0.25,-0.18,1.37,129,31
33170,-37.4,6.0,-94.5,-0.194,-0.233,-1.154,-11.6,1.4,0.0,0.0324,0.0022,0.0743,1018,929,1121,788,-0.30,0.00,-0.86,1.35,0.4265,2,1,0,-0.34,0.00,-2.16,2.20,0.25,-0.18,1.37,129,31
33180,-34.7,-3.5,86.3,0.062,-0.102,-0.870,-10.3,1.7,0.0,0.0355,0.0108,-0.1050,715,1249,821,1069,-0.30,0.00,-0.85,1.35,0.4264,2,1,0,-0.34,0.00,-2.08,2.14,0.25,-0.18,1.37,129,31
33190,-18.6,-1.5,-107.6,0.173,-0.064,-0.782,1.8,2.1,0.0,0.0298,0.0094,0.0891,1089,886,1193,703,-0.30,0.00,-0.86,1.34,0.4286,2,1,0,-0.30,0.00,-2.05,2.09,0.25,-0.18,1.38,129,31
33200,-25.3,11.6,63.9,-0.164,0.016,-0.768,2.7,1.6,0.0,0.0347,-0.0032,-0.0841,712,1217,848,1059,-0.31,0.00,-0.85,1.34,0.4240,2,1,0,-0.30,0.00,-2.04,2.11,0.25,-0.18,1.37,130,31
33210,-14.5,-2.2,-29.6,-0.043,0.114,-1.010,19.1,2.7,0.0,0.0400,0.0143,0.0149,1004,1011,1056,780,-0.31,0.00,-0.86,1.34,0.4260,2,1,0,-0.24,0.00,-2.00,2.06,0.25,-0.18,1.37,130,31
33220,-8.3,2.2,-24.8,-0.020,0.050,-1.004,19.6,1.9,0.0,0.0346,0.0064,0.0046,921,1092,941,884,-0.31,0.00,-0.85,1.34,0.4243,2,1,0,-0.24,0.00,-1.92,2.10,0.25,-0.18,1.37,130,31
33230,0.8,-27.9,55.7,0.120,0.280,-0.916,33.5,2.4,0.0,0.0374,0.0360,-0.0704,833,1220,847,957,-0.31,0.00,-0.85,1.34,0.4268,2,1,0,-0.19,0.00,-1.80,2.07,0.25,-0.18,1.38,129,31
33241,11.3,-15.0,-118.7,0.155,-0.015,-1.245,33.5,1.8,0.0,0.0290,0.0238,0.0986,1111,864,1150,737,-0.31,0.00,-0.85,1.34,0.4275,2,1,0,-0.19,0.00,-1.77,2.03,0.25,-0.18,1.37,129,31
33251,-0.9,-15.3,76.5,-0.014,-0.148,-1.029,42.5,1.9,0.0,0.0504,0.0232,-0.0959,728,1257,839,1028,-0.31,0.00,-0.85,1.33,0.4261,2,1,0,-0.16,0.00,-1.79,2.07,0.25,-0.18,1.37,129,31
33261,7.1,2.1,-80.5,0.115,-0.396,-0.795,41.4,2.1,0.0,0.0404,0.0060,0.0640,1051,887,1171,750,-0.30,0.00,-0.85,1.33,0.4271,2,1,0,-0.16,0.00,-1.86,2.10,0.25,-0.18,1.37,129,31
33271,21.7,40.6,65.6,0.050,-0.149,-1.086,53.7,1.3,0.0,0.0389,-0.0325,-0.0857,662,1161,878,1129,-0.30,0.00,-0.84,1.33,0.4232,2,1,0,-0.11,0.00,-1.78,2.09,0.25,-0.18,1.37,129,31
33281,25.7,-1.5,-25.5,0.078,0.115,-1.308,51.9,2.2,0.0,0.0309,0.0102,0.0072,972,1000,1017,886,-0.29,0.00,-0.85,1.33,0.4291,2,1,0,-0.11,0.00,-1.67,2.07,0.25,-0.18,1.39,129,31
33291,36.5,-42.4,-47.6,0.327,0.016,-1.288,50.0,1.3,0.0,0.0205,0.0508,0.0274,1035,1031,918,853,-0.29,0.00,-0.84,1.33,0.4240,2,1,0,-0.11,0.00,-1.65,2.09,0.25,-0.18,1.40,128,31
33301,27.4,-25.2,55.0,0.201,0.000,-1.072,47.6,2.0,0.0,0.0252,0.0300,-0.0619,860,1148,853,966,-0.28,0.00,-0.85,1.33,0.4227,2,1,0,-0.11,0.00,-1.73,2.15,0.25,-0.18,1.38,128,31
33311,41.6,6.8,-71.8,0.178,-0.078,-1.166,75.0,1.5,0.0,0.0404,0.0015,0.0516,959,948,1151,787,-0.27,0.00,-0.85,1.33,0.4251,2,1,0,-0.01,0.00,-1.81,2.18,0.25,-0.18,1.37,128,31
33321,50.3,29.2,97.8,0.034,-0.109,-1.240,78.8,1.6,0.0,0.0355,-0.0208,-0.1179,637,1225,811,1143,-0.26,0.00,-0.84,1.33,0.4214,2,1,0,0.01,0.00,-1.77,2.18,0.25,-0.18,1.36,128,31
33331,52.4,8.4,-89.8,-0.016,-0.008,-1.404,75.6,1.9,0.0,0.0264,-0.0006,0.0704,1042,874,1140,780,-0.25,0.00,-0.85,1.33,0.4240,2,1,0,0.01,0.00,-1.67,2.15,0.25,-0.18,1.35,129,31
33341,48.0,-28.7,32.7,-0.124,-0.057,-1.297,72.5,1.8,0.0,0.0296,0.0419,-0.0561,880,1214,795,934,-0.24,0.00,-0.84,1.33,0.4223,2,1,0,0.01,0.00,-1.61,2.17,0.25,-0.18,1.35,129,31
33352,37.2,-61.1,-13.8,0.155,-0.253,-1.201,69.1,2.8,0.0,0.0391,0.0711,-0.0062,1048,1170,882,722,-0.23,0.00,-0.85,1.33,0.4220,2,1,0,0.01,0.00,-1.65,2.16,0.25,-0.18,1.35,129,31
33362,64.6,-20.9,-22.5,-0.113,0.008,-1.123,65.8,2.1,0.0,0.0207,0.0432,-0.0053,985,1084,900,842,-0.21,0.00,-0.84,1.33,0.4205,2,1,0,0.01,0.00,-1.80,2.15,0.25,-0.18,1.35,129,31
33372,81.4,8.5,78.6,-0.078,0.323,-1.685,61.8,2.3,0.0,-0.0125,0.0006,-0.0987,815,1169,752,1089,-0.20,0.00,-0.84,1.33,0.4226,2,1,0,0.01,0.00,-1.86,2.16,0.25,-0.18,1.36,130,31
33382,84.0,21.8,-80.4,0.163,0.172,-1.137,58.0,1.9,0.0,-0.0182,-0.0120,0.0571,1055,808,1030,896,-0.19,0.00,-0.84,1.33,0.4179,2,1,0,0.01,0.00,-1.86,2.12,0.25,-0.18,1.38,130,31
33392,76.6,7.0,73.6,0.115,0.386,-1.385,54.4,1.8,0.0,-0.0152,0.0016,-0.0937,765,1100,749,1160,-0.17,0.00,-0.83,1.33,0.4159,2,1,0,0.01,0.00,-1.77,2.06,0.25,-0.18,1.38,129,31
33402,65.3,-21.3,-81.5,0.308,0.158,-1.401,50.9,2.4,0.0,-0.0081,0.0276,0.0672,1137,852,1002,779,-0.16,0.00,-0.84,1.33,0.4152,2,1,0,0.01,0.00,-1.76,1.93,0.25,-0.18,1.37,129,31
33412,46.4,-4.7,34.6,0.164,-0.001,-0.905,47.7,2.1,0.0,0.0084,0.0138,-0.0547,843,1075,777,1037,-0.15,0.00,-0.83,1.33,0.4104,2,1,0,0.01,0.00,-1.65,1.76,0.25,-0.18,1.37,130,31
33422,40.8,-21.5,7.2,0.016,-0.079,-0.895,44.7,2.6,0.0,0.0064,0.0292,-0.0114,953,1021,867,885,-0.14,0.00,-0.84,1.33,0.4093,2,1,0,0.01,0.00,-1.62,1.68,0.25,-0.18,1.37,131,31
33432,23.6,-22.1,-36.6,-0.019,-0.374,-1.035,42.3,2.2,0.0,0.0243,0.0321,0.0104,957,1020,921,826,-0.13,0.00,-0.83,1.33,0.4093,2,1,0,0.01,0.00,-1.56,1.60,0.25,-0.18,1.37,131,31
33443,26.3,-13.6,85.5,-0.025,-0.261,-0.972,39.8,2.5,0.0,0.0206,0.0231,-0.1056,752,1205,727,1040,-0.12,0.00,-0.83,1.33,0.4091,2,1,0,0.01,0.00,-1.59,1.49,0.25,-0.18,1.36,132,31
33453,30.6,-5.9,-91.1,-0.090,-0.080,-0.541,38.0,2.3,0.0,0.0186,0.0184,0.0682,1044,884,1052,720,-0.12,0.00,-0.83,1.33,0.4061,2,1,0,0.01,0.00,-1.57,1.46,0.25,-0.18,1.35,132,31
33463,15.4,0.0,79.3,-0.044,0.042,-1.065,36.4,2.2,0.0,0.0313,0.0162,-0.1063,696,1232,743,1037,-0.11,0.00,-0.83,1.34,0.4071,2,1,0,0.01,0.00,-1.57,1.43,0.25,-0.18,1.34,132,31
33473,14.6,2.1,-81.0,0.125,-0.149,-0.817,34.9,2.4,0.0,0.0285,0.0104,0.0630,1033,893,1080,716,-0.11,0.00,-0.83,1.34,0.4088,2,1,0,0.01,0.00,-1.56,1.35,0.25,-0.18,1.36,132,31
33483,20.4,20.9,30.0,-0.134,-0.081,-0.748,33.7,2.1,0.0,0.0203,-0.0120,-0.0501,756,1117,837,986,-0.10,0.00,-0.82,1.34,0.4056,2,1,0,0.01,0.00,-1.55,1.30,0.25,-0.18,1.36,132,31
33493,24.7,14.7,2.2,-0.047,0.047,-1.180,32.5,2.3,0.0,0.0223,0.0032,-0.0089,877,996,949,899,-0.10,0.00,-0.83,1.34,0.4088,2,1,0,0.01,0.00,-1.62,1.25,0.25,-0.18,1.35,132,31
33503,41.8,33.2,-64.6,-0.070,-0.086,-1.033,31.4,1.8,0.0,-0.0033,-0.0246,0.0445,943,847,1008,910,-0.09,0.00,-0.83,1.34,0.4071,2,1,0,0.01,0.00,-1.63,1.25,0.25,-0.18,1.36,132,31
33513,40.8,30.6,87.1,-0.176,0.096,-1.149,30.2,1.9,0.0,-0.0021,-0.0191,-0.1000,705,1074,769,1155,-0.09,0.00,-0.83,1.34,0.4064,2,1,0,0.01,0.00,-1.67,1.26,0.25,-0.18,1.36,132,31
33523,33.2,24.3,-116.6,0.048,-0.059,-1.316,29.1,1.5,0.0,0.0019,-0.0178,0.0957,1064,712,1140,790,-0.09,0.00,-0.83,1.34,0.4067,2,1,0,0.01,0.00,-1.69,1.24,0.25,-0.18,1.36,132,31
33533,26.3,19.8,88.3,-0.029,0.010,-0.961,28.2,1.5,0.0,0.0090,-0.0114,-0.1084,663,1116,746,1145,-0.08,0.00,-0.82,1.34,0.4020,2,1,0,0.01,0.00,-1.73,1.21,0.25,-0.18,1.37,132,31
33544,24.1,5.8,-90.0,0.160,-0.080,-1.250,27.2,1.7,0.0,0.0137,0.0009,0.0828,1053,793,1102,737,-0.08,0.00,-0.83,1.34,0.4040,2,1,0,0.01,0.00,-1.74,1.16,0.25,-0.18,1.37,132,31
33554,14.2,14.6,13.6,0.085,-0.026,-1.039,26.2,1.4,0.0,0.0192,-0.0063,-0.0337,781,1011,871,1009,-0.08,0.00,-0.82,1.34,0.4022,2,1,0,0.01,0.00,-1.71,1.14,0.25,-0.18,1.37,132,31
33564,26.1,13.6,34.0,0.017,-0.009,-0.791,25.0,1.8,0.0,0.0029,-0.0024,-0.0337,875,963,881,943,-0.07,0.00,-0.83,1.35,0.4009,2,1,0,0.01,0.00,-1.70,1.09,0.25,-0.18,1.36,132,31
33574,10.0,13.7,-65.0,-0.003,-0.209,-1.069,24.0,1.5,0.0,0.0212,-0.0052,0.0449,934,882,1028,826,-0.07,0.00,-0.82,1.35,0.4021,2,1,0,0.01,0.00,-1.67,1.07,0.25,-0.18,1.34,132,31
33584,21.0,29.9,106.5,-0.040,-0.204,-0.867,22.6,1.6,0.0,0.0088,-0.0215,-0.1266,653,1100,748,1175,-0.06,0.00,-0.82,1.35,0.4030,2,1,0,0.01,0.00,-1.71,1.05,0.25,-0.18,1.36,132,31
33594,28.0,19.9,-99.3,0.040,-0.044,-0.821,21.7,1.4,0.0,0.0038,-0.0133,0.0801,1026,753,1119,776,-0.06,0.00,-0.83,1.35,0.4026,2,1,0,0.01,0.00,-1.72,0.98,0.25,-0.18,1.37,132,31
33604,14.3,5.8,95.3,0.039,-0.009,-0.964,20.6,1.4,0.0,0.0135,0.0025,-0.1154,640,1149,734,1142,-0.06,0.00,-0.82,1.35,0.4014,2,1,0,0.01,0.00,-1.74,0.96,0.25,-0.18,1.37,132,31
33614,28.4,-5.8,-60.9,0.256,0.037,-0.767,19.4,1.5,0.0,-0.0025,0.0100,0.0447,1023,814,1004,817,-0.05,0.00,-0.83,1.35,0.4005,2,1,0,0.01,0.00,-1.73,0.90,0.25,-0.18,1.38,131,31
33624,11.0,-2.7,14.6,0.123,0.062,-0.767,18.8,1.5,0.0,0.0150,0.0113,-0.0348,777,1048,844,975,-0.05,0.00,-0.82,1.35,0.3986,2,1,0,0.01,0.00,-1.71,0.87,0.25,-0.18,1.37,131,31
33635,9.4,-12.4,40.2,0.023,-0.004,-0.894,17.8,1.8,0.0,0.0134,0.0176,-0.0550,848,993,853,959,-0.05,0.00,-0.83,1.35,0.3997,2,1,0,0.01,0.00,-1.73,0.81,0.25,-0.18,1.37,131,31
33645,26.8,8.8,-75.4,-0.005,-0.090,-0.815,17.4,1.9,0.0,-0.0023,0.0000,0.0553,998,850,992,810,-0.04,0.00,-0.82,1.35,0.3994,2,1,0,0.01,0.00,-1.69,0.76,0.25,-0.18,1.37,131,31
33655,9.7,-0.2,116.4,-0.157,0.033,-1.056,16.6,1.9,0.0,0.0176,0.0106,-0.1328,656,1219,689,1101,-0.04,0.00,-0.82,1.35,0.4014,2,1,0,0.01,0.00,-1.67,0.73,0.25,-0.18,1.36,131,31
33665,22.9,-0.9,-97.0,0.213,-0.065,-0.890,15.9,1.7,0.0,0.0002,0.0097,0.0769,1058,774,1060,770,-0.04,0.00,-0.82,1.36,0.4010,2,1,0,0.01,0.00,-1.65,0.67,0.25,-0.18,1.38,131,31
33675,10.9,-5.9,78.7,0.130,0.067,-0.921,15.5,1.6,0.0,0.0122,0.0046,-0.1080,667,1145,723,1104,-0.04,0.00,-0.81,1.36,0.3979,2,1,0,0.01,0.00,-1.62,0.65,0.25,-0.18,1.39,130,31
33685,9.9,-7.2,-48.8,0.198,0.091,-0.935,14.6,1.5,0.0,0.0120,0.0158,0.0287,989,804,1011,837,-0.04,0.00,-0.82,1.36,0.3983,2,1,0,0.01,0.00,-1.61,0.58,0.25,-0.18,1.39,130,31
33695,1.0,1.4,-6.4,0.233,-0.023,-0.921,14.3,1.4,0.0,0.0138,0.0022,-0.0293,815,1004,854,964,-0.04,0.00,-0.81,1.36,0.3976,2,1,0,0.01,0.00,-1.58,0.56,0.25,-0.18,1.38,130,31
33705,-2.3,-21.7,53.2,0.087,-0.007,-0.966,13.8,1.5,0.0,0.0235,0.0304,-0.0733,843,1076,806,922,-0.03,0.00,-0.82,1.36,0.3991,2,1,0,0.01,0.00,-1.55,0.52,0.25,-0.18,1.39,130,31
33715,-1.9,-10.6,-85.7,0.159,-0.198,-1.038,13.6,1.2,0.0,0.0229,0.0189,0.0656,1006,859,1029,747,-0.03,0.00,-0.82,1.36,0.3983,2,1,0,0.01,0.00,-1.52,0.49,0.25,-0.18,1.39,130,31
33725,-10.6,-14.0,112.8,0.087,-0.147,-0.995,13.2,1.3,0.0,0.0304,0.0219,-0.1310,663,1219,690,1055,-0.03,0.00,-0.81,1.36,0.3963,2,1,0,0.01,0.00,-1.52,0.46,0.25,-0.18,1.38,130,31
33736,-9.4,-8.3,-104.3,0.238,-0.387,-1.082,12.9,0.8,0.0,0.0297,0.0162,0.0843,1026,773,1124,717,-0.03,0.00,-0.82,1.37,0.3981,2,1,0,0.01,0.00,-1.46,0.40,0.25,-0.18,1.36,130,31
33746,-12.7,6.6,89.0,0.167,-0.179,-1.065,12.7,0.7,0.0,0.0302,-0.0051,-0.1183,609,1177,742,1106,-0.03,0.00,-0.81,1.37,0.3973,2,1,0,0.01,0.00,-1.40,0.36,0.25,-0.18,1.36,130,31
33756,0.8,-6.8,-36.0,0.116,-0.093,-1.019,12.4,0.6,0.0,0.0189,0.0145,0.0160,972,878,1023,798,-0.03,0.00,-0.82,1.37,0.3983,2,1,0,0.01,0.00,-1.36,0.31,0.25,-0.18,1.36,130,31
33766,-2.6,-10.3,-23.7,0.206,-0.056,-1.085,12.3,0.4,0.0,0.0217,0.0153,-0.0011,842,997,905,906,-0.03,0.00,-0.81,1.37,0.3999,2,1,0,0.01,0.00,-1.33,0.26,0.25,-0.18,1.37,130,31
33776,0.0,-10.2,61.7,0.108,0.026,-0.686,11.9,0.5,0.0,0.0184,0.0153,-0.0771,783,1064,824,970,-0.03,0.00,-0.82,1.37,0.3972,2,1,0,0.01,0.00,-1.33,0.25,0.25,-0.18,1.38,130,31
33786,-4.7,-13.6,-98.9,0.112,-0.089,-0.840,11.8,0.4,0.0,0.0287,0.0163,0.0743,994,869,1078,713,-0.03,0.00,-0.81,1.37,0.3983,2,1,0,0.01,0.00,-1.29,0.23,0.25,-0.18,1.39,130,31
33796,-13.9,-6.7,105.5,0.074,-0.049,-0.914,11.4,0.3,0.0,0.0311,0.0108,-0.1251,637,1183,726,1097,-0.03,0.00,-0.81,1.37,0.3991,2,1,0,0.01,0.00,-1.26,0.22,0.25,-0.18,1.39,130,31
33806,2.6,-0.6,-95.1,0.068,-0.133,-0.654,11.1,0.3,0.0,0.0158,0.0079,0.0751,1035,802,1111,697,-0.02,0.00,-0.82,1.37,0.3979,2,1,0,0.01,0.00,-1.25,0.18,0.25,-0.18,1.39,130,31
33816,-9.6,7.3,82.3,-0.065,-0.099,-1.063,11.0,0.1,0.0,0.0327,-0.0048,-0.1124,601,1184,757,1100,-0.02,0.00,-0.81,1.37,0.3975,2,1,0,0.01,0.00,-1.25,0.18,0.25,-0.18,1.38,130,31
33827,15.8,11.5,-23.0,0.063,-0.022,-0.837,10.4,0.1,0.0,0.0019,-0.0044,0.0029,919,862,1017,846,-0.02,0.00,-0.82,1.37,0.3986,2,1,0,0.01,0.00,-1.27,0.16,0.25,-0.18,1.40,130,31
33837,14.4,9.5,-34.3,-0.028,0.050,-0.808,10.5,0.0,0.0,0.0168,-0.0046,-0.0036,779,1010,925,908,-0.02,0.00,-0.81,1.37,0.3956,2,1,0,0.01,0.00,-1.27,0.14,0.25,-0.18,1.42,130,31
33847,6.5,-5.0,63.3,0.007,0.188,-0.912,10.0,0.0,0.0,0.0108,0.0121,-0.0834,758,1061,816,979,-0.02,0.00,-0.81,1.38,0.3944,2,1,0,0.01,0.00,-1.27,0.12,0.25,-0.18,1.39,130,31
33857,11.9,12.1,-115.1,0.141,-0.053,-0.809,10.0,0.0,0.0,0.0083,-0.0051,0.0881,1016,790,1075,733,-0.02,0.00,-0.81,1.38,0.3955,2,1,0,0.01,0.00,-1.27,0.08,0.25,-0.18,1.37,130,31
33867,5.8,9.5,101.4,-0.117,0.162,-0.828,9.7,-0.1,0.0,0.0117,-0.0036,-0.1217,641,1162,717,1113,-0.02,0.00,-0.81,1.38,0.3965,2,1,0,0.01,0.00,-1.31,0.07,0.25,-0.18,1.40,130,31
33877,18.3,12.3,-93.4,0.023,0.031,-1.017,9.4,-0.1,0.0,-0.0016,-0.0055,0.0734,1073,783,1060,722,-0.02,0.00,-0.82,1.38,0.3979,2,1,0,0.01,0.00,-1.31,0.03,0.25,-0.18,1.43,131,31
33887,16.2,17.2,56.7,-0.200,0.028,-0.893,9.3,-0.2,0.0,0.0044,-0.0033,-0.0887,710,1106,736,1064,-0.02,0.00,-0.80,1.38,0.3943,2,1,0,0.01,0.00,-1.30,0.03,0.25,-0.18,1.41,131,31
33897,20.3,13.5,-11.0,-0.124,0.127,-1.078,8.9,-0.3,0.0,-0.0040,-0.0069,-0.0090,940,893,943,855,-0.02,0.00,-0.81,1.38,0.3969,2,1,0,0.01,0.00,-1.26,0.00,0.25,-0.18,1.40,131,31
33907,16.3,22.5,-45.3,-0.031,-0.015,-0.995,8.7,-0.4,0.0,-0.0014,-0.0148,0.0195,876,927,871,946,-0.02,0.00,-0.80,1.38,0.3960,2,1,0,0.01,0.00,-1.23,-0.01,0.25,-0.18,1.40,132,31
33917,16.0,4.7,70.1,-0.038,0.130,-1.231,8.5,-0.5,0.0,-0.0005,0.0021,-0.0877,772,1067,757,1050,-0.01,0.00,-0.81,1.39,0.3975,2,1,0,0.01,0.00,-1.21,-0.03,0.25,-0.18,1.40,132,31
33928,11.8,12.9,-120.3,0.129,-0.127,-1.141,8.4,-0.7,0.0,0.0025,-0.0076,0.0990,1055,720,1071,774,-0.01,0.00,-0.81,1.39,0.3980,2,1,0,0.01,0.00,-1.20,-0.06,0.25,-0.18,1.40,132,31
33938,14.0,21.3,98.2,-0.177,0.127,-0.925,8.3,-0.4,0.0,0.0021,-0.0122,-0.1181,685,1162,683,1086,-0.01,0.00,-0.80,1.39,0.3931,2,1,0,0.01,0.00,-1.15,-0.08,0.25,-0.18,1.40,132,31
33948,1.7,1.4,-107.8,0.071,-0.126,-1.374,8.3,-0.4,0.0,0.0139,0.0050,0.0877,1106,792,1099,646,-0.01,0.00,-0.81,1.39,0.3990,2,1,0,0.01,0.00,-1.09,-0.12,0.25,-0.18,1.40,132,31
33958,3.6,11.5,47.4,0.021,-0.108,-0.915,8.2,-0.4,0.0,0.0082,0.0000,-0.0795,732,1113,719,1045,-0.01,0.00,-0.80,1.39,0.3957,2,1,0,0.01,0.00,-1.05,-0.15,0.25,-0.18,1.42,132,31
33968,6.3,-2.6,4.0,-0.045,0.038,-1.090,8.1,-0.1,0.0,0.0091,0.0094,-0.0240,972,973,897,798,-0.01,0.00,-0.81,1.39,0.3961,2,1,0,0.01,0.00,-1.06,-0.13,0.25,-0.18,1.43,132,31
33978,2.8,-1.8,-53.2,0.005,-0.222,-1.346,8.0,-0.3,0.0,0.0048,0.0139,0.0195,941,935,868,871,-0.01,0.00,-0.80,1.39,0.3957,2,1,0,0.01,0.00,-1.04,-0.14,0.25,-0.18,1.41,132,31
33988,17.6,11.7,98.8,-0.049,-0.007,-1.043,7.9,-0.2,0.0,-0.0023,-0.0050,-0.1189,731,1100,697,1088,-0.01,0.00,-0.80,1.39,0.3947,2,1,0,0.01,0.00,-1.03,-0.12,0.25,-0.18,1.40,131,31
33998,6.1,1.1,-105.4,-0.069,-0.108,-1.077,7.9,-0.4,0.0,0.0092,0.0054,0.0853,1046,764,1064,748,-0.01,0.00,-0.81,1.39,0.3949,2,1,0,0.01,0.00,-1.01,-0.13,0.25,-0.18,1.41,132,31
34008,3.1,9.1,100.5,-0.019,-0.033,-1.196,7.8,-0.3,0.0,0.0109,-0.0019,-0.1219,664,1151,670,1134,-0.01,0.00,-0.80,1.40,0.3951,2,1,0,0.01,0.00,-1.02,-0.12,0.25,-0.18,1.42,132,31
34018,1.0,-8.4,-81.5,0.066,-0.149,-0.892,7.7,-0.1,0.0,0.0139,0.0177,0.0655,1100,808,1031,684,-0.01,0.00,-0.81,1.40,0.3957,2,1,0,0.01,0.00,-1.01,-0.14,0.25,-0.18,1.42,132,31
34029,-8.7,-11.6,34.7,0.111,-0.162,-1.030,7.8,-0.2,0.0,0.0228,0.0194,-0.0591,760,1114,730,998,-0.01,0.00,-0.80,1.40,0.3947,2,1,0,0.01,0.00,-1.03,-0.15,0.25,-0.18,1.42,132,31
34039,-5.4,-28.1,19.8,0.072,-0.171,-0.837,7.7,-0.2,0.0,0.0208,0.0350,-0.0399,928,989,866,817,-0.01,0.00,-0.81,1.40,0.3947,2,1,0,0.01,0.00,-1.04,-0.16,0.25,-0.18,1.41,133,31
34049,0.0,-17.5,-56.9,-0.026,-0.209,-0.996,5.8,-0.3,0.0,0.0153,0.0245,0.0338,919,941,939,809,-0.01,0.00,-0.80,1.40,0.3939,2,1,0,0.00,0.00,-1.04,-0.17,0.25,-0.18,1.40,133,31
34059,-8.5,-6.4,116.6,-0.111,-0.053,-1.008,5.7,-0.2,0.0,0.0254,0.0129,-0.1269,674,1170,720,1043,-0.01,0.00,-0.80,1.40,0.3960,2,1,0,0.00,0.00,-1.09,-0.16,0.25,-0.18,1.40,133,31
34069,5.7,-2.9,-95.4,-0.011,-0.151,-0.689,0.7,-0.4,0.0,0.0024,0.0094,0.0753,1040,786,1053,735,-0.01,0.00,-0.81,1.40,0.3941,2,1,0,-0.01,0.00,-1.07,-0.12,0.25,-0.18,1.40,133,31
34079,-2.9,0.6,114.6,-0.029,0.023,-1.031,0.8,-0.4,0.0,0.0113,0.0059,-0.1347,608,1185,672,1153,-0.01,0.00,-0.80,1.40,0.3952,2,1,0,-0.01,0.00,-1.05,-0.12,0.25,-0.18,1.42,133,31
34089,13.7,-6.1,-65.1,0.058,0.047,-0.697,-6.2,-0.4,0.0,-0.0125,0.0076,0.0559,1052,773,996,797,-0.01,0.00,-0.81,1.40,0.3940,2,1,0,-0.03,0.00,-1.02,-0.14,0.25,-0.18,1.44,133,31
34099,6.4,-8.3,29.3,0.058,0.083,-0.923,-5.8,-0.5,0.0,-0.0048,0.0149,-0.0495,748,1048,764,1040,-0.01,0.00,-0.80,1.40,0.3924,2,1,0,-0.03,0.00,-1.01,-0.12,0.25,-0.18,1.42,133,31
34109,-1.4,-10.0,40.2,0.028,0.090,-0.575,-10.7,-0.4,0.0,-0.0073,0.0077,-0.0450,856,947,812,974,-0.01,0.00,-0.80,1.40,0.3927,2,1,0,-0.05,0.00,-0.97,-0.15,0.25,-0.18,1.40,133,31
34119,-7.0,-7.2,-69.8,0.063,-0.039,-0.597,-10.2,-0.3,0.0,0.0043,0.0138,0.0496,967,872,952,821,-0.01,0.00,-0.80,1.41,0.3927,2,1,0,-0.05,0.00,-0.95,-0.16,0.25,-0.18,1.41,133,31
34129,-20.8,-12.7,110.3,-0.043,0.030,-0.940,-15.6,-0.2,0.0,0.0090,0.0135,-0.1241,685,1154,673,1100,-0.02,0.00,-0.80,1.41,0.3963,2,1,0,-0.07,0.00,-0.92,-0.19,0.25,-0.18,1.42,134,31
34140,-8.5,6.2,-94.3,-0.037,-0.145,-0.585,-14.9,0.0,0.0,0.0012,0.0044,0.0754,1065,785,1027,723,-0.02,0.00,-0.80,1.41,0.3922,2,1,0,-0.07,0.00,-0.93,-0.18,0.25,-0.18,1.45,135,31
34150,-15.0,10.7,106.6,-0.131,0.109,-1.072,-21.5,-0.1,0.0,0.0018,-0.0027,-0.1290,642,1185,649,1133,-0.02,0.00,-0.79,1.41,0.3911,2,1,0,-0.10,0.00,-0.94,-0.18,0.25,-0.18,1.43,135,31
34160,-13.3,11.1,-50.5,0.054,0.010,-0.908,-20.6,-0.1,0.0,0.0001,-0.0042,0.0304,977,812,1022,784,-0.02,0.00,-0.80,1.41,0.3929,2,1,0,-0.10,0.00,-0.95,-0.20,0.25,-0.18,1.41,135,31
34170,-31.4,18.7,20.9,0.074,-0.051,-0.824,-26.2,-0.2,0.0,0.0126,-0.0120,-0.0410,707,1029,811,1037,-0.03,0.00,-0.79,1.41,0.3911,2,1,0,-0.12,0.00,-0.95,-0.22,0.25,-0.18,1.41,136,31
34180,-14.8,12.8,47.4,0.000,0.094,-0.898,-25.1,-0.1,0.0,-0.0030,-0.0078,-0.0629,823,949,861,971,-0.03,0.00,-0.80,1.41,0.3920,2,1,0,-0.12,0.00,-0.97,-0.23,0.25,-0.18,1.42,136,31
34190,-27.7,36.0,-85.2,0.143,-0.152,-0.934,-29.6,-0.3,0.0,0.0065,-0.0317,0.0566,920,792,1045,848,-0.04,0.00,-0.80,1.41,0.3942,2,1,0,-0.14,0.00,-1.03,-0.23,0.25,-0.18,1.42,136,31
34200,-28.6,23.1,102.7,-0.068,0.157,-0.799,-28.1,-0.1,0.0,0.0059,-0.0167,-0.1223,665,1115,703,1116,-0.04,0.00,-0.79,1.41,0.3922,2,1,0,-0.14,0.00,-1.03,-0.25,0.25,-0.18,1.42,136,31
34210,-42.5,18.8,-110.8,0.160,-0.183,-0.928,-33.8,-0.2,0.0,0.0162,-0.0122,0.0907,1035,747,1136,705,-0.05,0.00,-0.80,1.41,0.3957,2,1,0,-0.17,0.00,-1.02,-0.28,0.25,-0.18,1.41,136,31
34220,-57.3,15.5,90.3,0.094,-0.039,-0.902,-32.0,-0.3,0.0,0.0263,-0.0139,-0.1166,613,1146,727,1124,-0.06,0.00,-0.79,1.41,0.3959,2,1,0,-0.17,0.00,-1.04,-0.28,0.25,-0.18,1.41,136,31
34231,-45.6,23.0,-42.4,-0.024,-0.142,-0.938,-36.2,-0.1,0.0,0.0169,-0.0162,0.0223,1007,831,1043,755,-0.06,0.00,-0.80,1.41,0.3972,2,1,0,-0.19,0.00,-1.03,-0.30,0.25,-0.18,1.42,137,31
34241,-64.8,28.4,-0.2,0.138,-0.296,-1.288,-33.9,-0.4,0.0,0.0403,-0.0207,-0.0343,726,1056,891,968,-0.07,0.00,-0.79,1.41,0.3995,2,1,0,-0.19,0.00,-1.04,-0.28,0.25,-0.18,1.43,137,31
34251,-48.2,39.4,63.8,0.014,-0.095,-1.057,-32.0,-0.5,0.0,0.0237,-0.0331,-0.0839,720,990,923,996,-0.08,0.00,-0.80,1.41,0.3979,2,1,0,-0.19,0.00,-1.08,-0.29,0.25,-0.18,1.43,137,31
34261,-47.1,36.0,-93.0,-0.012,-0.026,-1.195,-29.7,-0.7,0.0,0.0304,-0.0316,0.0711,860,847,1157,766,-0.09,0.00,-0.79,1.41,0.3960,2,1,0,-0.19,0.00,-1.09,-0.33,0.25,-0.18,1.43,137,31
34271,-52.6,8.0,109.4,0.043,-0.028,-1.356,-32.4,-0.6,0.0,0.0283,-0.0047,-0.1292,604,1165,746,1119,-0.09,0.00,-0.79,1.41,0.3966,2,1,0,-0.20,0.00,-1.08,-0.32,0.25,-0.18,1.44,138,31
34281,-36.7,9.9,-100.9,0.313,0.024,-1.092,-30.3,-0.6,0.0,0.0194,-0.0092,0.0838,1001,777,1144,711,-0.10,0.00,-0.80,1.42,0.3971,2,1,0,-0.20,0.00,-1.08,-0.32,0.25,-0.18,1.45,138,31
34291,-58.5,2.7,68.8,0.070,0.156,-1.293,-30.4,-1.0,0.0,0.0364,-0.0010,-0.0925,591,1149,801,1081,-0.11,0.00,-0.78,1.42,0.3951,2,1,0,-0.21,0.00,-1.09,-0.32,0.25,-0.18,1.45,138,31
34301,-43.5,-17.4,-31.6,0.131,0.144,-1.431,-28.5,-0.7,0.0,0.0226,0.0238,0.0115,936,896,1040,768,-0.11,0.00,-0.79,1.42,0.3983,2,1,0,-0.21,0.00,-1.08,-0.35,0.25,-0.18,1.44,138,31
34311,-51.6,-24.4,-19.4,-0.015,-0.056,-1.293,-26.3,-0.9,0.0,0.0353,0.0291,-0.0048,788,1064,915,865,-0.12,0.00,-0.78,1.42,0.3963,2,1,0,-0.21,0.00,-1.11,-0.35,0.25,-0.18,1.45,138,31
34322,-49.4,-20.9,74.8,0.006,0.103,-1.319,-20.7,-0.6,0.0,0.0363,0.0274,-0.0949,754,1131,838,920,-0.13,0.00,-0.79,1.42,0.3990,2,1,0,-0.20,0.00,-1.10,-0.37,0.25,-0.18,1.46,138,31
34332,-36.3,-17.4,-94.8,0.076,-0.035,-1.072,-19.1,-0.9,0.0,0.0265,0.0216,0.0651,970,889,1035,728,-0.13,0.00,-0.79,1.42,0.3963,2,1,0,-0.20,0.00,-1.13,-0.34,0.25,-0.18,1.44,138,31
34342,-40.8,-25.1,116.5,-0.004,0.151,-1.295,-8.2,-0.9,0.0,0.0402,0.0312,-0.1366,606,1255,700,1077,-0.14,0.00,-0.78,1.42,0.3965,2,1,0,-0.17,0.00,-1.13,-0.33,0.25,-0.18,1.43,139,31
34352,-37.3,-34.8,-102.1,0.159,-0.024,-0.998,-7.1,-0.8,0.0,0.0290,0.0373,0.0844,1068,827,1074,662,-0.14,0.00,-0.79,1.42,0.3971,2,1,0,-0.17,0.00,-1.15,-0.35,0.25,-0.18,1.45,140,31
34362,-41.7,-28.3,59.8,0.022,-0.033,-0.940,12.0,-1.2,0.0,0.0616,0.0342,-0.0800,661,1216,720,1024,-0.15,0.00,-0.78,1.42,0.3942,2,1,0,-0.10,0.00,-1.17,-0.33,0.25,-0.18,1.46,140,31
34372,-44.0,-43.4,-16.5,0.120,-0.025,-0.906,13.0,-0.7,0.0,0.0670,0.0479,0.0128,918,1024,1014,666,-0.15,0.00,-0.79,1.42,0.3961,2,1,0,-0.10,0.00,-1.18,-0.35,0.25,-0.18,1.45,140,31
34382,-20.2,-36.5,-42.2,0.010,-0.003,-0.885,42.1,-1.2,0.0,0.0717,0.0426,0.0180,842,1071,932,774,-0.15,0.00,-0.78,1.42,0.3946,2,1,0,-0.01,0.00,-1.21,-0.32,0.25,-0.18,1.44,141,31
34392,-15.8,-27.3,93.4,0.000,0.150,-0.752,42.5,-0.9,0.0,0.0662,0.0335,-0.1135,657,1267,835,860,-0.15,0.00,-0.78,1.42,0.3963,2,1,0,-0.01,0.00,-1.21,-0.33,0.25,-0.18,1.44,141,31
34402,4.3,-9.6,-97.2,0.079,0.009,-0.738,48.5,-1.2,0.0,0.0549,0.0170,0.0754,936,956,1115,625,-0.15,0.00,-0.78,1.42,0.3953,2,1,0,0.01,0.00,-1.21,-0.33,0.25,-0.18,1.44,142,31
34412,8.2,5.2,109.3,0.096,0.104,-0.936,47.8,-1.6,0.0,0.0475,0.0001,-0.1295,540,1253,765,1070,-0.15,0.00,-0.77,1.42,0.3951,2,1,0,0.01,0.00,-1.19,-0.31,0.25,-0.18,1.45,142,31
34423,37.5,15.4,-89.3,0.165,0.123,-0.912,46.5,-1.3,0.0,0.0231,-0.0097,0.0745,991,816,1124,697,-0.15,0.00,-0.78,1.42,0.3964,2,1,0,0.01,0.00,-1.20,-0.30,0.25,-0.18,1.45,143,31
34433,32.7,18.0,51.2,-0.014,0.131,-1.042,44.9,-1.8,0.0,0.0218,-0.0122,-0.0760,669,1121,788,1041,-0.14,0.00,-0.77,1.42,0.3943,2,1,0,0.01,0.00,-1.21,-0.26,0.25,-0.18,1.44,143,31
34443,32.4,-8.8,-8.2,0.002,0.022,-1.467,42.6,-1.3,0.0,0.0181,0.0145,-0.0118,953,955,933,816,-0.13,0.00,-0.78,1.42,0.4005,2,1,0,0.01,0.00,-1.21,-0.24,0.25,-0.18,1.44,144,31
34453,52.5,-25.2,-47.5,0.078,-0.123,-1.302,40.2,-1.9,0.0,-0.0019,0.0296,0.0226,909,980,883,862,-0.12,0.00,-0.77,1.42,0.3987,2,1,0,0.01,0.00,-1.20,-0.23,0.25,-0.18,1.44,144,31
34463,50.3,-31.4,104.0,-0.207,0.003,-1.203,37.3,-1.5,0.0,-0.0050,0.0369,-0.1242,764,1167,651,1043,-0.11,0.00,-0.77,1.42,0.3980,2,1,0,0.01,0.00,-1.14,-0.21,0.25,-0.18,1.45,144,31
34473,63.3,-49.8,-103.0,-0.132,-0.062,-1.024,34.3,-1.8,0.0,-0.0226,0.0503,0.0770,1132,791,944,768,-0.10,0.00,-0.77,1.42,0.3960,2,1,0,0.01,0.00,-1.09,-0.23,0.25,-0.18,1.46,143,31
34483,43.7,-49.3,104.5,-0.008,0.055,-0.903,31.5,-2.1,0.0,-0.0042,0.0544,-0.1247,715,1180,587,1123,-0.09,0.00,-0.76,1.42,0.3938,2,1,0,0.01,0.00,-0.99,-0.25,0.25,-0.18,1.45,143,31
34493,49.2,-56.3,-79.6,0.128,-0.081,-0.738,28.7,-2.0,0.0,-0.0150,0.0580,0.0623,1126,753,971,789,-0.08,0.00,-0.77,1.43,0.3950,2,1,0,0.01,0.00,-0.90,-0.25,0.25,-0.18,1.44,143,31
34503,46.8,-36.4,34.3,-0.079,0.025,-0.910,26.4,-2.1,0.0,-0.0136,0.0396,-0.0594,795,1055,692,1074,-0.08,0.00,-0.76,1.43,0.3942,2,1,0,0.01,0.00,-0.84,-0.27,0.25,-0.18,1.45,143,31
34513,34.0,-33.7,17.1,-0.045,-0.042,-0.725,24.3,-1.7,0.0,-0.0018,0.0391,-0.0372,967,945,825,887,-0.07,0.00,-0.77,1.43,0.3939,2,1,0,0.01,0.00,-0.79,-0.26,0.25,-0.18,1.47,143,31
34523,29.8,-18.6,-64.8,0.040,-0.183,-0.813,22.6,-1.8,0.0,-0.0047,0.0235,0.0321,979,893,874,859,-0.06,0.00,-0.76,1.43,0.3929,2,1,0,0.01,0.00,-0.79,-0.30,0.25,-0.18,1.46,144,31
34534,15.6,-25.4,96.8,-0.091,-0.103,-0.881,21.1,-1.5,0.0,0.0134,0.0309,-0.1169,762,1142,690,1027,-0.06,0.00,-0.76,1.43,0.3942,2,1,0,0.01,0.00,-0.79,-0.29,0.25,-0.18,1.45,144,31
34544,24.5,-11.3,-104.3,0.067,-0.250,-0.857,20.0,-1.6,0.0,0.0003,0.0116,0.0854,1073,749,1051,738,-0.05,0.00,-0.76,1.43,0.3949,2,1,0,0.01,0.00,-0.78,-0.32,0.25,-0.18,1.45,144,31
34554,19.9,0.2,109.9,-0.064,-0.030,-0.940,19.2,-1.5,0.0,0.0072,0.0040,-0.1305,641,1163,673,1132,-0.05,0.00,-0.75,1.43,0.3937,2,1,0,0.01,0.00,-0.79,-0.32,0.25,-0.18,1.45,144,31
34564,22.7,-0.4,-71.0,-0.007,-0.103,-1.073,18.4,-1.6,0.0,0.0035,0.0058,0.0508,1004,757,1077,792,-0.05,0.00,-0.77,1.43,0.3955,2,1,0,0.01,0.00,-0.82,-0.34,0.25,-0.18,1.44,144,31
34574,11.6,8.9,37.4,0.141,0.005,-1.060,18.2,-1.6,0.0,0.0158,-0.0069,-0.0626,653,1068,815,1076,-0.05,0.00,-0.75,1.43,0.3948,2,1,0,0.01,0.00,-0.82,-0.34,0.25,-0.18,1.43,144,31
34584,13.9,-4.6,29.6,-0.011,0.084,-0.994,17.5,-6.6,0.0,0.0115,0.0050,-0.0498,855,932,902,955,-0.05,0.00,-0.76,1.43,0.3947,2,1,0,0.01,-0.01,-0.82,-0.37,0.25,-0.18,1.43,144,31
34594,21.1,-4.5,-76.1,0.226,0.052,-1.261,17.5,-6.9,0.0,0.0037,-0.0044,0.0441,913,845,1012,874,-0.05,0.00,-0.75,1.43,0.3972,2,1,0,0.01,-0.01,-0.82,-0.39,0.25,-0.18,1.44,143,31
34604,2.8,-8.5,101.9,-0.059,0.130,-0.866,17.2,-15.8,0.0,0.0223,-0.0003,-0.1221,656,1111,755,1105,-0.05,0.00,-0.75,1.43,0.3944,2,1,0,0.01,-0.05,-0.82,-0.40,0.25,-0.18,1.45,143,31
34614,13.2,-25.9,-103.9,0.094,-0.004,-1.025,17.0,-15.8,0.0,0.0122,0.0153,0.0851,1035,768,1123,718,-0.04,0.00,-0.76,1.43,0.3960,2,1,0,0.01,-0.05,-0.85,-0.41,0.25,-0.18,1.46,143,31
34625,3.7,-10.4,103.6,-0.128,-0.004,-1.041,16.6,-21.6,0.0,0.0228,-0.0057,-0.1261,592,1172,737,1124,-0.04,0.00,-0.75,1.43,0.3949,2,1,0,0.01,-0.07,-0.87,-0.41,0.25,-0.18,1.46,143,31
34635,10.9,-10.9,-45.6,0.018,0.038,-1.066,15.9,-21.1,0.0,0.0149,0.0042,0.0393,1001,855,1028,759,-0.04,0.00,-0.76,1.43,0.3968,2,1,0,0.01,-0.07,-0.88,-0.43,0.25,-0.18,1.45,143,31
34645,16.2,-0.6,18.6,-0.069,-0.076,-1.056,15.2,-27.3,0.0,0.0038,-0.0183,-0.0443,755,1016,782,1074,-0.04,0.00,-0.75,1.43,0.3954,2,1,0,0.01,-0.09,-0.87,-0.43,0.25,-0.18,1.46,143,31
34655,10.6,5.7,52.7,0.013,0.130,-1.166,14.5,-26.7,0.0,0.0118,-0.0237,-0.0689,794,995,865,982,-0.04,0.00,-0.75,1.43,0.3969,2,1,0,0.01,-0.09,-0.85,-0.41,0.25,-0.18,1.47,142,31
34665,4.9,-9.1,-82.2,-0.146,-0.176,-0.835,13.9,-34.0,0.0,0.0124,-0.0122,0.0548,960,845,950,861,-0.03,0.00,-0.75,1.44,0.3952,2,1,0,0.01,-0.11,-0.86,-0.41,0.25,-0.18,1.46,142,31
34675,8.1,-38.7,112.8,0.016,0.083,-1.036,13.2,-33.1,0.0,0.0130,0.0125,-0.1330,688,1203,644,1078,-0.03,0.00,-0.75,1.44,0.3944,2,1,0,0.01,-0.11,-0.87,-0.42,0.25,-0.18,1.45,142,31
34685,4.7,-47.3,-110.4,0.217,-0.292,-0.647,12.5,-40.6,0.0,0.0098,0.0158,0.0920,1096,755,1056,702,-0.03,0.00,-0.75,1.44,0.3950,2,1,0,0.01,-0.14,-0.90,-0.45,0.25,-0.18,1.44,142,31
34695,-1.6,-43.3,92.0,0.169,-0.035,-0.708,12.0,-39.4,0.0,0.0175,0.0084,-0.1188,641,1164,672,1119,-0.03,-0.01,-0.74,1.44,0.3938,2,1,0,0.01,-0.14,-0.90,-0.47,0.25,-0.18,1.43,142,31
34705,13.6,-44.5,-49.2,0.118,-0.072,-0.593,11.4,-42.0,0.0,0.0057,0.0093,0.0289,993,787,1049,801,-0.02,-0.01,-0.75,1.44,0.3949,2,1,0,0.01,-0.16,-0.90,-0.50,0.25,-0.18,1.44,142,31
34715,-7.1,-38.5,-7.6,0.158,-0.109,-1.016,11.2,-40.4,0.0,0.0286,0.0007,-0.0171,720,1016,920,982,-0.02,-0.02,-0.74,1.44,0.3981,2,1,0,0.01,-0.16,-0.86,-0.53,0.25,-0.18,1.45,143,31
34726,5.0,-23.4,64.6,-0.081,-0.033,-0.860,10.2,-38.4,0.0,0.0132,-0.0083,-0.0849,775,1011,832,1014,-0.02,-0.02,-0.75,1.44,0.3965,2,1,0,0.01,-0.16,-0.82,-0.51,0.25,-0.18,1.45,143,31
34736,9.7,0.9,-84.9,-0.013,-0.237,-0.993,10.0,-36.3,0.0,0.0133,-0.0164,0.0576,981,883,1020,771,-0.02,-0.03,-0.74,1.44,0.3979,2,1,0,0.01,-0.16,-0.82,-0.49,0.25,-0.18,1.45,143,31
34746,2.5,-3.9,112.0,-0.195,-0.052,-1.157,9.4,-34.2,0.0,0.0149,-0.0237,-0.1323,639,1185,688,1139,-0.02,-0.04,-0.74,1.44,0.3988,2,1,0,0.01,-0.16,-0.89,-0.51,0.25,-0.18,1.46,143,31
34756,14.2,-12.6,-98.7,0.020,-0.084,-1.111,8.9,-32.4,0.0,0.0035,-0.0116,0.0791,1061,792,1060,733,-0.02,-0.04,-0.74,1.44,0.3999,2,1,0,0.01,-0.16,-0.91,-0.52,0.25,-0.18,1.47,143,31
34766,14.0,-20.9,69.6,-0.215,0.066,-0.992,8.7,-30.3,0.0,0.0029,0.0025,-0.0974,717,1155,682,1085,-0.01,-0.05,-0.73,1.44,0.3967,2,1,0,0.01,-0.16,-0.94,-0.52,0.25,-0.18,1.47,143,31
34776,8.2,-35.6,-25.8,0.036,0.096,-1.188,8.1,-28.4,0.0,0.0091,0.0237,0.0185,1024,927,925,759,-0.01,-0.06,-0.74,1.44,0.3990,2,1,0,0.01,-0.16,-0.95,-0.53,0.25,-0.18,1.47,143,31
34786,-2.0,-34.1,-21.8,0.111,-0.142,-0.976,8.1,-26.7,0.0,0.0126,0.0232,-0.0157,885,1053,777,904,-0.01,-0.06,-0.73,1.44,0.3961,2,1,0,0.01,-0.16,-0.97,-0.55,0.25,-0.18,1.45,142,31
34796,9.8,-53.5,67.2,-0.018,0.058,-1.170,7.6,-25.0,0.0,0.0058,0.0353,-0.0875,845,1115,737,933,-0.01,-0.07,-0.74,1.44,0.4006,2,1,0,0.01,-0.16,-0.97,-0.57,0.25,-0.18,1.45,142,31
34806,11.2,-32.2,-91.0,-0.074,-0.162,-0.946,7.6,-17.0,0.0,0.0050,0.0231,0.0700,1048,855,998,721,-0.01,-0.08,-0.74,1.44,0.3983,2,1,0,0.01,-0.13,-0.96,-0.57,0.25,-0.18,1.45,142,31
34816,14.3,-20.9,124.3,-0.143,0.010,-1.165,7.3,-15.5,0.0,0.0003,0.0155,-0.1450,692,1237,590,1130,-0.01,-0.08,-0.73,1.44,0.3985,2,1,0,0.01,-0.13,-0.96,-0.57,0.25,-0.18,1.44,141,31
34827,9.6,-7.8,-86.4,0.028,-0.156,-1.011,6.9,-7.7,0.0,0.0053,0.0069,0.0661,1051,801,1039,742,-0.01,-0.08,-0.74,1.44,0.4012,2,1,0,0.01,-0.11,-0.96,-0.58,0.25,-0.18,1.43,140,31
34837,11.5,-1.5,74.2,-0.046,0.008,-0.969,6.9,-7.0,0.0,0.0035,0.0000,-0.0990,673,1127,702,1127,-0.01,-0.08,-0.73,1.44,0.3976,2,1,0,0.01,-0.11,-1.01,-0.59,0.25,-0.18,1.43,139,31
34847,18.2,-5.4,-8.1,0.047,0.049,-1.038,6.1,1.6,0.0,-0.0041,0.0139,-0.0121,996,888,905,859,-0.01,-0.09,-0.74,1.44,0.4006,2,1,0,0.01,-0.08,-1.00,-0.59,0.25,-0.18,1.44,139,31
34857,8.3,-4.0,-41.2,0.128,-0.057,-0.790,6.3,1.9,0.0,0.0018,0.0107,0.0067,908,950,863,918,-0.01,-0.09,-0.73,1.44,0.3994,2,1,0,0.01,-0.08,-1.01,-0.60,0.25,-0.18,1.43,138,31
34867,6.9,-5.4,89.9,0.032,0.070,-1.150,5.8,11.0,0.0,0.0068,0.0234,-0.1103,765,1126,724,1035,0.00,-0.09,-0.73,1.44,0.4025,2,1,0,0.01,-0.05,-1.01,-0.61,0.25,-0.18,1.43,138,31
34877,16.3,-3.9,-85.1,-0.220,-0.157,-0.869,5.7,10.8,0.0,-0.0021,0.0236,0.0648,1079,853,995,735,0.00,-0.09,-0.73,1.44,0.4016,2,1,0,0.01,-0.05,-1.00,-0.63,0.25,-0.18,1.42,138,31
34887,10.4,21.7,125.1,-0.218,0.016,-1.074,5.5,10.4,0.0,0.0038,-0.0004,-0.1470,648,1225,641,1161,0.00,-0.09,-0.72,1.44,0.4029,2,1,0,0.01,-0.05,-1.01,-0.65,0.25,-0.18,1.41,138,31
34897,11.3,16.2,-74.1,-0.016,-0.047,-0.901,5.0,9.6,0.0,0.0017,0.0003,0.0537,1055,822,1031,778,0.00,-0.08,-0.73,1.43,0.4054,2,1,0,0.01,-0.05,-0.99,-0.66,0.25,-0.18,1.42,137,31
34907,10.8,26.2,62.8,-0.208,0.010,-0.898,5.1,24.4,0.0,0.0010,0.0092,-0.0979,739,1146,701,1102,0.00,-0.08,-0.72,1.43,0.4031,2,1,0,0.01,0.00,-0.99,-0.65,0.25,-0.18,1.43,137,31
34917,0.0,20.4,5.8,0.126,0.064,-0.843,4.5,23.5,0.0,0.0127,0.0100,-0.0261,965,964,896,854,0.00,-0.08,-0.73,1.43,0.4027,2,1,0,0.01,0.00,-0.96,-0.66,0.25,-0.18,1.44,136,31
34928,-6.0,24.5,-53.0,-0.025,-0.191,-0.740,4.7,22.1,0.0,0.0124,0.0111,0.0162,932,960,866,895,0.00,-0.07,-0.72,1.43,0.4002,2,1,0,0.01,0.00,-0.94,-0.64,0.25,-0.18,1.44,136,31
34938,8.9,24.0,98.9,-0.091,0.105,-0.892,4.5,20.9,0.0,0.0074,0.0085,-0.1129,734,1168,727,1032,0.00,-0.07,-0.72,1.43,0.4020,2,1,0,0.01,0.00,-0.92,-0.65,0.25,-0.18,1.43,136,31
34948,2.9,29.4,-95.0,-0.123,-0.310,-0.785,4.3,19.5,0.0,0.0054,0.0110,0.0760,1103,828,1015,716,0.00,-0.06,-0.73,1.43,0.4021,2,1,0,0.01,0.00,-0.89,-0.65,0.25,-0.18,1.43,136,31
34958,5.5,52.9,127.3,-0.142,-0.083,-0.881,4.2,17.8,0.0,0.0047,-0.0247,-0.1491,616,1193,646,1205,0.00,-0.06,-0.72,1.43,0.4002,2,1,0,0.01,0.00,-0.86,-0.66,0.25,-0.18,1.42,136,31
34968,-3.7,38.9,-63.8,-0.103,-0.249,-0.987,4.1,15.9,0.0,0.0159,-0.0160,0.0433,1000,826,1065,788,0.00,-0.05,-0.73,1.43,0.4040,2,1,0,0.01,0.00,-0.83,-0.65,0.25,-0.18,1.42,136,31
34978,-8.8,39.8,39.2,-0.029,-0.194,-0.803,4.2,14.2,0.0,0.0175,-0.0227,-0.0748,682,1052,824,1092,0.00,-0.04,-0.71,1.43,0.4009,2,1,0,0.01,0.00,-0.83,-0.65,0.25,-0.18,1.42,136,31
34988,-9.0,35.4,26.2,0.062,-0.152,-0.826,3.8,12.7,0.0,0.0210,-0.0158,-0.0467,838,958,929,948,0.00,-0.04,-0.72,1.43,0.4016,2,1,0,0.01,0.00,-0.82,-0.65,0.25,-0.18,1.42,136,31
34998,1.5,34.8,-58.9,0.028,-0.167,-0.756,4.0,11.1,0.0,0.0106,-0.0167,0.0247,886,895,970,920,0.00,-0.03,-0.72,1.43,0.4015,2,1,0,0.01,0.00,-0.82,-0.65,0.25,-0.18,1.41,135,31
35008,-3.6,28.8,99.5,-0.070,0.003,-0.905,3.9,9.8,0.0,0.0156,-0.0121,-0.1199,663,1145,778,1085,0.00,-0.03,-0.72,1.43,0.4046,2,1,0,0.01,0.00,-0.80,-0.66,0.25,-0.18,1.43,135,31
35018,4.1,22.5,-103.2,-0.005,-0.190,-0.642,3.8,8.6,0.0,0.0077,-0.0071,0.0827,1034,773,1108,752,0.00,-0.02,-0.72,1.43,0.4034,2,1,0,0.01,0.00,-0.78,-0.67,0.25,-0.18,1.45,134,31
35029,7.0,27.6,118.8,-0.077,0.058,-0.986,3.8,7.5,0.0,0.0061,-0.0142,-0.1401,599,1173,700,1193,0.00,-0.02,-0.71,1.43,0.4026,2,1,0,0.01,0.00,-0.76,-0.70,0.25,-0.18,1.44,134,31
35039,9.2,30.4,-56.5,0.057,-0.101,-0.871,3.5,6.4,0.0,0.0042,-0.0238,0.0485,978,760,1090,833,0.00,-0.02,-0.72,1.43,0.4023,2,1,0,0.01,0.00,-0.71,-0.73,0.25,-0.18,1.42,134,31
35049,1.5,37.1,45.3,0.200,0.000,-1.233,3.7,5.6,0.0,0.0121,-0.0284,-0.0707,633,1057,829,1150,0.00,-0.01,-0.71,1.43,0.4007,2,1,0,0.01,0.00,-0.68,-0.76,0.25,-0.18,1.45,134,31
35059,12.6,16.7,47.4,0.034,0.084,-1.144,3.2,4.9,0.0,-0.0013,-0.0049,-0.0679,798,931,909,1026,0.00,-0.01,-0.71,1.43,0.4014,2,1,0,0.01,0.00,-0.63,-0.76,0.25,-0.18,1.47,134,31
35069,24.7,21.7,-65.2,0.113,0.097,-1.054,3.4,4.5,0.0,-0.0043,-0.0171,0.0338,878,855,1009,897,0.00,-0.01,-0.71,1.43,0.3966,2,1,0,0.01,0.00,-0.60,-0.77,0.25,-0.18,1.45,134,31
35079,1.1,6.6,113.7,-0.030,0.163,-1.270,3.0,4.2,0.0,0.0099,0.0044,-0.1342,659,1159,698,1135,0.00,-0.01,-0.71,1.43,0.3974,2,1,0,0.01,0.00,-0.60,-0.78,0.25,-0.18,1.42,133,31
35089,2.4,8.2,-98.4,0.270,-0.025,-1.136,2.8,3.8,0.0,0.0074,-0.0014,0.0776,1037,777,1066,763,0.00,-0.01,-0.71,1.43,0.4002,2,1,0,0.01,0.00,-0.61,-0.78,0.25,-0.18,1.44,134,31
35099,-11.7,-0.4,93.9,0.019,0.071,-1.003,2.7,3.6,0.0,0.0226,0.0109,-0.1144,650,1197,690,1099,0.00,-0.01,-0.70,1.43,0.3965,2,1,0,0.01,0.00,-0.61,-0.77,0.25,-0.18,1.46,134,31
35109,0.1,-4.3,-34.3,0.015,0.009,-1.237,2.3,3.3,0.0,0.0095,0.0192,0.0283,1022,890,975,765,0.00,-0.01,-0.71,1.43,0.3985,2,1,0,0.01,0.00,-0.60,-0.77,0.25,-0.18,1.45,134,31
35120,-9.1,2.7,24.8,0.087,-0.214,-1.243,2.3,3.0,0.0,0.0183,0.0079,-0.0507,761,1098,753,1022,0.00,-0.01,-0.70,1.43,0.3972,2,1,0,0.01,0.00,-0.60,-0.78,0.25,-0.18,1.44,134,31
35130,-5.5,2.8,63.4,-0.014,-0.039,-1.220,2.0,2.5,0.0,0.0156,0.0064,-0.0840,783,1056,810,992,0.00,0.00,-0.70,1.43,0.3983,2,1,0,0.01,0.00,-0.58,-0.79,0.25,-0.18,1.45,133,31
35140,-1.5,-7.9,-74.3,0.010,-0.021,-1.131,1.9,2.0,0.0,0.0171,0.0103,0.0427,914,893,998,823,0.00,0.00,-0.70,1.43,0.3969,2,1,0,0.01,0.00,-0.56,-0.80,0.25,-0.18,1.45,132,31
35150,-6.0,-17.6,109.2,0.057,0.061,-1.337,1.6,1.8,0.0,0.0157,0.0263,-0.1298,670,1189,676,1097,0.00,0.00,-0.69,1.43,0.3966,2,1,0,0.01,0.00,-0.53,-0.79,0.25,-0.18,1.44,132,31
35160,0.6,-12.3,-104.1,0.229,-0.255,-0.990,1.4,1.3,0.0,0.0087,0.0205,0.0834,1071,759,1038,748,0.00,0.00,-0.70,1.43,0.3976,2,1,0,0.01,0.00,-0.48,-0.79,0.25,-0.18,1.44,132,31
35170,-3.3,-2.7,95.1,-0.060,0.087,-0.988,1.4,1.1,0.0,0.0124,0.0117,-0.1187,650,1200,658,1110,0.00,0.00,-0.69,1.43,0.3945,2,1,0,0.01,0.00,-0.48,-0.80,0.25,-0.18,1.42,132,31
35180,-6.8,-24.7,-41.3,0.122,-0.096,-1.240,1.3,0.5,0.0,0.0158,0.0299,0.0260,1000,848,1010,774,0.00,0.00,-0.70,1.43,0.4002,2,1,0,0.01,0.00,-0.46,-0.79,0.25,-0.18,1.41,132,31
35190,2.3,-5.5,1.9,0.162,-0.081,-0.894,1.4,0.2,0.0,0.0075,0.0098,-0.0268,770,1012,841,1007,0.00,0.00,-0.68,1.43,0.3971,2,1,0,0.01,0.00,-0.44,-0.79,0.25,-0.18,1.41,132,31
35200,-2.0,-8.9,83.2,0.001,0.022,-1.074,1.2,0.0,0.0,0.0113,0.0156,-0.1038,765,1065,790,1025,0.00,0.00,-0.69,1.43,0.3998,2,1,0,0.01,0.00,-0.46,-0.79,0.25,-0.18,1.41,131,31
35211,10.7,9.2,-81.6,0.238,-0.095,-1.036,1.2,-0.7,0.0,-0.0014,-0.0032,0.0610,926,787,1067,871,0.00,0.00,-0.68,1.43,0.3987,2,1,0,0.01,0.00,-0.46,-0.79,0.25,-0.18,1.42,131,31
35221,3.6,9.9,125.7,0.142,0.095,-1.258,1.1,-1.1,0.0,0.0055,-0.0042,-0.1464,571,1124,728,1235,0.00,0.00,-0.68,1.43,0.3999,2,1,0,0.01,0.00,-0.50,-0.79,0.25,-0.18,1.42,131,31
35231,18.6,10.8,-83.4,0.204,0.023,-1.077,0.8,-1.6,0.0,-0.0084,-0.0217,0.0666,980,712,1115,851,0.00,0.00,-0.69,1.43,0.4003,2,1,0,0.01,0.00,-0.52,-0.80,0.25,-0.18,1.42,131,31
35241,7.0,8.0,81.7,0.047,0.247,-1.159,1.0,-1.8,0.0,0.0020,-0.0031,-0.1025,608,1134,737,1175,0.00,0.00,-0.67,1.43,0.3985,2,1,0,0.01,0.00,-0.55,-0.80,0.25,-0.18,1.41,131,31
35251,4.0,7.7,-11.3,0.174,0.079,-1.228,0.7,-2.2,0.0,0.0010,-0.0102,0.0040,934,851,978,908,0.00,0.00,-0.68,1.43,0.4012,2,1,0,0.01,0.00,-0.53,-0.81,0.25,-0.18,1.44,131,31
35261,-10.6,7.0,-26.9,0.255,-0.020,-1.096,1.0,-2.4,0.0,0.0198,-0.0028,0.0062,804,982,878,985,0.00,0.00,-0.67,1.43,0.3995,2,1,0,0.01,0.00,-0.55,-0.82,0.25,-0.18,1.47,131,31
35271,-8.1,-17.2,82.2,0.067,-0.004,-1.210,0.9,-2.6,0.0,0.0115,0.0132,-0.0927,753,1081,774,1036,0.00,0.00,-0.67,1.43,0.3984,2,1,0,0.01,0.00,-0.54,-0.83,0.25,-0.18,1.44,131,31
35281,-1.2,-1.6,-89.9,-0.024,-0.208,-1.161,1.2,-2.8,0.0,0.0104,0.0054,0.0691,980,838,1037,774,0.00,0.00,-0.67,1.43,0.3976,2,1,0,0.01,0.00,-0.55,-0.82,0.25,-0.18,1.41,131,31
35291,-3.3,-5.2,126.5,-0.135,-0.004,-1.294,1.1,-2.8,0.0,0.0125,0.0090,-0.1473,640,1246,626,1139,0.00,0.01,-0.66,1.43,0.3984,2,1,0,0.01,0.00,-0.56,-0.83,0.25,-0.18,1.43,131,31
35301,7.9,-2.2,-77.7,0.094,-0.121,-1.131,1.1,-3.3,0.0,0.0011,0.0060,0.0599,1034,806,1024,776,0.00,0.01,-0.67,1.43,0.4011,2,1,0,0.01,0.00,-0.56,-0.83,0.25,-0.18,1.44,131,31
35312,13.5,-5.2,71.0,-0.076,0.078,-0.894,1.0,-3.5,0.0,-0.0044,0.0084,-0.0919,633,1155,683,1149,0.00,0.01,-0.66,1.43,0.3947,2,1,0,0.01,0.00,-0.57,-0.83,0.25,-0.18,1.42,131,31
35322,7.1,-21.5,4.8,0.055,0.027,-1.233,0.6,-3.7,0.0,-0.0043,0.0182,-0.0126,941,889,893,914,0.00,0.01,-0.67,1.43,0.3986,2,1,0,0.01,0.00,-0.58,-0.84,0.25,-0.18,1.40,131,31
35332,19.0,-8.9,-40.4,0.239,-0.093,-0.943,0.4,-4.0,0.0,-0.0105,0.0116,0.0196,883,891,856,1004,0.00,0.01,-0.66,1.43,0.3979,2,1,0,0.01,0.00,-0.60,-0.85,0.25,-0.18,1.40,130,31
35342,4.5,-18.4,91.8,0.119,0.034,-0.923,0.2,-4.3,0.0,0.0037,0.0208,-0.1126,735,1059,732,1117,0.00,0.01,-0.66,1.43,0.3998,2,1,0,0.01,0.00,-0.57,-0.86,0.25,-0.18,1.40,130,31
35352,3.5,-3.4,-91.1,0.163,-0.048,-0.960,0.3,-4.8,0.0,0.0066,-0.0158,0.0687,951,735,1122,860,0.00,0.01,-0.66,1.42,0.4004,2,1,0,0.01,0.00,-0.56,-0.88,0.25,-0.18,1.39,130,31
35362,-5.0,-4.7,117.1,0.016,0.102,-1.178,0.1,-4.8,0.0,0.0132,0.0066,-0.1379,611,1132,720,1210,0.00,0.01,-0.65,1.42,0.4028,2,1,0,0.01,0.00,-0.52,-0.88,0.25,-0.18,1.38,130,31
35372,9.6,17.8,-63.1,0.092,-0.078,-1.032,0.0,-5.0,0.0,-0.0007,-0.0217,0.0509,990,766,1079,848,0.01,0.01,-0.66,1.42,0.4037,2,1,0,0.01,0.00,-0.50,-0.86,0.25,-0.18,1.39,130,31
35382,4.0,27.2,72.1,0.026,0.090,-1.146,0.0,-5.1,0.0,0.0039,-0.0258,-0.0930,620,1145,760,1159,0.01,0.01,-0.64,1.42,0.4011,2,1,0,0.01,0.00,-0.47,-0.86,0.25,-0.18,1.39,131,31
35392,4.5,13.0,22.1,0.049,0.098,-1.395,-0.2,-5.5,0.0,0.0061,-0.0195,-0.0278,850,915,969,970,0.01,0.01,-0.65,1.42,0.4064,2,1,0,0.01,0.00,-0.42,-0.84,0.25,-0.18,1.42,130,31
35402,0.0,10.0,-44.3,0.043,0.033,-1.206,-0.2,-5.5,0.0,0.0077,-0.0090,0.0233,822,958,933,943,0.01,0.01,-0.64,1.42,0.4007,2,1,0,0.01,0.00,-0.41,-0.84,0.25,-0.18,1.44,129,31
35413,-3.1,-10.1,104.0,0.050,0.092,-1.294,-0.4,-5.6,0.0,0.0099,0.0111,-0.1229,711,1146,713,1094,0.01,0.01,-0.64,1.42,0.3991,2,1,0,0.01,0.00,-0.40,-0.85,0.25,-0.18,1.41,129,31
35423,-5.9,-4.1,-104.1,0.176,-0.101,-1.278,-0.3,-5.7,0.0,0.0136,0.0057,0.0803,1037,807,1064,740,0.01,0.02,-0.64,1.42,0.3997,2,1,0,0.01,0.00,-0.39,-0.86,0.25,-0.18,1.39,128,31
35433,-18.8,-13.6,112.7,-0.019,0.034,-1.309,-0.3,-5.7,0.0,0.0265,0.0144,-0.1337,630,1247,666,1114,0.01,0.01,-0.63,1.42,0.4004,2,1,0,0.01,0.00,-0.39,-0.88,0.25,-0.18,1.40,128,31
35443,-1.1,-29.2,-67.0,0.086,-0.094,-1.265,-0.4,-5.9,0.0,0.0091,0.0307,0.0548,1069,834,1045,719,0.01,0.02,-0.64,1.42,0.4041,2,1,0,0.01,0.00,-0.36,-0.89,0.25,-0.18,1.40,128,31
35453,9.2,-16.4,45.0,0.008,0.001,-0.978,-0.5,-5.9,0.0,-0.0018,0.0171,-0.0660,763,1123,733,1046,0.01,0.02,-0.63,1.42,0.4016,2,1,0,0.01,0.00,-0.33,-0.88,0.25,-0.18,1.40,128,31
35463,5.8,-14.6,45.6,0.037,0.059,-1.170,-0.6,-6.1,0.0,0.0023,0.0139,-0.0514,864,999,861,954,0.01,0.02,-0.63,1.42,0.4049,2,1,0,0.01,0.00,-0.31,-0.87,0.25,-0.18,1.40,127,31
35473,7.2,0.5,-50.8,0.189,0.013,-0.961,-0.7,-6.4,0.0,0.0000,-0.0005,0.0298,884,869,966,945,0.01,0.02,-0.63,1.41,0.4004,2,1,0,0.01,0.00,-0.30,-0.88,0.25,-0.18,1.41,127,31
35483,-0.6,-19.3,114.8,0.141,0.057,-1.214,-0.9,-6.5,0.0,0.0026,0.0073,-0.1303,674,1119,711,1176,0.01,0.02,-0.62,1.41,0.4024,2,1,0,0.01,0.00,-0.28,-0.88,0.25,-0.18,1.42,127,31
35493,18.6,-8.9,-92.5,0.256,-0.015,-0.895,-1.0,-6.7,0.0,-0.0133,0.0033,0.0712,1004,714,1081,853,0.01,0.02,-0.63,1.41,0.3991,2,1,0,0.01,0.00,-0.27,-0.87,0.25,-0.18,1.41,127,31
35503,1.6,-8.9,110.2,0.024,0.254,-1.015,-1.0,-6.4,0.0,0.0043,0.0082,-0.1331,640,1178,657,1175,0.01,0.02,-0.62,1.41,0.3969,2,1,0,0.01,0.00,-0.26,-0.87,0.25,-0.18,1.41,126,31
35514,-1.0,-9.7,-64.7,0.233,0.001,-1.253,-1.1,-6.6,0.0,0.0041,0.0010,0.0537,1022,784,1047,808,0.01,0.02,-0.63,1.41,0.4002,2,1,0,0.01,0.00,-0.24,-0.87,0.25,-0.18,1.41,126,31
35524,-15.5,-6.5,25.3,0.201,0.013,-0.991,-1.0,-6.5,0.0,0.0225,0.0065,-0.0464,724,1077,802,1030,0.01,0.02,-0.61,1.41,0.3981,2,1,0,0.01,0.00,-0.25,-0.89,0.25,-0.18,1.42,126,31
35534,-11.3,-15.9,51.2,-0.080,-0.089,-1.091,-1.2,-6.4,0.0,0.0119,0.0154,-0.0556,863,1012,838,947,0.01,0.02,-0.62,1.41,0.3979,2,1,0,0.01,0.00,-0.24,-0.89,0.25,-0.18,1.41,126,31
35544,0.2,-3.6,-67.6,0.045,-0.232,-1.230,-1.2,-4.1,0.0,0.0065,0.0059,0.0465,946,927,932,843,0.01,0.02,-0.61,1.41,0.3992,2,1,0,0.01,0.00,-0.23,-0.89,0.25,-0.18,1.41,125,31
35554,-4.0,4.7,120.7,-0.148,-0.034,-1.171,-1.4,-4.2,0.0,0.0087,0.0026,-0.1402,661,1201,653,1140,0.01,0.02,-0.61,1.41,0.3985,2,1,0,0.01,0.00,-0.23,-0.90,0.25,-0.18,1.41,126,31
35564,6.5,0.1,-100.7,0.074,-0.133,-1.276,-1.4,-4.4,0.0,0.0000,0.0018,0.0796,1051,776,1039,780,0.01,0.02,-0.61,1.41,0.4008,2,1,0,0.01,0.00,-0.21,-0.89,0.25,-0.18,1.41,126,31
35574,9.2,-4.2,89.9,-0.101,-0.008,-0.932,-1.5,-4.4,0.0,-0.0049,0.0065,-0.1205,631,1167,652,1195,0.01,0.02,-0.60,1.41,0.3972,2,1,0,0.01,0.00,-0.22,-0.89,0.25,-0.18,1.39,126,31
35584,7.5,-12.9,-38.9,0.113,0.034,-1.241,-1.7,-4.7,0.0,-0.0023,0.0144,0.0220,1024,824,974,838,0.01,0.02,-0.61,1.41,0.4015,2,1,0,0.01,0.00,-0.22,-0.89,0.25,-0.18,1.38,126,31
35594,3.2,-11.6,4.3,0.250,-0.107,-1.030,-1.7,-4.8,0.0,-0.0044,0.0086,-0.0413,797,1018,762,1080,0.01,0.02,-0.60,1.41,0.4010,2,1,0,0.01,0.00,-0.24,-0.89,0.25,-0.18,1.39,126,31
35605,-2.2,-29.6,61.0,0.190,-0.020,-1.107,-1.8,-7.2,0.0,0.0069,0.0263,-0.0776,834,1009,811,1012,0.01,0.02,-0.60,1.41,0.4032,2,1,0,0.01,0.00,-0.26,-0.88,0.25,-0.18,1.41,126,31
35615,10.2,-22.2,-75.7,0.136,-0.091,-0.816,-1.7,-7.5,0.0,-0.0039,0.0213,0.0545,930,823,1031,869,0.01,0.02,-0.60,1.41,0.3998,2,1,0,0.01,0.00,-0.29,-0.88,0.25,-0.18,1.39,127,31
35625,2.5,-18.8,131.8,-0.035,0.199,-1.370,-1.7,-7.4,0.0,0.0104,0.0132,-0.1479,635,1207,682,1156,0.01,0.02,-0.59,1.41,0.4033,2,1,0,0.01,0.00,-0.32,-0.86,0.25,-0.18,1.38,126,31
35635,10.5,0.3,-81.3,0.255,-0.166,-0.969,-1.8,-7.8,0.0,-0.0044,-0.0017,0.0601,1008,753,1075,834,0.01,0.02,-0.60,1.41,0.4028,2,1,0,0.01,0.00,-0.32,-0.87,0.25,-0.18,1.37,125,31
35645,-1.9,10.0,100.6,0.079,0.121,-1.087,-1.8,-7.8,0.0,0.0103,-0.0191,-0.1324,578,1167,721,1216,0.01,0.02,-0.58,1.41,0.4002,2,1,0,0.01,0.00,-0.33,-0.87,0.25,-0.18,1.36,125,31
35655,13.0,-6.7,-19.8,-0.023,0.036,-1.302,-1.9,-8.0,0.0,-0.0069,0.0051,-0.0013,945,841,1029,889,0.01,0.02,-0.59,1.41,0.4046,2,1,0,0.01,0.00,-0.29,-0.87,0.25,-0.18,1.38,125,31
35665,14.8,0.7,-5.4,0.097,0.057,-1.114,-1.7,-8.0,0.0,-0.0087,-0.0023,-0.0157,744,1026,880,1023,0.01,0.02,-0.58,1.40,0.4027,2,1,0,0.01,0.00,-0.30,-0.85,0.25,-0.18,1.40,124,31
35675,1.2,1.5,73.8,-0.051,0.174,-1.141,-1.9,-8.0,0.0,0.0018,-0.0062,-0.0838,773,1036,813,1056,0.01,0.02,-0.59,1.40,0.4014,2,1,0,0.01,0.00,-0.28,-0.86,0.25,-0.18,1.40,125,31
35685,-0.6,11.3,-96.2,0.166,-0.021,-1.121,-1.7,-8.0,0.0,0.0068,-0.0131,0.0750,979,826,1042,818,0.01,0.02,-0.58,1.40,0.4011,2,1,0,0.01,0.00,-0.28,-0.86,0.25,-0.18,1.41,126,31
35695,-11.0,-7.1,113.0,-0.095,0.142,-1.152,-1.6,-7.9,0.0,0.0174,0.0055,-0.1343,643,1195,690,1129,0.01,0.02,-0.58,1.40,0.3993,2,1,0,0.01,0.00,-0.27,-0.86,0.25,-0.18,1.39,126,31
35706,1.1,-14.6,-83.1,0.026,0.027,-1.250,-1.6,-7.9,0.0,0.0056,0.0156,0.0672,1073,807,1057,725,0.01,0.02,-0.58,1.40,0.4014,2,1,0,0.01,0.00,-0.26,-0.86,0.25,-0.18,1.37,126,31
35716,-0.8,-4.5,85.0,0.019,-0.019,-1.112,-1.6,-7.8,0.0,0.0063,0.0046,-0.1101,657,1194,663,1158,0.01,0.02,-0.57,1.40,0.4014,2,1,0,0.01,0.00,-0.28,-0.88,0.25,-0.18,1.38,126,31
35726,1.3,-2.8,-3.5,0.047,-0.010,-1.166,-1.7,-8.0,0.0,0.0031,0.0016,-0.0127,957,888,945,892,0.01,0.02,-0.58,1.40,0.4038,2,1,0,0.01,0.00,-0.26,-0.89,0.25,-0.18,1.38,126,31
35736,6.5,-9.2,-14.2,0.146,0.097,-0.965,-1.7,-8.0,0.0,-0.0003,0.0075,-0.0070,793,990,856,1034,0.01,0.02,-0.57,1.40,0.3999,2,1,0,0.01,0.00,-0.25,-0.90,0.25,-0.18,1.37,126,31
35746,-6.4,-31.0,86.7,0.090,0.131,-1.295,-1.8,-8.1,0.0,0.0054,0.0191,-0.0994,763,1000,821,1105,0.01,0.02,-0.57,1.40,0.4039,2,1,0,0.01,0.00,-0.21,-0.90,0.25,-0.18,1.36,126,31
35756,3.7,-16.8,-89.0,0.285,-0.138,-0.878,-1.9,-8.2,0.0,0.0023,0.0149,0.0677,996,776,1012,885,0.01,0.02,-0.57,1.40,0.4021,2,1,0,0.01,0.00,-0.20,-0.88,0.25,-0.18,1.36,126,31
35766,-12.7,-17.0,116.5,0.060,0.112,-1.009,-1.7,-7.9,0.0,0.0138,0.0144,-0.1391,653,1203,666,1160,0.01,0.02,-0.56,1.40,0.4011,2,1,0,0.01,0.00,-0.18,-0.88,0.25,-0.18,1.36,126,31
35776,-8.9,-26.8,-98.3,0.159,-0.057,-1.096,-1.7,-8.1,0.0,0.0139,0.0215,0.0789,1062,773,1102,755,0.01,0.02,-0.57,1.40,0.4036,2,1,0,0.01,0.00,-0.17,-0.87,0.25,-0.18,1.36,125,31
35786,-17.3,-19.2,75.0,0.087,-0.129,-1.014,-1.4,-7.9,0.0,0.0238,0.0176,-0.0964,656,1171,735,1113,0.01,0.02,-0.55,1.40,0.4027,2,1,0,0.01,0.00,-0.16,-0.88,0.25,-0.18,1.37,125,31
35796,-12.9,-6.9,0.6,-0.039,-0.174,-0.964,-1.5,-7.9,0.0,0.0185,0.0050,-0.0161,941,912,965,875,0.01,0.02,-0.56,1.39,0.4035,2,1,0,0.01,0.00,-0.14,-0.84,0.25,-0.18,1.37,125,31
35807,0.6,11.8,-30.3,0.122,-0.164,-1.221,-1.4,-7.8,0.0,0.0057,-0.0135,0.0089,844,1013,881,951,0.01,0.02,-0.55,1.39,0.4032,2,1,0,0.01,0.00,-0.14,-0.85,0.25,-0.18,1.38,125,31
35817,0.9,6.5,96.7,-0.098,0.030,-1.166,-1.6,-8.0,0.0,0.0032,-0.0080,-0.1100,720,1095,753,1119,0.01,0.02,-0.55,1.39,0.4031,2,1,0,0.01,0.00,-0.13,-0.85,0.25,-0.18,1.38,125,31
35827,9.8,10.1,-98.6,0.028,-0.006,-1.237,-1.5,-8.1,0.0,-0.0034,-0.0120,0.0772,1019,776,1050,825,0.01,0.02,-0.55,1.39,0.4030,2,1,0,0.01,0.00,-0.12,-0.87,0.25,-0.18,1.39,125,31
35837,0.1,-5.7,109.8,-0.004,0.007,-0.962,-1.7,-8.0,0.0,0.0060,0.0039,-0.1312,687,1174,651,1158,0.01,0.02,-0.55,1.39,0.4000,2,1,0,0.01,0.00,-0.11,-0.87,0.25,-0.18,1.38,125,31
35847,0.3,-11.2,-78.2,0.177,-0.025,-1.164,-1.7,-8.2,0.0,0.0042,0.0106,0.0591,1085,797,1019,780,0.01,0.02,-0.55,1.39,0.4030,2,1,0,0.01,0.00,-0.09,-0.87,0.25,-0.18,1.38,125,31
35857,-12.1,-17.7,57.2,0.114,-0.051,-0.945,-1.5,-8.1,0.0,0.0185,0.0158,-0.0787,723,1152,697,1095,0.01,0.02,-0.54,1.39,0.4014,2,1,0,0.01,0.00,-0.09,-0.87,0.25,-0.18,1.37,125,31
35867,-8.5,-36.9,18.8,0.107,0.036,-1.172,-1.4,-8.2,0.0,0.0144,0.0355,-0.0230,945,997,891,852,0.01,0.02,-0.55,1.39,0.4037,2,1,0,0.01,0.00,-0.09,-0.88,0.25,-0.18,1.37,125,31
35877,8.4,-31.0,-32.9,0.071,-0.120,-0.894,-1.3,-8.2,0.0,-0.0019,0.0291,0.0114,906,1000,845,913,0.01,0.02,-0.54,1.39,0.4015,2,1,0,0.01,0.00,-0.09,-0.88,0.25,-0.18,1.37,125,31
35887,2.7,-15.3,118.9,-0.095,0.117,-1.083,-1.2,-8.1,0.0,0.0039,0.0134,-0.1404,713,1208,677,1086,0.01,0.02,-0.54,1.39,0.4025,2,1,0,0.01,0.00,-0.08,-0.86,0.25,-0.18,1.37,125,31
35897,-2.2,-13.1,-95.9,0.028,-0.057,-0.881,-1.1,-8.4,0.0,0.0072,0.0099,0.0723,1024,799,1023,811,0.01,0.02,-0.54,1.39,0.4000,2,1,0,0.01,0.00,-0.06,-0.84,0.25,-0.18,1.37,125,31
35908,-7.3,-3.3,119.0,-0.074,0.168,-0.859,-1.0,-8.3,0.0,0.0143,0.0011,-0.1405,602,1217,662,1169,0.01,0.02,-0.53,1.39,0.3982,2,1,0,0.01,0.00,-0.06,-0.84,0.25,-0.18,1.37,125,31
35918,-3.9,-11.1,-67.8,0.040,-0.060,-0.874,-1.0,-8.5,0.0,0.0027,0.0083,0.0543,1047,802,1023,799,0.01,0.02,-0.54,1.39,0.3994,2,1,0,0.01,0.00,-0.05,-0.85,0.25,-0.18,1.38,125,31
35928,-2.2,2.9,35.1,0.002,0.023,-0.862,-0.9,-8.3,0.0,0.0073,-0.0011,-0.0676,732,1112,730,1071,0.01,0.02,-0.53,1.39,0.3980,2,1,0,0.01,0.00,-0.05,-0.87,0.25,-0.18,1.39,125,31
35938,-4.9,4.1,35.3,0.014,0.027,-0.775,-0.8,-8.5,0.0,0.0126,-0.0063,-0.0514,851,968,901,932,0.01,0.03,-0.53,1.39,0.3974,2,1,0,0.01,0.00,-0.02,-0.86,0.25,-0.18,1.39,125,31
35948,-6.8,20.0,-61.7,0.012,0.042,-0.985,-0.7,-8.5,0.0,0.0170,-0.0201,0.0306,883,895,995,873,0.01,0.03,-0.53,1.39,0.3985,2,1,0,0.01,0.00,-0.02,-0.85,0.25,-0.18,1.39,125,31
35958,-7.7,14.2,115.8,-0.101,0.033,-0.889,-0.7,-8.4,0.0,0.0149,-0.0166,-0.1374,692,1171,741,1057,0.01,0.03,-0.52,1.39,0.3986,2,1,0,0.01,0.00,-0.01,-0.84,0.25,-0.18,1.39,125,31
35968,-2.4,15.1,-88.6,-0.029,-0.067,-1.021,-0.7,-8.5,0.0,0.0113,-0.0041,0.0670,1038,831,1036,744,0.01,0.03,-0.53,1.39,0.4000,2,1,0,0.01,0.00,0.00,-0.84,0.25,-0.18,1.37,126,31
35978,-3.3,29.3,119.9,-0.125,0.038,-1.032,-0.8,-8.5,0.0,0.0094,-0.0289,-0.1437,611,1200,650,1189,0.01,0.03,-0.52,1.39,0.3995,2,1,0,0.01,0.00,0.02,-0.84,0.25,-0.18,1.35,126,31
35988,-4.9,7.9,-56.4,0.055,0.079,-1.072,-0.8,-8.7,0.0,0.0121,-0.0106,0.0348,1011,846,1021,789,0.01,0.03,-0.53,1.39,0.4019,2,1,0,0.01,0.00,0.04,-0.82,0.25,-0.18,1.37,126,31
35998,-2.9,1.6,36.1,-0.169,0.059,-0.777,-0.8,-8.7,0.0,0.0049,0.0005,-0.0756,731,1104,723,1087,0.01,0.03,-0.51,1.39,0.3995,2,1,0,0.01,0.00,0.05,-0.83,0.25,-0.18,1.39,126,31
36008,-13.9,-9.4,46.5,0.065,0.056,-0.780,-0.7,-8.7,0.0,0.0219,0.0118,-0.0584,840,1053,842,916,0.01,0.03,-0.52,1.39,0.3987,2,1,0,0.01,0.00,0.03,-0.82,0.25,-0.18,1.38,126,31
36019,-24.8,-6.0,-79.3,0.191,-0.195,-0.828,-0.7,-8.8,0.0,0.0242,0.0036,0.0446,944,891,969,837,0.01,0.03,-0.51,1.39,0.3988,2,1,0,0.01,0.00,0.02,-0.82,0.25,-0.18,1.37,126,31
36029,-11.7,-5.1,110.5,0.141,0.013,-0.817,-0.7,-8.8,0.0,0.0184,0.0020,-0.1310,649,1182,703,1108,0.01,0.03,-0.51,1.39,0.4003,2,1,0,0.01,0.00,0.02,-0.82,0.25,-0.18,1.37,126,31
36039,-1.8,-4.8,-100.2,0.024,-0.020,-0.609,-0.5,-8.9,0.0,0.0091,0.0019,0.0786,1026,780,1112,731,0.01,0.03,-0.52,1.39,0.3986,2,1,0,0.01,0.00,0.04,-0.82,0.25,-0.18,1.38,125,31
36049,-8.8,5.5,105.3,-0.095,0.002,-1.106,-0.6,-8.7,0.0,0.0217,-0.0097,-0.1331,594,1200,724,1145,0.01,0.03,-0.50,1.39,0.4020,2,1,0,0.01,0.00,0.05,-0.83,0.25,-0.18,1.38,125,31
36059,0.4,30.1,-37.2,0.043,-0.075,-0.869,-0.9,-8.8,0.0,0.0065,-0.0331,0.0155,941,816,1049,856,0.01,0.03,-0.51,1.39,0.4010,2,1,0,0.01,0.00,0.05,-0.81,0.25,-0.18,1.38,126,31
36069,0.5,41.5,6.1,-0.061,-0.004,-1.066,-0.9,-8.7,0.0,0.0076,-0.0385,-0.0456,731,1018,838,1075,0.01,0.03,-0.50,1.39,0.4012,2,1,0,0.01,0.00,0.03,-0.80,0.25,-0.18,1.38,126,31
36079,15.8,20.2,59.8,0.039,0.104,-1.098,-1.1,-9.0,0.0,-0.0090,-0.0233,-0.0814,768,977,855,1069,0.01,0.03,-0.51,1.39,0.4017,2,1,0,0.01,0.00,0.03,-0.78,0.25,-0.18,1.37,126,31
36089,9.2,20.7,-84.5,-0.115,0.085,-1.046,-1.0,-8.9,0.0,-0.0023,-0.0237,0.0628,935,814,1047,858,0.01,0.03,-0.50,1.39,0.4017,2,1,0,0.01,0.00,0.02,-0.77,0.25,-0.18,1.37,126,31
36099,5.9,9.5,114.4,0.080,0.128,-1.102,-1.2,-8.8,0.0,-0.0006,-0.0115,-0.1360,673,1148,665,1170,0.01,0.03,-0.50,1.38,0.4004,2,1,0,0.01,0.00,0.00,-0.78,0.25,-0.18,1.36,126,31
36109,1.2,5.1,-99.6,0.257,-0.004,-0.975,-0.9,-8.9,0.0,0.0061,-0.0059,0.0790,1055,779,1074,756,0.01,0.03,-0.50,1.38,0.4028,2,1,0,0.01,0.00,0.00,-0.78,0.25,-0.18,1.37,126,31
36120,-12.2,3.1,90.8,-0.022,0.154,-1.048,-0.8,-8.9,0.0,0.0176,-0.0095,-0.1235,610,1175,705,1162,0.01,0.03,-0.49,1.38,0.4009,2,1,0,0.01,0.00,0.00,-0.79,0.25,-0.18,1.38,126,31
36130,0.6,-15.8,-25.0,0.066,0.068,-1.097,-0.7,-8.9,0.0,0.0065,0.0129,0.0033,986,874,1002,791,0.01,0.03,-0.50,1.38,0.4026,2,1,0,0.01,0.00,0.02,-0.78,0.25,-0.18,1.38,126,31
36140,1.2,-7.0,-2.1,0.048,-0.100,-1.017,-0.5,-8.8,0.0,0.0056,0.0034,-0.0250,790,1026,824,1012,0.01,0.03,-0.49,1.38,0.4013,2,1,0,0.01,0.00,0.02,-0.78,0.25,-0.18,1.37,126,31
36150,4.2,-3.0,91.8,0.001,0.095,-1.020,-0.5,-8.9,0.0,0.0030,0.0000,-0.1135,717,1074,785,1073,0.01,0.03,-0.49,1.38,0.4019,2,1,0,0.01,0.00,0.02,-0.77,0.25,-0.18,1.36,126,31
36160,5.4,10.8,-87.3,0.036,-0.038,-0.785,-0.3,-9.2,0.0,0.0079,-0.0261,0.0572,902,789,1087,872,0.01,0.03,-0.49,1.38,0.4002,2,1,0,0.01,0.00,0.01,-0.78,0.25,-0.18,1.38,126,31
36170,0.9,-2.5,115.9,0.027,0.127,-1.170,-0.5,-9.1,0.0,0.0060,-0.0088,-0.1393,587,1141,716,1225,0.01,0.03,-0.48,1.38,0.4018,2,1,0,0.01,0.00,0.00,-0.77,0.25,-0.18,1.39,126,31
36180,22.8,8.1,-95.5,0.121,0.024,-0.858,-0.5,-9.3,0.0,-0.0155,-0.0115,0.0737,1030,693,1105,833,0.01,0.03,-0.49,1.38,0.3996,2,1,0,0.01,0.00,0.00,-0.74,0.25,-0.18,1.38,126,31
36190,5.5,5.2,69.8,-0.066,0.225,-1.067,-0.4,-9.1,0.0,0.0036,-0.0128,-0.1041,640,1116,742,1158,0.01,0.03,-0.48,1.38,0.3992,2,1,0,0.01,0.00,-0.01,-0.75,0.25,-0.18,1.37,126,31
36200,15.4,7.1,-27.9,0.016,0.245,-1.194,-0.4,-9.2,0.0,-0.0079,-0.0133,0.0111,937,817,1004,904,0.01,0.03,-0.49,1.38,0.4003,2,1,0,0.01,0.00,-0.02,-0.73,0.25,-0.18,1.37,126,31
36210,-0.4,12.2,-37.2,0.129,0.264,-1.164,-0.2,-9.1,0.0,0.0080,-0.0155,0.0154,815,927,948,970,0.01,0.03,-0.48,1.38,0.4010,2,1,0,0.01,0.00,-0.04,-0.74,0.25,-0.18,1.37,126,31
36220,0.2,-7.8,80.3,-0.012,0.201,-1.263,-0.3,-8.9,0.0,0.0041,0.0016,-0.0890,760,1077,777,1067,0.01,0.03,-0.48,1.38,0.4013,2,1,0,0.01,0.00,-0.04,-0.73,0.25,-0.18,1.37,126,31
36231,1.8,0.5,-85.6,0.014,-0.070,-1.165,-0.1,-8.8,0.0,0.0058,-0.0035,0.0637,920,748,961,700,0.01,0.03,-0.48,1.38,0.3570,2,1,0,0.01,0.00,-0.04,-0.73,0.25,-0.18,1.38,126,31
36241,-1.9,0.8,117.7,-0.121,0.144,-1.252,-0.1,-8.7,0.0,0.0087,0.0012,-0.1418,560,1131,575,1078,0.01,0.03,-0.47,1.38,0.3579,2,1,0,0.01,0.00,-0.04,-0.73,0.25,-0.18,1.37,125,31
36251,2.9,-11.1,-77.2,0.151,0.000,-1.134,-0.1,-8.9,0.0,0.0048,0.0080,0.0553,967,721,959,715,0.01,0.03,-0.48,1.38,0.3640,2,1,0,0.01,0.00,-0.03,-0.72,0.25,-0.18,1.37,125,31
36261,4.0,-13.7,61.2,0.061,0.154,-0.838,0.0,-9.0,0.0,0.0038,0.0106,-0.0831,601,1042,671,1066,0.01,0.03,-0.47,1.38,0.3624,2,1,0,0.01,0.00,-0.05,-0.72,0.25,-0.18,1.36,125,31
36271,3.3,-19.1,5.5,0.183,0.122,-0.967,0.0,-9.2,0.0,0.0036,0.0098,-0.0230,767,791,829,842,0.01,0.03,-0.48,1.38,0.3439,2,1,0,0.01,0.00,-0.07,-0.73,0.25,-0.18,1.36,125,31
36281,15.5,-1.8,-51.9,0.147,0.079,-0.972,0.1,-9.1,0.0,-0.0061,-0.0047,0.0252,744,793,861,861,0.01,0.03,-0.47,1.38,0.3477,2,1,0,0.01,0.00,-0.10,-0.73,0.25,-0.18,1.37,125,31
36291,5.9,11.0,96.7,0.054,0.280,-1.046,0.1,-9.1,0.0,0.0035,-0.0178,-0.1161,561,986,691,1056,0.01,0.03,-0.47,1.38,0.3523,2,1,0,0.01,0.00,-0.11,-0.72,0.25,-0.18,1.39,126,31
36301,-0.2,17.5,-102.3,0.000,-0.253,-0.993,0.0,-9.0,0.0,0.0082,-0.0208,0.0803,949,661,977,728,0.01,0.03,-0.47,1.38,0.3579,2,1,0,0.01,0.00,-0.09,-0.72,0.25,-0.18,1.38,126,31
36311,2.9,18.4,112.2,-0.137,0.107,-0.726,0.0,-8.8,0.0,0.0037,-0.0154,-0.1391,545,1099,581,1102,0.01,0.03,-0.46,1.38,0.3590,2,1,0,0.01,0.00,-0.08,-0.72,0.25,-0.18,1.37,126,31
36322,-1.6,0.6,-71.8,0.161,-0.065,-0.514,-0.2,-8.9,0.0,0.0094,-0.0038,0.0499,983,721,957,712,0.01,0.03,-0.48,1.38,0.3608,2,1,0,0.01,0.00,-0.05,-0.70,0.25,-0.18,1.37,126,31
36332,-10.6,21.5,40.9,0.054,-0.079,-0.716,-0.2,-8.8,0.0,0.0170,-0.0227,-0.0681,647,1035,695,1023,0.01,0.03,-0.46,1.38,0.3645,2,1,0,0.01,0.00,-0.04,-0.71,0.25,-0.18,1.38,126,31
36342,-9.4,-2.6,23.1,0.002,-0.012,-1.280,-0.3,-8.6,0.0,0.0163,0.0027,-0.0396,835,953,825,852,0.01,0.03,-0.47,1.38,0.3711,2,1,0,0.01,0.00,-0.05,-0.70,0.25,-0.18,1.39,126,31
36352,-13.7,-13.5,-61.4,0.224,-0.200,-0.971,-0.5,-8.8,0.0,0.0213,0.0105,0.0394,896,858,886,818,0.01,0.03,-0.46,1.38,0.3735,2,1,0,0.01,0.00,-0.06,-0.70,0.25,-0.18,1.39,127,31
36362,-5.3,-44.9,97.3,0.115,0.081,-1.093,-0.6,-8.6,0.0,0.0092,0.0365,-0.1147,694,1117,641,1017,0.01,0.02,-0.46,1.38,0.3776,2,1,0,0.01,0.00,-0.08,-0.70,0.25,-0.18,1.37,127,31
36372,-6.0,-23.0,-102.9,0.320,-0.264,-0.553,-0.6,-8.9,0.0,0.0133,0.0199,0.0810,971,718,1068,711,0.01,0.02,-0.47,1.37,0.3772,2,1,0,0.01,0.00,-0.07,-0.68,0.25,-0.18,1.35,127,31
36382,-8.1,-11.3,109.7,0.124,0.074,-0.788,-0.6,-8.9,0.0,0.0141,0.0006,-0.1335,523,1080,700,1194,0.01,0.02,-0.46,1.37,0.3800,2,1,0,0.01,0.00,-0.04,-0.69,0.25,-0.18,1.35,127,31
36392,-6.6,13.4,-62.7,-0.055,-0.066,-1.017,-0.6,-8.6,0.0,0.0136,-0.0177,0.0447,940,765,1052,782,0.01,0.03,-0.47,1.37,0.3848,2,1,0,0.01,0.00,0.00,-0.67,0.25,-0.18,1.35,127,31
36402,-5.7,15.0,27.3,-0.166,-0.166,-0.837,-0.7,-8.1,0.0,0.0130,-0.0176,-0.0493,730,1045,734,1020,0.01,0.02,-0.45,1.37,0.3857,2,1,0,0.01,0.00,0.00,-0.67,0.25,-0.18,1.37,127,31
36412,3.8,14.6,53.1,-0.162,0.081,-0.730,-0.7,-7.9,0.0,0.0053,0.0011,-0.0593,808,1013,781,937,0.01,0.02,-0.46,1.37,0.3861,2,1,0,0.01,0.00,-0.02,-0.67,0.25,-0.18,1.38,127,31
36422,4.1,3.8,-69.5,-0.031,-0.136,-0.875,-0.8,-7.9,0.0,0.0028,-0.0061,0.0475,971,863,879,817,0.01,0.02,-0.46,1.37,0.3846,2,1,0,0.01,0.00,-0.06,-0.68,0.25,-0.18,1.37,127,31
36433,0.1,-0.3,118.3,-0.094,-0.038,-0.801,-1.0,-7.8,0.0,0.0067,-0.0019,-0.1403,646,1173,619,1109,0.01,0.02,-0.45,1.36,0.3851,2,1,0,0.01,0.00,-0.09,-0.68,0.25,-0.18,1.35,127,31
36443,13.7,4.2,-102.7,-0.005,0.010,-0.873,-1.1,-8.2,0.0,-0.0064,-0.0073,0.0808,911,606,939,647,0.01,0.02,-0.46,1.36,0.3244,2,1,0,0.01,0.00,-0.08,-0.69,0.25,-0.18,1.34,127,31
36453,-3.9,9.2,93.8,-0.050,0.026,-1.022,-1.1,-8.0,0.0,0.0107,-0.0117,-0.1158,498,1019,580,1023,0.01,0.02,-0.45,1.36,0.3267,2,1,0,0.01,0.00,-0.09,-0.71,0.25,-0.18,1.34,127,31
36463,8.8,-0.2,-53.5,-0.054,0.118,-1.301,-1.1,-8.1,0.0,-0.0022,-0.0021,0.0316,864,708,883,693,0.01,0.02,-0.46,1.36,0.3306,2,1,0,0.01,0.00,-0.07,-0.71,0.25,-0.18,1.34,127,31
36473,-1.4,-23.6,3.9,-0.059,0.054,-1.154,-1.2,-7.9,0.0,0.0096,0.0218,-0.0313,695,949,690,833,0.01,0.02,-0.45,1.35,0.3358,2,1,0,0.01,0.00,-0.08,-0.73,0.25,-0.18,1.33,127,31
36483,-6.3,-43.3,47.1,0.108,0.098,-1.043,-1.4,-8.0,0.0,0.0128,0.0411,-0.0691,734,977,652,835,0.01,0.02,-0.46,1.35,0.3425,2,1,0,0.01,0.00,-0.05,-0.72,0.25,-0.18,1.32,126,31
36493,13.6,-18.4,-90.9,0.145,-0.017,-0.602,-1.4,-8.3,0.0,-0.0055,0.0038,0.0605,906,694,918,723,0.01,0.02,-0.45,1.35,0.3460,2,1,0,0.01,0.00,-0.02,-0.73,0.25,-0.18,1.34,126,31
36503,-5.9,9.8,112.6,0.059,0.066,-0.621,-1.6,-8.3,0.0,0.0122,-0.0125,-0.1346,493,1035,637,1084,0.01,0.02,-0.45,1.34,0.3473,2,1,0,0.01,0.00,-0.01,-0.72,0.25,-0.18,1.36,126,31
36513,-1.3,13.3,-98.3,-0.040,0.019,-1.020,-1.7,-7.9,0.0,0.0049,-0.0081,0.0776,963,680,983,681,0.01,0.02,-0.46,1.34,0.3529,2,1,0,0.01,0.00,-0.03,-0.72,0.25,-0.18,1.35,126,31
36523,1.1,19.5,78.1,-0.200,-0.024,-0.815,-2.0,-7.6,0.0,0.0047,-0.0217,-0.1001,641,1068,566,1038,0.01,0.02,-0.44,1.34,0.3544,2,1,0,0.01,0.00,-0.06,-0.72,0.25,-0.18,1.33,125,31
36533,-1.2,-30.9,-27.0,-0.018,-0.064,-0.894,-2.3,-7.8,0.0,0.0028,0.0325,0.0094,984,844,792,739,0.01,0.02,-0.45,1.34,0.3607,2,1,0,0.01,0.00,-0.04,-0.71,0.25,-0.18,1.33,125,31
36544,10.3,-38.7,-9.3,0.289,0.009,-1.110,-2.2,-7.9,0.0,-0.0051,0.0350,-0.0288,841,972,709,875,0.01,0.02,-0.44,1.33,0.3652,2,1,0,0.01,0.00,0.00,-0.72,0.25,-0.18,1.32,124,31
36554,14.8,-3.8,68.0,0.236,0.136,-1.042,-2.3,-8.2,0.0,-0.0093,0.0012,-0.0900,707,968,721,1025,0.01,0.02,-0.45,1.33,0.3682,2,1,0,0.01,0.00,0.00,-0.72,0.25,-0.18,1.32,124,31
36564,-3.8,22.5,-93.1,0.020,-0.188,-1.049,-2.4,-8.2,0.0,0.0093,-0.0253,0.0711,907,702,1049,785,0.01,0.02,-0.45,1.33,0.3730,2,1,0,0.01,0.00,-0.02,-0.72,0.25,-0.18,1.32,124,31
36574,-10.9,25.6,113.4,-0.100,-0.083,-0.773,-2.5,-7.9,0.0,0.0155,-0.0264,-0.1350,563,1102,660,1112,0.01,0.02,-0.44,1.32,0.3735,2,1,0,0.01,0.00,-0.03,-0.73,0.25,-0.18,1.31,124,31
36584,-13.2,2.2,-108.9,0.058,-0.359,-0.551,-2.7,-7.8,0.0,0.0185,-0.0045,0.0869,1033,712,1037,673,0.01,0.02,-0.45,1.32,0.3723,2,1,0,0.01,0.00,-0.02,-0.72,0.25,-0.18,1.29,124,31
36594,-12.6,3.9,72.7,-0.031,-0.115,-0.723,-2.7,-7.5,0.0,0.0109,0.0018,-0.1050,660,1102,656,1050,0.01,0.02,-0.44,1.31,0.3738,2,1,0,0.01,0.00,-0.01,-0.73,0.25,-0.18,1.29,124,31
36604,-3.5,-8.0,-29.5,0.024,-0.174,-0.895,-2.7,-7.7,0.0,0.0086,0.0058,0.0075,942,834,913,819,0.01,0.02,-0.45,1.31,0.3766,2,1,0,0.01,0.00,0.00,-0.72,0.25,-0.18,1.29,124,31
36614,-12.0,-14.4,-41.4,0.189,-0.023,-1.241,-2.5,-7.5,0.0,0.0179,0.0110,0.0023,847,950,877,850,0.01,0.02,-0.44,1.30,0.3803,2,1,0,0.01,0.00,0.00,-0.71,0.25,-0.18,1.29,124,31
36624,-2.9,-24.3,71.7,0.072,0.082,-1.282,-2.7,-7.4,0.0,0.0080,0.0226,-0.0938,751,1081,705,996,0.01,0.02,-0.44,1.30,0.3844,2,1,0,0.01,0.00,-0.01,-0.71,0.25,-0.18,1.29,124,31
36634,0.1,-40.3,-101.3,0.098,-0.071,-0.925,-2.5,-7.4,0.0,0.0107,0.0278,0.0763,1026,801,1011,681,0.01,0.02,-0.44,1.29,0.3851,2,1,0,0.01,0.00,-0.03,-0.70,0.25,-0.18,1.30,124,31
36645,-4.7,-29.8,107.7,0.065,0.149,-1.100,-2.8,-7.4,0.0,0.0098,0.0281,-0.1297,614,1173,645,1076,0.02,0.02,-0.44,1.29,0.3834,2,1,0,0.01,0.00,-0.07,-0.70,0.25,-0.18,1.30,124,31
36655,5.8,-17.8,-85.2,0.069,-0.018,-0.586,-3.0,-7.5,0.0,-0.0010,0.0159,0.0632,1012,745,1012,733,0.02,0.02,-0.45,1.29,0.3829,2,1,0,0.01,0.00,-0.10,-0.71,0.25,-0.18,1.31,124,31
36665,3.6,10.2,70.5,-0.170,0.120,-0.905,-3.0,-7.2,0.0,0.0040,-0.0123,-0.0966,617,1091,722,1079,0.02,0.02,-0.43,1.28,0.3821,2,1,0,0.01,0.00,-0.13,-0.71,0.25,-0.18,1.32,124,31
36675,2.3,26.8,13.7,0.018,0.027,-0.634,-3.3,-7.2,0.0,0.0034,-0.0284,-0.0304,810,869,916,914,0.02,0.02,-0.44,1.28,0.3811,2,1,0,0.01,0.00,-0.11,-0.70,0.25,-0.18,1.29,124,31
36685,4.8,47.8,-43.9,-0.153,-0.017,-0.934,-3.4,-7.0,0.0,-0.0003,-0.0451,0.0164,831,859,911,927,0.02,0.02,-0.44,1.28,0.3817,2,1,0,0.01,0.00,-0.09,-0.70,0.25,-0.18,1.27,124,31
36695,4.7,41.4,96.9,-0.184,0.103,-0.954,-3.5,-7.0,0.0,-0.0005,-0.0432,-0.1190,635,1054,736,1119,0.02,0.02,-0.44,1.27,0.3835,2,1,0,0.01,0.00,-0.09,-0.69,0.25,-0.18,1.28,124,31
36705,-6.8,27.8,-110.8,-0.085,-0.022,-0.958,-3.6,-6.9,0.0,0.0117,-0.0253,0.0877,1009,737,1061,726,0.02,0.02,-0.44,1.27,0.3852,2,1,0,0.01,0.00,-0.08,-0.69,0.25,-0.18,1.29,124,31
36715,0.0,11.2,106.7,-0.143,0.040,-0.694,-3.7,-6.7,0.0,0.0040,-0.0126,-0.1288,647,1166,619,1101,0.02,0.02,-0.43,1.26,0.3816,2,1,0,0.01,0.00,-0.10,-0.67,0.25,-0.18,1.27,124,31
36725,-7.4,-20.2,-77.6,-0.047,-0.023,-1.067,-3.8,-6.8,0.0,0.0129,0.0280,0.0662,1062,832,992,681,0.02,0.02,-0.44,1.26,0.3889,2,1,0,0.01,0.00,-0.11,-0.66,0.25,-0.18,1.25,124,31
36736,5.0,-15.0,34.5,-0.023,0.015,-0.873,-3.9,-6.7,0.0,-0.0012,0.0138,-0.0566,781,1082,693,999,0.02,0.02,-0.43,1.25,0.3869,2,1,0,0.01,0.00,-0.15,-0.65,0.25,-0.18,1.26,124,31
36746,-5.2,-32.3,16.4,0.049,0.023,-1.018,-4.1,-6.6,0.0,0.0090,0.0313,-0.0385,919,995,803,861,0.02,0.02,-0.44,1.25,0.3888,2,1,0,0.01,0.00,-0.17,-0.66,0.25,-0.18,1.26,124,31
36756,6.7,-28.3,-61.1,0.217,0.008,-0.939,-4.1,-6.6,0.0,-0.0090,0.0242,0.0270,988,873,870,844,0.02,0.02,-0.43,1.24,0.3879,2,1,0,0.01,0.00,-0.15,-0.67,0.25,-0.18,1.25,124,31
36766,-15.8,-26.2,90.7,0.158,-0.073,-1.051,-4.2,-6.5,0.0,0.0194,0.0252,-0.1128,745,1108,684,1044,0.02,0.02,-0.44,1.24,0.3899,2,1,0,0.01,0.00,-0.14,-0.69,0.25,-0.18,1.24,124,31
36776,-5.5,-33.3,-105.8,0.306,-0.152,-0.910,-4.2,-6.8,0.0,0.0060,0.0166,0.0835,1057,759,1051,728,0.02,0.02,-0.44,1.23,0.3906,2,1,0,0.01,0.00,-0.09,-0.69,0.25,-0.18,1.22,124,31
36786,-11.0,-35.2,100.4,0.105,0.056,-1.222,-4.2,-6.5,0.0,0.0146,0.0343,-0.1225,669,1200,666,1067,0.02,0.02,-0.43,1.23,0.3912,2,1,0,0.01,0.00,-0.07,-0.69,0.25,-0.18,1.20,124,31
36796,1.0,-31.9,-65.3,0.169,-0.048,-1.123,-4.3,-6.5,0.0,0.0023,0.0175,0.0556,1033,803,1012,769,0.02,0.02,-0.44,1.22,0.3953,2,1,0,0.01,0.00,-0.03,-0.70,0.25,-0.18,1.20,123,31
36806,3.2,-16.1,34.5,0.052,0.000,-1.194,-4.2,-6.2,0.0,0.0022,0.0142,-0.0607,750,1081,772,1016,0.02,0.02,-0.43,1.22,0.3943,2,1,0,0.01,0.00,-0.03,-0.69,0.25,-0.18,1.21,123,31
36816,2.2,-6.7,42.2,0.017,-0.009,-1.227,-4.4,-6.3,0.0,0.0010,0.0059,-0.0643,826,1004,833,978,0.02,0.02,-0.44,1.21,0.3975,2,1,0,0.01,0.00,-0.02,-0.69,0.25,-0.18,1.20,123,31
36826,-5.0,13.5,-69.3,0.150,-0.172,-1.180,-4.4,-6.3,0.0,0.0087,-0.0155,0.0432,909,842,998,874,0.02,0.02,-0.43,1.20,0.3956,2,1,0,0.01,0.00,-0.03,-0.70,0.25,-0.18,1.20,123,31
36837,-4.5,-14.4,98.9,0.094,-0.097,-1.319,-4.5,-6.2,0.0,0.0077,0.0137,-0.1210,686,1143,683,1124,0.02,0.02,-0.43,1.20,0.3968,2,1,0,0.01,0.00,-0.02,-0.70,0.25,-0.18,1.19,123,31
36847,6.5,-1.8,-102.0,0.102,-0.160,-1.162,-4.4,-6.4,0.0,0.0030,-0.0096,0.0790,1009,743,1096,776,0.02,0.02,-0.44,1.19,0.3968,2,1,0,0.01,0.00,-0.02,-0.71,0.25,-0.18,1.18,123,31
36857,-2.4,-13.2,88.3,0.003,-0.013,-1.127,-4.5,-6.3,0.0,0.0057,0.0078,-0.1128,644,1122,707,1147,0.02,0.02,-0.43,1.19,0.3956,2,1,0,0.01,0.00,-0.02,-0.72,0.25,-0.18,1.17,123,31
36867,13.4,-12.9,-58.4,0.110,0.023,-1.312,-4.7,-6.2,0.0,-0.0105,0.0121,0.0363,1028,801,969,825,0.02,0.02,-0.44,1.18,0.3972,2,1,0,0.01,0.00,-0.01,-0.70,0.25,-0.18,1.18,123,31
36877,10.7,-12.1,5.1,0.013,0.016,-1.036,-4.7,-6.0,0.0,-0.0081,0.0122,-0.0331,829,1016,765,998,0.02,0.02,-0.43,1.18,0.3942,2,1,0,0.01,0.00,0.00,-0.70,0.25,-0.18,1.18,123,31
36887,7.9,-14.6,36.9,0.104,0.117,-1.280,-4.8,-6.2,0.0,-0.0051,0.0138,-0.0590,850,967,827,968,0.02,0.02,-0.44,1.17,0.3966,2,1,0,0.01,0.00,0.00,-0.71,0.25,-0.18,1.17,123,31
36897,1.4,-11.7,-94.0,0.100,-0.105,-1.003,-4.9,-6.1,0.0,-0.0010,0.0062,0.0612,1009,801,991,800,0.02,0.02,-0.43,1.17,0.3950,2,1,0,0.01,0.00,0.00,-0.71,0.25,-0.18,1.16,124,31
36907,6.3,-28.7,102.1,0.072,0.089,-1.151,-5.0,-6.1,0.0,-0.0037,0.0280,-0.1242,706,1137,660,1128,0.02,0.02,-0.43,1.16,0.3965,2,1,0,0.01,0.00,-0.02,-0.71,0.25,-0.18,1.16,125,31
36917,7.6,-19.9,-99.2,0.057,-0.082,-1.071,-5.0,-6.2,0.0,-0.0052,0.0168,0.0786,1075,741,1047,745,0.02,0.02,-0.44,1.16,0.3973,2,1,0,0.01,0.00,-0.02,-0.71,0.25,-0.18,1.16,125,31
36927,9.2,-8.8,93.7,-0.041,-0.014,-1.148,-5.0,-6.0,0.0,-0.0074,0.0069,-0.1189,677,1133,648,1164,0.02,0.02,-0.42,1.15,0.3959,2,1,0,0.01,0.00,-0.03,-0.70,0.25,-0.18,1.15,125,31
36938,13.8,-3.5,-26.6,0.122,-0.008,-1.153,-5.0,-6.2,0.0,-0.0146,-0.0014,0.0186,981,820,941,891,0.02,0.02,-0.44,1.15,0.3992,2,1,0,0.01,0.00,-0.03,-0.70,0.25,-0.18,1.15,125,31
36948,11.5,4.3,-1.6,0.122,-0.004,-0.935,-5.0,-6.3,0.0,-0.0101,-0.0094,-0.0261,787,921,831,1061,0.02,0.02,-0.43,1.14,0.3931,2,1,0,0.01,0.00,-0.06,-0.69,0.25,-0.18,1.14,124,31
36958,8.4,-3.0,69.7,0.128,0.161,-1.231,-5.0,-6.5,0.0,-0.0058,0.0019,-0.0919,738,996,771,1111,0.02,0.02,-0.43,1.14,0.3953,2,1,0,0.01,0.00,-0.09,-0.68,0.25,-0.18,1.14,124,31
36968,17.1,-11.6,-93.3,0.054,-0.027,-0.729,-4.9,-6.4,0.0,-0.0170,0.0018,0.0652,994,735,996,865,0.02,0.02,-0.43,1.13,0.3932,2,1,0,0.01,0.00,-0.11,-0.69,0.25,-0.18,1.14,124,31
36978,5.9,-22.6,113.0,0.024,0.258,-1.237,-4.9,-6.2,0.0,-0.0032,0.0219,-0.1352,656,1154,651,1162,0.02,0.02,-0.43,1.13,0.3938,2,1,0,0.01,0.00,-0.13,-0.69,0.25,-0.18,1.14,124,31
36988,2.7,-25.8,-100.5,0.290,-0.290,-1.145,-4.9,-6.4,0.0,-0.0101,0.0121,0.0803,1088,722,1021,773,0.02,0.02,-0.43,1.12,0.3956,2,1,0,0.01,0.00,-0.15,-0.68,0.25,-0.18,1.15,124,31
36998,-0.1,-11.3,70.7,0.170,-0.035,-0.891,-4.8,-6.2,0.0,0.0029,0.0104,-0.0929,683,1093,675,1145,0.02,0.02,-0.42,1.12,0.3913,2,1,0,0.01,0.00,-0.17,-0.69,0.25,-0.18,1.14,124,31
37008,-7.0,-24.3,-26.7,0.111,-0.080,-1.122,-4.7,-6.4,0.0,0.0042,0.0115,0.0180,956,859,946,844,0.02,0.02,-0.44,1.11,0.3934,2,1,0,0.01,0.00,-0.17,-0.68,0.25,-0.18,1.12,124,31
37018,-7.3,-18.7,-37.5,0.211,-0.172,-0.935,-4.5,-6.5,0.0,0.0104,0.0176,0.0153,811,924,928,932,0.02,0.02,-0.43,1.11,0.3921,2,1,0,0.01,0.00,-0.17,-0.68,0.25,-0.18,1.12,125,31
37029,-13.1,-20.5,81.1,-0.035,0.000,-1.042,-4.5,-6.3,0.0,0.0177,0.0111,-0.0911,734,1059,787,1022,0.02,0.02,-0.43,1.10,0.3940,2,1,0,0.01,0.00,-0.14,-0.69,0.25,-0.18,1.11,125,31
37039,16.3,-8.5,-90.8,0.082,-0.142,-0.993,-4.4,-6.3,0.0,-0.0113,0.0048,0.0682,1018,770,1040,789,0.02,0.02,-0.43,1.10,0.3948,2,1,0,0.01,0.00,-0.13,-0.69,0.25,-0.18,1.11,125,31
37049,1.5,-5.6,109.0,-0.227,0.133,-1.195,-4.3,-6.0,0.0,0.0016,0.0049,-0.1311,643,1188,684,1108,0.02,0.02,-0.42,1.09,0.3946,2,1,0,0.01,0.00,-0.12,-0.70,0.25,-0.18,1.11,125,31
37059,13.4,9.7,-79.0,0.168,-0.113,-1.113,-4.4,-6.4,0.0,-0.0119,-0.0155,0.0616,1018,733,1038,837,0.02,0.02,-0.43,1.09,0.3965,2,1,0,0.01,0.00,-0.10,-0.71,0.25,-0.18,1.11,125,31
37069,13.9,19.1,50.0,0.121,0.194,-0.935,-4.2,-6.4,0.0,-0.0106,-0.0202,-0.0722,674,1018,768,1151,0.02,0.02,-0.42,1.08,0.3930,2,1,0,0.01,0.00,-0.09,-0.72,0.25,-0.18,1.11,125,31
37079,8.0,0.5,-0.9,-0.052,0.085,-1.138,-4.3,-6.6,0.0,-0.0074,-0.0135,-0.0071,888,850,937,962,0.02,0.02,-0.43,1.08,0.3955,2,1,0,0.01,0.00,-0.06,-0.72,0.25,-0.18,1.10,125,31
37089,17.4,5.5,-44.7,0.075,0.113,-1.144,-4.1,-6.4,0.0,-0.0140,-0.0066,0.0225,863,868,938,953,0.02,0.02,-0.42,1.07,0.3950,2,1,0,0.01,0.00,-0.05,-0.74,0.25,-0.18,1.10,125,31
37099,2.9,-7.7,78.8,-0.017,0.053,-0.996,-4.3,-6.4,0.0,0.0003,0.0066,-0.1009,759,1056,726,1081,0.02,0.02,-0.43,1.07,0.3941,2,1,0,0.01,0.00,-0.04,-0.73,0.25,-0.18,1.09,125,31
37109,10.1,5.4,-106.0,0.187,-0.025,-1.199,-4.2,-6.6,0.0,-0.0111,-0.0109,0.0802,1050,714,1057,810,0.02,0.02,-0.43,1.07,0.3950,2,1,0,0.01,0.00,-0.03,-0.73,0.25,-0.18,1.09,125,31
37119,-12.9,9.6,102.2,-0.009,0.065,-1.063,-4.1,-6.4,0.0,0.0164,-0.0108,-0.1243,659,1142,682,1141,0.02,0.02,-0.42,1.06,0.3943,2,1,0,0.01,0.00,-0.05,-0.73,0.25,-0.18,1.08,125,31
37129,-6.1,-13.2,-84.3,0.148,-0.045,-1.092,-4.0,-6.6,0.0,0.0092,0.0112,0.0658,1056,789,1053,738,0.02,0.02,-0.43,1.06,0.3961,2,1,0,0.01,0.00,-0.05,-0.72,0.25,-0.18,1.07,125,31
37140,-13.6,-23.0,41.9,0.004,0.001,-1.068,-3.8,-6.5,0.0,0.0215,0.0226,-0.0713,752,1141,767,971,0.02,0.02,-0.42,1.05,0.3955,2,1,0,0.01,0.00,-0.05,-0.73,0.25,-0.18,1.06,126,31
37150,-7.4,-22.9,21.5,-0.027,0.029,-1.036,-3.9,-6.6,0.0,0.0110,0.0215,-0.0437,901,1010,846,883,0.02,0.02,-0.43,1.05,0.3965,2,1,0,0.01,0.00,-0.04,-0.72,0.25,-0.18,1.06,125,31
37160,-6.6,-4.2,-53.7,0.128,-0.131,-1.255,-3.7,-6.5,0.0,0.0081,0.0137,0.0194,953,937,907,839,0.02,0.02,-0.43,1.04,0.3979,2,1,0,0.01,0.00,-0.02,-0.71,0.25,-0.18,1.05,125,31
37170,-5.9,4.4,102.0,-0.175,-0.003,-1.020,-3.7,-6.6,0.0,0.0097,-0.0059,-0.1242,704,1168,691,1092,0.02,0.02,-0.43,1.04,0.3981,2,1,0,0.01,0.00,-0.01,-0.70,0.25,-0.18,1.04,125,31
37180,-16.7,16.3,-103.6,-0.043,-0.112,-1.197,-3.5,-6.8,0.0,0.0238,-0.0046,0.0781,1020,821,1087,722,0.02,0.02,-0.43,1.03,0.3988,2,1,0,0.01,0.00,-0.01,-0.70,0.25,-0.18,1.03,126,31
37190,-19.3,3.8,96.3,-0.021,-0.021,-1.015,-3.5,-6.9,0.0,0.0250,-0.0007,-0.1221,635,1200,711,1092,0.02,0.02,-0.42,1.02,0.3976,2,1,0,0.01,0.00,-0.01,-0.69,0.25,-0.18,1.03,126,31
37200,-3.2,-11.8,-72.6,0.011,0.056,-1.056,-3.5,-7.0,0.0,0.0090,0.0128,0.0540,1049,855,1028,724,0.02,0.02,-0.43,1.02,0.3994,2,1,0,0.01,0.00,0.01,-0.70,0.25,-0.18,1.02,126,31
37210,-3.7,-14.0,26.1,-0.133,-0.006,-0.951,-3.5,-7.0,0.0,0.0098,0.0143,-0.0533,793,1083,782,969,0.02,0.02,-0.42,1.01,0.3985,2,1,0,0.01,0.00,0.02,-0.71,0.25,-0.18,1.00,126,31
37220,-8.4,0.1,27.9,0.063,0.047,-0.873,-3.5,-7.0,0.0,0.0123,-0.0020,-0.0500,834,1035,886,895,0.02,0.02,-0.43,1.01,0.3993,2,1,0,0.01,0.00,0.04,-0.69,0.25,-0.18,1.01,126,31
37230,-12.9,8.4,-79.6,0.008,-0.094,-0.905,-3.7,-6.9,0.0,0.0172,0.0014,0.0454,965,859,1025,788,0.02,0.02,-0.43,1.00,0.3985,2,1,0,0.01,0.00,0.06,-0.69,0.25,-0.18,1.01,125,31
37241,0.0,17.1,98.7,0.059,0.138,-0.974,-3.7,-7.0,0.0,0.0037,-0.0191,-0.1208,655,1128,733,1120,0.02,0.02,-0.43,1.00,0.3989,2,1,0,0.01,0.00,0.08,-0.68,0.25,-0.18,1.01,125,31
37251,-6.3,-5.8,-107.7,0.011,0.077,-0.832,-3.7,-7.1,0.0,0.0118,0.0045,0.0868,1058,781,1096,694,0.02,0.02,-0.43,0.99,0.3985,2,1,0,0.01,0.00,0.08,-0.66,0.25,-0.18,1.01,125,31
37261,-6.8,2.5,93.0,-0.058,0.018,-1.089,-3.8,-7.1,0.0,0.0096,-0.0049,-0.1174,651,1141,706,1131,0.02,0.02,-0.42,0.99,0.3988,2,1,0,0.01,0.00,0.08,-0.67,0.25,-0.18,1.00,125,31
37271,0.4,-0.8,-45.1,-0.040,0.115,-0.854,-3.9,-7.0,0.0,0.0031,-0.0010,0.0229,999,870,979,794,0.02,0.02,-0.44,0.98,0.4007,2,1,0,0.01,0.00,0.09,-0.66,0.25,-0.18,0.99,125,31
37281,-0.6,6.7,13.6,-0.070,0.030,-1.044,-3.9,-7.0,0.0,0.0019,-0.0033,-0.0521,800,1004,820,1009,0.02,0.02,-0.42,0.98,0.3980,2,1,0,0.01,0.00,0.10,-0.67,0.25,-0.18,0.99,125,31
37291,0.3,5.3,54.6,0.106,0.197,-1.287,-3.9,-7.2,0.0,0.0031,-0.0075,-0.0767,776,1011,813,1048,0.02,0.02,-0.43,0.97,0.4016,2,1,0,0.01,0.00,0.10,-0.65,0.25,-0.18,0.98,125,31
37301,-4.0,0.5,-81.9,0.051,0.016,-0.842,-3.9,-7.2,0.0,0.0043,-0.0048,0.0464,977,818,1012,820,0.02,0.02,-0.43,0.97,0.3978,2,1,0,0.01,0.00,0.10,-0.65,0.25,-0.18,0.98,125,31
37311,-1.3,-18.2,99.9,0.056,0.276,-1.228,-3.8,-7.2,0.0,0.0050,0.0162,-0.1221,681,1164,683,1125,0.02,0.02,-0.43,0.96,0.3998,2,1,0,0.01,0.00,0.10,-0.65,0.25,-0.18,0.97,126,31
37321,-3.9,-20.5,-110.6,0.162,-0.082,-1.184,-3.7,-7.3,0.0,0.0064,0.0119,0.0890,1087,775,1066,705,0.02,0.02,-0.44,0.96,0.4014,2,1,0,0.01,0.00,0.09,-0.65,0.25,-0.18,0.97,126,31
37331,-6.3,-14.1,80.1,0.032,0.000,-0.963,-3.6,-7.1,0.0,0.0102,0.0121,-0.1023,694,1146,678,1106,0.02,0.02,-0.42,0.95,0.3968,2,1,0,0.01,0.00,0.08,-0.66,0.25,-0.18,0.97,127,31
37342,-10.4,-20.7,-50.8,0.224,-0.162,-1.200,-3.4,-7.3,0.0,0.0105,0.0114,0.0413,989,873,986,790,0.02,0.02,-0.44,0.95,0.3999,2,1,0,0.01,0.00,0.08,-0.65,0.25,-0.18,0.97,127,31
37352,-20.7,-7.4,-30.1,0.274,-0.204,-0.911,-3.3,-7.3,0.0,0.0250,0.0052,0.0080,814,945,937,916,0.02,0.02,-0.43,0.94,0.3965,2,1,0,0.01,0.00,0.06,-0.65,0.25,-0.18,0.98,127,31
37362,-21.4,-17.9,57.0,-0.012,-0.078,-1.058,-3.2,-7.2,0.0,0.0251,0.0145,-0.0751,766,1058,812,964,0.02,0.02,-0.43,0.94,0.3940,2,1,0,0.01,0.00,0.08,-0.63,0.25,-0.18,0.96,127,31
37372,-0.1,-30.2,-98.7,0.000,-0.136,-0.954,-2.9,-7.1,0.0,0.0074,0.0269,0.0743,1056,826,1009,699,0.02,0.02,-0.43,0.93,0.3935,2,1,0,0.01,0.00,0.08,-0.62,0.25,-0.18,0.94,127,31
37382,-3.7,-27.9,99.1,-0.229,0.116,-1.052,-2.6,-6.8,0.0,0.0177,0.0323,-0.1174,704,1224,670,1014,0.02,0.02,-0.43,0.93,0.3943,2,1,0,0.01,0.00,0.06,-0.62,0.25,-0.18,0.94,127,31
37392,0.4,-34.8,-96.0,0.076,-0.196,-1.028,-2.6,-7.0,0.0,0.0031,0.0329,0.0757,1110,816,997,695,0.01,0.02,-0.44,0.92,0.3963,2,1,0,0.01,0.00,0.04,-0.62,0.25,-0.18,0.94,127,31
37402,12.1,-1.0,66.2,-0.029,0.048,-0.784,-2.4,-7.0,0.0,-0.0071,-0.0009,-0.0884,730,1086,688,1101,0.01,0.02,-0.43,0.92,0.3947,2,1,0,0.01,0.00,0.01,-0.62,0.25,-0.18,0.93,127,31
37412,2.9,-6.9,-27.2,0.005,0.037,-1.000,-2.2,-7.3,0.0,-0.0003,-0.0022,0.0178,934,865,941,875,0.01,0.02,-0.44,0.91,0.3948,2,1,0,0.01,0.00,0.02,-0.62,0.25,-0.18,0.92,127,31
37422,8.5,-2.4,-37.9,-0.041,0.013,-0.828,-2.0,-7.3,0.0,-0.0031,0.0002,0.0157,889,865,906,955,0.01,0.02,-0.43,0.91,0.3946,2,1,0,0.01,0.00,0.02,-0.63,0.25,-0.18,0.92,127,31
37433,-1.1,-14.9,65.1,-0.003,0.028,-0.614,-1.9,-7.1,0.0,0.0057,0.0124,-0.0729,777,1075,752,1006,0.01,0.02,-0.44,0.90,0.3941,2,1,0,0.01,0.00,0.02,-0.62,0.25,-0.18,0.91,127,31
37443,10.0,2.1,-104.4,0.145,-0.164,-0.758,-2.0,-7.4,0.0,-0.0067,-0.0070,0.0817,1051,709,1056,793,0.01,0.02,-0.44,0.90,0.3938,2,1,0,0.01,0.00,0.03,-0.63,0.25,-0.18,0.90,127,31
37453,-6.9,15.1,100.8,0.091,-0.080,-0.773,-1.9,-7.3,0.0,0.0125,-0.0176,-0.1229,629,1102,732,1154,0.01,0.02,-0.43,0.89,0.3950,2,1,0,0.01,0.00,0.03,-0.63,0.25,-0.18,0.89,127,31
37463,-4.4,10.2,-95.5,0.151,-0.165,-0.547,-1.8,-7.6,0.0,0.0074,-0.0197,0.0824,1005,722,1108,769,0.01,0.02,-0.44,0.88,0.3934,2,1,0,0.01,0.00,0.04,-0.63,0.25,-0.18,0.89,128,31
37473,-10.4,17.7,54.3,0.060,-0.060,-0.866,-1.6,-7.5,0.0,0.0162,-0.0203,-0.0764,640,1055,838,1091,0.01,0.02,-0.43,0.88,0.3958,2,1,0,0.01,0.00,0.04,-0.63,0.25,-0.18,0.89,128,31
37483,-4.6,16.2,-4.9,-0.031,0.024,-0.687,-1.7,-7.5,0.0,0.0104,-0.0189,-0.0170,837,896,956,928,0.01,0.02,-0.44,0.87,0.3950,2,1,0,0.01,0.00,0.04,-0.62,0.25,-0.18,0.87,128,31
37493,8.2,21.8,-44.0,-0.089,-0.036,-1.057,-1.6,-7.3,0.0,-0.0001,-0.0202,0.0157,891,868,959,912,0.01,0.02,-0.44,0.87,0.3968,2,1,0,0.01,0.00,0.03,-0.62,0.25,-0.18,0.87,128,31
37503,6.8,19.2,91.7,-0.103,0.137,-1.203,-1.6,-7.3,0.0,0.0001,-0.0199,-0.1109,680,1085,749,1130,0.01,0.02,-0.44,0.86,0.3986,2,1,0,0.01,0.00,0.02,-0.61,0.25,-0.18,0.86,128,31
37513,1.9,33.1,-99.6,0.137,-0.150,-0.992,-1.6,-7.3,0.0,0.0047,-0.0340,0.0763,983,730,1113,811,0.01,0.02,-0.44,0.86,0.3977,2,1,0,0.01,0.00,0.00,-0.61,0.25,-0.18,0.85,128,31
37523,-3.0,21.2,98.2,0.037,-0.005,-1.221,-1.7,-7.4,0.0,0.0087,-0.0237,-0.1203,613,1105,739,1181,0.01,0.02,-0.44,0.85,0.3977,2,1,0,0.01,0.00,0.00,-0.61,0.25,-0.18,0.85,128,31
37534,9.8,17.9,-84.9,0.015,-0.023,-1.278,-1.6,-7.5,0.0,0.0030,-0.0271,0.0689,986,737,1100,828,0.01,0.02,-0.45,0.85,0.3997,2,1,0,0.01,0.00,-0.01,-0.60,0.25,-0.18,0.84,128,31
37544,-2.5,7.4,31.4,0.064,-0.008,-1.201,-1.5,-7.3,0.0,0.0085,-0.0098,-0.0535,738,1023,845,1030,0.01,0.02,-0.43,0.84,0.3976,2,1,0,0.01,0.00,-0.02,-0.61,0.25,-0.18,0.84,128,31
37554,7.6,-1.3,3.3,0.027,0.175,-1.301,-1.7,-7.2,0.0,-0.0056,-0.0036,-0.0123,891,917,884,952,0.01,0.02,-0.45,0.83,0.3984,2,1,0,0.01,0.00,-0.02,-0.60,0.25,-0.18,0.83,128,31
37564,2.1,3.6,-71.8,0.117,-0.094,-1.224,-1.7,-7.0,0.0,0.0036,-0.0058,0.0497,974,835,992,831,0.01,0.02,-0.44,0.83,0.3970,2,1,0,0.01,0.00,0.00,-0.59,0.25,-0.18,0.83,128,31
37574,-9.8,-6.7,81.4,0.023,0.022,-1.191,-1.8,-7.2,0.0,0.0097,0.0031,-0.0977,711,1117,736,1069,0.01,0.02,-0.44,0.82,0.3972,2,1,0,0.01,0.00,0.00,-0.59,0.25,-0.18,0.82,127,31
37584,-7.2,-13.5,-118.7,0.106,-0.146,-1.209,-1.6,-7.3,0.0,0.0130,0.0111,0.0966,1084,772,1097,685,0.01,0.02,-0.45,0.82,0.3977,2,1,0,0.01,0.00,0.00,-0.58,0.25,-0.18,0.82,127,31
37594,-8.9,-20.2,92.3,-0.108,0.038,-1.051,-1.6,-7.2,0.0,0.0156,0.0173,-0.1184,687,1193,680,1069,0.01,0.02,-0.44,0.81,0.3966,2,1,0,0.01,0.00,0.00,-0.59,0.25,-0.18,0.81,127,31
37604,-2.1,-20.5,-75.8,0.001,-0.025,-1.149,-1.5,-7.2,0.0,0.0079,0.0182,0.0538,1078,848,1002,715,0.01,0.02,-0.45,0.81,0.3985,2,1,0,0.01,0.00,0.02,-0.58,0.25,-0.18,0.81,128,31
37615,0.4,0.3,20.0,-0.147,-0.095,-1.003,-1.6,-7.1,0.0,-0.0010,0.0139,-0.0558,831,1038,774,989,0.01,0.02,-0.44,0.80,0.3969,2,1,0,0.01,0.00,0.03,-0.59,0.25,-0.18,0.80,128,31
37625,4.2,5.1,28.8,-0.117,0.024,-1.020,-1.5,-7.3,0.0,0.0014,-0.0007,-0.0459,863,1002,818,949,0.01,0.02,-0.45,0.80,0.3969,2,1,0,0.01,0.00,0.04,-0.58,0.25,-0.18,0.80,128,31
37635,-11.3,12.9,-70.6,-0.049,-0.111,-0.929,-1.5,-7.4,0.0,0.0173,-0.0156,0.0485,945,843,1013,821,0.01,0.02,-0.44,0.79,0.3955,2,1,0,0.01,0.00,0.04,-0.57,0.25,-0.18,0.79,129,31
37645,4.1,11.3,101.0,0.022,0.035,-0.966,-1.4,-7.5,0.0,0.0008,-0.0107,-0.1218,677,1123,687,1138,0.01,0.02,-0.44,0.78,0.3960,2,1,0,0.01,0.00,0.03,-0.56,0.25,-0.18,0.79,129,31
37655,2.5,-1.9,-105.3,-0.088,0.012,-0.799,-1.3,-7.8,0.0,0.0035,-0.0009,0.0832,1062,765,1066,738,0.01,0.02,-0.45,0.78,0.3968,2,1,0,0.01,0.00,0.03,-0.54,0.25,-0.18,0.78,129,31
37665,2.1,0.1,88.7,-0.117,0.096,-1.025,-1.3,-7.7,0.0,0.0020,-0.0006,-0.1187,674,1131,685,1126,0.01,0.02,-0.44,0.77,0.3948,2,1,0,0.01,0.00,0.02,-0.53,0.25,-0.18,0.77,129,31
37675,-2.5,-5.8,-58.5,0.213,-0.024,-0.957,-1.3,-7.7,0.0,0.0086,0.0029,0.0365,1018,839,987,782,0.01,0.02,-0.45,0.77,0.3963,2,1,0,0.01,0.00,0.03,-0.52,0.25,-0.18,0.76,129,31
37685,0.3,-0.6,10.8,-0.003,-0.016,-0.751,-1.4,-7.7,0.0,0.0056,-0.0022,-0.0329,815,990,821,984,0.01,0.02,-0.44,0.76,0.3942,2,1,0,0.01,0.00,0.02,-0.53,0.25,-0.18,0.76,130,31
37695,-6.3,-10.6,39.2,0.156,0.039,-1.005,-1.3,-7.9,0.0,0.0135,0.0017,-0.0500,792,1032,836,975,0.01,0.02,-0.45,0.76,0.3974,2,1,0,0.01,0.00,0.02,-0.52,0.25,-0.18,0.75,131,31
37705,-5.8,-2.7,-83.5,0.113,-0.114,-0.646,-1.3,-7.9,0.0,0.0120,-0.0003,0.0615,955,818,1042,817,0.01,0.02,-0.45,0.75,0.3970,2,1,0,0.01,0.00,0.03,-0.52,0.25,-0.18,0.75,132,31
37715,-5.5,-18.5,98.0,-0.006,0.123,-0.972,-1.2,-7.8,0.0,0.0140,0.0052,-0.1170,670,1165,703,1092,0.01,0.02,-0.45,0.75,0.3968,2,1,0,0.01,0.00,0.04,-0.51,0.25,-0.18,0.75,132,31
37726,2.4,-23.0,-101.0,0.082,-0.058,-0.796,-1.1,-7.9,0.0,0.0038,0.0200,0.0790,1058,776,1073,733,0.01,0.02,-0.45,0.74,0.3980,2,1,0,0.01,0.00,0.05,-0.51,0.25,-0.18,0.74,132,31
37736,2.3,-21.9,86.1,0.042,0.004,-0.887,-1.0,-7.7,0.0,0.0045,0.0170,-0.1107,698,1155,675,1089,0.01,0.02,-0.44,0.73,0.3951,2,1,0,0.01,0.00,0.05,-0.52,0.25,-0.18,0.73,132,31
37746,7.8,-3.2,-44.6,-0.020,-0.109,-0.918,-1.1,-7.9,0.0,-0.0026,-0.0023,0.0265,967,822,979,864,0.01,0.02,-0.46,0.73,0.3969,2,1,0,0.01,0.00,0.07,-0.52,0.25,-0.18,0.72,132,31
37756,9.5,6.1,-2.4,0.098,0.004,-0.944,-0.9,-7.9,0.0,-0.0016,-0.0127,-0.0254,796,942,875,1006,0.01,0.02,-0.45,0.72,0.3952,2,1,0,0.01,0.00,0.07,-0.54,0.25,-0.18,0.72,132,31
37766,3.4,-3.7,47.0,-0.033,0.048,-1.095,-1.1,-8.0,0.0,0.0006,-0.0044,-0.0655,776,985,819,1049,0.01,0.02,-0.46,0.72,0.3967,2,1,0,0.01,0.00,0.10,-0.55,0.25,-0.18,0.72,133,31
37776,19.3,-0.1,-99.5,0.062,0.010,-0.965,-0.9,-8.1,0.0,-0.0129,-0.0032,0.0775,1039,722,1042,818,0.01,0.02,-0.45,0.71,0.3956,2,1,0,0.01,0.00,0.12,-0.56,0.25,-0.18,0.71,134,31
37786,1.0,-4.1,91.7,-0.217,0.184,-0.921,-1.0,-7.8,0.0,0.0037,-0.0024,-0.1104,682,1113,705,1108,0.01,0.02,-0.45,0.71,0.3939,2,1,0,0.01,0.00,0.13,-0.55,0.25,-0.18,0.71,134,31
37796,9.8,-0.7,-109.7,0.075,-0.128,-0.932,-1.0,-7.9,0.0,-0.0034,-0.0024,0.0877,1087,712,1060,754,0.01,0.02,-0.46,0.70,0.3944,2,1,0,0.01,0.00,0.14,-0.54,0.25,-0.18,0.71,134,31
37806,-2.7,14.8,67.3,-0.180,0.017,-0.803,-0.8,-7.7,0.0,0.0070,-0.0064,-0.0977,691,1086,741,1084,0.01,0.02,-0.45,0.69,0.3931,2,1,0,0.01,0.00,0.13,-0.54,0.25,-0.18,0.69,135,31
37816,1.3,13.9,-38.3,-0.092,0.009,-0.790,-0.8,-8.0,0.0,0.0047,-0.0128,0.0275,950,824,994,835,0.01,0.02,-0.46,0.69,0.3931,2,1,0,0.01,0.00,0.12,-0.53,0.25,-0.18,0.68,136,31
37827,-10.8,31.1,-33.7,0.078,-0.034,-1.030,-0.5,-8.0,0.0,0.0177,-0.0346,0.0117,822,876,1006,931,0.01,0.02,-0.45,0.68,0.3973,2,1,0,0.01,0.00,0.11,-0.53,0.25,-0.18,0.68,136,31
37837,2.0,22.6,60.8,-0.111,0.154,-0.812,-0.4,-8.1,0.0,0.0049,-0.0243,-0.0777,731,1009,825,1057,0.01,0.02,-0.46,0.68,0.3958,2,1,0,0.01,0.00,0.10,-0.53,0.25,-0.18,0.67,136,31
37847,-1.5,22.8,-98.9,-0.178,-0.041,-1.084,-0.2,-8.1,0.0,0.0102,-0.0233,0.0760,997,787,1089,769,0.01,0.02,-0.46,0.67,0.3983,2,1,0,0.01,0.00,0.10,-0.53,0.25,-0.18,0.67,136,31
37857,-3.1,25.0,113.8,-0.158,0.023,-1.032,-0.1,-8.1,0.0,0.0100,-0.0243,-0.1352,612,1152,704,1171,0.01,0.02,-0.45,0.67,0.3980,2,1,0,0.01,0.00,0.09,-0.52,0.25,-0.18,0.66,136,31
37867,0.5,30.9,-90.1,0.000,-0.086,-1.025,0.0,-8.3,0.0,0.0069,-0.0347,0.0682,1005,758,1102,781,0.01,0.03,-0.46,0.66,0.3988,2,1,0,0.01,0.00,0.09,-0.52,0.25,-0.18,0.66,136,31
37877,-12.8,25.9,65.9,-0.078,-0.003,-1.176,0.0,-8.5,0.0,0.0160,-0.0292,-0.1021,631,1077,802,1127,0.00,0.03,-0.45,0.65,0.3976,2,1,0,0.01,0.00,0.08,-0.53,0.25,-0.18,0.66,137,31
37887,0.0,7.3,-16.4,0.086,0.055,-1.320,0.0,-8.7,0.0,0.0063,-0.0119,-0.0010,895,880,956,913,0.01,0.03,-0.46,0.65,0.3987,2,1,0,0.01,0.00,0.10,-0.53,0.25,-0.18,0.65,137,31
37897,5.1,-5.0,-40.8,-0.032,0.020,-0.950,0.1,-8.8,0.0,0.0024,0.0009,0.0188,885,914,921,910,0.01,0.03,-0.46,0.64,0.3967,2,1,0,0.01,0.00,0.10,-0.54,0.25,-0.18,0.64,137,31
37907,-7.9,-31.8,76.5,0.029,0.161,-1.278,0.0,-8.8,0.0,0.0147,0.0262,-0.0959,756,1146,725,1020,0.01,0.02,-0.46,0.64,0.3990,2,1,0,0.01,0.00,0.11,-0.54,0.25,-0.18,0.63,137,31
37918,-2.9,-31.8,-104.7,0.237,-0.264,-0.989,-0.1,-8.9,0.0,0.0102,0.0276,0.0827,1095,800,1008,740,0.01,0.03,-0.46,0.63,0.3984,2,1,0,0.01,0.00,0.12,-0.54,0.25,-0.18,0.63,138,31
37928,-12.2,-25.0,100.2,0.040,0.035,-0.910,-0.1,-8.9,0.0,0.0142,0.0239,-0.1236,691,1212,655,1068,0.01,0.03,-0.46,0.63,0.3963,2,1,0,0.01,0.00,0.12,-0.54,0.25,-0.18,0.63,138,31
37938,-19.3,-29.1,-91.9,0.241,-0.137,-0.954,0.0,-9.3,0.0,0.0267,0.0244,0.0700,1049,828,1065,692,0.01,0.03,-0.47,0.62,0.3974,2,1,0,0.01,0.00,0.12,-0.52,0.25,-0.18,0.63,139,31
37948,-19.2,-18.8,41.1,0.176,-0.069,-0.830,0.0,-9.4,0.0,0.0240,0.0039,-0.0743,707,1095,799,1026,0.00,0.03,-0.46,0.61,0.3964,2,1,0,0.01,0.00,0.11,-0.51,0.25,-0.18,0.61,139,31
37958,-22.6,-31.5,-6.1,0.042,-0.100,-0.766,0.1,-9.2,0.0,0.0294,0.0269,-0.0101,906,1003,911,807,0.00,0.03,-0.47,0.61,0.3963,2,1,0,0.01,0.00,0.10,-0.50,0.25,-0.18,0.60,139,31
37968,-4.7,-20.1,-44.2,0.053,-0.102,-1.011,0.2,-9.2,0.0,0.0125,0.0154,0.0223,913,956,929,830,0.00,0.03,-0.46,0.60,0.3965,2,1,0,0.01,0.00,0.09,-0.49,0.25,-0.18,0.60,139,31
37978,-12.4,6.0,90.3,-0.064,-0.024,-0.834,0.3,-9.2,0.0,0.0263,-0.0048,-0.1002,681,1133,792,1026,0.00,0.03,-0.46,0.60,0.3970,2,1,0,0.01,0.00,0.08,-0.48,0.25,-0.18,0.59,139,31
37988,2.6,27.1,-104.6,0.051,-0.102,-0.786,0.3,-9.2,0.0,0.0051,-0.0320,0.0826,1001,743,1111,779,0.00,0.03,-0.47,0.59,0.3972,2,1,0,0.01,0.00,0.09,-0.48,0.25,-0.18,0.58,139,31
37998,0.6,32.3,101.4,-0.052,0.105,-1.150,0.4,-9.3,0.0,0.0071,-0.0374,-0.1234,585,1114,750,1193,0.00,0.03,-0.46,0.59,0.3983,2,1,0,0.01,0.00,0.10,-0.48,0.25,-0.18,0.58,139,31
38008,14.4,37.3,-85.0,0.082,0.028,-0.971,0.4,-9.5,0.0,0.0018,-0.0435,0.0709,958,698,1130,855,0.00,0.03,-0.47,0.58,0.3983,2,1,0,0.01,0.00,0.11,-0.46,0.25,-0.18,0.57,138,31
38018,8.5,25.7,26.0,-0.067,0.153,-1.066,0.5,-9.4,0.0,-0.0005,-0.0308,-0.0480,700,985,864,1094,0.00,0.03,-0.46,0.57,0.3984,2,1,0,0.01,0.00,0.11,-0.47,0.25,-0.18,0.56,139,31
38028,24.6,10.3,0.1,-0.023,0.366,-1.232,0.3,-9.5,0.0,-0.0168,-0.0154,-0.0220,882,873,896,1000,0.00,0.03,-0.47,0.57,0.3994,2,1,0,0.01,0.00,0.12,-0.45,0.25,-0.18,0.56,138,31
38039,11.6,15.5,-68.9,0.041,0.018,-1.247,0.3,-9.3,0.0,-0.0039,-0.0190,0.0431,959,813,1004,885,0.00,0.03,-0.46,0.56,0.4009,2,1,0,0.01,0.00,0.13,-0.46,0.25,-0.18,0.55,138,31
38049,9.2,2.8,80.6,-0.058,0.083,-1.108,0.1,-9.2,0.0,-0.0105,-0.0040,-0.0962,765,1057,718,1115,0.00,0.03,-0.47,0.56,0.4002,2,1,0,0.01,0.00,0.13,-0.45,0.25,-0.18,0.55,138,31
38059,3.1,-9.1,-111.4,0.146,-0.067,-1.113,0.3,-9.4,0.0,0.0040,0.0028,0.0890,1073,752,1085,741,0.00,0.03,-0.47,0.55,0.3995,2,1,0,0.01,0.00,0.11,-0.45,0.25,-0.18,0.55,138,31
38069,-8.0,-11.1,92.8,0.015,-0.023,-1.086,0.2,-9.4,0.0,0.0158,0.0062,-0.1147,663,1156,711,1114,0.00,0.03,-0.46,0.54,0.3986,2,1,0,0.01,0.00,0.10,-0.45,0.25,-0.18,0.54,137,31
38079,-1.7,-24.7,-71.9,0.009,-0.143,-1.056,0.2,-9.3,0.0,0.0065,0.0202,0.0606,1053,848,1001,747,0.00,0.03,-0.47,0.54,0.3991,2,1,0,0.01,0.00,0.10,-0.44,0.25,-0.18,0.54,136,31
38089,12.6,-12.6,27.6,-0.176,-0.094,-0.949,0.2,-9.2,0.0,-0.0049,0.0078,-0.0495,820,1052,746,1018,0.01,0.03,-0.46,0.53,0.3975,2,1,0,0.01,0.00,0.09,-0.44,0.25,-0.18,0.53,136,31
38099,7.6,-5.5,42.2,-0.112,0.060,-1.084,0.2,-9.2,0.0,0.0028,0.0106,-0.0485,860,1020,820,942,0.01,0.03,-0.47,0.53,0.3984,2,1,0,0.01,0.00,0.08,-0.42,0.25,-0.18,0.52,135,31
38109,3.4,3.2,-66.8,-0.033,-0.202,-0.789,0.0,-9.3,0.0,0.0000,-0.0059,0.0405,979,829,955,867,0.00,0.03,-0.47,0.52,0.3967,2,1,0,0.01,0.00,0.08,-0.43,0.25,-0.18,0.51,135,31
38119,6.2,5.9,102.7,0.045,0.026,-1.013,0.0,-9.4,0.0,0.0011,-0.0110,-0.1246,661,1122,699,1151,0.01,0.03,-0.47,0.51,0.3972,2,1,0,0.01,0.00,0.08,-0.42,0.25,-0.18,0.51,135,31
38130,3.2,-2.3,-105.9,-0.013,-0.136,-0.735,-0.1,-9.7,0.0,0.0043,-0.0125,0.0840,1036,735,1099,766,0.01,0.03,-0.47,0.51,0.3975,2,1,0,0.01,0.00,0.09,-0.42,0.25,-0.18,0.51,135,31
38140,0.5,-1.8,94.0,0.002,-0.032,-1.015,-0.1,-9.6,0.0,0.0067,-0.0033,-0.1159,619,1127,717,1158,0.01,0.03,-0.46,0.50,0.3955,2,1,0,0.01,0.00,0.09,-0.42,0.25,-0.18,0.50,135,31
38150,7.6,-11.1,-59.6,-0.004,-0.032,-0.864,-0.3,-9.6,0.0,-0.0023,-0.0020,0.0496,1001,805,1000,822,0.01,0.03,-0.48,0.50,0.3964,2,1,0,0.01,0.00,0.10,-0.41,0.25,-0.18,0.48,135,31
38160,6.4,-10.0,0.5,0.068,-0.070,-0.963,-0.2,-9.4,0.0,0.0006,0.0050,-0.0224,812,989,829,991,0.01,0.03,-0.46,0.49,0.3956,2,1,0,0.01,0.00,0.10,-0.41,0.25,-0.18,0.48,134,31
38170,-7.3,-1.6,41.3,0.057,-0.093,-0.971,-0.3,-9.5,0.0,0.0144,-0.0035,-0.0631,784,972,862,1001,0.01,0.03,-0.47,0.48,0.3954,2,1,0,0.01,0.00,0.10,-0.40,0.25,-0.18,0.47,135,31
38180,-1.0,11.5,-97.4,0.083,-0.146,-0.874,-0.1,-9.4,0.0,0.0085,-0.0193,0.0727,965,748,1086,803,0.01,0.03,-0.47,0.48,0.3929,2,1,0,0.01,0.00,0.09,-0.40,0.25,-0.18,0.47,135,31
38190,-15.9,-17.5,105.3,-0.005,0.010,-1.174,0.0,-9.2,0.0,0.0225,0.0035,-0.1235,631,1161,717,1099,0.01,0.03,-0.47,0.47,0.3939,2,1,0,0.01,0.00,0.09,-0.40,0.25,-0.18,0.46,135,31
38200,-3.5,-7.8,-104.2,0.083,-0.171,-0.826,0.1,-9.1,0.0,0.0112,-0.0001,0.0843,1034,746,1101,728,0.00,0.03,-0.48,0.47,0.3939,2,1,0,0.01,0.00,0.10,-0.40,0.25,-0.18,0.46,134,31
38210,-6.6,-0.9,86.6,-0.109,-0.003,-1.023,0.3,-8.7,0.0,0.0144,-0.0034,-0.1085,629,1148,727,1082,0.00,0.03,-0.47,0.46,0.3909,2,1,0,0.01,0.00,0.09,-0.40,0.25,-0.18,0.45,134,31
38220,-0.3,-0.8,-30.4,-0.067,-0.053,-1.107,0.5,-8.5,0.0,0.0101,-0.0024,0.0245,942,853,992,820,0.00,0.02,-0.48,0.46,0.3938,2,1,0,0.01,0.00,0.09,-0.38,0.25,-0.18,0.44,133,31
38231,-1.9,22.9,-6.8,0.107,-0.012,-1.078,0.7,-8.3,0.0,0.0101,-0.0270,-0.0151,763,947,902,976,0.00,0.02,-0.47,0.45,0.3912,2,1,0,0.01,0.00,0.08,-0.38,0.25,-0.18,0.44,132,31
38241,0.7,13.6,66.7,-0.076,0.066,-1.055,0.9,-8.0,0.0,0.0083,-0.0140,-0.0763,738,1025,811,1034,0.00,0.02,-0.47,0.44,0.3938,2,1,0,0.01,0.00,0.08,-0.37,0.25,-0.18,0.44,132,31
38251,9.2,16.6,-95.2,-0.052,0.182,-1.149,1.2,-7.9,0.0,-0.0006,-0.0203,0.0733,942,791,1069,796,0.00,0.02,-0.47,0.44,0.3925,2,1,0,0.01,0.00,0.08,-0.37,0.25,-0.18,0.43,133,31
38261,-3.6,0.8,105.7,-0.063,0.197,-1.058,1.3,-7.5,0.0,0.0124,-0.0041,-0.1276,641,1170,683,1088,0.00,0.02,-0.47,0.43,0.3904,2,1,0,0.01,0.00,0.08,-0.36,0.25,-0.18,0.43,132,31
38271,3.1,-11.1,-104.7,0.202,0.020,-1.209,1.4,-7.4,0.0,0.0050,0.0154,0.0858,1093,782,1041,696,0.00,0.02,-0.48,0.43,0.3944,2,1,0,0.01,0.00,0.09,-0.36,0.25,-0.18,0.42,133,31
38281,-7.9,6.7,68.0,0.015,0.123,-0.935,1.4,-7.3,0.0,0.0169,-0.0098,-0.0899,675,1108,726,1075,0.00,0.02,-0.47,0.42,0.3906,2,1,0,0.01,0.00,0.09,-0.36,0.25,-0.18,0.41,133,31
38291,-9.3,-5.4,-22.0,0.233,-0.025,-1.139,1.5,-7.3,0.0,0.0210,0.0057,0.0162,918,901,970,787,0.00,0.02,-0.48,0.42,0.3896,2,1,0,0.01,0.00,0.09,-0.34,0.25,-0.18,0.40,132,31
38301,-8.3,-11.9,-26.6,0.033,-0.018,-0.976,1.6,-7.3,0.0,0.0164,0.0075,0.0002,833,952,881,899,0.00,0.02,-0.47,0.41,0.3880,2,1,0,0.01,0.00,0.08,-0.34,0.25,-0.18,0.40,132,31
38311,-9.9,-20.0,80.7,0.134,0.205,-1.081,1.7,-7.3,0.0,0.0192,0.0169,-0.1026,705,1117,757,1003,0.00,0.02,-0.47,0.40,0.3904,2,1,0,0.01,0.00,0.08,-0.33,0.25,-0.18,0.40,132,31
38321,-4.8,-31.1,-90.1,0.083,-0.067,-0.704,1.7,-7.3,0.0,0.0098,0.0265,0.0641,1045,839,982,702,0.00,0.02,-0.48,0.40,0.3885,2,1,0,0.01,0.00,0.07,-0.33,0.25,-0.18,0.39,131,31
38331,1.5,-16.9,114.8,-0.058,0.162,-1.186,1.8,-7.4,0.0,0.0078,0.0138,-0.1367,643,1193,637,1124,0.00,0.02,-0.47,0.39,0.3924,2,1,0,0.01,0.00,0.06,-0.33,0.25,-0.18,0.38,130,31
38342,0.1,-6.2,-87.5,0.141,-0.029,-0.767,1.8,-7.5,0.0,0.0092,0.0029,0.0656,1019,767,1047,740,0.00,0.02,-0.48,0.39,0.3893,2,1,0,0.01,0.00,0.06,-0.32,0.25,-0.18,0.38,131,31
38352,-10.1,12.8,67.2,0.119,0.034,-0.884,2.1,-7.5,0.0,0.0196,-0.0195,-0.1030,624,1087,772,1087,0.00,0.02,-0.47,0.38,0.3888,2,1,0,0.01,0.00,0.06,-0.32,0.25,-0.18,0.37,132,31
38362,9.5,0.5,-12.7,0.023,0.113,-0.931,2.1,-7.6,0.0,0.0001,-0.0039,-0.0091,869,856,954,899,0.00,0.02,-0.48,0.38,0.3897,2,1,0,0.01,0.00,0.06,-0.31,0.25,-0.18,0.37,131,31
38372,12.2,11.1,-51.6,0.115,0.120,-1.141,2.3,-7.4,0.0,0.0072,-0.0221,0.0152,830,867,983,910,0.00,0.02,-0.47,0.37,0.3915,2,1,0,0.01,0.00,0.06,-0.31,0.25,-0.18,0.36,130,31
38382,11.0,-0.4,76.7,-0.132,0.188,-0.948,1.9,-7.2,0.0,-0.0015,-0.0025,-0.0986,732,1039,721,1078,0.00,0.02,-0.47,0.36,0.3888,2,1,0,0.01,0.00,0.06,-0.31,0.25,-0.18,0.35,131,31
38392,8.2,18.1,-111.3,0.103,-0.017,-1.200,2.0,-7.0,0.0,0.0029,-0.0122,0.0832,1028,752,1064,749,0.00,0.02,-0.48,0.36,0.3918,2,1,0,0.01,0.00,0.06,-0.31,0.25,-0.18,0.35,131,31
38402,-2.5,11.0,86.1,-0.054,0.043,-1.165,1.7,-6.7,0.0,0.0119,-0.0137,-0.1080,682,1115,681,1112,0.00,0.02,-0.47,0.35,0.3915,2,1,0,0.01,0.00,0.06,-0.31,0.25,-0.18,0.35,131,31
38412,3.1,2.7,-88.8,0.091,-0.106,-1.170,1.6,-6.7,0.0,0.0028,0.0008,0.0734,1054,771,1035,739,0.00,0.02,-0.48,0.35,0.3926,2,1,0,0.01,0.00,0.06,-0.30,0.25,-0.18,0.34,131,31
38422,-4.1,-9.9,34.9,-0.001,-0.151,-1.001,1.4,-6.7,0.0,0.0131,0.0073,-0.0568,719,1071,771,1025,0.00,0.02,-0.47,0.34,0.3910,2,1,0,0.01,0.00,0.05,-0.31,0.25,-0.18,0.33,131,31
38433,-1.8,-18.5,-2.0,0.037,-0.060,-1.076,1.0,-6.7,0.0,0.0104,0.0161,-0.0198,901,937,899,871,0.00,0.02,-0.48,0.34,0.3938,2,1,0,0.01,0.00,0.06,-0.31,0.25,-0.18,0.33,130,31
38443,19.8,-19.4,-49.8,-0.050,-0.128,-0.994,0.6,-6.6,0.0,-0.0113,0.0170,0.0234,945,897,872,874,0.00,0.02,-0.47,0.33,0.3912,2,1,0,0.01,0.00,0.06,-0.31,0.25,-0.18,0.32,130,31
38453,21.6,-21.4,96.0,-0.191,0.101,-1.141,0.3,-6.6,0.0,-0.0074,0.0185,-0.1109,725,1109,705,1056,0.01,0.02,-0.47,0.32,0.3921,2,1,0,0.01,0.00,0.07,-0.31,0.25,-0.18,0.31,130,31
38463,17.2,-15.8,-99.2,-0.028,-0.143,-0.917,-0.1,-7.0,0.0,-0.0107,0.0110,0.0763,1052,730,1007,786,0.01,0.02,-0.48,0.32,0.3894,2,1,0,0.01,0.00,0.08,-0.31,0.25,-0.18,0.30,129,31
38473,22.1,-7.9,96.7,-0.055,0.067,-0.857,-0.4,-7.0,0.0,-0.0151,0.0051,-0.1186,660,1098,637,1163,0.01,0.02,-0.47,0.31,0.3872,2,1,0,0.01,0.00,0.08,-0.31,0.25,-0.18,0.30,129,31
38483,23.9,-15.6,-71.3,0.009,0.048,-1.039,-0.8,-7.5,0.0,-0.0184,0.0080,0.0521,1028,720,1004,849,0.01,0.02,-0.48,0.31,0.3929,2,1,0,0.01,0.00,0.09,-0.30,0.25,-0.18,0.29,129,31
38493,28.4,-3.4,22.5,0.037,0.129,-0.744,-1.0,-7.6,0.0,-0.0221,0.0000,-0.0444,753,957,780,1109,0.01,0.02,-0.47,0.30,0.3926,2,1,0,0.01,0.00,0.10,-0.31,0.25,-0.18,0.28,129,31
38503,11.9,-6.8,25.0,-0.018,0.006,-0.866,-1.5,-7.8,0.0,-0.0136,-0.0054,-0.0320,875,893,854,1005,0.01,0.02,-0.48,0.29,0.3963,2,1,0,0.01,0.00,0.11,-0.30,0.25,-0.18,0.27,129,31
38513,26.4,-3.9,-68.9,0.183,-0.044,-0.896,-1.6,-7.9,0.0,-0.0207,0.0001,0.0470,975,754,947,959,0.01,0.02,-0.47,0.29,0.3974,2,1,0,0.01,0.00,0.13,-0.30,0.25,-0.18,0.26,128,31
38524,-10.6,-6.6,91.5,-0.047,0.005,-0.999,-1.5,-7.8,0.0,0.0123,-0.0034,-0.1076,688,1105,748,1109,0.01,0.02,-0.47,0.28,0.3995,2,1,0,0.01,0.00,0.12,-0.30,0.25,-0.18,0.26,128,31
38534,-3.3,-13.8,-104.2,0.274,-0.150,-0.828,-1.5,-7.9,0.0,0.0092,0.0100,0.0823,1043,732,1086,799,0.01,0.02,-0.48,0.28,0.4008,2,1,0,0.01,0.00,0.12,-0.29,0.25,-0.18,0.26,128,31
38544,-5.7,-2.6,91.9,0.009,0.029,-0.664,-1.4,-7.5,0.0,0.0110,-0.0081,-0.1173,643,1129,725,1143,0.01,0.02,-0.47,0.27,0.3980,2,1,0,0.01,0.00,0.12,-0.30,0.25,-0.18,0.25,128,31
38584,9.8,26.7,-83.4,-0.068,-0.089,-1.208,-1.4,-6.2,0.0,-0.0039,-0.0290,0.0615,960,808,1012,869,0.01,0.02,-0.48,0.24,0.3993,2,1,0,0.01,0.00,0.14,-0.28,0.25,-0.18,0.22,128,31
38594,2.0,30.9,100.3,-0.068,-0.034,-1.261,-1.7,-6.0,0.0,0.0030,-0.0336,-0.1204,650,1088,731,1172,0.01,0.02,-0.47,0.24,0.3987,2,1,0,0.01,0.00,0.13,-0.28,0.25,-0.18,0.21,127,31
38604,10.8,21.2,-111.4,0.017,-0.172,-1.039,-2.0,-5.9,0.0,-0.0053,-0.0280,0.0913,1042,680,1120,799,0.01,0.02,-0.48,0.23,0.3965,2,1,0,0.01,0.00,0.13,-0.26,0.25,-0.18,0.21,127,31
38614,5.4,5.6,82.3,-0.092,0.050,-1.260,-2.2,-5.6,0.0,-0.0002,-0.0072,-0.1042,625,1101,743,1165,0.01,0.01,-0.47,0.22,0.3963,2,1,0,0.01,0.00,0.12,-0.27,0.25,-0.18,0.20,126,31
38625,9.7,-14.3,-54.1,0.063,-0.016,-0.918,-2.6,-5.5,0.0,-0.0039,0.0097,0.0375,1011,760,1038,811,0.02,0.01,-0.48,0.22,0.3939,2,1,0,0.01,0.00,0.12,-0.26,0.25,-0.18,0.19,127,31
38635,13.0,2.2,-20.4,0.020,-0.025,-1.171,-3.0,-5.1,0.0,-0.0087,-0.0032,-0.0014,840,939,841,988,0.02,0.01,-0.47,0.21,0.3927,2,1,0,0.01,0.00,0.12,-0.26,0.25,-0.18,0.18,126,31
38645,21.0,0.0,59.2,-0.105,0.116,-0.873,-3.4,-4.9,0.0,-0.0181,-0.0012,-0.0770,835,955,771,1012,0.02,0.01,-0.48,0.20,0.3901,2,1,0,0.01,0.00,0.12,-0.26,0.25,-0.18,0.18,127,31
38655,9.7,10.0,-102.1,-0.033,-0.038,-0.907,-3.5,-4.6,0.0,-0.0059,-0.0107,0.0802,1005,790,1008,777,0.02,0.01,-0.48,0.20,0.3889,2,1,0,0.01,0.00,0.13,-0.27,0.25,-0.18,0.18,128,31
38665,-8.1,17.3,102.4,-0.005,-0.061,-1.415,-3.7,-4.2,0.0,0.0114,-0.0160,-0.1235,672,1124,665,1110,0.02,0.01,-0.48,0.19,0.3891,2,1,0,0.01,0.00,0.12,-0.27,0.25,-0.18,0.17,129,31
38675,6.3,15.3,-84.3,0.020,-0.197,-0.823,-3.7,-4.2,0.0,-0.0027,-0.0155,0.0624,1053,735,1030,731,0.02,0.01,-0.48,0.19,0.3884,2,1,0,0.01,0.00,0.13,-0.27,0.25,-0.18,0.17,128,31
38685,4.2,11.2,62.9,-0.060,0.052,-1.302,-3.4,-3.9,0.0,0.0040,-0.0092,-0.0939,652,1130,698,1071,0.02,0.01,-0.47,0.18,0.3835,2,1,0,0.01,0.00,0.13,-0.27,0.25,-0.18,0.16,129,31
38695,-5.0,0.0,-4.5,0.156,-0.079,-1.420,-3.3,-4.0,0.0,0.0090,0.0000,-0.0172,900,822,983,864,0.02,0.01,-0.48,0.17,0.3881,2,1,0,0.01,0.00,0.13,-0.27,0.25,-0.18,0.15,128,31
38705,-3.3,8.6,-26.5,0.025,-0.063,-1.163,-2.9,-3.7,0.0,0.0084,-0.0144,-0.0085,783,912,888,957,0.02,0.01,-0.48,0.17,0.3816,2,1,0,0.01,0.00,0.13,-0.27,0.25,-0.18,0.14,128,31
38716,-4.7,-17.1,78.8,0.010,0.098,-1.286,-2.7,-3.7,0.0,0.0104,0.0135,-0.0964,705,1042,765,1018,0.01,0.01,-0.48,0.16,0.3816,2,1,0,0.01,0.00,0.13,-0.27,0.25,-0.18,0.14,128,31
38726,3.0,5.7,-103.5,0.072,-0.088,-1.005,-2.3,-3.7,0.0,0.0019,-0.0053,0.0816,960,751,1043,759,0.01,0.01,-0.48,0.15,0.3796,2,1,0,0.01,0.00,0.13,-0.28,0.25,-0.18,0.13,129,31
38736,-0.4,-15.4,106.2,-0.110,0.284,-1.158,-1.9,-3.6,0.0,0.0096,0.0119,-0.1296,603,1150,658,1083,0.01,0.01,-0.48,0.15,0.3761,2,1,0,0.01,0.00,0.13,-0.28,0.25,-0.18,0.12,127,31
38746,-9.2,-17.5,-93.2,0.095,-0.105,-1.094,-1.6,-3.7,0.0,0.0150,0.0178,0.0714,1025,738,1057,680,0.01,0.01,-0.49,0.14,0.3786,2,1,0,0.01,0.00,0.13,-0.27,0.25,-0.18,0.12,128,31
38756,-24.5,-11.0,48.7,0.124,-0.005,-1.052,-1.1,-3.8,0.0,0.0308,0.0113,-0.0706,644,1094,723,984,0.01,0.01,-0.48,0.14,0.3718,2,1,0,0.01,0.00,0.14,-0.28,0.25,-0.18,0.11,129,31
38766,-14.7,1.7,0.2,-0.143,0.004,-0.931,-0.6,-4.1,0.0,0.0168,0.0027,-0.0080,870,883,900,792,0.01,0.01,-0.49,0.13,0.3720,2,1,0,0.01,0.00,0.14,-0.27,0.25,-0.18,0.12,128,31
38776,-29.0,23.7,-60.1,0.111,-0.034,-1.057,0.2,-4.4,0.0,0.0367,-0.0243,0.0382,781,927,952,782,0.00,0.01,-0.48,0.13,0.3716,2,1,0,0.01,0.00,0.14,-0.28,0.25,-0.18,0.13,129,31
38786,-26.7,23.1,82.2,0.072,-0.014,-1.060,0.5,-5.0,0.0,0.0306,-0.0280,-0.0955,613,1017,790,1010,0.00,0.01,-0.49,0.12,0.3703,2,1,0,0.01,0.00,0.14,-0.28,0.25,-0.18,0.11,130,31
38796,-50.5,79.8,-88.1,-0.672,-0.025,-4.827,1.3,-4.8,0.0,0.0675,-0.1076,0.0680,158,268,1444,783,0.00,0.01,-0.49,0.11,0.1922,2,1,0,0.01,0.00,0.12,-0.27,0.25,-0.18,0.08,129,31
38806,35.5,-60.3,31.8,0.189,0.558,-1.984,2.1,-0.8,0.0,-0.0233,0.0577,-0.0554,480,753,456,685,0.00,0.00,-0.49,0.11,0.2370,2,1,0,0.01,0.00,0.08,-0.29,0.25,-0.18,0.08,129,31
38816,-4.6,-116.2,-27.8,-0.690,1.165,-0.631,3.4,3.8,0.0,0.0320,0.1492,0.0150,844,957,465,158,0.00,-0.01,-0.49,0.11,0.1426,2,1,1,0.01,0.00,0.06,-0.28,0.25,-0.18,0.08,130,31
38827,-31.8,-147.5,27.7,-0.093,-0.607,2.467,2.7,5.6,0.0,0.0421,0.1575,-0.0495,870,1047,187,276,0.00,-0.01,-0.49,0.11,0.2467,2,1,0,0.01,0.00,0.07,-0.29,0.25,-0.18,0.07,128,31
38837,-4.5,-18.0,22.4,-1.324,-0.101,-0.139,2.7,6.9,0.0,0.0103,0.0552,-0.0439,804,905,519,674,0.00,-0.02,-0.49,0.10,0.2997,2,1,0,0.01,0.00,0.09,-0.31,0.25,-0.18,0.07,127,31
38847,14.0,-91.8,-53.1,-0.760,0.255,1.401,3.2,8.7,0.0,-0.0033,0.1048,0.0313,1014,1057,327,316,0.00,-0.02,-0.49,0.10,0.2895,2,1,0,0.01,0.00,0.08,-0.31,0.25,-0.18,0.07,128,31
38857,-32.8,-78.6,29.3,-0.877,0.418,-0.299,3.6,8.5,0.0,0.0485,0.1400,-0.0492,960,1293,550,528,0.00,-0.02,-0.50,0.10,0.3588,2,1,0,0.01,0.00,0.11,-0.29,0.25,-0.18,0.07,129,31
38867,-34.7,-103.8,-23.0,-0.233,-0.349,-0.266,3.1,8.9,0.0,0.0481,0.1371,0.0002,1019,1197,509,317,0.00,-0.02,-0.50,0.10,0.3194,2,1,0,0.01,0.00,0.10,-0.30,0.25,-0.18,0.07,128,31
38877,7.9,40.2,20.0,-0.290,0.017,-0.362,2.9,6.8,0.0,0.0024,-0.0293,-0.0418,752,1067,741,828,0.00,-0.02,-0.50,0.09,0.3676,2,1,0,0.01,0.00,0.13,-0.31,0.25,-0.18,0.07,126,31
38887,22.0,94.5,-40.8,0.069,0.079,-1.894,2.3,5.1,0.0,-0.0110,-0.0606,0.0194,856,762,886,850,0.00,-0.01,-0.50,0.09,0.3547,2,1,0,0.01,0.00,0.13,-0.31,0.25,-0.18,0.07,127,31
38897,10.2,44.1,-4.8,0.313,0.078,-0.406,1.7,2.7,0.0,-0.0010,-0.0372,-0.0169,723,796,849,971,0.00,0.00,-0.50,0.08,0.3649,2,1,0,0.01,0.00,0.13,-0.31,0.25,-0.18,0.07,125,31
38907,47.9,74.8,-18.0,-0.438,0.405,-2.078,0.6,0.2,0.0,-0.0408,-0.0874,0.0003,764,607,998,1115,0.00,0.00,-0.51,0.08,0.3737,2,1,0,0.01,0.00,0.15,-0.32,0.25,-0.18,0.07,126,31
38918,13.8,58.1,-28.1,-0.810,0.498,-2.185,0.1,-1.4,0.0,-0.0062,-0.0556,0.0063,662,707,848,855,0.01,0.00,-0.50,0.08,0.3161,2,1,0,0.01,0.00,0.17,-0.33,0.25,-0.18,0.07,127,30
38928,7.3,99.2,4.2,-0.433,-0.059,-1.043,-0.2,-1.1,0.0,-0.0046,-0.0741,-0.0217,590,618,675,761,0.01,0.00,-0.51,0.07,0.2680,2,1,0,0.01,0.00,0.23,-0.34,0.25,-0.18,0.07,128,30
38938,-17.2,-5.1,-22.9,0.060,0.090,-1.531,0.7,0.0,0.0,0.0255,0.0090,0.0011,718,859,573,455,0.00,0.00,-0.51,0.07,0.2606,2,1,0,0.01,0.00,0.22,-0.33,0.25,-0.18,0.07,126,30
38948,3.5,21.5,9.0,0.063,0.126,-0.115,1.0,-0.4,0.0,0.0057,-0.0228,-0.0315,509,793,755,737,0.00,0.00,-0.51,0.07,0.2888,2,1,0,0.01,0.00,0.23,-0.33,0.25,-0.18,0.08,127,30
38958,-23.5,-10.0,-27.6,-0.053,-0.041,-1.454,1.4,0.8,0.0,0.0325,0.0148,0.0059,747,807,789,723,0.00,0.00,-0.51,0.07,0.3149,2,1,0,0.01,0.00,0.22,-0.33,0.25,-0.18,0.07,127,30
38968,3.6,-17.6,-6.1,-0.029,-0.085,-0.752,1.7,0.8,0.0,0.0069,0.0166,-0.0144,728,828,766,794,0.00,0.00,-0.51,0.07,0.3301,2,1,0,0.01,0.00,0.23,-0.33,0.25,-0.18,0.07,128,30
38978,18.8,21.4,7.8,0.002,0.150,-0.691,1.8,0.7,0.0,-0.0095,-0.0166,-0.0296,741,780,811,918,0.00,0.00,-0.51,0.06,0.3489,2,1,0,0.01,0.00,0.24,-0.33,0.25,-0.18,0.08,126,30
38988,22.3,44.0,-20.0,0.027,-0.099,-0.601,1.3,0.0,0.0,-0.0134,-0.0399,-0.0016,724,647,815,937,0.00,0.00,-0.51,0.06,0.3283,2,1,0,0.01,0.00,0.25,-0.34,0.25,-0.18,0.08,127,30
38998,15.3,26.5,19.1,-0.087,-0.119,-0.980,0.6,-0.5,0.0,-0.0081,-0.0225,-0.0412,684,781,703,912,0.00,0.00,-0.51,0.06,0.3248,2,1,0,0.01,0.00,0.27,-0.36,0.25,-0.18,0.08,125,30
39008,35.6,23.9,-10.7,-0.265,0.123,-1.912,0.0,-0.9,0.0,-0.0282,-0.0209,-0.0109,773,690,639,769,0.01,0.00,-0.51,0.06,0.2907,2,1,0,0.01,0.00,0.26,-0.34,0.25,-0.18,0.08,126,30
39019,-11.2,-11.8,-0.5,0.062,-0.111,-0.543,-0.4,-0.8,0.0,0.0178,0.0215,-0.0212,724,846,586,620,0.01,0.00,-0.51,0.06,0.2858,2,1,0,0.01,0.00,0.26,-0.33,0.25,-0.18,0.07,125,30
39029,-9.5,-5.9,10.4,0.172,-0.154,-1.226,-0.1,-0.9,0.0,0.0168,0.0090,-0.0321,583,806,615,636,0.01,0.00,-0.52,0.05,0.2635,2,1,0,0.01,0.00,0.26,-0.32,0.25,-0.18,0.08,126,30
39039,-0.3,20.0,-8.7,-0.150,0.165,-0.264,0.3,-0.8,0.0,0.0155,-0.0111,-0.0122,605,748,702,642,0.00,0.00,-0.52,0.05,0.2815,2,1,0,0.01,0.00,0.27,-0.32,0.25,-0.18,0.08,124,30
39049,-1.0,24.2,10.9,-0.097,0.106,-0.519,0.5,-0.7,0.0,0.0089,-0.0211,-0.0325,641,852,686,738,0.00,0.00,-0.52,0.05,0.3018,2,1,0,0.01,0.00,0.26,-0.32,0.25,-0.18,0.08,125,30
39059,1.9,0.8,-7.0,0.063,-0.030,-2.021,0.6,-1.2,0.0,0.0068,0.0017,-0.0142,656,771,713,684,0.00,0.00,-0.52,0.05,0.2825,2,1,0,0.01,0.00,0.27,-0.32,0.25,-0.18,0.08,124,30
39069,-0.3,-4.2,-7.1,-0.193,0.070,-1.508,0.5,-1.5,0.0,0.0083,0.0068,-0.0145,336,439,459,475,0.00,0.00,-0.52,0.05,0.1418,2,1,0,0.01,0.00,0.27,-0.31,0.25,-0.18,0.08,126,30
39079,2.4,-28.6,9.5,0.335,-0.119,-0.985,0.1,-2.0,0.0,0.0035,0.0240,-0.0303,296,380,407,491,0.00,0.00,-0.52,0.05,0.1259,2,1,0,0.01,0.00,0.27,-0.31,0.25,-0.18,0.07,125,30
39089,0.7,-6.5,-13.5,0.344,-0.231,-0.902,0.2,-2.3,0.0,0.0051,-0.0014,-0.0085,340,378,525,572,0.00,0.00,-0.52,0.05,0.1599,2,1,0,0.01,0.00,0.27,-0.31,0.25,-0.18,0.07,127,30
39099,-20.3,20.0,5.6,0.172,-0.137,-1.426,0.5,-2.1,0.0,0.0284,-0.0181,-0.0273,312,473,405,510,0.00,0.00,-0.52,0.04,0.1405,2,1,0,0.01,0.00,0.27,-0.30,0.25,-0.18,0.08,126,30
39110,-22.2,15.6,1.6,-0.294,0.093,-1.431,0.7,-1.9,0.0,0.0300,-0.0064,-0.0193,356,512,442,405,0.00,0.00,-0.52,0.04,0.1424,2,1,0,0.01,0.00,0.28,-0.31,0.25,-0.18,0.07,127,30
39120,-0.1,-5.9,-3.5,-0.022,-0.272,-1.150,0.8,-2.1,0.0,0.0083,0.0085,-0.0177,391,488,409,430,0.00,0.00,-0.52,0.04,0.1424,2,1,0,0.01,0.00,0.28,-0.31,0.25,-0.18,0.07,126,30
39130,14.7,-54.6,3.0,0.092,0.250,-1.168,1.1,-2.3,0.0,-0.0015,0.0561,-0.0222,377,475,243,293,0.00,0.00,-0.51,0.04,0.1000,2,1,0,0.01,0.00,0.28,-0.31,0.25,-0.18,0.07,126,30
39140,-1.5,-26.3,-3.1,0.007,0.348,-1.609,1.1,-2.8,0.0,0.0111,0.0244,-0.0183,265,401,359,363,0.00,0.00,-0.51,0.04,0.1000,2,1,0,0.01,0.00,0.28,-0.31,0.25,-0.18,0.07,125,30
39150,1.7,-21.5,8.6,0.148,-0.193,-1.466,1.2,-2.7,0.0,0.0069,0.0228,-0.0303,288,404,319,377,0.00,0.00,-0.51,0.04,0.1000,2,1,0,0.01,0.00,0.29,-0.31,0.25,-0.18,0.07,126,30
39160,-5.7,-10.9,-9.9,-0.001,-0.094,-1.255,1.3,-2.9,0.0,0.0147,0.0120,-0.0117,303,353,365,367,0.00,0.00,-0.52,0.04,0.1000,2,1,0,0.01,0.00,0.29,-0.32,0.25,-0.18,0.07,127,30
39170,-5.4,-7.9,-2.8,0.019,0.050,-1.102,1.3,-3.0,0.0,0.0143,0.0089,-0.0188,282,407,323,376,0.00,0.01,-0.51,0.04,0.1000,2,1,0,0.01,0.00,0.29,-0.31,0.25,-0.18,0.07,128,30
39180,0.6,-20.6,8.4,0.008,0.181,-1.323,1.4,-2.8,0.0,0.0088,0.0230,-0.0298,312,451,269,355,0.00,0.00,-0.51,0.04,0.1000,2,1,0,0.01,0.00,0.29,-0.32,0.25,-0.18,0.07,127,30
39190,-11.7,-19.6,-7.1,-0.010,0.014,-1.358,1.4,-2.7,0.0,0.0207,0.0209,-0.0145,311,432,326,318,0.00,0.00,-0.52,0.04,0.1000,2,1,0,0.01,0.00,0.29,-0.32,0.25,-0.18,0.07,128,30
39200,0.7,-29.0,-3.3,0.139,-0.129,-0.886,1.1,-2.6,0.0,0.0033,0.0276,-0.0192,345,416,272,354,0.00,0.00,-0.51,0.04,0.1000,2,1,0,0.01,0.00,0.29,-0.32,0.25,-0.18,0.07,126,30
39211,9.5,10.3,5.0,-0.057,-0.033,-0.856,1.1,-2.9,0.0,-0.0016,-0.0122,-0.0267,255,353,337,442,0.00,0.00,-0.51,0.03,0.1000,2,1,0,0.01,0.00,0.30,-0.32,0.25,-0.18,0.07,125,30
39221,3.1,6.5,-2.9,-0.063,0.228,-1.119,1.1,-2.6,0.0,0.0055,-0.0052,-0.0187,294,395,335,363,0.00,0.00,-0.52,0.03,0.1000,2,1,0,0.01,0.00,0.30,-0.32,0.25,-0.18,0.07,124,30
39231,-2.8,-10.4,2.7,-0.139,-0.164,-1.126,1.0,-2.3,0.0,0.0128,0.0188,-0.0244,324,462,280,321,0.00,0.00,-0.51,0.03,0.1000,2,1,0,0.01,0.00,0.30,-0.32,0.25,-0.18,0.07,125,30
39241,0.1,7.2,0.9,0.177,-0.072,-1.070,0.9,-2.6,0.0,0.0083,-0.0058,-0.0226,267,369,329,423,0.00,0.00,-0.51,0.03,0.1000,2,1,0,0.01,0.00,0.30,-0.32,0.25,-0.18,0.07,124,30
39251,5.5,-0.3,-4.3,-0.087,0.160,-0.984,0.9,-2.2,0.0,0.0052,0.0056,-0.0171,314,416,313,344,0.00,0.00,-0.51,0.03,0.1000,2,1,0,0.01,0.00,0.31,-0.32,0.25,-0.18,0.07,123,30
39261,0.4,3.6,4.4,-0.001,-0.125,-1.211,0.8,-2.1,0.0,0.0079,-0.0018,-0.0261,304,423,291,370,0.00,0.00,-0.51,0.03,0.1000,2,1,0,0.01,0.00,0.31,-0.32,0.25,-0.18,0.07,124,30
39271,-0.6,-1.1,0.6,0.037,-0.044,-0.980,0.9,-2.1,0.0,0.0110,0.0037,-0.0210,298,416,322,351,0.00,0.00,-0.51,0.03,0.1000,2,1,0,0.01,0.00,0.31,-0.32,0.25,-0.18,0.07,124,30
39281,0.6,5.3,-0.6,-0.074,0.108,-0.929,0.7,-2.1,0.0,0.0076,-0.0035,-0.0210,276,402,333,377,0.00,0.00,-0.52,0.03,0.1000,2,1,0,0.01,0.00,0.31,-0.32,0.25,-0.18,0.07,123,30
39291,-0.6,-8.0,1.1,0.092,-0.164,-1.043,0.7,-1.9,0.0,0.0073,0.0073,-0.0222,302,402,309,374,0.00,0.00,-0.51,0.03,0.1000,2,1,0,0.01,0.00,0.32,-0.32,0.25,-0.18,0.07,124,30
39302,-3.5,7.0,3.7,-0.169,0.003,-1.000,0.7,-1.9,0.0,0.0118,-0.0050,-0.0254,263,408,345,371,0.00,0.00,-0.52,0.03,0.1000,2,1,0,0.01,0.00,0.32,-0.32,0.25,-0.18,0.07,125,30
39312,5.6,-14.7,-1.2,0.165,0.122,-0.948,0.6,-1.9,0.0,0.0012,0.0098,-0.0204,306,388,310,383,0.00,0.00,-0.52,0.03,0.1000,2,1,0,0.01,0.00,0.32,-0.32,0.25,-0.18,0.07,123,30
39322,-0.2,-2.5,-3.2,-0.086,0.016,-1.079,0.6,-1.8,0.0,0.0084,0.0046,-0.0184,300,403,321,364,0.00,0.00,-0.51,0.03,0.1000,2,1,0,0.01,0.00,0.32,-0.32,0.25,-0.18,0.07,124,30
39332,-4.1,-2.6,6.3,-0.093,-0.208,-0.945,0.6,-1.7,0.0,0.0101,0.0053,-0.0277,292,421,300,375,0.00,0.00,-0.51,0.03,0.1000,2,1,0,0.01,0.00,0.33,-0.32,0.25,-0.18,0.07,125,30
39342,-0.7,5.6,-1.1,0.014,-0.014,-0.976,0.5,-1.8,0.0,0.0088,-0.0035,-0.0205,261,387,358,381,0.00,0.00,-0.52,0.03,0.1000,2,1,0,0.01,0.00,0.33,-0.32,0.25,-0.18,0.08,124,30
39352,6.3,-17.8,-1.8,0.221,0.117,-0.995,0.5,-1.6,0.0,0.0016,0.0202,-0.0198,322,405,300,362,0.00,0.00,-0.52,0.03,0.1000,2,1,0,0.01,0.00,0.33,-0.33,0.25,-0.18,0.07,123,30
39362,-3.3,4.9,-2.3,-0.087,-0.188,-0.912,0.6,-1.6,0.0,0.0093,-0.0003,-0.0201,299,405,315,368,0.00,0.00,-0.52,0.03,0.1000,2,1,0,0.01,0.00,0.33,-0.33,0.25,-0.18,0.07,124,30
39372,-4.5,9.8,5.3,-0.014,-0.109,-1.010,0.5,-1.7,0.0,0.0126,-0.0076,-0.0270,257,402,337,391,0.00,0.00,-0.52,0.03,0.1000,2,1,0,0.01,0.00,0.34,-0.32,0.25,-0.18,0.07,124,30
39382,3.8,-5.7,-2.2,0.106,0.107,-0.994,0.5,-1.5,0.0,0.0039,0.0074,-0.0193,308,398,316,366,0.00,0.00,-0.52,0.03,0.1000,2,1,0,0.01,0.00,0.34,-0.33,0.25,-0.18,0.07,123,30
39393,0.2,4.1,-2.0,-0.019,-0.113,-0.981,0.5,-1.5,0.0,0.0078,-0.0018,-0.0196,307,406,314,360,0.00,0.00,-0.52,0.03,0.1000,2,1,0,0.01,0.00,0.34,-0.33,0.25,-0.18,0.07,123,30
39403,-1.6,3.7,2.4,-0.002,0.069,-1.081,0.6,-1.6,0.0,0.0113,-0.0036,-0.0242,260,406,342,380,0.00,0.00,-0.52,0.03,0.1000,2,1,0,0.01,0.00,0.35,-0.33,0.25,-0.18,0.07,122,30
39413,2.8,1.0,-0.9,-0.048,0.131,-1.203,0.5,-1.5,0.0,0.0052,0.0013,-0.0207,289,405,310,383,0.00,0.00,-0.52,0.03,0.1000,2,1,0,0.01,0.00,0.34,-0.33,0.25,-0.18,0.07,123,30
39423,-2.8,0.0,-4.8,-0.069,-0.033,-1.154,0.5,-1.4,0.0,0.0116,0.0042,-0.0162,306,408,325,348,0.00,0.00,-0.52,0.03,0.1000,2,1,0,0.01,0.00,0.35,-0.33,0.25,-0.18,0.07,124,30
39433,2.2,5.3,-0.4,-0.043,0.051,-1.060,0.4,-1.4,0.0,0.0057,-0.0028,-0.0212,307,404,304,373,0.00,0.00,-0.52,0.03,0.1000,2,1,0,0.01,0.00,0.35,-0.33,0.25,-0.18,0.07,125,30
39443,-4.9,-4.2,1.2,0.049,-0.099,-1.016,0.5,-1.3,0.0,0.0127,0.0061,-0.0224,294,419,317,358,0.00,0.00,-0.52,0.03,0.1000,2,1,0,0.01,0.00,0.35,-0.33,0.25,-0.18,0.07,123,30
39453,-1.1,5.6,0.9,-0.036,0.063,-1.172,0.4,-1.4,0.0,0.0090,-0.0030,-0.0226,281,395,317,395,0.00,0.00,-0.52,0.03,0.1000,2,1,0,0.01,0.00,0.35,-0.33,0.25,-0.18,0.07,124,30
39463,0.9,0.3,-4.4,0.038,-0.117,-1.110,0.4,-1.2,0.0,0.0068,0.0038,-0.0174,311,414,307,356,0.00,0.00,-0.52,0.03,0.1000,2,1,0,0.01,0.00,0.36,-0.33,0.25,-0.18,0.07,123,30
39473,2.9,2.1,0.1,-0.029,0.099,-1.171,0.4,-1.2,0.0,0.0059,0.0011,-0.0213,299,410,323,356,0.00,0.00,-0.52,0.03,0.1000,2,1,0,0.01,0.00,0.36,-0.33,0.25,-0.18,0.07,124,30
39483,-4.0,8.4,2.3,-0.064,-0.138,-1.069,0.3,-0.9,0.0,0.0119,-0.0054,-0.0240,323,448,277,340,0.00,0.00,-0.52,0.03,0.1000,2,1,0,0.01,0.00,0.36,-0.33,0.25,-0.18,0.07,122,30
39494,-2.1,7.4,0.3,-0.117,0.060,-1.094,0.3,-1.1,0.0,0.0117,-0.0049,-0.0212,279,404,338,366,0.00,0.00,-0.52,0.03,0.1000,2,1,0,0.01,0.00,0.36,-0.33,0.25,-0.18,0.07,123,30
39504,10.8,-10.7,-0.9,0.207,0.126,-0.997,0.2,-1.0,0.0,-0.0031,0.0136,-0.0207,320,400,287,380,0.00,0.00,-0.52,0.03,0.1000,2,1,0,0.01,0.00,0.36,-0.33,0.25,-0.18,0.07,122,30
39514,-6.1,-0.1,-2.5,-0.112,-0.245,-0.976,0.3,-0.9,0.0,0.0110,0.0054,-0.0188,312,409,310,356,0.00,0.00,-0.52,0.03,0.1000,2,1,0,0.01,0.00,0.37,-0.34,0.25,-0.18,0.07,123,30
39524,-5.1,11.7,3.8,-0.079,-0.031,-1.058,0.2,-0.9,0.0,0.0129,-0.0087,-0.0255,265,414,332,377,0.00,0.00,-0.52,0.04,0.1000,2,1,0,0.01,0.00,0.37,-0.33,0.25,-0.18,0.07,122,30
39534,1.5,2.7,-2.6,-0.032,0.051,-1.010,0.1,-0.8,0.0,0.0061,0.0002,-0.0190,306,410,314,358,0.00,0.00,-0.52,0.04,0.1000,2,1,0,0.01,0.00,0.37,-0.33,0.25,-0.18,0.07,123,30
39544,4.9,6.9,-2.4,0.024,0.035,-0.955,0.1,-0.9,0.0,0.0025,-0.0055,-0.0187,297,381,325,384,0.00,0.00,-0.52,0.04,0.1000,2,1,0,0.01,0.00,0.38,-0.33,0.25,-0.18,0.07,122,30
39554,-0.2,2.4,3.9,-0.017,-0.008,-1.038,0.1,-0.8,0.0,0.0079,0.0006,-0.0256,288,418,309,372,0.00,0.00,-0.52,0.04,0.1000,2,1,0,0.01,0.00,0.38,-0.33,0.25,-0.18,0.07,123,30
39564,1.0,5.7,1.8,0.003,0.044,-1.072,0.2,-0.8,0.0,0.0066,-0.0027,-0.0235,258,402,343,383,0.00,0.00,-0.52,0.04,0.1000,2,1,0,0.01,0.00,0.38,-0.33,0.25,-0.18,0.07,122,30
39574,1.8,-5.3,-5.8,-0.020,0.091,-1.020,0.1,-0.7,0.0,0.0058,0.0075,-0.0160,313,402,316,356,0.00,0.00,-0.52,0.04,0.1000,2,1,0,0.01,0.00,0.38,-0.33,0.25,-0.18,0.07,123,30
39584,2.0,0.4,0.0,0.045,-0.157,-0.999,0.1,-0.7,0.0,0.0050,0.0025,-0.0214,306,395,309,376,0.00,0.00,-0.52,0.04,0.1000,2,1,0,0.01,0.00,0.38,-0.33,0.25,-0.18,0.07,122,30
39594,-7.3,10.1,0.0,-0.040,-0.026,-1.018,0.2,-0.8,0.0,0.0157,-0.0082,-0.0219,251,403,353,381,0.00,0.00,-0.52,0.04,0.1000,2,1,0,0.01,0.00,0.39,-0.33,0.25,-0.18,0.07,123,30
39605,5.6,-3.8,0.0,0.110,0.205,-1.126,0.1,-0.7,0.0,0.0026,0.0057,-0.0215,295,400,317,376,0.00,0.00,-0.52,0.04,0.1000,2,1,0,0.01,0.00,0.39,-0.33,0.25,-0.18,0.07,122,30
39615,-3.2,3.6,-3.9,-0.088,-0.069,-1.080,0.2,-0.7,0.0,0.0110,-0.0004,-0.0177,300,396,326,366,0.00,0.00,-0.52,0.04,0.1000,2,1,0,0.01,0.00,0.39,-0.34,0.25,-0.18,0.07,122,30
39625,-2.5,2.8,-0.5,0.016,-0.075,-1.093,0.2,-0.8,0.0,0.0108,-0.0025,-0.0202,281,394,341,372,0.00,0.00,-0.52,0.04,0.1000,2,1,0,0.01,0.00,0.39,-0.33,0.25,-0.18,0.07,121,30
39635,2.4,4.2,1.4,-0.044,0.103,-1.087,0.3,-0.7,0.0,0.0053,-0.0008,-0.0235,287,407,312,381,0.00,0.00,-0.52,0.04,0.1000,2,1,0,0.01,0.00,0.40,-0.34,0.25,-0.18,0.07,122,30
# het
