t_ms,gx,gy,gz,ax,ay,az,sp_x,sp_y,sp_z,pid_x,pid_y,pid_z,m1,m2,m3,m4,roll,pitch,yaw,alt_m,thr,mode,armed,sat,sp_roll,sp_pitch,v_fwd,v_right,vt_fwd,vt_right,range_m,flow_q,est_flags
#
# chuyen bay moi, moc boot_ms = 2419381
#   nhip Hz = 100
10,0.2,0.6,61.9,-0.015,0.085,-1.054,4.1,-4.1,0.0,0.0040,-0.0042,-0.0440,158,306,187,302,0.00,0.01,2.60,0.17,0.0000,1,1,1,0.01,0.00,-0.01,0.00,0.00,0.00,0.16,209,31
20,0.0,-2.1,-68.1,0.052,-0.055,-0.983,4.1,-4.2,0.0,0.0042,-0.0026,0.0575,369,163,396,158,0.00,0.01,2.60,0.17,0.0000,1,1,1,0.01,0.00,-0.01,0.00,0.00,0.00,0.17,209,31
30,-0.2,3.6,4.7,0.035,-0.040,-0.999,4.1,-4.3,0.0,0.0044,-0.0079,-0.0038,158,259,211,280,0.00,0.01,2.60,0.17,0.0000,1,1,1,0.01,0.00,-0.01,0.00,0.00,0.00,0.17,209,31
40,0.4,0.5,63.3,-0.009,0.094,-1.059,4.1,-4.1,0.0,0.0035,-0.0041,-0.0454,158,310,184,308,0.00,0.01,2.60,0.17,0.0000,1,1,1,0.01,0.00,-0.01,0.00,0.00,0.00,0.19,209,31
50,0.4,-1.4,-66.8,0.054,-0.068,-0.973,4.1,-4.2,0.0,0.0037,-0.0029,0.0546,364,159,390,158,0.00,0.01,2.60,0.17,0.0000,1,1,1,0.01,0.00,-0.01,0.00,0.00,0.00,0.17,208,31
60,0.0,3.9,-0.4,0.036,-0.038,-0.997,4.1,-4.3,0.0,0.0043,-0.0086,-0.0027,158,256,214,276,0.00,0.01,2.60,0.17,0.0000,1,1,1,0.01,0.00,-0.01,0.00,0.00,0.00,0.16,208,31
70,0.2,0.4,63.0,-0.014,0.089,-1.066,4.1,-4.1,0.0,0.0038,-0.0040,-0.0453,158,329,187,328,0.00,0.01,2.60,0.17,0.0000,1,1,1,0.01,0.00,-0.01,0.00,0.00,0.00,0.18,208,31
80,0.3,-2.8,-65.0,0.052,-0.066,-0.986,4.1,-4.2,0.0,0.0036,-0.0017,0.0547,369,162,391,158,0.00,0.01,2.60,0.17,0.0000,1,1,1,0.01,0.00,-0.01,0.00,0.00,0.00,0.19,208,31
90,-0.1,3.5,-2.1,0.034,-0.041,-0.991,4.1,-4.3,0.0,0.0043,-0.0082,-0.0014,158,250,214,272,0.00,0.01,2.60,0.17,0.0000,1,1,1,0.01,0.00,-0.01,0.00,0.00,0.00,0.19,208,31
100,0.5,0.5,63.7,-0.015,0.094,-1.072,4.1,-4.2,0.0,0.0036,-0.0043,-0.0459,158,330,187,331,0.00,0.01,2.60,0.18,0.0000,1,1,1,0.01,0.00,-0.01,0.00,0.00,0.00,0.18,209,31
110,0.8,-2.2,-64.3,0.054,-0.045,-0.983,4.1,-4.2,0.0,0.0033,-0.0020,0.0514,367,160,390,158,0.00,0.01,2.60,0.18,0.0000,1,1,1,0.01,0.00,-0.01,0.00,0.00,0.00,0.17,209,31
120,-0.3,4.2,1.0,0.037,-0.056,-0.987,4.1,-4.3,0.0,0.0045,-0.0085,-0.0008,158,226,212,245,0.00,0.01,2.60,0.18,0.0000,1,1,1,0.01,0.00,-0.01,0.00,0.00,0.00,0.17,209,31
130,0.0,1.2,65.0,-0.013,0.090,-1.065,4.1,-4.2,0.0,0.0040,-0.0048,-0.0471,158,336,189,338,0.00,0.01,2.60,0.17,0.0000,1,1,1,0.01,0.00,-0.01,0.00,0.00,0.00,0.17,209,31
141,0.5,-2.4,-62.8,0.051,-0.053,-0.971,4.1,-4.2,0.0,0.0036,-0.0017,0.0502,357,161,381,158,0.00,0.01,2.60,0.17,0.0000,1,1,1,0.01,0.00,-0.01,0.00,0.00,0.00,0.17,208,31
151,-0.4,3.7,-0.6,0.039,-0.048,-1.006,4.1,-4.3,0.0,0.0046,-0.0080,0.0005,158,220,210,238,0.00,0.01,2.60,0.17,0.0000,1,1,1,0.01,0.00,-0.01,0.00,0.00,0.00,0.17,208,31
161,0.5,1.1,65.2,-0.015,0.102,-1.058,4.1,-4.2,0.0,0.0036,-0.0051,-0.0508,158,338,188,339,0.00,0.01,2.60,0.17,0.0000,1,1,1,0.01,0.00,-0.01,0.00,0.00,0.00,0.17,208,31
171,0.3,-3.2,-62.7,0.052,-0.058,-0.995,4.1,-4.2,0.0,0.0037,-0.0010,0.0502,360,165,383,158,0.00,0.01,2.60,0.17,0.0000,1,1,1,0.01,0.00,-0.01,0.00,0.00,0.00,0.17,208,31
181,-0.6,2.8,-6.4,0.039,-0.045,-0.998,4.1,-4.3,0.0,0.0047,-0.0082,-0.0042,158,215,209,231,0.00,0.01,2.60,0.17,0.0000,1,1,1,0.01,0.00,-0.01,0.00,0.00,0.00,0.17,209,31
191,0.5,1.3,67.1,-0.017,0.111,-1.054,4.1,-4.2,0.0,0.0036,-0.0055,-0.0537,158,339,189,342,0.00,0.01,2.60,0.17,0.0000,1,1,1,0.01,0.00,-0.01,0.00,0.00,0.00,0.16,209,31
201,0.4,-3.0,-59.7,0.042,-0.038,-0.987,4.1,-4.2,0.0,0.0037,-0.0014,0.0495,358,163,380,158,0.00,0.01,2.60,0.17,0.0000,1,1,1,0.01,0.00,-0.01,0.00,0.00,0.00,0.17,209,31
211,-0.7,2.5,-7.4,0.036,-0.058,-1.003,4.1,-4.3,0.0,0.0048,-0.0079,-0.0033,158,212,209,227,0.00,0.01,2.60,0.17,0.0000,1,1,1,0.01,0.00,-0.01,0.00,0.00,0.00,0.17,209,31
221,-0.1,1.1,68.0,-0.027,0.089,-1.072,4.1,-4.2,0.0,0.0043,-0.0053,-0.0544,158,357,192,360,0.00,0.01,2.60,0.17,0.0000,1,1,1,0.01,0.00,-0.01,0.00,0.00,0.00,0.18,209,31
231,0.3,-3.1,-58.7,0.040,-0.036,-0.980,4.1,-4.2,0.0,0.0037,-0.0013,0.0488,356,163,378,158,0.00,0.01,2.60,0.17,0.0000,1,1,1,0.01,0.00,-0.01,0.00,0.00,0.00,0.19,208,31
241,-0.4,2.6,-8.3,0.045,-0.050,-0.998,4.1,-4.3,0.0,0.0046,-0.0073,0.0035,158,209,210,225,0.00,0.01,2.60,0.17,0.0000,1,1,1,0.01,0.00,-0.01,0.00,0.00,0.00,0.17,208,31
251,0.4,1.6,66.7,-0.020,0.094,-1.070,4.1,-4.2,0.0,0.0037,-0.0057,-0.0520,158,357,192,364,0.00,0.01,2.60,0.17,0.0000,1,1,1,0.01,0.00,-0.01,0.00,0.00,0.00,0.16,208,30
261,0.4,-3.1,-61.8,0.044,-0.061,-0.981,4.1,-4.2,0.0,0.0037,-0.0013,0.0510,354,165,375,158,0.00,0.01,2.60,0.17,0.0000,1,1,1,0.01,0.00,-0.01,0.00,0.00,0.00,0.18,208,30
271,-0.4,3.4,-1.7,0.035,-0.044,-0.994,4.1,-4.3,0.0,0.0045,-0.0081,-0.0016,158,182,206,195,0.00,0.01,2.60,0.17,0.0000,1,1,1,0.01,0.00,-0.01,0.00,0.00,0.00,0.21,208,30
281,0.0,1.4,63.8,-0.018,0.094,-1.065,4.1,-4.1,0.0,0.0040,-0.0055,-0.0495,158,360,194,366,0.00,0.01,2.60,0.18,0.0000,1,1,1,0.01,0.00,0.00,0.00,0.00,0.00,0.19,208,31
291,0.4,-2.7,-65.5,0.046,-0.048,-0.991,4.1,-4.2,0.0,0.0036,-0.0018,0.0537,369,160,391,158,0.00,0.01,2.60,0.18,0.0000,1,1,1,0.01,0.00,0.00,0.00,0.00,0.00,0.18,209,31
301,-0.2,3.5,0.5,0.032,-0.048,-1.001,4.1,-4.2,0.0,0.0044,-0.0078,-0.0004,158,266,213,289,0.00,0.01,2.60,0.18,0.0000,1,1,1,0.01,0.00,0.00,0.00,0.00,0.00,0.17,208,31
311,0.1,0.7,61.8,-0.014,0.088,-1.064,4.1,-4.1,0.0,0.0040,-0.0049,-0.0494,158,298,187,297,0.00,0.01,2.60,0.18,0.0000,1,1,1,0.01,0.00,0.00,0.00,0.00,0.00,0.17,208,31
321,0.3,-2.2,-66.6,0.061,-0.046,-0.980,4.1,-4.2,0.0,0.0037,-0.0020,0.0533,366,161,392,158,0.00,0.01,2.60,0.18,0.0000,1,1,1,0.01,0.00,0.00,0.00,0.00,0.00,0.16,208,31
331,-0.5,4.5,7.6,0.029,-0.043,-0.994,4.1,-4.2,0.0,0.0047,-0.0088,-0.0061,158,267,215,288,0.00,0.01,2.60,0.18,0.0000,1,1,1,0.01,0.00,0.00,0.00,0.00,0.00,0.16,208,31
341,0.0,0.8,58.6,-0.012,0.078,-1.051,4.1,-4.1,0.0,0.0040,-0.0050,-0.0469,158,303,187,301,0.00,0.01,2.60,0.18,0.0000,1,1,1,0.01,0.00,0.00,0.00,0.00,0.00,0.16,208,31
352,0.2,-2.0,-67.2,0.061,-0.061,-0.981,4.1,-4.2,0.0,0.0039,-0.0026,0.0565,366,163,391,158,0.00,0.01,2.60,0.17,0.0000,1,1,1,0.01,0.00,0.00,0.00,0.00,0.00,0.17,208,31
362,-0.5,5.2,10.0,0.022,-0.033,-0.995,4.1,-4.3,0.0,0.0046,-0.0101,-0.0171,158,262,214,284,0.00,0.01,2.60,0.17,0.0000,1,1,1,0.01,0.00,0.00,0.00,0.00,0.00,0.18,209,31
372,0.5,0.9,59.7,-0.011,0.097,-1.051,4.1,-4.2,0.0,0.0036,-0.0052,-0.0478,158,305,186,304,0.00,0.01,2.60,0.17,0.0000,1,1,1,0.01,0.00,0.00,0.00,0.00,0.00,0.20,209,31
382,0.2,-2.0,-67.8,0.063,-0.060,-0.987,4.1,-4.2,0.0,0.0036,-0.0029,0.0572,367,159,392,158,0.00,0.01,2.60,0.18,0.0000,1,1,1,0.01,0.00,0.02,0.00,0.00,0.00,0.18,209,31
392,-0.6,4.6,5.0,0.032,-0.044,-0.989,4.1,-4.3,0.0,0.0048,-0.0090,-0.0040,158,259,216,282,0.00,0.01,2.60,0.18,0.0000,1,1,1,0.01,0.00,0.02,0.00,0.00,0.00,0.16,209,31
402,0.3,0.5,59.8,-0.009,0.086,-1.055,4.1,-4.2,0.0,0.0037,-0.0047,-0.0478,158,323,186,323,0.00,0.01,2.60,0.18,0.0000,1,1,1,0.01,0.00,0.02,0.00,0.00,0.00,0.18,209,31
412,0.5,-2.0,-67.9,0.055,-0.054,-0.991,4.1,-4.2,0.0,0.0035,-0.0027,0.0573,369,160,393,158,0.00,0.01,2.60,0.18,0.0000,1,1,1,0.01,0.00,0.02,0.00,0.00,0.00,0.20,209,31
422,-0.7,4.4,4.5,0.022,-0.050,-0.998,4.1,-4.3,0.0,0.0048,-0.0087,-0.0036,158,258,213,278,0.00,0.01,2.60,0.18,0.0000,1,1,1,0.01,0.00,0.00,0.00,0.00,0.00,0.19,209,31
432,0.2,0.8,60.6,-0.021,0.082,-1.059,4.1,-4.2,0.0,0.0038,-0.0051,-0.0485,158,326,187,327,0.00,0.01,2.60,0.18,0.0000,1,1,1,0.01,0.00,0.00,0.00,0.00,0.00,0.18,209,31
442,0.6,-2.2,-66.8,0.050,-0.058,-0.987,4.1,-4.2,0.0,0.0034,-0.0022,0.0566,368,163,390,158,0.00,0.01,2.60,0.18,0.0000,1,1,1,0.01,0.00,0.00,0.00,0.00,0.00,0.17,209,31
452,-0.3,3.8,3.7,0.034,-0.038,-0.989,4.1,-4.3,0.0,0.0045,-0.0088,-0.0092,158,233,211,251,0.00,0.01,2.60,0.18,0.0000,1,1,1,0.01,0.00,0.00,0.00,0.00,0.00,0.16,210,31
463,0.2,0.6,63.6,-0.011,0.094,-1.061,4.1,-4.2,0.0,0.0039,-0.0044,-0.0458,158,331,189,332,0.00,0.01,2.60,0.18,0.0000,1,1,1,0.01,0.00,0.00,0.00,0.00,0.00,0.16,210,31
473,0.1,-2.0,-66.0,0.056,-0.067,-0.991,4.1,-4.2,0.0,0.0039,-0.0025,0.0541,363,159,389,158,0.00,0.01,2.60,0.18,0.0000,1,1,1,0.01,0.00,0.00,0.00,0.00,0.00,0.16,210,31
483,-0.4,3.9,1.9,0.034,-0.039,-0.999,4.1,-4.3,0.0,0.0046,-0.0082,-0.0015,158,228,212,246,0.00,0.01,2.60,0.18,0.0000,1,1,1,0.01,0.00,0.00,0.00,0.00,0.00,0.16,210,31
493,0.2,0.6,63.7,-0.013,0.098,-1.050,4.1,-4.2,0.0,0.0038,-0.0041,-0.0459,158,331,186,330,0.00,0.01,2.60,0.17,0.0000,1,1,1,0.01,0.00,0.00,0.00,0.00,0.00,0.17,210,31
503,0.1,-3.0,-63.9,0.047,-0.069,-0.987,4.1,-4.2,0.0,0.0040,-0.0016,0.0538,362,165,385,158,0.00,0.01,2.60,0.17,0.0000,1,1,1,0.01,0.00,0.00,0.00,0.00,0.00,0.17,210,31
513,-0.3,3.7,0.5,0.038,-0.043,-0.998,4.1,-4.3,0.0,0.0045,-0.0081,-0.0004,158,223,211,243,0.00,0.01,2.60,0.17,0.0000,1,1,1,0.01,0.00,0.00,0.00,0.00,0.00,0.18,210,31
523,0.7,0.6,63.7,-0.021,0.089,-1.059,4.1,-4.2,0.0,0.0033,-0.0041,-0.0461,158,345,186,348,0.00,0.01,2.60,0.17,0.0000,1,1,1,0.01,0.00,0.00,0.00,0.00,0.00,0.17,210,31
533,0.0,-2.8,-64.7,0.056,-0.055,-0.995,4.1,-4.2,0.0,0.0041,-0.0016,0.0531,359,165,382,158,0.00,0.01,2.60,0.17,0.0000,1,1,1,0.01,0.00,0.00,0.00,0.00,0.00,0.16,209,31
543,-0.3,4.0,-0.7,0.034,-0.042,-0.995,4.1,-4.3,0.0,0.0045,-0.0083,0.0005,158,220,213,240,0.00,0.01,2.60,0.17,0.0000,1,1,1,0.01,0.00,0.00,0.00,0.00,0.00,0.17,209,31
553,0.3,0.6,64.9,-0.008,0.094,-1.058,4.1,-4.2,0.0,0.0038,-0.0043,-0.0471,158,351,189,353,0.00,0.01,2.60,0.17,0.0000,1,1,1,0.01,0.00,0.00,0.00,0.00,0.00,0.17,209,31
563,0.2,-2.5,-64.4,0.052,-0.061,-0.977,4.1,-4.2,0.0,0.0038,-0.0019,0.0529,358,163,381,158,0.00,0.01,2.60,0.17,0.0000,1,1,1,0.01,0.00,0.00,0.00,0.00,0.00,0.17,209,31
573,-0.4,3.8,-1.8,0.039,-0.052,-1.002,4.1,-4.3,0.0,0.0046,-0.0082,0.0014,158,216,211,236,0.00,0.01,2.60,0.17,0.0000,1,1,1,0.01,0.00,0.00,0.00,0.00,0.00,0.18,209,31
584,1.0,0.8,65.7,-0.011,0.102,-1.062,4.1,-4.2,0.0,0.0030,-0.0050,-0.0512,158,351,188,357,0.00,0.01,2.60,0.17,0.0000,1,1,1,0.01,0.00,0.00,0.00,0.00,0.00,0.17,209,31
594,0.8,-2.4,-62.2,0.045,-0.056,-0.982,4.1,-4.2,0.0,0.0033,-0.0018,0.0497,358,162,381,158,0.00,0.01,2.60,0.17,0.0000,1,1,1,0.01,0.00,0.00,0.00,0.00,0.00,0.16,209,31
604,-0.7,3.3,-7.0,0.038,-0.053,-0.998,4.1,-4.3,0.0,0.0048,-0.0085,-0.0036,158,190,209,204,0.00,0.01,2.60,0.17,0.0000,1,1,1,0.01,0.00,0.00,0.00,0.00,0.00,0.18,209,31
614,0.0,0.7,65.6,-0.014,0.090,-1.075,4.1,-4.2,0.0,0.0040,-0.0048,-0.0511,158,354,190,356,0.00,0.01,2.60,0.17,0.0000,1,1,1,0.01,0.00,0.00,0.00,0.00,0.00,0.20,209,31
624,0.5,-2.8,-61.2,0.049,-0.041,-0.984,4.1,-4.2,0.0,0.0036,-0.0014,0.0490,348,164,368,158,0.00,0.01,2.60,0.18,0.0000,1,1,1,0.01,0.00,-0.01,0.00,0.00,0.00,0.19,209,31
634,-0.6,2.6,-7.8,0.036,-0.050,-1.004,4.1,-4.3,0.0,0.0049,-0.0079,-0.0029,158,188,207,199,0.00,0.01,2.60,0.18,0.0000,1,1,1,0.01,0.00,-0.01,0.00,0.00,0.00,0.18,209,31
644,0.0,1.0,65.6,-0.015,0.098,-1.062,4.1,-4.2,0.0,0.0041,-0.0051,-0.0510,158,367,193,371,0.00,0.01,2.60,0.18,0.0000,1,1,1,0.01,0.00,-0.01,0.00,0.00,0.00,0.17,209,31
654,0.5,-2.9,-60.6,0.043,-0.050,-0.983,4.1,-4.2,0.0,0.0036,-0.0013,0.0485,346,164,367,158,0.00,0.01,2.60,0.18,0.0000,1,1,1,0.01,0.00,-0.01,0.00,0.00,0.00,0.17,209,31
664,-0.3,2.2,-8.4,0.043,-0.045,-0.999,4.1,-4.3,0.0,0.0045,-0.0069,0.0036,158,161,201,170,0.00,0.01,2.60,0.18,0.0000,1,1,1,0.01,0.00,-0.01,0.00,0.00,0.00,0.16,209,31
674,0.3,0.9,68.0,-0.021,0.103,-1.066,4.1,-4.2,0.0,0.0037,-0.0052,-0.0544,158,369,191,373,0.00,0.01,2.60,0.17,0.0000,1,1,1,0.01,0.00,-0.01,0.00,0.00,0.00,0.17,209,31
685,0.4,-3.5,-58.2,0.036,-0.041,-0.993,4.1,-4.2,0.0,0.0036,-0.0009,0.0484,348,166,367,158,0.00,0.01,2.60,0.17,0.0000,1,1,1,0.01,0.00,-0.01,0.00,0.00,0.00,0.18,209,31
695,-0.4,1.9,-13.0,0.049,-0.049,-0.999,4.1,-4.3,0.0,0.0046,-0.0063,0.0104,158,159,203,169,0.00,0.01,2.60,0.17,0.0000,1,1,1,0.01,0.00,-0.02,0.00,0.00,0.00,0.18,209,31
705,0.3,2.1,70.0,-0.026,0.095,-1.077,4.1,-4.2,0.0,0.0039,-0.0057,-0.0526,158,372,195,379,0.00,0.01,2.60,0.18,0.0000,1,1,1,0.01,0.00,-0.02,0.00,0.00,0.00,0.18,209,31
715,0.1,-3.8,-55.4,0.041,-0.028,-0.990,4.1,-4.2,0.0,0.0039,-0.0010,0.0481,336,169,355,158,0.00,0.01,2.60,0.18,0.0000,1,1,1,0.01,0.00,-0.02,0.00,0.00,0.00,0.18,208,31
725,-0.5,1.8,-18.3,0.048,-0.058,-1.000,4.1,-4.3,0.0,0.0046,-0.0075,0.0054,161,158,207,169,0.00,0.01,2.60,0.18,0.0000,1,1,1,0.01,0.00,-0.02,0.00,0.00,0.00,0.17,208,31
735,0.0,1.6,69.8,-0.021,0.093,-1.067,4.1,-4.2,0.0,0.0042,-0.0056,-0.0548,158,373,194,376,0.00,0.01,2.60,0.18,0.0000,1,1,1,0.01,0.00,-0.02,0.00,0.00,0.00,0.19,208,31
745,-0.3,-3.3,-54.6,0.030,-0.040,-0.991,4.1,-4.2,0.0,0.0045,-0.0009,0.0437,333,170,355,158,0.00,0.01,2.60,0.18,0.0000,1,1,1,0.01,0.00,0.00,0.00,0.00,0.00,0.21,208,31
755,-0.5,1.5,-19.6,0.047,-0.046,-1.006,4.1,-4.3,0.0,0.0046,-0.0071,0.0064,165,158,209,167,0.00,0.01,2.60,0.18,0.0000,1,1,1,0.01,0.00,0.00,0.00,0.00,0.00,0.20,208,31
765,0.6,1.2,71.4,-0.022,0.104,-1.081,4.1,-4.2,0.0,0.0034,-0.0054,-0.0571,158,371,190,379,0.00,0.01,2.60,0.18,0.0000,1,1,1,0.01,0.00,0.00,0.00,0.00,0.00,0.18,209,31
775,0.4,-3.1,-50.2,0.026,-0.037,-1.003,4.1,-4.2,0.0,0.0036,-0.0018,0.0464,327,165,347,158,0.00,0.01,2.60,0.18,0.0000,1,1,1,0.01,0.00,0.01,0.00,0.00,0.00,0.18,209,31
786,-0.6,1.1,-24.8,0.051,-0.043,-0.994,4.1,-4.3,0.0,0.0047,-0.0055,0.0198,169,158,215,167,0.00,0.01,2.60,0.18,0.0000,1,1,1,0.01,0.00,0.00,0.00,0.00,0.00,0.17,209,31
796,0.0,1.7,72.7,-0.018,0.097,-1.092,4.1,-4.2,0.0,0.0041,-0.0057,-0.0559,158,385,195,391,0.00,0.01,2.60,0.18,0.0000,1,1,1,0.01,0.00,0.00,0.00,0.00,0.00,0.17,209,31
806,0.1,-4.1,-46.9,0.019,-0.039,-1.005,4.1,-4.2,0.0,0.0039,-0.0005,0.0420,328,169,347,158,0.00,0.01,2.60,0.18,0.0000,1,1,1,0.01,0.00,0.01,0.00,0.00,0.00,0.16,209,31
816,-0.6,0.5,-25.3,0.045,-0.054,-0.997,4.1,-4.3,0.0,0.0047,-0.0048,0.0202,194,158,234,161,0.00,0.01,2.60,0.18,0.0000,1,1,1,0.01,0.00,0.00,0.00,0.00,0.00,0.17,209,31
826,0.3,2.2,73.1,-0.027,0.107,-1.081,4.1,-4.2,0.0,0.0039,-0.0062,-0.0565,158,386,196,395,0.00,0.01,2.60,0.18,0.0000,1,1,1,0.01,0.00,0.00,0.00,0.00,0.00,0.18,209,31
836,0.6,-4.2,-45.7,0.024,-0.025,-0.997,4.1,-4.2,0.0,0.0034,0.0000,0.0365,325,167,343,158,0.00,0.01,2.60,0.18,0.0000,1,1,1,0.01,0.00,0.01,0.00,0.00,0.00,0.19,209,31
846,-0.4,0.5,-26.4,0.050,-0.050,-1.000,4.1,-4.3,0.0,0.0046,-0.0048,0.0211,198,158,237,162,0.00,0.01,2.60,0.18,0.0000,1,1,1,0.01,0.00,0.00,0.00,0.00,0.00,0.18,209,31
856,0.0,1.9,72.4,-0.020,0.109,-1.079,4.1,-4.2,0.0,0.0041,-0.0060,-0.0575,158,386,195,392,0.00,0.01,2.60,0.18,0.0000,1,1,1,0.01,0.00,0.00,0.00,0.00,0.00,0.17,209,31
866,0.1,-5.2,-41.1,0.021,-0.027,-0.990,4.1,-4.2,0.0,0.0039,0.0002,0.0400,310,174,324,158,0.00,0.01,2.60,0.18,0.0000,1,1,1,0.01,0.00,0.01,0.00,0.00,0.00,0.18,209,31
876,-0.3,0.0,-31.3,0.050,-0.044,-1.000,4.1,-4.3,0.0,0.0045,-0.0048,0.0222,203,158,241,162,0.00,0.01,2.60,0.18,0.0000,1,1,1,0.01,0.00,0.00,0.00,0.00,0.00,0.20,209,31
887,0.4,2.4,73.0,-0.030,0.105,-1.080,4.1,-4.2,0.0,0.0036,-0.0067,-0.0584,158,385,194,394,0.00,0.01,2.60,0.18,0.0000,1,1,1,0.01,0.00,0.00,0.00,0.00,0.00,0.19,209,31
897,-0.1,-5.4,-40.2,0.013,-0.020,-1.008,4.1,-4.2,0.0,0.0042,0.0006,0.0395,310,177,324,158,0.00,0.01,2.60,0.18,0.0000,1,1,1,0.01,0.00,0.00,0.00,0.00,0.00,0.19,209,31
907,-0.7,-0.8,-35.8,0.050,-0.050,-0.989,4.1,-4.3,0.0,0.0049,-0.0034,0.0287,204,158,243,158,0.00,0.01,2.60,0.18,0.0000,1,1,1,0.01,0.00,0.00,0.00,0.00,0.00,0.18,209,31
917,0.4,2.8,73.7,-0.034,0.104,-1.094,4.1,-4.2,0.0,0.0036,-0.0070,-0.0589,158,389,198,399,0.00,0.01,2.60,0.18,0.0000,1,1,1,0.01,0.00,0.00,0.00,0.00,0.00,0.17,209,31
927,0.1,-5.4,-39.7,0.022,-0.012,-0.993,4.1,-4.2,0.0,0.0038,0.0005,0.0392,308,175,321,158,0.00,0.01,2.60,0.18,0.0000,1,1,1,0.01,0.00,0.00,0.00,0.00,0.00,0.17,209,31
937,-0.7,-0.8,-37.5,0.054,-0.054,-1.007,4.1,-4.3,0.0,0.0049,-0.0034,0.0300,211,158,248,159,0.00,0.01,2.60,0.18,0.0000,1,1,1,0.01,0.00,0.00,0.00,0.00,0.00,0.17,209,31
947,0.4,2.1,73.2,-0.024,0.102,-1.074,4.1,-4.2,0.0,0.0037,-0.0059,-0.0581,158,392,195,400,0.00,0.01,2.60,0.18,0.0000,1,1,1,0.01,0.00,0.00,0.00,0.00,0.00,0.17,209,31
957,0.3,-5.5,-34.0,0.010,-0.017,-1.014,4.1,-4.2,0.0,0.0037,0.0010,0.0325,302,174,314,158,0.00,0.01,2.60,0.18,0.0000,1,1,1,0.01,0.00,0.00,0.00,0.00,0.00,0.18,210,31
967,-0.7,-0.8,-38.2,0.049,-0.051,-0.991,4.1,-4.3,0.0,0.0048,-0.0034,0.0306,216,158,253,161,0.00,0.01,2.60,0.18,0.0000,1,1,1,0.01,0.00,0.00,0.00,0.00,0.00,0.18,210,31
977,0.4,2.5,72.8,-0.033,0.100,-1.076,4.1,-4.2,0.0,0.0039,-0.0063,-0.0579,158,392,197,401,0.00,0.01,2.60,0.18,0.0000,1,1,1,0.01,0.00,0.00,0.00,0.00,0.00,0.18,211,31
987,0.0,-5.9,-33.7,0.012,-0.014,-1.017,4.1,-4.2,0.0,0.0040,0.0015,0.0323,303,177,314,158,0.00,0.01,2.60,0.18,0.0000,1,1,1,0.01,0.00,0.00,0.00,0.00,0.00,0.17,211,31
998,-0.4,-0.8,-38.6,0.050,-0.045,-0.984,4.1,-4.3,0.0,0.0045,-0.0034,0.0309,239,159,272,158,0.00,0.01,2.60,0.18,0.0000,1,1,1,0.01,0.00,0.00,0.00,0.00,0.00,0.17,211,31
1008,0.5,2.7,72.9,-0.038,0.093,-1.100,4.1,-4.2,0.0,0.0036,-0.0069,-0.0583,158,393,197,402,0.00,0.01,2.60,0.18,0.0000,1,1,1,0.01,0.00,0.00,0.00,0.00,0.00,0.17,211,31
1018,0.0,-5.8,-33.3,0.008,-0.004,-0.998,4.1,-4.2,0.0,0.0041,0.0016,0.0267,301,175,313,158,0.00,0.01,2.60,0.18,0.0000,1,1,1,0.01,0.00,0.00,0.00,0.00,0.00,0.18,210,31
1028,-0.5,-0.9,-42.2,0.052,-0.042,-0.989,4.1,-4.3,0.0,0.0047,-0.0037,0.0312,238,159,274,158,0.00,0.01,2.60,0.18,0.0000,1,1,1,0.01,0.00,0.00,0.00,0.00,0.00,0.18,210,31
1038,0.5,2.3,73.0,-0.033,0.090,-1.095,4.1,-4.2,0.0,0.0035,-0.0065,-0.0584,158,392,194,402,0.00,0.01,2.60,0.18,0.0000,1,1,1,0.01,0.00,0.00,0.00,0.00,0.00,0.19,210,31
1048,0.2,-5.6,-28.3,0.001,0.000,-0.996,4.1,-4.2,0.0,0.0036,0.0012,0.0309,297,175,308,158,0.00,0.01,2.60,0.18,0.0000,1,1,1,0.01,0.00,0.00,0.00,0.00,0.00,0.18,211,31
1058,-0.3,-1.1,-46.6,0.050,-0.049,-0.992,4.1,-4.3,0.0,0.0044,-0.0031,0.0372,244,159,278,158,0.00,0.01,2.60,0.18,0.0000,1,1,1,0.01,0.00,0.00,0.00,0.00,0.00,0.17,211,31
1068,0.4,3.1,72.4,-0.031,0.108,-1.075,4.1,-4.2,0.0,0.0039,-0.0067,-0.0587,158,395,197,403,0.00,0.01,2.60,0.18,0.0000,1,1,1,0.01,0.00,0.00,0.00,0.00,0.00,0.19,211,31
1078,0.0,-5.7,-27.5,-0.001,-0.004,-1.014,4.1,-4.2,0.0,0.0040,0.0016,0.0248,278,178,287,158,0.00,0.01,2.60,0.18,0.0000,1,1,1,0.01,0.00,0.00,0.00,0.00,0.00,0.21,211,31
1089,-0.5,-1.7,-48.1,0.052,-0.046,-0.989,4.1,-4.3,0.0,0.0047,-0.0025,0.0384,251,162,284,158,0.00,0.01,2.60,0.18,0.0000,1,1,1,0.01,0.00,0.00,0.00,0.00,0.00,0.20,211,31
1099,0.4,2.9,71.8,-0.040,0.099,-1.101,4.1,-4.2,0.0,0.0039,-0.0066,-0.0585,158,394,198,403,0.00,0.01,2.60,0.18,0.0000,1,1,1,0.01,0.00,0.00,0.00,0.00,0.00,0.18,211,31
1109,-0.3,-5.2,-22.6,-0.007,0.005,-1.011,4.1,-4.2,0.0,0.0044,0.0009,0.0181,272,176,285,158,0.00,0.01,2.60,0.18,0.0000,1,1,1,0.01,0.00,0.00,0.00,0.00,0.00,0.18,210,31
1119,-0.4,-2.4,-51.1,0.056,-0.039,-0.987,4.1,-4.2,0.0,0.0047,-0.0026,0.0340,254,163,285,158,0.00,0.01,2.60,0.18,0.0000,1,1,1,0.01,0.00,0.00,0.00,0.00,0.00,0.17,210,31
1129,0.5,3.0,72.7,-0.036,0.090,-1.074,4.1,-4.2,0.0,0.0036,-0.0071,-0.0586,158,395,197,406,0.00,0.01,2.60,0.18,0.0000,1,1,1,0.01,0.00,0.00,0.00,0.00,0.00,0.17,210,31
1139,0.0,-4.8,-21.5,-0.007,0.002,-1.010,4.1,-4.2,0.0,0.0041,0.0006,0.0172,268,174,281,158,0.00,0.01,2.60,0.18,0.0000,1,1,1,0.01,0.00,0.00,0.00,0.00,0.00,0.17,210,31
1149,-0.6,-2.1,-49.2,0.059,-0.041,-0.995,4.1,-4.3,0.0,0.0048,-0.0021,0.0393,278,165,308,158,0.00,0.01,2.60,0.18,0.0000,1,1,1,0.01,0.00,0.00,0.00,0.00,0.00,0.18,210,31
1159,0.5,2.9,72.2,-0.032,0.093,-1.077,4.1,-4.2,0.0,0.0037,-0.0066,-0.0590,158,395,197,406,0.00,0.01,2.60,0.18,0.0000,1,1,1,0.01,0.00,0.00,0.00,0.00,0.00,0.18,210,31
1169,-0.3,-5.0,-20.1,-0.007,-0.005,-1.008,4.1,-4.2,0.0,0.0044,0.0008,0.0161,266,177,279,158,0.00,0.01,2.60,0.18,0.0000,1,1,1,0.01,0.00,0.00,0.00,0.00,0.00,0.19,210,31
1179,-0.7,-1.7,-53.2,0.059,-0.048,-0.982,4.1,-4.2,0.0,0.0048,-0.0033,0.0358,281,164,312,158,0.00,0.01,2.60,0.18,0.0000,1,1,1,0.01,0.00,0.00,0.00,0.00,0.00,0.18,209,31
1189,0.6,2.8,71.2,-0.036,0.099,-1.084,4.1,-4.2,0.0,0.0035,-0.0067,-0.0576,158,393,195,402,0.00,0.01,2.60,0.18,0.0000,1,1,1,0.01,0.00,0.00,0.00,0.00,0.00,0.16,209,31
1200,0.3,-4.8,-15.3,-0.013,0.024,-0.994,4.1,-4.1,0.0,0.0038,0.0010,0.0212,264,177,274,158,0.00,0.01,2.60,0.18,0.0000,1,1,1,0.01,0.00,0.00,0.00,0.00,0.00,0.18,209,31
1210,-0.2,-2.3,-56.7,0.063,-0.040,-0.990,4.1,-4.2,0.0,0.0043,-0.0019,0.0454,286,163,314,158,0.00,0.01,2.60,0.18,0.0000,1,1,1,0.01,0.00,0.00,0.00,0.00,0.00,0.20,209,31
1220,0.7,3.7,68.6,-0.040,0.084,-1.084,4.1,-4.2,0.0,0.0034,-0.0073,-0.0575,158,392,197,405,0.00,0.01,2.60,0.18,0.0000,1,1,1,0.01,0.00,0.00,0.00,0.00,0.00,0.19,210,31
1230,-0.3,-4.5,-10.0,-0.011,0.031,-0.997,4.1,-4.2,0.0,0.0044,0.0006,0.0141,237,177,250,158,0.00,0.01,2.60,0.18,0.0000,1,1,1,0.01,0.00,0.00,0.00,0.00,0.00,0.19,210,31
1240,-0.2,-2.6,-59.0,0.065,-0.047,-0.987,4.1,-4.2,0.0,0.0046,-0.0024,0.0414,286,164,316,158,0.00,0.01,2.60,0.18,0.0000,1,1,1,0.01,0.00,0.00,0.00,0.00,0.00,0.18,210,31
1250,0.9,3.9,68.5,-0.034,0.078,-1.070,4.1,-4.2,0.0,0.0034,-0.0075,-0.0574,158,388,200,403,0.00,0.01,2.60,0.18,0.0000,1,1,1,0.01,0.00,0.00,0.00,0.00,0.00,0.17,210,31
1260,-0.2,-4.7,-8.1,-0.018,0.018,-1.021,4.1,-4.2,0.0,0.0043,0.0005,0.0065,233,178,244,158,0.00,0.01,2.60,0.18,0.0000,1,1,1,0.01,0.00,0.00,0.00,0.00,0.00,0.16,210,31
1270,-0.6,-2.3,-57.3,0.064,-0.047,-0.979,4.1,-4.2,0.0,0.0047,-0.0019,0.0458,290,166,319,158,0.00,0.01,2.60,0.18,0.0000,1,1,1,0.01,0.00,0.00,0.00,0.00,0.00,0.16,210,31
1280,0.5,3.6,67.1,-0.032,0.094,-1.067,4.1,-4.2,0.0,0.0036,-0.0076,-0.0547,158,386,200,399,0.00,0.01,2.60,0.18,0.0000,1,1,1,0.01,0.00,0.00,0.00,0.00,0.00,0.17,210,31
1290,0.0,-4.5,-7.6,-0.014,0.016,-1.012,4.1,-4.1,0.0,0.0041,0.0003,0.0061,231,176,242,158,0.00,0.01,2.60,0.18,0.0000,1,1,1,0.01,0.00,0.00,0.00,0.00,0.00,0.18,210,31
1301,0.0,-2.5,-62.4,0.062,-0.049,-0.974,4.1,-4.2,0.0,0.0041,-0.0017,0.0499,293,165,322,158,0.00,0.01,2.60,0.18,0.0000,1,1,1,0.01,0.00,0.00,0.00,0.00,0.00,0.18,210,31
1311,0.3,4.1,64.7,-0.032,0.074,-1.068,4.1,-4.2,0.0,0.0038,-0.0083,-0.0517,158,384,201,398,0.00,0.01,2.60,0.18,0.0000,1,1,1,0.01,0.00,0.00,0.00,0.00,0.00,0.19,210,31
1321,-0.3,-4.0,-2.2,-0.016,0.038,-0.999,4.1,-4.1,0.0,0.0042,0.0005,0.0110,226,177,238,158,0.00,0.01,2.60,0.18,0.0000,1,1,1,0.01,0.00,0.00,0.00,0.00,0.00,0.18,210,31
1331,0.0,-2.5,-62.4,0.059,-0.050,-0.978,4.1,-4.2,0.0,0.0041,-0.0017,0.0499,312,166,337,158,0.00,0.01,2.60,0.18,0.0000,1,1,1,0.01,0.00,0.00,0.00,0.00,0.00,0.16,210,31
1341,0.6,4.9,63.5,-0.035,0.056,-1.055,4.1,-4.2,0.0,0.0034,-0.0089,-0.0523,158,386,201,403,0.00,0.01,2.60,0.18,0.0000,1,1,1,0.01,0.00,0.00,0.00,0.00,0.00,0.17,210,31
1351,0.0,-3.7,-0.9,-0.015,0.034,-1.019,4.1,-4.1,0.0,0.0040,-0.0001,0.0038,198,175,211,158,0.00,0.01,2.60,0.18,0.0000,1,1,1,0.01,0.00,0.00,0.00,0.00,0.00,0.18,210,31
1361,-0.1,-2.7,-63.4,0.066,-0.053,-0.959,4.1,-4.2,0.0,0.0043,-0.0014,0.0507,317,168,342,158,0.00,0.01,2.60,0.18,0.0000,1,1,1,0.01,0.00,0.00,0.00,0.00,0.00,0.18,210,31
1371,0.1,4.9,62.4,-0.027,0.066,-1.058,4.1,-4.2,0.0,0.0038,-0.0084,-0.0540,158,384,203,400,0.00,0.01,2.60,0.18,0.0000,1,1,1,0.01,0.00,0.00,0.00,0.00,0.00,0.18,210,31
1381,-0.2,-3.5,-0.2,-0.010,0.019,-1.005,4.1,-4.2,0.0,0.0043,-0.0003,0.0033,194,175,210,158,0.00,0.01,2.60,0.18,0.0000,1,1,1,0.01,0.00,0.00,0.00,0.00,0.00,0.18,209,31
1391,0.1,-2.9,-64.2,0.065,-0.053,-0.973,4.1,-4.2,0.0,0.0040,-0.0013,0.0513,320,166,343,158,0.00,0.01,2.60,0.18,0.0000,1,1,1,0.01,0.00,0.00,0.00,0.00,0.00,0.17,209,31
1402,0.5,5.0,58.4,-0.031,0.056,-1.038,4.1,-4.2,0.0,0.0035,-0.0089,-0.0499,158,370,203,389,0.00,0.01,2.60,0.18,0.0000,1,1,1,0.01,0.00,0.00,0.00,0.00,0.00,0.18,209,31
1412,-0.1,-2.7,9.6,-0.017,0.048,-1.022,4.1,-4.1,0.0,0.0042,-0.0001,0.0015,189,176,203,158,0.00,0.01,2.60,0.18,0.0000,1,1,1,0.01,0.00,0.00,0.00,0.00,0.00,0.19,209,31
1422,0.0,-3.4,-66.9,0.066,-0.046,-0.968,4.1,-4.2,0.0,0.0042,-0.0008,0.0522,326,169,348,158,0.00,0.01,2.60,0.18,0.0000,1,1,1,0.01,0.00,0.00,0.00,0.00,0.00,0.18,209,31
1432,0.1,5.2,59.4,-0.038,0.036,-1.065,4.1,-4.2,0.0,0.0039,-0.0094,-0.0475,158,375,205,394,0.00,0.01,2.61,0.18,0.0000,1,1,1,0.01,0.00,0.00,0.00,0.00,0.00,0.18,209,31
1442,-0.5,-3.1,10.9,-0.018,0.060,-1.016,4.1,-4.2,0.0,0.0048,-0.0006,-0.0056,185,177,202,158,0.00,0.01,2.60,0.18,0.0000,1,1,1,0.01,0.00,0.00,0.00,0.00,0.00,0.18,209,31
1452,0.2,-3.6,-66.5,0.073,-0.047,-0.968,4.1,-4.2,0.0,0.0040,-0.0009,0.0491,340,170,359,158,0.00,0.01,2.60,0.18,0.0000,1,1,1,0.01,0.00,0.00,0.00,0.00,0.00,0.18,210,31
1462,0.2,4.9,59.0,-0.024,0.044,-1.049,4.1,-4.2,0.0,0.0039,-0.0091,-0.0472,158,374,204,391,0.00,0.01,2.61,0.18,0.0000,1,1,1,0.01,0.00,0.00,0.00,0.00,0.00,0.17,210,31
1472,-0.3,-2.5,12.2,-0.021,0.043,-1.035,4.1,-4.2,0.0,0.0044,-0.0007,-0.0005,178,173,196,158,0.00,0.01,2.60,0.18,0.0000,1,1,1,0.01,0.00,0.00,0.00,0.00,0.00,0.16,210,31
1482,0.5,-3.3,-66.8,0.062,-0.053,-0.962,4.1,-4.2,0.0,0.0037,-0.0009,0.0522,341,169,360,158,0.00,0.01,2.60,0.18,0.0000,1,1,1,0.01,0.00,0.00,0.00,0.00,0.00,0.17,210,31
1492,0.0,4.8,54.7,-0.027,0.036,-1.047,4.1,-4.2,0.0,0.0040,-0.0089,-0.0458,158,369,202,387,0.00,0.01,2.61,0.18,0.0000,1,1,1,0.01,0.00,0.00,0.00,0.00,0.00,0.18,210,31
1502,-0.2,-2.4,13.1,-0.015,0.040,-1.007,4.1,-4.2,0.0,0.0043,-0.0013,-0.0074,176,174,193,158,0.00,0.01,2.60,0.18,0.0000,1,1,1,0.01,0.00,0.00,0.00,0.00,0.00,0.18,210,31
1512,0.2,-2.8,-67.7,0.066,-0.050,-0.974,4.1,-4.2,0.0,0.0040,-0.0014,0.0530,342,169,364,158,0.00,0.01,2.60,0.18,0.0000,1,1,1,0.01,0.00,0.00,0.00,0.00,0.00,0.17,210,31
1522,0.2,4.8,59.0,-0.036,0.035,-1.044,4.1,-4.2,0.0,0.0039,-0.0089,-0.0490,158,369,204,387,0.00,0.01,2.60,0.18,0.0000,1,1,1,0.01,0.00,0.00,0.00,0.00,0.00,0.16,211,30
1532,-0.5,-3.2,6.2,-0.012,0.044,-1.022,4.1,-4.1,0.0,0.0046,-0.0006,-0.0019,174,175,192,158,0.00,0.01,2.60,0.18,0.0000,1,1,1,0.01,0.00,0.00,0.00,0.00,0.00,0.19,211,30
1542,0.1,-2.9,-65.3,0.071,-0.046,-0.959,4.1,-4.2,0.0,0.0041,-0.0014,0.0508,345,168,366,158,0.00,0.01,2.60,0.18,0.0000,1,1,1,0.01,0.00,0.00,0.00,0.00,0.00,0.22,211,30
1552,0.9,5.4,63.2,-0.037,0.056,-1.050,4.1,-4.2,0.0,0.0032,-0.0094,-0.0520,158,367,206,391,0.00,0.01,2.61,0.18,0.0000,1,1,1,0.01,0.00,0.00,0.00,0.00,0.00,0.20,211,31
1563,-0.1,-3.6,-0.2,-0.015,0.040,-1.023,4.1,-4.1,0.0,0.0043,-0.0002,0.0032,243,178,254,158,0.00,0.01,2.60,0.18,0.0000,1,1,1,0.01,0.00,0.02,0.00,0.00,0.00,0.18,211,31
1573,0.1,-3.0,-62.1,0.063,-0.058,-0.978,4.1,-4.2,0.0,0.0040,-0.0013,0.0481,283,163,309,158,0.00,0.01,2.60,0.18,0.0000,1,1,1,0.01,0.00,0.02,0.00,0.00,0.00,0.18,210,31
1583,0.7,5.0,63.7,-0.034,0.079,-1.052,4.1,-4.2,0.0,0.0034,-0.0093,-0.0510,158,391,198,405,0.00,0.01,2.61,0.18,0.0000,1,1,1,0.01,0.00,0.02,0.00,0.00,0.00,0.17,210,31
1593,0.0,-4.0,-2.6,-0.021,0.024,-1.026,4.1,-4.2,0.0,0.0040,-0.0001,0.0021,240,178,250,158,0.00,0.01,2.60,0.18,0.0000,1,1,1,0.01,0.00,0.02,0.00,0.00,0.00,0.16,210,31
1603,0.0,-3.2,-62.9,0.067,-0.034,-0.971,4.1,-4.3,0.0,0.0045,-0.0013,0.0452,288,168,315,158,0.00,0.01,2.60,0.18,0.0000,1,1,1,0.01,0.00,0.02,0.00,0.00,0.00,0.16,209,31
1613,0.1,5.1,62.8,-0.038,0.058,-1.065,4.1,-4.2,0.0,0.0039,-0.0094,-0.0502,158,387,202,402,0.00,0.01,2.61,0.18,0.0000,1,1,1,0.01,0.00,0.02,0.00,0.00,0.00,0.17,209,31
1623,-0.7,-4.2,2.6,-0.014,0.034,-1.015,4.1,-4.2,0.0,0.0048,0.0004,0.0009,237,181,247,158,0.00,0.01,2.60,0.18,0.0000,1,1,1,0.01,0.00,0.02,0.00,0.00,0.00,0.17,209,31
1633,0.0,-3.2,-62.9,0.063,-0.044,-0.975,4.1,-4.2,0.0,0.0041,-0.0010,0.0488,290,168,317,158,0.00,0.01,2.60,0.18,0.0000,1,1,1,0.01,0.00,0.02,0.00,0.00,0.00,0.18,209,31
1643,0.6,4.6,62.4,-0.042,0.046,-1.061,4.1,-4.2,0.0,0.0035,-0.0089,-0.0499,158,386,199,400,0.00,0.01,2.61,0.18,0.0000,1,1,1,0.01,0.00,0.02,0.00,0.00,0.00,0.18,210,31
1653,-0.2,-4.1,-0.2,-0.013,0.046,-1.017,4.1,-4.2,0.0,0.0043,0.0000,0.0002,233,179,244,158,0.00,0.01,2.60,0.18,0.0000,1,1,1,0.01,0.00,0.02,0.00,0.00,0.00,0.17,211,31
1663,0.0,-3.7,-63.2,0.071,-0.046,-0.958,4.1,-4.2,0.0,0.0043,-0.0005,0.0491,312,171,334,158,0.00,0.01,2.60,0.18,0.0000,1,1,1,0.01,0.00,0.02,0.00,0.00,0.00,0.18,210,31
1673,0.1,4.1,62.2,-0.028,0.059,-1.044,4.1,-4.2,0.0,0.0040,-0.0084,-0.0497,158,387,199,400,0.00,0.01,2.61,0.18,0.0000,1,1,1,0.01,0.00,0.02,0.00,0.00,0.00,0.19,210,31
1683,-0.5,-3.3,4.6,-0.020,0.030,-1.029,4.1,-4.2,0.0,0.0046,-0.0006,-0.0006,225,175,240,158,0.00,0.01,2.60,0.18,0.0000,1,1,1,0.01,0.00,0.02,0.00,0.00,0.00,0.19,210,31
1694,0.2,-2.8,-65.2,0.068,-0.055,-0.965,4.1,-4.2,0.0,0.0039,-0.0014,0.0522,311,166,335,158,0.00,0.01,2.60,0.18,0.0000,1,1,1,0.01,0.00,0.02,0.00,0.00,0.00,0.19,209,31
1704,0.4,4.6,58.6,-0.031,0.048,-1.041,4.1,-4.2,0.0,0.0036,-0.0081,-0.0517,158,384,199,397,0.00,0.01,2.61,0.18,0.0000,1,1,1,0.01,0.00,0.01,0.00,0.00,0.00,0.18,209,31
1714,-0.1,-3.6,5.4,-0.023,0.028,-1.027,4.1,-4.2,0.0,0.0042,-0.0002,-0.0013,225,177,237,158,0.00,0.01,2.60,0.18,0.0000,1,1,1,0.01,0.00,0.02,0.00,0.00,0.00,0.17,209,31
1724,0.1,-2.9,-65.9,0.074,-0.044,-0.967,4.1,-4.2,0.0,0.0040,-0.0013,0.0527,313,167,338,158,0.00,0.01,2.60,0.18,0.0000,1,1,1,0.01,0.00,0.02,0.00,0.00,0.00,0.17,209,31
1734,0.5,5.3,58.0,-0.031,0.036,-1.041,4.1,-4.2,0.0,0.0035,-0.0094,-0.0481,158,381,201,398,0.00,0.01,2.61,0.18,0.0000,1,1,1,0.01,0.00,0.01,0.00,0.00,0.00,0.16,209,31
1744,0.0,-2.8,9.9,-0.017,0.059,-1.024,4.1,-4.2,0.0,0.0041,-0.0013,-0.0079,202,178,214,158,0.00,0.01,2.60,0.18,0.0000,1,1,1,0.01,0.00,0.02,0.00,0.00,0.00,0.17,209,31
1754,0.4,-3.4,-68.1,0.070,-0.056,-0.962,4.1,-4.2,0.0,0.0040,-0.0008,0.0508,318,169,340,158,0.00,0.01,2.60,0.18,0.0000,1,1,1,0.01,0.00,0.01,0.00,0.00,0.00,0.17,209,31
1764,0.2,5.3,56.5,-0.029,0.037,-1.036,4.1,-4.2,0.0,0.0036,-0.0091,-0.0488,158,376,202,394,0.00,0.01,2.61,0.18,0.0000,1,1,1,0.01,0.00,0.01,0.00,0.00,0.00,0.18,209,31
1774,-0.1,-2.3,11.3,-0.019,0.051,-1.011,4.1,-4.2,0.0,0.0042,-0.0018,-0.0090,196,177,211,158,0.00,0.01,2.60,0.18,0.0000,1,1,1,0.01,0.00,0.02,0.00,0.00,0.00,0.18,209,31
1784,0.0,-2.7,-67.5,0.064,-0.054,-0.966,4.1,-4.2,0.0,0.0045,-0.0015,0.0504,316,170,342,158,0.00,0.01,2.60,0.18,0.0000,1,1,1,0.01,0.00,0.01,0.00,0.00,0.00,0.17,209,31
1794,0.2,4.8,55.0,-0.027,0.039,-1.049,4.1,-4.2,0.0,0.0039,-0.0091,-0.0440,158,374,201,390,0.00,0.01,2.61,0.18,0.0000,1,1,1,0.01,0.00,0.01,0.00,0.00,0.00,0.17,209,31
1805,-0.4,-2.5,16.3,-0.019,0.035,-1.019,4.1,-4.2,0.0,0.0046,-0.0006,-0.0039,191,177,207,158,0.00,0.01,2.60,0.18,0.0000,1,1,1,0.01,0.00,0.01,0.00,0.00,0.00,0.17,209,31
1815,0.1,-3.2,-69.7,0.075,-0.045,-0.961,4.1,-4.2,0.0,0.0040,-0.0010,0.0557,334,168,357,158,0.00,0.01,2.60,0.18,0.0000,1,1,1,0.01,0.00,0.01,0.00,0.00,0.00,0.18,209,31
1825,0.3,5.4,54.2,-0.019,0.025,-1.039,4.1,-4.2,0.0,0.0038,-0.0097,-0.0434,158,373,204,392,0.00,0.01,2.61,0.18,0.0000,1,1,1,0.01,0.00,0.01,0.00,0.00,0.00,0.18,210,31
1835,-0.3,-1.8,17.8,-0.018,0.060,-1.028,4.1,-4.2,0.0,0.0047,-0.0011,-0.0050,187,176,203,158,0.00,0.01,2.60,0.18,0.0000,1,1,1,0.01,0.00,0.01,0.00,0.00,0.00,0.18,210,31
1845,0.1,-3.1,-70.1,0.068,-0.053,-0.948,4.1,-4.2,0.0,0.0040,-0.0011,0.0561,339,169,360,158,0.00,0.01,2.60,0.18,0.0000,1,1,1,0.01,0.00,0.01,0.00,0.00,0.00,0.17,210,31
1855,0.2,5.3,50.4,-0.023,0.013,-1.035,4.1,-4.2,0.0,0.0036,-0.0091,-0.0464,158,370,203,388,0.00,0.01,2.61,0.18,0.0000,1,1,1,0.01,0.00,0.01,0.00,0.00,0.00,0.16,210,31
1865,0.0,-1.7,23.4,-0.016,0.064,-1.033,4.1,-4.2,0.0,0.0042,-0.0024,-0.0187,180,176,198,158,0.00,0.01,2.60,0.18,0.0000,1,1,1,0.01,0.00,0.01,0.00,0.00,0.00,0.18,210,30
1875,0.3,-2.5,-71.4,0.075,-0.057,-0.946,4.1,-4.2,0.0,0.0038,-0.0016,0.0565,341,167,362,158,0.00,0.01,2.60,0.18,0.0000,1,1,1,0.01,0.00,0.01,0.00,0.00,0.00,0.19,209,30
1885,0.0,5.9,50.6,-0.024,0.015,-1.029,4.1,-4.2,0.0,0.0039,-0.0097,-0.0467,158,373,205,392,0.00,0.01,2.61,0.18,0.0000,1,1,1,0.01,0.00,0.01,0.01,0.00,0.00,0.18,209,30
1895,-0.2,-1.8,24.4,-0.022,0.046,-1.038,4.1,-4.2,0.0,0.0043,-0.0023,-0.0195,177,176,194,158,0.00,0.01,2.60,0.18,0.0000,1,1,1,0.01,0.00,0.01,0.00,0.00,0.00,0.17,209,30
1906,0.8,-2.6,-71.5,0.067,-0.056,-0.950,4.1,-4.2,0.0,0.0034,-0.0015,0.0565,339,168,361,158,0.00,0.01,2.60,0.18,0.0000,1,1,1,0.01,0.00,0.01,0.00,0.00,0.00,0.17,209,30
1916,0.1,5.4,46.6,-0.015,0.022,-1.036,4.1,-4.2,0.0,0.0040,-0.0097,-0.0372,158,369,202,388,0.00,0.01,2.61,0.18,0.0000,1,1,1,0.01,0.00,0.01,0.01,0.00,0.00,0.17,209,30
1926,0.0,-1.2,28.7,-0.014,0.068,-1.012,4.1,-4.2,0.0,0.0043,-0.0018,-0.0140,175,174,191,158,0.00,0.01,2.60,0.18,0.0000,1,1,1,0.01,0.00,0.01,0.00,0.00,0.00,0.16,209,30
1936,0.7,-3.2,-71.2,0.064,-0.044,-0.968,4.1,-4.2,0.0,0.0035,-0.0009,0.0564,342,171,363,158,0.00,0.01,2.60,0.18,0.0000,1,1,1,0.01,0.00,0.01,0.00,0.00,0.00,0.16,209,30
1946,-0.5,5.2,44.2,-0.007,-0.001,-1.025,4.1,-4.2,0.0,0.0047,-0.0095,-0.0354,158,365,204,381,0.00,0.01,2.61,0.18,0.0000,1,1,1,0.01,0.00,0.01,0.01,0.00,0.00,0.16,209,30
1956,-0.3,-0.9,29.6,-0.018,0.071,-1.031,4.1,-4.1,0.0,0.0045,-0.0021,-0.0150,193,175,210,158,0.00,0.01,2.60,0.18,0.0000,1,1,1,0.01,0.00,0.01,0.00,0.00,0.00,0.17,209,30
1966,0.6,-2.4,-71.8,0.073,-0.057,-0.966,4.1,-4.2,0.0,0.0035,-0.0017,0.0574,345,168,364,158,0.00,0.01,2.60,0.18,0.0000,1,1,1,0.01,0.00,0.01,0.00,0.00,0.00,0.18,208,30
1976,0.0,6.0,40.0,-0.011,-0.008,-1.012,4.1,-4.2,0.0,0.0040,-0.0102,-0.0345,158,362,206,382,0.00,0.01,2.61,0.18,0.0000,1,1,1,0.01,0.00,0.01,0.01,0.00,0.00,0.18,209,30
1986,0.1,-0.4,30.5,-0.021,0.054,-1.029,4.1,-4.1,0.0,0.0040,-0.0033,-0.0216,158,190,178,175,0.00,0.01,2.60,0.18,0.0000,1,1,1,0.01,0.00,0.01,0.00,0.00,0.00,0.17,209,30
1996,0.6,-3.1,-71.5,0.078,-0.066,-0.945,4.1,-4.2,0.0,0.0034,-0.0011,0.0572,346,169,364,158,0.00,0.01,2.60,0.18,0.0000,1,1,1,0.01,0.00,0.01,0.01,0.00,0.00,0.16,209,30
2006,0.3,6.2,42.6,-0.003,0.021,-1.037,4.1,-4.2,0.0,0.0038,-0.0105,-0.0341,158,349,207,372,0.00,0.01,2.61,0.18,0.0000,1,1,1,0.01,0.00,0.01,0.01,0.00,0.00,0.18,209,30
2016,-0.1,-0.6,28.5,-0.015,0.053,-1.040,4.1,-4.1,0.0,0.0043,-0.0035,-0.0228,163,177,183,158,0.00,0.01,2.60,0.18,0.0000,1,1,1,0.01,0.00,0.01,0.00,0.00,0.00,0.20,209,30
2026,0.0,-3.4,-70.7,0.079,-0.053,-0.950,4.1,-4.2,0.0,0.0042,-0.0008,0.0566,357,173,377,158,0.00,0.01,2.60,0.18,0.0000,1,1,1,0.01,0.00,0.00,0.00,0.00,0.00,0.19,209,31
2036,-0.3,5.3,47.8,-0.020,0.007,-1.027,4.1,-4.2,0.0,0.0045,-0.0096,-0.0383,158,350,209,368,0.00,0.01,2.61,0.18,0.0000,1,1,1,0.01,0.00,0.00,0.00,0.00,0.00,0.18,209,31
2046,-0.3,-1.0,20.7,-0.013,0.066,-1.037,4.1,-4.2,0.0,0.0044,-0.0031,-0.0165,158,216,184,208,0.00,0.01,2.60,0.18,0.0000,1,1,1,0.01,0.00,0.00,0.00,0.00,0.00,0.18,210,31
2056,1.4,-3.1,-69.5,0.067,-0.043,-0.957,4.1,-4.2,0.0,0.0026,-0.0011,0.0556,357,165,372,158,0.00,0.01,2.60,0.18,0.0000,1,1,1,0.01,0.00,0.00,0.00,0.00,0.00,0.17,209,31
2066,0.3,5.1,51.8,-0.031,0.024,-1.027,4.1,-4.2,0.0,0.0038,-0.0093,-0.0414,158,343,206,363,0.00,0.01,2.61,0.18,0.0000,1,1,1,0.01,0.00,0.00,0.00,0.00,0.00,0.16,209,31
2077,-0.3,-1.1,18.2,-0.013,0.061,-1.015,4.1,-4.1,0.0,0.0045,-0.0025,-0.0116,158,219,185,212,0.00,0.01,2.60,0.18,0.0000,1,1,1,0.01,0.00,0.00,0.00,0.00,0.00,0.16,209,31
2087,0.5,-3.2,-68.6,0.068,-0.058,-0.971,4.1,-4.2,0.0,0.0036,-0.0009,0.0539,311,169,333,158,0.00,0.01,2.60,0.18,0.0000,1,1,1,0.01,0.00,0.00,0.00,0.00,0.00,0.16,209,31
2097,0.1,4.9,53.7,-0.023,0.035,-1.037,4.1,-4.2,0.0,0.0039,-0.0090,-0.0449,158,375,203,391,0.00,0.01,2.61,0.18,0.0000,1,1,1,0.01,0.00,0.00,0.00,0.00,0.00,0.17,210,31
2107,-0.5,-2.3,16.7,-0.017,0.043,-1.029,4.1,-4.1,0.0,0.0046,-0.0018,-0.0134,202,179,215,158,0.00,0.01,2.60,0.18,0.0000,1,1,1,0.01,0.00,0.00,0.00,0.00,0.00,0.19,210,31
2117,0.2,-3.3,-68.8,0.073,-0.057,-0.967,4.1,-4.2,0.0,0.0040,-0.0007,0.0520,296,168,320,158,0.00,0.01,2.60,0.18,0.0000,1,1,1,0.01,0.00,0.00,0.00,0.00,0.00,0.20,210,31
2127,0.3,5.9,51.4,-0.020,0.014,-1.033,4.1,-4.2,0.0,0.0038,-0.0102,-0.0411,158,375,203,394,0.00,0.01,2.61,0.18,0.0000,1,1,1,0.01,0.00,0.01,0.00,0.00,0.00,0.18,210,31
2137,-0.1,-1.4,17.0,-0.016,0.054,-1.035,4.1,-4.1,0.0,0.0043,-0.0027,-0.0136,198,174,214,158,0.00,0.01,2.60,0.18,0.0000,1,1,1,0.01,0.00,0.01,0.00,0.00,0.00,0.16,210,31
2147,0.4,-3.1,-69.1,0.072,-0.043,-0.957,4.1,-4.2,0.0,0.0037,-0.0010,0.0544,328,170,350,158,0.00,0.01,2.60,0.18,0.0000,1,1,1,0.01,0.00,0.01,0.00,0.00,0.00,0.18,210,31
2157,-0.1,5.0,50.2,-0.019,0.012,-1.034,4.1,-4.2,0.0,0.0042,-0.0093,-0.0402,158,377,204,391,0.00,0.01,2.61,0.18,0.0000,1,1,1,0.01,0.00,0.01,0.00,0.00,0.00,0.19,210,31
2167,-0.8,-1.4,21.8,-0.014,0.041,-1.039,4.1,-4.1,0.0,0.0051,-0.0017,-0.0084,170,175,191,158,0.00,0.01,2.60,0.18,0.0000,1,1,1,0.01,0.00,0.01,0.00,0.00,0.00,0.19,210,31
2177,0.3,-3.1,-70.8,0.070,-0.053,-0.959,4.1,-4.2,0.0,0.0038,-0.0012,0.0558,331,165,355,158,0.00,0.01,2.60,0.18,0.0000,1,1,1,0.01,0.00,0.01,0.00,0.00,0.00,0.17,210,31
2187,0.4,5.7,49.5,-0.020,0.021,-1.030,4.1,-4.2,0.0,0.0037,-0.0100,-0.0396,158,372,202,391,0.00,0.01,2.61,0.18,0.0000,1,1,1,0.01,0.00,0.01,0.00,0.00,0.00,0.16,210,31
2197,0.2,-2.1,23.7,-0.017,0.064,-1.038,4.1,-4.1,0.0,0.0041,-0.0009,-0.0100,215,176,229,158,0.00,0.01,2.60,0.18,0.0000,1,1,1,0.01,0.00,0.01,0.00,0.00,0.00,0.17,210,31
2207,0.3,-3.0,-69.9,0.070,-0.059,-0.942,4.1,-4.2,0.0,0.0038,-0.0011,0.0552,332,169,355,158,0.00,0.01,2.60,0.18,0.0000,1,1,1,0.01,0.00,0.01,0.00,0.00,0.00,0.17,210,31
2217,0.0,5.7,51.9,-0.023,0.021,-1.030,4.1,-4.2,0.0,0.0041,-0.0098,-0.0435,158,381,203,397,0.00,0.01,2.61,0.18,0.0000,1,1,1,0.01,0.00,0.01,0.00,0.00,0.00,0.17,210,31
2227,-0.5,-2.3,15.6,-0.018,0.056,-1.046,4.1,-4.1,0.0,0.0048,-0.0014,-0.0095,167,177,185,158,0.00,0.01,2.60,0.18,0.0000,1,1,1,0.01,0.00,0.01,0.00,0.00,0.00,0.17,210,31
2237,0.3,-3.6,-67.7,0.069,-0.043,-0.961,4.1,-4.2,0.0,0.0038,-0.0004,0.0532,335,170,353,158,0.00,0.01,2.60,0.18,0.0000,1,1,1,0.01,0.00,0.01,0.00,0.00,0.00,0.17,210,31
2248,0.5,5.7,56.1,-0.037,0.027,-1.042,4.1,-4.2,0.0,0.0034,-0.0097,-0.0466,158,359,205,381,0.00,0.01,2.61,0.18,0.0000,1,1,1,0.01,0.00,0.01,0.00,0.00,0.00,0.17,210,31
2258,-0.2,-3.2,7.8,-0.008,0.046,-1.012,4.1,-4.1,0.0,0.0044,-0.0006,-0.0032,169,175,186,158,0.00,0.01,2.60,0.18,0.0000,1,1,1,0.01,0.00,0.01,0.00,0.00,0.00,0.17,209,31
2268,0.4,-3.5,-63.9,0.072,-0.038,-0.973,4.1,-4.2,0.0,0.0038,-0.0007,0.0498,343,170,361,158,0.00,0.01,2.60,0.17,0.0000,1,1,1,0.01,0.00,0.01,0.00,0.00,0.00,0.16,209,31
2278,0.3,4.3,59.5,-0.030,0.055,-1.053,4.1,-4.2,0.0,0.0037,-0.0083,-0.0491,158,358,204,375,0.00,0.01,2.61,0.17,0.0000,1,1,1,0.01,0.00,0.01,0.00,0.00,0.00,0.17,209,31
2288,-0.8,-3.5,3.6,-0.016,0.015,-1.028,4.1,-4.1,0.0,0.0050,-0.0006,-0.0029,237,179,253,158,0.00,0.01,2.60,0.17,0.0000,1,1,1,0.01,0.00,0.01,0.00,0.00,0.00,0.17,210,31
2298,0.0,-2.9,-62.1,0.068,-0.048,-0.968,4.1,-4.2,0.0,0.0042,-0.0013,0.0497,279,164,306,158,0.00,0.01,2.60,0.17,0.0000,1,1,1,0.01,0.00,0.01,0.00,0.00,0.00,0.18,210,31
2308,0.8,4.8,59.8,-0.032,0.055,-1.059,4.1,-4.2,0.0,0.0032,-0.0085,-0.0521,158,381,200,398,0.00,0.01,2.61,0.17,0.0000,1,1,1,0.01,0.00,0.01,0.00,0.00,0.00,0.18,210,31
2318,0.0,-2.8,5.7,-0.018,0.037,-1.016,4.1,-4.1,0.0,0.0041,-0.0013,-0.0046,233,176,246,158,0.00,0.01,2.60,0.17,0.0000,1,1,1,0.01,0.00,0.01,0.00,0.00,0.00,0.17,210,31
2328,0.2,-3.5,-63.7,0.063,-0.043,-0.971,4.1,-4.2,0.0,0.0039,-0.0007,0.0509,288,168,312,158,0.00,0.01,2.60,0.17,0.0000,1,1,1,0.01,0.00,0.01,0.00,0.00,0.00,0.16,210,31
2338,0.4,4.0,61.0,-0.025,0.047,-1.055,4.1,-4.2,0.0,0.0037,-0.0077,-0.0532,158,388,199,400,0.00,0.01,2.61,0.17,0.0000,1,1,1,0.01,0.00,0.01,0.00,0.00,0.00,0.19,210,31
2348,-0.5,-3.1,2.4,-0.017,0.044,-1.020,4.1,-4.1,0.0,0.0047,-0.0006,0.0011,232,176,249,158,0.00,0.01,2.60,0.18,0.0000,1,1,1,0.01,0.00,0.00,0.00,0.00,0.00,0.21,210,31
2358,-0.3,-2.9,-64.5,0.065,-0.058,-0.969,4.1,-4.2,0.0,0.0045,-0.0012,0.0516,308,171,333,158,0.00,0.01,2.60,0.18,0.0000,1,1,1,0.01,0.00,0.00,0.00,0.00,0.00,0.20,209,31
2368,0.1,4.7,60.4,-0.027,0.047,-1.047,4.1,-4.2,0.0,0.0039,-0.0084,-0.0528,158,387,201,401,0.00,0.01,2.61,0.18,0.0000,1,1,1,0.01,0.00,0.00,0.00,0.00,0.00,0.18,209,31
2378,0.1,-3.4,3.3,-0.018,0.038,-1.028,4.1,-4.1,0.0,0.0039,-0.0005,0.0003,207,173,220,158,0.00,0.01,2.60,0.18,0.0000,1,1,1,0.01,0.00,0.00,0.00,0.00,0.00,0.17,209,31
2388,0.6,-3.1,-65.7,0.066,-0.045,-0.952,4.1,-4.2,0.0,0.0035,-0.0011,0.0526,314,167,335,158,0.00,0.01,2.60,0.18,0.0000,1,1,1,0.01,0.00,0.00,0.00,0.00,0.00,0.16,209,31
2398,0.7,5.0,59.6,-0.037,0.060,-1.046,4.1,-4.2,0.0,0.0033,-0.0089,-0.0494,158,384,197,398,0.00,0.01,2.61,0.18,0.0000,1,1,1,0.01,0.00,0.00,0.00,0.00,0.00,0.16,209,31
2409,0.0,-3.3,8.7,-0.009,0.045,-1.002,4.1,-4.1,0.0,0.0041,0.0000,-0.0007,206,178,218,158,0.00,0.01,2.60,0.18,0.0000,1,1,1,0.01,0.00,0.00,0.00,0.00,0.00,0.16,209,31
2419,-0.4,-3.3,-67.4,0.073,-0.056,-0.968,4.2,-4.2,0.0,0.0050,-0.0011,0.0500,313,170,340,158,0.00,0.01,2.60,0.17,0.0000,1,1,1,0.01,0.00,0.00,0.00,0.00,0.00,0.17,209,31
2429,-0.3,5.0,59.0,-0.029,0.030,-1.046,4.1,-4.2,0.0,0.0044,-0.0091,-0.0490,158,388,202,400,0.00,0.01,2.61,0.17,0.0000,1,1,1,0.01,0.00,0.00,0.00,0.00,0.00,0.18,209,31
2439,-0.6,-3.2,10.2,-0.012,0.046,-1.025,4.1,-4.1,0.0,0.0047,-0.0009,-0.0082,200,178,214,158,0.00,0.01,2.60,0.17,0.0000,1,1,1,0.01,0.00,0.00,0.00,0.00,0.00,0.19,209,31
2449,0.7,-3.1,-67.8,0.068,-0.056,-0.956,4.1,-4.2,0.0,0.0036,-0.0011,0.0505,317,166,338,158,0.00,0.01,2.60,0.18,0.0000,1,1,1,0.01,0.00,0.00,0.00,0.00,0.00,0.18,208,31
2459,0.6,5.0,58.9,-0.031,0.046,-1.049,4.1,-4.2,0.0,0.0035,-0.0090,-0.0489,158,377,201,395,0.00,0.01,2.61,0.18,0.0000,1,1,1,0.01,0.00,0.00,0.00,0.00,0.00,0.16,208,31
2469,-0.1,-2.7,11.0,-0.022,0.050,-1.016,4.1,-4.1,0.0,0.0043,-0.0014,-0.0088,195,176,212,158,0.00,0.01,2.60,0.18,0.0000,1,1,1,0.01,0.00,0.00,0.00,0.00,0.00,0.19,208,31
2479,0.3,-3.7,-68.2,0.071,-0.047,-0.962,4.1,-4.2,0.0,0.0041,-0.0006,0.0509,335,171,355,158,0.00,0.01,2.60,0.18,0.0000,1,1,1,0.01,0.00,0.00,0.00,0.00,0.00,0.21,208,31
2489,0.2,4.6,55.6,-0.024,0.040,-1.027,4.1,-4.2,0.0,0.0039,-0.0089,-0.0445,158,377,203,392,0.00,0.01,2.61,0.18,0.0000,1,1,1,0.01,0.00,0.00,0.00,0.00,0.00,0.20,209,31
2499,-0.5,-2.2,16.2,-0.016,0.044,-1.019,4.1,-4.1,0.0,0.0048,-0.0009,-0.0038,190,176,208,158,0.00,0.01,2.60,0.18,0.0000,1,1,1,0.01,0.00,0.00,0.00,0.00,0.00,0.18,209,31
2509,0.4,-2.9,-68.3,0.069,-0.049,-0.962,4.1,-4.2,0.0,0.0038,-0.0012,0.0537,335,169,357,158,0.00,0.01,2.60,0.18,0.0000,1,1,1,0.01,0.00,0.00,0.00,0.00,0.00,0.17,209,31
2520,0.5,5.3,54.4,-0.025,0.023,-1.032,4.1,-4.2,0.0,0.0036,-0.0095,-0.0435,158,372,202,392,0.00,0.01,2.61,0.18,0.0000,1,1,1,0.01,0.00,0.00,0.00,0.00,0.00,0.16,210,31
2530,-0.1,-1.7,17.8,-0.018,0.058,-1.030,4.1,-4.1,0.0,0.0044,-0.0013,-0.0050,185,174,202,158,0.00,0.01,2.60,0.18,0.0000,1,1,1,0.01,0.00,0.00,0.00,0.00,0.00,0.16,210,31
2540,0.5,-2.7,-69.1,0.066,-0.049,-0.967,4.1,-4.2,0.0,0.0036,-0.0014,0.0543,337,167,359,158,0.00,0.01,2.60,0.18,0.0000,1,1,1,0.01,0.00,0.00,0.00,0.00,0.00,0.15,210,31
2550,0.1,5.7,54.1,-0.024,0.027,-1.031,4.1,-4.2,0.0,0.0040,-0.0099,-0.0432,158,374,204,392,0.00,0.01,2.61,0.18,0.0000,1,1,1,0.01,0.00,-0.01,0.00,0.00,0.00,0.16,210,31
2560,-0.4,-1.9,18.3,-0.013,0.056,-1.039,4.1,-4.1,0.0,0.0046,-0.0009,-0.0054,160,175,178,158,0.00,0.01,2.60,0.18,0.0000,1,1,1,0.01,0.00,0.00,0.00,0.00,0.00,0.17,210,31
2570,0.1,-3.4,-69.8,0.071,-0.060,-0.962,4.1,-4.2,0.0,0.0041,-0.0007,0.0549,343,172,363,158,0.00,0.01,2.60,0.17,0.0000,1,1,1,0.01,0.00,0.00,0.00,0.00,0.00,0.18,210,31
2580,0.1,6.2,52.9,-0.022,0.036,-1.029,4.1,-4.2,0.0,0.0040,-0.0105,-0.0423,158,370,205,391,0.00,0.01,2.61,0.18,0.0000,1,1,1,0.01,0.00,-0.01,0.00,0.00,0.00,0.18,210,31
2590,-0.1,-1.4,19.8,-0.019,0.040,-1.029,4.1,-4.1,0.0,0.0042,-0.0014,-0.0067,158,176,176,162,0.00,0.01,2.60,0.18,0.0000,1,1,1,0.01,0.00,-0.01,0.00,0.00,0.00,0.17,210,31
2600,0.6,-3.3,-71.1,0.073,-0.052,-0.957,4.1,-4.2,0.0,0.0037,-0.0009,0.0552,343,169,364,158,0.00,0.01,2.60,0.18,0.0000,1,1,1,0.01,0.00,-0.01,0.00,0.00,0.00,0.16,210,31
2610,0.0,5.9,51.9,-0.027,0.028,-1.033,4.1,-4.2,0.0,0.0042,-0.0102,-0.0415,158,359,208,380,0.00,0.01,2.61,0.17,0.0000,1,1,1,0.01,0.00,-0.01,0.00,0.00,0.00,0.17,210,31
2620,-0.6,-1.9,22.0,-0.017,0.057,-1.020,4.1,-4.1,0.0,0.0048,-0.0009,-0.0084,158,185,177,167,0.00,0.01,2.60,0.17,0.0000,1,1,1,0.01,0.00,-0.01,0.00,0.00,0.00,0.18,210,31
2630,0.2,-3.2,-71.3,0.073,-0.055,-0.963,4.1,-4.2,0.0,0.0039,-0.0010,0.0571,345,169,367,158,0.00,0.01,2.60,0.17,0.0000,1,1,1,0.01,0.00,-0.01,0.00,0.00,0.00,0.18,210,31
2641,-0.3,6.2,47.3,-0.025,0.000,-1.028,4.1,-4.2,0.0,0.0042,-0.0099,-0.0442,158,354,209,375,0.00,0.01,2.61,0.17,0.0000,1,1,1,0.01,0.00,-0.01,0.00,0.00,0.00,0.18,210,31
2651,0.0,-1.0,26.8,-0.009,0.061,-1.034,4.1,-4.1,0.0,0.0041,-0.0030,-0.0215,158,187,176,173,0.00,0.01,2.60,0.18,0.0000,1,1,1,0.01,0.00,-0.01,0.00,0.00,0.00,0.17,210,31
2661,0.9,-3.2,-72.0,0.079,-0.055,-0.947,4.1,-4.2,0.0,0.0032,-0.0009,0.0571,348,169,366,158,0.00,0.01,2.60,0.17,0.0000,1,1,1,0.01,0.00,-0.01,0.00,0.00,0.00,0.17,210,31
2671,-0.2,5.9,46.5,-0.013,0.015,-1.029,4.1,-4.2,0.0,0.0042,-0.0100,-0.0395,158,352,207,372,0.00,0.01,2.61,0.17,0.0000,1,1,1,0.01,0.00,-0.01,0.00,0.00,0.00,0.19,210,31
2681,-0.2,-1.1,27.8,-0.012,0.055,-1.027,4.1,-4.1,0.0,0.0043,-0.0030,-0.0222,158,191,178,176,0.00,0.01,2.60,0.18,0.0000,1,1,1,0.01,0.00,-0.01,0.00,0.00,0.00,0.18,209,31
2691,0.1,-2.9,-71.6,0.078,-0.062,-0.948,4.1,-4.2,0.0,0.0040,-0.0010,0.0553,346,169,366,158,0.00,0.01,2.60,0.18,0.0000,1,1,1,0.01,0.00,-0.01,0.00,0.00,0.00,0.17,209,31
2701,-0.2,6.1,45.6,-0.020,0.002,-1.034,4.1,-4.2,0.0,0.0043,-0.0102,-0.0388,158,350,208,371,0.00,0.01,2.61,0.18,0.0000,1,1,1,0.01,0.00,-0.01,0.00,0.00,0.00,0.17,209,31
2711,0.0,-1.1,28.9,-0.022,0.053,-1.052,4.1,-4.1,0.0,0.0041,-0.0030,-0.0231,158,195,177,180,0.00,0.01,2.60,0.18,0.0000,1,1,1,0.01,0.00,-0.01,0.00,0.00,0.00,0.17,209,31
2721,0.7,-2.7,-71.3,0.071,-0.049,-0.950,4.1,-4.2,0.0,0.0035,-0.0014,0.0553,355,167,374,158,0.00,0.01,2.60,0.17,0.0000,1,1,1,0.01,0.00,-0.01,0.00,0.00,0.00,0.16,210,31
2731,0.0,5.3,44.1,-0.018,0.000,-1.024,4.1,-4.2,0.0,0.0040,-0.0095,-0.0377,158,346,206,366,0.00,0.01,2.61,0.17,0.0000,1,1,1,0.01,0.00,-0.01,0.00,0.00,0.00,0.16,210,31
2742,0.0,-0.7,29.8,-0.013,0.061,-1.030,4.1,-4.1,0.0,0.0042,-0.0034,-0.0238,158,221,181,211,0.00,0.01,2.60,0.17,0.0000,1,1,1,0.01,0.00,-0.01,0.00,0.00,0.00,0.16,210,31
2752,0.6,-2.3,-72.0,0.073,-0.057,-0.961,4.1,-4.2,0.0,0.0036,-0.0016,0.0559,357,167,377,158,0.00,0.01,2.60,0.17,0.0000,1,1,1,0.01,0.00,-0.01,0.00,0.00,0.00,0.17,210,31
2762,-0.1,6.0,40.1,-0.009,-0.003,-1.019,4.1,-4.2,0.0,0.0042,-0.0101,-0.0370,158,330,210,352,0.00,0.01,2.61,0.17,0.0000,1,1,1,0.01,0.00,-0.01,0.00,0.00,0.00,0.18,210,31
2772,-0.1,-0.5,34.3,-0.017,0.073,-1.033,4.1,-4.1,0.0,0.0043,-0.0031,-0.0247,158,224,180,212,0.00,0.01,2.60,0.17,0.0000,1,1,1,0.01,0.00,-0.01,0.00,0.00,0.00,0.18,210,31
2782,0.4,-2.5,-72.0,0.071,-0.074,-0.952,4.1,-4.2,0.0,0.0037,-0.0015,0.0572,359,168,378,158,0.00,0.01,2.60,0.17,0.0000,1,1,1,0.01,0.00,-0.01,0.00,0.00,0.00,0.17,210,31
2792,-0.4,5.7,39.9,0.000,-0.003,-1.019,4.1,-4.2,0.0,0.0045,-0.0100,-0.0319,158,331,210,352,0.00,0.01,2.61,0.17,0.0000,1,1,1,0.01,0.00,-0.02,0.00,0.00,0.00,0.16,210,30
2802,0.3,-0.1,35.9,-0.015,0.059,-1.026,4.1,-4.1,0.0,0.0040,-0.0028,-0.0202,158,228,181,219,0.00,0.01,2.60,0.17,0.0000,1,1,1,0.01,0.00,-0.01,0.00,0.00,0.00,0.19,210,30
2812,0.3,-2.3,-71.8,0.070,-0.059,-0.950,4.1,-4.2,0.0,0.0038,-0.0017,0.0572,360,169,381,158,0.00,0.01,2.60,0.17,0.0000,1,1,1,0.01,0.00,-0.02,0.00,0.00,0.00,0.21,210,30
2822,-0.5,5.8,38.4,-0.002,-0.001,-1.010,4.1,-4.2,0.0,0.0046,-0.0101,-0.0307,158,326,210,348,0.00,0.01,2.61,0.18,0.0000,1,1,1,0.01,0.00,0.00,0.00,0.00,0.00,0.20,210,31
2832,0.0,-0.3,36.9,-0.008,0.066,-1.044,4.1,-4.1,0.0,0.0042,-0.0027,-0.0212,158,233,182,224,0.00,0.01,2.60,0.18,0.0000,1,1,1,0.01,0.00,0.00,0.00,0.00,0.00,0.18,210,31
2842,0.6,-2.8,-72.0,0.073,-0.053,-0.954,4.1,-4.2,0.0,0.0035,-0.0013,0.0574,367,168,385,158,0.00,0.01,2.60,0.18,0.0000,1,1,1,0.01,0.00,0.00,0.00,0.00,0.00,0.17,210,31
2852,0.1,5.8,37.1,-0.012,-0.006,-1.013,4.1,-4.2,0.0,0.0040,-0.0100,-0.0297,158,322,209,345,0.00,0.01,2.61,0.18,0.0000,1,1,1,0.01,0.00,0.00,0.00,0.00,0.00,0.17,210,31
2862,0.0,-0.5,34.1,-0.017,0.081,-1.044,4.1,-4.1,0.0,0.0041,-0.0036,-0.0273,158,235,183,227,0.00,0.01,2.60,0.18,0.0000,1,1,1,0.01,0.00,0.00,0.00,0.00,0.00,0.16,209,31
2872,0.6,-3.1,-72.3,0.072,-0.066,-0.940,4.1,-4.2,0.0,0.0035,-0.0010,0.0579,370,168,387,158,0.00,0.01,2.60,0.18,0.0000,1,1,1,0.01,0.00,0.00,0.00,0.00,0.00,0.16,209,31
2882,-0.1,5.8,42.6,-0.013,0.006,-1.022,4.1,-4.2,0.0,0.0043,-0.0100,-0.0341,158,321,211,342,0.00,0.01,2.61,0.17,0.0000,1,1,1,0.01,0.00,0.00,0.00,0.00,0.00,0.16,209,31
2892,0.0,-0.9,28.3,-0.022,0.054,-1.039,4.1,-4.1,0.0,0.0041,-0.0031,-0.0226,158,259,186,256,0.00,0.01,2.60,0.17,0.0000,1,1,1,0.01,0.00,0.00,0.00,0.00,0.00,0.17,209,31
2902,0.9,-3.0,-72.0,0.072,-0.058,-0.959,4.1,-4.2,0.0,0.0032,-0.0011,0.0576,341,168,359,158,0.00,0.01,2.60,0.17,0.0000,1,1,1,0.01,0.00,0.00,0.00,0.00,0.00,0.18,210,31
2912,0.2,5.3,48.0,-0.011,0.019,-1.017,4.1,-4.2,0.0,0.0038,-0.0096,-0.0384,158,373,203,389,0.00,0.01,2.61,0.17,0.0000,1,1,1,0.01,0.00,0.00,0.00,0.00,0.00,0.18,210,31
2922,0.0,-1.6,23.3,-0.023,0.067,-1.035,4.1,-4.1,0.0,0.0042,-0.0025,-0.0186,158,178,179,162,0.00,0.01,2.60,0.17,0.0000,1,1,1,0.01,0.00,0.00,0.00,0.00,0.00,0.17,210,31
2932,0.3,-2.5,-71.2,0.070,-0.046,-0.961,4.1,-4.2,0.0,0.0038,-0.0015,0.0564,341,170,363,158,0.00,0.01,2.60,0.17,0.0000,1,1,1,0.01,0.00,0.00,0.00,0.00,0.00,0.16,209,31
2942,-0.1,5.4,49.2,-0.016,0.009,-1.028,4.1,-4.2,0.0,0.0041,-0.0095,-0.0416,158,358,205,377,0.00,0.01,2.61,0.17,0.0000,1,1,1,0.01,0.00,0.00,0.00,0.00,0.00,0.18,209,31
2953,-0.2,-2.0,20.9,-0.017,0.054,-1.028,4.1,-4.1,0.0,0.0043,-0.0017,-0.0138,158,181,176,166,0.00,0.01,2.60,0.17,0.0000,1,1,1,0.01,0.00,0.00,0.00,0.00,0.00,0.20,208,31
2963,0.5,-2.9,-70.7,0.071,-0.053,-0.965,4.1,-4.2,0.0,0.0035,-0.0013,0.0565,344,169,364,158,0.00,0.01,2.60,0.17,0.0036,1,1,1,0.01,0.00,0.00,0.00,0.00,0.00,0.19,209,31
2973,0.1,5.9,47.8,-0.015,0.017,-1.026,4.1,-4.2,0.0,0.0036,-0.0096,-0.0445,158,353,206,374,0.00,0.01,2.61,0.18,0.0036,1,1,1,0.01,0.00,-0.01,0.00,0.00,0.00,0.18,210,31
2983,0.0,-1.5,21.9,-0.023,0.058,-1.035,4.1,-4.1,0.0,0.0042,-0.0021,-0.0146,171,198,191,182,0.00,0.01,2.60,0.18,0.0146,1,1,1,0.01,0.00,0.00,0.00,0.00,0.00,0.17,210,31
2993,0.5,-3.1,-71.2,0.069,-0.057,-0.953,4.1,-4.2,0.0,0.0036,-0.0011,0.0570,357,170,375,158,0.00,0.01,2.60,0.18,0.0146,1,1,1,0.01,0.00,0.00,0.00,0.00,0.00,0.16,211,31
3003,0.0,5.9,46.9,-0.012,0.007,-1.021,4.1,-4.2,0.0,0.0038,-0.0096,-0.0440,158,352,206,373,0.00,0.01,2.61,0.18,0.0213,1,1,1,0.01,0.00,-0.01,0.00,0.00,0.00,0.16,211,31
3013,-0.2,-0.7,26.8,-0.007,0.046,-1.027,4.1,-4.1,0.0,0.0043,-0.0034,-0.0214,182,212,202,198,0.00,0.01,2.60,0.17,0.0213,1,1,1,0.01,0.00,0.00,0.00,0.00,0.00,0.16,211,31
3023,0.4,-2.6,-70.4,0.076,-0.055,-0.956,4.1,-4.2,0.0,0.0036,-0.0015,0.0563,352,168,373,158,0.00,0.01,2.60,0.17,0.0305,1,1,1,0.01,0.00,0.00,0.00,0.00,0.00,0.16,211,31
3033,0.0,5.9,46.5,-0.018,0.009,-1.018,4.1,-4.2,0.0,0.0039,-0.0096,-0.0436,158,351,207,371,0.00,0.01,2.61,0.17,0.0305,1,1,1,0.01,0.00,-0.01,0.00,0.00,0.00,0.17,211,31
3043,-0.3,-0.9,27.9,-0.012,0.061,-1.018,4.1,-4.1,0.0,0.0045,-0.0032,-0.0223,196,232,217,216,0.00,0.01,2.60,0.17,0.0305,1,1,0,0.01,0.00,0.00,0.00,0.00,0.00,0.17,211,31
3053,0.3,-3.1,-70.6,0.075,-0.053,-0.962,4.1,-4.2,0.0,0.0038,-0.0010,0.0547,354,169,373,158,0.00,0.01,2.60,0.17,0.0305,1,1,1,0.01,0.00,0.00,0.00,0.00,0.00,0.17,211,31
3064,0.0,6.2,41.3,-0.009,0.003,-1.017,4.1,-4.2,0.0,0.0040,-0.0104,-0.0378,158,346,209,369,0.00,0.01,2.61,0.17,0.0305,1,1,1,0.01,0.00,-0.01,0.00,0.00,0.00,0.17,211,31
3074,0.0,0.0,32.5,-0.012,0.068,-1.050,4.1,-4.1,0.0,0.0041,-0.0038,-0.0233,193,233,215,221,0.00,0.01,2.60,0.17,0.0305,1,1,1,0.01,0.00,-0.01,0.00,0.00,0.00,0.16,211,31
3084,0.6,-2.6,-71.7,0.069,-0.061,-0.961,4.1,-4.2,0.0,0.0035,-0.0014,0.0569,358,168,377,158,0.00,0.01,2.60,0.17,0.0305,1,1,1,0.01,0.00,-0.01,0.00,0.00,0.00,0.17,211,31
3094,-0.1,6.0,39.4,-0.005,0.000,-1.012,4.1,-4.2,0.0,0.0043,-0.0102,-0.0314,158,343,208,363,0.00,0.01,2.61,0.17,0.0305,1,1,1,0.01,0.00,-0.01,0.00,0.00,0.00,0.17,211,31
3104,0.0,-0.2,34.0,-0.015,0.064,-1.049,4.1,-4.1,0.0,0.0042,-0.0028,-0.0188,197,263,221,254,0.00,0.01,2.60,0.17,0.0402,1,1,0,0.01,0.00,-0.01,0.00,0.00,0.00,0.18,211,31
3114,0.6,-2.6,-71.6,0.073,-0.051,-0.955,4.1,-4.2,0.0,0.0035,-0.0015,0.0573,358,168,376,158,0.00,0.01,2.60,0.17,0.0402,1,1,1,0.01,0.00,-0.01,0.00,0.00,0.00,0.18,211,31
3124,0.0,6.3,38.1,-0.008,-0.004,-1.016,4.1,-4.2,0.0,0.0042,-0.0106,-0.0304,158,324,211,347,0.00,0.01,2.61,0.17,0.0536,1,1,0,0.01,0.00,-0.01,0.00,0.00,0.00,0.18,210,31
3134,-0.2,0.5,36.1,-0.020,0.069,-1.048,4.1,-4.1,0.0,0.0046,-0.0037,-0.0206,217,291,246,284,0.00,0.01,2.60,0.17,0.0536,1,1,0,0.01,0.00,-0.01,0.00,0.00,0.00,0.17,210,31
3144,0.2,-3.8,-70.9,0.080,-0.053,-0.954,4.1,-4.2,0.0,0.0039,-0.0004,0.0564,368,174,385,161,0.00,0.01,2.60,0.17,0.0604,1,1,0,0.01,0.00,-0.01,0.00,0.00,0.00,0.19,210,31
3154,-0.3,5.3,36.6,-0.007,-0.013,-1.025,4.1,-4.2,0.0,0.0045,-0.0095,-0.0292,173,336,224,355,0.00,0.01,2.61,0.18,0.0604,1,1,0,0.01,0.00,-0.02,0.00,0.00,0.00,0.20,210,31
3164,0.0,0.8,37.6,-0.022,0.070,-1.046,4.1,-4.1,0.0,0.0044,-0.0040,-0.0220,226,306,256,300,0.00,0.01,2.60,0.18,0.0604,1,1,0,0.01,0.00,-0.02,0.00,0.00,0.00,0.18,211,31
3175,0.5,-2.9,-71.0,0.073,-0.054,-0.958,4.1,-4.2,0.0,0.0035,-0.0012,0.0569,369,171,387,162,0.00,0.01,2.60,0.18,0.0604,1,1,0,0.01,0.00,-0.02,0.00,0.00,0.00,0.17,211,31
3185,0.1,5.5,33.1,0.000,-0.004,-1.020,4.1,-4.2,0.0,0.0040,-0.0098,-0.0263,178,330,228,352,0.00,0.01,2.61,0.18,0.0604,1,1,0,0.01,0.00,-0.02,0.00,0.00,0.00,0.17,211,31
3195,-0.2,1.1,39.3,-0.021,0.070,-1.053,4.1,-4.1,0.0,0.0046,-0.0044,-0.0236,222,309,254,304,0.00,0.01,2.60,0.18,0.0604,1,1,0,0.01,0.00,-0.02,0.00,0.00,0.00,0.16,211,31
3205,0.4,-3.6,-69.9,0.067,-0.051,-0.962,4.1,-4.2,0.0,0.0037,-0.0006,0.0561,371,175,389,163,0.00,0.01,2.60,0.18,0.0616,1,1,0,0.01,0.00,-0.02,0.00,0.00,0.00,0.17,211,31
3215,-0.3,4.8,26.3,0.006,-0.025,-1.018,4.1,-4.2,0.0,0.0043,-0.0091,-0.0289,194,320,245,338,0.00,0.01,2.61,0.18,0.0616,1,1,0,0.01,0.00,-0.02,0.00,0.00,0.00,0.18,211,31
3225,-0.5,1.2,42.3,-0.015,0.075,-1.048,4.1,-4.1,0.0,0.0048,-0.0053,-0.0312,206,324,243,324,0.00,0.01,2.60,0.18,0.0616,1,1,0,0.01,0.00,-0.02,0.00,0.00,0.00,0.19,211,31
3235,0.7,-2.8,-69.0,0.062,-0.044,-0.965,4.1,-4.2,0.0,0.0033,-0.0013,0.0555,371,173,389,165,0.00,0.01,2.60,0.18,0.0616,1,1,0,0.01,0.00,-0.02,0.00,0.00,0.00,0.21,210,31
3245,0.2,5.1,24.8,0.005,-0.032,-1.003,4.1,-4.2,0.0,0.0038,-0.0094,-0.0276,199,319,249,339,0.00,0.01,2.61,0.18,0.0628,1,1,0,0.01,0.00,-0.02,0.00,0.00,0.00,0.19,209,31
3255,-0.5,1.2,44.4,-0.020,0.072,-1.058,4.1,-4.1,0.0,0.0047,-0.0053,-0.0329,206,329,242,330,0.00,0.01,2.60,0.18,0.0628,1,1,0,0.01,0.00,-0.02,0.00,0.00,0.00,0.17,209,31
3265,0.4,-2.8,-68.9,0.066,-0.050,-0.972,4.1,-4.2,0.0,0.0036,-0.0014,0.0555,387,188,406,181,0.00,0.01,2.60,0.18,0.0701,1,1,0,0.01,0.00,-0.02,0.00,0.00,0.00,0.19,209,31
3275,0.2,4.9,21.7,0.011,-0.019,-1.009,4.1,-4.2,0.0,0.0040,-0.0095,-0.0254,217,328,268,349,0.00,0.01,2.61,0.18,0.0701,1,1,0,0.01,0.00,-0.02,0.00,0.00,0.00,0.20,209,31
3286,0.0,1.3,48.2,-0.019,0.083,-1.059,4.1,-4.1,0.0,0.0041,-0.0055,-0.0382,242,370,277,370,0.00,0.01,2.60,0.18,0.0829,1,1,0,0.01,0.00,-0.01,0.00,0.00,0.00,0.20,209,31
3296,0.1,-2.8,-68.4,0.059,-0.053,-0.975,4.1,-4.2,0.0,0.0039,-0.0016,0.0564,411,212,432,204,0.00,0.01,2.60,0.18,0.0829,1,1,0,0.01,0.00,0.00,0.01,0.00,0.00,0.19,210,31
3306,0.2,4.9,15.4,0.016,-0.024,-1.015,4.1,-4.2,0.0,0.0039,-0.0092,-0.0120,260,363,311,385,0.00,0.01,2.61,0.18,0.0909,1,1,0,0.01,0.00,0.00,0.01,0.00,0.00,0.18,210,31
3316,0.3,1.7,49.8,-0.021,0.079,-1.055,4.1,-4.1,0.0,0.0039,-0.0059,-0.0395,245,393,281,400,0.00,0.01,2.60,0.18,0.0909,1,1,0,0.01,0.00,0.00,0.01,0.00,0.00,0.17,210,31
3326,0.6,-2.9,-68.5,0.062,-0.039,-0.971,4.1,-4.2,0.0,0.0036,-0.0015,0.0568,427,226,447,218,0.00,0.01,2.60,0.18,0.0909,1,1,0,0.01,0.00,0.00,0.01,0.00,0.00,0.17,209,31
3336,-0.2,4.1,14.4,0.013,-0.043,-1.019,4.1,-4.2,0.0,0.0044,-0.0085,-0.0113,273,354,322,370,0.00,0.01,2.61,0.18,0.0909,1,1,0,0.01,0.00,0.00,0.01,0.00,0.00,0.17,209,31
3346,0.2,1.5,54.0,-0.020,0.080,-1.052,4.1,-4.1,0.0,0.0038,-0.0054,-0.0369,242,397,277,402,0.00,0.01,2.60,0.18,0.0909,1,1,0,0.01,0.00,0.00,0.01,0.00,0.00,0.17,209,31
3356,0.6,-3.0,-65.9,0.056,-0.039,-0.985,4.1,-4.2,0.0,0.0036,-0.0012,0.0531,425,229,445,220,0.00,0.01,2.60,0.18,0.0909,1,1,0,0.01,0.00,0.00,0.01,0.00,0.00,0.18,209,31
3366,-0.5,4.0,12.3,0.020,-0.037,-0.999,4.1,-4.2,0.0,0.0048,-0.0084,-0.0096,277,354,328,368,0.00,0.01,2.61,0.18,0.0921,1,1,0,0.01,0.00,0.00,0.01,0.00,0.00,0.18,209,31
3376,0.1,1.8,55.5,-0.018,0.084,-1.065,4.1,-4.1,0.0,0.0038,-0.0059,-0.0383,241,401,278,408,0.00,0.01,2.60,0.18,0.0921,1,1,0,0.01,0.00,0.00,0.01,0.00,0.00,0.18,209,31
3386,1.0,-3.0,-65.8,0.052,-0.049,-0.984,4.1,-4.2,0.0,0.0031,-0.0012,0.0529,429,229,447,224,0.00,0.01,2.60,0.18,0.0921,1,1,0,0.01,0.00,0.00,0.01,0.00,0.00,0.17,209,31
3397,-0.2,4.7,9.8,0.016,-0.031,-1.013,4.1,-4.2,0.0,0.0045,-0.0091,-0.0076,280,348,333,367,0.00,0.01,2.61,0.18,0.0921,1,1,0,0.01,0.00,0.00,0.01,0.00,0.00,0.16,209,31
3407,-0.4,1.4,55.2,-0.031,0.093,-1.076,4.1,-4.1,0.0,0.0047,-0.0056,-0.0421,280,371,310,366,0.00,0.01,2.60,0.18,0.0921,1,1,0,0.01,0.00,0.00,0.01,0.00,0.00,0.17,210,31
3417,0.7,-3.7,-64.0,0.052,-0.028,-0.977,4.1,-4.2,0.0,0.0034,-0.0005,0.0515,429,231,446,222,0.00,0.01,2.60,0.18,0.0921,1,1,0,0.01,0.00,0.00,0.01,0.00,0.00,0.18,209,31
3427,-0.5,4.3,7.5,0.024,-0.040,-1.006,4.1,-4.2,0.0,0.0048,-0.0087,-0.0058,252,376,306,394,0.00,0.01,2.61,0.18,0.0921,1,1,0,0.01,0.00,0.00,0.01,0.00,0.00,0.18,209,31
3437,-0.8,1.6,55.4,-0.024,0.091,-1.068,4.1,-4.1,0.0,0.0051,-0.0059,-0.0423,256,387,295,390,0.00,0.01,2.60,0.18,0.0921,1,1,0,0.01,0.00,0.00,0.01,0.00,0.00,0.18,209,31
3447,0.8,-4.0,-63.5,0.064,-0.042,-0.987,4.1,-4.2,0.0,0.0034,-0.0002,0.0511,432,231,446,223,0.00,0.01,2.60,0.18,0.0927,1,1,0,0.01,0.00,0.00,0.01,0.00,0.00,0.18,209,31
3457,0.3,3.8,2.9,0.028,-0.039,-0.999,4.1,-4.2,0.0,0.0040,-0.0088,-0.0109,257,375,306,395,0.00,0.01,2.61,0.18,0.0927,1,1,0,0.01,0.00,0.00,0.02,0.00,0.00,0.17,209,31
3467,0.1,1.6,59.2,-0.022,0.099,-1.063,4.1,-4.1,0.0,0.0042,-0.0061,-0.0438,255,390,292,396,0.00,0.01,2.60,0.18,0.0927,1,1,0,0.01,0.00,0.00,0.01,0.00,0.00,0.19,209,31
3477,0.4,-3.3,-62.3,0.048,-0.027,-0.987,4.1,-4.2,0.0,0.0037,-0.0009,0.0502,429,232,448,224,0.00,0.01,2.60,0.18,0.0927,1,1,0,0.01,0.00,0.00,0.01,0.00,0.00,0.22,210,31
3487,-0.2,3.1,1.5,0.028,-0.048,-1.010,4.1,-4.2,0.0,0.0044,-0.0081,-0.0095,272,366,321,383,0.00,0.01,2.61,0.18,0.0939,1,1,0,0.01,0.00,0.00,0.01,0.00,0.00,0.20,210,31
3497,-0.2,2.1,60.4,-0.026,0.081,-1.064,4.1,-4.1,0.0,0.0045,-0.0064,-0.0480,252,396,294,400,0.00,0.01,2.60,0.18,0.0939,1,1,0,0.01,0.00,0.00,0.02,0.00,0.00,0.18,210,31
3508,0.2,-3.2,-60.7,0.038,-0.021,-0.987,4.1,-4.2,0.0,0.0040,-0.0011,0.0503,431,235,451,224,0.00,0.01,2.60,0.18,0.0939,1,1,0,0.01,0.00,0.00,0.01,0.00,0.00,0.18,210,31
3518,-0.3,2.6,-3.1,0.034,-0.053,-1.009,4.1,-4.2,0.0,0.0047,-0.0070,0.0027,273,366,320,382,0.00,0.01,2.61,0.18,0.0939,1,1,0,0.01,0.00,0.00,0.02,0.00,0.00,0.18,210,31
3528,-0.1,2.2,61.0,-0.025,0.095,-1.061,4.1,-4.1,0.0,0.0043,-0.0067,-0.0441,280,400,316,406,0.00,0.01,2.60,0.18,0.1018,1,1,0,0.01,0.00,0.00,0.02,0.00,0.00,0.17,210,31
3538,0.4,-3.3,-56.9,0.033,-0.034,-0.986,4.1,-4.2,0.0,0.0039,-0.0010,0.0458,442,251,464,245,0.00,0.01,2.60,0.18,0.1018,1,1,0,0.01,0.00,0.00,0.02,0.00,0.00,0.17,210,31
3548,-0.2,2.6,-7.8,0.030,-0.039,-1.001,4.1,-4.2,0.0,0.0046,-0.0081,-0.0019,288,377,341,395,0.00,0.01,2.61,0.18,0.1018,1,1,0,0.01,0.00,0.00,0.02,0.00,0.00,0.17,210,31
3558,0.2,1.2,63.3,-0.028,0.096,-1.077,4.1,-4.1,0.0,0.0041,-0.0055,-0.0503,260,420,299,423,0.00,0.01,2.60,0.18,0.1018,1,1,0,0.01,0.00,0.00,0.02,0.00,0.00,0.18,210,31
3568,0.0,-4.1,-57.6,0.043,-0.029,-1.000,4.1,-4.2,0.0,0.0042,-0.0002,0.0464,444,251,466,241,0.00,0.01,2.60,0.18,0.1018,1,1,0,0.01,0.00,0.00,0.02,0.00,0.00,0.20,210,31
3578,0.0,2.7,-8.1,0.032,-0.049,-0.988,4.1,-4.2,0.0,0.0042,-0.0075,0.0039,301,366,350,385,0.00,0.01,2.61,0.18,0.1018,1,1,0,0.01,0.00,0.00,0.01,0.00,0.00,0.22,211,31
3588,0.0,1.7,65.0,-0.030,0.083,-1.074,4.1,-4.1,0.0,0.0044,-0.0061,-0.0517,257,421,297,427,0.00,0.01,2.60,0.18,0.1018,1,1,0,0.01,0.00,0.00,0.01,0.00,0.00,0.20,211,31
3599,0.1,-4.0,-55.7,0.036,-0.016,-0.981,4.1,-4.2,0.0,0.0040,-0.0009,0.0500,444,251,464,243,0.00,0.01,2.60,0.18,0.1018,1,1,0,0.01,0.00,-0.01,0.00,0.00,0.00,0.17,211,31
3609,-0.3,2.2,-14.1,0.030,-0.060,-1.007,4.1,-4.2,0.0,0.0047,-0.0067,0.0115,303,365,351,382,0.00,0.01,2.61,0.18,0.1018,1,1,0,0.01,0.00,-0.01,0.01,0.00,0.00,0.19,211,31
3619,0.2,2.2,67.1,-0.026,0.106,-1.071,4.1,-4.1,0.0,0.0044,-0.0067,-0.0499,247,429,289,436,0.00,0.01,2.60,0.18,0.1018,1,1,0,0.01,0.00,-0.01,0.00,0.00,0.00,0.21,211,31
3629,0.5,-4.1,-55.5,0.032,-0.025,-0.987,4.1,-4.2,0.0,0.0037,-0.0004,0.0466,444,252,463,242,0.00,0.01,2.60,0.19,0.1018,1,1,0,0.01,0.00,-0.01,0.00,0.00,0.00,0.20,210,31
3639,-0.4,2.5,-14.8,0.033,-0.052,-1.023,4.1,-4.2,0.0,0.0048,-0.0070,0.0121,316,353,364,369,0.00,0.01,2.61,0.19,0.1018,1,1,0,0.01,0.00,-0.01,0.00,0.00,0.00,0.19,210,31
3649,0.2,1.9,68.8,-0.024,0.103,-1.067,4.1,-4.1,0.0,0.0041,-0.0062,-0.0537,246,433,285,439,0.00,0.01,2.60,0.19,0.1018,1,1,0,0.01,0.00,-0.01,0.00,0.00,0.00,0.18,210,31
3659,0.2,-3.7,-55.1,0.038,-0.033,-0.998,4.1,-4.2,0.0,0.0040,-0.0008,0.0463,444,252,464,242,0.00,0.01,2.60,0.19,0.1018,1,1,0,0.01,0.00,-0.01,0.00,0.00,0.00,0.17,211,31
3669,-0.9,1.0,-20.0,0.050,-0.058,-1.010,4.1,-4.2,0.0,0.0053,-0.0060,0.0134,335,371,385,385,0.00,0.01,2.61,0.19,0.1116,1,1,0,0.01,0.00,-0.01,0.00,0.00,0.00,0.16,211,31
3679,0.1,1.6,68.8,-0.020,0.093,-1.080,4.1,-4.1,0.0,0.0043,-0.0064,-0.0517,261,452,303,460,0.00,0.01,2.60,0.19,0.1116,1,1,0,0.01,0.00,-0.01,0.00,0.00,0.00,0.16,211,31
3689,0.4,-3.1,-51.2,0.026,-0.015,-0.995,4.1,-4.2,0.0,0.0039,-0.0012,0.0413,456,275,478,266,0.00,0.01,2.60,0.18,0.1116,1,1,0,0.01,0.00,-0.01,0.00,0.00,0.00,0.17,211,31
3700,-0.8,1.0,-25.8,0.046,-0.057,-1.005,4.1,-4.2,0.0,0.0052,-0.0055,0.0209,339,367,388,381,0.00,0.01,2.61,0.18,0.1116,1,1,0,0.01,0.00,-0.01,0.00,0.00,0.00,0.19,211,31
3710,0.0,2.1,70.2,-0.027,0.099,-1.073,4.1,-4.1,0.0,0.0044,-0.0066,-0.0559,261,453,300,461,0.00,0.01,2.60,0.18,0.1116,1,1,0,0.01,0.00,-0.01,0.00,0.00,0.00,0.20,211,31
3720,0.5,-4.1,-47.3,0.023,-0.020,-0.989,4.1,-4.2,0.0,0.0037,-0.0006,0.0447,457,277,475,266,0.00,0.01,2.60,0.19,0.1116,1,1,0,0.01,0.00,-0.01,0.00,0.00,0.00,0.18,211,31
3730,-0.3,1.1,-27.5,0.044,-0.049,-1.007,4.1,-4.2,0.0,0.0047,-0.0057,0.0223,340,364,392,379,0.00,0.01,2.60,0.19,0.1116,1,1,0,0.01,0.00,-0.01,0.00,0.00,0.00,0.16,211,31
3740,0.0,1.0,70.9,-0.019,0.115,-1.082,4.1,-4.1,0.0,0.0044,-0.0054,-0.0564,254,462,292,467,0.00,0.01,2.60,0.18,0.1116,1,1,0,0.01,0.00,-0.01,0.00,0.00,0.00,0.17,210,31
3750,0.8,-4.8,-46.9,0.021,-0.023,-0.999,4.1,-4.2,0.0,0.0033,-0.0001,0.0446,458,276,475,267,0.00,0.01,2.60,0.18,0.1116,1,1,0,0.01,0.00,-0.01,0.00,0.00,0.00,0.18,210,31
3760,-0.4,1.7,-24.7,0.040,-0.055,-1.006,4.1,-4.2,0.0,0.0048,-0.0066,0.0171,342,364,392,378,0.00,0.01,2.60,0.18,0.1116,1,1,0,0.01,0.00,-0.01,0.00,0.00,0.00,0.18,210,31
3770,0.0,1.9,71.4,-0.030,0.096,-1.088,4.1,-4.1,0.0,0.0043,-0.0064,-0.0568,253,463,294,470,0.00,0.01,2.60,0.18,0.1122,1,1,0,0.01,0.00,-0.01,0.00,0.00,0.00,0.18,210,31
3780,0.7,-5.1,-46.1,0.027,-0.007,-0.994,4.1,-4.1,0.0,0.0037,0.0000,0.0440,458,279,475,268,0.00,0.01,2.60,0.19,0.1122,1,1,0,0.01,0.00,-0.01,0.00,0.00,0.00,0.18,210,31
3790,-0.7,1.5,-29.2,0.043,-0.063,-0.996,4.1,-4.2,0.0,0.0052,-0.0060,0.0236,357,352,406,365,0.00,0.01,2.60,0.18,0.1122,1,1,0,0.01,0.00,-0.01,0.00,0.00,0.00,0.17,210,31
3800,-0.1,2.1,71.6,-0.026,0.090,-1.075,4.1,-4.1,0.0,0.0046,-0.0065,-0.0569,251,464,294,471,0.00,0.01,2.60,0.18,0.1122,1,1,0,0.01,0.00,-0.01,0.00,0.00,0.00,0.18,210,31
3810,0.8,-4.9,-47.7,0.021,-0.013,-0.999,4.1,-4.1,0.0,0.0036,0.0004,0.0384,456,281,473,270,0.00,0.01,2.60,0.18,0.1122,1,1,0,0.01,0.00,-0.01,0.00,0.00,0.00,0.19,210,31
3820,-0.4,1.5,-23.6,0.047,-0.056,-1.005,4.1,-4.2,0.0,0.0049,-0.0060,0.0192,361,351,407,361,0.00,0.01,2.61,0.18,0.1122,1,1,0,0.01,0.00,-0.01,0.00,0.00,0.00,0.19,210,31
3830,0.0,1.4,70.0,-0.030,0.109,-1.076,4.1,-4.1,0.0,0.0044,-0.0059,-0.0557,253,466,292,470,0.00,0.01,2.60,0.18,0.1122,1,1,0,0.01,0.00,-0.01,0.00,0.00,0.00,0.18,210,31
3840,0.5,-4.4,-52.1,0.026,-0.026,-0.988,4.1,-4.1,0.0,0.0038,0.0000,0.0420,455,282,472,271,0.00,0.01,2.60,0.18,0.1122,1,1,0,0.01,0.00,-0.01,0.00,0.00,0.00,0.18,211,31
3850,-0.5,1.7,-17.3,0.038,-0.046,-1.012,4.1,-4.2,0.0,0.0050,-0.0063,0.0141,363,351,408,359,0.00,0.01,2.61,0.18,0.1122,1,1,0,0.01,0.00,-0.01,0.00,0.00,0.00,0.17,211,31
3860,0.0,1.3,69.1,-0.024,0.098,-1.077,4.1,-4.1,0.0,0.0045,-0.0060,-0.0541,253,467,295,474,0.00,0.01,2.60,0.18,0.1134,1,1,0,0.01,0.00,-0.01,0.00,0.00,0.00,0.17,211,31
3870,0.4,-4.0,-53.9,0.038,-0.018,-1.006,4.1,-4.1,0.0,0.0039,-0.0005,0.0454,450,293,467,280,0.00,0.01,2.60,0.18,0.1134,1,1,0,0.01,0.00,-0.01,0.00,0.00,0.00,0.16,211,31
3880,-0.2,2.4,-15.3,0.040,-0.052,-0.996,4.1,-4.2,0.0,0.0046,-0.0073,0.0095,368,349,413,360,0.00,0.01,2.61,0.18,0.1134,1,1,0,0.01,0.00,-0.01,0.00,0.00,0.00,0.17,211,31
3890,0.1,1.8,67.2,-0.021,0.093,-1.087,4.1,-4.1,0.0,0.0043,-0.0063,-0.0524,278,444,318,450,0.00,0.01,2.60,0.18,0.1134,1,1,0,0.01,0.00,-0.01,0.00,0.00,0.00,0.18,210,31
3901,0.6,-3.5,-56.0,0.036,-0.029,-0.978,4.1,-4.1,0.0,0.0038,-0.0009,0.0451,449,292,467,282,0.00,0.01,2.60,0.18,0.1134,1,1,0,0.01,0.00,-0.01,0.00,0.00,0.00,0.18,210,31
3911,-0.8,2.2,-15.3,0.041,-0.056,-1.010,4.1,-4.2,0.0,0.0054,-0.0079,0.0035,306,403,361,419,0.00,0.01,2.61,0.18,0.1134,1,1,0,0.01,0.00,-0.01,0.00,0.00,0.00,0.18,210,31
3921,0.2,1.1,68.0,-0.026,0.105,-1.075,4.1,-4.1,0.0,0.0042,-0.0056,-0.0541,272,451,312,459,0.00,0.01,2.60,0.18,0.1140,1,1,0,0.01,0.00,-0.01,0.00,0.00,0.00,0.17,210,31
3931,0.6,-4.0,-52.4,0.025,-0.025,-1.015,4.1,-4.1,0.0,0.0037,-0.0006,0.0442,468,273,488,265,0.00,0.01,2.60,0.18,0.1140,1,1,0,0.01,0.00,-0.01,0.00,0.00,0.00,0.19,210,31
3941,-0.2,2.2,-15.5,0.036,-0.049,-0.992,4.1,-4.2,0.0,0.0046,-0.0071,0.0097,333,382,383,396,0.00,0.01,2.61,0.18,0.1140,1,1,0,0.01,0.00,-0.01,0.00,0.00,0.00,0.21,210,31
3951,0.0,1.9,68.1,-0.024,0.093,-1.085,4.1,-4.1,0.0,0.0044,-0.0064,-0.0542,272,454,311,457,0.00,0.01,2.60,0.18,0.1140,1,1,0,0.01,0.00,-0.01,0.00,0.00,0.00,0.20,210,31
3961,0.4,-5.0,-51.5,0.031,-0.024,-0.988,4.1,-4.1,0.0,0.0041,0.0000,0.0472,467,282,485,270,0.00,0.01,2.60,0.18,0.1153,1,1,0,0.01,0.00,0.00,0.00,0.00,0.00,0.18,210,31
3971,-0.5,1.8,-17.5,0.040,-0.056,-1.012,4.1,-4.2,0.0,0.0050,-0.0068,0.0114,338,380,389,396,0.00,0.01,2.60,0.18,0.1153,1,1,0,0.01,0.00,0.00,0.00,0.00,0.00,0.18,211,31
3981,0.1,1.6,68.2,-0.034,0.091,-1.071,4.1,-4.1,0.0,0.0043,-0.0061,-0.0542,290,470,329,478,0.00,0.01,2.60,0.18,0.1238,1,1,0,0.01,0.00,0.00,0.00,0.00,0.00,0.17,211,31
3991,0.5,-4.8,-50.9,0.027,-0.011,-1.007,4.1,-4.1,0.0,0.0040,-0.0002,0.0470,482,297,502,287,0.00,0.01,2.60,0.18,0.1238,1,1,0,0.01,0.00,0.00,0.00,0.00,0.00,0.17,211,31
4002,0.0,1.2,-22.2,0.043,-0.044,-0.993,4.2,-4.2,0.0,0.0045,-0.0058,0.0180,377,418,430,435,0.00,0.01,2.60,0.18,0.1360,1,1,0,0.01,0.00,0.00,0.00,0.00,0.00,0.16,211,31
4012,0.3,1.5,70.3,-0.028,0.112,-1.088,4.1,-4.1,0.0,0.0043,-0.0062,-0.0535,304,502,343,511,0.00,0.01,2.60,0.18,0.1360,1,1,0,0.01,0.00,0.00,0.00,0.00,0.00,0.17,211,31
4022,0.7,-5.1,-48.1,0.014,-0.034,-0.992,4.1,-4.1,0.0,0.0037,0.0006,0.0388,507,319,525,309,0.00,0.01,2.60,0.18,0.1360,1,1,0,0.01,0.00,0.00,0.00,0.00,0.00,0.18,210,31
4032,-0.7,0.7,-27.0,0.044,-0.056,-1.009,4.2,-4.2,0.0,0.0052,-0.0066,0.0133,392,407,443,418,0.00,0.01,2.60,0.18,0.1360,1,1,0,0.01,0.00,0.00,0.00,0.00,0.00,0.19,210,31
4042,0.0,0.8,71.5,-0.022,0.104,-1.068,4.1,-4.1,0.0,0.0045,-0.0053,-0.0562,303,505,341,511,0.00,0.01,2.60,0.18,0.1360,1,1,0,0.01,0.00,0.00,0.00,0.00,0.00,0.20,211,31
4052,0.4,-3.7,-47.6,0.020,-0.021,-1.016,4.1,-4.1,0.0,0.0040,-0.0007,0.0384,505,319,526,310,0.00,0.01,2.60,0.18,0.1360,1,1,0,0.01,0.00,0.00,0.00,0.00,0.00,0.19,211,31
4062,-0.5,0.7,-28.2,0.048,-0.059,-0.989,4.2,-4.2,0.0,0.0049,-0.0065,0.0142,395,405,443,417,0.00,0.01,2.60,0.18,0.1360,1,1,0,0.01,0.00,0.00,0.00,0.00,0.00,0.17,211,31
4072,-0.3,1.3,71.7,-0.025,0.094,-1.083,4.1,-4.1,0.0,0.0048,-0.0059,-0.0571,301,505,342,513,0.00,0.01,2.60,0.18,0.1360,1,1,0,0.01,0.00,0.00,0.00,0.00,0.00,0.18,211,31
4082,0.4,-4.1,-41.9,0.020,-0.014,-1.013,4.1,-4.1,0.0,0.0041,-0.0005,0.0363,499,329,519,319,0.00,0.01,2.60,0.18,0.1366,1,1,0,0.01,0.00,0.00,0.00,0.00,0.00,0.20,211,31
4092,-0.6,0.8,-31.1,0.041,-0.054,-0.987,4.2,-4.2,0.0,0.0052,-0.0059,0.0225,400,401,451,413,0.00,0.01,2.60,0.18,0.1366,1,1,0,0.01,0.00,0.00,0.00,0.00,0.00,0.20,211,31
4103,-0.3,1.0,72.5,-0.021,0.097,-1.067,4.1,-4.1,0.0,0.0049,-0.0055,-0.0565,313,532,353,536,0.00,0.01,2.60,0.18,0.1458,1,1,0,0.01,0.00,0.00,0.00,0.00,0.00,0.19,211,31
4113,0.8,-4.3,-42.2,0.008,-0.024,-1.022,4.1,-4.1,0.0,0.0036,-0.0001,0.0366,519,346,535,334,0.00,0.01,2.60,0.18,0.1458,1,1,0,0.01,0.00,0.00,0.00,0.00,0.00,0.18,210,31
4123,-1.0,0.5,-34.8,0.044,-0.068,-0.980,4.1,-4.2,0.0,0.0056,-0.0052,0.0281,418,419,467,430,0.00,0.01,2.60,0.18,0.1458,1,1,0,0.01,0.00,0.00,0.00,0.00,0.00,0.17,209,31
4133,0.4,1.5,73.2,-0.019,0.098,-1.077,4.1,-4.1,0.0,0.0041,-0.0061,-0.0580,312,530,352,539,0.00,0.01,2.60,0.18,0.1458,1,1,0,0.01,0.00,0.00,0.00,0.00,0.00,0.16,209,31
4143,0.6,-4.8,-41.6,0.015,-0.016,-1.014,4.1,-4.1,0.0,0.0037,-0.0002,0.0411,518,345,535,336,0.00,0.01,2.60,0.18,0.1458,1,1,0,0.01,0.00,0.00,0.00,0.00,0.00,0.16,209,31
4153,-0.2,0.9,-35.1,0.047,-0.064,-0.990,4.1,-4.2,0.0,0.0048,-0.0055,0.0283,418,416,469,430,0.00,0.01,2.60,0.18,0.1458,1,1,0,0.01,0.00,0.00,0.00,0.00,0.00,0.17,209,31
4163,0.0,1.8,72.0,-0.020,0.104,-1.065,4.1,-4.1,0.0,0.0047,-0.0064,-0.0573,316,528,358,531,0.00,0.01,2.60,0.18,0.1458,1,1,0,0.01,0.00,0.00,0.00,0.00,0.00,0.18,209,31
4173,0.0,-4.8,-39.5,0.019,-0.014,-1.011,4.1,-4.1,0.0,0.0045,0.0000,0.0395,514,351,533,335,0.00,0.01,2.60,0.18,0.1458,1,1,0,0.01,0.00,0.00,0.00,0.00,0.00,0.18,210,31
4183,-0.4,0.6,-35.6,0.042,-0.058,-0.992,4.1,-4.2,0.0,0.0050,-0.0053,0.0288,432,406,480,415,0.00,0.01,2.60,0.18,0.1458,1,1,0,0.01,0.00,0.00,0.00,0.00,0.00,0.17,210,31
4193,-0.1,2.3,71.9,-0.026,0.093,-1.067,4.1,-4.1,0.0,0.0047,-0.0069,-0.0572,311,530,355,538,0.00,0.01,2.60,0.18,0.1458,1,1,0,0.01,0.00,0.00,0.00,0.00,0.00,0.16,210,31
4203,0.5,-3.8,-38.1,0.009,-0.010,-0.996,4.1,-4.1,0.0,0.0039,-0.0007,0.0334,514,349,530,341,0.00,0.01,2.60,0.18,0.1458,1,1,0,0.01,0.00,0.00,0.00,0.00,0.00,0.17,209,31
4214,-0.4,0.0,-37.2,0.056,-0.053,-0.991,4.1,-4.2,0.0,0.0050,-0.0046,0.0300,436,404,482,412,0.00,0.01,2.60,0.18,0.1458,1,1,0,0.01,0.00,0.00,0.00,0.00,0.00,0.18,209,31
4224,0.6,1.2,72.2,-0.031,0.112,-1.092,4.1,-4.1,0.0,0.0043,-0.0059,-0.0567,311,532,353,538,0.00,0.01,2.60,0.18,0.1458,1,1,0,0.01,0.00,0.00,0.00,0.00,0.00,0.18,209,31
4234,0.2,-5.6,-35.1,0.005,-0.019,-1.006,4.1,-4.1,0.0,0.0044,0.0010,0.0284,509,361,521,343,0.00,0.01,2.60,0.18,0.1458,1,1,0,0.01,0.00,0.00,0.00,0.00,0.00,0.19,209,31
4244,-1.0,0.2,-37.0,0.046,-0.069,-0.967,4.1,-4.2,0.0,0.0057,-0.0049,0.0299,437,405,484,413,0.00,0.01,2.60,0.18,0.1464,1,1,0,0.01,0.00,0.00,0.00,0.00,0.00,0.18,210,31
4254,0.4,1.4,72.1,-0.015,0.101,-1.075,4.1,-4.1,0.0,0.0040,-0.0060,-0.0567,313,532,352,541,0.00,0.01,2.60,0.18,0.1464,1,1,0,0.01,0.00,0.00,0.00,0.00,0.00,0.17,210,31
4264,0.2,-4.7,-34.5,0.012,-0.004,-1.018,4.1,-4.1,0.0,0.0044,0.0001,0.0279,505,362,525,347,0.00,0.01,2.60,0.18,0.1464,1,1,0,0.01,0.00,0.00,0.00,0.00,0.00,0.19,210,31
4274,-0.1,0.5,-36.8,0.040,-0.059,-0.988,4.1,-4.2,0.0,0.0047,-0.0052,0.0297,437,404,483,414,0.00,0.01,2.60,0.18,0.1464,1,1,0,0.01,0.00,0.00,0.00,0.00,0.00,0.21,210,31
4284,0.3,1.1,72.1,-0.018,0.099,-1.063,4.1,-4.1,0.0,0.0044,-0.0058,-0.0573,312,534,353,539,0.00,0.01,2.60,0.18,0.1464,1,1,0,0.01,0.00,0.00,0.00,0.00,0.00,0.20,210,31
4294,0.0,-4.4,-33.1,-0.004,-0.006,-1.007,4.1,-4.1,0.0,0.0046,-0.0001,0.0268,505,363,523,348,0.00,0.01,2.60,0.18,0.1464,1,1,0,0.01,0.00,0.00,0.00,0.00,0.00,0.18,210,31
4304,-0.9,-1.2,-42.5,0.057,-0.056,-0.979,4.1,-4.2,0.0,0.0055,-0.0047,0.0268,442,402,486,408,0.00,0.01,2.60,0.18,0.1464,1,1,0,0.01,0.00,0.00,0.00,0.00,0.00,0.18,210,31
4314,0.3,2.4,71.8,-0.028,0.097,-1.051,4.1,-4.1,0.0,0.0043,-0.0070,-0.0572,309,535,350,545,0.00,0.01,2.61,0.18,0.1464,1,1,0,0.01,0.00,0.00,0.00,0.00,0.00,0.17,210,31
4325,0.6,-3.7,-28.5,0.000,-0.002,-1.003,4.1,-4.1,0.0,0.0036,-0.0009,0.0316,507,363,524,353,0.00,0.01,2.60,0.18,0.1476,1,1,0,0.01,0.00,0.00,0.00,0.00,0.00,0.16,209,31
4335,-0.4,-0.9,-45.8,0.051,-0.059,-0.993,4.2,-4.2,0.0,0.0053,-0.0045,0.0323,444,404,491,409,0.00,0.01,2.60,0.18,0.1476,1,1,0,0.01,0.00,0.00,0.00,0.00,0.00,0.16,209,31
4345,0.6,1.8,72.3,-0.027,0.106,-1.066,4.1,-4.1,0.0,0.0040,-0.0064,-0.0575,312,540,350,546,0.00,0.01,2.60,0.18,0.1476,1,1,0,0.01,0.00,0.00,0.00,0.00,0.00,0.17,209,31
4355,0.0,-4.7,-27.2,-0.004,-0.009,-1.018,4.1,-4.1,0.0,0.0047,0.0000,0.0308,505,368,523,352,0.00,0.01,2.60,0.18,0.1476,1,1,0,0.01,0.00,0.00,0.00,0.00,0.00,0.17,209,31
4365,-0.9,-0.2,-46.8,0.044,-0.055,-0.972,4.2,-4.2,0.0,0.0056,-0.0045,0.0377,444,400,495,409,0.00,0.01,2.60,0.18,0.1476,1,1,0,0.01,0.00,0.00,0.00,0.00,0.00,0.18,210,31
4375,0.3,0.7,71.8,-0.020,0.095,-1.069,4.1,-4.1,0.0,0.0043,-0.0053,-0.0575,310,542,349,546,0.00,0.01,2.61,0.18,0.1476,1,1,0,0.01,0.00,0.00,0.00,0.00,0.00,0.19,210,31
4385,0.3,-5.2,-26.1,0.000,0.005,-0.995,4.1,-4.1,0.0,0.0040,0.0005,0.0299,512,393,525,377,0.00,0.01,2.60,0.18,0.1555,1,1,0,0.01,0.00,0.00,0.00,0.00,0.00,0.18,210,31
4395,-0.2,-0.6,-47.5,0.053,-0.061,-1.001,4.2,-4.2,0.0,0.0049,-0.0040,0.0382,474,405,517,411,0.00,0.01,2.60,0.18,0.1555,1,1,0,0.01,0.00,0.00,0.00,0.00,0.00,0.16,210,31
4405,0.7,1.5,72.6,-0.026,0.096,-1.061,4.2,-4.1,0.0,0.0041,-0.0060,-0.0582,323,558,364,562,0.00,0.01,2.61,0.18,0.1555,1,1,0,0.01,0.00,0.00,0.00,0.00,0.00,0.19,210,31
4415,0.1,-4.4,-26.9,-0.011,-0.009,-0.999,4.1,-4.1,0.0,0.0043,0.0000,0.0305,512,392,528,376,0.00,0.01,2.60,0.18,0.1555,1,1,0,0.01,0.00,0.00,0.00,0.00,0.00,0.21,210,31
4425,-1.1,-0.9,-47.5,0.053,-0.063,-0.976,4.2,-4.2,0.0,0.0059,-0.0037,0.0382,495,428,537,426,0.00,0.01,2.60,0.18,0.1659,1,1,0,0.01,0.00,0.00,0.00,0.00,0.00,0.20,210,31
4436,0.4,2.1,70.6,-0.024,0.107,-1.048,4.2,-4.1,0.0,0.0043,-0.0067,-0.0566,343,576,386,582,0.00,0.01,2.61,0.18,0.1659,1,1,0,0.01,0.00,0.00,0.00,0.00,0.00,0.18,210,31
4446,0.3,-4.2,-25.9,-0.008,-0.001,-1.008,4.1,-4.1,0.0,0.0041,-0.0003,0.0240,530,412,545,399,0.00,0.01,2.60,0.18,0.1659,1,1,0,0.01,0.00,0.00,0.00,0.00,0.00,0.17,210,31
4456,-0.2,-0.4,-48.3,0.056,-0.060,-0.978,4.2,-4.2,0.0,0.0050,-0.0042,0.0389,496,423,538,428,0.00,0.01,2.60,0.18,0.1659,1,1,0,0.01,0.00,0.00,0.00,0.00,0.00,0.17,210,31
4466,1.1,2.8,72.0,-0.036,0.091,-1.087,4.2,-4.1,0.0,0.0038,-0.0072,-0.0581,341,575,383,587,0.00,0.01,2.61,0.18,0.1659,1,1,0,0.01,0.00,0.00,0.00,0.00,0.00,0.16,210,31
4476,0.0,-4.7,-26.1,0.000,0.005,-1.010,4.1,-4.1,0.0,0.0047,0.0001,0.0242,530,413,547,396,0.00,0.01,2.60,0.18,0.1659,1,1,0,0.01,0.00,0.00,0.00,0.00,0.00,0.16,210,31
4486,-0.2,-1.3,-47.6,0.054,-0.061,-0.991,4.2,-4.2,0.0,0.0050,-0.0034,0.0384,524,436,561,434,0.00,0.01,2.60,0.18,0.1751,1,1,0,0.01,0.00,0.00,0.00,0.00,0.00,0.16,210,31
4496,0.1,2.6,73.2,-0.030,0.090,-1.047,4.2,-4.1,0.0,0.0050,-0.0069,-0.0591,354,597,400,603,0.00,0.01,2.61,0.18,0.1751,1,1,0,0.01,0.00,0.00,0.00,0.00,0.00,0.17,210,31
4506,-0.3,-4.8,-22.2,0.015,-0.004,-1.003,4.1,-4.1,0.0,0.0047,0.0005,0.0241,549,431,562,413,0.00,0.01,2.60,0.18,0.1751,1,1,0,0.01,0.00,0.00,0.00,0.00,0.00,0.19,209,31
4516,-0.2,-0.6,-47.5,0.057,-0.067,-0.972,4.2,-4.2,0.0,0.0050,-0.0041,0.0383,523,434,563,435,0.00,0.01,2.60,0.18,0.1751,1,1,0,0.01,0.00,0.00,0.00,0.00,0.00,0.21,210,31
4526,-0.1,3.1,73.4,-0.030,0.099,-1.071,4.2,-4.1,0.0,0.0051,-0.0071,-0.0592,355,597,400,603,0.00,0.01,2.61,0.18,0.1751,1,1,0,0.01,0.00,0.00,0.00,0.00,0.00,0.19,209,31
4536,0.4,-5.8,-23.6,0.008,-0.009,-0.997,4.1,-4.1,0.0,0.0043,0.0011,0.0192,556,432,559,409,0.00,0.01,2.60,0.18,0.1751,1,1,0,0.01,0.00,0.00,0.00,0.00,0.00,0.16,210,31
4546,-0.3,0.6,-47.2,0.053,-0.053,-0.967,4.2,-4.2,0.0,0.0051,-0.0054,0.0381,520,433,565,438,0.00,0.01,2.60,0.18,0.1751,1,1,0,0.01,0.00,0.00,0.00,0.00,0.00,0.18,210,31
4557,0.2,2.6,72.1,-0.026,0.092,-1.067,4.2,-4.1,0.0,0.0045,-0.0073,-0.0574,358,597,400,600,0.00,0.01,2.61,0.18,0.1751,1,1,0,0.01,0.00,0.00,0.00,0.00,0.00,0.19,210,31
4567,-0.4,-6.1,-19.3,0.009,-0.006,-0.989,4.1,-4.1,0.0,0.0047,0.0022,0.0249,545,445,551,418,0.00,0.01,2.60,0.18,0.1757,1,1,0,0.01,0.00,0.00,0.00,0.00,0.00,0.19,210,31
4577,-0.5,0.0,-51.3,0.052,-0.055,-0.971,4.2,-4.2,0.0,0.0053,-0.0050,0.0392,524,432,567,436,0.00,0.01,2.60,0.18,0.1757,1,1,0,0.01,0.00,0.00,0.00,0.00,0.00,0.18,210,31
4587,-0.4,3.1,71.1,-0.033,0.079,-1.064,4.2,-4.1,0.0,0.0052,-0.0075,-0.0572,357,598,402,603,0.00,0.01,2.61,0.18,0.1757,1,1,0,0.01,0.00,0.00,0.00,0.00,0.00,0.17,209,31
4597,0.3,-5.6,-14.6,0.004,0.018,-0.995,4.1,-4.1,0.0,0.0041,0.0014,0.0182,543,444,550,422,0.00,0.01,2.60,0.18,0.1757,1,1,0,0.01,0.00,0.00,0.00,0.00,0.00,0.16,209,31
4607,-0.3,-0.5,-53.8,0.054,-0.057,-0.966,4.2,-4.2,0.0,0.0051,-0.0042,0.0433,537,428,577,426,0.00,0.01,2.60,0.18,0.1769,1,1,0,0.01,0.00,0.00,0.00,0.00,0.00,0.16,207,31
4617,-0.3,2.4,72.0,-0.025,0.096,-1.070,4.2,-4.1,0.0,0.0051,-0.0066,-0.0590,358,602,402,607,0.00,0.01,2.61,0.18,0.1769,1,1,0,0.01,0.00,0.00,0.00,0.00,0.00,0.17,207,31
4627,1.2,-4.9,-13.8,-0.012,0.010,-0.997,4.1,-4.1,0.0,0.0035,0.0001,0.0114,543,444,553,428,0.00,0.01,2.60,0.18,0.1769,1,1,0,0.01,0.00,0.00,0.00,0.00,0.00,0.17,208,31
4637,-0.6,-1.2,-53.9,0.054,-0.050,-0.963,4.2,-4.2,0.0,0.0054,-0.0036,0.0434,538,428,578,425,0.00,0.01,2.60,0.18,0.1769,1,1,0,0.01,0.00,0.00,0.00,0.00,0.00,0.17,208,31
4647,-0.2,2.1,70.8,-0.020,0.078,-1.059,4.1,-4.1,0.0,0.0049,-0.0065,-0.0582,373,613,415,618,0.00,0.01,2.61,0.18,0.1836,1,1,0,0.01,0.00,0.00,0.00,0.00,0.00,0.18,209,31
4658,-0.5,-3.3,-13.2,-0.021,0.000,-1.013,4.1,-4.1,0.0,0.0054,-0.0014,0.0109,548,458,571,444,0.00,0.01,2.60,0.18,0.1836,1,1,0,0.01,0.00,0.00,0.00,0.00,0.00,0.17,209,31
4668,-0.5,-1.3,-56.5,0.060,-0.052,-0.973,4.2,-4.2,0.0,0.0056,-0.0045,0.0398,551,439,593,437,0.00,0.01,2.60,0.18,0.1836,1,1,0,0.01,0.00,0.00,0.00,0.00,0.00,0.16,209,31
4678,0.0,2.5,70.8,-0.026,0.096,-1.047,4.2,-4.1,0.0,0.0049,-0.0071,-0.0571,371,613,417,618,0.00,0.01,2.61,0.18,0.1836,1,1,0,0.01,0.00,0.00,0.00,0.00,0.00,0.17,208,31
4688,-0.3,-2.8,-13.2,-0.014,0.012,-1.010,4.2,-4.1,0.0,0.0051,-0.0019,0.0109,536,466,561,456,0.00,0.01,2.60,0.18,0.1836,1,1,0,0.01,0.00,0.00,0.00,0.00,0.00,0.18,208,31
4698,-0.3,-1.8,-58.1,0.055,-0.049,-0.986,4.2,-4.2,0.0,0.0052,-0.0039,0.0409,555,437,593,435,0.00,0.01,2.60,0.18,0.1836,1,1,0,0.01,0.00,0.00,0.00,0.00,0.00,0.18,207,31
4708,0.2,2.3,68.8,-0.022,0.072,-1.043,4.2,-4.1,0.0,0.0045,-0.0071,-0.0547,374,610,417,618,0.00,0.01,2.61,0.18,0.1836,1,1,0,0.01,0.00,0.00,0.00,0.00,0.00,0.17,208,31
4718,0.3,-1.8,-10.5,-0.023,0.005,-1.018,4.1,-4.1,0.0,0.0044,-0.0029,0.0087,532,466,558,463,0.00,0.01,2.60,0.18,0.1836,1,1,0,0.01,0.00,0.00,0.00,0.00,0.00,0.16,208,31
4728,0.0,-1.8,-58.2,0.060,-0.065,-0.972,4.2,-4.2,0.0,0.0050,-0.0038,0.0413,557,436,593,434,0.00,0.01,2.60,0.18,0.1836,1,1,0,0.01,0.00,0.00,0.00,0.00,0.00,0.17,208,31
4738,0.1,1.9,68.9,-0.013,0.094,-1.041,4.2,-4.1,0.0,0.0046,-0.0067,-0.0548,374,612,417,617,0.00,0.01,2.61,0.18,0.1836,1,1,0,0.01,0.00,0.00,0.00,0.00,0.00,0.18,208,31
4748,-0.4,-1.6,-6.8,-0.028,-0.002,-1.014,4.1,-4.1,0.0,0.0048,-0.0029,0.0154,532,467,560,461,0.00,0.01,2.60,0.18,0.1836,1,1,0,0.01,0.00,0.00,0.00,0.00,0.00,0.18,208,31
4758,-0.7,-1.6,-58.4,0.062,-0.058,-0.970,4.2,-4.1,0.0,0.0056,-0.0034,0.0452,556,437,594,433,0.00,0.01,2.60,0.18,0.1836,1,1,0,0.01,0.00,0.00,0.00,0.00,0.00,0.18,208,31
4769,0.4,1.9,68.5,-0.011,0.077,-1.043,4.2,-4.1,0.0,0.0044,-0.0067,-0.0545,378,614,421,620,0.00,0.01,2.61,0.18,0.1854,1,1,0,0.01,0.00,0.00,0.00,0.00,0.00,0.18,208,31
4779,0.0,-1.3,-5.9,-0.025,0.019,-1.011,4.1,-4.1,0.0,0.0042,-0.0031,0.0146,535,471,560,467,0.00,0.01,2.60,0.18,0.1854,1,1,0,0.01,0.00,0.00,0.00,0.00,0.00,0.17,208,31
4789,0.1,-1.1,-58.6,0.054,-0.051,-0.970,4.2,-4.1,0.0,0.0048,-0.0039,0.0454,569,431,605,428,0.00,0.01,2.60,0.18,0.1854,1,1,0,0.01,0.00,0.00,0.00,0.00,0.00,0.16,208,31
4799,0.0,2.3,68.7,-0.015,0.077,-1.036,4.2,-4.1,0.0,0.0049,-0.0071,-0.0547,375,615,422,621,0.00,0.01,2.61,0.17,0.1854,1,1,0,0.01,0.00,0.00,0.00,0.00,0.00,0.16,208,31
4809,-0.5,-0.9,-5.7,-0.032,0.012,-1.015,4.1,-4.1,0.0,0.0049,-0.0035,0.0145,520,483,552,478,0.00,0.01,2.60,0.17,0.1854,1,1,0,0.01,0.00,0.00,0.00,0.00,0.00,0.17,208,31
4819,-0.1,-0.9,-59.9,0.063,-0.059,-0.975,4.2,-4.1,0.0,0.0052,-0.0041,0.0464,570,429,608,426,0.00,0.01,2.60,0.17,0.1854,1,1,0,0.01,0.00,0.00,0.00,0.00,0.00,0.18,208,30
4829,0.1,2.2,68.9,-0.007,0.093,-1.040,4.1,-4.1,0.0,0.0047,-0.0071,-0.0549,375,615,420,622,0.00,0.01,2.61,0.17,0.1854,1,1,0,0.01,0.00,0.00,0.00,0.00,0.00,0.18,209,30
4839,-0.1,-0.3,-4.6,-0.035,0.004,-1.025,4.1,-4.1,0.0,0.0044,-0.0042,0.0136,518,483,550,482,0.00,0.01,2.60,0.17,0.1854,1,1,0,0.01,0.00,0.00,0.00,0.00,0.00,0.19,209,30
4849,0.3,-1.1,-60.0,0.062,-0.062,-0.984,4.2,-4.1,0.0,0.0046,-0.0039,0.0465,571,428,607,427,0.00,0.01,2.60,0.17,0.1854,1,1,0,0.01,0.00,0.00,0.00,0.00,0.00,0.18,209,30
4859,0.0,1.5,68.3,-0.003,0.079,-1.037,4.2,-4.1,0.0,0.0048,-0.0064,-0.0543,377,617,420,619,0.00,0.01,2.61,0.17,0.1854,1,1,0,0.01,0.00,0.00,0.00,0.00,0.00,0.16,210,30
4869,-1.4,-0.3,-5.0,-0.026,-0.004,-1.012,4.1,-4.1,0.0,0.0056,-0.0040,0.0138,519,487,555,481,0.00,0.01,2.60,0.17,0.1866,1,1,0,0.01,0.00,0.00,0.00,0.00,0.00,0.18,210,30
4879,0.0,-0.9,-61.2,0.057,-0.052,-0.981,4.2,-4.1,0.0,0.0049,-0.0038,0.0492,572,432,609,430,0.00,0.01,2.60,0.17,0.1866,1,1,0,0.01,0.00,0.00,0.00,0.00,0.00,0.20,210,30
4890,0.5,2.2,65.9,-0.011,0.071,-1.028,4.2,-4.1,0.0,0.0044,-0.0069,-0.0537,403,637,443,642,0.00,0.01,2.61,0.18,0.1976,1,1,0,0.01,0.00,0.00,0.00,0.00,0.00,0.19,210,31
4900,-1.0,-0.1,-0.8,-0.020,0.017,-0.992,4.1,-4.1,0.0,0.0059,-0.0046,0.0010,539,507,575,504,0.00,0.01,2.60,0.18,0.1976,1,1,0,0.01,0.00,0.00,0.00,0.00,0.00,0.18,210,31
4910,-0.2,0.2,-60.7,0.050,-0.062,-0.989,4.2,-4.1,0.0,0.0051,-0.0051,0.0488,598,445,637,445,0.00,0.01,2.60,0.18,0.1976,1,1,0,0.01,0.00,0.00,0.00,0.00,0.00,0.18,210,31
4920,0.5,2.0,65.3,-0.008,0.081,-1.039,4.2,-4.1,0.0,0.0044,-0.0063,-0.0554,406,633,447,640,0.00,0.01,2.61,0.18,0.1976,1,1,0,0.01,0.00,0.00,0.00,0.00,0.00,0.17,211,31
4930,-0.8,-2.1,-0.3,-0.018,0.011,-0.996,4.1,-4.1,0.0,0.0057,-0.0027,0.0006,552,525,586,513,0.00,0.01,2.60,0.18,0.2043,1,1,0,0.01,0.00,0.00,0.00,0.00,0.00,0.16,211,31
4940,-0.6,1.1,-60.8,0.043,-0.061,-0.985,4.2,-4.1,0.0,0.0056,-0.0060,0.0489,608,456,653,459,0.00,0.01,2.60,0.18,0.2043,1,1,0,0.01,0.00,0.00,0.00,0.00,0.00,0.16,211,31
4950,0.8,3.0,65.7,-0.024,0.094,-1.055,4.1,-4.0,0.0,0.0039,-0.0068,-0.0557,418,644,459,655,0.00,0.01,2.61,0.17,0.2043,1,1,0,0.01,0.00,0.00,0.00,0.00,0.00,0.17,211,31
4960,-0.1,-4.0,-0.2,-0.004,0.008,-0.982,4.1,-4.0,0.0,0.0050,-0.0008,0.0005,559,528,579,510,0.00,0.01,2.60,0.17,0.2043,1,1,0,0.01,0.00,0.00,0.00,0.00,0.00,0.18,211,31
4970,-1.5,1.6,-62.4,0.064,-0.060,-0.967,4.2,-4.1,0.0,0.0066,-0.0076,0.0452,603,457,657,460,0.00,0.01,2.60,0.17,0.2043,1,1,0,0.01,0.00,0.00,0.00,0.00,0.00,0.18,211,31
4980,0.0,4.7,66.5,-0.033,0.082,-1.073,4.2,-4.0,0.0,0.0049,-0.0094,-0.0542,413,644,465,659,0.00,0.01,2.61,0.17,0.2050,1,1,0,0.01,0.00,0.00,0.00,0.00,0.00,0.18,211,31
4991,1.0,-5.4,-1.5,-0.006,0.039,-0.994,4.1,-4.0,0.0,0.0038,0.0005,0.0015,555,540,565,521,0.00,0.01,2.60,0.17,0.2050,1,1,0,0.01,0.00,0.00,0.00,0.00,0.00,0.17,210,31
5001,-0.5,-0.4,-62.9,0.070,-0.069,-0.946,4.2,-4.2,0.0,0.0062,-0.0056,0.0457,609,460,654,458,0.00,0.01,2.60,0.17,0.2050,1,1,0,0.01,0.00,0.00,0.00,0.00,0.00,0.16,209,31
5011,-1.3,6.9,64.6,-0.040,0.076,-1.045,4.2,-4.1,0.0,0.0063,-0.0118,-0.0514,404,652,465,660,0.00,0.01,2.61,0.17,0.2050,1,1,0,0.01,0.00,0.00,0.00,0.00,0.00,0.18,209,31
5021,0.4,-4.1,-1.7,-0.024,0.026,-1.008,4.1,-4.0,0.0,0.0045,-0.0007,0.0017,593,505,596,487,0.00,0.01,2.60,0.17,0.2050,1,1,0,0.01,0.00,0.00,0.00,0.00,0.00,0.19,209,31
5031,0.9,-3.1,-63.4,0.088,-0.049,-0.975,4.2,-4.1,0.0,0.0042,-0.0022,0.0494,597,474,636,474,0.00,0.01,2.60,0.17,0.2050,1,1,0,0.01,0.00,0.00,0.00,0.00,0.00,0.19,210,31
5041,-0.9,4.4,65.6,-0.019,0.051,-1.050,4.2,-4.1,0.0,0.0060,-0.0093,-0.0522,404,652,463,662,0.00,0.01,2.61,0.17,0.2062,1,1,0,0.01,0.00,0.00,0.00,0.00,0.00,0.20,210,31
5051,-1.2,-0.7,2.1,-0.037,0.022,-1.001,4.1,-4.0,0.0,0.0060,-0.0037,0.0018,576,513,599,502,0.00,0.01,2.60,0.18,0.2062,1,1,0,0.01,0.00,0.02,0.00,0.00,0.00,0.18,210,31
5061,2.0,-2.3,-65.6,0.062,-0.033,-0.948,4.2,-4.1,0.0,0.0031,-0.0030,0.0498,605,475,634,477,0.00,0.01,2.60,0.18,0.2062,1,1,0,0.01,0.00,0.02,0.00,0.00,0.00,0.16,211,31
5071,1.1,2.7,65.2,0.000,0.071,-1.034,4.2,-4.1,0.0,0.0039,-0.0076,-0.0519,415,654,460,661,0.00,0.01,2.61,0.18,0.2062,1,1,0,0.01,0.00,0.01,0.00,0.00,0.00,0.16,211,31
5081,-2.7,-0.9,3.3,-0.035,0.018,-1.009,4.2,-4.0,0.0,0.0074,-0.0031,0.0073,568,519,603,501,0.00,0.01,2.60,0.17,0.2062,1,1,0,0.01,0.00,0.02,0.00,0.00,0.00,0.15,210,31
5091,0.6,-1.0,-65.9,0.048,-0.042,-0.959,4.2,-4.1,0.0,0.0043,-0.0039,0.0530,604,472,637,476,0.00,0.01,2.60,0.17,0.2062,1,1,0,0.01,0.00,0.02,0.00,0.00,0.00,0.16,210,31
5102,2.6,2.5,63.1,-0.009,0.092,-1.018,4.1,-4.0,0.0,0.0021,-0.0063,-0.0544,424,652,452,661,0.00,0.01,2.61,0.17,0.2062,1,1,0,0.01,0.00,0.01,0.00,0.00,0.00,0.18,210,31
5112,-2.5,-2.5,8.3,-0.013,0.011,-1.007,4.2,-4.1,0.0,0.0076,-0.0023,-0.0063,565,524,601,500,0.00,0.01,2.60,0.17,0.2062,1,1,0,0.01,0.00,0.02,0.00,0.00,0.00,0.18,210,31
5122,-1.9,-0.2,-65.6,0.053,-0.065,-0.974,4.2,-4.1,0.0,0.0065,-0.0056,0.0491,588,479,637,487,0.00,0.01,2.60,0.17,0.2062,1,1,0,0.01,0.00,0.02,0.00,0.00,0.00,0.18,210,31
5132,3.3,4.5,58.6,-0.028,0.070,-1.043,4.1,-4.0,0.0,0.0015,-0.0091,-0.0482,428,641,460,661,0.00,0.01,2.61,0.17,0.2062,1,1,0,0.01,0.00,0.01,0.00,0.00,0.00,0.17,209,31
5142,0.4,-4.0,10.1,-0.007,0.033,-0.993,4.2,-4.0,0.0,0.0046,-0.0008,-0.0077,592,550,608,524,0.00,0.01,2.60,0.17,0.2172,1,1,0,0.01,0.00,0.02,0.00,0.00,0.00,0.16,209,31
5152,-2.8,-0.1,-63.0,0.069,-0.070,-0.954,4.2,-4.2,0.0,0.0080,-0.0052,0.0495,616,495,673,489,0.00,0.01,2.60,0.17,0.2172,1,1,0,0.01,0.00,0.02,0.00,0.00,0.00,0.18,209,31
5162,0.7,6.0,55.5,-0.025,0.055,-1.061,4.1,-4.1,0.0,0.0042,-0.0110,-0.0441,442,657,492,682,0.00,0.01,2.61,0.17,0.2172,1,1,0,0.01,0.00,0.01,0.01,0.00,0.00,0.20,209,31
5172,1.7,-4.2,11.0,-0.020,0.049,-1.033,4.2,-4.0,0.0,0.0034,0.0006,0.0002,598,546,605,523,0.00,0.01,2.60,0.17,0.2172,1,1,0,0.01,0.00,0.00,0.00,0.00,0.00,0.19,209,31
5182,-1.2,-2.7,-62.6,0.075,-0.066,-0.950,4.2,-4.1,0.0,0.0066,-0.0025,0.0492,634,514,680,501,0.00,0.01,2.60,0.17,0.2245,1,1,0,0.01,0.00,0.00,0.00,0.00,0.00,0.17,208,31
5192,-1.1,5.2,57.1,-0.017,0.046,-1.051,4.1,-4.1,0.0,0.0062,-0.0102,-0.0454,451,678,506,694,0.00,0.01,2.61,0.17,0.2245,1,1,0,0.01,0.00,0.00,0.00,0.00,0.00,0.17,208,31
5203,0.6,-2.2,13.0,-0.028,0.030,-1.038,4.1,-4.0,0.0,0.0043,-0.0026,-0.0100,602,562,615,549,0.00,0.01,2.60,0.17,0.2245,1,1,0,0.01,0.00,0.00,0.00,0.00,0.00,0.18,207,31
5213,1.6,-4.3,-66.3,0.083,-0.039,-0.942,4.2,-4.1,0.0,0.0034,-0.0006,0.0533,643,509,674,503,0.00,0.01,2.60,0.17,0.2245,1,1,0,0.01,0.00,0.00,0.00,0.00,0.00,0.19,207,31
5223,-0.9,4.1,59.7,-0.003,0.045,-1.044,4.2,-4.1,0.0,0.0058,-0.0090,-0.0525,446,684,503,696,0.00,0.01,2.61,0.17,0.2245,1,1,0,0.01,0.00,0.00,0.00,0.00,0.00,0.19,206,31
5233,-1.0,0.1,13.2,-0.046,0.029,-1.016,4.1,-4.0,0.0,0.0061,-0.0051,-0.0102,598,557,625,548,0.00,0.01,2.60,0.18,0.2245,1,1,0,0.01,0.00,0.00,0.00,0.00,0.00,0.18,206,31
5243,0.4,-4.1,-67.1,0.072,-0.071,-0.943,4.2,-4.1,0.0,0.0046,-0.0008,0.0539,653,502,681,492,0.00,0.01,2.60,0.18,0.2245,1,1,0,0.01,0.00,0.00,0.00,0.00,0.00,0.18,207,31
5253,0.2,0.8,59.5,0.014,0.036,-1.028,4.2,-4.1,0.0,0.0044,-0.0060,-0.0525,453,686,494,695,0.00,0.01,2.61,0.18,0.2245,1,1,0,0.01,0.00,0.00,0.00,0.00,0.00,0.17,208,31
5263,0.4,0.1,13.8,-0.026,0.061,-1.010,4.1,-4.1,0.0,0.0046,-0.0051,-0.0107,591,556,628,553,0.00,0.01,2.60,0.17,0.2245,1,1,0,0.01,0.00,0.00,0.00,0.00,0.00,0.16,209,31
5273,0.4,-1.2,-69.5,0.048,-0.053,-0.962,4.2,-4.1,0.0,0.0050,-0.0044,0.0520,647,496,689,497,0.00,0.01,2.60,0.17,0.2245,1,1,0,0.01,0.00,0.00,0.00,0.00,0.00,0.15,209,31
5283,-0.1,1.4,58.5,-0.011,0.042,-1.037,4.2,-4.0,0.0,0.0052,-0.0064,-0.0465,453,694,490,690,0.00,0.01,2.61,0.17,0.2245,1,1,0,0.01,0.00,0.00,0.00,0.00,0.00,0.16,208,31
5293,-1.0,-3.9,16.0,-0.006,0.019,-1.004,4.1,-4.1,0.0,0.0060,-0.0010,-0.0092,590,570,614,554,0.00,0.01,2.60,0.17,0.2245,1,1,0,0.01,0.00,0.00,0.00,0.00,0.00,0.17,208,31
5304,1.2,-0.7,-71.3,0.064,-0.055,-0.942,4.2,-4.1,0.0,0.0038,-0.0042,0.0573,650,493,694,500,0.00,0.01,2.60,0.17,0.2257,1,1,0,0.01,0.00,0.00,0.00,0.00,0.00,0.18,208,31
5314,0.4,6.9,54.1,-0.034,0.050,-1.033,4.1,-4.1,0.0,0.0044,-0.0111,-0.0489,454,678,508,697,0.00,0.01,2.61,0.17,0.2257,1,1,0,0.01,0.00,0.00,0.00,0.00,0.00,0.18,208,31
5324,-0.3,-2.7,21.9,-0.031,0.026,-1.024,4.1,-4.0,0.0,0.0052,-0.0013,-0.0110,606,593,621,569,0.00,0.01,2.60,0.17,0.2324,1,1,0,0.01,0.00,0.00,0.00,0.00,0.00,0.16,208,31
5334,0.2,-3.5,-70.1,0.087,-0.052,-0.944,4.1,-4.1,0.0,0.0048,-0.0014,0.0563,674,509,705,500,0.00,0.01,2.60,0.17,0.2324,1,1,0,0.01,0.00,0.00,0.00,0.00,0.00,0.18,208,31
5344,1.3,6.1,55.2,-0.009,0.042,-1.023,4.1,-4.1,0.0,0.0035,-0.0108,-0.0498,466,690,518,714,0.00,0.01,2.61,0.17,0.2324,1,1,0,0.01,0.00,0.00,0.00,0.00,0.00,0.19,208,31
5354,-0.7,-0.6,20.6,-0.036,0.058,-1.022,4.1,-4.0,0.0,0.0058,-0.0043,-0.0161,600,587,630,571,0.00,0.01,2.60,0.17,0.2324,1,1,0,0.01,0.00,0.00,0.00,0.00,0.00,0.19,209,31
5364,-0.6,-3.0,-69.9,0.072,-0.069,-0.936,4.1,-4.1,0.0,0.0057,-0.0020,0.0562,670,512,707,500,0.00,0.01,2.60,0.17,0.2324,1,1,0,0.01,0.00,0.00,0.00,0.00,0.00,0.18,209,31
5374,0.1,3.5,56.1,-0.004,0.042,-1.036,4.1,-4.1,0.0,0.0047,-0.0081,-0.0506,467,698,514,710,0.00,0.01,2.61,0.17,0.2324,1,1,0,0.01,0.00,0.00,0.00,0.00,0.00,0.17,209,31
5384,0.4,-1.9,16.6,-0.027,0.049,-0.989,4.1,-4.0,0.0,0.0045,-0.0028,-0.0098,604,584,626,574,0.00,0.01,2.60,0.17,0.2324,1,1,0,0.01,0.00,0.00,0.00,0.00,0.00,0.17,209,31
5394,0.7,-2.2,-69.8,0.068,-0.039,-0.956,4.2,-4.1,0.0,0.0044,-0.0028,0.0561,670,509,708,502,0.00,0.01,2.60,0.17,0.2324,1,1,0,0.01,0.00,0.00,0.00,0.00,0.00,0.16,209,31
5405,-0.3,4.2,51.9,-0.012,0.039,-1.035,4.1,-4.1,0.0,0.0054,-0.0092,-0.0413,470,697,520,710,0.00,0.01,2.61,0.17,0.2336,1,1,0,0.01,0.00,0.00,0.00,0.00,0.00,0.16,209,31
5415,-0.9,-0.5,23.1,-0.025,0.025,-1.012,4.1,-4.0,0.0,0.0059,-0.0034,-0.0090,592,600,620,585,0.00,0.01,2.60,0.17,0.2336,1,1,0,0.01,0.00,0.00,0.00,0.00,0.00,0.17,209,31
5425,-0.4,-2.7,-70.1,0.067,-0.055,-0.962,4.1,-4.1,0.0,0.0057,-0.0024,0.0555,673,513,707,505,0.00,0.01,2.60,0.17,0.2336,1,1,0,0.01,0.00,0.00,0.00,0.00,0.00,0.17,209,31
5435,0.7,4.5,51.5,-0.009,0.029,-1.028,4.1,-4.1,0.0,0.0043,-0.0095,-0.0409,475,696,517,710,0.00,0.01,2.61,0.17,0.2336,1,1,0,0.01,0.00,0.00,0.00,0.00,0.00,0.18,209,31
5445,0.6,-2.7,23.3,-0.020,0.061,-1.035,4.1,-4.0,0.0,0.0048,-0.0015,-0.0093,609,616,632,600,0.00,0.01,2.60,0.17,0.2416,1,1,0,0.01,0.00,0.00,0.00,0.00,0.00,0.18,209,31
5455,-0.5,-2.7,-73.1,0.071,-0.054,-0.968,4.2,-4.1,0.0,0.0057,-0.0023,0.0588,688,531,725,514,0.00,0.01,2.60,0.17,0.2416,1,1,0,0.01,0.00,0.00,0.00,0.00,0.00,0.17,210,31
5465,-0.9,5.6,51.7,-0.010,-0.001,-1.016,4.1,-4.1,0.0,0.0056,-0.0102,-0.0478,480,720,528,734,0.00,0.01,2.61,0.17,0.2422,1,1,0,0.01,0.00,0.00,0.00,0.00,0.00,0.16,210,30
5475,0.1,-1.0,22.0,-0.027,0.046,-1.028,4.1,-4.0,0.0,0.0049,-0.0037,-0.0141,613,609,638,601,0.00,0.01,2.60,0.17,0.2422,1,1,0,0.01,0.00,0.00,0.00,0.00,0.00,0.18,210,30
5485,2.1,-1.5,-71.9,0.057,-0.051,-0.938,4.2,-4.1,0.0,0.0029,-0.0036,0.0578,691,527,721,523,0.00,0.01,2.60,0.17,0.2422,1,1,0,0.01,0.00,0.00,0.00,0.00,0.00,0.20,210,30
5495,0.3,4.0,51.5,-0.013,0.054,-1.020,4.2,-4.1,0.0,0.0050,-0.0079,-0.0474,486,728,526,722,0.00,0.01,2.61,0.17,0.2422,1,1,0,0.01,0.00,0.00,0.00,0.00,0.00,0.19,210,31
5506,-1.3,-3.0,21.1,-0.015,0.034,-1.023,4.1,-4.0,0.0,0.0065,-0.0018,-0.0136,610,616,640,596,0.00,0.01,2.60,0.17,0.2422,1,1,0,0.01,0.00,0.00,0.00,0.00,0.00,0.18,210,31
5516,-1.2,-1.8,-70.5,0.063,-0.070,-0.961,4.2,-4.1,0.0,0.0064,-0.0032,0.0567,683,532,723,523,0.00,0.01,2.60,0.17,0.2422,1,1,0,0.01,0.00,0.00,0.00,0.00,0.00,0.17,210,31
5526,0.8,5.9,52.3,-0.023,0.022,-1.025,4.1,-4.1,0.0,0.0037,-0.0105,-0.0480,488,706,537,731,0.00,0.01,2.61,0.17,0.2422,1,1,0,0.01,0.00,0.00,0.00,0.00,0.00,0.17,211,31
5536,1.1,-0.8,23.1,-0.036,0.054,-1.020,4.1,-4.0,0.0,0.0039,-0.0034,-0.0119,620,605,640,597,0.00,0.01,2.60,0.17,0.2422,1,1,0,0.01,0.00,0.00,0.00,0.00,0.00,0.16,211,31
5546,1.3,-2.3,-72.3,0.061,-0.029,-0.965,4.2,-4.1,0.0,0.0039,-0.0027,0.0581,697,522,727,515,0.00,0.01,2.60,0.17,0.2422,1,1,0,0.01,0.00,0.00,0.00,0.00,0.00,0.16,211,31
5556,-1.0,3.2,52.9,-0.008,0.034,-1.011,4.2,-4.1,0.0,0.0063,-0.0072,-0.0484,488,720,535,718,0.00,0.01,2.61,0.17,0.2422,1,1,0,0.01,0.00,0.00,0.00,0.00,0.00,0.16,211,31
5566,-2.1,-1.7,25.4,-0.013,0.032,-1.025,4.1,-4.0,0.0,0.0073,-0.0033,-0.0199,613,620,648,600,0.00,0.01,2.60,0.17,0.2446,1,1,0,0.01,0.00,0.00,0.00,0.00,0.00,0.17,211,31
5576,-0.9,-1.3,-71.7,0.075,-0.071,-0.959,4.2,-4.1,0.0,0.0061,-0.0038,0.0577,696,528,735,521,0.00,0.01,2.60,0.17,0.2446,1,1,0,0.01,0.00,0.00,0.00,0.00,0.00,0.17,211,31
5586,1.5,5.8,52.8,-0.019,0.030,-1.016,4.2,-4.1,0.0,0.0035,-0.0108,-0.0442,494,711,540,736,0.00,0.01,2.61,0.17,0.2446,1,1,0,0.01,0.00,0.00,0.00,0.00,0.00,0.17,211,31
5596,1.7,-1.1,23.9,-0.027,0.067,-1.015,4.1,-4.0,0.0,0.0034,-0.0039,-0.0188,610,624,631,615,0.00,0.01,2.60,0.17,0.2446,1,1,0,0.01,0.00,0.00,0.00,0.00,0.00,0.17,211,31
5606,1.0,-2.4,-74.3,0.073,-0.037,-0.950,4.2,-4.1,0.0,0.0049,-0.0029,0.0570,713,540,748,530,0.00,0.01,2.60,0.17,0.2513,1,1,0,0.01,0.00,0.00,0.00,0.00,0.00,0.16,209,31
5616,-0.5,4.3,53.6,-0.015,0.058,-1.002,4.2,-4.1,0.0,0.0057,-0.0093,-0.0449,502,734,554,741,0.00,0.01,2.61,0.17,0.2513,1,1,0,0.01,0.00,0.00,0.00,0.00,0.00,0.18,209,31
5627,-2.3,-1.1,28.4,-0.027,0.034,-1.031,4.2,-4.0,0.0,0.0076,-0.0036,-0.0195,615,644,648,625,0.00,0.01,2.60,0.17,0.2513,1,1,0,0.01,0.00,0.00,0.00,0.00,0.00,0.20,209,31
5637,0.2,-2.7,-72.4,0.073,-0.059,-0.975,4.2,-4.1,0.0,0.0052,-0.0027,0.0556,711,542,745,533,0.00,0.01,2.60,0.17,0.2513,1,1,0,0.01,0.00,-0.02,0.00,0.00,0.00,0.20,210,31
5647,0.8,5.2,48.8,-0.016,0.019,-1.029,4.2,-4.1,0.0,0.0044,-0.0103,-0.0388,513,720,560,739,0.00,0.01,2.61,0.17,0.2513,1,1,0,0.01,0.00,-0.01,0.00,0.00,0.00,0.20,210,31
5657,1.5,-1.4,26.8,-0.031,0.056,-1.032,4.2,-4.0,0.0,0.0037,-0.0033,-0.0181,624,635,645,627,0.00,0.01,2.60,0.18,0.2513,1,1,0,0.01,0.00,0.00,0.00,0.00,0.00,0.18,210,31
5667,1.6,-1.4,-74.2,0.070,-0.049,-0.957,4.2,-4.1,0.0,0.0036,-0.0036,0.0596,713,540,749,533,0.00,0.01,2.60,0.18,0.2519,1,1,0,0.01,0.00,0.00,0.00,0.00,0.00,0.16,210,31
5677,0.0,5.4,51.0,-0.008,0.044,-1.003,4.2,-4.1,0.0,0.0052,-0.0106,-0.0405,501,732,557,746,0.00,0.01,2.61,0.18,0.2519,1,1,0,0.01,0.00,0.00,0.00,0.00,0.00,0.16,210,31
5687,-1.5,-0.9,28.6,-0.032,0.041,-1.015,4.1,-4.0,0.0,0.0071,-0.0029,-0.0134,617,646,649,624,0.00,0.01,2.60,0.17,0.2519,1,1,0,0.01,0.00,0.00,0.00,0.00,0.00,0.16,210,31
5697,-0.9,-3.6,-73.6,0.070,-0.078,-0.973,4.2,-4.1,0.0,0.0062,-0.0015,0.0592,711,546,747,531,0.00,0.01,2.60,0.17,0.2519,1,1,0,0.01,0.00,0.00,0.00,0.00,0.00,0.17,210,31
5707,-0.2,4.3,48.0,-0.005,0.000,-1.021,4.2,-4.1,0.0,0.0054,-0.0093,-0.0405,525,740,572,754,0.00,0.01,2.61,0.17,0.2593,1,1,0,0.01,0.00,0.00,0.00,0.00,0.00,0.18,210,31
5717,0.9,-1.1,27.0,-0.024,0.035,-1.022,4.1,-4.0,0.0,0.0042,-0.0032,-0.0118,639,648,662,642,0.00,0.01,2.60,0.17,0.2593,1,1,0,0.01,0.00,0.00,0.00,0.00,0.00,0.19,210,31
5727,2.3,-0.7,-74.5,0.062,-0.044,-0.943,4.2,-4.1,0.0,0.0029,-0.0044,0.0599,728,550,762,551,0.00,0.01,2.60,0.17,0.2593,1,1,0,0.01,0.00,0.00,0.00,0.00,0.00,0.17,210,31
5738,1.1,6.3,51.7,-0.024,0.060,-1.007,4.1,-4.1,0.0,0.0040,-0.0115,-0.0411,517,745,568,761,0.00,0.01,2.61,0.17,0.2593,1,1,0,0.01,0.00,0.00,0.00,0.00,0.00,0.16,210,31
5748,-1.0,-2.0,26.6,-0.037,0.070,-1.028,4.1,-4.0,0.0,0.0067,-0.0016,-0.0118,636,659,663,633,0.00,0.01,2.60,0.17,0.2593,1,1,0,0.01,0.00,0.00,0.00,0.00,0.00,0.17,210,31
5758,-1.7,-4.0,-73.7,0.077,-0.061,-0.963,4.1,-4.1,0.0,0.0070,-0.0011,0.0592,722,563,762,544,0.00,0.01,2.60,0.17,0.2593,1,1,0,0.01,0.00,0.00,0.00,0.00,0.00,0.18,210,31
5768,-1.0,4.2,52.3,-0.007,0.002,-1.029,4.1,-4.1,0.0,0.0062,-0.0094,-0.0416,522,745,575,754,0.00,0.01,2.61,0.17,0.2599,1,1,0,0.01,0.00,0.00,0.00,0.00,0.00,0.18,210,31
5778,-0.7,-1.9,25.7,-0.020,0.028,-1.001,4.1,-4.0,0.0,0.0055,-0.0024,-0.0109,642,650,664,640,0.00,0.01,2.60,0.17,0.2599,1,1,0,0.01,0.00,0.00,0.00,0.00,0.00,0.18,209,31
5788,2.2,-2.2,-72.7,0.072,-0.047,-0.956,4.1,-4.1,0.0,0.0029,-0.0029,0.0585,745,570,776,574,0.00,0.01,2.60,0.17,0.2690,1,1,0,0.01,0.00,0.00,0.00,0.00,0.00,0.17,209,31
5798,2.1,5.9,48.0,-0.014,0.042,-1.038,4.1,-4.1,0.0,0.0031,-0.0110,-0.0406,542,754,592,777,0.00,0.01,2.61,0.17,0.2690,1,1,0,0.01,0.00,0.00,0.01,0.00,0.00,0.17,209,31
5808,0.3,-0.6,25.9,-0.037,0.063,-1.022,4.1,-4.0,0.0,0.0050,-0.0039,-0.0173,644,682,671,668,0.00,0.01,2.60,0.17,0.2690,1,1,0,0.01,0.00,0.00,0.00,0.00,0.00,0.17,208,31
5818,-0.3,-3.7,-74.9,0.063,-0.054,-0.931,4.1,-4.1,0.0,0.0056,-0.0015,0.0602,751,572,786,555,0.00,0.01,2.60,0.17,0.2690,1,1,0,0.01,0.00,0.00,0.00,0.00,0.00,0.17,208,31
5828,-2.3,4.3,49.8,-0.008,0.019,-1.017,4.1,-4.1,0.0,0.0073,-0.0091,-0.0467,536,765,593,771,0.00,0.01,2.61,0.17,0.2690,1,1,0,0.01,0.00,0.00,0.01,0.00,0.00,0.18,208,31
5838,-1.5,-2.1,30.6,-0.027,0.025,-1.046,4.1,-4.0,0.0,0.0068,-0.0030,-0.0241,640,685,671,669,0.00,0.01,2.60,0.17,0.2690,1,1,0,0.01,0.00,0.00,0.00,0.00,0.00,0.18,208,31
5848,1.0,-1.5,-73.2,0.060,-0.055,-0.944,4.1,-4.1,0.0,0.0042,-0.0037,0.0588,750,567,783,565,0.00,0.01,2.60,0.17,0.2690,1,1,0,0.01,0.00,0.00,0.00,0.00,0.00,0.18,208,31
5859,0.6,5.7,49.9,-0.014,0.010,-0.999,4.1,-4.1,0.0,0.0041,-0.0102,-0.0464,542,757,589,777,0.00,0.01,2.61,0.17,0.2690,1,1,0,0.01,0.00,0.00,0.01,0.00,0.00,0.17,208,31
5869,0.4,-0.8,29.1,-0.032,0.056,-1.043,4.1,-4.0,0.0,0.0048,-0.0043,-0.0230,645,680,673,671,0.00,0.01,2.60,0.17,0.2696,1,1,0,0.01,0.00,0.00,0.00,0.00,0.00,0.17,209,31
5879,0.9,-3.1,-74.4,0.074,-0.036,-0.972,4.1,-4.1,0.0,0.0043,-0.0020,0.0598,752,572,786,560,0.00,0.01,2.60,0.17,0.2696,1,1,0,0.01,0.00,0.00,0.00,0.00,0.00,0.16,209,31
5889,-0.1,4.6,48.6,-0.009,0.036,-1.009,4.1,-4.1,0.0,0.0053,-0.0092,-0.0453,561,766,614,779,0.00,0.01,2.61,0.17,0.2763,1,1,0,0.01,0.00,0.00,0.01,0.00,0.00,0.17,209,31
5899,-1.1,-1.0,27.4,-0.021,0.040,-1.012,4.1,-4.0,0.0,0.0065,-0.0032,-0.0157,659,696,688,677,0.00,0.01,2.60,0.17,0.2763,1,1,0,0.01,0.00,0.00,0.00,0.00,0.00,0.17,208,31
5909,0.0,-3.3,-72.3,0.073,-0.059,-0.967,4.1,-4.1,0.0,0.0053,-0.0019,0.0581,765,584,799,572,0.00,0.01,2.60,0.17,0.2763,1,1,0,0.01,0.00,0.00,0.01,0.00,0.00,0.18,209,31
5919,0.1,4.2,50.4,-0.008,0.028,-1.038,4.1,-4.1,0.0,0.0046,-0.0091,-0.0468,559,767,610,785,0.00,0.01,2.61,0.17,0.2763,1,1,0,0.01,0.00,0.00,0.01,0.00,0.00,0.18,209,31
5929,0.6,-0.3,27.9,-0.029,0.047,-0.997,4.1,-4.0,0.0,0.0046,-0.0048,-0.0220,660,688,688,683,0.00,0.01,2.60,0.17,0.2763,1,1,0,0.01,0.00,0.00,0.00,0.00,0.00,0.17,209,31
5939,1.4,-1.1,-72.9,0.064,-0.041,-0.942,4.1,-4.1,0.0,0.0044,-0.0044,0.0565,765,578,801,576,0.00,0.01,2.60,0.17,0.2763,1,1,0,0.01,0.00,0.00,0.01,0.00,0.00,0.16,209,31
5949,0.8,5.3,46.7,-0.010,0.030,-1.039,4.1,-4.1,0.0,0.0046,-0.0102,-0.0420,558,767,612,784,0.00,0.01,2.61,0.17,0.2763,1,1,0,0.01,0.00,0.00,0.01,0.00,0.00,0.18,209,31
5960,0.8,-0.4,31.6,-0.030,0.061,-1.027,4.1,-4.0,0.0,0.0045,-0.0042,-0.0221,648,703,675,694,0.00,0.01,2.60,0.17,0.2763,1,1,0,0.01,0.00,0.00,0.01,0.00,0.00,0.19,209,30
5970,0.9,-1.9,-74.2,0.072,-0.038,-0.935,4.1,-4.1,0.0,0.0045,-0.0034,0.0590,770,582,803,574,0.00,0.01,2.60,0.17,0.2776,1,1,0,0.01,0.00,0.00,0.01,0.00,0.00,0.19,209,30
5980,-0.2,5.2,44.2,0.003,0.026,-1.031,4.1,-4.1,0.0,0.0057,-0.0104,-0.0378,563,765,623,778,0.00,0.01,2.61,0.17,0.2776,1,1,0,0.01,0.00,0.00,0.01,0.00,0.00,0.18,209,30
5990,-1.3,-1.4,31.2,-0.022,0.037,-1.012,4.1,-4.0,0.0,0.0067,-0.0024,-0.0154,650,709,681,690,0.00,0.01,2.60,0.17,0.2776,1,1,0,0.01,0.00,0.00,0.01,0.00,0.00,0.18,209,30
6000,-1.1,-2.9,-74.7,0.080,-0.078,-0.937,4.1,-4.1,0.0,0.0064,-0.0024,0.0601,773,583,807,566,0.00,0.01,2.60,0.17,0.2776,1,1,0,0.01,0.00,0.00,0.01,0.00,0.00,0.17,208,30
6010,-1.4,4.3,44.3,0.004,0.009,-1.026,4.1,-4.1,0.0,0.0066,-0.0095,-0.0378,565,766,622,777,0.00,0.01,2.61,0.17,0.2776,1,1,0,0.01,0.00,0.00,0.01,0.00,0.00,0.16,207,30
6020,0.2,-1.7,30.4,-0.021,0.041,-1.043,4.1,-4.1,0.0,0.0048,-0.0034,-0.0151,650,702,681,697,0.00,0.01,2.60,0.17,0.2788,1,1,0,0.01,0.00,0.00,0.01,0.00,0.00,0.16,207,30
6030,1.3,-1.5,-72.0,0.067,-0.044,-0.951,4.1,-4.1,0.0,0.0039,-0.0038,0.0579,772,581,805,580,0.00,0.01,2.60,0.17,0.2788,1,1,0,0.01,0.00,0.00,0.01,0.00,0.00,0.17,207,30
6040,0.7,5.8,45.5,-0.011,0.016,-1.016,4.1,-4.1,0.0,0.0045,-0.0106,-0.0433,567,764,623,785,0.00,0.01,2.61,0.17,0.2892,1,1,0,0.01,0.00,0.00,0.01,0.00,0.00,0.17,208,30
6050,-0.2,-1.0,28.4,-0.027,0.059,-1.013,4.1,-4.1,0.0,0.0056,-0.0038,-0.0194,663,734,696,724,0.00,0.01,2.60,0.17,0.2892,1,1,0,0.01,0.00,0.00,0.01,0.00,0.00,0.18,208,30
6060,0.7,-3.0,-74.0,0.078,-0.051,-0.953,4.1,-4.1,0.0,0.0046,-0.0022,0.0595,797,602,825,593,0.00,0.01,2.60,0.17,0.2892,1,1,0,0.01,0.00,0.00,0.01,0.00,0.00,0.17,208,30
6071,0.2,5.8,45.4,-0.011,0.020,-1.016,4.1,-4.1,0.0,0.0046,-0.0109,-0.0435,585,783,643,806,0.00,0.01,2.61,0.17,0.2892,1,1,0,0.01,0.00,0.00,0.01,0.00,0.00,0.16,208,30
6081,0.8,-0.2,32.8,-0.029,0.060,-1.048,4.1,-4.1,0.0,0.0045,-0.0050,-0.0259,662,734,692,729,0.00,0.01,2.60,0.17,0.2910,1,1,0,0.01,0.00,0.00,0.01,0.00,0.00,0.19,208,30
6091,1.6,-1.7,-74.5,0.066,-0.059,-0.951,4.1,-4.1,0.0,0.0036,-0.0036,0.0599,800,602,831,599,0.00,0.01,2.60,0.17,0.2910,1,1,0,0.01,0.00,0.00,0.01,0.00,0.00,0.22,208,30
6101,0.9,5.9,45.7,-0.007,0.034,-1.005,4.1,-4.1,0.0,0.0042,-0.0107,-0.0435,611,792,667,816,0.00,0.01,2.61,0.18,0.2983,1,1,0,0.01,0.00,0.00,0.00,0.00,0.00,0.20,208,31
6111,0.2,-0.7,31.8,-0.022,0.064,-1.038,4.1,-4.1,0.0,0.0050,-0.0046,-0.0251,680,752,713,742,0.00,0.01,2.60,0.18,0.2983,1,1,0,0.01,0.00,0.00,0.00,0.00,0.00,0.19,209,31
6121,0.6,-2.2,-75.1,0.070,-0.054,-0.937,4.1,-4.1,0.0,0.0050,-0.0031,0.0586,817,614,848,607,0.00,0.01,2.60,0.18,0.2983,1,1,0,0.01,0.00,0.00,0.00,0.00,0.00,0.18,209,31
6131,-0.1,4.4,47.2,-0.004,0.033,-1.025,4.1,-4.1,0.0,0.0056,-0.0097,-0.0401,608,800,665,813,0.00,0.01,2.61,0.18,0.2983,1,1,0,0.01,0.00,0.00,0.00,0.00,0.00,0.17,210,31
6141,-0.8,-1.1,31.4,-0.026,0.064,-1.028,4.1,-4.1,0.0,0.0062,-0.0042,-0.0247,679,753,716,738,0.00,0.01,2.60,0.18,0.2983,1,1,0,0.01,0.00,0.00,0.00,0.00,0.00,0.16,210,31
6151,0.2,-3.2,-73.3,0.072,-0.039,-0.948,4.1,-4.2,0.0,0.0056,-0.0023,0.0571,814,620,845,607,0.00,0.01,2.60,0.18,0.2983,1,1,0,0.01,0.00,0.00,0.00,0.00,0.00,0.16,210,31
6161,-0.9,5.0,44.2,0.000,0.028,-1.021,4.1,-4.1,0.0,0.0063,-0.0101,-0.0403,606,800,667,813,0.00,0.01,2.61,0.18,0.2983,1,1,0,0.01,0.00,0.00,0.00,0.00,0.00,0.16,210,31
6171,-1.6,-1.3,30.1,-0.026,0.048,-1.046,4.1,-4.1,0.0,0.0070,-0.0040,-0.0238,667,762,708,749,0.00,0.01,2.61,0.18,0.2983,1,1,0,0.01,0.00,0.00,0.00,0.00,0.00,0.18,210,31
6182,-0.5,-3.1,-74.0,0.072,-0.059,-0.949,4.1,-4.2,0.0,0.0060,-0.0023,0.0590,814,620,847,606,0.00,0.01,2.60,0.18,0.2983,1,1,0,0.01,0.00,0.00,0.00,0.00,0.00,0.19,210,31
6192,-1.5,5.0,45.1,0.003,0.025,-1.005,4.1,-4.1,0.0,0.0070,-0.0104,-0.0358,613,792,676,805,0.00,0.01,2.61,0.18,0.2983,1,1,0,0.01,0.00,0.00,0.00,0.00,0.00,0.18,209,31
6202,-0.9,-1.3,34.2,-0.024,0.047,-1.042,4.1,-4.1,0.0,0.0064,-0.0032,-0.0184,669,762,705,750,0.00,0.01,2.61,0.18,0.2983,1,1,0,0.01,0.00,0.00,0.00,0.00,0.00,0.16,209,31
6212,-0.7,-2.2,-74.5,0.067,-0.056,-0.954,4.1,-4.2,0.0,0.0061,-0.0032,0.0599,812,619,848,607,0.00,0.01,2.60,0.18,0.2983,1,1,0,0.01,0.00,0.00,0.00,0.00,0.00,0.16,208,31
6222,-0.7,5.0,42.4,-0.005,0.014,-1.032,4.1,-4.1,0.0,0.0060,-0.0100,-0.0415,613,792,674,808,0.00,0.01,2.61,0.18,0.2983,1,1,0,0.01,0.00,0.00,0.00,0.00,0.00,0.18,209,31
6232,-1.0,-1.7,37.4,-0.014,0.043,-0.990,4.1,-4.1,0.0,0.0066,-0.0032,-0.0239,670,762,706,748,0.00,0.01,2.61,0.18,0.2983,1,1,0,0.01,0.00,0.00,0.00,0.00,0.00,0.20,209,31
6242,0.0,-1.9,-74.7,0.077,-0.046,-0.973,4.1,-4.2,0.0,0.0054,-0.0035,0.0601,812,616,848,610,0.00,0.01,2.60,0.18,0.2983,1,1,0,0.01,0.00,0.00,0.00,0.00,0.00,0.19,209,31
6252,-0.8,5.2,43.5,-0.003,-0.002,-1.007,4.1,-4.1,0.0,0.0056,-0.0103,-0.0421,612,792,672,810,0.00,0.01,2.61,0.18,0.2983,1,1,0,0.01,0.00,0.00,0.00,0.00,0.00,0.18,210,31
6262,0.2,-0.5,36.7,-0.013,0.051,-1.041,4.1,-4.1,0.0,0.0051,-0.0049,-0.0290,671,754,707,753,0.00,0.01,2.61,0.18,0.2983,1,1,0,0.01,0.00,0.00,0.00,0.00,0.00,0.17,210,31
6272,1.5,-1.8,-73.3,0.067,-0.051,-0.947,4.1,-4.2,0.0,0.0038,-0.0036,0.0589,816,612,846,612,0.00,0.01,2.60,0.18,0.2983,1,1,0,0.01,0.00,0.00,0.00,0.00,0.00,0.16,210,31
6282,0.3,5.6,43.9,0.001,0.023,-1.024,4.1,-4.1,0.0,0.0051,-0.0109,-0.0425,611,791,671,813,0.00,0.01,2.61,0.18,0.2983,1,1,0,0.01,0.00,0.00,0.00,0.00,0.00,0.16,210,31
6293,0.0,0.1,35.9,-0.021,0.047,-1.024,4.1,-4.1,0.0,0.0054,-0.0056,-0.0283,671,754,710,751,0.00,0.01,2.61,0.18,0.2983,1,1,0,0.01,0.00,0.00,0.00,0.00,0.00,0.17,210,31
6303,0.7,-1.1,-73.9,0.075,-0.067,-0.948,4.1,-4.2,0.0,0.0048,-0.0044,0.0591,814,614,851,611,0.00,0.01,2.60,0.18,0.2989,1,1,0,0.01,0.00,0.00,0.00,0.00,0.00,0.18,209,31
6313,0.3,6.4,42.4,-0.001,0.010,-1.020,4.1,-4.1,0.0,0.0049,-0.0119,-0.0362,614,787,676,814,0.00,0.01,2.61,0.18,0.2989,1,1,0,0.01,0.00,0.00,0.00,0.00,0.00,0.19,209,31
6323,0.0,0.0,34.2,-0.029,0.053,-1.035,4.1,-4.1,0.0,0.0053,-0.0054,-0.0270,664,765,702,761,0.00,0.01,2.61,0.18,0.2989,1,1,0,0.01,0.00,0.00,0.00,0.00,0.00,0.19,209,31
6333,1.6,-2.8,-75.3,0.069,-0.045,-0.968,4.1,-4.1,0.0,0.0038,-0.0026,0.0602,822,614,847,608,0.00,0.01,2.60,0.18,0.2989,1,1,0,0.01,0.00,0.00,0.00,0.00,0.00,0.18,209,31
6343,0.6,6.0,40.8,-0.018,0.016,-1.019,4.1,-4.1,0.0,0.0048,-0.0115,-0.0324,621,782,682,806,0.00,0.01,2.61,0.18,0.2989,1,1,0,0.01,0.00,0.00,0.00,0.00,0.00,0.16,209,31
6353,0.4,-1.0,37.9,-0.038,0.067,-1.033,4.1,-4.1,0.0,0.0055,-0.0031,-0.0215,666,768,699,759,0.00,0.01,2.61,0.18,0.2989,1,1,0,0.01,0.00,0.00,0.00,0.00,0.00,0.17,210,31
6363,0.3,-3.1,-74.9,0.059,-0.047,-0.967,4.1,-4.1,0.0,0.0051,-0.0023,0.0602,821,616,850,604,0.00,0.01,2.60,0.18,0.2989,1,1,0,0.01,0.00,0.00,0.00,0.00,0.00,0.18,210,31
6373,-0.9,4.7,41.1,-0.005,0.014,-1.022,4.1,-4.1,0.0,0.0064,-0.0102,-0.0326,620,787,683,802,0.00,0.01,2.61,0.18,0.2989,1,1,0,0.01,0.00,0.00,0.00,0.00,0.00,0.18,210,31
6383,-1.0,-2.0,37.9,-0.027,0.048,-1.029,4.1,-4.1,0.0,0.0063,-0.0030,-0.0214,664,769,700,757,0.00,0.01,2.61,0.18,0.2989,1,1,0,0.01,0.00,0.00,0.00,0.00,0.00,0.18,211,31
6394,-0.4,-1.7,-74.9,0.065,-0.067,-0.970,4.1,-4.2,0.0,0.0059,-0.0038,0.0602,812,615,854,609,0.00,0.01,2.60,0.18,0.2989,1,1,0,0.01,0.00,0.00,0.00,0.00,0.00,0.17,210,31
6404,-0.9,5.0,38.4,0.007,-0.001,-1.022,4.1,-4.1,0.0,0.0059,-0.0104,-0.0385,619,787,681,804,0.00,0.01,2.61,0.18,0.2989,1,1,0,0.01,0.00,0.00,0.01,0.00,0.00,0.16,210,31
6414,-0.1,-0.6,36.0,-0.023,0.048,-1.027,4.1,-4.1,0.0,0.0056,-0.0049,-0.0257,654,773,694,770,0.00,0.01,2.61,0.18,0.2989,1,1,0,0.01,0.00,0.00,0.00,0.00,0.00,0.16,209,30
6424,0.2,-1.4,-73.4,0.068,-0.056,-0.990,4.1,-4.2,0.0,0.0052,-0.0043,0.0581,814,615,851,611,0.00,0.01,2.60,0.18,0.2989,1,1,0,0.01,0.00,0.00,0.00,0.00,0.00,0.16,209,30
6434,-0.3,5.8,38.7,0.001,-0.009,-1.012,4.1,-4.1,0.0,0.0058,-0.0112,-0.0334,618,786,681,805,0.00,0.01,2.61,0.18,0.2989,1,1,0,0.01,0.00,0.00,0.01,0.00,0.00,0.17,209,30
6444,-0.8,-1.1,37.7,-0.024,0.053,-1.022,4.1,-4.1,0.0,0.0063,-0.0043,-0.0298,657,773,697,764,0.00,0.01,2.61,0.18,0.2989,1,1,0,0.01,0.00,0.00,0.00,0.00,0.00,0.18,209,30
6454,0.0,-3.2,-74.8,0.080,-0.057,-0.964,4.1,-4.1,0.0,0.0056,-0.0023,0.0599,819,618,849,605,0.00,0.01,2.60,0.18,0.2989,1,1,0,0.01,0.00,0.00,0.00,0.00,0.00,0.18,210,30
6464,-0.3,4.0,40.8,0.009,0.005,-1.007,4.1,-4.1,0.0,0.0055,-0.0100,-0.0402,617,790,676,807,0.00,0.01,2.61,0.18,0.2989,1,1,0,0.01,0.00,0.00,0.01,0.00,0.00,0.18,210,30
6474,0.0,1.2,37.9,-0.029,0.066,-1.041,4.1,-4.1,0.0,0.0054,-0.0067,-0.0300,654,767,699,771,0.00,0.01,2.61,0.18,0.2989,1,1,0,0.01,0.00,0.00,0.00,0.00,0.00,0.17,210,30
6484,1.0,-3.4,-74.2,0.073,-0.057,-0.966,4.1,-4.1,0.0,0.0046,-0.0025,0.0587,820,616,847,608,0.00,0.01,2.60,0.18,0.2989,1,1,0,0.01,0.00,0.00,0.00,0.00,0.00,0.16,210,30
6495,-1.0,4.8,37.3,0.016,0.002,-1.027,4.1,-4.1,0.0,0.0065,-0.0104,-0.0295,624,781,689,797,0.00,0.01,2.61,0.18,0.2989,1,1,0,0.01,0.00,0.00,0.01,0.00,0.00,0.17,210,30
6505,-0.5,0.5,41.0,-0.025,0.047,-1.043,4.1,-4.1,0.0,0.0060,-0.0055,-0.0243,708,726,740,717,0.00,0.01,2.61,0.18,0.2989,1,1,0,0.01,0.00,0.00,0.00,0.00,0.00,0.17,210,30
6515,0.5,-3.0,-72.8,0.076,-0.044,-0.961,4.1,-4.1,0.0,0.0050,-0.0025,0.0582,808,624,841,617,0.00,0.01,2.60,0.18,0.2989,1,1,0,0.01,0.00,0.00,0.00,0.00,0.00,0.18,210,30
6525,-0.2,5.8,40.1,0.003,-0.001,-0.993,4.1,-4.1,0.0,0.0057,-0.0114,-0.0318,600,805,657,829,0.00,0.01,2.61,0.18,0.2989,1,1,0,0.01,0.00,0.00,0.01,0.00,0.00,0.18,211,30
6535,0.4,0.3,36.9,-0.037,0.052,-1.059,4.1,-4.1,0.0,0.0049,-0.0050,-0.0207,717,717,744,712,0.00,0.01,2.61,0.18,0.2989,1,1,0,0.01,0.00,0.00,0.00,0.00,0.00,0.18,211,30
6545,1.6,-1.8,-72.2,0.063,-0.062,-0.934,4.1,-4.1,0.0,0.0039,-0.0039,0.0577,806,621,840,623,0.00,0.01,2.60,0.18,0.2989,1,1,0,0.01,0.00,0.00,0.01,0.00,0.00,0.17,211,30
6555,1.0,6.5,36.3,0.001,0.013,-1.021,4.1,-4.1,0.0,0.0041,-0.0119,-0.0368,602,803,656,830,0.00,0.01,2.61,0.18,0.2989,1,1,0,0.01,0.00,0.00,0.01,0.00,0.00,0.18,212,30
6565,1.2,0.3,34.4,-0.031,0.049,-1.043,4.0,-4.1,0.0,0.0041,-0.0056,-0.0244,698,738,727,737,0.00,0.01,2.61,0.18,0.3001,1,1,0,0.01,0.00,0.00,0.00,0.00,0.00,0.19,212,30
6575,2.2,-1.6,-73.6,0.065,-0.055,-0.959,4.1,-4.1,0.0,0.0032,-0.0039,0.0592,810,623,840,627,0.00,0.01,2.60,0.18,0.3001,1,1,0,0.01,0.00,0.00,0.01,0.00,0.00,0.19,211,30
6585,2.2,6.4,39.2,-0.011,0.020,-1.022,4.1,-4.1,0.0,0.0032,-0.0115,-0.0389,603,810,654,833,0.00,0.01,2.61,0.18,0.3001,1,1,0,0.01,0.00,0.00,0.01,0.00,0.00,0.18,211,30
6595,1.1,-0.7,33.6,-0.038,0.054,-1.033,4.1,-4.0,0.0,0.0044,-0.0044,-0.0237,700,739,730,731,0.00,0.01,2.61,0.18,0.3001,1,1,0,0.01,0.00,0.00,0.01,0.00,0.00,0.18,211,30
6605,1.8,-1.5,-73.9,0.057,-0.045,-0.969,4.1,-4.1,0.0,0.0037,-0.0040,0.0594,807,627,842,624,0.00,0.01,2.61,0.18,0.3001,1,1,0,0.01,0.00,0.00,0.01,0.00,0.00,0.17,211,30
6616,1.0,5.6,40.5,-0.013,0.013,-1.005,4.1,-4.1,0.0,0.0043,-0.0108,-0.0398,607,806,661,827,0.00,0.01,2.61,0.18,0.3001,1,1,0,0.01,0.00,0.00,0.01,0.00,0.00,0.17,211,30
6626,0.6,-0.9,36.2,-0.025,0.079,-1.038,4.1,-4.1,0.0,0.0050,-0.0041,-0.0231,699,739,732,730,0.00,0.01,2.61,0.18,0.3001,1,1,0,0.01,0.00,0.00,0.01,0.00,0.00,0.16,210,30
6636,1.2,-2.1,-73.4,0.046,-0.048,-0.972,4.1,-4.1,0.0,0.0043,-0.0034,0.0590,811,625,846,619,0.00,0.01,2.61,0.18,0.3001,1,1,0,0.01,0.00,0.00,0.01,0.00,0.00,0.17,210,30
6646,0.8,5.7,43.3,-0.006,0.038,-1.010,4.1,-4.1,0.0,0.0048,-0.0110,-0.0420,601,811,658,829,0.00,0.01,2.61,0.18,0.3001,1,1,0,0.01,0.00,0.00,0.01,0.00,0.00,0.18,210,30
6656,0.0,-0.4,30.6,-0.036,0.065,-1.019,4.1,-4.1,0.0,0.0058,-0.0048,-0.0213,701,738,738,723,0.00,0.01,2.61,0.18,0.3001,1,1,0,0.01,0.00,0.00,0.01,0.00,0.00,0.18,210,30
6666,0.2,-2.6,-73.9,0.063,-0.039,-0.993,4.1,-4.1,0.0,0.0053,-0.0029,0.0594,809,632,848,615,0.00,0.01,2.61,0.18,0.3007,1,1,0,0.01,0.00,0.00,0.01,0.00,0.00,0.18,211,30
6676,-1.0,5.0,43.4,-0.014,0.019,-1.000,4.1,-4.1,0.0,0.0064,-0.0099,-0.0419,603,817,660,825,0.00,0.01,2.61,0.18,0.3007,1,1,0,0.01,0.00,0.00,0.01,0.00,0.00,0.17,211,30
6686,-0.8,-1.4,33.7,-0.028,0.060,-1.051,4.1,-4.0,0.0,0.0064,-0.0041,-0.0266,691,753,727,734,0.00,0.01,2.61,0.18,0.3007,1,1,0,0.01,0.00,0.00,0.01,0.00,0.00,0.19,211,30
6696,-0.5,-2.7,-74.9,0.059,-0.055,-0.948,4.1,-4.1,0.0,0.0062,-0.0028,0.0599,813,631,847,614,0.00,0.01,2.61,0.18,0.3007,1,1,0,0.01,0.00,0.00,0.00,0.00,0.00,0.20,211,31
6706,-1.1,4.4,44.4,-0.005,0.019,-1.021,4.1,-4.1,0.0,0.0069,-0.0095,-0.0428,601,819,659,825,0.00,0.01,2.61,0.18,0.3007,1,1,0,0.01,0.00,-0.02,0.00,0.00,0.00,0.20,210,31
6716,-1.3,-2.3,33.5,-0.019,0.054,-1.012,4.1,-4.1,0.0,0.0069,-0.0032,-0.0264,693,751,728,733,0.00,0.01,2.61,0.18,0.3007,1,1,0,0.01,0.00,-0.02,0.00,0.00,0.00,0.19,210,31
6727,-0.3,-3.3,-75.0,0.072,-0.046,-0.968,4.1,-4.1,0.0,0.0059,-0.0023,0.0603,813,630,848,614,0.00,0.01,2.61,0.18,0.3007,1,1,0,0.01,0.00,-0.02,0.00,0.00,0.00,0.18,210,31
6737,-1.4,4.0,45.5,0.014,0.010,-1.016,4.1,-4.1,0.0,0.0070,-0.0097,-0.0387,599,818,657,830,0.00,0.01,2.61,0.18,0.3007,1,1,0,0.01,0.00,-0.02,0.00,0.00,0.00,0.17,210,31
6747,-0.9,-0.8,38.0,-0.020,0.053,-1.050,4.1,-4.1,0.0,0.0067,-0.0045,-0.0214,689,748,730,738,0.00,0.01,2.61,0.18,0.3007,1,1,0,0.01,0.00,-0.02,0.00,0.00,0.00,0.17,211,31
6757,0.5,-3.5,-75.5,0.075,-0.067,-0.950,4.1,-4.2,0.0,0.0051,-0.0023,0.0603,812,626,848,618,0.00,0.01,2.61,0.18,0.3007,1,1,0,0.01,0.00,-0.02,0.00,0.00,0.00,0.17,211,31
6767,-0.9,4.8,42.2,0.010,0.001,-1.005,4.1,-4.1,0.0,0.0066,-0.0105,-0.0334,605,808,667,825,0.00,0.01,2.61,0.18,0.3007,1,1,0,0.01,0.00,-0.02,0.00,0.00,0.00,0.18,211,31
6777,-0.3,0.5,36.9,-0.027,0.058,-1.061,4.1,-4.1,0.0,0.0059,-0.0055,-0.0208,691,745,729,740,0.00,0.01,2.61,0.18,0.3007,1,1,0,0.01,0.00,-0.02,0.00,0.00,0.00,0.18,211,31
6787,0.8,-3.0,-74.0,0.083,-0.048,-0.925,4.1,-4.2,0.0,0.0049,-0.0029,0.0591,809,627,848,622,0.00,0.01,2.61,0.18,0.3007,1,1,0,0.01,0.00,-0.02,0.00,0.00,0.00,0.19,211,31
6797,-0.2,5.5,42.6,0.006,0.012,-1.022,4.1,-4.1,0.0,0.0059,-0.0112,-0.0338,605,804,667,828,0.00,0.01,2.61,0.18,0.3007,1,1,0,0.01,0.00,-0.02,0.00,0.00,0.00,0.18,210,31
6807,-0.5,1.0,35.6,-0.036,0.053,-1.054,4.1,-4.1,0.0,0.0063,-0.0055,-0.0195,694,744,731,735,0.00,0.01,2.61,0.18,0.3007,1,1,0,0.01,0.00,-0.02,0.00,0.00,0.00,0.17,210,31
6817,1.3,-3.4,-74.3,0.074,-0.041,-0.942,4.1,-4.1,0.0,0.0042,-0.0022,0.0597,812,625,845,623,0.00,0.01,2.61,0.18,0.3007,1,1,0,0.01,0.00,-0.02,0.00,0.00,0.00,0.18,209,31
6828,0.3,6.1,39.2,-0.004,0.015,-1.019,4.1,-4.1,0.0,0.0051,-0.0115,-0.0391,606,806,664,828,0.00,0.01,2.61,0.18,0.3007,1,1,0,0.01,0.00,-0.02,0.00,0.00,0.00,0.19,209,31
6838,0.8,0.2,40.5,-0.035,0.071,-1.057,4.1,-4.1,0.0,0.0049,-0.0053,-0.0266,694,746,727,738,0.00,0.01,2.61,0.18,0.3007,1,1,0,0.01,0.00,-0.02,0.00,0.00,0.00,0.18,209,31
6848,1.2,-2.6,-74.6,0.060,-0.040,-0.940,4.1,-4.1,0.0,0.0044,-0.0030,0.0600,811,626,846,621,0.00,0.01,2.61,0.18,0.3007,1,1,0,0.01,0.00,-0.02,0.00,0.00,0.00,0.17,209,31
6858,0.5,5.3,40.1,-0.009,0.026,-1.035,4.1,-4.1,0.0,0.0051,-0.0111,-0.0346,603,809,664,829,0.00,0.01,2.61,0.18,0.3007,1,1,0,0.01,0.00,-0.02,0.00,0.00,0.00,0.16,210,31
6868,-0.1,-0.9,40.3,-0.038,0.058,-1.046,4.1,-4.1,0.0,0.0057,-0.0046,-0.0319,696,746,728,734,0.00,0.01,2.61,0.18,0.3007,1,1,0,0.01,0.00,-0.02,0.00,0.00,0.00,0.16,210,31
6878,1.1,-2.5,-75.2,0.063,-0.051,-0.936,4.1,-4.1,0.0,0.0048,-0.0039,0.0595,813,621,852,618,0.00,0.01,2.61,0.18,0.3007,1,1,0,0.01,0.00,-0.02,0.00,0.00,0.00,0.15,210,31
6888,-0.4,5.5,36.1,0.008,0.003,-1.019,4.1,-4.1,0.0,0.0060,-0.0113,-0.0342,605,808,664,828,0.00,0.01,2.61,0.18,0.3007,1,1,0,0.01,0.00,-0.02,0.00,0.00,0.00,0.15,210,31
6898,0.5,-0.4,38.7,-0.023,0.051,-1.038,4.1,-4.1,0.0,0.0051,-0.0052,-0.0306,695,739,732,739,0.00,0.01,2.61,0.18,0.3007,1,1,0,0.01,0.00,-0.02,0.00,0.00,0.00,0.16,210,31
6908,1.5,-0.9,-74.1,0.067,-0.042,-0.962,4.1,-4.1,0.0,0.0043,-0.0051,0.0587,813,620,850,621,0.00,0.01,2.61,0.18,0.3007,1,1,0,0.01,0.00,-0.02,0.00,0.00,0.00,0.17,209,31
6918,0.4,6.0,39.7,-0.003,0.011,-1.011,4.1,-4.1,0.0,0.0053,-0.0117,-0.0342,612,799,674,820,0.00,0.01,2.61,0.18,0.3007,1,1,0,0.01,0.00,-0.02,0.00,0.00,0.00,0.18,209,31
6928,0.1,-0.6,36.6,-0.031,0.061,-1.056,4.1,-4.1,0.0,0.0055,-0.0049,-0.0290,717,782,757,777,0.00,0.01,2.61,0.18,0.3178,1,1,0,0.01,0.00,-0.02,0.00,0.00,0.00,0.18,210,31
6938,0.9,-1.5,-75.2,0.065,-0.045,-0.955,4.1,-4.1,0.0,0.0053,-0.0042,0.0593,845,657,883,649,0.00,0.01,2.61,0.18,0.3178,1,1,0,0.01,0.00,-0.02,0.00,0.00,0.00,0.17,210,31
6949,0.5,5.2,37.8,0.008,0.014,-1.017,4.1,-4.1,0.0,0.0050,-0.0106,-0.0356,669,860,725,877,0.00,0.01,2.61,0.18,0.3306,1,1,0,0.01,0.00,-0.02,0.00,0.00,0.00,0.16,210,31
6959,1.1,0.0,41.2,-0.034,0.071,-1.026,4.1,-4.1,0.0,0.0050,-0.0054,-0.0247,738,809,778,806,0.00,0.01,2.61,0.18,0.3306,1,1,0,0.01,0.00,-0.02,0.00,0.00,0.00,0.17,210,31
6969,1.4,-0.9,-74.6,0.069,-0.051,-0.993,4.1,-4.1,0.0,0.0042,-0.0047,0.0600,869,679,907,676,0.00,0.01,2.61,0.18,0.3306,1,1,0,0.01,0.00,-0.02,0.00,0.00,0.00,0.18,210,31
6979,0.5,5.5,36.9,0.007,0.006,-1.022,4.1,-4.1,0.0,0.0051,-0.0113,-0.0293,670,857,728,876,0.00,0.01,2.61,0.18,0.3306,1,1,0,0.01,0.00,-0.02,0.00,0.00,0.00,0.18,209,31
6989,0.3,0.0,40.7,-0.038,0.054,-1.008,4.1,-4.1,0.0,0.0056,-0.0054,-0.0240,740,808,780,803,0.00,0.01,2.61,0.18,0.3306,1,1,0,0.01,0.00,-0.02,0.00,0.00,0.00,0.19,209,31
6999,1.3,-1.4,-75.4,0.060,-0.058,-0.984,4.1,-4.1,0.0,0.0044,-0.0043,0.0607,871,677,906,677,0.00,0.01,2.61,0.18,0.3306,1,1,0,0.01,0.00,-0.02,0.00,0.00,0.00,0.17,209,31
7009,0.9,6.3,38.7,-0.007,0.000,-1.006,4.1,-4.1,0.0,0.0047,-0.0121,-0.0307,667,855,726,882,0.00,0.01,2.61,0.18,0.3306,1,1,0,0.01,0.00,-0.02,0.00,0.00,0.00,0.16,209,30
7019,0.5,-0.2,39.3,-0.041,0.056,-1.027,4.1,-4.1,0.0,0.0053,-0.0052,-0.0226,744,803,782,802,0.00,0.01,2.61,0.18,0.3306,1,1,0,0.01,0.00,-0.02,0.00,0.00,0.00,0.16,208,30
7029,2.3,-2.9,-72.7,0.071,-0.039,-0.964,4.1,-4.1,0.0,0.0033,-0.0028,0.0585,867,678,903,683,0.00,0.01,2.61,0.18,0.3306,1,1,0,0.01,0.00,-0.02,0.00,0.00,0.00,0.15,208,30
7039,1.1,5.6,34.7,-0.005,-0.009,-1.038,4.1,-4.1,0.0,0.0045,-0.0114,-0.0304,669,856,727,879,0.00,0.01,2.61,0.17,0.3306,1,1,0,0.01,0.00,-0.02,0.00,0.00,0.00,0.16,208,30
7050,-0.2,-1.1,42.6,-0.023,0.059,-1.033,4.1,-4.1,0.0,0.0059,-0.0045,-0.0337,746,808,779,798,0.00,0.01,2.61,0.17,0.3306,1,1,0,0.01,0.00,-0.02,0.00,0.00,0.00,0.17,208,30
7060,0.0,-4.1,-74.9,0.083,-0.074,-0.948,4.1,-4.1,0.0,0.0057,-0.0016,0.0603,871,680,902,678,0.00,0.01,2.61,0.17,0.3306,1,1,0,0.01,0.00,-0.02,0.00,0.00,0.00,0.18,209,30
7070,0.0,5.7,36.1,0.013,0.007,-1.022,4.1,-4.1,0.0,0.0053,-0.0114,-0.0369,666,859,724,881,0.00,0.01,2.61,0.17,0.3306,1,1,0,0.01,0.00,-0.02,0.00,0.00,0.00,0.18,209,30
7080,-0.3,-0.2,43.6,-0.018,0.054,-1.013,4.1,-4.0,0.0,0.0061,-0.0054,-0.0345,745,811,778,797,0.00,0.01,2.61,0.17,0.3306,1,1,0,0.01,0.00,-0.02,0.00,0.00,0.00,0.17,209,30
7090,-0.4,-3.0,-74.4,0.086,-0.067,-0.946,4.1,-4.1,0.0,0.0061,-0.0028,0.0598,869,682,904,676,0.00,0.01,2.61,0.17,0.3306,1,1,0,0.01,0.00,-0.02,0.00,0.00,0.00,0.15,209,30
7100,-0.5,5.6,35.5,0.017,0.010,-1.020,4.1,-4.1,0.0,0.0062,-0.0113,-0.0367,664,862,727,878,0.00,0.01,2.61,0.17,0.3306,1,1,0,0.01,0.00,-0.02,0.00,0.00,0.00,0.17,210,30
7110,-1.0,-1.0,42.2,-0.012,0.059,-1.065,4.1,-4.1,0.0,0.0068,-0.0047,-0.0334,743,811,781,795,0.00,0.01,2.61,0.17,0.3306,1,1,0,0.01,0.00,-0.02,0.00,0.00,0.00,0.18,209,30
7120,0.0,-3.7,-75.2,0.083,-0.047,-0.940,4.1,-4.1,0.0,0.0058,-0.0020,0.0604,874,679,908,670,0.00,0.01,2.61,0.17,0.3306,1,1,0,0.01,0.00,-0.02,0.00,0.00,0.00,0.18,209,30
7130,-0.5,4.6,35.8,0.007,0.002,-1.024,4.1,-4.1,0.0,0.0063,-0.0105,-0.0313,664,864,726,877,0.00,0.01,2.61,0.17,0.3306,1,1,0,0.01,0.00,-0.02,0.00,0.00,0.00,0.18,210,30
7140,-1.0,-0.4,41.6,-0.023,0.058,-1.057,4.1,-4.0,0.0,0.0067,-0.0053,-0.0329,732,820,774,805,0.00,0.01,2.61,0.17,0.3306,1,1,0,0.01,0.00,-0.02,0.00,0.00,0.00,0.17,210,30
7150,-0.1,-4.7,-76.3,0.069,-0.057,-0.940,4.1,-4.1,0.0,0.0059,-0.0015,0.0607,876,680,908,667,0.00,0.01,2.61,0.17,0.3306,1,1,0,0.01,0.00,-0.02,0.00,0.00,0.00,0.16,210,30
7160,-0.2,4.9,37.8,0.001,0.005,-1.014,4.1,-4.1,0.0,0.0060,-0.0107,-0.0328,663,865,724,879,0.00,0.01,2.61,0.17,0.3306,1,1,0,0.01,0.00,-0.02,0.01,0.00,0.00,0.16,210,30
7171,-0.3,0.0,39.1,-0.028,0.064,-1.050,4.1,-4.0,0.0,0.0061,-0.0057,-0.0310,735,815,778,802,0.00,0.01,2.61,0.17,0.3306,1,1,0,0.01,0.00,-0.02,0.00,0.00,0.00,0.16,210,30
7181,1.1,-3.3,-74.1,0.061,-0.066,-0.959,4.1,-4.1,0.0,0.0048,-0.0025,0.0589,874,681,904,672,0.00,0.01,2.61,0.17,0.3306,1,1,0,0.01,0.00,-0.02,0.00,0.00,0.00,0.17,209,30
7191,0.9,6.0,38.3,-0.014,0.020,-1.008,4.1,-4.1,0.0,0.0048,-0.0117,-0.0331,671,853,732,874,0.00,0.01,2.61,0.17,0.3306,1,1,0,0.01,0.00,-0.02,0.01,0.00,0.00,0.17,209,30
7201,0.0,0.0,39.4,-0.030,0.060,-1.045,4.1,-4.0,0.0,0.0057,-0.0056,-0.0312,738,815,775,802,0.00,0.01,2.61,0.17,0.3306,1,1,0,0.01,0.00,-0.02,0.00,0.00,0.00,0.17,209,30
7211,0.2,-3.2,-74.0,0.073,-0.060,-0.966,4.1,-4.1,0.0,0.0054,-0.0027,0.0587,872,682,904,673,0.00,0.01,2.61,0.17,0.3306,1,1,0,0.01,0.00,-0.02,0.00,0.00,0.00,0.16,208,30
7221,0.0,6.1,35.2,0.004,0.006,-0.995,4.1,-4.1,0.0,0.0057,-0.0120,-0.0279,662,863,723,882,0.00,0.01,2.61,0.17,0.3306,1,1,0,0.01,0.00,-0.02,0.01,0.00,0.00,0.15,208,30
7231,0.0,0.4,42.1,-0.022,0.054,-1.034,4.1,-4.1,0.0,0.0060,-0.0053,-0.0251,739,812,777,802,0.00,0.01,2.61,0.17,0.3306,1,1,0,0.01,0.00,-0.02,0.00,0.00,0.00,0.16,208,30
7241,0.5,-0.6,-75.0,0.066,-0.054,-0.965,4.1,-4.1,0.0,0.0053,-0.0053,0.0602,869,677,910,675,0.00,0.01,2.61,0.17,0.3306,1,1,0,0.01,0.00,-0.02,0.00,0.00,0.00,0.17,208,30
7251,0.0,6.2,34.4,0.000,0.002,-1.016,4.1,-4.1,0.0,0.0059,-0.0121,-0.0273,663,860,726,882,0.00,0.01,2.61,0.17,0.3306,1,1,0,0.01,0.00,-0.02,0.01,0.00,0.00,0.17,208,30
7261,-0.1,-1.5,42.4,-0.006,0.074,-1.038,4.1,-4.0,0.0,0.0061,-0.0041,-0.0256,738,812,776,805,0.00,0.01,2.61,0.17,0.3306,1,1,0,0.01,0.00,-0.02,0.01,0.00,0.00,0.17,208,30
7271,0.8,-2.6,-75.1,0.074,-0.046,-0.983,4.1,-4.1,0.0,0.0050,-0.0035,0.0602,868,678,910,675,0.00,0.01,2.61,0.17,0.3306,1,1,0,0.01,0.00,-0.02,0.01,0.00,0.00,0.16,208,30
7282,-0.2,4.8,38.8,-0.007,0.013,-1.016,4.1,-4.1,0.0,0.0061,-0.0107,-0.0307,665,860,727,879,0.00,0.01,2.61,0.17,0.3306,1,1,0,0.01,0.00,-0.02,0.01,0.00,0.00,0.15,208,30
7292,0.2,-1.8,42.8,-0.023,0.072,-1.017,4.1,-4.0,0.0,0.0056,-0.0039,-0.0257,739,811,775,805,0.00,0.01,2.61,0.17,0.3306,1,1,0,0.01,0.00,-0.02,0.01,0.00,0.00,0.17,208,30
7302,1.1,-2.3,-74.4,0.056,-0.043,-0.973,4.1,-4.1,0.0,0.0047,-0.0035,0.0598,870,681,905,675,0.00,0.01,2.61,0.17,0.3306,1,1,0,0.01,0.00,-0.02,0.01,0.00,0.00,0.19,208,30
7312,-0.9,5.4,34.3,-0.007,0.005,-1.017,4.1,-4.1,0.0,0.0067,-0.0112,-0.0300,666,861,730,875,0.00,0.01,2.61,0.17,0.3306,1,1,0,0.01,0.00,-0.02,0.01,0.00,0.00,0.19,208,30
7322,-1.3,-0.7,40.3,-0.023,0.046,-1.029,4.1,-4.0,0.0,0.0072,-0.0048,-0.0293,741,810,779,800,0.00,0.01,2.61,0.17,0.3306,1,1,0,0.01,0.00,-0.02,0.01,0.00,0.00,0.18,208,30
7332,1.3,-2.9,-75.3,0.074,-0.041,-0.974,4.1,-4.1,0.0,0.0044,-0.0029,0.0605,871,682,904,674,0.00,0.01,2.61,0.17,0.3306,1,1,0,0.01,0.00,-0.02,0.01,0.00,0.00,0.17,209,30
7342,-0.7,4.7,35.1,0.008,0.000,-1.021,4.1,-4.1,0.0,0.0067,-0.0107,-0.0360,665,861,729,875,0.00,0.01,2.61,0.17,0.3306,1,1,0,0.01,0.00,-0.03,0.01,0.00,0.00,0.17,209,30
7352,-1.1,0.1,41.8,-0.035,0.053,-1.046,4.1,-4.0,0.0,0.0070,-0.0059,-0.0331,743,806,783,799,0.00,0.01,2.61,0.17,0.3306,1,1,0,0.01,0.00,-0.02,0.01,0.00,0.00,0.16,210,30
7362,0.8,-3.5,-73.7,0.079,-0.042,-0.966,4.1,-4.1,0.0,0.0050,-0.0023,0.0592,869,684,905,673,0.00,0.01,2.61,0.17,0.3306,1,1,0,0.01,0.00,-0.02,0.01,0.00,0.00,0.15,210,30
7372,-1.2,4.8,32.9,0.008,-0.020,-1.017,4.1,-4.1,0.0,0.0074,-0.0105,-0.0343,668,860,732,870,0.00,0.01,2.61,0.17,0.3306,1,1,0,0.01,0.00,-0.03,0.01,0.00,0.00,0.16,211,30
7382,-1.2,0.0,41.0,-0.028,0.055,-1.042,4.1,-4.0,0.0,0.0071,-0.0055,-0.0298,739,812,780,800,0.00,0.01,2.61,0.17,0.3306,1,1,0,0.01,0.00,-0.02,0.01,0.00,0.00,0.17,210,30
7392,1.1,-3.8,-74.7,0.074,-0.048,-0.949,4.1,-4.1,0.0,0.0047,-0.0020,0.0600,873,679,909,669,0.00,0.01,2.61,0.17,0.3306,1,1,0,0.01,0.00,-0.02,0.01,0.00,0.00,0.17,210,30
7403,-0.4,4.7,35.4,0.011,0.013,-1.016,4.1,-4.1,0.0,0.0065,-0.0107,-0.0309,663,861,729,877,0.00,0.01,2.61,0.17,0.3306,1,1,0,0.01,0.00,-0.03,0.01,0.00,0.00,0.17,210,30
7413,-0.2,0.3,43.7,-0.025,0.072,-1.055,4.1,-4.0,0.0,0.0061,-0.0062,-0.0346,740,807,780,804,0.00,0.01,2.61,0.17,0.3306,1,1,0,0.01,0.00,-0.02,0.01,0.00,0.00,0.16,210,30
7423,2.4,-4.3,-74.8,0.071,-0.042,-0.963,4.1,-4.1,0.0,0.0035,-0.0017,0.0602,875,678,907,670,0.00,0.01,2.61,0.17,0.3306,1,1,0,0.01,0.00,-0.02,0.01,0.00,0.00,0.15,209,30
7433,0.0,4.4,35.2,0.005,0.016,-1.004,4.1,-4.1,0.0,0.0065,-0.0102,-0.0361,665,863,728,875,0.00,0.01,2.61,0.17,0.3306,1,1,0,0.01,0.00,-0.03,0.01,0.00,0.00,0.18,209,30
7443,0.0,0.6,41.5,-0.038,0.053,-1.037,4.1,-4.0,0.0,0.0059,-0.0064,-0.0329,745,804,783,799,0.00,0.01,2.61,0.17,0.3306,1,1,0,0.01,0.00,0.00,0.00,0.00,0.00,0.21,209,31
7453,2.5,-2.9,-74.5,0.060,-0.037,-0.940,4.1,-4.1,0.0,0.0034,-0.0032,0.0593,875,676,905,675,0.00,0.01,2.61,0.17,0.3306,1,1,0,0.01,0.00,0.00,0.00,0.00,0.00,0.20,209,31
7463,1.0,6.4,36.6,-0.007,0.000,-1.015,4.1,-4.1,0.0,0.0049,-0.0123,-0.0318,664,859,727,881,0.00,0.01,2.61,0.17,0.3306,1,1,0,0.01,0.00,0.00,0.00,0.00,0.00,0.18,210,31
7473,0.2,1.1,40.2,-0.033,0.053,-1.049,4.1,-4.0,0.0,0.0056,-0.0069,-0.0318,736,811,774,810,0.00,0.01,2.61,0.17,0.3306,1,1,0,0.01,0.00,0.00,0.00,0.00,0.00,0.17,210,31
7483,2.3,-2.5,-73.1,0.072,-0.052,-0.957,4.1,-4.1,0.0,0.0036,-0.0038,0.0580,871,678,903,678,0.00,0.01,2.61,0.17,0.3306,1,1,0,0.01,0.00,0.00,0.00,0.00,0.00,0.16,210,31
7493,0.0,5.5,38.5,0.005,-0.004,-1.032,4.1,-4.1,0.0,0.0059,-0.0116,-0.0332,662,861,725,883,0.00,0.01,2.61,0.17,0.3306,1,1,0,0.01,0.00,0.00,0.00,0.00,0.00,0.15,209,31
7503,-0.9,0.0,40.1,-0.022,0.051,-1.048,4.1,-4.0,0.0,0.0068,-0.0058,-0.0317,735,812,775,809,0.00,0.01,2.61,0.17,0.3306,1,1,0,0.01,0.00,0.00,0.00,0.00,0.00,0.16,209,31
7514,0.9,-2.7,-72.8,0.067,-0.071,-0.960,4.1,-4.1,0.0,0.0048,-0.0037,0.0579,869,680,905,677,0.00,0.01,2.61,0.17,0.3306,1,1,0,0.01,0.00,0.00,0.00,0.00,0.00,0.17,209,31
7524,-0.6,5.6,37.5,0.012,-0.007,-0.993,4.1,-4.1,0.0,0.0065,-0.0117,-0.0325,669,853,736,873,0.00,0.01,2.61,0.17,0.3306,1,1,0,0.01,0.00,0.00,0.00,0.00,0.00,0.17,209,31
7534,-0.5,-0.6,41.2,-0.015,0.049,-1.028,4.1,-4.1,0.0,0.0064,-0.0052,-0.0326,732,815,774,809,0.00,0.01,2.61,0.17,0.3306,1,1,0,0.01,0.00,0.00,0.00,0.00,0.00,0.18,209,31
7544,1.4,-3.3,-75.0,0.062,-0.038,-0.966,4.1,-4.1,0.0,0.0047,-0.0030,0.0595,877,676,909,669,0.00,0.01,2.61,0.17,0.3306,1,1,0,0.01,0.00,0.00,0.00,0.00,0.00,0.16,209,31
7554,-0.6,4.6,35.1,0.005,0.008,-1.015,4.1,-4.1,0.0,0.0066,-0.0106,-0.0278,666,859,732,873,0.00,0.01,2.61,0.17,0.3306,1,1,0,0.01,0.00,0.00,0.00,0.00,0.00,0.15,209,31
7564,-0.4,-1.1,43.2,-0.018,0.066,-1.056,4.1,-4.0,0.0,0.0064,-0.0044,-0.0263,736,815,774,806,0.00,0.01,2.61,0.17,0.3306,1,1,0,0.01,0.00,0.00,0.00,0.00,0.00,0.17,209,31
7574,0.8,-3.3,-74.6,0.069,-0.046,-0.952,4.1,-4.1,0.0,0.0050,-0.0026,0.0598,877,678,907,669,0.00,0.01,2.61,0.17,0.3306,1,1,0,0.01,0.00,0.00,0.00,0.00,0.00,0.19,209,31
7584,-0.8,4.7,34.1,0.003,-0.006,-1.010,4.2,-4.1,0.0,0.0069,-0.0106,-0.0270,670,858,734,869,0.00,0.01,2.61,0.17,0.3306,1,1,0,0.01,0.00,0.00,0.00,0.00,0.00,0.18,208,31
7594,-0.4,-0.2,40.9,-0.018,0.062,-1.052,4.1,-4.0,0.0,0.0064,-0.0053,-0.0299,740,813,775,802,0.00,0.01,2.61,0.17,0.3306,1,1,0,0.01,0.00,0.00,0.00,0.00,0.00,0.18,209,31
7604,1.0,-3.0,-73.8,0.067,-0.071,-0.953,4.1,-4.1,0.0,0.0049,-0.0029,0.0593,875,680,905,671,0.00,0.01,2.61,0.17,0.3306,1,1,0,0.01,0.00,0.00,0.00,0.00,0.00,0.17,208,31
7615,0.0,6.3,33.3,-0.002,-0.001,-0.999,4.2,-4.1,0.0,0.0060,-0.0124,-0.0347,665,856,732,878,0.00,0.01,2.61,0.17,0.3306,1,1,0,0.01,0.00,0.00,0.00,0.00,0.00,0.16,209,31
7625,0.3,1.0,42.5,-0.024,0.065,-1.071,4.1,-4.0,0.0,0.0059,-0.0066,-0.0284,728,817,773,813,0.00,0.01,2.61,0.17,0.3306,1,1,0,0.01,0.00,0.00,0.00,0.00,0.00,0.15,209,31
7635,1.5,-2.9,-73.9,0.071,-0.057,-0.945,4.1,-4.1,0.0,0.0044,-0.0030,0.0594,874,678,908,671,0.00,0.01,2.61,0.17,0.3306,1,1,0,0.01,0.00,0.00,0.00,0.00,0.00,0.15,209,31
7645,-0.8,5.5,32.8,0.009,-0.006,-0.999,4.2,-4.1,0.0,0.0069,-0.0116,-0.0288,665,856,733,876,0.00,0.01,2.61,0.17,0.3306,1,1,0,0.01,0.00,0.00,0.00,0.00,0.00,0.16,209,31
7655,-0.6,0.0,42.5,-0.018,0.055,-1.060,4.1,-4.1,0.0,0.0066,-0.0060,-0.0337,742,805,781,802,0.00,0.01,2.61,0.17,0.3306,1,1,0,0.01,0.00,0.00,0.00,0.00,0.00,0.17,209,31
7665,1.4,-2.6,-75.0,0.065,-0.050,-0.966,4.1,-4.1,0.0,0.0046,-0.0036,0.0600,874,676,909,671,0.00,0.01,2.61,0.17,0.3306,1,1,0,0.01,0.00,0.00,0.00,0.00,0.00,0.18,210,31
7675,-0.4,5.3,31.0,0.006,-0.008,-0.990,4.2,-4.1,0.0,0.0065,-0.0114,-0.0245,665,859,730,877,0.00,0.01,2.61,0.17,0.3306,1,1,0,0.01,0.00,0.00,0.00,0.00,0.00,0.17,210,31
7685,-0.2,-0.7,43.3,-0.013,0.060,-1.036,4.1,-4.1,0.0,0.0063,-0.0051,-0.0343,729,818,771,812,0.00,0.01,2.61,0.17,0.3306,1,1,0,0.01,0.00,0.00,0.00,0.00,0.00,0.15,210,31
7695,0.6,-2.2,-75.5,0.074,-0.053,-0.979,4.1,-4.1,0.0,0.0054,-0.0039,0.0607,871,676,913,670,0.00,0.01,2.61,0.17,0.3306,1,1,0,0.01,0.00,0.00,0.00,0.00,0.00,0.15,210,31
7705,-0.6,5.4,32.2,0.009,-0.007,-1.021,4.1,-4.1,0.0,0.0067,-0.0114,-0.0255,674,855,741,875,0.00,0.01,2.61,0.17,0.3325,1,1,0,0.01,0.00,0.00,0.00,0.00,0.00,0.17,210,31
7715,0.1,-1.2,45.7,-0.016,0.066,-1.032,4.1,-4.1,0.0,0.0058,-0.0048,-0.0284,734,820,774,816,0.00,0.01,2.61,0.17,0.3325,1,1,0,0.01,0.00,0.00,0.00,0.00,0.00,0.19,210,31
7726,1.6,-2.5,-73.2,0.066,-0.049,-0.990,4.1,-4.1,0.0,0.0044,-0.0034,0.0589,891,700,929,698,0.00,0.01,2.61,0.17,0.3422,1,1,0,0.01,0.00,0.00,0.00,0.00,0.00,0.18,210,31
7736,-0.5,5.0,28.5,0.002,-0.006,-0.990,4.1,-4.1,0.0,0.0063,-0.0111,-0.0311,695,873,757,892,0.00,0.01,2.61,0.17,0.3422,1,1,0,0.01,0.00,0.00,0.01,0.00,0.00,0.17,210,31
7746,-0.7,-1.3,44.3,-0.029,0.058,-1.031,4.1,-4.1,0.0,0.0067,-0.0047,-0.0326,754,837,795,832,0.00,0.01,2.61,0.17,0.3422,1,1,0,0.01,0.00,0.00,0.00,0.00,0.00,0.16,210,30
7756,1.0,-2.9,-73.4,0.069,-0.041,-0.979,4.1,-4.1,0.0,0.0050,-0.0031,0.0590,893,699,933,693,0.00,0.01,2.61,0.17,0.3422,1,1,0,0.01,0.00,0.00,0.00,0.00,0.00,0.16,211,30
7766,-0.5,4.2,29.4,0.000,-0.007,-1.017,4.1,-4.1,0.0,0.0069,-0.0105,-0.0317,693,877,759,890,0.00,0.01,2.61,0.17,0.3422,1,1,0,0.01,0.00,0.00,0.01,0.00,0.00,0.16,211,30
7776,-0.9,-2.2,46.3,-0.033,0.056,-1.040,4.1,-4.0,0.0,0.0070,-0.0037,-0.0367,755,838,798,827,0.00,0.01,2.61,0.17,0.3422,1,1,0,0.01,0.00,0.00,0.00,0.00,0.00,0.16,211,30
7786,0.1,-3.2,-73.3,0.064,-0.048,-0.964,4.1,-4.1,0.0,0.0054,-0.0033,0.0593,897,698,931,693,0.00,0.01,2.61,0.17,0.3422,1,1,0,0.01,0.00,0.00,0.00,0.00,0.00,0.17,211,30
7796,0.5,5.2,29.6,0.007,0.001,-1.008,4.1,-4.1,0.0,0.0056,-0.0113,-0.0263,694,876,757,892,0.00,0.01,2.61,0.17,0.3422,1,1,0,0.01,0.00,0.00,0.01,0.00,0.00,0.17,211,30
7806,0.5,-0.3,46.4,-0.027,0.082,-1.034,4.1,-4.0,0.0,0.0055,-0.0056,-0.0368,744,851,788,839,0.00,0.01,2.61,0.17,0.3428,1,1,0,0.01,0.00,0.00,0.00,0.00,0.00,0.18,210,30
7816,0.0,-2.1,-74.5,0.075,-0.067,-0.963,4.1,-4.1,0.0,0.0060,-0.0044,0.0600,895,697,936,694,0.00,0.01,2.61,0.17,0.3428,1,1,0,0.01,0.00,0.00,0.00,0.00,0.00,0.17,209,30
7827,0.5,5.3,31.2,0.017,0.017,-1.032,4.1,-4.1,0.0,0.0053,-0.0116,-0.0277,691,874,755,902,0.00,0.01,2.61,0.17,0.3428,1,1,0,0.01,0.00,0.00,0.01,0.00,0.00,0.15,210,30
7837,1.3,-0.1,49.6,-0.026,0.081,-1.065,4.1,-4.0,0.0,0.0048,-0.0057,-0.0369,747,846,787,842,0.00,0.01,2.61,0.17,0.3428,1,1,0,0.01,0.00,0.00,0.00,0.00,0.00,0.16,210,30
7847,0.8,-1.7,-74.5,0.059,-0.073,-0.948,4.1,-4.1,0.0,0.0054,-0.0043,0.0601,897,699,935,691,0.00,0.01,2.61,0.17,0.3428,1,1,0,0.01,0.00,0.00,0.01,0.00,0.00,0.17,210,30
7857,-0.8,5.2,26.9,0.011,-0.032,-0.995,4.2,-4.1,0.0,0.0069,-0.0113,-0.0212,695,876,756,896,0.00,0.01,2.61,0.17,0.3428,1,1,0,0.01,0.00,0.00,0.01,0.00,0.00,0.17,210,30
7867,0.3,1.0,48.8,-0.025,0.056,-1.044,4.1,-4.0,0.0,0.0053,-0.0067,-0.0315,747,843,787,846,0.00,0.01,2.61,0.17,0.3428,1,1,0,0.01,0.00,0.00,0.01,0.00,0.00,0.17,210,30
7877,1.7,-2.7,-74.2,0.074,-0.040,-0.980,4.1,-4.1,0.0,0.0043,-0.0034,0.0597,896,699,932,696,0.00,0.01,2.61,0.17,0.3428,1,1,0,0.01,0.00,0.00,0.01,0.00,0.00,0.16,210,30
7887,-1.1,5.1,29.8,0.013,-0.023,-1.016,4.2,-4.1,0.0,0.0073,-0.0112,-0.0236,695,873,765,890,0.00,0.01,2.62,0.17,0.3428,1,1,0,0.01,0.00,0.00,0.01,0.00,0.00,0.16,210,30
7897,-1.5,-0.7,46.9,-0.019,0.056,-1.032,4.1,-4.0,0.0,0.0078,-0.0048,-0.0296,749,846,793,834,0.00,0.01,2.61,0.17,0.3428,1,1,0,0.01,0.00,0.00,0.01,0.00,0.00,0.16,210,30
7907,0.3,-3.3,-72.8,0.069,-0.047,-0.951,4.2,-4.1,0.0,0.0057,-0.0029,0.0586,897,701,932,692,0.00,0.01,2.61,0.17,0.3428,1,1,0,0.01,0.00,0.00,0.01,0.00,0.00,0.16,210,30
7917,-0.3,4.8,28.9,0.009,0.008,-1.021,4.2,-4.1,0.0,0.0064,-0.0109,-0.0228,697,873,766,887,0.00,0.01,2.62,0.17,0.3428,1,1,0,0.01,0.00,0.00,0.01,0.00,0.00,0.17,210,30
7927,0.0,-0.9,46.0,-0.020,0.071,-1.052,4.1,-4.0,0.0,0.0069,-0.0043,-0.0291,750,847,792,832,0.00,0.01,2.61,0.17,0.3428,1,1,0,0.01,0.00,0.00,0.01,0.00,0.00,0.17,210,30
7937,1.0,-2.9,-73.8,0.079,-0.061,-0.956,4.2,-4.1,0.0,0.0052,-0.0032,0.0594,899,699,932,693,0.00,0.01,2.61,0.17,0.3428,1,1,0,0.01,0.00,0.00,0.01,0.00,0.00,0.17,210,30
7948,0.6,5.7,29.8,0.006,0.004,-1.002,4.2,-4.1,0.0,0.0055,-0.0118,-0.0236,701,871,765,895,0.00,0.01,2.61,0.17,0.3441,1,1,0,0.01,0.00,0.00,0.01,0.00,0.00,0.17,211,30
7958,1.0,0.5,45.6,-0.041,0.060,-1.043,4.1,-4.0,0.0,0.0053,-0.0059,-0.0284,756,842,796,838,0.00,0.01,2.61,0.17,0.3441,1,1,0,0.01,0.00,0.00,0.01,0.00,0.00,0.16,211,30
7968,0.9,-2.4,-72.9,0.071,-0.052,-0.960,4.1,-4.1,0.0,0.0051,-0.0036,0.0586,897,701,939,696,0.00,0.01,2.61,0.16,0.3441,1,1,0,0.01,0.00,0.00,0.01,0.00,0.00,0.15,211,30
7978,-1.0,4.8,25.9,0.020,-0.021,-1.023,4.1,-4.1,0.0,0.0068,-0.0116,-0.0291,700,871,767,894,0.00,0.01,2.61,0.16,0.3441,1,1,0,0.01,0.00,0.00,0.01,0.00,0.00,0.16,211,30
7988,-0.2,-1.2,46.3,-0.028,0.070,-1.056,4.1,-4.0,0.0,0.0061,-0.0044,-0.0291,744,856,783,849,0.00,0.01,2.61,0.16,0.3441,1,1,0,0.01,0.00,0.00,0.01,0.00,0.00,0.17,210,30
7998,0.6,-3.2,-73.9,0.060,-0.042,-0.968,4.1,-4.1,0.0,0.0055,-0.0029,0.0594,899,702,938,694,0.00,0.01,2.61,0.16,0.3441,1,1,0,0.01,0.00,0.00,0.01,0.00,0.00,0.17,209,30
8008,-0.4,4.7,28.1,0.017,-0.006,-1.008,4.2,-4.1,0.0,0.0069,-0.0111,-0.0309,696,878,764,894,0.00,0.01,2.61,0.16,0.3441,1,1,0,0.01,0.00,0.00,0.01,0.00,0.00,0.17,210,30
8018,-0.6,-0.4,46.1,-0.013,0.078,-1.043,4.1,-4.0,0.0,0.0067,-0.0055,-0.0341,741,855,786,850,0.00,0.01,2.61,0.16,0.3441,1,1,0,0.01,0.00,0.00,0.01,0.00,0.00,0.16,209,30
8028,0.5,-2.7,-74.9,0.069,-0.067,-0.990,4.1,-4.1,0.0,0.0056,-0.0033,0.0602,902,704,939,696,0.00,0.01,2.61,0.16,0.3453,1,1,0,0.01,0.00,0.00,0.01,0.00,0.00,0.16,209,30
8038,-0.3,4.5,29.0,0.005,-0.002,-1.011,4.2,-4.1,0.0,0.0066,-0.0108,-0.0259,697,883,764,896,0.00,0.01,2.61,0.16,0.3453,1,1,0,0.01,0.00,0.00,0.01,0.00,0.00,0.17,209,30
8048,-0.2,-1.0,44.0,-0.024,0.062,-1.017,4.1,-4.0,0.0,0.0065,-0.0047,-0.0324,780,888,821,877,0.00,0.01,2.61,0.16,0.3618,1,1,0,0.01,0.00,0.00,0.01,0.00,0.00,0.19,209,30
8059,1.5,-1.8,-74.3,0.057,-0.071,-0.958,4.1,-4.1,0.0,0.0046,-0.0042,0.0598,935,732,968,730,0.00,0.01,2.61,0.16,0.3618,1,1,0,0.01,0.00,0.00,0.01,0.00,0.00,0.18,209,30
8069,0.6,7.1,29.0,0.005,-0.014,-1.027,4.1,-4.1,0.0,0.0050,-0.0132,-0.0318,738,897,805,927,0.00,0.01,2.62,0.17,0.3618,1,1,0,0.01,0.00,0.00,0.01,0.00,0.00,0.17,210,30
8079,0.5,1.9,47.6,-0.026,0.065,-1.065,4.1,-4.0,0.0,0.0057,-0.0076,-0.0327,777,882,825,883,0.00,0.01,2.61,0.17,0.3618,1,1,0,0.01,0.00,0.00,0.01,0.00,0.00,0.17,210,30
8089,0.1,-4.5,-73.1,0.080,-0.042,-0.964,4.1,-4.1,0.0,0.0065,-0.0023,0.0594,931,738,971,725,0.00,0.01,2.61,0.17,0.3618,1,1,0,0.01,0.00,0.00,0.01,0.00,0.00,0.17,209,30
8099,-1.5,4.4,28.8,0.008,-0.014,-1.020,4.2,-4.1,0.0,0.0077,-0.0110,-0.0313,737,903,808,918,0.00,0.01,2.62,0.17,0.3618,1,1,0,0.01,0.00,0.00,0.01,0.00,0.00,0.17,209,30
8109,-1.1,-0.8,48.9,-0.028,0.075,-1.043,4.1,-4.0,0.0,0.0073,-0.0052,-0.0387,777,891,819,879,0.00,0.01,2.61,0.17,0.3618,1,1,0,0.01,0.00,0.00,0.01,0.00,0.00,0.16,208,30
8119,0.2,-4.5,-74.4,0.066,-0.055,-0.945,4.1,-4.1,0.0,0.0060,-0.0016,0.0598,940,735,969,723,0.00,0.01,2.61,0.17,0.3618,1,1,0,0.01,0.00,0.00,0.01,0.00,0.00,0.17,208,30
8129,-0.3,5.2,27.1,0.009,-0.019,-0.995,4.2,-4.1,0.0,0.0059,-0.0117,-0.0302,741,897,807,920,0.00,0.01,2.62,0.17,0.3618,1,1,0,0.01,0.00,0.00,0.01,0.00,0.00,0.18,208,30
8139,1.6,1.0,48.7,-0.029,0.077,-1.069,4.1,-4.0,0.0,0.0045,-0.0071,-0.0386,777,885,819,886,0.00,0.01,2.61,0.17,0.3618,1,1,0,0.01,0.00,0.00,0.01,0.00,0.00,0.18,208,30
8149,2.0,-2.2,-73.5,0.071,-0.059,-0.973,4.1,-4.1,0.0,0.0040,-0.0038,0.0596,938,731,968,728,0.00,0.01,2.61,0.17,0.3618,1,1,0,0.01,0.00,0.00,0.01,0.00,0.00,0.18,208,30
8159,0.2,5.9,29.6,0.013,0.005,-1.001,4.1,-4.1,0.0,0.0060,-0.0120,-0.0323,736,902,804,923,0.00,0.01,2.62,0.17,0.3618,1,1,0,0.01,0.00,0.00,0.01,0.00,0.00,0.17,209,30
8170,0.8,0.1,49.3,-0.018,0.080,-1.063,4.1,-4.0,0.0,0.0054,-0.0062,-0.0391,765,896,810,895,0.00,0.01,2.61,0.17,0.3618,1,1,0,0.01,0.00,0.00,0.01,0.00,0.00,0.17,209,30
8180,0.6,-4.3,-74.4,0.074,-0.039,-0.963,4.1,-4.1,0.0,0.0056,-0.0019,0.0601,937,735,971,723,0.00,0.01,2.61,0.17,0.3618,1,1,0,0.01,0.00,0.00,0.01,0.00,0.00,0.19,209,30
8190,-1.3,4.1,23.4,0.014,-0.032,-1.000,4.1,-4.1,0.0,0.0076,-0.0103,-0.0245,743,904,808,916,0.00,0.01,2.61,0.17,0.3624,1,1,0,0.01,0.00,0.00,0.00,0.00,0.00,0.20,208,31
8200,-0.8,0.5,46.9,-0.027,0.055,-1.022,4.1,-4.0,0.0,0.0070,-0.0067,-0.0372,767,896,815,892,0.00,0.01,2.61,0.17,0.3624,1,1,0,0.01,0.00,0.00,0.00,0.00,0.00,0.20,208,31
8210,0.3,-1.9,-73.9,0.059,-0.045,-0.985,4.1,-4.1,0.0,0.0057,-0.0044,0.0596,935,732,974,730,0.00,0.01,2.61,0.17,0.3624,1,1,0,0.01,0.00,0.00,0.00,0.00,0.00,0.17,208,31
8220,-0.1,5.4,28.4,0.014,-0.004,-1.021,4.2,-4.1,0.0,0.0063,-0.0119,-0.0312,749,891,818,912,0.00,0.01,2.61,0.17,0.3624,1,1,0,0.01,0.00,-0.01,0.00,0.00,0.00,0.17,208,31
8230,0.7,-0.1,48.1,-0.021,0.072,-1.027,4.1,-4.0,0.0,0.0055,-0.0060,-0.0381,770,897,810,893,0.00,0.01,2.61,0.17,0.3624,1,1,0,0.01,0.00,0.00,0.00,0.00,0.00,0.16,208,31
8240,0.9,-2.1,-72.6,0.063,-0.058,-0.959,4.1,-4.1,0.0,0.0052,-0.0041,0.0589,935,734,971,730,0.00,0.01,2.61,0.17,0.3703,1,1,0,0.01,0.00,0.00,0.00,0.00,0.00,0.17,208,31
8250,0.0,5.0,27.6,0.019,0.008,-1.011,4.1,-4.1,0.0,0.0063,-0.0113,-0.0247,766,905,834,925,0.00,0.01,2.61,0.17,0.3703,1,1,0,0.01,0.00,-0.01,0.00,0.00,0.00,0.18,208,31
8260,0.6,-1.4,49.4,-0.019,0.076,-1.056,4.1,-4.0,0.0,0.0056,-0.0046,-0.0392,783,916,822,910,0.00,0.01,2.61,0.17,0.3703,1,1,0,0.01,0.00,0.00,0.00,0.00,0.00,0.19,209,31
8270,0.9,-2.5,-73.2,0.068,-0.063,-0.978,4.2,-4.1,0.0,0.0054,-0.0038,0.0592,950,748,989,743,0.00,0.01,2.61,0.17,0.3703,1,1,0,0.01,0.00,0.00,0.00,0.00,0.00,0.19,209,31
8280,-1.2,6.2,24.3,0.024,-0.032,-0.998,4.2,-4.1,0.0,0.0075,-0.0125,-0.0191,759,906,838,926,0.00,0.01,2.62,0.17,0.3715,1,1,0,0.01,0.00,-0.01,0.00,0.00,0.00,0.18,209,31
8291,-0.2,1.8,51.0,-0.010,0.062,-1.047,4.2,-4.0,0.0,0.0068,-0.0081,-0.0382,778,913,835,913,0.00,0.01,2.61,0.17,0.3715,1,1,0,0.01,0.00,0.00,0.00,0.00,0.00,0.17,209,31
8301,0.9,-3.5,-73.8,0.083,-0.043,-1.001,4.2,-4.1,0.0,0.0055,-0.0028,0.0597,954,753,990,742,0.00,0.01,2.61,0.17,0.3715,1,1,0,0.01,0.00,0.00,0.00,0.00,0.00,0.18,208,31
8311,-0.4,4.6,22.8,0.022,-0.024,-1.027,4.2,-4.1,0.0,0.0067,-0.0109,-0.0180,771,907,837,925,0.00,0.01,2.62,0.17,0.3715,1,1,0,0.01,0.00,-0.01,0.00,0.00,0.00,0.20,208,31
8321,-0.1,0.5,50.1,-0.023,0.064,-1.033,4.1,-4.0,0.0,0.0062,-0.0059,-0.0328,787,913,829,910,0.00,0.01,2.61,0.17,0.3770,1,1,0,0.01,0.00,0.00,0.00,0.00,0.00,0.19,209,31
8331,0.9,-3.2,-71.8,0.058,-0.064,-0.976,4.2,-4.1,0.0,0.0053,-0.0031,0.0580,964,764,996,757,0.00,0.01,2.61,0.17,0.3770,1,1,0,0.01,0.00,0.00,0.00,0.00,0.00,0.19,209,31
8341,-0.8,5.1,25.0,0.000,-0.019,-1.028,4.2,-4.1,0.0,0.0072,-0.0114,-0.0197,777,922,845,937,0.00,0.01,2.62,0.17,0.3770,1,1,0,0.01,0.00,0.00,0.00,0.00,0.00,0.18,210,31
8351,-1.0,1.5,48.7,-0.024,0.056,-1.026,4.2,-4.0,0.0,0.0076,-0.0065,-0.0315,784,932,838,928,0.00,0.01,2.61,0.17,0.3770,1,1,0,0.01,0.00,0.00,0.00,0.00,0.00,0.17,210,31
8361,0.5,-2.6,-72.3,0.065,-0.053,-0.964,4.2,-4.1,0.0,0.0058,-0.0036,0.0581,967,768,1005,760,0.00,0.01,2.61,0.17,0.3794,1,1,0,0.01,0.00,0.00,0.00,0.00,0.00,0.17,210,31
8371,-0.1,4.5,20.7,0.010,-0.016,-1.032,4.2,-4.1,0.0,0.0064,-0.0108,-0.0193,785,924,848,942,0.00,0.01,2.62,0.17,0.3794,1,1,0,0.01,0.00,0.00,0.01,0.00,0.00,0.16,210,31
8381,-0.3,0.2,49.5,-0.017,0.047,-1.022,4.2,-4.0,0.0,0.0066,-0.0062,-0.0369,792,936,837,934,0.00,0.01,2.61,0.17,0.3794,1,1,0,0.01,0.00,0.00,0.00,0.00,0.00,0.17,210,31
8391,0.3,-3.7,-72.8,0.063,-0.053,-0.962,4.2,-4.1,0.0,0.0059,-0.0025,0.0586,970,767,1004,758,0.00,0.01,2.61,0.17,0.3794,1,1,0,0.01,0.00,0.00,0.00,0.00,0.00,0.18,210,31
8401,-0.7,3.6,25.1,0.017,-0.017,-1.030,4.2,-4.1,0.0,0.0071,-0.0099,-0.0198,807,932,872,943,0.00,0.01,2.62,0.17,0.3868,1,1,0,0.01,0.00,0.00,0.01,0.00,0.00,0.18,210,31
8411,0.1,0.4,47.9,-0.034,0.069,-1.010,4.2,-4.0,0.0,0.0062,-0.0066,-0.0380,802,953,849,951,0.00,0.01,2.61,0.17,0.3868,1,1,0,0.01,0.00,0.00,0.00,0.00,0.00,0.19,210,31
8421,0.2,-2.7,-74.3,0.047,-0.068,-0.943,4.2,-4.1,0.0,0.0062,-0.0035,0.0597,983,781,1020,771,0.00,0.01,2.61,0.18,0.3868,1,1,0,0.01,0.00,0.00,0.00,0.00,0.00,0.18,210,31
8431,-0.2,5.0,30.6,0.005,-0.021,-1.015,4.2,-4.1,0.0,0.0066,-0.0113,-0.0242,772,964,835,983,0.00,0.01,2.62,0.18,0.3868,1,1,0,0.01,0.00,0.00,0.01,0.00,0.00,0.16,210,31
8441,-0.5,0.1,42.8,-0.030,0.050,-1.042,4.1,-4.0,0.0,0.0069,-0.0064,-0.0339,834,921,880,920,0.00,0.01,2.61,0.18,0.3868,1,1,0,0.01,0.00,0.00,0.00,0.00,0.00,0.17,210,31
8451,0.0,-4.0,-74.1,0.086,-0.054,-0.928,4.2,-4.1,0.0,0.0064,-0.0022,0.0596,975,787,1017,776,0.00,0.01,2.61,0.18,0.3868,1,1,0,0.01,0.00,0.00,0.01,0.00,0.00,0.18,210,31
8461,-0.2,3.7,34.7,0.003,0.009,-1.045,4.2,-4.1,0.0,0.0067,-0.0100,-0.0303,772,968,835,980,0.00,0.01,2.62,0.18,0.3868,1,1,0,0.01,0.00,0.00,0.01,0.00,0.00,0.18,210,31
8471,0.5,0.4,39.3,-0.024,0.051,-1.013,4.2,-4.0,0.0,0.0061,-0.0062,-0.0285,835,926,877,916,0.00,0.01,2.61,0.18,0.3868,1,1,0,0.01,0.00,0.00,0.01,0.00,0.00,0.18,210,31
8481,1.3,-1.8,-74.3,0.055,-0.059,-0.947,4.2,-4.1,0.0,0.0054,-0.0045,0.0595,975,784,1019,777,0.00,0.01,2.61,0.18,0.3868,1,1,0,0.01,0.00,0.00,0.01,0.00,0.00,0.18,210,31
8491,-0.4,5.5,42.5,-0.011,-0.005,-1.048,4.2,-4.1,0.0,0.0065,-0.0118,-0.0411,776,957,846,976,0.00,0.01,2.62,0.18,0.3868,1,1,0,0.01,0.00,0.00,0.01,0.00,0.00,0.17,210,31
8502,-0.5,-0.9,36.1,-0.022,0.068,-1.029,4.2,-4.0,0.0,0.0069,-0.0053,-0.0286,835,927,879,915,0.00,0.01,2.61,0.18,0.3868,1,1,0,0.01,0.00,0.00,0.01,0.00,0.00,0.17,210,31
8512,1.5,-4.3,-73.9,0.081,-0.031,-0.956,4.2,-4.1,0.0,0.0055,-0.0027,0.0583,978,787,1014,776,0.00,0.01,2.61,0.18,0.3868,1,1,0,0.01,0.00,0.00,0.01,0.00,0.00,0.17,209,31
8522,0.6,4.1,40.9,0.000,0.032,-1.028,4.2,-4.1,0.0,0.0058,-0.0102,-0.0351,783,958,842,972,0.00,0.01,2.62,0.18,0.3868,1,1,0,0.01,0.00,0.00,0.01,0.00,0.00,0.18,210,31
8532,1.3,0.9,38.7,-0.044,0.054,-1.031,4.2,-4.0,0.0,0.0051,-0.0069,-0.0280,837,920,878,919,0.00,0.01,2.61,0.18,0.3868,1,1,0,0.01,0.00,0.00,0.01,0.00,0.00,0.18,210,31
8542,1.7,-2.6,-73.1,0.053,-0.050,-0.979,4.2,-4.1,0.0,0.0047,-0.0039,0.0585,980,781,1016,778,0.00,0.01,2.61,0.18,0.3868,1,1,0,0.01,0.00,0.00,0.01,0.00,0.00,0.18,210,31
8552,-0.5,4.5,37.9,0.012,0.032,-1.001,4.2,-4.1,0.0,0.0069,-0.0109,-0.0300,780,957,844,973,0.00,0.01,2.62,0.18,0.3868,1,1,0,0.01,0.00,0.00,0.01,0.00,0.00,0.18,210,31
8562,-0.4,-2.1,40.5,-0.010,0.069,-1.033,4.2,-4.0,0.0,0.0065,-0.0037,-0.0239,836,929,873,917,0.00,0.01,2.61,0.18,0.3868,1,1,0,0.01,0.00,0.00,0.01,0.00,0.00,0.17,210,31
8572,0.5,-3.2,-74.6,0.056,-0.060,-0.972,4.2,-4.1,0.0,0.0058,-0.0031,0.0598,983,782,1016,772,0.00,0.01,2.61,0.18,0.3868,1,1,0,0.01,0.00,0.00,0.01,0.00,0.00,0.17,210,31
8582,-0.1,6.5,36.1,-0.010,-0.025,-0.980,4.2,-4.1,0.0,0.0066,-0.0129,-0.0286,783,954,851,976,0.00,0.01,2.62,0.18,0.3880,1,1,0,0.01,0.00,0.00,0.01,0.00,0.00,0.17,210,31
8592,0.1,0.5,41.5,-0.035,0.057,-1.041,4.2,-4.1,0.0,0.0062,-0.0066,-0.0249,831,927,878,927,0.00,0.01,2.61,0.18,0.3880,1,1,0,0.01,0.00,0.00,0.01,0.00,0.00,0.17,210,31
8603,1.2,-3.4,-72.6,0.088,-0.035,-0.969,4.2,-4.1,0.0,0.0051,-0.0029,0.0583,997,798,1028,792,0.00,0.01,2.61,0.18,0.3947,1,1,0,0.01,0.00,0.00,0.01,0.00,0.00,0.18,209,31
8613,-0.8,4.1,33.4,0.015,-0.006,-0.999,4.2,-4.1,0.0,0.0070,-0.0105,-0.0350,796,973,860,986,0.00,0.01,2.62,0.18,0.3947,1,1,0,0.01,0.00,0.00,0.01,0.00,0.00,0.18,209,31
8623,-1.2,-0.5,40.0,-0.040,0.035,-1.062,4.2,-4.0,0.0,0.0077,-0.0052,-0.0290,836,955,882,942,0.00,0.01,2.61,0.18,0.3947,1,1,0,0.01,0.00,0.00,0.01,0.00,0.00,0.18,209,30
8633,-0.4,-1.4,-74.3,0.056,-0.094,-0.951,4.2,-4.1,0.0,0.0069,-0.0050,0.0598,992,796,1038,788,0.00,0.01,2.61,0.18,0.3947,1,1,0,0.01,0.00,0.00,0.01,0.00,0.00,0.17,209,30
8643,-0.4,6.0,31.3,0.024,0.012,-1.009,4.2,-4.1,0.0,0.0072,-0.0132,-0.0330,810,981,888,1004,0.00,0.01,2.62,0.18,0.4039,1,1,0,0.01,0.00,0.00,0.02,0.00,0.00,0.19,209,30
8653,1.2,-2.1,44.1,0.006,0.103,-1.040,4.2,-4.1,0.0,0.0053,-0.0041,-0.0300,857,970,892,965,0.00,0.01,2.61,0.18,0.4039,1,1,0,0.01,0.00,0.00,0.01,0.00,0.00,0.21,210,30
8663,1.5,-4.8,-73.2,0.068,-0.057,-0.927,4.2,-4.1,0.0,0.0049,-0.0015,0.0589,1019,818,1042,805,0.00,0.01,2.61,0.18,0.4039,1,1,0,0.01,0.00,0.00,0.00,0.00,0.00,0.20,210,31
8673,-0.9,6.3,31.5,-0.018,-0.029,-1.031,4.2,-4.1,0.0,0.0069,-0.0121,-0.0334,814,984,883,1003,0.00,0.01,2.62,0.18,0.4039,1,1,0,0.01,0.00,-0.01,0.04,0.00,0.00,0.19,210,31
8683,-0.5,3.4,43.5,-0.038,0.046,-1.013,4.2,-4.0,0.0,0.0070,-0.0098,-0.0345,845,964,907,968,0.00,0.01,2.61,0.18,0.4039,1,1,0,0.01,0.00,0.00,0.03,0.00,0.00,0.18,210,31
8693,1.5,-3.6,-73.0,0.093,-0.023,-0.987,4.2,-4.1,0.0,0.0052,-0.0036,0.0588,1012,814,1049,808,0.00,0.01,2.61,0.18,0.4039,1,1,0,0.01,0.00,0.00,0.03,0.00,0.00,0.17,209,31
8703,0.0,2.6,31.6,0.019,-0.004,-0.998,4.2,-4.1,0.0,0.0063,-0.0089,-0.0279,822,988,875,998,0.00,0.01,2.62,0.18,0.4039,1,1,0,0.01,0.00,-0.01,0.04,0.00,0.00,0.17,209,31
8714,-0.4,0.0,45.3,-0.047,0.042,-1.057,4.2,-4.0,0.0,0.0070,-0.0064,-0.0359,851,973,894,966,0.00,0.01,2.61,0.18,0.4039,1,1,0,0.01,0.00,0.00,0.04,0.00,0.00,0.17,208,31
8724,0.0,0.7,-73.0,0.058,-0.069,-0.962,4.2,-4.1,0.0,0.0067,-0.0072,0.0588,1005,811,1057,811,0.00,0.01,2.61,0.18,0.4039,1,1,0,0.01,0.00,0.00,0.03,0.00,0.00,0.18,208,31
8734,0.1,4.9,27.3,0.030,0.018,-1.007,4.2,-4.1,0.0,0.0063,-0.0114,-0.0216,822,972,895,995,0.00,0.01,2.62,0.18,0.4039,1,1,0,0.01,0.00,-0.01,0.04,0.00,0.00,0.18,209,31
8744,0.2,-2.7,47.4,-0.009,0.082,-1.048,4.2,-4.0,0.0,0.0063,-0.0029,-0.0301,858,974,891,960,0.00,0.01,2.61,0.18,0.4039,1,1,0,0.01,0.00,0.00,0.04,0.00,0.00,0.19,209,31
8754,0.2,-3.7,-73.4,0.063,-0.087,-0.968,4.2,-4.1,0.0,0.0065,-0.0026,0.0595,1014,818,1049,802,0.00,0.01,2.61,0.18,0.4039,1,1,0,0.01,0.00,0.00,0.04,0.00,0.00,0.18,210,31
8764,-0.4,6.3,27.1,0.002,-0.010,-1.030,4.2,-4.1,0.0,0.0070,-0.0128,-0.0214,822,973,896,993,0.00,0.01,2.62,0.18,0.4039,1,1,0,0.01,0.00,-0.01,0.04,0.00,0.00,0.17,210,31
8774,1.1,0.9,47.8,-0.020,0.064,-1.032,4.2,-4.1,0.0,0.0053,-0.0073,-0.0307,849,966,897,972,0.00,0.01,2.61,0.18,0.4039,1,1,0,0.01,0.00,0.00,0.04,0.00,0.00,0.18,210,31
8784,1.1,-3.6,-72.6,0.090,-0.049,-0.981,4.2,-4.1,0.0,0.0051,-0.0031,0.0589,1016,812,1048,807,0.00,0.01,2.61,0.18,0.4039,1,1,0,0.01,0.00,0.00,0.04,0.00,0.00,0.19,210,31
8794,-1.6,5.0,25.7,0.018,-0.025,-0.979,4.2,-4.1,0.0,0.0082,-0.0115,-0.0203,825,973,896,989,0.00,0.01,2.62,0.18,0.4039,1,1,0,0.01,0.00,-0.01,0.04,0.00,0.00,0.20,210,31
8804,0.0,-0.1,49.4,-0.017,0.065,-1.059,4.2,-4.0,0.0,0.0071,-0.0053,-0.0321,853,1001,900,994,0.00,0.01,2.61,0.18,0.4124,1,1,0,0.01,0.00,0.00,0.04,0.00,0.00,0.20,210,31
8814,1.5,-1.8,-73.1,0.057,-0.060,-0.960,4.2,-4.1,0.0,0.0051,-0.0046,0.0590,1030,827,1068,824,0.00,0.01,2.61,0.18,0.4124,1,1,0,0.01,0.00,-0.01,0.01,0.00,0.00,0.18,210,31
8825,0.0,5.8,24.8,0.014,-0.014,-1.011,4.2,-4.1,0.0,0.0065,-0.0123,-0.0195,842,984,914,1007,0.00,0.01,2.62,0.18,0.4124,1,1,0,0.01,0.00,-0.01,0.01,0.00,0.00,0.17,210,31
8835,-1.7,-1.2,50.3,-0.017,0.081,-1.052,4.2,-4.0,0.0,0.0079,-0.0046,-0.0326,852,1005,899,993,0.00,0.01,2.61,0.18,0.4124,1,1,0,0.01,0.00,-0.01,0.01,0.00,0.00,0.17,210,31
8845,0.9,-3.7,-72.5,0.065,-0.050,-0.979,4.2,-4.1,0.0,0.0055,-0.0028,0.0589,1033,831,1064,821,0.00,0.01,2.61,0.18,0.4124,1,1,0,0.01,0.00,-0.01,0.01,0.00,0.00,0.16,210,31
8855,0.0,5.6,24.8,0.007,-0.021,-1.002,4.2,-4.1,0.0,0.0065,-0.0122,-0.0195,844,986,913,1006,0.00,0.01,2.62,0.18,0.4124,1,1,0,0.01,0.00,-0.01,0.01,0.00,0.00,0.17,210,31
8865,0.0,1.2,49.2,-0.033,0.059,-1.063,4.1,-4.1,0.0,0.0065,-0.0075,-0.0318,850,995,904,999,0.00,0.01,2.61,0.18,0.4124,1,1,0,0.01,0.00,-0.01,0.01,0.00,0.00,0.18,210,31
8875,0.1,-3.7,-71.8,0.073,-0.034,-0.958,4.2,-4.1,0.0,0.0066,-0.0030,0.0585,1029,833,1067,820,0.00,0.01,2.61,0.18,0.4124,1,1,0,0.01,0.00,-0.01,0.01,0.00,0.00,0.18,210,31
8885,0.1,4.0,21.0,0.032,-0.010,-1.007,4.2,-4.1,0.0,0.0064,-0.0106,-0.0195,846,987,911,1004,0.00,0.01,2.62,0.18,0.4124,1,1,0,0.01,0.00,-0.01,0.01,0.00,0.00,0.18,210,31
8895,-0.1,1.5,48.0,-0.035,0.036,-1.038,4.2,-4.0,0.0,0.0066,-0.0075,-0.0358,854,995,903,996,0.00,0.01,2.61,0.18,0.4124,1,1,0,0.01,0.00,-0.01,0.01,0.00,0.00,0.18,209,31
8905,0.5,-2.5,-71.5,0.064,-0.052,-0.986,4.2,-4.1,0.0,0.0061,-0.0040,0.0575,1027,829,1068,825,0.00,0.01,2.61,0.18,0.4124,1,1,0,0.01,0.00,-0.01,0.01,0.00,0.00,0.17,209,31
8915,-0.7,3.3,20.9,0.042,-0.001,-0.995,4.2,-4.1,0.0,0.0078,-0.0104,-0.0254,855,980,924,990,0.00,0.01,2.62,0.18,0.4124,1,1,0,0.01,0.00,-0.01,0.01,0.00,0.00,0.18,209,31
8925,0.9,-0.7,48.1,-0.016,0.091,-1.059,4.2,-4.0,0.0,0.0057,-0.0054,-0.0360,860,1001,901,997,0.00,0.01,2.61,0.18,0.4136,1,1,0,0.01,0.00,-0.01,0.01,0.00,0.00,0.19,209,31
8935,0.9,-1.2,-70.5,0.050,-0.077,-0.947,4.2,-4.1,0.0,0.0056,-0.0052,0.0567,1028,831,1069,830,0.00,0.01,2.61,0.18,0.4136,1,1,0,0.01,0.00,-0.01,0.00,0.00,0.00,0.18,209,31
8946,-0.6,5.5,20.3,0.030,-0.020,-1.022,4.2,-4.1,0.0,0.0073,-0.0130,-0.0248,854,976,931,997,0.00,0.01,2.62,0.18,0.4136,1,1,0,0.01,0.00,-0.01,0.01,0.00,0.00,0.18,210,31
8956,0.1,-1.4,50.0,-0.003,0.101,-1.044,4.2,-4.0,0.0,0.0069,-0.0045,-0.0328,856,1006,899,997,0.00,0.01,2.61,0.18,0.4136,1,1,0,0.01,0.00,-0.01,0.00,0.00,0.00,0.18,210,31
8966,0.8,-2.6,-73.9,0.046,-0.081,-0.962,4.2,-4.1,0.0,0.0057,-0.0038,0.0595,1036,830,1070,821,0.00,0.01,2.61,0.18,0.4136,1,1,0,0.01,0.00,-0.01,0.00,0.00,0.00,0.17,210,31
8976,-0.6,7.9,21.4,0.012,-0.035,-0.996,4.2,-4.1,0.0,0.0070,-0.0145,-0.0260,849,974,931,1003,0.00,0.01,2.62,0.18,0.4136,1,1,0,0.01,0.00,-0.01,0.01,0.00,0.00,0.19,210,31
8986,0.6,-0.3,53.6,0.002,0.098,-1.063,4.2,-4.1,0.0,0.0059,-0.0061,-0.0425,852,1003,901,1002,0.00,0.01,2.62,0.18,0.4136,1,1,0,0.01,0.00,0.00,0.00,0.00,0.00,0.20,210,31
8996,1.3,-6.1,-70.7,0.082,-0.031,-0.946,4.2,-4.1,0.0,0.0052,-0.0006,0.0582,1038,838,1061,821,0.00,0.01,2.61,0.18,0.4136,1,1,0,0.01,0.00,0.00,0.00,0.00,0.00,0.18,210,31
9006,-0.2,6.5,19.7,-0.026,-0.066,-1.024,4.2,-4.1,0.0,0.0067,-0.0129,-0.0185,858,975,929,996,0.00,0.01,2.62,0.18,0.4136,1,1,0,0.01,0.00,0.00,0.00,0.00,0.00,0.18,210,31
9016,-1.4,2.8,51.7,-0.026,0.059,-1.056,4.2,-4.1,0.0,0.0081,-0.0094,-0.0410,837,1007,903,1011,0.00,0.01,2.62,0.18,0.4136,1,1,0,0.01,0.00,0.00,0.00,0.00,0.00,0.18,210,31
9026,2.0,-7.1,-71.3,0.094,-0.001,-0.976,4.2,-4.1,0.0,0.0049,-0.0006,0.0585,1039,837,1061,821,0.00,0.01,2.61,0.18,0.4136,1,1,0,0.01,0.00,0.00,0.00,0.00,0.00,0.17,210,31
9036,0.0,1.8,16.1,0.019,-0.034,-1.016,4.2,-4.1,0.0,0.0067,-0.0084,-0.0126,876,972,932,978,0.00,0.01,2.62,0.18,0.4136,1,1,0,0.01,0.00,0.00,0.00,0.00,0.00,0.17,210,31
9047,-0.6,4.2,54.0,-0.062,0.027,-1.070,4.1,-4.0,0.0,0.0070,-0.0104,-0.0408,840,1003,901,1014,0.00,0.01,2.62,0.18,0.4136,1,1,0,0.01,0.00,0.00,0.00,0.00,0.00,0.17,210,31
9057,-0.2,-1.3,-68.1,0.072,-0.045,-0.956,4.2,-4.2,0.0,0.0071,-0.0056,0.0555,1015,834,1075,833,0.00,0.01,2.61,0.18,0.4136,1,1,0,0.01,0.00,0.00,0.00,0.00,0.00,0.18,210,31
9067,0.9,0.6,14.4,0.062,0.027,-1.016,4.2,-4.2,0.0,0.0057,-0.0072,-0.0113,841,995,910,1011,0.00,0.01,2.62,0.18,0.4136,1,1,0,0.01,0.00,0.00,0.00,0.00,0.00,0.18,210,31
9077,0.9,-0.3,54.3,-0.048,0.058,-1.052,4.2,-4.0,0.0,0.0058,-0.0043,-0.0370,896,983,920,959,0.00,0.01,2.62,0.18,0.4136,1,1,0,0.01,0.00,0.00,0.00,0.00,0.00,0.18,210,31
9087,-0.2,0.0,-69.8,0.039,-0.106,-0.981,4.2,-4.1,0.0,0.0063,-0.0065,0.0576,1029,830,1070,828,0.00,0.01,2.61,0.18,0.4136,1,1,0,0.01,0.00,0.00,0.00,0.00,0.00,0.18,209,31
9097,-0.7,5.5,16.1,0.043,-0.005,-0.987,4.2,-4.2,0.0,0.0074,-0.0122,-0.0126,828,993,914,1022,0.00,0.01,2.62,0.18,0.4136,1,1,0,0.01,0.00,0.00,0.00,0.00,0.00,0.17,208,31
9107,1.3,-2.5,55.7,0.016,0.132,-1.071,4.2,-4.1,0.0,0.0055,-0.0038,-0.0381,882,1012,919,1004,0.00,0.01,2.62,0.18,0.4215,1,1,0,0.01,0.00,0.00,0.00,0.00,0.00,0.19,208,31
9117,1.7,-4.3,-70.8,0.039,-0.080,-0.949,4.2,-4.1,0.0,0.0049,-0.0022,0.0570,1054,851,1079,833,0.00,0.01,2.61,0.18,0.4215,1,1,0,0.01,0.00,0.00,0.00,0.00,0.00,0.21,208,31
9127,-1.5,7.3,11.1,0.024,-0.059,-1.013,4.2,-4.1,0.0,0.0079,-0.0142,-0.0181,857,999,939,1023,0.00,0.01,2.62,0.18,0.4215,1,1,0,0.01,0.00,-0.02,0.00,0.00,0.00,0.19,208,31
9137,0.1,-0.7,58.6,0.016,0.105,-1.052,4.2,-4.1,0.0,0.0065,-0.0058,-0.0466,871,1007,929,1011,0.00,0.01,2.62,0.18,0.4215,1,1,0,0.01,0.00,-0.02,0.00,0.00,0.00,0.18,208,31
9147,1.1,-6.1,-70.5,0.075,-0.037,-0.966,4.2,-4.1,0.0,0.0055,-0.0004,0.0567,1068,864,1091,849,0.00,0.01,2.61,0.18,0.4289,1,1,0,0.01,0.00,-0.02,0.00,0.00,0.00,0.18,208,31
9158,-0.1,5.9,7.0,-0.002,-0.059,-1.001,4.2,-4.1,0.0,0.0070,-0.0126,-0.0115,876,1015,949,1032,0.00,0.01,2.62,0.18,0.4289,1,1,0,0.01,0.00,-0.02,0.00,0.00,0.00,0.17,208,31
9168,0.1,2.0,60.7,-0.013,0.086,-1.075,4.2,-4.1,0.0,0.0061,-0.0088,-0.0430,886,1019,940,1027,0.00,0.01,2.62,0.18,0.4289,1,1,0,0.01,0.00,-0.02,0.00,0.00,0.00,0.17,208,31
9178,1.8,-5.7,-66.7,0.070,-0.013,-0.962,4.2,-4.1,0.0,0.0050,-0.0015,0.0562,1062,866,1091,854,0.00,0.01,2.61,0.18,0.4289,1,1,0,0.01,0.00,-0.02,0.00,0.00,0.00,0.16,208,31
9188,-1.4,4.5,5.4,0.017,-0.053,-1.004,4.2,-4.1,0.0,0.0081,-0.0112,-0.0040,878,1017,952,1025,0.00,0.01,2.62,0.18,0.4289,1,1,0,0.01,0.00,-0.02,0.00,0.00,0.00,0.17,207,31
9198,0.0,2.0,61.7,-0.023,0.074,-1.079,4.2,-4.1,0.0,0.0064,-0.0085,-0.0436,876,1031,930,1035,0.00,0.01,2.62,0.18,0.4289,1,1,0,0.01,0.00,-0.02,0.00,0.00,0.00,0.18,207,31
9208,0.3,-5.4,-66.7,0.056,-0.057,-0.965,4.2,-4.1,0.0,0.0064,-0.0012,0.0537,1066,865,1098,853,0.00,0.01,2.61,0.18,0.4301,1,1,0,0.01,0.00,-0.02,-0.01,0.00,0.00,0.18,207,31
9218,-0.9,3.8,-1.1,0.029,-0.046,-1.015,4.2,-4.2,0.0,0.0076,-0.0113,-0.0083,884,1011,957,1030,0.00,0.01,2.62,0.18,0.4301,1,1,0,0.01,0.00,-0.02,0.00,0.00,0.00,0.18,208,31
9228,1.3,2.3,61.7,-0.018,0.105,-1.044,4.2,-4.1,0.0,0.0054,-0.0090,-0.0473,891,1048,947,1055,0.00,0.01,2.62,0.18,0.4380,1,1,0,0.01,0.00,-0.02,-0.01,0.00,0.00,0.17,208,31
9238,1.3,-5.2,-65.1,0.063,-0.051,-0.979,4.2,-4.1,0.0,0.0054,-0.0014,0.0524,1083,878,1109,872,0.00,0.01,2.61,0.18,0.4380,1,1,0,0.01,0.00,-0.02,-0.01,0.00,0.00,0.18,209,31
9249,-1.2,4.0,-1.5,0.024,-0.053,-1.003,4.2,-4.1,0.0,0.0078,-0.0114,-0.0080,888,1039,960,1055,0.00,0.01,2.62,0.18,0.4380,1,1,0,0.01,0.00,-0.02,-0.01,0.00,0.00,0.20,210,31
9259,-0.2,1.7,63.1,-0.009,0.087,-1.077,4.2,-4.1,0.0,0.0069,-0.0083,-0.0501,888,1051,952,1051,0.00,0.01,2.62,0.18,0.4380,1,1,0,0.01,0.00,-0.02,-0.01,0.00,0.00,0.19,210,31
9269,1.3,-5.9,-64.1,0.066,-0.027,-0.977,4.1,-4.1,0.0,0.0053,-0.0007,0.0516,1082,880,1106,874,0.00,0.01,2.61,0.18,0.4380,1,1,0,0.01,0.00,-0.02,-0.01,0.00,0.00,0.19,210,31
9279,-0.5,3.7,-0.3,0.016,-0.077,-0.998,4.2,-4.1,0.0,0.0072,-0.0105,-0.0025,902,1029,968,1043,0.00,0.01,2.62,0.18,0.4380,1,1,0,0.01,0.00,-0.02,-0.01,0.00,0.00,0.18,210,31
9289,-0.8,3.0,61.8,-0.017,0.080,-1.070,4.2,-4.1,0.0,0.0076,-0.0097,-0.0491,889,1048,956,1050,0.00,0.01,2.62,0.18,0.4380,1,1,0,0.01,0.00,-0.02,-0.01,0.00,0.00,0.17,210,31
9299,1.9,-5.5,-63.3,0.064,-0.015,-0.981,4.1,-4.1,0.0,0.0043,-0.0015,0.0545,1081,881,1106,874,0.00,0.01,2.61,0.18,0.4380,1,1,0,0.01,0.00,-0.02,-0.01,0.00,0.00,0.17,209,31
9309,0.0,3.0,3.0,0.027,-0.043,-0.995,4.2,-4.1,0.0,0.0068,-0.0097,-0.0053,909,1025,973,1036,0.00,0.01,2.62,0.18,0.4380,1,1,0,0.01,0.00,-0.02,-0.01,0.00,0.00,0.17,209,31
9319,-0.6,2.3,60.3,-0.027,0.080,-1.074,4.2,-4.0,0.0,0.0073,-0.0090,-0.0479,894,1046,954,1048,0.00,0.01,2.62,0.18,0.4380,1,1,0,0.01,0.00,-0.02,-0.01,0.00,0.00,0.18,209,31
9329,0.6,-3.3,-62.4,0.059,-0.039,-0.978,4.1,-4.1,0.0,0.0056,-0.0037,0.0540,1076,880,1110,876,0.00,0.01,2.61,0.18,0.4380,1,1,0,0.01,0.00,-0.02,-0.01,0.00,0.00,0.18,209,31
9339,-0.2,3.7,0.7,0.035,-0.036,-0.989,4.2,-4.1,0.0,0.0071,-0.0106,-0.0034,909,1020,980,1033,0.00,0.01,2.62,0.18,0.4380,1,1,0,0.01,0.00,-0.02,-0.01,0.00,0.00,0.19,210,31
9349,0.0,1.5,60.7,-0.017,0.079,-1.066,4.2,-4.0,0.0,0.0068,-0.0081,-0.0483,888,1056,939,1059,0.00,0.01,2.62,0.18,0.4380,1,1,0,0.01,0.00,-0.02,-0.01,0.00,0.00,0.20,210,31
9360,0.9,-2.1,-63.6,0.041,-0.041,-0.977,4.2,-4.1,0.0,0.0055,-0.0044,0.0552,1078,878,1113,873,0.00,0.01,2.61,0.18,0.4380,1,1,0,0.01,0.00,-0.01,-0.01,0.00,0.00,0.18,210,31
9370,-0.4,3.7,-3.2,0.045,-0.036,-1.000,4.2,-4.1,0.0,0.0073,-0.0104,0.0028,904,1019,983,1036,0.00,0.01,2.62,0.18,0.4380,1,1,0,0.01,0.00,-0.01,-0.01,0.00,0.00,0.16,210,31
9380,0.5,0.1,66.0,-0.005,0.092,-1.076,4.2,-4.0,0.0,0.0057,-0.0066,-0.0482,886,1061,931,1064,0.00,0.01,2.62,0.18,0.4380,1,1,0,0.01,0.00,-0.01,-0.01,0.00,0.00,0.17,210,31
9390,0.3,-1.6,-60.9,0.016,-0.073,-0.972,4.2,-4.1,0.0,0.0064,-0.0050,0.0491,1077,880,1117,868,0.00,0.01,2.61,0.18,0.4380,1,1,0,0.01,0.00,-0.01,-0.01,0.00,0.00,0.18,209,31
9400,-2.5,4.8,-6.1,0.049,-0.058,-1.015,4.2,-4.2,0.0,0.0093,-0.0116,0.0052,903,1013,992,1034,0.00,0.01,2.62,0.18,0.4380,1,1,0,0.01,0.00,-0.02,-0.01,0.00,0.00,0.18,209,31
9410,2.0,-1.8,66.8,0.026,0.122,-1.067,4.2,-4.0,0.0,0.0045,-0.0049,-0.0492,888,1065,925,1068,0.00,0.01,2.62,0.18,0.4386,1,1,0,0.01,0.00,-0.01,-0.01,0.00,0.00,0.18,209,31
9420,1.3,-1.8,-61.9,0.008,-0.080,-0.982,4.2,-4.1,0.0,0.0054,-0.0048,0.0498,1083,880,1114,870,0.00,0.01,2.61,0.18,0.4386,1,1,0,0.01,0.00,-0.01,-0.01,0.00,0.00,0.17,210,31
9430,-2.5,5.6,-10.0,0.050,-0.043,-1.007,4.2,-4.2,0.0,0.0095,-0.0138,-0.0012,891,1024,982,1050,0.00,0.01,2.62,0.18,0.4386,1,1,0,0.01,0.00,-0.02,-0.01,0.00,0.00,0.16,211,31
9440,2.6,-2.6,66.9,0.014,0.142,-1.077,4.2,-4.0,0.0,0.0041,-0.0040,-0.0532,890,1064,929,1063,0.00,0.01,2.62,0.18,0.4386,1,1,0,0.01,0.00,-0.01,-0.01,0.00,0.00,0.16,211,31
9450,1.6,-3.1,-59.7,0.018,-0.083,-0.972,4.2,-4.1,0.0,0.0051,-0.0032,0.0500,1086,883,1111,867,0.00,0.01,2.61,0.18,0.4386,1,1,0,0.01,0.00,-0.01,-0.01,0.00,0.00,0.17,211,31
9460,-3.8,6.2,-8.6,0.047,-0.058,-1.000,4.2,-4.2,0.0,0.0106,-0.0145,-0.0023,910,1003,1006,1027,0.00,0.01,2.62,0.18,0.4386,1,1,0,0.01,0.00,-0.02,-0.01,0.00,0.00,0.17,211,31
9471,2.3,-2.1,67.2,0.009,0.125,-1.073,4.2,-4.0,0.0,0.0045,-0.0045,-0.0534,888,1065,931,1062,0.00,0.01,2.62,0.18,0.4386,1,1,0,0.01,0.00,-0.01,-0.01,0.00,0.00,0.17,211,31
9481,1.4,-4.0,-58.3,0.023,-0.055,-0.977,4.2,-4.1,0.0,0.0053,-0.0026,0.0488,1084,882,1109,871,0.00,0.01,2.61,0.18,0.4386,1,1,0,0.01,0.00,-0.01,-0.01,0.00,0.00,0.17,210,31
9491,-2.2,4.8,-13.8,0.054,-0.055,-1.018,4.2,-4.1,0.0,0.0091,-0.0126,0.0049,916,1002,1003,1026,0.00,0.01,2.62,0.18,0.4386,1,1,0,0.01,0.00,-0.02,-0.01,0.00,0.00,0.17,210,31
9501,2.0,-0.8,68.7,-0.011,0.135,-1.071,4.2,-4.0,0.0,0.0048,-0.0057,-0.0537,886,1066,932,1063,0.00,0.01,2.62,0.18,0.4386,1,1,0,0.01,0.00,-0.01,-0.01,0.00,0.00,0.16,209,31
9511,0.1,-4.0,-57.7,0.035,-0.064,-0.991,4.2,-4.1,0.0,0.0066,-0.0026,0.0484,1077,886,1109,875,0.00,0.01,2.61,0.18,0.4386,1,1,0,0.01,0.00,-0.01,-0.02,0.00,0.00,0.15,209,31
9521,-1.2,4.0,-13.3,0.063,-0.049,-1.020,4.2,-4.1,0.0,0.0081,-0.0108,0.0109,918,1003,1001,1024,0.00,0.01,2.62,0.17,0.4386,1,1,0,0.01,0.00,-0.02,-0.01,0.00,0.00,0.16,209,31
9531,0.8,0.1,69.5,-0.027,0.108,-1.064,4.2,-4.0,0.0,0.0063,-0.0063,-0.0520,891,1063,939,1054,0.00,0.01,2.62,0.17,0.4386,1,1,0,0.01,0.00,-0.02,-0.02,0.00,0.00,0.17,209,31
9541,-1.1,-3.3,-54.7,0.027,-0.068,-1.007,4.2,-4.1,0.0,0.0077,-0.0036,0.0481,1079,888,1118,881,0.00,0.01,2.61,0.17,0.4411,1,1,0,0.01,0.00,-0.01,-0.02,0.00,0.00,0.17,210,31
9551,0.2,3.1,-15.3,0.054,-0.027,-1.014,4.2,-4.1,0.0,0.0066,-0.0099,0.0125,929,1004,1007,1026,0.00,0.01,2.62,0.17,0.4411,1,1,0,0.01,0.00,-0.02,-0.02,0.00,0.00,0.18,210,31
9561,0.8,0.3,69.1,-0.031,0.090,-1.061,4.2,-4.0,0.0,0.0061,-0.0067,-0.0540,896,1093,938,1089,0.00,0.01,2.62,0.17,0.4478,1,1,0,0.01,0.00,-0.02,-0.02,0.00,0.00,0.17,210,31
9572,-1.4,-2.2,-55.2,0.033,-0.069,-0.986,4.2,-4.1,0.0,0.0083,-0.0045,0.0445,1093,898,1133,892,0.00,0.01,2.61,0.17,0.4478,1,1,0,0.01,0.00,-0.01,-0.02,0.00,0.00,0.16,210,31
9582,1.1,1.5,-19.7,0.070,-0.013,-1.024,4.2,-4.1,0.0,0.0059,-0.0101,0.0066,957,1006,1028,1025,0.00,0.01,2.62,0.17,0.4478,1,1,0,0.01,0.00,-0.02,-0.02,0.00,0.00,0.18,210,31
9592,1.3,-0.3,72.1,-0.034,0.085,-1.058,4.2,-4.0,0.0,0.0056,-0.0063,-0.0573,896,1098,931,1090,0.00,0.01,2.62,0.17,0.4478,1,1,0,0.01,0.00,-0.02,-0.02,0.00,0.00,0.21,210,31
9602,-2.3,0.0,-52.1,0.021,-0.078,-0.991,4.2,-4.1,0.0,0.0088,-0.0067,0.0485,1088,897,1136,894,0.00,0.01,2.61,0.17,0.4478,1,1,0,0.01,0.00,-0.02,-0.01,0.00,0.00,0.19,211,31
9612,1.3,-0.1,-24.3,0.081,-0.002,-1.009,4.2,-4.1,0.0,0.0056,-0.0066,0.0197,960,1004,1031,1020,0.00,0.01,2.62,0.17,0.4478,1,1,0,0.01,0.00,-0.03,-0.01,0.00,0.00,0.18,211,31
9622,0.6,0.7,70.8,-0.038,0.080,-1.058,4.2,-4.0,0.0,0.0061,-0.0058,-0.0541,941,1125,971,1113,0.00,0.01,2.62,0.17,0.4655,1,1,0,0.01,0.00,-0.03,-0.01,0.00,0.00,0.17,211,31
9632,-2.6,-1.0,-46.6,0.038,-0.065,-0.991,4.2,-4.1,0.0,0.0095,-0.0056,0.0376,1109,938,1167,936,0.00,0.01,2.61,0.17,0.4655,1,1,0,0.01,0.00,-0.02,-0.01,0.00,0.00,0.17,211,31
9642,1.8,-1.6,-27.8,0.082,0.000,-0.986,4.2,-4.1,0.0,0.0048,-0.0069,0.0136,997,1037,1059,1056,0.00,0.01,2.62,0.17,0.4655,1,1,0,0.01,0.00,-0.03,-0.01,0.00,0.00,0.16,211,31
9652,1.0,3.8,70.1,-0.065,0.063,-1.079,4.2,-4.0,0.0,0.0058,-0.0086,-0.0535,923,1130,967,1129,0.00,0.01,2.62,0.17,0.4655,1,1,0,0.01,0.00,-0.03,-0.01,0.00,0.00,0.15,210,31
9663,-1.4,-3.0,-46.1,0.030,-0.008,-0.993,4.2,-4.1,0.0,0.0084,-0.0037,0.0372,1124,957,1183,950,0.00,0.01,2.61,0.17,0.4740,1,1,0,0.01,0.00,-0.02,-0.01,0.00,0.00,0.16,210,31
9673,0.8,-2.4,-29.4,0.061,-0.040,-0.978,4.2,-4.1,0.0,0.0054,-0.0056,0.0151,1006,1064,1063,1081,0.00,0.01,2.62,0.17,0.4740,1,1,0,0.01,0.00,-0.03,-0.01,0.00,0.00,0.17,210,31
9683,-0.5,5.7,68.9,-0.042,0.056,-1.087,4.2,-4.0,0.0,0.0075,-0.0125,-0.0548,933,1138,994,1149,0.00,0.01,2.62,0.17,0.4740,1,1,0,0.01,0.00,-0.03,-0.01,0.00,0.00,0.18,210,31
9693,1.0,-5.5,-42.4,0.018,0.009,-0.990,4.2,-4.1,0.0,0.0059,-0.0011,0.0342,1129,967,1170,949,0.00,0.01,2.61,0.17,0.4740,1,1,0,0.01,0.00,-0.03,-0.01,0.00,0.00,0.17,210,31
9703,-0.2,1.6,-31.1,0.038,-0.078,-0.972,4.2,-4.1,0.0,0.0073,-0.0085,0.0167,1032,1042,1092,1048,0.00,0.01,2.62,0.17,0.4740,1,1,0,0.01,0.00,-0.03,-0.01,0.00,0.00,0.18,210,31
9713,-0.7,2.2,72.4,-0.011,0.126,-1.076,4.2,-4.1,0.0,0.0077,-0.0093,-0.0570,923,1142,992,1156,0.00,0.01,2.62,0.17,0.4740,1,1,0,0.01,0.00,-0.03,-0.01,0.00,0.00,0.19,210,31
9723,1.0,-6.4,-44.5,0.002,-0.033,-1.014,4.2,-4.0,0.0,0.0059,-0.0002,0.0359,1135,974,1160,955,0.00,0.01,2.61,0.17,0.4752,1,1,0,0.01,0.00,-0.03,-0.01,0.00,0.00,0.19,210,31
9733,-1.5,2.5,-32.0,0.051,-0.063,-1.008,4.2,-4.1,0.0,0.0084,-0.0098,0.0231,1029,1039,1103,1053,0.00,0.01,2.62,0.17,0.4752,1,1,0,0.01,0.00,-0.03,-0.01,0.00,0.00,0.19,210,31
9743,1.0,-0.4,72.7,-0.024,0.121,-1.069,4.2,-4.0,0.0,0.0059,-0.0063,-0.0579,934,1156,983,1150,0.00,0.01,2.62,0.17,0.4752,1,1,0,0.01,0.00,-0.03,-0.01,0.00,0.00,0.18,210,31
9753,1.4,-2.7,-39.7,0.013,-0.027,-0.985,4.2,-4.0,0.0,0.0055,-0.0032,0.0393,1129,972,1160,961,0.00,0.01,2.61,0.17,0.4752,1,1,0,0.01,0.00,-0.03,-0.01,0.00,0.00,0.17,210,31
9763,-1.3,-0.2,-31.5,0.045,-0.041,-0.985,4.2,-4.1,0.0,0.0084,-0.0069,0.0228,1033,1043,1100,1047,0.00,0.01,2.62,0.17,0.4752,1,1,0,0.01,0.00,-0.03,-0.01,0.00,0.00,0.16,210,31
9773,-0.1,3.7,71.9,-0.042,0.081,-1.068,4.2,-4.0,0.0,0.0071,-0.0104,-0.0572,926,1154,984,1159,0.00,0.01,2.62,0.17,0.4752,1,1,0,0.01,0.00,-0.03,-0.01,0.00,0.00,0.16,210,31
9784,-0.5,-4.4,-41.4,0.039,0.007,-1.006,4.2,-4.1,0.0,0.0067,-0.0032,0.0408,1130,967,1167,960,0.00,0.01,2.61,0.17,0.4752,1,1,0,0.01,0.00,-0.03,-0.02,0.00,0.00,0.17,210,31
9794,0.2,0.6,-31.9,0.044,-0.070,-0.992,4.2,-4.1,0.0,0.0067,-0.0076,0.0231,1037,1043,1096,1047,0.00,0.01,2.62,0.17,0.4752,1,1,0,0.01,0.00,-0.03,-0.01,0.00,0.00,0.18,209,31
9804,0.5,4.6,71.8,-0.023,0.092,-1.084,4.2,-4.0,0.0,0.0065,-0.0114,-0.0571,919,1148,992,1164,0.00,0.01,2.62,0.17,0.4752,1,1,0,0.01,0.00,-0.03,-0.01,0.00,0.00,0.19,210,31
9814,-0.8,-6.6,-36.6,-0.017,-0.013,-1.000,4.2,-4.0,0.0,0.0077,0.0004,0.0373,1130,983,1156,954,0.00,0.01,2.61,0.17,0.4752,1,1,0,0.01,0.00,-0.03,-0.02,0.00,0.00,0.20,210,31
9824,-0.3,1.5,-40.2,0.066,-0.075,-0.950,4.2,-4.1,0.0,0.0073,-0.0084,0.0324,1040,1031,1105,1047,0.00,0.01,2.62,0.17,0.4752,1,1,0,0.01,0.00,-0.03,-0.01,0.00,0.00,0.18,210,31
9834,0.5,0.0,73.4,-0.021,0.139,-1.076,4.2,-4.0,0.0,0.0060,-0.0076,-0.0575,926,1152,980,1165,0.00,0.01,2.62,0.17,0.4752,1,1,0,0.01,0.00,-0.03,-0.01,0.00,0.00,0.16,210,31
9844,0.3,-3.5,-37.7,0.000,-0.040,-1.008,4.2,-4.0,0.0,0.0065,-0.0026,0.0379,1127,978,1159,959,0.00,0.01,2.61,0.17,0.4752,1,1,0,0.01,0.00,-0.03,-0.02,0.00,0.00,0.17,210,31
9854,-0.6,2.0,-39.1,0.063,-0.051,-0.992,4.2,-4.1,0.0,0.0076,-0.0100,0.0266,1048,1019,1122,1034,0.00,0.01,2.62,0.17,0.4752,1,1,0,0.01,0.00,-0.03,-0.02,0.00,0.00,0.18,210,31
9864,0.5,-0.2,73.6,-0.039,0.113,-1.078,4.2,-4.0,0.0,0.0064,-0.0065,-0.0586,927,1165,974,1158,0.00,0.01,2.62,0.17,0.4752,1,1,0,0.01,0.00,-0.03,-0.02,0.00,0.00,0.18,210,31
9874,0.7,-3.1,-38.1,0.008,-0.025,-0.982,4.2,-4.0,0.0,0.0062,-0.0034,0.0387,1127,971,1164,961,0.00,0.01,2.61,0.17,0.4752,1,1,0,0.01,0.00,-0.03,-0.02,0.00,0.00,0.18,209,31
9884,-1.9,-1.8,-36.1,0.051,-0.041,-0.983,4.2,-4.1,0.0,0.0090,-0.0050,0.0291,1049,1032,1112,1030,0.00,0.01,2.62,0.17,0.4752,1,1,0,0.01,0.00,-0.03,-0.02,0.00,0.00,0.17,209,31
9894,1.1,2.5,70.7,-0.035,0.087,-1.061,4.2,-4.0,0.0,0.0059,-0.0093,-0.0562,928,1154,979,1162,0.00,0.01,2.62,0.17,0.4752,1,1,0,0.01,0.00,-0.03,-0.02,0.00,0.00,0.16,209,30
9905,-0.3,-3.8,-31.7,0.014,-0.001,-1.010,4.2,-4.0,0.0,0.0074,-0.0030,0.0257,1123,972,1164,964,0.00,0.01,2.61,0.17,0.4752,1,1,0,0.01,0.00,-0.03,-0.02,0.00,0.00,0.18,209,30
9915,1.0,-0.6,-43.3,0.072,-0.046,-0.972,4.3,-4.1,0.0,0.0064,-0.0071,0.0267,1055,1025,1113,1030,0.00,0.01,2.62,0.17,0.4752,1,1,0,0.01,0.00,-0.03,-0.02,0.00,0.00,0.19,209,30
9925,-0.1,4.0,72.1,-0.041,0.072,-1.070,4.2,-4.0,0.0,0.0071,-0.0105,-0.0573,925,1154,985,1163,0.00,0.01,2.62,0.17,0.4758,1,1,0,0.01,0.00,-0.03,-0.02,0.00,0.00,0.18,209,30
9935,-0.2,-5.6,-30.6,-0.006,0.012,-1.019,4.2,-4.0,0.0,0.0072,-0.0011,0.0248,1119,983,1162,963,0.00,0.01,2.61,0.17,0.4758,1,1,0,0.01,0.00,-0.03,-0.02,0.00,0.00,0.18,210,30
9945,0.0,-0.6,-44.5,0.038,-0.069,-0.970,4.2,-4.1,0.0,0.0062,-0.0067,0.0283,1065,1020,1113,1029,0.00,0.01,2.62,0.17,0.4758,1,1,0,0.01,0.00,-0.03,-0.02,0.00,0.00,0.18,210,30
9955,-1.5,3.6,74.8,-0.017,0.106,-1.072,4.2,-4.0,0.0,0.0087,-0.0106,-0.0596,914,1159,987,1168,0.00,0.01,2.62,0.17,0.4758,1,1,0,0.01,0.00,-0.03,-0.02,0.00,0.00,0.17,210,30
9965,2.2,-6.7,-29.9,0.007,0.014,-0.999,4.2,-4.0,0.0,0.0048,-0.0001,0.0242,1120,992,1143,973,0.00,0.01,2.61,0.17,0.4758,1,1,0,0.01,0.00,-0.03,-0.02,0.00,0.00,0.17,209,30
9975,-2.9,3.3,-46.0,0.033,-0.098,-0.997,4.2,-4.1,0.0,0.0099,-0.0103,0.0349,1059,1017,1129,1023,0.00,0.01,2.62,0.17,0.4758,1,1,0,0.01,0.00,-0.03,-0.02,0.00,0.00,0.16,208,30
9985,1.6,0.6,72.5,-0.008,0.129,-1.051,4.2,-4.0,0.0,0.0054,-0.0075,-0.0577,917,1164,979,1168,0.00,0.01,2.62,0.17,0.4758,1,1,0,0.01,0.00,-0.03,-0.02,0.00,0.00,0.17,208,30
9995,1.0,-5.7,-28.6,-0.006,-0.031,-0.979,4.2,-4.0,0.0,0.0060,-0.0010,0.0232,1126,992,1137,973,0.00,0.01,2.61,0.17,0.4758,1,1,0,0.01,0.00,-0.03,-0.02,0.00,0.00,0.17,208,30
10006,-2.5,1.5,-49.7,0.057,-0.047,-1.009,4.3,-4.1,0.0,0.0097,-0.0085,0.0400,1052,1016,1137,1023,0.00,0.01,2.62,0.17,0.4758,1,1,0,0.01,0.00,-0.03,-0.02,0.00,0.00,0.17,209,30
10016,3.1,0.5,72.3,-0.025,0.124,-1.042,4.2,-4.0,0.0,0.0038,-0.0070,-0.0581,929,1165,964,1169,0.00,0.01,2.62,0.17,0.4758,1,1,0,0.01,0.00,-0.03,-0.02,0.00,0.00,0.18,209,30
10026,-1.6,-1.0,-22.6,-0.017,-0.033,-0.998,4.2,-4.0,0.0,0.0085,-0.0055,0.0215,1109,990,1151,978,0.00,0.01,2.62,0.17,0.4758,1,1,0,0.01,0.00,-0.03,-0.02,0.00,0.00,0.17,210,30
10036,1.7,-2.7,-53.9,0.080,-0.028,-0.966,4.3,-4.1,0.0,0.0057,-0.0046,0.0414,1066,1016,1130,1016,0.00,0.01,2.62,0.17,0.4758,1,1,0,0.01,0.00,-0.03,-0.02,0.00,0.00,0.16,211,30
10046,-1.4,5.4,70.4,-0.054,0.050,-1.070,4.2,-4.0,0.0,0.0084,-0.0118,-0.0565,920,1161,979,1168,0.00,0.01,2.62,0.17,0.4758,1,1,0,0.01,0.00,-0.04,-0.02,0.00,0.00,0.19,211,30
10056,-0.2,-6.3,-18.5,0.007,0.030,-0.997,4.2,-4.0,0.0,0.0073,-0.0006,0.0151,1104,995,1152,977,0.00,0.01,2.62,0.17,0.4758,1,1,0,0.01,0.00,-0.03,-0.02,0.00,0.00,0.21,211,30
10066,0.6,-1.3,-53.1,0.044,-0.069,-0.963,4.2,-4.1,0.0,0.0063,-0.0056,0.0407,1087,1008,1130,1013,0.00,0.01,2.62,0.17,0.4771,1,1,0,0.01,0.00,0.00,0.00,0.00,0.00,0.20,210,31
10076,-0.5,5.5,70.9,-0.020,0.095,-1.055,4.2,-4.1,0.0,0.0077,-0.0125,-0.0571,911,1161,988,1177,0.00,0.01,2.62,0.17,0.4771,1,1,0,0.01,0.00,0.02,0.00,0.00,0.00,0.18,210,31
10086,2.3,-6.3,-15.6,-0.007,0.026,-0.999,4.2,-4.0,0.0,0.0048,-0.0005,0.0128,1114,1005,1139,979,0.00,0.01,2.62,0.17,0.4771,1,1,0,0.01,0.00,0.02,0.00,0.00,0.00,0.17,210,31
10096,-1.8,1.7,-54.2,0.056,-0.075,-0.987,4.2,-4.1,0.0,0.0091,-0.0095,0.0378,1077,1003,1148,1009,0.00,0.01,2.62,0.17,0.4771,1,1,0,0.01,0.00,0.02,0.00,0.00,0.00,0.17,210,31
10106,0.8,0.0,67.8,-0.015,0.111,-1.040,4.2,-4.0,0.0,0.0065,-0.0069,-0.0547,924,1164,983,1166,0.00,0.01,2.62,0.17,0.4771,1,1,0,0.01,0.00,0.02,0.00,0.00,0.00,0.16,210,31
10116,-0.3,-3.1,-17.7,-0.027,-0.026,-1.005,4.2,-4.0,0.0,0.0072,-0.0033,0.0175,1098,1013,1129,997,0.00,0.01,2.62,0.17,0.4771,1,1,0,0.01,0.00,0.02,0.00,0.00,0.00,0.16,210,31
10126,-1.1,-1.3,-50.9,0.082,-0.031,-0.973,4.2,-4.1,0.0,0.0083,-0.0064,0.0389,1082,1002,1147,1006,0.00,0.01,2.62,0.17,0.4771,1,1,0,0.01,0.00,0.02,0.00,0.00,0.00,0.17,210,31
10137,1.8,3.0,73.0,-0.049,0.100,-1.059,4.2,-4.0,0.0,0.0053,-0.0094,-0.0584,924,1166,974,1172,0.00,0.01,2.62,0.17,0.4771,1,1,0,0.01,0.00,0.02,0.00,0.00,0.00,0.17,210,31
10147,-0.1,-2.3,-25.6,0.004,0.004,-0.998,4.2,-4.1,0.0,0.0073,-0.0046,0.0237,1091,1009,1138,999,0.00,0.01,2.62,0.17,0.4771,1,1,0,0.01,0.00,0.02,0.00,0.00,0.00,0.18,210,31
10157,0.5,-3.9,-43.8,0.054,-0.044,-0.969,4.3,-4.1,0.0,0.0068,-0.0031,0.0330,1093,1013,1132,999,0.00,0.01,2.62,0.17,0.4771,1,1,0,0.01,0.00,0.02,0.00,0.00,0.00,0.18,210,31
10167,-1.7,6.6,72.7,-0.042,0.059,-1.058,4.2,-4.0,0.0,0.0089,-0.0134,-0.0580,909,1161,991,1176,0.00,0.01,2.62,0.17,0.4771,1,1,0,0.01,0.00,0.02,0.00,0.00,0.00,0.17,210,31
10177,0.2,-7.3,-29.5,0.022,0.035,-1.010,4.2,-4.1,0.0,0.0069,-0.0002,0.0295,1102,1016,1129,991,0.00,0.01,2.62,0.17,0.4771,1,1,0,0.01,0.00,0.02,0.00,0.00,0.00,0.16,209,31
10187,0.0,0.8,-42.8,0.034,-0.084,-0.975,4.3,-4.1,0.0,0.0071,-0.0079,0.0345,1087,1001,1143,1006,0.00,0.01,2.62,0.17,0.4771,1,1,0,0.01,0.00,0.02,0.00,0.00,0.00,0.18,209,31
10197,0.5,2.8,73.2,-0.007,0.121,-1.085,4.3,-4.1,0.0,0.0067,-0.0098,-0.0583,916,1163,983,1176,0.00,0.01,2.62,0.17,0.4771,1,1,0,0.01,0.00,0.02,0.00,0.00,0.00,0.19,209,31
10207,1.0,-7.1,-36.6,-0.009,-0.014,-0.989,4.2,-4.0,0.0,0.0061,0.0002,0.0296,1143,986,1156,952,0.00,0.01,2.62,0.17,0.4771,1,1,0,0.01,0.00,0.02,0.00,0.00,0.00,0.19,209,31
10217,-2.8,5.0,-35.4,0.040,-0.099,-0.981,4.3,-4.2,0.0,0.0100,-0.0121,0.0286,1030,1039,1113,1055,0.00,0.01,2.62,0.17,0.4771,1,1,0,0.01,0.00,0.02,0.00,0.00,0.00,0.17,209,31
10227,1.2,-2.4,71.8,0.006,0.145,-1.035,4.2,-4.1,0.0,0.0062,-0.0052,-0.0561,935,1159,984,1160,0.00,0.01,2.62,0.17,0.4771,1,1,0,0.01,0.00,0.02,0.00,0.00,0.00,0.17,209,31
10237,-0.1,-1.5,-38.5,-0.005,-0.066,-1.005,4.2,-4.1,0.0,0.0070,-0.0051,0.0337,1130,976,1164,967,0.00,0.01,2.62,0.17,0.4771,1,1,0,0.01,0.00,0.02,0.00,0.00,0.00,0.16,210,31
10247,-0.7,0.2,-36.6,0.075,-0.030,-1.000,4.3,-4.2,0.0,0.0079,-0.0073,0.0295,1047,1028,1122,1040,0.00,0.01,2.62,0.17,0.4771,1,1,0,0.01,0.00,0.02,0.00,0.00,0.00,0.16,210,31
10257,1.9,0.3,71.4,-0.030,0.106,-1.079,4.2,-4.0,0.0,0.0054,-0.0058,-0.0563,938,1163,978,1159,0.00,0.01,2.62,0.17,0.4771,1,1,0,0.01,0.00,0.02,0.00,0.00,0.00,0.17,210,31
10267,-0.5,-2.3,-34.6,-0.003,-0.008,-1.006,4.2,-4.1,0.0,0.0079,-0.0049,0.0335,1115,982,1166,973,0.00,0.01,2.62,0.17,0.4771,1,1,0,0.01,0.00,0.02,0.00,0.00,0.00,0.17,210,31
10277,0.0,-2.4,-37.6,0.046,-0.035,-0.977,4.3,-4.1,0.0,0.0071,-0.0046,0.0303,1060,1035,1111,1031,0.00,0.01,2.62,0.17,0.4771,1,1,0,0.01,0.00,0.02,0.00,0.00,0.00,0.17,210,31
10287,-0.6,5.7,72.7,-0.042,0.060,-1.073,4.2,-4.0,0.0,0.0072,-0.0124,-0.0575,922,1154,989,1173,0.00,0.01,2.62,0.17,0.4771,1,1,0,0.01,0.00,0.02,0.00,0.00,0.00,0.17,210,31
10297,0.0,-5.9,-37.5,0.023,0.020,-1.006,4.2,-4.1,0.0,0.0072,-0.0013,0.0330,1121,987,1160,970,0.00,0.01,2.62,0.17,0.4771,1,1,0,0.01,0.00,0.02,0.00,0.00,0.00,0.17,210,31
10307,0.8,0.8,-40.8,0.062,-0.071,-0.982,4.2,-4.1,0.0,0.0062,-0.0081,0.0304,1058,1029,1115,1040,0.00,0.01,2.62,0.17,0.4777,1,1,0,0.01,0.00,0.02,0.00,0.00,0.00,0.16,210,31
10317,-0.9,2.7,72.1,-0.032,0.101,-1.063,4.2,-4.1,0.0,0.0084,-0.0094,-0.0566,922,1164,989,1167,0.00,0.01,2.62,0.17,0.4777,1,1,0,0.01,0.00,0.02,0.00,0.00,0.00,0.17,210,31
10328,1.4,-5.4,-32.0,-0.001,-0.020,-0.987,4.2,-4.0,0.0,0.0058,-0.0015,0.0259,1126,995,1152,969,0.00,0.01,2.62,0.17,0.4777,1,1,0,0.01,0.00,0.02,0.00,0.00,0.00,0.17,210,31
10338,-1.9,1.2,-42.8,0.052,-0.078,-0.982,4.3,-4.1,0.0,0.0088,-0.0093,0.0272,1056,1025,1126,1035,0.00,0.01,2.62,0.17,0.4777,1,1,0,0.01,0.00,0.02,0.00,0.00,0.00,0.18,211,31
10348,-0.7,2.5,72.0,-0.019,0.121,-1.054,4.2,-4.0,0.0,0.0081,-0.0094,-0.0573,946,1189,1011,1192,0.00,0.01,2.62,0.17,0.4905,1,1,0,0.01,0.00,0.02,0.00,0.00,0.00,0.18,211,31
10358,1.5,-4.7,-30.9,0.016,-0.014,-1.006,4.2,-4.1,0.0,0.0057,-0.0023,0.0250,1148,1010,1176,1005,0.00,0.01,2.62,0.17,0.4905,1,1,0,0.01,0.00,0.02,0.00,0.00,0.00,0.17,211,31
10368,-1.7,0.2,-45.3,0.053,-0.050,-0.984,4.3,-4.1,0.0,0.0091,-0.0083,0.0291,1095,1040,1163,1040,0.00,0.01,2.62,0.17,0.4905,1,1,0,0.01,0.00,0.02,0.00,0.00,0.00,0.16,211,31
10378,2.3,2.7,74.5,-0.023,0.103,-1.083,4.2,-4.0,0.0,0.0051,-0.0095,-0.0596,946,1189,1002,1201,0.00,0.01,2.62,0.17,0.4905,1,1,0,0.01,0.00,0.02,0.01,0.00,0.00,0.18,210,30
10388,-1.6,-3.8,-25.8,-0.026,0.007,-1.002,4.2,-4.1,0.0,0.0083,-0.0027,0.0296,1141,1018,1179,1000,0.00,0.01,2.62,0.17,0.4905,1,1,0,0.01,0.00,0.00,0.00,0.00,0.00,0.20,211,31
10398,0.9,-1.1,-49.4,0.061,-0.065,-0.985,4.3,-4.1,0.0,0.0066,-0.0063,0.0354,1105,1036,1161,1036,0.00,0.01,2.62,0.17,0.4905,1,1,0,0.01,0.00,0.00,0.00,0.00,0.00,0.19,211,31
10408,-1.2,2.3,72.3,-0.039,0.094,-1.045,4.2,-4.1,0.0,0.0085,-0.0094,-0.0575,942,1191,1009,1197,0.00,0.01,2.62,0.17,0.4905,1,1,0,0.01,0.00,0.00,0.00,0.00,0.00,0.18,211,31
10418,1.3,-5.7,-24.0,-0.003,0.000,-0.988,4.2,-4.0,0.0,0.0063,-0.0008,0.0285,1135,1031,1163,1009,0.00,0.01,2.62,0.17,0.4905,1,1,0,0.01,0.00,0.00,0.00,0.00,0.00,0.17,211,31
10428,-0.8,0.0,-46.0,0.051,-0.052,-0.991,4.2,-4.1,0.0,0.0074,-0.0086,0.0298,1100,1033,1162,1043,0.00,0.01,2.62,0.17,0.4905,1,1,0,0.01,0.00,0.00,0.00,0.00,0.00,0.17,211,31
10439,0.8,2.7,69.8,-0.023,0.115,-1.040,4.2,-4.0,0.0,0.0064,-0.0098,-0.0555,948,1188,1010,1193,0.00,0.01,2.62,0.17,0.4905,1,1,0,0.01,0.00,0.00,0.00,0.00,0.00,0.16,211,31
10449,-0.3,-2.3,-20.8,-0.010,-0.019,-1.020,4.2,-4.1,0.0,0.0068,-0.0048,0.0255,1133,1019,1172,1014,0.00,0.01,2.62,0.17,0.4905,1,1,0,0.01,0.00,0.00,0.00,0.00,0.00,0.16,211,31
10459,-0.4,-1.1,-48.3,0.077,-0.041,-0.995,4.2,-4.1,0.0,0.0078,-0.0065,0.0366,1104,1035,1166,1034,0.00,0.01,2.62,0.17,0.4905,1,1,0,0.01,0.00,0.00,0.00,0.00,0.00,0.16,211,31
10469,0.8,4.4,69.8,-0.031,0.064,-1.047,4.2,-4.0,0.0,0.0064,-0.0115,-0.0555,949,1183,1010,1196,0.00,0.01,2.62,0.17,0.4905,1,1,0,0.01,0.00,0.00,0.00,0.00,0.00,0.17,211,31
10479,-0.2,-5.0,-20.1,0.000,0.018,-0.987,4.2,-4.0,0.0,0.0077,-0.0018,0.0248,1123,1040,1160,1016,0.00,0.01,2.62,0.17,0.4905,1,1,0,0.01,0.00,0.00,0.00,0.00,0.00,0.18,211,31
10489,0.5,0.4,-52.2,0.049,-0.073,-0.966,4.2,-4.1,0.0,0.0067,-0.0075,0.0420,1114,1028,1165,1032,0.00,0.01,2.62,0.17,0.4905,1,1,0,0.01,0.00,0.00,0.00,0.00,0.00,0.17,211,31
10499,0.5,3.5,70.6,-0.029,0.121,-1.050,4.2,-4.1,0.0,0.0076,-0.0105,-0.0581,938,1192,1010,1199,0.00,0.01,2.62,0.17,0.4905,1,1,0,0.01,0.00,0.00,0.00,0.00,0.00,0.17,211,31
10509,0.5,-5.4,-19.2,-0.012,-0.001,-0.993,4.2,-4.0,0.0,0.0065,-0.0002,0.0252,1134,1040,1157,1016,0.00,0.01,2.62,0.17,0.4917,1,1,0,0.01,0.00,0.00,0.00,0.00,0.00,0.19,211,31
10519,-2.9,0.2,-51.6,0.055,-0.049,-0.979,4.3,-4.2,0.0,0.0103,-0.0074,0.0415,1100,1036,1179,1034,0.00,0.01,2.62,0.17,0.4917,1,1,0,0.01,0.00,0.00,0.00,0.00,0.00,0.21,211,31
10529,2.1,1.2,67.3,-0.017,0.096,-1.043,4.2,-4.0,0.0,0.0050,-0.0080,-0.0542,958,1188,1005,1196,0.00,0.01,2.62,0.17,0.4917,1,1,0,0.01,0.00,0.00,0.01,0.00,0.00,0.19,211,31
10539,-1.7,-1.6,-11.8,-0.025,0.004,-1.022,4.2,-4.1,0.0,0.0090,-0.0054,0.0098,1109,1041,1167,1031,0.00,0.01,2.62,0.17,0.4917,1,1,0,0.01,0.00,0.00,0.00,0.00,0.00,0.18,211,31
10550,1.8,-4.2,-55.7,0.084,-0.048,-0.939,4.2,-4.1,0.0,0.0055,-0.0039,0.0391,1133,1023,1172,1020,0.00,0.01,2.62,0.17,0.4917,1,1,0,0.01,0.00,0.00,0.01,0.00,0.00,0.18,210,31
10560,-1.6,6.0,72.6,-0.048,0.085,-1.084,4.2,-4.1,0.0,0.0088,-0.0130,-0.0586,936,1194,1012,1206,0.00,0.01,2.62,0.17,0.4917,1,1,0,0.01,0.00,0.00,0.01,0.00,0.00,0.17,210,31
10570,1.7,-5.8,-16.8,-0.005,0.017,-0.999,4.2,-4.0,0.0,0.0055,-0.0012,0.0138,1134,1038,1159,1017,0.00,0.01,2.62,0.17,0.4917,1,1,0,0.01,0.00,0.00,0.00,0.00,0.00,0.18,210,31
10580,-2.9,1.4,-54.2,0.043,-0.080,-1.009,4.2,-4.1,0.0,0.0100,-0.0085,0.0377,1116,1027,1184,1021,0.00,0.01,2.62,0.17,0.4917,1,1,0,0.01,0.00,0.00,0.01,0.00,0.00,0.19,210,31
10590,1.8,1.0,67.5,-0.027,0.107,-1.049,4.2,-4.1,0.0,0.0056,-0.0081,-0.0545,952,1190,1008,1198,0.00,0.01,2.62,0.17,0.4917,1,1,0,0.01,0.00,0.00,0.01,0.00,0.00,0.18,210,31
10600,0.0,-2.4,-8.6,-0.039,0.000,-1.026,4.2,-4.0,0.0,0.0074,-0.0047,0.0072,1107,1056,1141,1043,0.00,0.01,2.62,0.17,0.4917,1,1,0,0.01,0.00,0.00,0.01,0.00,0.00,0.17,210,31
10610,0.3,-2.4,-59.1,0.057,-0.030,-0.937,4.3,-4.1,0.0,0.0079,-0.0062,0.0416,1127,1019,1187,1015,0.00,0.01,2.62,0.17,0.4917,1,1,0,0.01,0.00,0.00,0.01,0.00,0.00,0.17,210,31
10620,0.0,3.5,67.5,-0.039,0.067,-1.049,4.2,-4.0,0.0,0.0073,-0.0107,-0.0537,951,1188,1011,1198,0.00,0.01,2.62,0.17,0.4923,1,1,0,0.01,0.00,0.00,0.01,0.00,0.00,0.18,210,31
10630,-0.9,-5.2,-5.8,-0.018,0.034,-1.005,4.2,-4.1,0.0,0.0087,-0.0029,0.0137,1101,1061,1149,1042,0.00,0.01,2.62,0.17,0.4923,1,1,0,0.01,0.00,0.00,0.01,0.00,0.00,0.17,210,31
10640,0.2,-3.3,-61.4,0.065,-0.074,-0.966,4.2,-4.1,-1.2,0.0071,-0.0038,0.0484,1141,1017,1183,1012,0.00,0.01,2.62,0.17,0.4923,1,1,0,0.01,0.00,0.00,0.01,0.00,0.00,0.16,210,31
10651,0.7,4.3,65.2,-0.016,0.096,-1.026,4.2,-4.1,-1.2,0.0067,-0.0120,-0.0569,941,1189,1013,1209,0.00,0.01,2.62,0.17,0.4923,1,1,0,0.01,0.00,0.00,0.01,0.00,0.00,0.18,210,31
10661,0.0,-4.1,0.4,-0.023,0.012,-1.029,4.2,-4.0,-4.7,0.0069,-0.0022,0.0027,1108,1064,1137,1043,0.00,0.01,2.62,0.17,0.4923,1,1,0,0.01,0.00,0.00,0.01,0.00,0.00,0.20,210,31
10671,-1.2,-0.5,-61.1,0.073,-0.039,-0.990,4.3,-4.2,-4.7,0.0089,-0.0085,0.0403,1111,1025,1186,1030,0.00,0.01,2.62,0.17,0.4923,1,1,0,0.01,0.00,0.00,0.01,0.00,0.00,0.18,210,31
10681,1.3,2.8,61.4,-0.029,0.067,-1.033,4.2,-4.0,-4.7,0.0059,-0.0095,-0.0538,954,1193,1006,1200,0.00,0.01,2.62,0.17,0.4935,1,1,0,0.01,0.00,0.00,0.01,0.00,0.00,0.17,210,31
10691,-0.8,-0.2,3.2,-0.020,0.029,-1.011,4.2,-4.0,-4.7,0.0082,-0.0068,-0.0060,1089,1074,1138,1062,0.00,0.01,2.62,0.17,0.4935,1,1,0,0.01,0.00,0.00,0.01,0.00,0.00,0.17,210,31
10701,0.0,-4.0,-65.4,0.067,-0.066,-0.945,4.3,-4.1,-7.5,0.0075,-0.0040,0.0421,1139,1023,1186,1013,0.00,0.01,2.62,0.17,0.4935,1,1,0,0.01,0.00,0.00,0.01,0.00,0.00,0.17,210,31
10711,0.3,7.7,63.0,-0.032,0.052,-1.064,4.3,-4.1,-7.5,0.0070,-0.0150,-0.0562,931,1197,1013,1221,0.00,0.01,2.63,0.17,0.4935,1,1,0,0.01,0.00,0.00,0.01,0.00,0.00,0.18,210,31
10721,0.6,-7.4,5.3,-0.027,0.041,-0.970,4.2,-4.0,-7.5,0.0067,0.0013,-0.0009,1090,1097,1110,1065,0.00,0.01,2.62,0.17,0.4935,1,1,0,0.01,0.00,0.00,0.01,0.00,0.00,0.17,210,31
10731,-1.3,1.4,-62.8,0.064,-0.080,-0.978,4.3,-4.1,-7.5,0.0090,-0.0087,0.0431,1126,1022,1194,1019,0.00,0.01,2.62,0.17,0.4935,1,1,0,0.01,0.00,0.00,0.01,0.00,0.00,0.17,210,31
10741,1.8,0.5,60.6,-0.011,0.097,-0.996,4.3,-4.1,-8.1,0.0056,-0.0078,-0.0548,948,1207,999,1216,0.00,0.01,2.63,0.17,0.4948,1,1,0,0.01,0.00,0.00,0.01,0.00,0.00,0.17,210,31
10752,-0.6,0.6,9.6,-0.047,0.000,-1.017,4.3,-4.0,-8.1,0.0084,-0.0066,-0.0040,1071,1093,1125,1082,0.00,0.01,2.62,0.17,0.4948,1,1,0,0.01,0.00,0.00,0.01,0.00,0.00,0.17,210,31
10762,0.6,-4.6,-68.1,0.069,-0.018,-0.910,4.3,-4.1,-10.6,0.0068,-0.0026,0.0462,1136,1029,1187,1019,0.00,0.01,2.62,0.17,0.4948,1,1,0,0.01,0.00,0.00,0.01,0.00,0.00,0.16,209,31
10772,-1.7,5.3,60.8,-0.024,0.027,-1.042,4.2,-4.0,-10.6,0.0091,-0.0125,-0.0570,939,1211,1003,1217,0.00,0.01,2.63,0.17,0.4948,1,1,0,0.01,0.00,0.00,0.01,0.00,0.00,0.15,209,31
10782,0.6,-5.0,14.1,-0.013,0.069,-1.012,4.2,-4.1,-10.6,0.0070,-0.0026,-0.0136,1068,1101,1112,1089,0.00,0.01,2.62,0.17,0.4948,1,1,0,0.01,0.00,0.00,0.01,0.00,0.00,0.16,208,31
10792,-1.0,-1.7,-67.1,0.058,-0.071,-0.969,4.2,-4.1,-10.6,0.0085,-0.0054,0.0453,1141,1028,1186,1016,0.00,0.01,2.62,0.17,0.4948,1,1,0,0.01,0.00,0.00,0.01,0.00,0.00,0.16,208,31
10802,0.3,4.1,57.0,-0.004,0.064,-1.019,4.3,-4.1,-10.6,0.0072,-0.0117,-0.0598,937,1203,1010,1220,0.00,0.01,2.63,0.17,0.4948,1,1,0,0.01,0.00,0.00,0.01,0.00,0.00,0.17,208,31
10812,-0.8,-2.0,14.9,-0.034,0.021,-1.053,4.2,-4.0,-10.6,0.0082,-0.0051,-0.0203,1075,1104,1107,1085,0.00,0.01,2.62,0.17,0.4948,1,1,0,0.01,0.00,0.00,0.01,0.00,0.00,0.17,208,31
10822,0.6,-2.6,-68.9,0.074,-0.025,-0.931,4.3,-4.2,-10.6,0.0074,-0.0065,0.0427,1138,1018,1197,1018,0.00,0.01,2.62,0.17,0.4948,1,1,0,0.01,0.00,0.00,0.01,0.00,0.00,0.16,209,31
10832,0.0,5.1,56.9,-0.023,0.047,-1.044,4.2,-4.1,-10.6,0.0070,-0.0120,-0.0556,947,1199,1010,1216,0.00,0.01,2.63,0.17,0.4948,1,1,0,0.01,0.00,0.00,0.01,0.00,0.00,0.16,209,30
10842,0.3,-2.1,16.1,-0.020,0.068,-1.013,4.2,-4.0,-10.6,0.0072,-0.0052,-0.0187,1053,1111,1103,1104,0.00,0.01,2.62,0.17,0.4948,1,1,0,0.01,0.00,0.00,0.01,0.00,0.00,0.18,209,30
10853,0.6,-3.6,-67.3,0.068,-0.075,-0.965,4.3,-4.1,-10.6,0.0068,-0.0036,0.0446,1148,1021,1190,1012,0.00,0.01,2.62,0.17,0.4948,1,1,0,0.01,0.00,0.00,0.01,0.00,0.00,0.21,209,30
10863,1.4,4.4,53.7,0.009,0.074,-1.023,4.3,-4.1,-10.6,0.0060,-0.0117,-0.0515,935,1201,1012,1222,0.00,0.01,2.63,0.17,0.4948,1,1,0,0.01,0.00,0.00,0.00,0.00,0.00,0.19,209,31
10873,-2.0,-1.1,19.0,-0.041,-0.001,-1.020,4.2,-4.0,-10.6,0.0089,-0.0039,-0.0140,1058,1118,1099,1095,0.00,0.01,2.62,0.17,0.4948,1,1,0,0.01,0.00,0.00,0.00,0.00,0.00,0.18,209,31
10883,-0.1,-2.0,-68.5,0.088,-0.026,-0.936,4.3,-4.2,-6.2,0.0076,-0.0052,0.0497,1140,1018,1206,1011,0.00,0.01,2.62,0.17,0.4954,1,1,0,0.01,0.00,0.00,0.00,0.00,0.00,0.17,210,31
10893,1.3,2.8,47.6,-0.009,-0.002,-1.007,4.2,-4.1,-6.2,0.0048,-0.0090,-0.0486,970,1188,1014,1204,0.00,0.01,2.63,0.17,0.4954,1,1,0,0.01,0.00,0.00,0.00,0.00,0.00,0.16,210,31
10903,0.0,0.6,26.0,-0.024,0.072,-1.036,4.3,-4.1,-6.2,0.0081,-0.0079,-0.0203,1047,1113,1109,1106,0.00,0.01,2.62,0.17,0.4954,1,1,0,0.01,0.00,0.00,0.00,0.00,0.00,0.16,210,31
10913,1.7,-4.0,-70.8,0.073,-0.059,-0.947,4.2,-4.1,-6.2,0.0057,-0.0032,0.0515,1162,1012,1197,1004,0.00,0.01,2.62,0.17,0.4954,1,1,0,0.01,0.00,0.00,0.00,0.00,0.00,0.15,210,31
10923,-1.5,6.6,51.6,-0.012,0.029,-1.043,4.3,-4.1,-6.2,0.0096,-0.0136,-0.0529,943,1194,1031,1207,0.00,0.01,2.63,0.17,0.4954,1,1,0,0.01,0.00,0.00,0.00,0.00,0.00,0.16,210,31
10933,1.1,-3.6,22.0,-0.020,0.032,-0.986,4.2,-4.0,-6.2,0.0063,-0.0035,-0.0227,1071,1108,1100,1096,0.00,0.01,2.62,0.17,0.4954,1,1,0,0.01,0.00,0.00,0.00,0.00,0.00,0.16,209,31
10943,-2.0,0.2,-68.7,0.053,-0.070,-0.988,4.3,-4.1,-6.2,0.0097,-0.0077,0.0490,1140,1019,1208,1008,0.00,0.01,2.62,0.17,0.4954,1,1,0,0.01,0.00,0.00,0.00,0.00,0.00,0.18,208,31
10954,2.3,3.9,43.4,0.000,0.039,-0.992,4.2,-4.1,-6.2,0.0051,-0.0112,-0.0399,968,1181,1024,1203,0.00,0.01,2.63,0.17,0.4954,1,1,0,0.01,0.00,0.00,0.00,0.00,0.00,0.19,208,31
10964,-1.5,0.1,30.6,-0.049,0.071,-1.052,4.2,-4.0,-6.2,0.0092,-0.0072,-0.0270,1049,1121,1108,1107,0.00,0.01,2.62,0.17,0.4966,1,1,0,0.01,0.00,0.00,0.00,0.00,0.00,0.17,207,31
10974,2.3,-3.8,-73.5,0.069,-0.044,-0.944,4.3,-4.1,-6.2,0.0057,-0.0038,0.0517,1162,1011,1207,1004,0.00,0.01,2.62,0.17,0.4966,1,1,0,0.01,0.00,0.00,0.00,0.00,0.00,0.15,208,31
10984,-2.4,4.5,46.4,-0.011,0.021,-1.045,4.3,-4.1,-6.2,0.0100,-0.0118,-0.0423,947,1201,1026,1211,0.00,0.01,2.63,0.17,0.4966,1,1,0,0.01,0.00,0.00,0.00,0.00,0.00,0.17,208,31
10994,1.3,-2.9,28.5,-0.029,0.036,-1.007,4.2,-4.0,-6.2,0.0062,-0.0038,-0.0196,1061,1117,1100,1106,0.00,0.01,2.62,0.17,0.4966,1,1,0,0.01,0.00,0.00,0.00,0.00,0.00,0.18,208,31
11004,-1.4,-1.2,-70.6,0.057,-0.053,-1.002,4.3,-4.1,-6.2,0.0089,-0.0061,0.0512,1156,1014,1210,1005,0.00,0.01,2.62,0.17,0.4966,1,1,0,0.01,0.00,0.00,0.00,0.00,0.00,0.18,208,31
11014,1.8,3.7,36.3,0.006,0.000,-0.977,4.2,-4.1,-6.2,0.0053,-0.0106,-0.0421,965,1191,1020,1209,0.00,0.01,2.63,0.17,0.4966,1,1,0,0.01,0.00,0.00,0.00,0.00,0.00,0.19,208,31
11024,-2.0,-0.4,37.4,-0.032,0.059,-1.071,4.3,-4.0,-6.2,0.0099,-0.0064,-0.0264,1041,1130,1100,1114,0.00,0.01,2.62,0.17,0.4966,1,1,0,0.01,0.00,0.00,0.00,0.00,0.00,0.17,208,31
11034,2.3,-4.2,-74.3,0.074,-0.047,-0.922,4.3,-4.1,-6.2,0.0052,-0.0030,0.0542,1162,1012,1207,1004,0.00,0.01,2.62,0.17,0.4966,1,1,0,0.01,0.00,0.00,0.00,0.00,0.00,0.15,208,31
11044,-3.1,7.1,40.4,-0.013,0.008,-1.042,4.3,-4.1,-6.2,0.0107,-0.0144,-0.0401,956,1188,1039,1201,0.00,0.01,2.63,0.17,0.4966,1,1,0,0.01,0.00,0.00,0.00,0.00,0.00,0.15,208,31
11054,2.7,-3.6,33.1,-0.016,0.070,-1.005,4.2,-4.0,-6.2,0.0048,-0.0036,-0.0293,1053,1124,1089,1118,0.00,0.01,2.62,0.17,0.4966,1,1,0,0.01,0.00,0.00,0.00,0.00,0.00,0.15,208,31
11065,-1.7,-3.1,-71.5,0.061,-0.077,-0.985,4.3,-4.1,-6.2,0.0093,-0.0042,0.0519,1163,1010,1217,998,0.00,0.01,2.62,0.17,0.4972,1,1,0,0.01,0.00,0.00,0.00,0.00,0.00,0.16,208,31
11075,2.8,4.5,34.9,0.015,0.019,-0.991,4.3,-4.1,-6.2,0.0046,-0.0123,-0.0417,967,1181,1034,1208,0.00,0.01,2.63,0.17,0.4972,1,1,0,0.01,0.00,0.00,0.00,0.00,0.00,0.17,208,31
11085,-2.5,1.2,36.3,-0.040,0.046,-1.059,4.2,-4.0,-6.2,0.0100,-0.0081,-0.0317,1030,1141,1088,1129,0.00,0.01,2.62,0.17,0.4972,1,1,0,0.01,0.00,0.00,0.00,0.00,0.00,0.18,209,31
11095,2.2,-4.6,-73.0,0.088,-0.042,-0.933,4.3,-4.1,-6.2,0.0056,-0.0030,0.0529,1165,1009,1215,1000,0.00,0.01,2.62,0.17,0.4972,1,1,0,0.01,0.00,0.00,0.00,0.00,0.00,0.18,209,31
11105,-2.4,4.3,34.4,0.003,-0.010,-1.024,4.3,-4.1,-6.2,0.0087,-0.0117,-0.0403,970,1181,1040,1198,0.00,0.01,2.63,0.17,0.4972,1,1,0,0.01,0.00,0.00,0.00,0.00,0.00,0.16,209,31
11115,1.2,0.1,40.3,-0.029,0.066,-1.034,4.3,-4.0,-6.2,0.0066,-0.0070,-0.0327,1031,1141,1082,1136,0.00,0.01,2.62,0.17,0.4972,1,1,0,0.01,0.00,0.00,0.00,0.00,0.00,0.15,210,31
11125,0.6,-3.1,-72.8,0.066,-0.062,-0.958,4.3,-4.1,-9.0,0.0070,-0.0042,0.0506,1170,1008,1208,1003,0.00,0.01,2.62,0.17,0.4972,1,1,0,0.01,0.00,0.00,0.00,0.00,0.00,0.16,210,31
11135,0.7,5.5,34.9,0.010,0.010,-1.014,4.3,-4.1,-9.0,0.0075,-0.0126,-0.0442,966,1183,1042,1199,0.00,0.01,2.63,0.17,0.4972,1,1,0,0.01,0.00,0.00,0.00,0.00,0.00,0.16,210,31
11145,-0.8,0.0,42.6,-0.018,0.051,-1.044,4.2,-4.0,-9.0,0.0084,-0.0073,-0.0417,1028,1148,1075,1139,0.00,0.01,2.62,0.17,0.4972,1,1,0,0.01,0.00,0.00,0.00,0.00,0.00,0.17,210,31
11155,0.8,-2.1,-70.3,0.068,-0.055,-0.947,4.3,-4.1,-9.0,0.0067,-0.0053,0.0486,1161,1014,1210,1004,0.00,0.01,2.62,0.17,0.4972,1,1,0,0.01,0.00,0.00,0.00,0.00,0.00,0.18,209,31
11165,-0.4,5.0,32.2,0.001,-0.004,-1.012,4.2,-4.1,-9.0,0.0069,-0.0119,-0.0409,978,1173,1045,1193,0.00,0.01,2.63,0.17,0.4972,1,1,0,0.01,0.00,0.00,0.00,0.00,0.00,0.15,209,30
11175,1.5,-1.0,42.4,-0.018,0.079,-1.030,4.3,-4.0,-9.0,0.0060,-0.0063,-0.0416,1022,1155,1072,1140,0.00,0.01,2.62,0.17,0.4972,1,1,0,0.01,0.00,0.00,0.00,0.00,0.00,0.17,209,30
11186,-0.4,-2.4,-73.6,0.071,-0.068,-0.941,4.3,-4.1,-9.0,0.0081,-0.0049,0.0512,1170,1005,1217,997,0.00,0.01,2.62,0.17,0.4972,1,1,0,0.01,0.00,0.00,0.00,0.00,0.00,0.19,209,30
11196,0.2,4.0,32.6,0.022,0.007,-1.014,4.3,-4.1,-9.0,0.0078,-0.0114,-0.0424,970,1181,1045,1193,0.00,0.01,2.63,0.17,0.4972,1,1,0,0.01,0.00,0.00,0.01,0.00,0.00,0.18,209,30
11206,0.2,0.4,40.8,-0.041,0.049,-1.049,4.2,-4.0,-9.0,0.0074,-0.0078,-0.0404,1016,1154,1066,1154,0.00,0.01,2.62,0.17,0.4972,1,1,0,0.01,0.00,0.00,0.00,0.00,0.00,0.17,209,30
11216,1.2,-3.9,-68.6,0.067,-0.038,-0.955,4.3,-4.1,-9.0,0.0073,-0.0033,0.0472,1164,1018,1207,1000,0.00,0.01,2.62,0.17,0.4972,1,1,0,0.01,0.00,0.00,0.00,0.00,0.00,0.17,209,30
11226,0.1,5.4,26.7,0.004,-0.011,-1.001,4.3,-4.1,-8.7,0.0072,-0.0130,-0.0318,982,1165,1053,1190,0.00,0.01,2.63,0.17,0.4972,1,1,0,0.01,0.00,0.00,0.01,0.00,0.00,0.16,209,30
11236,-0.4,-1.4,45.9,-0.026,0.081,-1.048,4.3,-4.0,-8.7,0.0081,-0.0059,-0.0443,1007,1171,1058,1152,0.00,0.01,2.62,0.17,0.4972,1,1,0,0.01,0.00,0.00,0.00,0.00,0.00,0.16,209,30
11246,0.7,-2.9,-72.9,0.071,-0.056,-0.953,4.3,-4.1,-8.7,0.0065,-0.0049,0.0512,1171,1004,1215,999,0.00,0.01,2.62,0.17,0.4972,1,1,0,0.01,0.00,0.00,0.00,0.00,0.00,0.15,208,30
11256,-2.0,3.4,29.2,0.000,0.002,-1.011,4.3,-4.1,-8.7,0.0099,-0.0107,-0.0339,974,1181,1053,1181,0.00,0.01,2.63,0.17,0.4972,1,1,0,0.01,0.00,0.00,0.01,0.00,0.00,0.16,208,30
11266,1.7,0.6,46.1,-0.014,0.064,-1.049,4.2,-4.0,-8.7,0.0059,-0.0080,-0.0445,1005,1158,1058,1167,0.00,0.01,2.62,0.17,0.4972,1,1,0,0.01,0.00,0.00,0.00,0.00,0.00,0.18,209,30
11276,0.4,-4.9,-69.9,0.059,-0.051,-0.959,4.3,-4.1,-8.7,0.0074,-0.0025,0.0487,1169,1015,1208,997,0.00,0.01,2.62,0.17,0.4972,1,1,0,0.01,0.00,0.00,0.00,0.00,0.00,0.19,209,30
11286,0.6,7.2,27.2,0.001,-0.016,-1.004,4.2,-4.1,-8.7,0.0068,-0.0149,-0.0323,985,1153,1066,1185,0.00,0.01,2.63,0.17,0.4972,1,1,0,0.01,0.00,0.00,0.01,0.00,0.00,0.17,209,30
11296,0.0,-3.1,46.4,-0.029,0.083,-1.044,4.3,-4.0,-8.7,0.0077,-0.0042,-0.0448,1008,1172,1054,1155,0.00,0.01,2.62,0.17,0.4972,1,1,0,0.01,0.00,0.00,0.00,0.00,0.00,0.16,209,30
11307,0.0,0.0,-72.3,0.059,-0.070,-0.970,4.3,-4.1,-8.7,0.0076,-0.0077,0.0504,1164,1001,1222,1002,0.00,0.01,2.62,0.17,0.4972,1,1,0,0.01,0.00,0.00,0.00,0.00,0.00,0.18,210,30
11317,-0.9,1.9,23.6,0.022,0.000,-0.993,4.3,-4.1,-8.7,0.0086,-0.0093,-0.0266,990,1167,1062,1170,0.00,0.01,2.63,0.17,0.4972,1,1,0,0.01,0.00,0.00,0.01,0.00,0.00,0.21,210,30
11327,0.0,2.9,47.6,-0.027,0.055,-1.050,4.2,-4.0,-8.7,0.0075,-0.0102,-0.0437,1002,1158,1063,1166,0.00,0.01,2.62,0.17,0.4972,1,1,0,0.01,0.00,0.00,0.00,0.00,0.00,0.19,210,31
11337,0.9,-6.3,-69.0,0.066,-0.028,-0.973,4.3,-4.1,-8.7,0.0067,-0.0011,0.0474,1171,1014,1208,996,0.00,0.01,2.62,0.17,0.4972,1,1,0,0.01,0.00,0.00,0.00,0.00,0.00,0.18,210,31
11347,0.5,7.1,21.0,0.018,-0.029,-1.006,4.3,-4.1,-8.7,0.0071,-0.0146,-0.0246,990,1152,1066,1181,0.00,0.01,2.63,0.17,0.4972,1,1,0,0.01,0.00,0.00,0.00,0.00,0.00,0.17,210,31
11357,0.0,-2.4,51.8,-0.009,0.089,-1.039,4.3,-4.0,-8.7,0.0083,-0.0046,-0.0421,1003,1175,1052,1159,0.00,0.01,2.62,0.17,0.4972,1,1,0,0.01,0.00,0.00,0.00,0.00,0.00,0.16,210,31
11367,0.7,-0.2,-70.4,0.065,-0.073,-0.981,4.3,-4.1,-6.2,0.0069,-0.0072,0.0505,1168,999,1221,1001,0.00,0.01,2.62,0.17,0.4972,1,1,0,0.01,0.00,0.00,0.00,0.00,0.00,0.15,210,31
11377,-1.9,2.2,13.7,0.040,-0.006,-0.984,4.3,-4.1,-6.2,0.0098,-0.0100,-0.0197,1011,1144,1088,1146,0.00,0.01,2.63,0.17,0.4972,1,1,0,0.01,0.00,0.00,0.00,0.00,0.00,0.15,210,31
11387,0.2,3.7,57.0,-0.022,0.037,-1.062,4.2,-4.0,-6.2,0.0075,-0.0112,-0.0515,985,1173,1047,1184,0.00,0.01,2.62,0.17,0.4972,1,1,0,0.01,0.00,0.00,0.00,0.00,0.00,0.16,210,31
11397,-0.1,-5.3,-70.9,0.085,-0.038,-0.947,4.3,-4.1,-6.2,0.0079,-0.0021,0.0508,1176,1006,1218,990,0.00,0.01,2.62,0.17,0.4972,1,1,0,0.01,0.00,0.00,0.00,0.00,0.00,0.17,210,31
11408,0.5,7.1,11.9,0.018,-0.055,-1.030,4.3,-4.1,-6.2,0.0072,-0.0147,-0.0155,1003,1134,1086,1166,0.00,0.01,2.63,0.17,0.4972,1,1,0,0.01,0.00,0.00,0.00,0.00,0.00,0.18,210,31
11418,0.2,-2.0,56.1,-0.002,0.113,-1.042,4.3,-4.0,-6.2,0.0075,-0.0053,-0.0489,996,1178,1046,1169,0.00,0.01,2.63,0.17,0.4972,1,1,0,0.01,0.00,0.00,0.00,0.00,0.00,0.18,210,31
11428,0.6,-0.1,-67.8,0.048,-0.074,-0.989,4.3,-4.1,-6.2,0.0070,-0.0067,0.0504,1169,1003,1219,999,0.00,0.01,2.62,0.17,0.4972,1,1,0,0.01,0.00,0.00,0.00,0.00,0.00,0.17,210,31
11438,-0.9,1.3,7.8,0.049,-0.007,-1.004,4.3,-4.1,-6.2,0.0087,-0.0088,-0.0122,1014,1141,1088,1147,0.00,0.01,2.63,0.17,0.4972,1,1,0,0.01,0.00,0.00,0.00,0.00,0.00,0.16,210,31
11448,-0.2,3.5,57.6,-0.040,0.050,-1.072,4.3,-4.0,-6.2,0.0075,-0.0093,-0.0463,989,1175,1047,1178,0.00,0.01,2.63,0.17,0.4972,1,1,0,0.01,0.00,0.00,0.00,0.00,0.00,0.17,210,31
11458,1.7,-5.9,-67.4,0.079,-0.022,-0.940,4.3,-4.1,-6.2,0.0060,-0.0020,0.0489,1175,1009,1209,996,0.00,0.01,2.62,0.17,0.4972,1,1,0,0.01,0.00,0.00,0.00,0.00,0.00,0.19,210,31
11468,0.4,6.6,9.8,0.010,-0.061,-1.034,4.3,-4.1,-6.2,0.0073,-0.0142,-0.0138,1010,1135,1087,1158,0.00,0.01,2.63,0.17,0.4972,1,1,0,0.01,0.00,0.00,0.00,0.00,0.00,0.18,211,31
11478,0.3,-1.0,58.4,-0.010,0.111,-1.062,4.3,-4.0,-6.2,0.0080,-0.0071,-0.0471,986,1180,1047,1177,0.00,0.01,2.63,0.17,0.4972,1,1,0,0.01,0.00,0.00,0.00,0.00,0.00,0.18,211,31
11488,0.5,-2.2,-64.8,0.043,-0.070,-0.997,4.3,-4.1,-5.6,0.0072,-0.0052,0.0463,1173,1008,1211,997,0.00,0.01,2.62,0.17,0.4972,1,1,0,0.01,0.00,0.00,0.00,0.00,0.00,0.17,211,31
11499,-1.2,3.1,1.7,0.047,-0.017,-0.981,4.3,-4.1,-5.6,0.0096,-0.0124,-0.0162,1011,1133,1099,1146,0.00,0.01,2.63,0.17,0.4972,1,1,0,0.01,0.00,0.00,0.00,0.00,0.00,0.16,211,31
11509,0.4,1.7,62.8,-0.032,0.052,-1.084,4.3,-4.0,-5.6,0.0073,-0.0091,-0.0557,990,1183,1036,1180,0.00,0.01,2.63,0.17,0.4972,1,1,0,0.01,0.00,0.00,0.00,0.00,0.00,0.17,211,31
11519,-0.1,-4.0,-64.3,0.057,-0.016,-0.960,4.3,-4.1,-5.6,0.0080,-0.0039,0.0472,1167,1006,1219,997,0.00,0.01,2.62,0.17,0.4972,1,1,0,0.01,0.00,0.00,0.00,0.00,0.00,0.19,211,31
11529,1.4,3.9,2.7,0.016,-0.051,-1.016,4.3,-4.1,-5.6,0.0063,-0.0115,-0.0108,1021,1131,1088,1150,0.00,0.01,2.63,0.17,0.4972,1,1,0,0.01,0.00,0.00,0.00,0.00,0.00,0.18,211,31
11539,0.0,-0.8,62.8,-0.019,0.123,-1.073,4.3,-4.1,-5.6,0.0080,-0.0069,-0.0544,974,1188,1039,1188,0.00,0.01,2.63,0.17,0.4972,1,1,0,0.01,0.00,0.00,0.00,0.00,0.00,0.17,211,31
11549,1.6,-5.5,-64.4,0.041,-0.075,-0.989,4.3,-4.0,-5.6,0.0060,-0.0007,0.0501,1183,1010,1208,988,0.00,0.01,2.62,0.17,0.4972,1,1,0,0.01,0.00,0.00,0.00,0.00,0.00,0.17,210,31
11559,-1.4,2.5,-3.2,0.050,-0.018,-0.994,4.3,-4.1,-5.6,0.0093,-0.0101,-0.0029,1011,1133,1099,1147,0.00,0.01,2.63,0.17,0.4972,1,1,0,0.01,0.00,0.00,0.00,0.00,0.00,0.17,211,31
11569,0.4,0.8,61.7,-0.039,0.063,-1.073,4.3,-4.0,-5.6,0.0073,-0.0083,-0.0549,982,1189,1033,1186,0.00,0.01,2.63,0.17,0.4972,1,1,0,0.01,0.00,0.00,0.00,0.00,0.00,0.16,211,31
11579,0.7,-3.4,-61.4,0.062,-0.003,-0.986,4.3,-4.1,-5.6,0.0074,-0.0058,0.0469,1162,1007,1216,1005,0.00,0.01,2.62,0.17,0.4972,1,1,0,0.01,0.00,0.00,0.00,0.00,0.00,0.15,211,31
11589,0.6,2.4,-4.6,0.028,-0.063,-0.990,4.3,-4.1,-5.6,0.0072,-0.0100,-0.0019,1040,1117,1104,1128,0.00,0.01,2.63,0.17,0.4972,1,1,0,0.01,0.00,0.00,0.00,0.00,0.00,0.16,211,31
11600,0.0,2.5,65.2,-0.020,0.116,-1.073,4.3,-4.1,-5.6,0.0079,-0.0101,-0.0577,962,1185,1044,1198,0.00,0.01,2.63,0.17,0.4972,1,1,0,0.01,0.00,0.00,0.00,0.00,0.00,0.17,211,31
11610,1.6,-7.1,-60.1,0.045,-0.047,-0.981,4.3,-4.0,-5.6,0.0062,-0.0003,0.0425,1183,1015,1202,989,0.00,0.01,2.62,0.17,0.4972,1,1,0,0.01,0.00,0.00,0.00,0.00,0.00,0.17,211,31
11620,-1.9,5.1,-9.1,0.053,-0.052,-1.005,4.4,-4.2,-5.6,0.0101,-0.0147,-0.0078,1021,1114,1119,1134,0.00,0.01,2.63,0.17,0.4972,1,1,0,0.01,0.00,0.00,0.00,0.00,0.00,0.17,211,31
11630,1.4,-0.5,65.8,-0.017,0.081,-1.042,4.3,-4.0,-5.0,0.0063,-0.0065,-0.0564,982,1193,1024,1190,0.00,0.01,2.63,0.17,0.4972,1,1,0,0.01,0.00,0.00,0.00,0.00,0.00,0.16,211,30
11650,1.8,-0.8,-12.6,0.057,-0.048,-0.983,4.3,-4.1,-5.0,0.0058,-0.0076,-0.0040,1056,1116,1110,1126,0.00,0.01,2.63,0.17,0.4996,1,1,0,0.01,0.00,0.00,0.00,0.00,0.00,0.18,210,30
11660,-1.7,4.4,66.8,-0.020,0.097,-1.083,4.3,-4.1,-5.0,0.0097,-0.0122,-0.0575,964,1195,1044,1205,0.00,0.01,2.63,0.17,0.4996,1,1,0,0.01,0.00,0.00,0.00,0.00,0.00,0.21,209,30
11670,2.5,-8.0,-59.1,0.061,-0.044,-0.967,4.3,-4.1,-5.0,0.0053,0.0004,0.0421,1184,1021,1204,999,0.00,0.01,2.62,0.17,0.4996,1,1,0,0.01,0.00,0.00,0.00,0.00,0.00,0.19,210,31
11680,-2.9,5.3,-10.7,0.044,-0.071,-1.043,4.3,-4.2,-5.0,0.0108,-0.0134,0.0002,1032,1118,1125,1133,0.00,0.01,2.63,0.17,0.5082,1,1,0,0.01,0.00,0.00,0.00,0.00,0.00,0.18,210,31
11690,1.2,-1.6,64.4,-0.013,0.092,-1.030,4.3,-4.0,-5.0,0.0067,-0.0056,-0.0554,1002,1215,1048,1207,0.00,0.01,2.63,0.17,0.5082,1,1,0,0.01,0.00,0.00,0.00,0.00,0.00,0.17,210,31
11700,-0.8,0.0,-53.5,0.044,-0.031,-1.023,4.3,-4.1,-4.7,0.0087,-0.0076,0.0379,1170,1037,1230,1035,0.00,0.01,2.62,0.17,0.5082,1,1,0,0.01,0.00,0.00,0.00,0.00,0.00,0.16,211,31
11710,2.0,0.3,-17.1,0.055,-0.055,-0.955,4.4,-4.1,-4.7,0.0061,-0.0086,0.0001,1078,1124,1136,1134,0.00,0.01,2.63,0.17,0.5082,1,1,0,0.01,0.00,0.00,0.00,0.00,0.00,0.16,211,31
11721,-1.9,5.4,69.2,-0.032,0.087,-1.114,4.3,-4.1,-2.2,0.0098,-0.0131,-0.0583,968,1219,1055,1229,0.00,0.01,2.63,0.17,0.5082,1,1,0,0.01,0.00,0.00,0.00,0.00,0.00,0.17,211,31
11731,0.3,-8.3,-56.0,0.055,-0.061,-0.938,4.3,-4.1,-2.2,0.0074,0.0007,0.0440,1202,1036,1226,1008,0.00,0.01,2.62,0.17,0.5082,1,1,0,0.01,0.00,0.00,0.00,0.00,0.00,0.18,210,31
11741,-1.9,5.7,-12.4,0.044,-0.048,-1.056,4.3,-4.2,-2.2,0.0098,-0.0140,0.0038,1054,1123,1149,1145,0.00,0.01,2.63,0.17,0.5082,1,1,0,0.01,0.00,0.00,0.00,0.00,0.00,0.18,210,31
11751,1.5,-1.4,65.7,-0.030,0.083,-1.038,4.3,-4.0,-2.2,0.0064,-0.0061,-0.0555,1004,1216,1042,1210,0.00,0.01,2.63,0.17,0.5082,1,1,0,0.01,0.00,0.00,0.00,0.00,0.00,0.18,210,31
11761,-0.5,-1.0,-50.8,0.030,-0.020,-1.005,4.3,-4.1,-2.2,0.0091,-0.0078,0.0430,1171,1033,1239,1029,0.00,0.01,2.62,0.17,0.5094,1,1,0,0.01,0.00,0.00,0.00,0.00,0.00,0.17,210,31
11771,0.8,-0.2,-23.1,0.055,-0.061,-0.987,4.4,-4.1,-2.2,0.0067,-0.0074,0.0097,1101,1111,1154,1115,0.00,0.01,2.63,0.17,0.5094,1,1,0,0.01,0.00,0.00,0.00,0.00,0.00,0.16,210,31
11781,-0.2,4.2,70.9,-0.012,0.121,-1.109,4.3,-4.1,-2.2,0.0082,-0.0119,-0.0597,973,1220,1056,1233,0.00,0.01,2.63,0.17,0.5094,1,1,0,0.01,0.00,0.00,0.00,0.00,0.00,0.18,210,31
11791,0.6,-7.2,-53.3,0.035,-0.074,-0.962,4.3,-4.1,-2.2,0.0069,-0.0001,0.0420,1204,1038,1225,1015,0.00,0.01,2.62,0.17,0.5094,1,1,0,0.01,0.00,0.01,-0.01,0.00,0.00,0.20,210,31
11801,-2.1,3.9,-20.6,0.058,-0.033,-1.031,4.4,-4.2,-2.2,0.0101,-0.0117,0.0134,1075,1114,1168,1124,0.00,0.01,2.63,0.17,0.5094,1,1,0,0.01,0.00,0.01,-0.01,0.00,0.00,0.19,210,31
11811,0.2,0.3,70.3,-0.029,0.057,-1.051,4.3,-4.0,-2.2,0.0069,-0.0059,-0.0561,998,1224,1040,1218,0.00,0.01,2.63,0.17,0.5094,1,1,0,0.01,0.00,0.01,-0.01,0.00,0.00,0.17,210,31
11822,0.2,-2.6,-48.7,0.035,0.003,-0.991,4.4,-4.2,-2.2,0.0078,-0.0050,0.0359,1169,1041,1234,1038,0.00,0.01,2.62,0.17,0.5094,1,1,0,0.01,0.00,0.01,-0.01,0.00,0.00,0.17,210,31
11832,0.8,0.5,-21.8,0.037,-0.072,-1.012,4.4,-4.1,-2.2,0.0071,-0.0082,0.0144,1099,1110,1154,1118,0.00,0.01,2.63,0.17,0.5094,1,1,0,0.01,0.00,0.01,-0.01,0.00,0.00,0.17,209,31
11842,0.0,2.1,68.8,-0.010,0.125,-1.066,4.4,-4.1,-2.2,0.0087,-0.0110,-0.0564,997,1239,1076,1248,0.00,0.01,2.63,0.17,0.5198,1,1,0,0.01,0.00,0.01,-0.01,0.00,0.00,0.17,209,31
11852,-0.6,-5.7,-45.0,0.019,-0.063,-1.015,4.3,-4.0,-2.2,0.0086,-0.0018,0.0330,1205,1075,1235,1046,0.00,0.01,2.62,0.17,0.5198,1,1,0,0.01,0.00,0.01,-0.01,0.00,0.00,0.17,209,31
11862,-1.4,2.6,-27.3,0.056,-0.045,-0.969,4.4,-4.2,-2.2,0.0098,-0.0119,0.0098,1118,1117,1200,1125,0.00,0.01,2.63,0.17,0.5198,1,1,0,0.01,0.00,0.01,-0.01,0.00,0.00,0.17,209,31
11872,-0.7,2.8,71.0,-0.038,0.077,-1.075,4.3,-4.0,-2.2,0.0086,-0.0099,-0.0590,1000,1246,1065,1248,0.00,0.01,2.63,0.17,0.5198,1,1,0,0.01,0.00,0.01,-0.01,0.00,0.00,0.18,209,31
11882,1.2,-5.5,-47.6,0.027,0.009,-0.961,4.4,-4.1,-2.2,0.0068,-0.0021,0.0350,1197,1065,1244,1054,0.00,0.01,2.62,0.17,0.5198,1,1,0,0.01,0.00,0.01,-0.01,0.00,0.00,0.19,209,31
11892,0.0,2.4,-27.9,0.049,-0.060,-1.042,4.4,-4.1,-2.2,0.0078,-0.0100,0.0115,1128,1114,1195,1122,0.00,0.01,2.63,0.17,0.5198,1,1,0,0.01,0.00,0.01,0.00,0.00,0.00,0.18,210,31
11902,2.3,0.7,67.9,-0.024,0.134,-1.028,4.4,-4.1,-2.2,0.0058,-0.0085,-0.0571,1005,1241,1062,1251,0.00,0.01,2.63,0.17,0.5198,1,1,0,0.01,0.00,0.01,0.00,0.00,0.00,0.16,210,31
11912,-0.4,-3.4,-39.9,0.018,-0.020,-1.043,4.4,-4.1,-2.2,0.0085,-0.0042,0.0289,1181,1086,1227,1065,0.00,0.01,2.62,0.17,0.5198,1,1,0,0.01,0.00,0.01,-0.01,0.00,0.00,0.17,210,31
11922,0.1,-0.1,-35.6,0.055,-0.064,-0.911,4.4,-4.2,-2.2,0.0077,-0.0087,0.0167,1140,1106,1203,1110,0.00,0.01,2.63,0.17,0.5198,1,1,0,0.01,0.00,0.01,0.00,0.00,0.00,0.17,210,31
11932,-1.1,4.7,77.4,-0.024,0.094,-1.122,4.4,-4.1,-2.2,0.0092,-0.0125,-0.0650,982,1254,1063,1261,0.00,0.01,2.63,0.17,0.5198,1,1,0,0.01,0.00,0.01,0.00,0.00,0.00,0.17,210,31
11943,1.9,-7.4,-47.4,0.000,-0.036,-0.938,4.3,-4.1,-1.5,0.0060,-0.0002,0.0354,1204,1074,1227,1055,0.00,0.01,2.62,0.17,0.5198,1,1,0,0.01,0.00,0.01,-0.01,0.00,0.00,0.18,210,31
11953,-1.7,2.8,-28.5,0.063,-0.049,-1.066,4.4,-4.2,-1.5,0.0100,-0.0114,0.0118,1122,1115,1203,1120,0.00,0.01,2.63,0.17,0.5198,1,1,0,0.01,0.00,0.01,0.00,0.00,0.00,0.17,210,31
11963,1.5,0.9,67.6,-0.032,0.105,-1.024,4.3,-4.0,-1.5,0.0064,-0.0086,-0.0566,1011,1244,1062,1252,0.00,0.01,2.63,0.17,0.5210,1,1,0,0.01,0.00,0.01,0.00,0.00,0.00,0.16,210,31
11973,0.8,-2.3,-33.8,0.025,0.014,-1.022,4.4,-4.1,-1.5,0.0076,-0.0057,0.0270,1175,1086,1230,1078,0.00,0.01,2.63,0.17,0.5210,1,1,0,0.01,0.00,0.01,-0.01,0.00,0.00,0.18,210,31
11983,-0.6,0.6,-37.9,0.055,-0.070,-0.964,4.4,-4.1,-1.5,0.0083,-0.0085,0.0252,1149,1102,1211,1107,0.00,0.01,2.63,0.17,0.5210,1,1,0,0.01,0.00,0.01,0.00,0.00,0.00,0.19,210,31
11993,0.6,0.3,72.5,-0.015,0.107,-1.089,4.4,-4.1,-1.5,0.0074,-0.0081,-0.0606,996,1256,1060,1257,0.00,0.01,2.63,0.17,0.5210,1,1,0,0.01,0.00,0.01,0.00,0.00,0.00,0.20,210,31
12003,-2.6,-2.4,-37.7,0.006,-0.067,-1.004,4.3,-4.0,-1.5,0.0091,-0.0040,0.0358,1200,1099,1250,1080,0.00,0.01,2.62,0.18,0.5289,1,1,0,0.01,0.00,0.02,0.00,0.00,0.00,0.20,210,31
12013,1.0,-0.5,-38.3,0.045,-0.053,-0.961,4.4,-4.1,-1.5,0.0070,-0.0072,0.0280,1157,1122,1222,1128,0.00,0.01,2.63,0.18,0.5289,1,1,0,0.01,0.00,0.00,0.00,0.00,0.00,0.18,210,31
12023,-2.1,6.4,70.9,-0.023,0.076,-1.116,4.4,-4.0,-1.5,0.0101,-0.0138,-0.0592,1003,1261,1089,1275,0.00,0.01,2.63,0.18,0.5289,1,1,0,0.01,0.00,0.00,0.00,0.00,0.00,0.17,210,31
12033,3.4,-8.1,-29.2,-0.008,0.027,-0.961,4.4,-4.1,-1.5,0.0050,-0.0001,0.0260,1203,1108,1228,1091,0.00,0.01,2.63,0.18,0.5289,1,1,0,0.01,0.00,0.00,0.00,0.00,0.00,0.17,209,31
12044,-1.8,3.1,-40.9,0.069,-0.031,-1.028,4.4,-4.1,-1.5,0.0099,-0.0110,0.0301,1165,1106,1246,1112,0.00,0.01,2.63,0.18,0.5289,1,1,0,0.01,0.00,0.00,0.00,0.00,0.00,0.16,209,31
12054,2.7,0.2,70.6,-0.038,0.098,-1.013,4.4,-4.0,-1.5,0.0056,-0.0076,-0.0592,1020,1267,1071,1271,0.00,0.01,2.63,0.18,0.5289,1,1,0,0.01,0.00,0.00,0.00,0.00,0.00,0.17,209,31
12064,-2.5,-2.3,-26.5,0.007,-0.005,-1.036,4.4,-4.1,-1.5,0.0106,-0.0054,0.0186,1183,1110,1244,1092,0.00,0.01,2.63,0.18,0.5289,1,1,0,0.01,0.00,0.00,0.00,0.00,0.00,0.18,209,31
12074,0.1,-2.0,-47.2,0.057,-0.089,-0.954,4.4,-4.1,-1.5,0.0080,-0.0059,0.0328,1183,1107,1238,1101,0.00,0.01,2.63,0.18,0.5289,1,1,0,0.01,0.00,0.00,0.00,0.00,0.00,0.18,209,31
12084,-0.6,3.5,73.2,-0.019,0.112,-1.104,4.4,-4.1,-1.5,0.0088,-0.0114,-0.0615,1002,1268,1079,1279,0.00,0.01,2.63,0.18,0.5289,1,1,0,0.01,0.00,0.00,0.00,0.00,0.00,0.18,209,31
12094,1.6,-4.1,-27.2,-0.007,-0.017,-0.962,4.3,-4.0,-1.5,0.0064,-0.0035,0.0191,1189,1116,1221,1103,0.00,0.01,2.63,0.18,0.5289,1,1,0,0.01,0.00,0.00,0.00,0.00,0.00,0.17,209,31
12104,-0.5,0.0,-47.1,0.059,-0.043,-1.003,4.4,-4.2,-1.2,0.0088,-0.0083,0.0329,1175,1104,1244,1105,0.00,0.01,2.63,0.18,0.5289,1,1,0,0.01,0.00,0.00,0.00,0.00,0.00,0.17,209,31
12114,-0.5,3.2,69.2,-0.004,0.080,-1.061,4.4,-4.0,-1.2,0.0088,-0.0104,-0.0579,1013,1264,1084,1268,0.00,0.01,2.63,0.18,0.5289,1,1,0,0.01,0.00,0.00,0.00,0.00,0.00,0.18,209,31
12124,0.0,-4.1,-25.6,-0.015,0.027,-0.987,4.4,-4.1,-1.2,0.0081,-0.0035,0.0181,1178,1122,1224,1105,0.00,0.01,2.63,0.18,0.5289,1,1,0,0.01,0.00,0.00,0.00,0.00,0.00,0.19,209,31
12134,-1.8,-0.1,-45.5,0.076,-0.068,-1.013,4.4,-4.1,-1.2,0.0102,-0.0087,0.0281,1175,1107,1246,1101,0.00,0.01,2.63,0.18,0.5289,1,1,0,0.01,0.00,0.00,0.00,0.00,0.00,0.19,209,31
12144,2.2,2.1,66.7,-0.042,0.112,-0.993,4.3,-4.1,-1.2,0.0059,-0.0099,-0.0558,1019,1258,1079,1272,0.00,0.01,2.63,0.18,0.5289,1,1,0,0.01,0.00,0.00,0.00,0.00,0.00,0.19,210,31
12154,-0.3,-3.5,-18.5,-0.002,0.000,-1.086,4.4,-4.1,-1.2,0.0085,-0.0042,0.0124,1168,1131,1217,1113,0.00,0.01,2.63,0.18,0.5289,1,1,0,0.01,0.00,0.00,0.00,0.00,0.00,0.18,210,31
12164,1.0,0.1,-50.2,0.042,-0.045,-0.894,4.4,-4.1,-1.2,0.0070,-0.0080,0.0378,1191,1093,1248,1098,0.00,0.01,2.63,0.18,0.5289,1,1,0,0.01,0.00,0.00,0.00,0.00,0.00,0.17,210,31
12174,-0.2,2.8,73.8,-0.039,0.088,-1.149,4.4,-4.1,-1.2,0.0084,-0.0106,-0.0614,1008,1267,1088,1265,0.00,0.01,2.63,0.18,0.5289,1,1,0,0.01,0.00,0.00,0.00,0.00,0.00,0.16,210,31
12184,0.1,-3.3,-30.9,-0.006,-0.033,-0.917,4.3,-4.0,-1.2,0.0079,-0.0044,0.0223,1220,1085,1251,1078,0.00,0.01,2.62,0.18,0.5295,1,1,0,0.01,0.00,0.00,0.00,0.00,0.00,0.16,211,31
12194,-1.0,-1.2,-39.0,0.051,-0.051,-1.061,4.4,-4.1,-1.2,0.0092,-0.0065,0.0288,1148,1132,1223,1131,0.00,0.01,2.63,0.18,0.5295,1,1,0,0.01,0.00,0.00,0.00,0.00,0.00,0.17,210,31
12205,0.2,5.2,67.0,-0.014,0.102,-1.025,4.3,-4.0,-1.2,0.0073,-0.0126,-0.0561,1047,1274,1103,1293,0.00,0.01,2.63,0.18,0.5405,1,1,0,0.01,0.00,0.00,0.00,0.00,0.00,0.18,210,31
12215,1.1,-7.2,-26.0,0.001,0.032,-1.034,4.4,-4.1,-1.2,0.0074,-0.0007,0.0210,1217,1134,1258,1107,0.00,0.01,2.63,0.18,0.5405,1,1,0,0.01,0.00,0.00,0.00,0.00,0.00,0.18,210,31
12225,-2.2,3.2,-44.2,0.067,-0.070,-0.984,4.4,-4.1,-1.2,0.0101,-0.0114,0.0307,1177,1130,1256,1144,0.00,0.01,2.63,0.18,0.5393,1,1,0,0.01,0.00,0.00,0.00,0.00,0.00,0.18,210,31
12235,4.0,-2.0,71.2,-0.023,0.110,-1.012,4.4,-4.1,-1.2,0.0046,-0.0057,-0.0597,1039,1289,1090,1289,0.00,0.01,2.63,0.18,0.5393,1,1,0,0.01,0.00,0.00,0.00,0.00,0.00,0.17,210,31
12245,-3.1,-0.2,-32.7,0.004,-0.050,-1.070,4.3,-4.0,-1.2,0.0110,-0.0074,0.0267,1207,1125,1273,1112,0.00,0.01,2.63,0.18,0.5405,1,1,0,0.01,0.00,0.00,0.00,0.00,0.00,0.17,210,31
12255,2.2,-2.8,-38.4,0.052,-0.053,-0.890,4.4,-4.1,-1.2,0.0059,-0.0049,0.0255,1195,1144,1238,1139,0.00,0.01,2.63,0.18,0.5405,1,1,0,0.01,0.00,-0.01,0.00,0.00,0.00,0.17,210,31
12265,-2.8,6.8,73.6,-0.021,0.083,-1.204,4.4,-4.1,-1.2,0.0111,-0.0147,-0.0613,1014,1286,1114,1302,0.00,0.01,2.63,0.18,0.5405,1,1,0,0.01,0.00,-0.01,0.00,0.00,0.00,0.18,210,31
12275,1.5,-7.3,-35.2,0.007,-0.035,-0.886,4.3,-4.0,-1.2,0.0056,0.0007,0.0338,1234,1127,1252,1103,0.00,0.01,2.62,0.18,0.5405,1,1,0,0.01,0.00,0.00,0.00,0.00,0.00,0.18,210,31
12285,-0.9,0.5,-40.2,0.061,-0.022,-1.025,4.4,-4.2,-1.2,0.0092,-0.0084,0.0297,1175,1140,1254,1147,0.00,0.01,2.63,0.18,0.5405,1,1,0,0.01,0.00,-0.01,0.00,0.00,0.00,0.17,210,31
12295,-0.2,4.2,71.1,-0.036,0.058,-1.084,4.4,-4.0,-1.2,0.0082,-0.0111,-0.0591,1036,1286,1102,1292,0.00,0.01,2.63,0.18,0.5405,1,1,0,0.01,0.00,-0.01,0.00,0.00,0.00,0.16,210,31
12305,1.5,-5.8,-32.9,0.002,0.044,-0.900,4.4,-4.1,-0.6,0.0068,-0.0027,0.0269,1218,1125,1260,1113,0.00,0.01,2.63,0.18,0.5405,1,1,0,0.01,0.00,0.00,0.00,0.00,0.00,0.18,210,31
12315,-1.1,2.8,-41.7,0.060,-0.066,-1.149,4.4,-4.1,-0.6,0.0095,-0.0108,0.0292,1178,1140,1256,1143,0.00,0.01,2.63,0.18,0.5405,1,1,0,0.01,0.00,-0.01,0.00,0.00,0.00,0.20,210,30
12325,2.8,-0.8,65.8,-0.029,0.128,-0.884,4.3,-4.1,-0.6,0.0046,-0.0065,-0.0547,1073,1297,1115,1305,0.00,0.01,2.63,0.18,0.5503,1,1,0,0.01,0.00,-0.01,0.00,0.00,0.00,0.19,210,30
12335,0.1,-0.7,-23.8,0.012,-0.006,-1.130,4.4,-4.0,-0.6,0.0083,-0.0070,0.0197,1215,1155,1273,1147,0.00,0.01,2.63,0.18,0.5503,1,1,0,0.01,0.00,-0.01,0.00,0.00,0.00,0.18,210,30
12345,-3.9,-0.2,-47.2,0.074,-0.082,-0.927,4.4,-4.1,-0.6,0.0122,-0.0076,0.0358,1212,1148,1288,1143,0.00,0.01,2.63,0.18,0.5503,1,1,0,0.01,0.00,-0.01,0.00,0.00,0.00,0.18,211,30
12356,3.0,2.7,68.7,-0.039,0.116,-0.991,4.4,-4.1,-0.6,0.0054,-0.0105,-0.0578,1054,1301,1117,1318,0.00,0.01,2.63,0.18,0.5503,1,1,0,0.01,0.00,-0.01,0.00,0.00,0.00,0.17,211,30
12366,-3.1,-2.9,-18.0,0.011,-0.047,-1.165,4.4,-4.0,-0.6,0.0114,-0.0048,0.0125,1217,1165,1275,1134,0.00,0.01,2.63,0.18,0.5503,1,1,0,0.01,0.00,-0.01,0.00,0.00,0.00,0.16,211,30
12376,0.4,0.5,-52.8,0.019,-0.069,-0.775,4.4,-4.1,-0.6,0.0066,-0.0083,0.0333,1232,1131,1289,1138,0.00,0.01,2.63,0.18,0.5503,1,1,0,0.01,0.00,-0.01,0.00,0.00,0.00,0.16,211,30
12386,-0.3,2.8,73.9,0.003,0.071,-1.217,4.4,-4.0,-0.6,0.0086,-0.0107,-0.0611,1041,1313,1117,1320,0.00,0.01,2.63,0.18,0.5503,1,1,0,0.01,0.00,-0.01,0.00,0.00,0.00,0.17,211,30
12396,-2.3,-2.6,-19.0,-0.011,-0.035,-0.947,4.4,-4.0,-0.6,0.0095,-0.0044,0.0231,1229,1151,1276,1134,0.00,0.01,2.63,0.18,0.5503,1,1,0,0.01,0.00,-0.01,0.00,0.00,0.00,0.18,211,30
12406,0.9,-2.3,-52.4,0.036,-0.039,-0.891,4.4,-4.1,-0.6,0.0076,-0.0060,0.0356,1231,1144,1285,1139,0.00,0.01,2.63,0.18,0.5515,1,1,0,0.01,0.00,-0.01,0.00,0.00,0.00,0.18,211,30
12416,-0.4,5.5,69.1,0.006,0.069,-1.233,4.4,-4.1,-0.6,0.0088,-0.0134,-0.0572,1048,1302,1133,1316,0.00,0.01,2.63,0.18,0.5515,1,1,0,0.01,0.00,-0.01,0.00,0.00,0.00,0.18,211,30
12426,0.7,-5.0,-14.9,-0.046,0.031,-0.859,4.4,-4.0,-0.6,0.0064,-0.0018,0.0183,1231,1164,1258,1147,0.00,0.01,2.63,0.18,0.5515,1,1,0,0.01,0.00,-0.01,0.00,0.00,0.00,0.18,209,30
12436,1.0,-2.2,-53.6,0.090,-0.053,-1.003,4.4,-4.1,-0.6,0.0072,-0.0056,0.0409,1232,1139,1291,1137,0.00,0.01,2.63,0.18,0.5515,1,1,0,0.01,0.00,-0.01,0.00,0.00,0.00,0.17,209,30
12446,-0.2,5.9,67.1,-0.032,0.088,-1.094,4.4,-4.0,-1.2,0.0085,-0.0138,-0.0562,1050,1302,1131,1317,0.00,0.01,2.63,0.18,0.5515,1,1,0,0.01,0.00,-0.01,0.00,0.00,0.00,0.19,209,30
12457,0.8,-5.9,-9.0,-0.038,0.040,-0.914,4.4,-4.0,-1.2,0.0071,-0.0015,0.0107,1226,1168,1258,1147,0.00,0.01,2.63,0.18,0.5515,1,1,0,0.01,0.00,-0.01,0.00,0.00,0.00,0.22,209,30
12467,-0.1,-0.6,-55.8,0.090,-0.062,-1.001,4.4,-4.1,-1.2,0.0085,-0.0072,0.0422,1230,1136,1299,1134,0.00,0.01,2.63,0.18,0.5515,1,1,0,0.01,0.00,0.00,0.00,0.00,0.00,0.20,209,31
12477,-0.8,3.3,66.6,-0.026,0.083,-1.069,4.4,-4.0,-1.2,0.0089,-0.0106,-0.0582,1053,1308,1124,1315,0.00,0.01,2.63,0.18,0.5515,1,1,0,0.01,0.00,0.02,0.00,0.00,0.00,0.19,209,31
12487,1.3,-3.3,-7.3,-0.026,0.016,-0.931,4.4,-4.0,-1.2,0.0070,-0.0045,0.0034,1218,1188,1265,1180,0.00,0.01,2.63,0.18,0.5582,1,1,0,0.01,0.00,0.02,0.00,0.00,0.00,0.18,209,31
12497,-1.0,-1.1,-56.1,0.072,-0.036,-1.047,4.4,-4.1,-1.2,0.0094,-0.0067,0.0424,1245,1153,1311,1141,0.00,0.01,2.63,0.18,0.5582,1,1,0,0.01,0.00,0.02,0.00,0.00,0.00,0.17,209,31
12507,0.2,2.6,63.9,-0.034,0.086,-0.996,4.4,-4.0,-1.2,0.0074,-0.0099,-0.0559,1074,1315,1137,1324,0.00,0.01,2.63,0.18,0.5582,1,1,0,0.01,0.00,0.02,0.00,0.00,0.00,0.17,209,31
12517,0.5,-1.8,-2.4,-0.011,-0.002,-0.958,4.4,-4.0,-1.2,0.0078,-0.0060,-0.0004,1208,1196,1258,1188,0.00,0.01,2.63,0.18,0.5582,1,1,0,0.01,0.00,0.02,0.00,0.00,0.00,0.16,209,31
12527,-0.7,-3.6,-59.2,0.074,-0.037,-1.062,4.4,-4.1,-1.2,0.0099,-0.0052,0.0406,1252,1150,1314,1134,0.00,0.01,2.63,0.18,0.5582,1,1,0,0.01,0.00,0.02,0.00,0.00,0.00,0.17,209,31
12537,0.5,5.2,61.3,-0.048,0.067,-0.923,4.4,-4.0,-1.2,0.0078,-0.0131,-0.0515,1070,1309,1143,1328,0.00,0.01,2.63,0.18,0.5582,1,1,0,0.01,0.00,0.02,0.00,0.00,0.00,0.17,209,31
12547,0.7,-3.2,4.3,-0.012,0.011,-1.060,4.4,-4.0,-1.2,0.0076,-0.0043,-0.0030,1209,1206,1252,1189,0.00,0.01,2.63,0.18,0.5588,1,1,0,0.01,0.00,0.02,0.00,0.00,0.00,0.17,210,31
12557,-1.8,-1.1,-61.2,0.071,-0.047,-1.007,4.4,-4.1,-1.2,0.0107,-0.0085,0.0422,1257,1138,1330,1130,0.00,0.01,2.63,0.18,0.5588,1,1,0,0.01,0.00,0.02,0.00,0.00,0.00,0.17,210,31
12568,1.3,4.1,60.5,-0.054,0.050,-0.954,4.3,-4.0,-1.2,0.0070,-0.0121,-0.0509,1077,1314,1138,1326,0.00,0.01,2.63,0.18,0.5588,1,1,0,0.01,0.00,0.02,0.00,0.00,0.00,0.17,210,31
12578,0.0,-6.1,2.2,0.007,0.023,-1.079,4.4,-4.0,-1.2,0.0083,-0.0017,-0.0042,1207,1211,1251,1186,0.00,0.01,2.63,0.18,0.5588,1,1,0,0.01,0.00,0.02,0.00,0.00,0.00,0.17,210,31
12588,-2.9,1.2,-61.3,0.045,-0.042,-0.958,4.4,-4.1,-1.2,0.0113,-0.0099,0.0420,1253,1137,1333,1132,0.00,0.01,2.63,0.18,0.5588,1,1,0,0.01,0.00,0.02,0.00,0.00,0.00,0.17,210,31
12598,0.9,1.1,60.3,-0.024,0.030,-0.990,4.4,-4.0,-1.2,0.0074,-0.0090,-0.0507,1080,1318,1136,1321,0.00,0.01,2.63,0.18,0.5588,1,1,0,0.01,0.00,0.02,0.00,0.00,0.00,0.18,209,31
12608,0.0,-2.5,6.5,-0.003,0.051,-1.059,4.4,-4.0,-1.2,0.0092,-0.0061,0.0012,1197,1205,1258,1194,0.00,0.01,2.63,0.18,0.5588,1,1,0,0.01,0.00,0.02,0.00,0.00,0.00,0.18,209,31
12618,-1.1,-1.1,-64.0,0.038,-0.043,-0.973,4.4,-4.1,-1.2,0.0096,-0.0066,0.0462,1265,1138,1326,1126,0.00,0.01,2.63,0.18,0.5588,1,1,0,0.01,0.00,0.02,0.00,0.00,0.00,0.18,209,31
12628,2.2,1.0,57.9,-0.006,0.023,-1.004,4.4,-4.0,-1.2,0.0061,-0.0089,-0.0488,1085,1312,1143,1324,0.00,0.01,2.63,0.18,0.5600,1,1,0,0.01,0.00,0.02,0.00,0.00,0.00,0.18,210,31
12638,-1.1,0.7,9.4,-0.027,0.074,-1.012,4.4,-4.0,-1.2,0.0098,-0.0082,-0.0015,1191,1212,1257,1204,0.00,0.01,2.63,0.18,0.5600,1,1,0,0.01,0.00,0.02,0.00,0.00,0.00,0.18,210,31
12648,-0.5,-4.8,-62.0,0.064,-0.068,-1.006,4.4,-4.1,-1.2,0.0089,-0.0032,0.0459,1274,1144,1322,1124,0.00,0.01,2.63,0.18,0.5600,1,1,0,0.01,0.00,0.02,0.00,0.00,0.00,0.20,210,31
12658,1.8,3.9,55.4,0.004,0.044,-0.960,4.4,-4.1,-1.2,0.0065,-0.0120,-0.0469,1078,1305,1153,1328,0.00,0.01,2.63,0.18,0.5600,1,1,0,0.01,0.00,0.00,0.01,0.00,0.00,0.19,210,31
12668,-1.6,-0.7,14.5,-0.051,0.073,-1.068,4.4,-4.0,-1.2,0.0099,-0.0052,-0.0053,1177,1235,1235,1217,0.00,0.01,2.63,0.18,0.5600,1,1,0,0.01,0.00,0.00,0.00,0.00,0.00,0.18,211,31
12678,-0.2,-4.9,-67.1,0.077,-0.103,-0.981,4.4,-4.1,-1.2,0.0086,-0.0039,0.0495,1280,1133,1331,1120,0.00,0.01,2.63,0.18,0.5600,1,1,0,0.01,0.00,0.00,0.01,0.00,0.00,0.18,211,31
12689,1.9,6.6,51.9,-0.010,0.064,-0.958,4.4,-4.0,-1.2,0.0064,-0.0146,-0.0441,1080,1300,1157,1327,0.00,0.01,2.63,0.18,0.5600,1,1,0,0.01,0.00,0.00,0.01,0.00,0.00,0.17,211,31
12699,-1.1,-4.1,17.3,-0.046,0.063,-1.088,4.3,-4.0,-1.2,0.0096,-0.0023,-0.0071,1180,1243,1225,1216,0.00,0.01,2.63,0.18,0.5600,1,1,0,0.01,0.00,0.00,0.00,0.00,0.00,0.17,211,31
12709,-0.5,-2.8,-68.9,0.087,-0.097,-0.938,4.4,-4.1,-1.2,0.0089,-0.0052,0.0525,1281,1129,1338,1125,0.00,0.01,2.63,0.18,0.5613,1,1,0,0.01,0.00,0.00,0.01,0.00,0.00,0.16,210,31
12719,1.7,4.3,53.3,-0.013,0.058,-0.971,4.4,-4.0,-1.2,0.0068,-0.0118,-0.0511,1086,1306,1157,1324,0.00,0.01,2.63,0.18,0.5613,1,1,0,0.01,0.00,0.00,0.01,0.00,0.00,0.17,210,31
12729,-1.3,-1.8,20.1,-0.042,0.068,-1.088,4.4,-4.0,-1.5,0.0097,-0.0061,-0.0188,1176,1241,1235,1221,0.00,0.01,2.63,0.18,0.5613,1,1,0,0.01,0.00,0.00,0.01,0.00,0.00,0.18,210,31
12739,0.7,-3.0,-66.6,0.068,-0.083,-0.927,4.4,-4.1,-1.5,0.0076,-0.0049,0.0504,1286,1132,1334,1122,0.00,0.01,2.63,0.18,0.5613,1,1,0,0.01,0.00,0.00,0.01,0.00,0.00,0.19,210,31
12749,0.5,3.3,50.3,0.000,0.072,-1.011,4.4,-4.1,-1.5,0.0078,-0.0117,-0.0491,1089,1304,1162,1318,0.00,0.01,2.63,0.18,0.5613,1,1,0,0.01,0.00,0.00,0.01,0.00,0.00,0.18,211,31
12759,-1.4,0.4,21.5,-0.045,0.055,-1.056,4.4,-4.0,-1.5,0.0098,-0.0083,-0.0200,1171,1241,1232,1228,0.00,0.01,2.63,0.18,0.5613,1,1,0,0.01,0.00,0.00,0.01,0.00,0.00,0.17,211,31
12769,1.4,-6.2,-67.4,0.093,-0.091,-0.939,4.4,-4.1,-1.5,0.0069,-0.0017,0.0511,1294,1134,1329,1116,0.00,0.01,2.63,0.18,0.5613,1,1,0,0.01,0.00,0.00,0.01,0.00,0.00,0.19,211,31
12779,0.2,6.0,44.2,0.009,0.069,-0.982,4.4,-4.1,-1.5,0.0081,-0.0141,-0.0382,1086,1294,1174,1320,0.00,0.01,2.63,0.18,0.5613,1,1,0,0.01,0.00,0.00,0.01,0.00,0.00,0.21,211,31
12790,-1.3,-0.5,28.7,-0.048,0.039,-1.092,4.4,-3.9,-1.5,0.0097,-0.0049,-0.0172,1158,1260,1214,1242,0.00,0.01,2.63,0.18,0.5613,1,1,0,0.01,0.00,0.02,0.00,0.00,0.00,0.20,211,31
12800,1.0,-5.6,-71.9,0.102,-0.084,-0.915,4.4,-4.1,-1.5,0.0077,-0.0041,0.0530,1296,1125,1341,1111,0.00,0.01,2.63,0.18,0.5613,1,1,0,0.01,0.00,0.00,0.00,0.00,0.00,0.19,210,31
12810,-0.1,8.4,42.5,-0.018,0.070,-0.971,4.4,-4.0,-1.5,0.0085,-0.0164,-0.0368,1108,1300,1202,1328,0.00,0.01,2.63,0.18,0.5698,1,1,0,0.01,0.00,0.00,0.00,0.00,0.00,0.18,210,31
12820,-0.5,-5.6,35.1,-0.028,0.014,-1.155,4.3,-4.0,-1.5,0.0088,-0.0018,-0.0280,1175,1289,1211,1262,0.00,0.01,2.63,0.18,0.5698,1,1,0,0.01,0.00,0.00,0.00,0.00,0.00,0.17,210,31
12830,0.7,0.0,-74.5,0.084,-0.048,-0.836,4.4,-4.1,-2.2,0.0078,-0.0085,0.0558,1304,1129,1370,1134,0.00,0.01,2.63,0.18,0.5698,1,1,0,0.01,0.00,0.00,0.00,0.00,0.00,0.17,210,31
12840,-0.3,6.1,44.3,-0.041,0.065,-1.038,4.4,-4.0,-2.2,0.0088,-0.0141,-0.0387,1110,1311,1192,1325,0.00,0.01,2.63,0.18,0.5698,1,1,0,0.01,0.00,0.00,0.00,0.00,0.00,0.16,210,31
12850,0.0,-5.8,35.6,-0.002,0.019,-1.146,4.4,-4.0,-2.2,0.0084,-0.0025,-0.0226,1171,1288,1212,1266,0.00,0.01,2.63,0.18,0.5698,1,1,0,0.01,0.00,0.00,0.00,0.00,0.00,0.17,210,31
12860,0.9,0.8,-73.2,0.071,-0.050,-0.840,4.4,-4.1,-2.2,0.0075,-0.0095,0.0544,1307,1130,1372,1138,0.00,0.01,2.63,0.18,0.5710,1,1,0,0.01,0.00,0.00,0.00,0.00,0.00,0.18,210,31
12870,-0.7,4.0,36.7,-0.022,0.047,-1.033,4.4,-4.0,-2.2,0.0092,-0.0104,-0.0407,1122,1311,1197,1316,0.00,0.01,2.63,0.18,0.5710,1,1,0,0.01,0.00,0.00,0.00,0.00,0.00,0.18,210,31
12880,-1.2,-3.5,35.8,-0.004,0.028,-1.111,4.4,-4.0,-2.2,0.0097,-0.0052,-0.0235,1184,1309,1240,1292,0.00,0.01,2.63,0.18,0.5814,1,1,0,0.01,0.00,0.00,0.00,0.00,0.00,0.17,210,31
12890,1.9,0.1,-71.7,0.071,-0.069,-0.869,4.4,-4.1,-2.2,0.0065,-0.0082,0.0540,1329,1151,1386,1159,0.00,0.01,2.63,0.18,0.5814,1,1,0,0.01,0.00,0.00,0.00,0.00,0.00,0.17,209,31
12901,0.6,4.4,34.4,-0.015,0.057,-1.015,4.4,-4.0,-2.2,0.0081,-0.0117,-0.0388,1118,1357,1189,1361,0.00,0.01,2.64,0.18,0.5814,1,1,0,0.01,0.00,0.00,0.00,0.00,0.00,0.16,209,31
12911,-1.4,-3.0,38.9,-0.021,0.048,-1.119,4.4,-4.0,-2.2,0.0100,-0.0049,-0.0344,1207,1286,1262,1271,0.00,0.01,2.63,0.18,0.5814,1,1,0,0.01,0.00,0.00,0.00,0.00,0.00,0.18,208,31
12921,0.7,-1.7,-70.0,0.083,-0.077,-0.917,4.4,-4.0,-2.2,0.0075,-0.0069,0.0525,1320,1165,1375,1165,0.00,0.01,2.63,0.18,0.5814,1,1,0,0.01,0.00,0.00,0.00,0.00,0.00,0.19,208,31
12931,0.5,6.1,30.8,-0.008,0.034,-0.965,4.4,-4.0,-2.2,0.0082,-0.0141,-0.0306,1130,1334,1214,1347,0.00,0.01,2.63,0.18,0.5814,1,1,0,0.01,0.00,0.00,0.00,0.00,0.00,0.18,208,31
12941,-1.9,-2.0,40.5,-0.035,0.063,-1.137,4.4,-4.0,-2.2,0.0104,-0.0059,-0.0357,1203,1293,1254,1275,0.00,0.01,2.63,0.18,0.5814,1,1,0,0.01,0.00,0.00,0.00,0.00,0.00,0.18,208,31
12951,0.6,-4.8,-68.9,0.090,-0.089,-0.988,4.4,-4.0,-2.2,0.0076,-0.0043,0.0520,1318,1169,1370,1168,0.00,0.01,2.63,0.18,0.5814,1,1,0,0.01,0.00,0.00,0.00,0.00,0.00,0.17,209,31
12961,1.6,6.9,28.4,0.011,0.025,-0.900,4.4,-4.0,-2.2,0.0070,-0.0152,-0.0288,1144,1338,1230,1364,0.00,0.01,2.63,0.18,0.5881,1,1,0,0.01,0.00,0.00,0.00,0.00,0.00,0.17,209,31
12971,-0.9,0.1,43.4,-0.042,0.086,-1.087,4.4,-3.9,-2.2,0.0095,-0.0081,-0.0381,1211,1315,1259,1291,0.00,0.01,2.63,0.18,0.5881,1,1,0,0.01,0.00,0.00,0.00,0.00,0.00,0.18,209,31
12981,0.2,-7.6,-68.5,0.096,-0.083,-1.064,4.4,-4.0,-2.2,0.0084,-0.0018,0.0523,1342,1180,1390,1164,0.00,0.01,2.63,0.18,0.5881,1,1,0,0.01,0.00,0.00,0.00,0.00,0.00,0.20,209,31
12991,0.5,7.6,21.1,0.027,-0.027,-0.895,4.5,-4.1,-2.2,0.0080,-0.0158,-0.0203,1142,1329,1240,1365,0.00,0.01,2.63,0.18,0.5881,1,1,0,0.01,0.00,0.00,0.00,0.00,0.00,0.19,209,31
13001,-0.5,1.7,45.2,-0.057,0.094,-1.033,4.4,-3.9,-2.2,0.0091,-0.0097,-0.0395,1198,1332,1248,1307,0.00,0.01,2.63,0.18,0.5893,1,1,0,0.01,0.00,0.00,0.00,0.00,0.00,0.18,208,31
13011,0.3,-10.0,-70.1,0.090,-0.069,-1.087,4.4,-4.0,-2.2,0.0082,0.0020,0.0527,1353,1185,1389,1159,0.00,0.01,2.63,0.18,0.5893,1,1,0,0.01,0.00,0.00,0.00,0.00,0.00,0.18,208,31
13021,1.0,7.9,27.3,0.028,-0.017,-0.931,4.4,-4.1,-2.2,0.0075,-0.0161,-0.0252,1153,1352,1251,1398,0.00,0.01,2.64,0.18,0.5985,1,1,0,0.01,0.00,0.00,0.00,0.00,0.00,0.17,208,31
13031,0.2,3.6,40.9,-0.063,0.089,-0.997,4.4,-4.0,-2.2,0.0083,-0.0117,-0.0361,1208,1342,1269,1335,0.00,0.01,2.63,0.18,0.5985,1,1,0,0.01,0.00,0.00,0.00,0.00,0.00,0.17,208,31
13041,0.0,-10.6,-67.7,0.073,-0.051,-1.053,4.5,-4.0,-2.2,0.0086,0.0024,0.0507,1364,1213,1399,1179,0.00,0.01,2.63,0.18,0.5985,1,1,0,0.01,0.00,0.00,0.00,0.00,0.00,0.16,208,31
13051,0.3,5.1,33.3,0.025,-0.003,-1.001,4.4,-4.1,-2.2,0.0083,-0.0133,-0.0301,1168,1348,1261,1378,0.00,0.01,2.64,0.18,0.5985,1,1,0,0.01,0.00,0.00,0.00,0.00,0.00,0.17,208,31
13061,-1.3,5.0,33.7,-0.035,0.047,-0.982,4.4,-4.0,-2.2,0.0099,-0.0131,-0.0304,1200,1333,1281,1340,0.00,0.01,2.63,0.18,0.5985,1,1,0,0.01,0.00,0.00,0.00,0.00,0.00,0.17,209,31
13071,0.5,-6.4,-68.6,0.060,-0.030,-0.978,4.4,-4.1,-2.2,0.0081,-0.0013,0.0513,1365,1210,1398,1180,0.00,0.01,2.63,0.18,0.5985,1,1,0,0.01,0.00,0.00,0.00,0.00,0.00,0.17,209,31
13081,0.6,2.1,35.7,0.008,0.008,-1.058,4.5,-4.1,-2.2,0.0078,-0.0106,-0.0344,1188,1348,1259,1359,0.00,0.01,2.64,0.18,0.5985,1,1,0,0.01,0.00,0.00,0.00,0.00,0.00,0.17,209,31
13091,-0.2,1.5,31.1,-0.024,0.041,-1.049,4.4,-4.0,-2.2,0.0090,-0.0096,-0.0257,1251,1298,1313,1293,0.00,0.01,2.63,0.18,0.5985,1,1,0,0.01,0.00,0.00,0.00,0.00,0.00,0.17,209,31
13102,1.2,-3.1,-68.4,0.078,-0.045,-0.914,4.4,-4.1,-2.2,0.0073,-0.0049,0.0513,1348,1208,1401,1198,0.00,0.01,2.63,0.18,0.5985,1,1,0,0.01,0.00,0.00,0.00,0.00,0.00,0.17,209,31
13112,-0.3,4.9,36.5,-0.010,0.023,-0.985,4.4,-4.1,-2.2,0.0090,-0.0131,-0.0327,1158,1379,1231,1387,0.00,0.01,2.64,0.18,0.5985,1,1,0,0.01,0.00,0.00,0.00,0.00,0.00,0.18,209,31
13122,-0.5,-3.0,35.5,-0.023,0.067,-1.108,4.4,-4.0,-2.2,0.0094,-0.0042,-0.0240,1253,1338,1304,1315,0.00,0.01,2.63,0.18,0.6058,1,1,0,0.01,0.00,0.00,0.00,0.00,0.00,0.19,209,31
13132,0.7,-4.9,-70.4,0.100,-0.091,-0.988,4.4,-4.1,-2.2,0.0079,-0.0032,0.0529,1366,1210,1423,1210,0.00,0.01,2.63,0.18,0.6058,1,1,0,0.01,0.00,0.00,0.00,0.00,0.00,0.19,209,31
13142,0.7,8.8,33.3,-0.005,0.020,-0.915,4.4,-4.1,-2.2,0.0079,-0.0171,-0.0301,1167,1382,1255,1406,0.00,0.01,2.64,0.18,0.6058,1,1,0,0.01,0.00,0.00,0.00,0.00,0.00,0.19,209,31
13152,-0.8,0.1,39.0,-0.056,0.084,-1.027,4.4,-4.0,-2.2,0.0098,-0.0052,-0.0272,1249,1349,1294,1318,0.00,0.01,2.63,0.18,0.6058,1,1,0,0.01,0.00,0.00,0.00,0.00,0.00,0.18,209,31
13162,0.0,-9.4,-70.5,0.082,-0.071,-1.048,4.4,-4.0,-2.2,0.0086,0.0012,0.0529,1378,1221,1414,1196,0.00,0.01,2.63,0.18,0.6058,1,1,0,0.01,0.00,0.00,0.00,0.00,0.00,0.17,209,31
13172,1.4,3.3,31.2,0.047,-0.003,-1.009,4.4,-4.1,-2.2,0.0071,-0.0126,-0.0312,1171,1368,1263,1408,0.00,0.01,2.64,0.18,0.6058,1,1,0,0.01,0.00,0.00,0.00,0.00,0.00,0.17,209,31
13182,0.1,7.1,38.6,-0.036,0.084,-0.969,4.4,-4.0,-2.2,0.0093,-0.0139,-0.0271,1233,1334,1310,1334,0.00,0.01,2.63,0.18,0.6058,1,1,0,0.01,0.00,0.00,0.00,0.00,0.00,0.16,209,31
13192,0.0,-4.3,-69.4,0.042,-0.040,-0.971,4.4,-4.0,-2.2,0.0086,-0.0038,0.0520,1378,1228,1411,1193,0.00,0.01,2.63,0.18,0.6058,1,1,0,0.01,0.00,0.00,0.00,0.00,0.00,0.17,209,31
13202,0.1,-2.0,31.6,0.005,-0.018,-1.063,4.4,-4.1,-2.2,0.0085,-0.0061,-0.0288,1190,1380,1252,1387,0.00,0.01,2.64,0.18,0.6058,1,1,0,0.01,0.00,-0.01,0.00,0.00,0.00,0.18,210,31
13213,0.2,0.9,39.9,-0.010,0.081,-1.044,4.4,-4.1,-2.2,0.0085,-0.0098,-0.0329,1229,1330,1311,1339,0.00,0.01,2.63,0.18,0.6058,1,1,0,0.01,0.00,0.00,0.00,0.00,0.00,0.18,210,31
13223,0.6,-0.9,-70.6,0.081,-0.055,-0.951,4.5,-4.1,-2.2,0.0081,-0.0072,0.0530,1364,1214,1427,1206,0.00,0.01,2.63,0.18,0.6058,1,1,0,0.01,0.00,0.00,0.00,0.00,0.00,0.18,210,31
13233,-0.8,4.5,27.9,0.000,-0.019,-0.987,4.5,-4.0,-2.2,0.0090,-0.0114,-0.0340,1187,1381,1255,1388,0.00,0.01,2.64,0.18,0.6058,1,1,0,0.01,0.00,-0.01,0.00,0.00,0.00,0.17,210,31
13243,0.2,-2.5,42.6,-0.034,0.091,-1.014,4.4,-4.0,-2.2,0.0083,-0.0054,-0.0352,1240,1345,1293,1332,0.00,0.01,2.63,0.18,0.6058,1,1,0,0.01,0.00,-0.01,0.00,0.00,0.00,0.18,210,31
13253,0.4,-4.6,-69.5,0.092,-0.059,-1.005,4.5,-4.1,-2.2,0.0082,-0.0035,0.0521,1374,1212,1426,1198,0.00,0.01,2.63,0.18,0.6058,1,1,0,0.01,0.00,-0.01,0.00,0.00,0.00,0.18,210,31
13263,-0.1,5.4,23.4,0.037,-0.032,-1.061,4.5,-4.1,-2.2,0.0090,-0.0145,-0.0308,1184,1373,1274,1396,0.00,0.01,2.64,0.18,0.6082,1,1,0,0.01,0.00,-0.01,0.00,0.00,0.00,0.18,210,31
13273,0.0,2.3,44.6,-0.042,0.069,-0.973,4.5,-4.0,-2.2,0.0087,-0.0101,-0.0370,1223,1360,1288,1357,0.00,0.01,2.63,0.18,0.6082,1,1,0,0.01,0.00,-0.01,0.00,0.00,0.00,0.18,210,31
13283,0.4,-3.3,-69.9,0.043,-0.029,-0.899,4.5,-4.0,-2.2,0.0082,-0.0048,0.0524,1398,1232,1440,1209,0.00,0.01,2.63,0.18,0.6150,1,1,0,0.01,0.00,-0.01,0.00,0.00,0.00,0.17,210,31
13293,0.0,0.3,20.3,0.022,-0.034,-1.092,4.5,-4.0,-2.2,0.0085,-0.0085,-0.0284,1213,1390,1279,1396,0.00,0.01,2.64,0.18,0.6150,1,1,0,0.01,0.00,-0.01,0.00,0.00,0.00,0.17,210,30
13303,0.5,-1.1,49.6,0.003,0.059,-1.104,4.5,-4.0,-2.2,0.0082,-0.0070,-0.0432,1230,1373,1298,1378,0.00,0.01,2.63,0.18,0.6150,1,1,0,0.01,0.00,-0.01,0.00,0.00,0.00,0.19,209,30
13313,1.3,1.2,-68.0,0.062,-0.028,-0.897,4.5,-4.1,-2.2,0.0074,-0.0100,0.0515,1383,1217,1454,1225,0.00,0.01,2.63,0.18,0.6150,1,1,0,0.01,0.00,-0.01,0.00,0.00,0.00,0.20,209,30
13323,-0.8,7.5,17.1,-0.005,-0.024,-0.960,4.5,-4.0,-2.2,0.0099,-0.0135,-0.0260,1219,1376,1301,1383,0.00,0.01,2.64,0.18,0.6150,1,1,0,0.01,0.00,0.00,0.00,0.00,0.00,0.19,209,31
13334,-0.2,-6.0,52.5,-0.033,0.073,-1.103,4.4,-3.9,-2.2,0.0090,-0.0020,-0.0455,1243,1397,1276,1363,0.00,0.01,2.63,0.18,0.6150,1,1,0,0.01,0.00,0.00,0.00,0.00,0.00,0.19,209,31
13344,0.5,-8.1,-68.1,0.083,-0.050,-0.998,4.5,-4.1,-2.2,0.0077,-0.0026,0.0530,1399,1225,1445,1214,0.00,0.01,2.63,0.18,0.6156,1,1,0,0.01,0.00,0.00,0.00,0.00,0.00,0.18,210,31
13354,0.3,8.0,13.7,0.049,-0.009,-1.007,4.5,-4.1,-2.2,0.0085,-0.0173,-0.0177,1210,1357,1319,1398,0.00,0.01,2.64,0.18,0.6156,1,1,0,0.01,0.00,0.00,0.00,0.00,0.00,0.17,210,31
13364,-0.6,5.0,55.9,-0.050,0.069,-1.049,4.5,-3.9,-2.5,0.0094,-0.0132,-0.0485,1220,1392,1286,1386,0.00,0.01,2.63,0.18,0.6156,1,1,0,0.01,0.00,0.00,0.00,0.00,0.00,0.17,210,31
13374,0.6,-5.5,-65.5,0.029,-0.046,-0.932,4.5,-4.0,-2.5,0.0081,-0.0022,0.0496,1402,1236,1436,1209,0.00,0.01,2.63,0.18,0.6156,1,1,0,0.01,0.00,0.00,0.00,0.00,0.00,0.17,210,31
13384,-0.2,-0.2,7.1,0.022,-0.027,-0.994,4.5,-4.1,-2.5,0.0087,-0.0085,-0.0154,1235,1368,1305,1376,0.00,0.01,2.64,0.18,0.6156,1,1,0,0.01,0.00,0.00,0.00,0.00,0.00,0.17,209,31
13394,-0.1,0.6,56.4,-0.003,0.076,-1.105,4.4,-4.0,-2.5,0.0087,-0.0092,-0.0474,1209,1392,1282,1400,0.00,0.01,2.63,0.18,0.6156,1,1,0,0.01,0.00,0.00,0.00,0.00,0.00,0.18,210,31
13404,1.4,-2.2,-66.0,0.082,-0.058,-1.021,4.4,-4.0,-2.5,0.0075,-0.0064,0.0512,1392,1225,1446,1220,0.00,0.01,2.63,0.18,0.6156,1,1,0,0.01,0.00,0.00,0.00,0.00,0.00,0.18,210,31
13414,-0.1,6.3,9.9,0.009,-0.040,-0.930,4.5,-4.1,-2.5,0.0090,-0.0145,-0.0146,1229,1361,1315,1378,0.00,0.01,2.64,0.18,0.6156,1,1,0,0.01,0.00,0.00,0.00,0.00,0.00,0.18,210,31
13424,-0.4,1.6,55.1,-0.061,0.106,-0.988,4.5,-3.9,-2.5,0.0092,-0.0098,-0.0479,1213,1401,1277,1393,0.00,0.01,2.63,0.18,0.6156,1,1,0,0.01,0.00,0.00,0.00,0.00,0.00,0.16,211,31
13434,0.7,-7.7,-62.8,0.058,-0.036,-1.012,4.4,-4.0,-2.5,0.0078,-0.0002,0.0475,1402,1239,1430,1212,0.00,0.01,2.63,0.18,0.6156,1,1,0,0.01,0.00,0.00,0.00,0.00,0.00,0.19,211,31
13444,0.9,0.5,5.2,0.057,-0.037,-1.088,4.5,-4.1,-2.5,0.0079,-0.0094,-0.0111,1270,1365,1341,1376,0.00,0.01,2.64,0.18,0.6247,1,1,0,0.01,0.00,0.00,0.00,0.00,0.00,0.21,211,31
13455,0.3,4.9,58.9,-0.012,0.078,-1.030,4.5,-4.0,-2.5,0.0084,-0.0132,-0.0510,1212,1411,1299,1431,0.00,0.01,2.63,0.18,0.6247,1,1,0,0.01,0.00,-0.04,0.00,0.00,0.00,0.20,211,31
13465,-0.8,0.3,-61.4,0.036,-0.035,-0.861,4.5,-4.0,-2.5,0.0098,-0.0072,0.0486,1403,1251,1463,1236,0.00,0.01,2.63,0.18,0.6247,1,1,0,0.01,0.00,-0.02,0.00,0.00,0.00,0.19,211,31
13475,-1.5,2.9,-1.3,0.016,-0.048,-0.996,4.5,-4.0,-2.5,0.0103,-0.0111,-0.0028,1277,1367,1345,1364,0.00,0.01,2.64,0.18,0.6247,1,1,0,0.01,0.00,-0.02,0.00,0.00,0.00,0.18,211,31
13485,0.4,-5.4,60.1,-0.011,0.080,-1.133,4.5,-4.0,-2.5,0.0083,-0.0027,-0.0519,1232,1432,1274,1415,0.00,0.01,2.63,0.18,0.6247,1,1,0,0.01,0.00,-0.02,0.00,0.00,0.00,0.18,212,31
13495,2.0,-6.3,-62.0,0.080,-0.027,-1.012,4.5,-4.1,-2.5,0.0069,-0.0049,0.0494,1409,1249,1454,1241,0.00,0.01,2.63,0.18,0.6247,1,1,0,0.01,0.00,-0.02,0.00,0.00,0.00,0.17,212,31
13505,0.0,8.1,-0.8,0.059,-0.040,-0.973,4.5,-4.1,-2.5,0.0090,-0.0172,-0.0063,1262,1345,1367,1379,0.00,0.01,2.64,0.18,0.6247,1,1,0,0.01,0.00,-0.02,0.00,0.00,0.00,0.16,212,31
13515,-0.6,5.6,62.3,-0.042,0.083,-1.035,4.5,-4.0,-2.5,0.0095,-0.0138,-0.0537,1211,1427,1285,1429,0.00,0.01,2.63,0.18,0.6247,1,1,0,0.01,0.00,-0.02,0.00,0.00,0.00,0.17,212,31
13525,-0.3,-6.1,-59.1,0.022,-0.039,-0.950,4.5,-4.0,-3.1,0.0091,-0.0015,0.0445,1409,1264,1446,1233,0.00,0.01,2.63,0.18,0.6247,1,1,0,0.01,0.00,-0.02,0.00,0.00,0.00,0.18,212,31
13535,0.1,-2.2,-8.0,0.029,-0.035,-1.003,4.5,-4.1,-3.1,0.0087,-0.0061,0.0020,1290,1359,1349,1354,0.00,0.01,2.64,0.18,0.6247,1,1,0,0.01,0.00,-0.02,0.00,0.00,0.00,0.18,212,31
13545,0.4,-0.6,64.0,-0.003,0.094,-1.099,4.5,-4.0,-3.1,0.0084,-0.0081,-0.0544,1208,1436,1275,1439,0.00,0.01,2.63,0.18,0.6253,1,1,0,0.01,0.00,-0.02,0.00,0.00,0.00,0.18,212,31
13555,1.0,-1.0,-58.4,0.058,-0.056,-1.044,4.5,-4.1,-3.1,0.0077,-0.0077,0.0462,1397,1252,1456,1252,0.00,0.01,2.63,0.18,0.6253,1,1,0,0.01,0.00,-0.02,0.00,0.00,0.00,0.17,211,31
13565,-0.1,5.5,-8.3,0.044,-0.060,-0.973,4.5,-4.1,-3.7,0.0091,-0.0139,0.0017,1276,1348,1365,1368,0.00,0.01,2.64,0.18,0.6253,1,1,0,0.01,0.00,-0.02,0.00,0.00,0.00,0.16,210,31
13576,0.0,2.8,65.5,-0.050,0.118,-0.982,4.5,-4.0,-3.7,0.0091,-0.0095,-0.0534,1203,1439,1274,1441,0.00,0.01,2.64,0.18,0.6253,1,1,0,0.01,0.00,-0.02,0.00,0.00,0.00,0.17,210,31
13586,-0.3,-5.7,-53.9,0.010,0.000,-0.949,4.5,-4.0,-3.7,0.0092,-0.0025,0.0382,1404,1269,1445,1239,0.00,0.01,2.63,0.18,0.6253,1,1,0,0.01,0.00,-0.02,0.00,0.00,0.00,0.18,210,31
13596,-0.7,-1.7,-13.9,0.049,-0.077,-1.069,4.5,-4.1,-3.7,0.0097,-0.0066,0.0061,1309,1343,1371,1334,0.00,0.01,2.64,0.18,0.6253,1,1,0,0.01,0.00,-0.02,0.00,0.00,0.00,0.18,211,31
13606,0.6,-0.9,65.6,0.003,0.063,-1.132,4.5,-4.0,-3.7,0.0082,-0.0078,-0.0565,1221,1458,1286,1461,0.00,0.01,2.64,0.18,0.6345,1,1,0,0.01,0.00,-0.02,0.00,0.00,0.00,0.18,212,31
13616,1.5,-1.1,-49.9,0.056,-0.036,-0.940,4.5,-4.1,-3.7,0.0073,-0.0072,0.0349,1399,1281,1460,1286,0.00,0.01,2.63,0.18,0.6345,1,1,0,0.01,0.00,-0.02,0.00,0.00,0.00,0.17,212,31
13626,-0.2,8.7,-20.4,0.038,-0.039,-0.930,4.5,-4.1,-3.7,0.0095,-0.0169,0.0029,1312,1337,1412,1365,0.00,0.01,2.64,0.18,0.6345,1,1,0,0.01,0.00,-0.02,0.00,0.00,0.00,0.17,212,31
13636,-1.0,3.8,67.0,-0.064,0.113,-1.048,4.5,-3.9,-3.7,0.0100,-0.0121,-0.0585,1219,1467,1286,1455,0.00,0.01,2.64,0.18,0.6345,1,1,0,0.01,0.00,-0.02,0.00,0.00,0.00,0.19,212,31
13646,-0.5,-11.3,-47.5,0.009,-0.029,-1.014,4.5,-4.0,-3.7,0.0095,0.0030,0.0331,1417,1310,1438,1262,0.00,0.01,2.63,0.18,0.6345,1,1,0,0.01,0.00,-0.02,0.00,0.00,0.00,0.21,212,31
13656,0.2,-5.3,-24.1,0.060,-0.062,-1.001,4.5,-4.1,-3.7,0.0082,-0.0058,0.0059,1341,1350,1394,1341,0.00,0.01,2.64,0.18,0.6345,1,1,0,0.01,0.00,-0.04,0.00,0.00,0.00,0.19,212,31
13666,0.5,3.2,68.8,0.012,0.092,-1.085,4.5,-4.1,-3.7,0.0083,-0.0116,-0.0600,1204,1452,1293,1477,0.00,0.01,2.64,0.18,0.6345,1,1,0,0.01,0.00,-0.04,0.00,0.00,0.00,0.18,212,31
13676,0.4,2.4,-46.0,0.046,-0.044,-0.982,4.5,-4.0,-3.7,0.0085,-0.0108,0.0319,1388,1283,1462,1294,0.00,0.01,2.63,0.18,0.6345,1,1,0,0.01,0.00,-0.04,0.00,0.00,0.00,0.18,212,31
13687,-0.7,6.8,-26.2,0.050,-0.066,-0.973,4.5,-4.0,-3.7,0.0097,-0.0140,0.0075,1326,1334,1416,1350,0.00,0.01,2.64,0.18,0.6345,1,1,0,0.01,0.00,-0.04,0.00,0.00,0.00,0.17,212,31
13697,0.4,2.0,70.5,-0.073,0.135,-1.025,4.5,-3.9,-3.7,0.0085,-0.0102,-0.0614,1217,1473,1274,1462,0.00,0.01,2.64,0.18,0.6345,1,1,0,0.01,0.00,-0.04,0.00,0.00,0.00,0.17,212,31
13707,0.4,-9.2,-39.8,-0.012,0.032,-0.969,4.5,-4.0,-4.0,0.0084,0.0015,0.0340,1409,1312,1435,1275,0.00,0.01,2.63,0.18,0.6351,1,1,0,0.01,0.00,-0.04,0.00,0.00,0.00,0.16,212,31
13717,-0.5,-3.6,-34.5,0.050,-0.057,-1.008,4.5,-4.1,-4.0,0.0095,-0.0057,0.0172,1349,1340,1411,1331,0.00,0.01,2.64,0.18,0.6351,1,1,0,0.01,0.00,-0.04,0.00,0.00,0.00,0.17,212,31
13727,-0.3,1.5,69.0,0.006,0.067,-1.127,4.5,-4.0,-4.0,0.0093,-0.0099,-0.0605,1221,1483,1298,1489,0.00,0.01,2.64,0.18,0.6430,1,1,0,0.01,0.00,-0.04,0.00,0.00,0.00,0.18,212,31
13737,0.3,-2.1,-38.3,0.047,-0.059,-1.012,4.5,-4.0,-4.0,0.0084,-0.0068,0.0278,1404,1312,1464,1311,0.00,0.01,2.63,0.18,0.6430,1,1,0,0.01,0.00,-0.04,0.00,0.00,0.00,0.18,211,31
13747,0.6,5.6,-33.5,0.066,-0.075,-0.935,4.5,-4.1,-4.0,0.0083,-0.0141,0.0215,1347,1337,1442,1365,0.00,0.01,2.64,0.18,0.6430,1,1,0,0.01,0.00,-0.05,0.00,0.00,0.00,0.17,211,31
13757,0.4,9.2,68.6,-0.048,0.122,-0.981,4.5,-4.0,-4.0,0.0093,-0.0153,-0.0594,1214,1474,1307,1496,0.00,0.01,2.64,0.18,0.6430,1,1,0,0.01,0.00,-0.05,0.00,0.00,0.00,0.16,211,31
13767,-1.0,-3.2,-30.3,-0.034,0.019,-0.978,4.5,-3.9,-4.7,0.0101,-0.0028,0.0237,1406,1336,1448,1301,0.00,0.01,2.63,0.18,0.6430,1,1,0,0.01,0.00,-0.05,0.00,0.00,0.00,0.18,210,31
13778,-1.2,-4.5,-41.2,0.024,-0.044,-1.018,4.5,-4.0,-4.7,0.0098,-0.0026,0.0202,1379,1357,1424,1331,0.00,0.01,2.64,0.18,0.6430,1,1,0,0.01,0.00,-0.05,0.00,0.00,0.00,0.20,210,31
13788,0.3,-5.0,67.7,-0.030,0.099,-1.099,4.5,-4.0,-4.7,0.0087,-0.0036,-0.0600,1234,1493,1285,1479,0.00,0.01,2.64,0.18,0.6430,1,1,0,0.01,0.00,0.02,0.00,0.00,0.00,0.19,210,31
13798,0.0,-7.2,-27.0,0.037,-0.015,-1.027,4.5,-4.0,-4.7,0.0090,-0.0011,0.0158,1395,1328,1450,1318,0.00,0.01,2.63,0.18,0.6430,1,1,0,0.01,0.00,0.02,0.00,0.00,0.00,0.19,210,31
13808,0.4,3.0,-45.2,0.110,-0.085,-0.953,4.5,-4.1,-4.7,0.0086,-0.0129,0.0280,1371,1316,1462,1342,0.00,0.01,2.64,0.18,0.6430,1,1,0,0.01,0.00,0.02,0.00,0.00,0.00,0.18,211,31
13818,1.2,12.0,70.4,0.001,0.061,-1.034,4.5,-4.0,-4.7,0.0077,-0.0204,-0.0621,1200,1471,1306,1514,0.00,0.01,2.64,0.18,0.6430,1,1,0,0.01,0.00,0.02,0.00,0.00,0.00,0.17,211,31
13828,-0.6,2.3,-20.2,-0.024,-0.001,-0.990,4.5,-3.9,-4.7,0.0098,-0.0073,0.0188,1376,1342,1441,1332,0.00,0.01,2.63,0.18,0.6430,1,1,0,0.01,0.00,0.03,0.00,0.00,0.00,0.18,211,31
13838,-1.1,-0.4,-47.1,0.011,-0.033,-0.946,4.5,-4.0,-4.7,0.0101,-0.0071,0.0297,1391,1333,1450,1317,0.00,0.01,2.64,0.18,0.6430,1,1,0,0.01,0.00,0.03,0.00,0.00,0.00,0.19,211,31
13848,0.8,-2.0,68.7,-0.066,0.145,-1.030,4.5,-3.9,-4.7,0.0082,-0.0062,-0.0609,1231,1498,1281,1482,0.00,0.01,2.64,0.18,0.6430,1,1,0,0.01,0.00,0.03,0.00,0.00,0.00,0.19,211,31
13858,-1.1,-10.0,-18.3,-0.020,0.021,-1.016,4.5,-3.9,-4.7,0.0101,0.0010,0.0175,1389,1361,1423,1318,0.00,0.01,2.63,0.18,0.6430,1,1,0,0.01,0.00,0.03,0.00,0.00,0.00,0.18,210,31
13868,-1.3,-6.0,-51.6,0.086,-0.068,-1.016,4.5,-4.1,-4.7,0.0104,-0.0024,0.0354,1392,1329,1454,1315,0.00,0.01,2.64,0.18,0.6430,1,1,0,0.01,0.00,0.03,0.00,0.00,0.00,0.18,211,31
13878,0.7,2.4,66.5,0.014,0.043,-1.113,4.5,-4.0,-4.7,0.0077,-0.0132,-0.0612,1214,1476,1298,1503,0.00,0.01,2.64,0.18,0.6430,1,1,0,0.01,0.00,0.03,0.00,0.00,0.00,0.17,211,31
13889,1.6,-0.7,-10.9,0.026,-0.036,-0.984,4.5,-4.0,-4.7,0.0074,-0.0076,0.0028,1370,1342,1435,1354,0.00,0.01,2.63,0.18,0.6442,1,1,0,0.01,0.00,0.04,0.00,0.00,0.00,0.17,211,31
13899,1.2,5.9,-54.1,0.076,-0.056,-0.884,4.5,-4.1,-4.7,0.0086,-0.0156,0.0319,1380,1310,1475,1335,0.00,0.01,2.63,0.18,0.6442,1,1,0,0.01,0.00,0.04,0.00,0.00,0.00,0.16,211,31
13909,0.3,10.7,63.9,-0.052,0.092,-0.988,4.5,-4.0,-4.7,0.0089,-0.0181,-0.0580,1216,1475,1310,1499,0.00,0.01,2.64,0.18,0.6442,1,1,0,0.01,0.00,0.04,0.00,0.00,0.00,0.17,211,31
13919,-1.5,-4.2,-7.5,-0.058,0.049,-0.996,4.5,-3.9,-4.7,0.0106,-0.0041,0.0000,1364,1382,1408,1347,0.00,0.01,2.63,0.18,0.6442,1,1,0,0.01,0.00,0.04,0.00,0.00,0.00,0.18,211,31
13929,-0.8,-9.3,-56.7,0.032,-0.043,-1.015,4.5,-4.0,-4.7,0.0098,0.0020,0.0340,1426,1334,1455,1289,0.00,0.01,2.64,0.18,0.6449,1,1,0,0.01,0.00,0.04,0.00,0.00,0.00,0.18,211,31
13939,0.2,-5.3,61.8,-0.028,0.086,-1.080,4.5,-4.0,-4.7,0.0088,-0.0030,-0.0554,1243,1494,1291,1477,0.00,0.01,2.64,0.18,0.6449,1,1,0,0.01,0.00,0.04,0.00,0.00,0.00,0.18,212,31
13949,-0.5,-8.1,0.4,0.007,0.020,-1.047,4.5,-4.0,-4.7,0.0092,-0.0044,0.0025,1355,1380,1407,1363,0.00,0.01,2.63,0.18,0.6449,1,1,0,0.01,0.00,0.05,-0.01,0.00,0.00,0.17,211,31
13959,0.6,1.9,-59.6,0.117,-0.081,-0.937,4.5,-4.1,-4.7,0.0085,-0.0118,0.0402,1402,1296,1489,1317,0.00,0.01,2.63,0.18,0.6449,1,1,0,0.01,0.00,0.05,0.00,0.00,0.00,0.17,211,31
13969,1.0,13.0,60.5,0.010,0.025,-1.018,4.5,-4.0,-4.7,0.0081,-0.0215,-0.0544,1227,1474,1339,1525,0.00,0.01,2.64,0.18,0.6528,1,1,0,0.01,0.00,0.05,0.00,0.00,0.00,0.19,211,31
13980,0.0,4.2,3.8,-0.043,0.016,-0.983,4.5,-4.0,-4.7,0.0092,-0.0091,-0.0004,1356,1392,1425,1392,0.00,0.01,2.63,0.18,0.6528,1,1,0,0.01,0.00,0.05,-0.01,0.00,0.00,0.21,211,31
13990,0.1,0.1,-61.5,0.021,-0.037,-0.917,4.5,-4.0,-4.7,0.0089,-0.0086,0.0432,1436,1329,1488,1312,0.00,0.01,2.63,0.18,0.6528,1,1,0,0.01,0.00,0.01,0.00,0.00,0.00,0.20,211,31
14000,0.9,1.6,57.7,-0.068,0.096,-0.989,4.5,-3.9,-4.7,0.0085,-0.0071,-0.0565,1255,1501,1314,1495,0.00,0.01,2.64,0.18,0.6528,1,1,0,0.01,0.00,0.00,0.00,0.00,0.00,0.19,211,31
14010,-0.8,-7.8,9.4,-0.064,0.092,-1.029,4.5,-3.9,-4.7,0.0103,0.0005,-0.0076,1370,1417,1406,1372,0.00,0.01,2.63,0.18,0.6528,1,1,0,0.01,0.00,0.00,0.00,0.00,0.00,0.18,211,31
14020,-1.1,-9.1,-61.3,0.056,-0.033,-1.036,4.5,-4.0,-4.7,0.0102,0.0006,0.0430,1448,1335,1487,1295,0.00,0.01,2.63,0.18,0.6528,1,1,0,0.01,0.00,0.00,0.00,0.00,0.00,0.17,211,31
14030,-0.6,-2.5,55.0,0.000,0.037,-1.110,4.5,-4.0,-5.0,0.0091,-0.0083,-0.0548,1255,1496,1320,1493,0.00,0.01,2.64,0.18,0.6528,1,1,0,0.01,0.00,0.00,0.00,0.00,0.00,0.17,211,31
14040,-0.1,-5.1,11.0,0.014,0.009,-1.053,4.5,-4.0,-5.0,0.0092,-0.0033,-0.0151,1354,1399,1415,1397,0.00,0.01,2.63,0.18,0.6528,1,1,0,0.01,0.00,0.00,0.00,0.00,0.00,0.16,211,31
14050,1.7,0.6,-62.5,0.111,-0.088,-0.931,4.5,-4.1,-5.0,0.0074,-0.0091,0.0436,1433,1305,1506,1321,0.00,0.01,2.64,0.18,0.6528,1,1,0,0.01,0.00,0.00,0.00,0.00,0.00,0.17,210,31
14060,1.8,13.1,51.5,0.020,0.021,-0.966,4.5,-4.1,-5.0,0.0075,-0.0227,-0.0522,1235,1461,1350,1519,0.00,0.01,2.64,0.18,0.6528,1,1,0,0.01,0.00,0.00,0.00,0.00,0.00,0.18,211,31
14070,-0.7,8.0,13.3,-0.025,0.027,-0.966,4.5,-3.9,-5.0,0.0099,-0.0165,-0.0169,1338,1399,1423,1405,0.00,0.01,2.63,0.18,0.6528,1,1,0,0.01,0.00,0.00,0.00,0.00,0.00,0.18,211,31
14080,-0.1,1.9,-64.0,0.038,-0.049,-0.952,4.5,-4.0,-5.0,0.0093,-0.0104,0.0448,1438,1313,1505,1309,0.00,0.01,2.63,0.18,0.6528,1,1,0,0.01,0.00,0.00,0.00,0.00,0.00,0.19,211,31
14090,0.2,1.2,52.5,-0.064,0.054,-1.032,4.5,-3.9,-5.0,0.0088,-0.0054,-0.0538,1266,1503,1320,1490,0.00,0.01,2.64,0.18,0.6546,1,1,0,0.01,0.00,0.00,0.00,0.00,0.00,0.18,211,31
14101,-0.7,-11.0,17.6,-0.076,0.098,-1.048,4.5,-3.9,-5.0,0.0098,0.0027,-0.0204,1367,1439,1388,1384,0.00,0.01,2.63,0.18,0.6546,1,1,0,0.01,0.00,0.00,0.00,0.00,0.00,0.17,211,31
14111,-0.1,-12.6,-65.5,0.055,-0.017,-0.973,4.5,-4.0,-5.0,0.0094,0.0024,0.0433,1463,1335,1490,1290,0.00,0.01,2.64,0.18,0.6546,1,1,0,0.01,0.00,0.00,0.00,0.00,0.00,0.18,211,31
14121,0.3,-1.9,47.5,0.005,0.034,-1.044,4.5,-4.1,-5.0,0.0086,-0.0085,-0.0484,1260,1489,1332,1497,0.00,0.01,2.64,0.18,0.6546,1,1,0,0.01,0.00,0.00,0.00,0.00,0.00,0.19,210,31
14131,-0.9,-1.1,19.5,0.006,0.024,-1.057,4.5,-4.0,-5.0,0.0101,-0.0073,-0.0220,1327,1428,1400,1424,0.00,0.01,2.63,0.18,0.6546,1,1,0,0.01,0.00,0.00,0.00,0.00,0.00,0.19,210,31
14141,0.0,-1.6,-66.1,0.114,-0.089,-0.981,4.5,-4.1,-5.0,0.0091,-0.0101,0.0439,1441,1310,1514,1313,0.00,0.01,2.64,0.18,0.6546,1,1,0,0.01,0.00,0.00,0.00,0.00,0.00,0.18,210,31
14151,0.9,9.2,48.8,0.016,0.006,-0.999,4.5,-4.1,-5.0,0.0081,-0.0184,-0.0475,1247,1470,1348,1513,0.00,0.01,2.64,0.18,0.6546,1,1,0,0.01,0.00,0.00,0.00,0.00,0.00,0.17,210,31
14161,0.0,4.4,21.3,-0.024,0.032,-0.978,4.5,-4.0,-5.0,0.0092,-0.0130,-0.0234,1320,1422,1402,1434,0.00,0.01,2.64,0.18,0.6546,1,1,0,0.01,0.00,0.01,0.00,0.00,0.00,0.18,210,31
14171,0.5,2.3,-67.7,0.069,-0.061,-0.882,4.5,-4.0,-5.0,0.0088,-0.0098,0.0456,1445,1307,1516,1310,0.00,0.01,2.64,0.18,0.6546,1,1,0,0.01,0.00,0.01,0.00,0.00,0.00,0.20,210,31
14181,0.4,8.3,41.4,-0.026,0.036,-0.985,4.5,-4.0,-5.0,0.0087,-0.0168,-0.0396,1264,1479,1344,1492,0.00,0.01,2.64,0.18,0.6546,1,1,0,0.01,0.00,-0.01,0.00,0.00,0.00,0.19,210,31
14191,-0.4,-3.8,28.4,-0.068,0.087,-1.049,4.5,-3.9,-5.0,0.0098,-0.0004,-0.0213,1335,1453,1374,1417,0.00,0.01,2.64,0.18,0.6546,1,1,0,0.01,0.00,0.00,0.00,0.00,0.00,0.18,211,31
14201,0.2,-12.3,-67.7,0.040,-0.015,-1.027,4.5,-4.0,-5.0,0.0093,0.0047,0.0455,1472,1335,1489,1282,0.00,0.01,2.64,0.18,0.6546,1,1,0,0.01,0.00,0.00,0.00,0.00,0.00,0.18,211,31
14211,0.5,-4.8,41.2,-0.018,0.036,-1.082,4.5,-4.0,-5.0,0.0083,-0.0042,-0.0441,1278,1490,1329,1481,0.00,0.01,2.64,0.18,0.6546,1,1,0,0.01,0.00,-0.01,0.00,0.00,0.00,0.18,211,31
14222,0.7,-6.1,29.0,-0.019,0.070,-1.061,4.5,-4.0,-5.0,0.0084,-0.0024,-0.0297,1326,1450,1376,1435,0.00,0.01,2.64,0.18,0.6558,1,1,0,0.01,0.00,0.00,0.00,0.00,0.00,0.17,211,31
14232,0.5,-3.0,-69.1,0.115,-0.071,-0.947,4.5,-4.1,-5.0,0.0087,-0.0069,0.0485,1452,1306,1522,1308,0.00,0.01,2.64,0.18,0.6558,1,1,0,0.01,0.00,0.00,0.00,0.00,0.00,0.16,210,31
14242,0.1,10.0,37.8,0.040,-0.027,-1.002,4.5,-4.1,-5.0,0.0091,-0.0187,-0.0368,1262,1454,1374,1497,0.00,0.01,2.64,0.18,0.6558,1,1,0,0.01,0.00,-0.01,0.00,0.00,0.00,0.17,210,31
14252,-1.0,7.0,34.8,-0.011,0.016,-1.014,4.5,-4.0,-5.0,0.0100,-0.0144,-0.0266,1300,1439,1393,1456,0.00,0.01,2.64,0.18,0.6558,1,1,0,0.01,0.00,0.00,0.00,0.00,0.00,0.18,210,31
14262,0.3,1.7,-69.3,0.067,-0.079,-0.924,4.5,-4.0,-5.0,0.0088,-0.0097,0.0486,1454,1303,1524,1307,0.00,0.01,2.63,0.18,0.6558,1,1,0,0.01,0.00,0.00,0.00,0.00,0.00,0.18,210,31
14272,0.9,7.6,30.6,-0.002,-0.004,-0.954,4.5,-4.0,-5.0,0.0080,-0.0140,-0.0388,1282,1459,1365,1482,0.00,0.01,2.64,0.18,0.6558,1,1,0,0.01,0.00,-0.01,0.00,0.00,0.00,0.18,211,31
14282,0.3,-1.0,39.7,-0.059,0.083,-0.991,4.5,-3.9,-5.0,0.0088,-0.0075,-0.0383,1320,1462,1371,1444,0.00,0.01,2.64,0.18,0.6571,1,1,0,0.01,0.00,0.00,0.00,0.00,0.00,0.17,211,31
14292,0.6,-5.6,-68.8,0.039,0.000,-0.984,4.5,-4.0,-5.0,0.0086,-0.0029,0.0485,1470,1322,1511,1295,0.00,0.01,2.64,0.18,0.6571,1,1,0,0.01,0.00,0.00,0.00,0.00,0.00,0.18,211,31
14302,-0.9,-0.8,28.5,-0.017,0.006,-1.069,4.5,-4.0,-5.0,0.0101,-0.0072,-0.0322,1297,1477,1359,1464,0.00,0.01,2.64,0.18,0.6571,1,1,0,0.01,0.00,0.00,0.00,0.00,0.00,0.19,210,31
14312,-0.5,-7.0,43.8,-0.023,0.083,-1.129,4.5,-4.0,-5.0,0.0098,-0.0014,-0.0416,1316,1474,1361,1446,0.00,0.01,2.64,0.18,0.6571,1,1,0,0.01,0.00,0.00,0.00,0.00,0.00,0.19,211,31
14323,0.6,-9.4,-67.1,0.082,-0.043,-1.034,4.5,-4.1,-5.0,0.0085,-0.0016,0.0477,1470,1322,1509,1296,0.00,0.01,2.63,0.18,0.6571,1,1,0,0.01,0.00,0.00,0.00,0.00,0.00,0.18,210,31
14333,0.3,1.0,23.0,0.045,-0.033,-1.001,4.5,-4.2,-5.0,0.0089,-0.0098,-0.0250,1288,1455,1377,1478,0.00,0.01,2.64,0.18,0.6571,1,1,0,0.01,0.00,0.00,0.00,0.00,0.00,0.18,210,31
14343,-0.2,4.2,43.9,0.004,0.045,-0.993,4.5,-4.1,-5.0,0.0095,-0.0129,-0.0417,1285,1461,1376,1479,0.00,0.01,2.64,0.18,0.6577,1,1,0,0.01,0.00,0.00,0.00,0.00,0.00,0.17,209,31
14353,0.2,4.5,-68.8,0.094,-0.084,-0.921,4.5,-4.1,-5.0,0.0091,-0.0141,0.0495,1450,1297,1538,1316,0.00,0.01,2.63,0.18,0.6577,1,1,0,0.01,0.00,0.00,0.00,0.00,0.00,0.17,209,31
14363,-0.1,12.6,19.4,0.027,-0.042,-0.960,4.5,-4.1,-5.0,0.0094,-0.0213,-0.0222,1292,1432,1404,1474,0.00,0.01,2.64,0.18,0.6577,1,1,0,0.01,0.00,0.00,0.00,0.00,0.00,0.17,209,31
14373,-0.2,3.9,48.1,-0.036,0.051,-1.016,4.5,-3.9,-5.0,0.0093,-0.0112,-0.0431,1294,1475,1360,1473,0.00,0.01,2.64,0.18,0.6577,1,1,0,0.01,0.00,0.00,0.00,0.00,0.00,0.18,210,31
14383,1.5,-5.2,-66.0,0.044,-0.038,-0.961,4.5,-4.0,-5.0,0.0077,-0.0007,0.0469,1473,1325,1505,1299,0.00,0.01,2.64,0.18,0.6577,1,1,0,0.01,0.00,0.00,0.00,0.00,0.00,0.18,210,31
14393,1.3,0.1,16.0,-0.008,0.009,-0.999,4.5,-4.1,-5.0,0.0079,-0.0088,-0.0195,1323,1448,1383,1447,0.00,0.01,2.64,0.18,0.6577,1,1,0,0.01,0.00,0.00,0.00,0.00,0.00,0.18,210,31
14403,0.4,-3.3,49.7,-0.051,0.123,-1.079,4.5,-4.0,-5.0,0.0092,-0.0041,-0.0406,1311,1500,1362,1480,0.00,0.01,2.64,0.18,0.6644,1,1,0,0.01,0.00,0.00,0.00,0.00,0.00,0.18,210,31
14413,0.4,-8.1,-63.6,0.061,0.016,-1.030,4.5,-4.1,-5.0,0.0088,-0.0005,0.0442,1481,1343,1518,1311,0.00,0.01,2.64,0.18,0.6644,1,1,0,0.01,0.00,0.00,0.00,0.00,0.00,0.17,210,31
14423,-0.5,0.0,14.0,0.019,-0.036,-1.073,4.5,-4.1,-5.0,0.0098,-0.0086,-0.0179,1332,1458,1405,1457,0.00,0.01,2.64,0.18,0.6644,1,1,0,0.01,0.00,0.00,0.00,0.00,0.00,0.17,210,31
14434,-0.3,-1.5,53.6,-0.027,0.081,-1.115,4.5,-4.0,-5.0,0.0099,-0.0078,-0.0438,1297,1500,1364,1492,0.00,0.01,2.64,0.18,0.6644,1,1,0,0.01,0.00,0.00,0.00,0.00,0.00,0.17,209,31
14444,0.1,-6.6,-62.4,0.074,-0.037,-0.977,4.5,-4.1,-5.0,0.0091,-0.0020,0.0432,1474,1333,1528,1317,0.00,0.01,2.64,0.18,0.6644,1,1,0,0.01,0.00,0.00,0.00,0.00,0.00,0.18,209,31
14454,0.2,4.3,10.2,0.049,-0.050,-0.951,4.5,-4.2,-5.0,0.0091,-0.0132,-0.0149,1329,1440,1420,1463,0.00,0.01,2.64,0.18,0.6644,1,1,0,0.01,0.00,0.00,0.00,0.00,0.00,0.18,209,31
14464,-0.6,5.8,53.5,-0.013,0.062,-0.991,4.5,-4.1,-5.6,0.0101,-0.0153,-0.0442,1281,1487,1378,1507,0.00,0.01,2.64,0.18,0.6644,1,1,0,0.01,0.00,0.00,0.00,0.00,0.00,0.18,209,31
14474,-0.2,3.6,-64.2,0.062,-0.088,-0.909,4.5,-4.1,-5.6,0.0095,-0.0124,0.0441,1463,1317,1544,1328,0.00,0.01,2.64,0.18,0.6644,1,1,0,0.01,0.00,0.00,0.00,0.00,0.00,0.18,210,31
14484,-0.3,10.1,2.4,0.039,-0.066,-0.954,4.5,-4.1,-5.6,0.0094,-0.0177,-0.0180,1327,1432,1430,1463,0.00,0.01,2.64,0.18,0.6644,1,1,0,0.01,0.00,0.00,0.00,0.00,0.00,0.17,210,30
14494,-0.3,3.9,58.9,-0.031,0.067,-1.046,4.5,-4.0,-5.6,0.0097,-0.0126,-0.0544,1290,1506,1355,1501,0.00,0.01,2.64,0.18,0.6644,1,1,0,0.01,0.00,0.00,0.00,0.00,0.00,0.19,210,30
14504,0.9,-4.7,-62.2,0.041,-0.048,-0.978,4.5,-4.0,-5.6,0.0083,-0.0038,0.0425,1482,1344,1522,1323,0.00,0.01,2.64,0.18,0.6668,1,1,0,0.01,0.00,0.00,0.00,0.00,0.00,0.21,210,30
14514,0.2,0.5,-0.4,0.017,-0.028,-1.015,4.5,-4.1,-5.6,0.0089,-0.0087,-0.0156,1355,1448,1422,1447,0.00,0.01,2.64,0.18,0.6668,1,1,0,0.01,0.00,0.00,0.00,0.00,0.00,0.20,210,31
14524,1.5,-1.1,58.3,-0.035,0.128,-1.078,4.5,-4.0,-5.6,0.0078,-0.0074,-0.0539,1298,1511,1355,1507,0.00,0.01,2.64,0.18,0.6668,1,1,0,0.01,0.00,0.03,0.02,0.00,0.00,0.19,209,31
14534,1.8,-5.1,-57.0,0.041,0.013,-1.006,4.5,-4.1,-5.6,0.0074,-0.0035,0.0383,1472,1348,1517,1333,0.00,0.01,2.64,0.18,0.6668,1,1,0,0.01,0.00,0.03,0.01,0.00,0.00,0.18,209,31
14545,0.2,2.6,-2.8,0.029,-0.024,-1.045,4.5,-4.1,-5.6,0.0092,-0.0116,-0.0080,1350,1440,1432,1448,0.00,0.01,2.64,0.18,0.6668,1,1,0,0.01,0.00,0.03,0.02,0.00,0.00,0.17,209,31
14555,0.4,1.1,61.6,-0.036,0.113,-1.104,4.5,-4.0,-5.6,0.0088,-0.0098,-0.0566,1281,1520,1350,1520,0.00,0.01,2.64,0.18,0.6668,1,1,0,0.01,0.00,0.03,0.02,0.00,0.00,0.17,209,31
14565,-0.5,-6.8,-55.6,0.030,-0.019,-1.021,4.5,-4.0,-5.6,0.0104,-0.0018,0.0414,1473,1356,1519,1323,0.00,0.01,2.64,0.18,0.6668,1,1,0,0.01,0.00,0.03,0.01,0.00,0.00,0.16,209,31
14575,-0.4,-0.4,-8.5,0.026,-0.043,-1.012,4.5,-4.1,-5.6,0.0098,-0.0083,-0.0005,1371,1432,1441,1427,0.00,0.01,2.64,0.18,0.6668,1,1,0,0.01,0.00,0.03,0.02,0.00,0.00,0.17,209,31
14585,0.0,-0.6,66.6,-0.043,0.114,-1.044,4.5,-4.0,-6.2,0.0102,-0.0085,-0.0571,1293,1547,1364,1541,0.00,0.01,2.64,0.18,0.6766,1,1,0,0.01,0.00,0.03,0.02,0.00,0.00,0.18,209,31
14595,-0.5,-4.5,-53.8,0.028,-0.027,-0.925,4.5,-4.1,-6.2,0.0100,-0.0046,0.0371,1479,1376,1534,1356,0.00,0.01,2.64,0.18,0.6766,1,1,0,0.01,0.00,0.03,0.01,0.00,0.00,0.19,209,31
14605,-0.6,3.5,-14.1,0.051,-0.058,-0.922,4.5,-4.1,-6.2,0.0100,-0.0124,0.0034,1387,1433,1477,1447,0.00,0.01,2.64,0.18,0.6766,1,1,0,0.01,0.00,0.03,0.02,0.00,0.00,0.19,209,31
14615,-1.5,4.1,66.2,-0.018,0.084,-1.003,4.5,-4.0,-6.2,0.0115,-0.0126,-0.0573,1282,1542,1374,1546,0.00,0.01,2.64,0.18,0.6766,1,1,0,0.01,0.00,0.03,0.02,0.00,0.00,0.18,209,31
14625,-2.3,-2.7,-50.8,0.027,-0.046,-0.961,4.5,-4.1,-6.2,0.0117,-0.0059,0.0327,1473,1377,1539,1357,0.00,0.01,2.64,0.18,0.6766,1,1,0,0.01,0.00,0.03,0.01,0.00,0.00,0.17,209,31
14635,-1.7,0.9,-21.5,0.033,-0.084,-0.990,4.5,-4.1,-6.2,0.0103,-0.0100,0.0008,1399,1435,1476,1434,0.00,0.01,2.64,0.18,0.6766,1,1,0,0.01,0.00,0.03,0.02,0.00,0.00,0.19,209,31
14646,-0.3,-1.0,65.4,-0.029,0.073,-1.060,4.5,-4.0,-6.2,0.0096,-0.0075,-0.0595,1296,1549,1359,1541,0.00,0.01,2.64,0.18,0.6766,1,1,0,0.01,0.00,0.03,0.02,0.00,0.00,0.20,209,31
14656,0.4,-7.2,-46.9,0.032,-0.041,-0.975,4.5,-4.1,-6.2,0.0089,-0.0015,0.0296,1480,1384,1520,1361,0.00,0.01,2.64,0.18,0.6766,1,1,0,0.01,0.00,0.00,0.00,0.00,0.00,0.20,210,31
14666,0.5,-0.5,-23.8,0.060,-0.071,-0.972,4.5,-4.2,-6.2,0.0085,-0.0112,0.0032,1405,1425,1480,1435,0.00,0.01,2.64,0.18,0.6766,1,1,0,0.01,0.00,-0.01,0.01,0.00,0.00,0.20,210,31
14676,0.7,2.8,64.9,-0.004,0.093,-1.044,4.5,-4.1,-6.2,0.0086,-0.0129,-0.0587,1284,1539,1366,1555,0.00,0.01,2.64,0.18,0.6766,1,1,0,0.01,0.00,-0.01,0.00,0.00,0.00,0.19,210,31
14686,0.5,-1.2,-45.2,0.066,-0.046,-0.982,4.5,-4.1,-6.2,0.0088,-0.0075,0.0282,1464,1373,1531,1376,0.00,0.01,2.64,0.18,0.6766,1,1,0,0.01,0.00,-0.01,0.00,0.00,0.00,0.18,210,31
14696,-0.4,6.6,-27.9,0.095,-0.086,-1.001,4.5,-4.2,-6.2,0.0097,-0.0183,0.0061,1395,1408,1501,1441,0.00,0.01,2.64,0.18,0.6766,1,1,0,0.01,0.00,-0.02,0.00,0.00,0.00,0.17,210,31
14706,0.8,9.4,66.0,0.018,0.066,-1.097,4.5,-4.1,-6.2,0.0086,-0.0182,-0.0608,1272,1530,1374,1569,0.00,0.01,2.64,0.18,0.6766,1,1,0,0.01,0.00,-0.02,0.00,0.00,0.00,0.17,210,31
14716,0.7,1.6,-36.7,0.055,-0.032,-1.039,4.5,-4.1,-6.2,0.0081,-0.0102,0.0277,1454,1380,1523,1388,0.00,0.01,2.64,0.18,0.6766,1,1,0,0.01,0.00,-0.02,0.00,0.00,0.00,0.18,210,31
14726,0.5,5.3,-33.7,0.099,-0.082,-1.039,4.5,-4.1,-6.2,0.0088,-0.0142,0.0189,1431,1414,1522,1437,0.00,0.01,2.64,0.18,0.6845,1,1,0,0.01,0.00,-0.02,0.00,0.00,0.00,0.18,211,31
14736,1.2,7.3,68.3,-0.001,0.074,-1.082,4.5,-4.0,-6.2,0.0080,-0.0162,-0.0628,1288,1554,1378,1585,0.00,0.01,2.64,0.18,0.6845,1,1,0,0.01,0.00,-0.02,0.00,0.00,0.00,0.18,211,31
14747,0.6,1.0,-29.7,0.028,-0.027,-1.009,4.5,-4.0,-6.2,0.0088,-0.0098,0.0157,1466,1403,1531,1404,0.00,0.01,2.64,0.18,0.6845,1,1,0,0.01,0.00,-0.02,0.00,0.00,0.00,0.17,211,31
14757,0.4,4.9,-40.6,0.084,-0.078,-0.958,4.5,-4.1,-6.2,0.0090,-0.0142,0.0220,1439,1408,1528,1429,0.00,0.01,2.64,0.18,0.6845,1,1,0,0.01,0.00,-0.02,0.00,0.00,0.00,0.17,211,31
14767,1.7,10.8,66.7,0.003,0.068,-1.013,4.5,-4.1,-6.2,0.0077,-0.0196,-0.0618,1284,1547,1385,1588,0.00,0.01,2.64,0.18,0.6845,1,1,0,0.01,0.00,-0.02,0.00,0.00,0.00,0.17,210,31
14777,0.8,5.6,-28.4,0.016,-0.006,-0.969,4.5,-4.0,-6.2,0.0086,-0.0145,0.0146,1446,1406,1530,1423,0.00,0.01,2.64,0.18,0.6845,1,1,0,0.01,0.00,-0.02,0.00,0.00,0.00,0.18,210,31
14787,0.0,9.5,-39.7,0.067,-0.074,-0.955,4.6,-4.1,-6.2,0.0099,-0.0168,0.0166,1432,1407,1533,1433,0.00,0.01,2.64,0.18,0.6845,1,1,0,0.01,0.00,-0.03,0.00,0.00,0.00,0.18,210,31
14797,0.7,13.4,65.3,-0.015,0.074,-1.025,4.5,-4.0,-6.2,0.0088,-0.0222,-0.0603,1281,1546,1391,1587,0.00,0.01,2.64,0.18,0.6845,1,1,0,0.01,0.00,-0.03,0.00,0.00,0.00,0.19,210,31
14807,-0.4,3.7,-21.4,0.000,-0.015,-0.989,4.5,-3.9,-6.2,0.0101,-0.0077,0.0165,1448,1425,1516,1415,0.00,0.01,2.64,0.18,0.6845,1,1,0,0.01,0.00,-0.03,0.00,0.00,0.00,0.18,211,31
14817,-0.8,6.5,-44.9,0.047,-0.085,-0.982,4.5,-4.0,-6.2,0.0103,-0.0154,0.0277,1447,1416,1525,1416,0.00,0.01,2.64,0.18,0.6845,1,1,0,0.01,0.00,-0.03,0.00,0.00,0.00,0.18,211,31
14827,1.3,7.3,66.9,-0.062,0.070,-1.039,4.5,-4.0,-6.2,0.0081,-0.0161,-0.0617,1293,1561,1372,1578,0.00,0.01,2.64,0.18,0.6845,1,1,0,0.01,0.00,-0.03,0.00,0.00,0.00,0.19,211,31
14837,0.1,-2.4,-16.9,-0.043,0.019,-0.955,4.5,-3.9,-6.2,0.0094,-0.0021,0.0135,1455,1439,1499,1412,0.00,0.01,2.64,0.18,0.6845,1,1,0,0.01,0.00,-0.03,0.00,0.00,0.00,0.19,211,31
14848,0.3,1.4,-49.1,0.025,-0.053,-0.933,4.5,-4.0,-6.2,0.0091,-0.0102,0.0310,1464,1414,1523,1403,0.00,0.01,2.64,0.18,0.6845,1,1,0,0.01,0.00,-0.03,0.00,0.00,0.00,0.19,211,31
14858,2.0,6.0,67.3,-0.064,0.097,-0.987,4.5,-4.0,-6.2,0.0079,-0.0111,-0.0638,1295,1566,1366,1578,0.00,0.01,2.64,0.18,0.6845,1,1,0,0.01,0.00,-0.04,0.00,0.00,0.00,0.18,211,31
14868,0.3,-2.5,-10.2,-0.044,0.026,-0.934,4.5,-4.0,-6.2,0.0094,-0.0036,0.0058,1452,1445,1494,1413,0.00,0.01,2.64,0.18,0.6845,1,1,0,0.01,0.00,-0.03,0.00,0.00,0.00,0.18,211,31
14878,-1.0,0.4,-52.6,0.027,-0.048,-0.932,4.5,-4.0,-6.2,0.0106,-0.0092,0.0338,1469,1412,1532,1391,0.00,0.01,2.64,0.18,0.6845,1,1,0,0.01,0.00,-0.04,0.00,0.00,0.00,0.17,211,31
14888,0.5,5.1,64.3,-0.065,0.098,-1.010,4.5,-4.0,-6.2,0.0089,-0.0094,-0.0622,1299,1568,1368,1569,0.00,0.01,2.64,0.18,0.6845,1,1,0,0.01,0.00,-0.04,0.00,0.00,0.00,0.16,211,31
14898,-0.6,-5.6,-6.6,-0.065,0.032,-0.986,4.5,-3.9,-6.2,0.0103,0.0004,0.0027,1454,1461,1480,1409,0.00,0.01,2.64,0.18,0.6845,1,1,0,0.01,0.00,-0.04,0.00,0.00,0.00,0.17,211,31
14908,-1.0,-5.7,-51.6,0.006,-0.039,-0.978,4.5,-4.0,-6.2,0.0106,-0.0030,0.0330,1482,1425,1518,1381,0.00,0.01,2.64,0.18,0.6845,1,1,0,0.01,0.00,-0.04,0.00,0.00,0.00,0.18,210,31
14918,0.4,-2.5,62.4,-0.098,0.112,-1.070,4.5,-3.9,-6.2,0.0089,-0.0024,-0.0610,1314,1579,1357,1554,0.00,0.01,2.64,0.18,0.6845,1,1,0,0.01,0.00,-0.04,0.00,0.00,0.00,0.18,210,31
14928,0.0,-13.0,-1.8,-0.099,0.067,-1.021,4.5,-3.9,-6.2,0.0095,0.0043,-0.0068,1457,1474,1464,1410,0.00,0.01,2.64,0.18,0.6845,1,1,0,0.01,0.00,-0.04,0.00,0.00,0.00,0.18,210,31
14938,0.5,-12.9,-56.4,0.006,-0.005,-0.969,4.5,-4.0,-6.2,0.0089,0.0046,0.0354,1504,1416,1520,1364,0.00,0.01,2.64,0.18,0.6845,1,1,0,0.01,0.00,-0.04,0.00,0.00,0.00,0.18,211,31
14948,1.1,-6.5,60.3,-0.080,0.116,-1.048,4.5,-4.0,-6.2,0.0084,-0.0020,-0.0578,1319,1577,1360,1553,0.00,0.01,2.64,0.18,0.6851,1,1,0,0.01,0.00,-0.05,0.00,0.00,0.00,0.17,211,31
14959,0.6,-11.9,5.5,-0.077,0.089,-1.015,4.5,-3.9,-6.2,0.0089,0.0034,-0.0097,1443,1471,1470,1425,0.00,0.01,2.64,0.18,0.6851,1,1,0,0.01,0.00,-0.04,0.00,0.00,0.00,0.17,211,31
14969,0.7,-11.3,-60.1,0.035,-0.010,-0.971,4.5,-4.0,-6.2,0.0089,0.0022,0.0384,1504,1405,1535,1365,0.00,0.01,2.64,0.18,0.6851,1,1,0,0.01,0.00,-0.05,0.00,0.00,0.00,0.18,210,30
14979,1.4,-4.2,57.7,-0.047,0.116,-1.059,4.5,-4.0,-6.2,0.0081,-0.0045,-0.0546,1313,1572,1365,1559,0.00,0.01,2.64,0.18,0.6851,1,1,0,0.01,0.00,-0.05,0.00,0.00,0.00,0.18,210,30
14989,-0.5,-9.5,8.0,-0.067,0.078,-1.066,4.5,-3.9,-6.2,0.0104,0.0006,-0.0059,1432,1472,1473,1433,0.00,0.01,2.64,0.18,0.6851,1,1,0,0.01,0.00,-0.05,0.00,0.00,0.00,0.18,210,30
14999,0.6,-10.7,-62.1,0.037,-0.009,-1.026,4.5,-4.0,-6.2,0.0089,0.0019,0.0413,1503,1403,1537,1365,0.00,0.01,2.64,0.18,0.6851,1,1,0,0.01,0.00,-0.05,0.00,0.00,0.00,0.18,210,30
15009,0.9,-6.4,52.6,-0.042,0.092,-1.123,4.5,-4.0,-6.2,0.0086,-0.0027,-0.0554,1321,1573,1369,1556,0.00,0.01,2.64,0.18,0.6863,1,1,0,0.01,0.00,-0.05,0.00,0.00,0.00,0.17,210,30
15019,0.0,-12.6,11.6,-0.060,0.084,-1.110,4.5,-4.0,-6.2,0.0096,0.0036,-0.0148,1429,1480,1467,1442,0.00,0.01,2.64,0.18,0.6863,1,1,0,0.01,0.00,-0.05,0.00,0.00,0.00,0.19,210,30
15029,1.0,-15.4,-62.0,0.053,0.008,-1.041,4.5,-4.1,-6.2,0.0085,0.0066,0.0412,1510,1406,1538,1364,0.00,0.01,2.64,0.18,0.6863,1,1,0,0.01,0.00,-0.05,0.00,0.00,0.00,0.20,210,30
15040,2.8,-8.6,47.0,-0.035,0.094,-1.092,4.5,-4.1,-6.2,0.0067,-0.0002,-0.0460,1318,1560,1379,1560,0.00,0.01,2.64,0.18,0.6863,1,1,0,0.01,0.00,0.00,0.00,0.00,0.00,0.19,210,31
15050,0.1,-11.2,21.8,-0.055,0.105,-1.080,4.5,-4.0,-6.2,0.0101,-0.0004,-0.0174,1407,1492,1460,1464,0.00,0.01,2.64,0.18,0.6870,1,1,0,0.01,0.00,0.00,0.00,0.00,0.00,0.19,210,31
15060,0.3,-12.4,-64.7,0.071,-0.006,-0.990,4.5,-4.1,-6.2,0.0094,0.0019,0.0427,1499,1391,1561,1373,0.00,0.01,2.64,0.18,0.6870,1,1,0,0.01,0.00,0.00,0.00,0.00,0.00,0.18,210,31
15070,1.3,-3.9,40.1,-0.006,0.073,-1.057,4.5,-4.1,-6.2,0.0090,-0.0087,-0.0469,1306,1548,1402,1567,0.00,0.01,2.64,0.18,0.6870,1,1,0,0.01,0.00,0.00,0.00,0.00,0.00,0.18,210,31
15080,-1.4,-5.5,25.5,-0.030,0.092,-1.081,4.5,-4.0,-6.2,0.0119,-0.0064,-0.0207,1387,1491,1467,1477,0.00,0.01,2.64,0.18,0.6870,1,1,0,0.01,0.00,0.00,0.00,0.00,0.00,0.17,210,31
15090,-0.3,-8.1,-67.3,0.075,-0.021,-1.019,4.5,-4.1,-6.2,0.0099,-0.0008,0.0453,1494,1383,1571,1374,0.00,0.01,2.64,0.18,0.6870,1,1,0,0.01,0.00,0.00,0.00,0.00,0.00,0.16,209,31
15100,0.4,-0.4,37.7,0.003,0.070,-1.098,4.5,-4.1,-6.2,0.0099,-0.0111,-0.0457,1317,1545,1406,1555,0.00,0.01,2.64,0.18,0.6870,1,1,0,0.01,0.00,0.00,0.00,0.00,0.00,0.17,209,31
15110,-1.0,-6.1,32.7,-0.036,0.091,-1.140,4.5,-4.0,-6.2,0.0106,-0.0027,-0.0347,1386,1501,1455,1481,0.00,0.01,2.64,0.18,0.6870,1,1,0,0.01,0.00,0.00,0.00,0.00,0.00,0.18,209,31
15120,-0.2,-10.4,-66.0,0.065,-0.009,-1.043,4.5,-4.1,-6.2,0.0100,0.0006,0.0441,1508,1389,1563,1363,0.00,0.01,2.64,0.18,0.6870,1,1,0,0.01,0.00,0.00,0.00,0.00,0.00,0.18,209,31
15130,0.5,-2.6,35.2,0.002,0.049,-1.080,4.5,-4.1,-6.2,0.0093,-0.0073,-0.0392,1323,1542,1407,1551,0.00,0.01,2.64,0.18,0.6870,1,1,0,0.01,0.00,0.00,0.00,0.00,0.00,0.19,209,31
15141,-0.9,-6.8,35.0,-0.042,0.085,-1.092,4.5,-4.0,-6.2,0.0106,-0.0020,-0.0366,1378,1499,1455,1491,0.00,0.01,2.64,0.18,0.6870,1,1,0,0.01,0.00,0.00,0.00,0.00,0.00,0.18,210,31
15151,0.2,-11.5,-66.1,0.073,-0.004,-0.979,4.5,-4.1,-6.2,0.0099,-0.0021,0.0439,1507,1383,1567,1366,0.00,0.01,2.64,0.18,0.6870,1,1,0,0.01,0.00,0.00,0.00,0.00,0.00,0.17,210,31
15161,0.2,-1.1,28.8,0.013,0.028,-1.021,4.5,-4.1,-6.2,0.0093,-0.0079,-0.0316,1321,1531,1424,1556,0.00,0.01,2.64,0.18,0.6882,1,1,0,0.01,0.00,0.00,0.00,0.00,0.00,0.19,210,31
15171,-0.8,-1.2,36.4,-0.023,0.101,-1.033,4.5,-4.1,-6.2,0.0104,-0.0077,-0.0377,1361,1509,1450,1512,0.00,0.01,2.64,0.18,0.6882,1,1,0,0.01,0.00,0.00,0.00,0.00,0.00,0.20,210,31
15181,-0.6,-7.2,-65.6,0.077,-0.023,-0.967,4.5,-4.1,-6.2,0.0102,-0.0017,0.0439,1501,1379,1581,1371,0.00,0.01,2.64,0.18,0.6882,1,1,0,0.01,0.00,-0.01,0.00,0.00,0.00,0.19,210,31
15191,-0.8,4.1,25.1,0.033,0.010,-1.000,4.5,-4.1,-6.2,0.0104,-0.0131,-0.0287,1320,1526,1432,1554,0.00,0.01,2.64,0.18,0.6882,1,1,0,0.01,0.00,-0.01,0.00,0.00,0.00,0.18,210,31
15201,-2.0,0.6,44.1,-0.027,0.089,-1.068,4.5,-4.0,-6.2,0.0120,-0.0100,-0.0417,1352,1522,1443,1516,0.00,0.01,2.64,0.18,0.6882,1,1,0,0.01,0.00,-0.01,0.00,0.00,0.00,0.18,210,31
15211,-1.0,-6.5,-67.4,0.079,-0.041,-0.990,4.5,-4.1,-6.2,0.0106,-0.0024,0.0453,1511,1380,1579,1362,0.00,0.01,2.64,0.18,0.6882,1,1,0,0.01,0.00,-0.01,0.00,0.00,0.00,0.17,210,31
15221,-0.8,2.1,21.4,0.019,-0.016,-1.012,4.4,-4.1,-6.2,0.0105,-0.0111,-0.0258,1346,1523,1436,1536,0.00,0.01,2.64,0.18,0.6894,1,1,0,0.01,0.00,-0.01,0.00,0.00,0.00,0.18,210,31
15231,-1.9,-2.4,49.1,-0.038,0.079,-1.058,4.4,-4.0,-6.2,0.0116,-0.0073,-0.0412,1355,1535,1429,1522,0.00,0.01,2.64,0.18,0.6894,1,1,0,0.01,0.00,-0.01,0.00,0.00,0.00,0.19,210,31
15241,-0.6,-9.0,-65.9,0.062,-0.023,-0.941,4.4,-4.1,-6.2,0.0102,0.0000,0.0440,1531,1395,1589,1376,0.00,0.01,2.64,0.18,0.6961,1,1,0,0.01,0.00,-0.01,0.00,0.00,0.00,0.19,210,31
15252,-0.9,-0.5,15.3,0.019,-0.027,-0.973,4.4,-4.1,-6.2,0.0106,-0.0117,-0.0293,1362,1532,1454,1545,0.00,0.01,2.64,0.18,0.6961,1,1,0,0.01,0.00,-0.01,0.00,0.00,0.00,0.18,211,31
15262,-1.3,-2.7,54.1,-0.034,0.096,-1.045,4.4,-4.1,-6.2,0.0109,-0.0063,-0.0520,1357,1547,1443,1546,0.00,0.01,2.64,0.18,0.6961,1,1,0,0.01,0.00,-0.01,0.00,0.00,0.00,0.18,211,31
15272,0.6,-7.5,-63.3,0.055,-0.008,-0.921,4.4,-4.1,-6.2,0.0090,-0.0024,0.0430,1529,1392,1591,1380,0.00,0.01,2.64,0.18,0.6961,1,1,0,0.01,0.00,-0.01,0.00,0.00,0.00,0.17,210,31
15282,-0.7,2.2,9.4,0.023,-0.027,-0.949,4.4,-4.2,-6.2,0.0105,-0.0123,-0.0190,1366,1519,1469,1539,0.00,0.01,2.64,0.18,0.6961,1,1,0,0.01,0.00,-0.01,0.00,0.00,0.00,0.17,210,31
15292,-1.7,0.3,56.1,-0.040,0.107,-1.013,4.4,-4.1,-6.2,0.0113,-0.0093,-0.0536,1349,1551,1441,1551,0.00,0.01,2.64,0.18,0.6961,1,1,0,0.01,0.00,-0.01,0.00,0.00,0.00,0.17,210,31
15302,-0.1,-4.4,-62.4,0.040,-0.023,-0.937,4.4,-4.1,-6.2,0.0102,-0.0059,0.0445,1527,1393,1593,1379,0.00,0.01,2.64,0.18,0.6961,1,1,0,0.01,0.00,-0.01,0.00,0.00,0.00,0.18,210,31
15312,-2.0,2.9,3.6,0.021,-0.027,-0.964,4.4,-4.1,-6.2,0.0119,-0.0123,-0.0146,1375,1520,1472,1525,0.00,0.01,2.64,0.18,0.6961,1,1,0,0.01,0.00,-0.01,0.00,0.00,0.00,0.18,210,31
15322,-1.7,0.3,61.5,-0.047,0.110,-1.059,4.4,-4.0,-6.5,0.0120,-0.0085,-0.0537,1341,1576,1418,1561,0.00,0.01,2.64,0.18,0.6967,1,1,0,0.01,0.00,-0.01,0.00,0.00,0.00,0.18,210,31
15332,-1.6,-7.0,-61.1,0.027,-0.011,-0.992,4.4,-4.0,-6.5,0.0113,-0.0019,0.0412,1534,1406,1585,1372,0.00,0.01,2.64,0.18,0.6967,1,1,0,0.01,0.00,-0.01,0.00,0.00,0.00,0.18,210,31
15342,-1.6,-1.0,-4.1,0.009,-0.030,-1.001,4.5,-4.1,-6.5,0.0113,-0.0080,-0.0057,1392,1524,1468,1513,0.00,0.01,2.64,0.18,0.6967,1,1,0,0.01,0.00,-0.01,0.00,0.00,0.00,0.17,210,31
15352,-1.6,-4.9,60.2,-0.057,0.101,-1.065,4.5,-4.0,-6.5,0.0113,-0.0040,-0.0573,1350,1586,1406,1555,0.00,0.01,2.64,0.18,0.6967,1,1,0,0.01,0.00,-0.01,0.00,0.00,0.00,0.18,210,31
15362,0.0,-11.3,-59.4,0.011,-0.004,-0.970,4.4,-4.0,-6.5,0.0095,0.0023,0.0384,1553,1428,1587,1388,0.00,0.01,2.64,0.18,0.7046,1,1,0,0.01,0.00,-0.01,0.00,0.00,0.00,0.19,209,31
15372,-0.3,-4.3,1.7,-0.005,-0.011,-0.975,4.5,-4.1,-6.5,0.0100,-0.0047,-0.0105,1429,1529,1488,1511,0.00,0.01,2.64,0.18,0.7046,1,1,0,0.01,0.00,-0.01,0.00,0.00,0.00,0.19,209,31
15382,-0.4,-5.8,58.9,-0.058,0.120,-1.021,4.4,-4.0,-6.5,0.0101,-0.0030,-0.0562,1363,1602,1416,1576,0.00,0.01,2.64,0.18,0.7046,1,1,0,0.01,0.00,-0.01,0.00,0.00,0.00,0.19,209,31
15392,0.0,-9.5,-60.6,0.026,-0.007,-0.940,4.4,-4.0,-6.5,0.0095,0.0005,0.0394,1549,1427,1588,1393,0.00,0.01,2.64,0.18,0.7046,1,1,0,0.01,0.00,-0.01,0.00,0.00,0.00,0.18,210,31
15402,0.0,-1.6,0.2,0.002,-0.010,-0.946,4.5,-4.1,-7.1,0.0099,-0.0077,-0.0127,1432,1517,1499,1509,0.00,0.01,2.64,0.18,0.7046,1,1,0,0.01,0.00,-0.01,0.00,0.00,0.00,0.18,210,31
15412,-0.2,-2.3,58.5,-0.050,0.111,-1.005,4.4,-4.0,-7.1,0.0101,-0.0065,-0.0549,1380,1567,1452,1557,0.00,0.01,2.64,0.18,0.7046,1,1,0,0.01,0.00,-0.01,0.00,0.00,0.00,0.17,210,31
15422,1.3,-5.8,-60.4,0.025,0.008,-0.941,4.4,-4.1,-7.1,0.0084,-0.0031,0.0400,1550,1417,1602,1397,0.00,0.01,2.64,0.18,0.7059,1,1,0,0.01,0.00,-0.01,0.00,0.00,0.00,0.17,210,31
15432,0.3,2.8,1.6,-0.005,-0.009,-0.958,4.4,-4.1,-7.1,0.0095,-0.0116,-0.0138,1394,1549,1473,1549,0.00,0.01,2.64,0.18,0.7059,1,1,0,0.01,0.00,-0.01,0.00,0.00,0.00,0.18,210,31
15443,-0.6,0.4,56.1,-0.064,0.105,-1.030,4.4,-3.9,-7.1,0.0105,-0.0084,-0.0530,1375,1589,1436,1566,0.00,0.01,2.64,0.18,0.7059,1,1,0,0.01,0.00,-0.01,0.00,0.00,0.00,0.18,209,31
15453,-0.1,-4.6,-62.1,0.026,-0.011,-0.952,4.4,-4.0,-7.1,0.0101,-0.0020,0.0430,1554,1425,1596,1390,0.00,0.01,2.64,0.18,0.7059,1,1,0,0.01,0.00,-0.01,0.00,0.00,0.00,0.18,209,31
15463,0.0,4.3,0.7,-0.005,-0.022,-0.997,4.5,-4.0,-7.1,0.0097,-0.0133,-0.0103,1406,1550,1472,1539,0.00,0.01,2.64,0.18,0.7059,1,1,0,0.01,0.00,-0.01,0.00,0.00,0.00,0.18,209,31
15473,-0.9,0.7,57.0,-0.059,0.097,-1.050,4.4,-3.9,-7.1,0.0106,-0.0096,-0.0553,1372,1596,1426,1571,0.00,0.01,2.64,0.18,0.7059,1,1,0,0.01,0.00,-0.01,0.00,0.00,0.00,0.17,209,31
15483,0.0,-3.3,-59.1,0.019,-0.041,-0.990,4.4,-4.0,-7.1,0.0092,-0.0020,0.0409,1556,1429,1590,1395,0.00,0.01,2.64,0.18,0.7065,1,1,0,0.01,0.00,-0.01,0.00,0.00,0.00,0.17,209,30
15493,-0.1,5.1,-3.6,0.009,-0.054,-1.001,4.4,-4.0,-7.1,0.0099,-0.0142,-0.0069,1422,1528,1494,1527,0.00,0.01,2.64,0.18,0.7065,1,1,0,0.01,0.00,-0.01,0.00,0.00,0.00,0.17,209,30
15503,-0.7,2.5,59.5,-0.055,0.073,-1.049,4.4,-3.9,-7.1,0.0105,-0.0115,-0.0574,1365,1596,1427,1581,0.00,0.01,2.64,0.18,0.7065,1,1,0,0.01,0.00,-0.01,0.00,0.00,0.00,0.18,210,30
15513,0.0,-2.5,-56.8,0.039,-0.054,-0.958,4.4,-4.0,-7.1,0.0091,-0.0042,0.0396,1542,1427,1593,1408,0.00,0.01,2.64,0.18,0.7065,1,1,0,0.01,0.00,-0.01,0.00,0.00,0.00,0.18,210,30
15523,-0.3,5.6,-5.9,0.038,-0.071,-0.980,4.4,-4.1,-7.1,0.0100,-0.0148,-0.0051,1419,1515,1505,1531,0.00,0.01,2.64,0.18,0.7065,1,1,0,0.01,0.00,-0.01,0.00,0.00,0.00,0.18,210,30
15533,-0.4,4.1,62.1,-0.028,0.066,-1.047,4.4,-4.0,-7.1,0.0101,-0.0122,-0.0556,1353,1590,1434,1594,0.00,0.01,2.64,0.18,0.7065,1,1,0,0.01,0.00,-0.01,0.00,0.00,0.00,0.17,210,30
15543,-0.3,-1.3,-54.7,0.054,-0.052,-0.945,4.4,-4.0,-7.1,0.0098,-0.0080,0.0357,1532,1422,1599,1417,0.00,0.01,2.64,0.18,0.7065,1,1,0,0.01,0.00,-0.01,0.00,0.00,0.00,0.17,210,30
15553,-0.2,5.7,-10.7,0.056,-0.082,-0.947,4.4,-4.1,-7.1,0.0100,-0.0149,-0.0013,1419,1501,1520,1531,0.00,0.01,2.64,0.18,0.7065,1,1,0,0.01,0.00,-0.01,0.00,0.00,0.00,0.19,210,30
15563,-0.1,4.9,64.4,-0.004,0.082,-1.034,4.4,-4.1,-7.1,0.0105,-0.0155,-0.0578,1339,1587,1440,1606,0.00,0.01,2.64,0.18,0.7065,1,1,0,0.01,0.00,0.00,0.00,0.00,0.00,0.21,211,31
15573,-0.3,-0.4,-51.9,0.055,-0.051,-0.933,4.4,-4.1,-7.1,0.0101,-0.0095,0.0336,1523,1422,1602,1424,0.00,0.01,2.64,0.18,0.7065,1,1,0,0.01,0.00,-0.01,0.00,0.00,0.00,0.19,211,31
15584,0.3,5.9,-14.4,0.066,-0.062,-0.947,4.4,-4.2,-7.1,0.0093,-0.0152,0.0015,1422,1495,1532,1531,0.00,0.01,2.65,0.18,0.7077,1,1,0,0.01,0.00,-0.02,0.00,0.00,0.00,0.18,211,31
15594,0.8,5.5,67.2,-0.002,0.114,-1.049,4.4,-4.1,-7.1,0.0102,-0.0168,-0.0605,1330,1597,1432,1622,0.00,0.01,2.64,0.18,0.7077,1,1,0,0.01,0.00,-0.02,0.00,0.00,0.00,0.18,211,31
15604,-0.5,-0.2,-49.6,0.051,-0.029,-0.969,4.4,-4.1,-7.1,0.0106,-0.0096,0.0318,1520,1429,1603,1427,0.00,0.01,2.64,0.18,0.7077,1,1,0,0.01,0.00,-0.01,0.00,0.00,0.00,0.17,211,31
15614,-0.5,3.9,-18.5,0.074,-0.051,-0.972,4.4,-4.2,-7.1,0.0102,-0.0132,0.0048,1445,1487,1542,1505,0.00,0.01,2.65,0.18,0.7077,1,1,0,0.01,0.00,-0.02,0.00,0.00,0.00,0.16,211,31
15624,1.3,4.9,66.9,-0.016,0.130,-1.094,4.4,-4.1,-7.1,0.0095,-0.0149,-0.0613,1333,1601,1425,1621,0.00,0.01,2.65,0.18,0.7077,1,1,0,0.01,0.00,-0.02,0.00,0.00,0.00,0.18,211,31
15634,0.6,-2.8,-43.9,0.030,0.007,-1.033,4.4,-4.0,-7.1,0.0091,-0.0063,0.0251,1520,1445,1581,1434,0.00,0.01,2.64,0.18,0.7077,1,1,0,0.01,0.00,-0.01,0.00,0.00,0.00,0.19,211,31
15644,0.0,1.4,-27.9,0.056,-0.045,-1.035,4.4,-4.1,-7.1,0.0101,-0.0115,0.0038,1463,1487,1546,1492,0.00,0.01,2.65,0.18,0.7089,1,1,0,0.01,0.00,-0.02,0.00,0.00,0.00,0.19,211,31
15654,1.4,3.3,67.1,-0.025,0.121,-1.133,4.4,-4.0,-7.1,0.0083,-0.0120,-0.0633,1342,1610,1417,1620,0.00,0.01,2.65,0.18,0.7089,1,1,0,0.01,0.00,-0.02,0.00,0.00,0.00,0.19,211,31
15664,0.9,-4.3,-40.6,0.023,0.006,-1.066,4.4,-4.0,-7.1,0.0088,-0.0047,0.0225,1524,1456,1572,1437,0.00,0.01,2.64,0.18,0.7089,1,1,0,0.01,0.00,-0.02,0.00,0.00,0.00,0.18,211,31
15674,0.3,0.2,-31.6,0.055,-0.052,-1.055,4.4,-4.1,-7.1,0.0095,-0.0092,0.0125,1476,1485,1545,1483,0.00,0.01,2.64,0.18,0.7089,1,1,0,0.01,0.00,-0.02,0.00,0.00,0.00,0.17,211,31
15685,1.1,2.2,67.6,-0.026,0.107,-1.137,4.4,-4.0,-7.1,0.0086,-0.0113,-0.0641,1345,1615,1410,1619,0.00,0.01,2.65,0.18,0.7089,1,1,0,0.01,0.00,-0.02,0.00,0.00,0.00,0.18,211,31
15695,1.1,-5.8,-36.9,0.013,-0.004,-1.062,4.4,-4.0,-7.1,0.0086,-0.0032,0.0194,1522,1463,1563,1440,0.00,0.01,2.64,0.18,0.7089,1,1,0,0.01,0.00,-0.02,0.00,0.00,0.00,0.20,211,31
15705,0.5,-1.3,-35.9,0.060,-0.066,-1.036,4.4,-4.1,-7.1,0.0087,-0.0078,0.0108,1486,1478,1549,1475,0.00,0.01,2.65,0.18,0.7089,1,1,0,0.01,0.00,0.00,0.00,0.00,0.00,0.19,211,31
15715,0.7,1.1,67.4,-0.022,0.074,-1.108,4.4,-4.0,-7.1,0.0090,-0.0102,-0.0640,1342,1616,1411,1621,0.00,0.01,2.65,0.18,0.7089,1,1,0,0.01,0.00,0.00,0.00,0.00,0.00,0.18,211,31
15725,-0.6,-6.7,-29.9,0.011,-0.018,-1.012,4.4,-4.0,-7.1,0.0092,-0.0027,0.0216,1515,1469,1561,1444,0.00,0.01,2.64,0.18,0.7089,1,1,0,0.01,0.00,0.00,0.00,0.00,0.00,0.18,211,31
15735,-0.1,-3.6,-42.5,0.061,-0.093,-0.974,4.4,-4.1,-7.1,0.0094,-0.0067,0.0193,1492,1471,1557,1469,0.00,0.01,2.64,0.18,0.7089,1,1,0,0.01,0.00,0.00,0.00,0.00,0.00,0.17,210,31
15745,0.5,0.1,69.9,-0.036,0.082,-1.046,4.4,-4.0,-7.1,0.0092,-0.0093,-0.0660,1340,1623,1412,1628,0.00,0.01,2.65,0.18,0.7107,1,1,0,0.01,0.00,0.00,0.00,0.00,0.00,0.18,210,31
15755,-1.1,-6.9,-25.5,-0.010,-0.008,-0.951,4.4,-4.0,-7.1,0.0100,-0.0038,0.0188,1510,1477,1562,1453,0.00,0.01,2.64,0.18,0.7107,1,1,0,0.01,0.00,0.00,0.00,0.00,0.00,0.19,210,31
15765,-0.4,-4.5,-46.3,0.056,-0.074,-0.914,4.4,-4.1,-7.1,0.0102,-0.0046,0.0268,1501,1468,1570,1464,0.00,0.01,2.64,0.18,0.7107,1,1,0,0.01,0.00,0.00,0.00,0.00,0.00,0.19,210,31
15775,0.3,0.1,69.5,-0.031,0.094,-1.000,4.4,-4.1,-7.1,0.0095,-0.0093,-0.0658,1338,1624,1414,1628,0.00,0.01,2.65,0.18,0.7107,1,1,0,0.01,0.00,0.00,0.00,0.00,0.00,0.18,211,31
15785,-0.8,-7.1,-18.8,-0.028,0.003,-0.934,4.4,-4.0,-7.1,0.0107,-0.0024,0.0079,1500,1488,1554,1461,0.00,0.01,2.64,0.18,0.7107,1,1,0,0.01,0.00,0.00,0.00,0.00,0.00,0.17,211,31
15796,-0.3,-4.4,-50.7,0.036,-0.062,-0.890,4.4,-4.1,-7.1,0.0102,-0.0052,0.0286,1516,1461,1579,1446,0.00,0.01,2.64,0.18,0.7107,1,1,0,0.01,0.00,0.00,0.00,0.00,0.00,0.17,211,31
15806,1.1,2.5,67.8,-0.052,0.103,-0.990,4.4,-4.0,-7.1,0.0088,-0.0116,-0.0652,1336,1621,1415,1630,0.00,0.01,2.65,0.18,0.7107,1,1,0,0.01,0.00,0.00,0.00,0.00,0.00,0.16,211,31
15816,-0.4,-3.6,-10.5,-0.045,0.031,-0.937,4.4,-4.0,-7.1,0.0102,-0.0055,-0.0018,1492,1495,1547,1469,0.00,0.01,2.64,0.18,0.7107,1,1,0,0.01,0.00,0.00,0.00,0.00,0.00,0.17,211,31
15826,-0.2,-0.3,-54.0,0.043,-0.049,-0.879,4.4,-4.1,-7.1,0.0103,-0.0086,0.0312,1517,1453,1588,1444,0.00,0.01,2.64,0.18,0.7107,1,1,0,0.01,0.00,0.00,0.00,0.00,0.00,0.19,211,31
15836,0.7,7.0,64.6,-0.044,0.074,-0.997,4.4,-4.0,-7.1,0.0092,-0.0156,-0.0630,1334,1614,1423,1631,0.00,0.01,2.65,0.18,0.7107,1,1,0,0.01,0.00,0.00,0.00,0.00,0.00,0.19,211,31
15846,-0.3,2.0,-5.8,-0.031,0.023,-0.949,4.4,-4.0,-7.1,0.0101,-0.0112,-0.0055,1479,1518,1553,1513,0.00,0.01,2.64,0.18,0.7187,1,1,0,0.01,0.00,0.00,0.00,0.00,0.00,0.19,211,31
15856,-0.1,5.8,-58.0,0.068,-0.062,-0.925,4.4,-4.1,-7.1,0.0101,-0.0145,0.0345,1530,1453,1618,1462,0.00,0.01,2.64,0.18,0.7187,1,1,0,0.01,0.00,0.00,0.00,0.00,0.00,0.18,212,31
15866,0.0,12.8,58.5,0.004,0.034,-1.025,4.4,-4.0,-7.1,0.0099,-0.0221,-0.0571,1345,1617,1450,1650,0.00,0.01,2.65,0.18,0.7187,1,1,0,0.01,0.00,0.00,0.00,0.00,0.00,0.17,212,31
15876,-1.5,6.6,2.7,0.008,0.011,-1.008,4.4,-4.0,-7.1,0.0113,-0.0140,-0.0040,1460,1518,1556,1528,0.00,0.01,2.64,0.18,0.7187,1,1,0,0.01,0.00,0.00,0.00,0.00,0.00,0.19,212,31
15886,-0.5,6.4,-61.0,0.101,-0.081,-0.963,4.4,-4.1,-7.5,0.0105,-0.0160,0.0368,1529,1443,1629,1461,0.00,0.01,2.64,0.18,0.7187,1,1,0,0.01,0.00,0.00,0.00,0.00,0.00,0.21,212,31
15896,-0.1,11.4,55.6,0.019,0.039,-1.044,4.4,-4.1,-7.5,0.0100,-0.0207,-0.0551,1342,1611,1460,1650,0.00,0.01,2.65,0.18,0.7187,1,1,0,0.01,0.00,-0.01,0.00,0.00,0.00,0.19,212,31
15906,-1.7,2.5,6.9,0.004,0.021,-1.048,4.4,-4.0,-7.5,0.0116,-0.0118,-0.0161,1452,1536,1543,1537,0.00,0.01,2.64,0.18,0.7193,1,1,0,0.01,0.00,-0.01,0.00,0.00,0.00,0.18,211,31
15916,-0.6,-0.1,-61.1,0.096,-0.061,-0.995,4.4,-4.1,-7.5,0.0105,-0.0092,0.0383,1544,1450,1624,1449,0.00,0.01,2.64,0.18,0.7193,1,1,0,0.01,0.00,-0.01,0.00,0.00,0.00,0.18,210,31
15926,0.0,4.0,55.7,-0.006,0.065,-1.081,4.4,-4.0,-7.5,0.0098,-0.0133,-0.0553,1368,1615,1456,1628,0.00,0.01,2.65,0.18,0.7193,1,1,0,0.01,0.00,-0.01,0.00,0.00,0.00,0.17,210,31
15936,-0.7,-4.8,3.7,-0.020,0.040,-1.072,4.4,-4.0,-7.5,0.0106,-0.0044,-0.0136,1499,1509,1568,1492,0.00,0.01,2.64,0.18,0.7193,1,1,0,0.01,0.00,-0.01,0.00,0.00,0.00,0.18,210,31
15946,0.0,-6.6,-58.5,0.063,-0.033,-1.031,4.4,-4.1,-7.1,0.0098,-0.0026,0.0364,1526,1479,1594,1468,0.00,0.01,2.64,0.18,0.7193,1,1,0,0.01,0.00,-0.01,0.00,0.00,0.00,0.19,210,31
15957,1.8,-1.8,58.3,-0.031,0.087,-1.105,4.4,-4.0,-7.1,0.0080,-0.0073,-0.0571,1364,1638,1430,1636,0.00,0.01,2.65,0.18,0.7193,1,1,0,0.01,0.00,-0.01,0.00,0.00,0.00,0.19,210,31
15967,0.3,-8.8,2.2,-0.051,0.062,-1.094,4.4,-4.0,-7.1,0.0095,-0.0003,-0.0122,1503,1526,1547,1490,0.00,0.01,2.64,0.18,0.7193,1,1,0,0.01,0.00,-0.01,0.00,0.00,0.00,0.18,210,31
15977,0.5,-9.3,-57.5,0.048,-0.034,-1.024,4.4,-4.0,-7.1,0.0093,0.0004,0.0341,1542,1486,1582,1457,0.00,0.01,2.64,0.18,0.7193,1,1,0,0.01,0.00,-0.01,0.00,0.00,0.00,0.18,210,31
15987,1.9,-2.1,56.4,-0.036,0.072,-1.090,4.4,-4.0,-7.1,0.0077,-0.0064,-0.0572,1374,1638,1424,1631,0.00,0.01,2.65,0.18,0.7193,1,1,0,0.01,0.00,-0.01,0.00,0.00,0.00,0.18,210,31
15997,0.4,-6.9,2.9,-0.045,0.029,-1.072,4.4,-4.0,-7.1,0.0092,-0.0014,-0.0101,1501,1533,1534,1499,0.00,0.01,2.64,0.18,0.7193,1,1,0,0.01,0.00,-0.01,0.00,0.00,0.00,0.17,210,31
16007,0.3,-5.2,-57.7,0.058,-0.068,-0.994,4.4,-4.0,-7.1,0.0093,-0.0036,0.0341,1548,1478,1593,1457,0.00,0.01,2.64,0.18,0.7205,1,1,0,0.01,0.00,-0.01,0.00,0.00,0.00,0.17,210,31
16017,1.3,1.6,57.4,-0.013,0.046,-1.048,4.4,-4.0,-7.1,0.0072,-0.0097,-0.0603,1373,1628,1437,1638,0.00,0.01,2.65,0.18,0.7205,1,1,0,0.01,0.00,-0.01,0.00,0.00,0.00,0.17,210,31
16027,-1.2,-1.8,3.0,-0.020,-0.010,-1.007,4.4,-4.0,-7.1,0.0111,-0.0074,-0.0129,1486,1529,1545,1516,0.00,0.01,2.64,0.18,0.7205,1,1,0,0.01,0.00,-0.01,0.00,0.00,0.00,0.18,210,31
16037,-1.2,-2.1,-59.8,0.085,-0.090,-0.931,4.4,-4.1,-7.1,0.0112,-0.0072,0.0373,1549,1459,1621,1449,0.00,0.01,2.64,0.18,0.7205,1,1,0,0.01,0.00,-0.01,0.00,0.00,0.00,0.18,211,31
16047,-0.6,3.0,54.4,0.003,0.020,-0.968,4.4,-4.1,-7.1,0.0100,-0.0139,-0.0581,1365,1623,1456,1637,0.00,0.01,2.65,0.18,0.7211,1,1,0,0.01,0.00,-0.01,0.00,0.00,0.00,0.18,211,31
16057,-2.1,-3.7,8.7,-0.034,0.022,-0.973,4.4,-4.0,-7.1,0.0119,-0.0066,-0.0117,1473,1539,1546,1524,0.00,0.01,2.64,0.18,0.7211,1,1,0,0.01,0.00,-0.01,0.00,0.00,0.00,0.18,211,31
16067,-0.8,-7.8,-60.8,0.062,-0.039,-0.910,4.4,-4.1,-7.1,0.0108,-0.0025,0.0370,1557,1466,1616,1443,0.00,0.01,2.64,0.18,0.7211,1,1,0,0.01,0.00,-0.01,0.00,0.00,0.00,0.17,212,31
16077,0.7,-0.9,54.8,-0.037,0.072,-0.982,4.4,-4.1,-7.1,0.0098,-0.0104,-0.0587,1371,1630,1448,1632,0.00,0.01,2.65,0.18,0.7211,1,1,0,0.01,0.00,-0.01,0.00,0.00,0.00,0.19,212,31
16087,-0.6,-6.6,14.5,-0.060,0.069,-1.004,4.4,-4.0,-7.1,0.0106,-0.0026,-0.0222,1462,1567,1516,1536,0.00,0.01,2.64,0.18,0.7211,1,1,0,0.01,0.00,-0.01,0.00,0.00,0.00,0.21,212,31
16097,0.9,-8.1,-62.6,0.040,-0.023,-0.956,4.4,-4.1,-7.1,0.0091,-0.0014,0.0384,1566,1465,1611,1438,0.00,0.01,2.64,0.18,0.7211,1,1,0,0.01,0.00,-0.02,0.00,0.00,0.00,0.19,212,31
16107,3.1,1.9,49.6,-0.017,0.067,-1.041,4.5,-4.0,-7.1,0.0068,-0.0112,-0.0504,1392,1637,1461,1651,0.00,0.01,2.65,0.18,0.7291,1,1,0,0.01,0.00,-0.02,0.00,0.00,0.00,0.18,212,31
16117,1.2,-1.6,17.5,-0.026,0.055,-1.038,4.4,-4.0,-7.1,0.0087,-0.0076,-0.0247,1469,1576,1529,1568,0.00,0.01,2.64,0.18,0.7291,1,1,0,0.01,0.00,-0.02,-0.01,0.00,0.00,0.18,212,31
16128,0.5,-1.6,-64.5,0.094,-0.069,-0.989,4.5,-4.1,-7.1,0.0093,-0.0080,0.0400,1573,1465,1640,1462,0.00,0.01,2.64,0.18,0.7291,1,1,0,0.01,0.00,-0.02,0.00,0.00,0.00,0.17,212,31
16138,1.3,6.4,42.0,0.034,0.000,-1.069,4.4,-4.1,-7.1,0.0086,-0.0158,-0.0443,1389,1616,1483,1653,0.00,0.01,2.65,0.18,0.7291,1,1,0,0.01,0.00,-0.02,0.00,0.00,0.00,0.17,212,31
16148,0.0,0.0,23.0,0.020,0.030,-1.055,4.4,-4.0,-7.1,0.0093,-0.0112,-0.0213,1456,1572,1534,1579,0.00,0.01,2.64,0.18,0.7291,1,1,0,0.01,0.00,-0.02,-0.01,0.00,0.00,0.17,212,31
16158,0.2,-4.2,-66.9,0.111,-0.064,-0.959,4.5,-4.1,-7.1,0.0097,-0.0065,0.0422,1577,1459,1648,1457,0.00,0.01,2.64,0.18,0.7291,1,1,0,0.01,0.00,-0.02,-0.01,0.00,0.00,0.18,212,31
16168,0.4,0.0,39.2,0.003,0.007,-0.993,4.5,-4.1,-7.1,0.0095,-0.0094,-0.0421,1408,1618,1488,1627,0.00,0.01,2.65,0.18,0.7291,1,1,0,0.01,0.00,-0.02,0.00,0.00,0.00,0.19,212,31
16178,-0.8,-7.4,31.2,-0.059,0.078,-0.990,4.4,-4.0,-7.1,0.0108,-0.0026,-0.0330,1454,1599,1513,1575,0.00,0.01,2.64,0.18,0.7291,1,1,0,0.01,0.00,-0.02,-0.01,0.00,0.00,0.18,212,31
16188,0.7,-11.7,-65.8,0.029,-0.013,-0.893,4.4,-4.1,-7.1,0.0093,0.0017,0.0416,1594,1476,1631,1440,0.00,0.01,2.64,0.18,0.7291,1,1,0,0.01,0.00,-0.02,-0.01,0.00,0.00,0.18,212,31
16198,1.3,-1.1,38.0,-0.046,0.035,-0.963,4.5,-4.0,-7.1,0.0086,-0.0082,-0.0412,1417,1623,1481,1620,0.00,0.01,2.65,0.18,0.7291,1,1,0,0.01,0.00,-0.02,0.00,0.00,0.00,0.17,212,31
16208,0.9,-2.8,34.9,-0.074,0.072,-1.003,4.5,-4.0,-6.5,0.0091,-0.0057,-0.0358,1451,1602,1504,1584,0.00,0.01,2.64,0.18,0.7291,1,1,0,0.01,0.00,-0.02,-0.01,0.00,0.00,0.16,211,31
16218,1.1,-2.7,-65.6,0.056,-0.053,-0.944,4.4,-4.0,-6.5,0.0089,-0.0066,0.0422,1587,1465,1638,1450,0.00,0.01,2.64,0.18,0.7291,1,1,0,0.01,0.00,-0.02,-0.01,0.00,0.00,0.17,211,31
16228,1.1,7.9,29.0,0.040,-0.026,-1.019,4.5,-4.1,-6.5,0.0082,-0.0174,-0.0412,1409,1596,1506,1631,0.00,0.01,2.65,0.18,0.7291,1,1,0,0.01,0.00,-0.02,0.00,0.00,0.00,0.18,211,31
16239,-0.7,4.3,39.9,0.008,0.047,-1.077,4.5,-4.0,-6.5,0.0108,-0.0137,-0.0422,1425,1591,1519,1605,0.00,0.01,2.64,0.18,0.7291,1,1,0,0.01,0.00,-0.02,-0.01,0.00,0.00,0.19,211,31
16249,-0.1,-1.7,-67.1,0.120,-0.058,-0.988,4.5,-4.1,-6.5,0.0102,-0.0076,0.0433,1582,1457,1660,1456,0.00,0.01,2.64,0.18,0.7309,1,1,0,0.01,0.00,-0.02,-0.01,0.00,0.00,0.20,211,31
16259,0.5,2.1,23.4,0.050,-0.016,-1.050,4.5,-4.1,-6.5,0.0094,-0.0163,-0.0368,1420,1595,1518,1621,0.00,0.01,2.65,0.18,0.7309,1,1,0,0.01,0.00,0.02,0.00,0.00,0.00,0.18,211,31
16269,0.3,-6.4,44.2,-0.029,0.108,-1.106,4.5,-4.1,-6.2,0.0097,-0.0029,-0.0454,1446,1639,1504,1622,0.00,0.01,2.64,0.18,0.7382,1,1,0,0.01,0.00,0.02,0.00,0.00,0.00,0.17,212,31
16279,1.7,-15.1,-64.7,0.038,0.015,-0.996,4.5,-4.1,-6.2,0.0085,0.0026,0.0430,1623,1492,1645,1450,0.00,0.01,2.64,0.18,0.7382,1,1,0,0.01,0.00,0.02,0.00,0.00,0.00,0.18,212,31
16289,2.2,-4.7,15.0,-0.040,0.008,-1.016,4.5,-4.0,-6.2,0.0078,-0.0046,-0.0222,1467,1619,1515,1609,0.00,0.01,2.65,0.18,0.7382,1,1,0,0.01,0.00,0.01,0.00,0.00,0.00,0.20,212,31
16299,0.0,-4.5,51.1,-0.072,0.086,-1.032,4.5,-3.9,-6.2,0.0094,-0.0017,-0.0451,1446,1652,1488,1623,0.00,0.01,2.65,0.18,0.7382,1,1,0,0.01,0.00,0.01,0.00,0.00,0.00,0.19,213,31
16309,-0.4,-5.0,-61.3,0.046,-0.063,-0.931,4.4,-4.0,-6.2,0.0105,-0.0042,0.0389,1613,1491,1650,1457,0.00,0.01,2.64,0.18,0.7382,1,1,0,0.01,0.00,0.02,0.00,0.00,0.00,0.18,213,31
16319,-1.7,7.1,6.4,0.037,-0.078,-1.001,4.5,-4.1,-6.2,0.0116,-0.0165,-0.0182,1457,1588,1558,1607,0.00,0.01,2.65,0.18,0.7382,1,1,0,0.01,0.00,0.01,0.00,0.00,0.00,0.17,213,31
16329,-1.8,4.5,53.4,-0.012,0.060,-1.080,4.5,-4.0,-6.2,0.0119,-0.0141,-0.0513,1431,1657,1530,1666,0.00,0.01,2.65,0.18,0.7480,1,1,0,0.01,0.00,0.02,0.00,0.00,0.00,0.17,213,31
16340,-0.3,-5.4,-58.6,0.071,-0.016,-1.044,4.5,-4.1,-6.2,0.0104,-0.0040,0.0367,1612,1503,1681,1488,0.00,0.01,2.64,0.18,0.7480,1,1,0,0.01,0.00,0.02,0.00,0.00,0.00,0.17,213,31
16350,0.5,-3.2,-0.5,0.032,0.001,-1.117,4.5,-4.1,-6.2,0.0102,-0.0086,-0.0183,1500,1609,1572,1603,0.00,0.01,2.65,0.18,0.7480,1,1,0,0.01,0.00,0.02,0.00,0.00,0.00,0.18,212,31
16360,1.1,-5.4,57.5,-0.068,0.152,-1.194,4.5,-4.0,-6.2,0.0091,-0.0032,-0.0536,1451,1678,1500,1655,0.00,0.01,2.65,0.18,0.7480,1,1,0,0.01,0.00,0.02,0.00,0.00,0.00,0.18,212,31
16370,0.4,-9.4,-56.9,0.013,-0.003,-1.024,4.4,-3.9,-6.2,0.0097,0.0001,0.0353,1630,1521,1656,1477,0.00,0.01,2.64,0.18,0.7480,1,1,0,0.01,0.00,0.02,0.00,0.00,0.00,0.18,212,31
16380,-0.5,4.3,-7.2,0.025,-0.087,-0.961,4.5,-4.0,-6.2,0.0095,-0.0100,-0.0124,1510,1594,1584,1596,0.00,0.01,2.65,0.18,0.7480,1,1,0,0.01,0.00,0.02,0.00,0.00,0.00,0.17,211,31
16390,-1.8,8.2,61.0,-0.016,0.043,-0.972,4.5,-3.9,-6.2,0.0119,-0.0176,-0.0591,1424,1671,1516,1674,0.00,0.01,2.65,0.18,0.7480,1,1,0,0.01,0.00,0.02,0.00,0.00,0.00,0.17,211,31
16400,-2.0,3.8,-49.0,0.052,-0.044,-0.923,4.5,-4.0,-6.2,0.0123,-0.0131,0.0306,1588,1507,1682,1507,0.00,0.01,2.64,0.18,0.7480,1,1,0,0.01,0.00,0.02,0.00,0.00,0.00,0.17,211,31
16410,-0.8,5.8,-11.5,0.062,-0.046,-0.966,4.5,-4.1,-6.2,0.0113,-0.0162,-0.0038,1497,1578,1609,1599,0.00,0.01,2.65,0.18,0.7480,1,1,0,0.01,0.00,0.02,0.00,0.00,0.00,0.18,211,31
16420,1.8,1.8,63.2,-0.023,0.146,-1.102,4.5,-4.0,-6.2,0.0082,-0.0113,-0.0608,1420,1673,1508,1683,0.00,0.01,2.65,0.18,0.7480,1,1,0,0.01,0.00,0.02,0.00,0.00,0.00,0.18,211,31
16430,2.3,-5.5,-47.4,0.025,0.001,-1.012,4.4,-4.0,-6.2,0.0078,-0.0043,0.0330,1611,1515,1656,1502,0.00,0.01,2.64,0.18,0.7480,1,1,0,0.01,0.00,0.02,0.00,0.00,0.00,0.19,211,31
16441,1.5,2.3,-22.0,0.053,-0.075,-0.962,4.4,-4.1,-6.2,0.0085,-0.0118,0.0072,1528,1569,1602,1585,0.00,0.01,2.65,0.18,0.7480,1,1,0,0.01,0.00,0.02,0.00,0.00,0.00,0.18,211,31
16451,0.9,5.5,63.7,-0.013,0.049,-0.986,4.4,-4.0,-6.2,0.0092,-0.0150,-0.0613,1414,1673,1502,1694,0.00,0.01,2.65,0.18,0.7480,1,1,0,0.01,0.00,0.02,0.00,0.00,0.00,0.17,211,31
16461,-2.1,0.0,-41.9,0.033,-0.067,-0.858,4.4,-4.0,-6.2,0.0115,-0.0097,0.0296,1587,1518,1667,1512,0.00,0.01,2.64,0.18,0.7480,1,1,0,0.01,0.00,0.03,0.00,0.00,0.00,0.18,211,31
16471,-1.5,2.1,-24.8,0.050,-0.094,-0.848,4.4,-4.1,-6.2,0.0117,-0.0117,0.0094,1518,1564,1622,1580,0.00,0.01,2.65,0.18,0.7480,1,1,0,0.01,0.00,0.02,0.00,0.00,0.00,0.20,211,31
16481,0.7,1.4,66.2,-0.048,0.145,-1.030,4.4,-4.1,-5.6,0.0093,-0.0109,-0.0629,1412,1685,1498,1694,0.00,0.01,2.65,0.18,0.7486,1,1,0,0.01,0.00,0.00,0.00,0.00,0.00,0.20,211,31
16491,1.5,-7.9,-37.8,-0.009,0.043,-1.047,4.4,-4.0,-5.6,0.0086,-0.0031,0.0267,1601,1532,1645,1511,0.00,0.01,2.64,0.18,0.7486,1,1,0,0.01,0.00,0.00,0.00,0.00,0.00,0.19,211,31
16501,2.2,-3.2,-31.9,0.045,-0.035,-1.083,4.4,-4.1,-5.6,0.0078,-0.0062,0.0156,1553,1562,1610,1563,0.00,0.01,2.65,0.18,0.7486,1,1,0,0.01,0.00,0.00,0.00,0.00,0.00,0.19,211,31
16511,1.6,1.1,66.3,-0.020,0.078,-1.138,4.4,-4.0,-5.6,0.0078,-0.0094,-0.0626,1421,1687,1487,1693,0.00,0.01,2.65,0.18,0.7486,1,1,0,0.01,0.00,0.00,0.00,0.00,0.00,0.18,211,31
16521,-1.9,-5.2,-33.2,0.025,-0.047,-1.015,4.4,-4.0,-5.6,0.0117,-0.0040,0.0191,1603,1553,1657,1526,0.00,0.01,2.64,0.18,0.7553,1,1,0,0.01,0.00,0.00,-0.01,0.00,0.00,0.17,211,31
16531,-2.9,-0.7,-36.5,0.059,-0.099,-0.953,4.4,-4.1,-5.6,0.0131,-0.0087,0.0192,1562,1571,1644,1563,0.00,0.01,2.65,0.18,0.7553,1,1,0,0.01,0.00,0.00,0.00,0.00,0.00,0.17,211,31
16541,-0.1,1.8,66.6,-0.042,0.110,-1.029,4.4,-4.0,-5.6,0.0108,-0.0105,-0.0634,1425,1705,1505,1704,0.00,0.01,2.65,0.18,0.7553,1,1,0,0.01,0.00,0.00,0.00,0.00,0.00,0.18,211,31
16551,-0.3,-5.3,-26.9,-0.030,0.022,-1.006,4.4,-4.0,-5.6,0.0106,-0.0035,0.0140,1595,1565,1646,1533,0.00,0.01,2.64,0.18,0.7553,1,1,0,0.01,0.00,0.00,-0.01,0.00,0.00,0.18,211,31
16562,0.9,0.8,-41.1,0.042,-0.032,-1.019,4.4,-4.1,-5.6,0.0092,-0.0103,0.0228,1576,1562,1645,1556,0.00,0.01,2.65,0.18,0.7553,1,1,0,0.01,0.00,0.00,0.00,0.00,0.00,0.18,210,31
16572,1.8,8.0,63.8,-0.007,0.077,-1.100,4.4,-4.0,-5.6,0.0084,-0.0155,-0.0621,1422,1689,1513,1716,0.00,0.01,2.65,0.18,0.7553,1,1,0,0.01,0.00,0.00,0.00,0.00,0.00,0.18,211,31
16582,-1.5,1.5,-17.6,0.045,-0.028,-1.008,4.4,-4.0,-5.6,0.0117,-0.0111,0.0041,1578,1565,1657,1559,0.00,0.01,2.64,0.18,0.7577,1,1,0,0.01,0.00,0.00,-0.01,0.00,0.00,0.17,211,31
16592,-0.8,0.9,-48.5,0.102,-0.088,-0.901,4.4,-4.1,-5.6,0.0109,-0.0128,0.0231,1588,1542,1678,1549,0.00,0.01,2.65,0.18,0.7577,1,1,0,0.01,0.00,0.00,0.00,0.00,0.00,0.16,211,31
16602,1.9,3.5,63.5,-0.029,0.080,-0.970,4.4,-4.1,-5.0,0.0083,-0.0135,-0.0610,1429,1695,1516,1717,0.00,0.01,2.65,0.18,0.7577,1,1,0,0.01,0.00,0.00,0.00,0.00,0.00,0.17,211,31
16612,0.2,-2.9,-10.1,-0.047,0.046,-0.938,4.4,-4.0,-5.0,0.0099,-0.0065,-0.0014,1575,1578,1640,1564,0.00,0.01,2.64,0.18,0.7577,1,1,0,0.01,0.00,0.00,-0.01,0.00,0.00,0.18,211,31
16622,0.7,-0.8,-51.7,0.054,-0.057,-0.933,4.4,-4.1,-5.0,0.0094,-0.0088,0.0301,1605,1540,1675,1539,0.00,0.01,2.65,0.18,0.7577,1,1,0,0.01,0.00,0.00,0.00,0.00,0.00,0.18,210,31
16632,1.0,5.4,61.6,-0.004,0.051,-1.052,4.5,-4.1,-5.0,0.0091,-0.0150,-0.0588,1425,1695,1517,1721,0.00,0.01,2.65,0.18,0.7577,1,1,0,0.01,0.00,0.00,0.00,0.00,0.00,0.19,210,31
16642,-1.6,-2.7,-0.6,0.006,0.003,-1.073,4.4,-4.1,-5.0,0.0115,-0.0088,-0.0008,1572,1597,1652,1592,0.00,0.01,2.64,0.18,0.7651,1,1,0,0.01,0.00,0.00,-0.01,0.00,0.00,0.18,210,31
16652,-0.9,-7.2,-59.4,0.074,-0.050,-1.034,4.4,-4.1,-5.0,0.0111,-0.0040,0.0349,1630,1553,1695,1535,0.00,0.01,2.65,0.18,0.7651,1,1,0,0.01,0.00,0.00,-0.01,0.00,0.00,0.17,209,31
16663,1.0,-2.8,55.4,-0.034,0.090,-1.098,4.4,-4.0,-5.0,0.0091,-0.0067,-0.0539,1460,1718,1522,1713,0.00,0.01,2.65,0.18,0.7651,1,1,0,0.01,0.00,0.00,0.00,0.00,0.00,0.18,209,31
16673,-1.0,-4.9,4.9,-0.053,0.046,-1.029,4.4,-4.0,-5.0,0.0112,-0.0034,-0.0106,1570,1631,1618,1594,0.00,0.01,2.65,0.18,0.7651,1,1,0,0.01,0.00,0.00,-0.01,0.00,0.00,0.20,209,31
16683,-0.6,1.7,-61.1,0.062,-0.072,-0.930,4.4,-4.1,-5.0,0.0108,-0.0114,0.0392,1632,1544,1704,1533,0.00,0.01,2.65,0.18,0.7651,1,1,0,0.01,0.00,-0.03,0.00,0.00,0.00,0.19,209,31
16693,0.6,9.4,50.1,0.013,0.014,-0.977,4.4,-4.1,-5.0,0.0101,-0.0185,-0.0545,1443,1698,1548,1724,0.00,0.01,2.65,0.18,0.7651,1,1,0,0.01,0.00,-0.03,0.00,0.00,0.00,0.19,209,31
16703,0.3,-0.2,15.9,-0.007,0.056,-1.022,4.4,-4.1,-5.0,0.0099,-0.0093,-0.0223,1538,1626,1624,1626,0.00,0.01,2.65,0.18,0.7651,1,1,0,0.01,0.00,-0.03,0.00,0.00,0.00,0.19,209,31
16713,1.2,-7.7,-63.4,0.082,-0.030,-0.975,4.4,-4.1,-5.0,0.0093,-0.0046,0.0383,1639,1541,1703,1530,0.00,0.01,2.65,0.18,0.7651,1,1,0,0.01,0.00,-0.03,0.00,0.00,0.00,0.18,209,31
16723,1.9,0.8,43.5,-0.021,0.045,-1.027,4.4,-4.1,-4.7,0.0079,-0.0104,-0.0461,1495,1711,1563,1723,0.00,0.01,2.65,0.18,0.7754,1,1,0,0.01,0.00,-0.03,0.00,0.00,0.00,0.17,210,31
16733,-1.2,-0.5,24.0,-0.041,0.018,-0.957,4.4,-4.0,-4.7,0.0115,-0.0090,-0.0286,1559,1662,1622,1649,0.00,0.01,2.65,0.18,0.7754,1,1,0,0.01,0.00,-0.03,0.00,0.00,0.00,0.17,210,31
16743,-1.2,-1.7,-62.2,0.079,-0.071,-0.933,4.4,-4.1,-4.7,0.0116,-0.0088,0.0387,1649,1552,1728,1544,0.00,0.01,2.65,0.18,0.7730,1,1,0,0.01,0.00,-0.03,0.00,0.00,0.00,0.18,210,31
16753,1.4,3.0,38.7,0.010,0.047,-1.093,4.4,-4.1,-4.7,0.0089,-0.0133,-0.0428,1484,1698,1574,1717,0.00,0.01,2.65,0.18,0.7730,1,1,0,0.01,0.00,-0.03,0.00,0.00,0.00,0.18,211,31
16763,0.5,-5.5,26.3,-0.028,0.105,-1.216,4.4,-4.0,-4.7,0.0096,-0.0040,-0.0305,1549,1671,1605,1648,0.00,0.01,2.65,0.18,0.7730,1,1,0,0.01,0.00,-0.03,0.00,0.00,0.00,0.18,211,31
16774,-0.2,-7.6,-66.7,0.074,-0.050,-1.037,4.4,-4.0,-4.7,0.0103,-0.0010,0.0439,1682,1556,1719,1517,0.00,0.01,2.65,0.18,0.7730,1,1,0,0.01,0.00,-0.03,0.00,0.00,0.00,0.17,212,31
16784,-0.8,7.4,30.9,0.003,-0.063,-0.823,4.4,-4.1,-4.7,0.0111,-0.0170,-0.0342,1501,1695,1589,1707,0.00,0.01,2.65,0.18,0.7754,1,1,0,0.01,0.00,-0.03,0.00,0.00,0.00,0.17,212,31
16794,-0.7,6.5,40.1,-0.045,0.042,-0.819,4.4,-4.0,-4.7,0.0113,-0.0159,-0.0393,1520,1677,1616,1679,0.00,0.01,2.65,0.18,0.7754,1,1,0,0.01,0.00,-0.03,0.00,0.00,0.00,0.17,212,31
16804,2.3,-3.0,-61.6,0.078,0.001,-0.971,4.4,-4.1,-4.7,0.0078,-0.0066,0.0398,1658,1546,1734,1553,0.00,0.01,2.65,0.18,0.7754,1,1,0,0.01,0.00,-0.03,0.00,0.00,0.00,0.18,212,31
16814,2.3,-1.8,17.6,0.028,0.006,-1.213,4.3,-4.1,-4.7,0.0065,-0.0104,-0.0319,1517,1681,1587,1706,0.00,0.01,2.65,0.18,0.7754,1,1,0,0.01,0.00,-0.03,0.00,0.00,0.00,0.20,212,31
16824,-2.1,-5.6,39.3,-0.033,0.053,-1.140,4.4,-4.0,-4.7,0.0120,-0.0033,-0.0386,1542,1692,1593,1664,0.00,0.01,2.65,0.18,0.7754,1,1,0,0.01,0.00,-0.01,0.00,0.00,0.00,0.21,212,31
16834,-3.2,-3.5,-59.7,0.031,-0.074,-0.841,4.4,-4.0,-4.7,0.0135,-0.0061,0.0382,1669,1565,1731,1526,0.00,0.01,2.65,0.18,0.7754,1,1,0,0.01,0.00,0.00,0.00,0.00,0.00,0.19,212,31
16844,0.5,6.5,17.4,0.015,-0.013,-0.914,4.4,-4.1,-4.7,0.0105,-0.0151,-0.0314,1507,1685,1602,1696,0.00,0.01,2.65,0.18,0.7754,1,1,0,0.01,0.00,0.00,0.00,0.00,0.00,0.17,212,31
16854,1.4,2.9,46.0,-0.001,0.125,-1.206,4.4,-4.1,-4.7,0.0093,-0.0127,-0.0436,1504,1695,1589,1704,0.00,0.01,2.65,0.18,0.7754,1,1,0,0.01,0.00,0.00,0.00,0.00,0.00,0.19,212,31
16864,1.8,-4.5,-64.1,0.094,-0.030,-1.125,4.4,-4.1,-4.7,0.0084,-0.0051,0.0417,1680,1545,1732,1536,0.00,0.01,2.65,0.18,0.7754,1,1,0,0.01,0.00,0.00,0.00,0.00,0.00,0.21,212,31
16875,0.2,3.1,7.9,0.015,-0.075,-0.881,4.4,-4.1,-4.7,0.0092,-0.0121,-0.0222,1540,1659,1621,1670,0.00,0.01,2.65,0.18,0.7754,1,1,0,0.01,0.00,0.00,0.00,0.00,0.00,0.20,212,31
16885,-0.1,4.7,55.5,-0.085,0.043,-0.737,4.4,-4.0,-4.0,0.0110,-0.0133,-0.0498,1493,1708,1581,1710,0.00,0.01,2.65,0.18,0.7754,1,1,0,0.01,0.00,0.00,0.00,0.00,0.00,0.19,212,31
16895,1.3,-1.5,-52.4,0.024,0.010,-0.882,4.4,-4.1,-4.0,0.0089,-0.0081,0.0328,1653,1556,1726,1556,0.00,0.01,2.65,0.18,0.7754,1,1,0,0.01,0.00,0.00,0.00,0.00,0.00,0.18,212,31
16905,1.2,0.2,-1.5,0.051,-0.006,-1.279,4.4,-4.1,-4.0,0.0087,-0.0125,-0.0172,1550,1648,1631,1663,0.00,0.01,2.65,0.18,0.7754,1,1,0,0.01,0.00,0.00,0.00,0.00,0.00,0.17,212,31
16915,-0.4,-3.2,50.9,-0.002,0.086,-1.296,4.4,-4.0,-4.0,0.0107,-0.0063,-0.0498,1509,1713,1570,1700,0.00,0.01,2.65,0.18,0.7754,1,1,0,0.01,0.00,0.00,0.00,0.00,0.00,0.17,212,31
16925,-1.8,-5.5,-50.8,0.021,-0.059,-0.878,4.4,-4.0,-4.0,0.0121,-0.0012,0.0370,1668,1573,1718,1532,0.00,0.01,2.65,0.18,0.7754,1,1,0,0.01,0.00,0.00,0.00,0.00,0.00,0.17,212,31
16935,-0.2,6.8,-5.4,0.017,-0.056,-0.756,4.4,-4.1,-4.0,0.0105,-0.0166,-0.0047,1548,1645,1643,1655,0.00,0.01,2.65,0.18,0.7754,1,1,0,0.01,0.00,0.00,0.00,0.00,0.00,0.18,212,31
16945,2.7,9.8,57.7,-0.023,0.107,-1.023,4.4,-4.1,-4.0,0.0075,-0.0196,-0.0552,1470,1702,1573,1747,0.00,0.01,2.65,0.18,0.7754,1,1,0,0.01,0.00,0.00,0.00,0.00,0.00,0.19,211,31
16955,1.6,-2.3,-49.4,0.079,-0.016,-1.143,4.4,-4.1,-4.0,0.0081,-0.0096,0.0341,1654,1555,1721,1561,0.00,0.01,2.65,0.18,0.7754,1,1,0,0.01,0.00,0.00,0.00,0.00,0.00,0.18,211,31
16965,-0.8,-2.8,-15.8,0.051,-0.058,-1.023,4.4,-4.1,-3.7,0.0111,-0.0068,0.0037,1575,1634,1652,1634,0.00,0.01,2.65,0.18,0.7760,1,1,0,0.01,0.00,0.00,0.00,0.00,0.00,0.17,211,31
16975,-0.8,-1.1,60.4,-0.078,0.081,-0.921,4.4,-4.0,-3.7,0.0112,-0.0084,-0.0572,1491,1730,1561,1714,0.00,0.01,2.65,0.18,0.7760,1,1,0,0.01,0.00,0.00,0.00,0.00,0.00,0.16,210,31
16986,-1.4,-3.1,-40.0,-0.018,-0.013,-0.887,4.4,-4.0,-3.7,0.0119,-0.0043,0.0280,1646,1585,1708,1557,0.00,0.01,2.65,0.18,0.7760,1,1,0,0.01,0.00,0.00,0.00,0.00,0.00,0.15,210,31
16996,-0.6,4.6,-21.5,0.089,-0.040,-1.150,4.4,-4.1,-3.7,0.0110,-0.0144,0.0083,1570,1623,1666,1637,0.00,0.01,2.65,0.18,0.7760,1,1,0,0.01,0.00,0.00,0.00,0.00,0.00,0.16,210,31
17006,0.2,2.9,57.4,0.021,0.088,-1.249,4.4,-4.1,-3.7,0.0102,-0.0135,-0.0533,1491,1731,1581,1744,0.00,0.01,2.65,0.18,0.7827,1,1,0,0.01,0.00,0.00,0.00,0.00,0.00,0.17,210,31
17016,-0.3,-4.2,-34.9,0.007,-0.020,-0.907,4.4,-4.0,-3.7,0.0107,-0.0052,0.0239,1660,1594,1720,1573,0.00,0.01,2.65,0.18,0.7827,1,1,0,0.01,0.00,0.00,0.00,0.00,0.00,0.18,211,31
17026,1.2,1.9,-23.3,0.003,-0.068,-0.734,4.4,-4.1,-3.7,0.0090,-0.0117,0.0097,1609,1622,1686,1630,0.00,0.01,2.65,0.18,0.7827,1,1,0,0.01,0.00,0.00,0.00,0.00,0.00,0.18,211,31
17036,1.2,9.0,63.2,-0.027,0.078,-0.980,4.4,-4.0,-3.7,0.0091,-0.0186,-0.0595,1472,1731,1577,1767,0.00,0.01,2.65,0.18,0.7827,1,1,0,0.01,0.00,0.00,0.00,0.00,0.00,0.17,211,31
17046,-1.4,-3.8,-30.5,0.050,-0.001,-1.190,4.4,-4.1,-3.7,0.0118,-0.0059,0.0155,1637,1607,1710,1593,0.00,0.01,2.65,0.18,0.7827,1,1,0,0.01,0.00,0.00,0.00,0.00,0.00,0.17,211,31
17056,-0.4,-6.6,-37.5,0.064,-0.038,-1.113,4.4,-4.1,-3.7,0.0111,-0.0056,0.0149,1633,1619,1697,1598,0.00,0.01,2.65,0.18,0.7827,1,1,0,0.01,0.00,0.00,0.00,0.00,0.00,0.18,211,31
17066,0.5,-1.2,60.6,-0.059,0.093,-0.981,4.4,-4.0,-3.7,0.0100,-0.0073,-0.0573,1499,1752,1560,1735,0.00,0.01,2.65,0.18,0.7827,1,1,0,0.01,0.00,0.00,0.00,0.00,0.00,0.18,210,31
17076,-0.2,1.4,-21.1,-0.009,-0.021,-0.850,4.4,-4.0,-3.7,0.0106,-0.0110,0.0080,1625,1616,1697,1609,0.00,0.01,2.65,0.18,0.7827,1,1,0,0.01,0.00,0.00,0.00,0.00,0.00,0.18,211,31
17086,-0.3,6.2,-39.7,0.110,-0.071,-1.004,4.4,-4.1,-3.7,0.0107,-0.0178,0.0161,1613,1593,1721,1619,0.00,0.01,2.65,0.18,0.7827,1,1,0,0.01,0.00,0.00,0.00,0.00,0.00,0.18,211,31
17097,1.8,1.0,58.7,0.000,0.098,-1.122,4.4,-4.1,-3.7,0.0085,-0.0108,-0.0559,1487,1735,1572,1753,0.00,0.01,2.65,0.18,0.7827,1,1,0,0.01,0.00,0.00,0.00,0.00,0.00,0.17,211,31
17107,-0.5,-8.4,-12.7,-0.046,0.032,-0.973,4.4,-4.0,-3.7,0.0108,-0.0011,0.0037,1652,1595,1726,1583,0.00,0.01,2.65,0.18,0.7840,1,1,0,0.01,0.00,0.00,0.00,0.00,0.00,0.18,211,31
17117,-0.9,-2.7,-43.1,0.038,-0.084,-0.902,4.4,-4.0,-3.7,0.0111,-0.0063,0.0237,1634,1626,1689,1607,0.00,0.01,2.65,0.18,0.7840,1,1,0,0.01,0.00,0.00,0.00,0.00,0.00,0.18,211,31
17127,-1.2,7.3,57.2,0.013,0.047,-1.095,4.5,-4.0,-3.7,0.0117,-0.0171,-0.0548,1481,1746,1574,1755,0.00,0.01,2.65,0.18,0.7840,1,1,0,0.01,0.00,0.00,0.00,0.00,0.00,0.19,211,31
17137,0.0,-2.3,-8.2,0.015,0.040,-1.106,4.5,-4.0,-3.7,0.0118,-0.0084,0.0051,1625,1619,1708,1604,0.00,0.01,2.65,0.18,0.7840,1,1,0,0.01,0.00,0.00,0.00,0.00,0.00,0.20,211,31
17147,1.8,-4.9,-51.6,0.050,-0.037,-0.938,4.4,-4.1,-3.7,0.0085,-0.0048,0.0322,1637,1606,1712,1601,0.00,0.01,2.65,0.18,0.7840,1,1,0,0.01,0.00,0.00,0.00,0.00,0.00,0.18,211,31
17157,1.0,5.5,54.4,-0.023,0.019,-0.918,4.4,-4.0,-3.7,0.0084,-0.0130,-0.0556,1496,1743,1564,1753,0.00,0.01,2.65,0.18,0.7840,1,1,0,0.01,0.00,0.00,0.00,0.00,0.00,0.17,211,31
17167,-2.7,1.9,1.5,0.005,-0.010,-0.928,4.5,-4.0,-3.7,0.0130,-0.0115,-0.0075,1619,1632,1694,1620,0.00,0.01,2.65,0.18,0.7852,1,1,0,0.01,0.00,0.00,0.00,0.00,0.00,0.16,211,31
17177,-0.6,-2.6,-54.1,0.085,-0.044,-1.038,4.5,-4.1,-3.7,0.0111,-0.0072,0.0342,1630,1594,1732,1609,0.00,0.01,2.65,0.18,0.7852,1,1,0,0.01,0.00,0.00,0.00,0.00,0.00,0.16,211,30
17187,3.2,-3.9,48.0,-0.029,0.106,-1.200,4.5,-4.1,-3.7,0.0077,-0.0072,-0.0521,1496,1744,1573,1753,0.00,0.01,2.65,0.18,0.7852,1,1,0,0.01,0.00,0.00,0.00,0.00,0.00,0.17,211,30
17198,-1.0,-5.1,9.9,-0.042,0.034,-1.059,4.5,-4.0,-3.7,0.0115,-0.0045,-0.0169,1628,1655,1667,1616,0.00,0.01,2.65,0.18,0.7852,1,1,0,0.01,0.00,0.00,0.00,0.00,0.00,0.17,212,30
17208,-2.0,2.7,-58.0,0.088,-0.099,-0.866,4.5,-4.0,-3.7,0.0126,-0.0118,0.0367,1663,1603,1723,1576,0.00,0.01,2.65,0.18,0.7852,1,1,0,0.01,0.00,0.00,0.00,0.00,0.00,0.18,212,30
17218,1.2,7.4,43.2,0.010,0.035,-0.906,4.5,-4.1,-3.7,0.0092,-0.0173,-0.0437,1481,1730,1598,1756,0.00,0.01,2.65,0.18,0.7852,1,1,0,0.01,0.00,0.00,0.00,0.00,0.00,0.18,212,30
17228,1.9,-3.3,21.0,-0.049,0.092,-1.063,4.5,-4.0,-3.7,0.0093,-0.0084,-0.0191,1602,1663,1692,1663,0.00,0.01,2.65,0.18,0.7925,1,1,0,0.01,0.00,0.00,0.00,0.00,0.00,0.17,212,30
17238,0.2,-8.3,-60.0,0.063,-0.052,-1.034,4.5,-4.0,-3.7,0.0097,-0.0014,0.0382,1690,1602,1739,1590,0.00,0.01,2.65,0.18,0.7925,1,1,0,0.01,0.00,0.00,0.00,0.00,0.00,0.16,212,30
17248,-0.8,4.1,35.6,0.009,-0.034,-1.033,4.5,-4.0,-3.7,0.0114,-0.0139,-0.0376,1523,1746,1595,1757,0.00,0.01,2.65,0.18,0.7925,1,1,0,0.01,0.00,0.00,0.00,0.00,0.00,0.18,211,30
17258,-1.6,0.7,28.0,-0.032,0.064,-1.022,4.5,-4.0,-3.7,0.0136,-0.0096,-0.0242,1587,1693,1671,1669,0.00,0.01,2.65,0.18,0.7925,1,1,0,0.01,0.00,0.00,0.00,0.00,0.00,0.20,212,30
17268,3.1,-4.6,-60.7,0.056,0.001,-1.015,4.5,-4.1,-3.7,0.0073,-0.0051,0.0395,1686,1596,1753,1585,0.00,0.01,2.65,0.18,0.7925,1,1,0,0.01,0.00,0.00,0.00,0.00,0.00,0.19,212,31
17278,0.5,4.1,25.1,0.032,-0.029,-1.035,4.5,-4.0,-3.7,0.0094,-0.0135,-0.0315,1537,1730,1605,1748,0.00,0.01,2.65,0.18,0.7925,1,1,0,0.01,0.00,0.00,0.00,0.00,0.00,0.18,213,31
17288,-2.7,2.5,33.6,-0.016,0.009,-0.911,4.5,-4.0,-3.7,0.0129,-0.0109,-0.0285,1583,1696,1659,1683,0.00,0.01,2.65,0.18,0.7925,1,1,0,0.01,0.00,0.00,0.00,0.00,0.00,0.18,213,31
17298,-0.8,-2.4,-56.7,0.039,-0.030,-0.849,4.5,-4.1,-3.7,0.0114,-0.0074,0.0362,1678,1593,1768,1582,0.00,0.01,2.65,0.18,0.7925,1,1,0,0.01,0.00,0.00,0.00,0.00,0.00,0.17,213,31
17309,2.9,-1.6,20.2,0.009,0.046,-1.161,4.5,-4.1,-3.7,0.0075,-0.0084,-0.0282,1536,1730,1611,1744,0.00,0.01,2.65,0.18,0.7925,1,1,0,0.01,0.00,0.00,0.00,0.00,0.00,0.18,213,31
17319,-1.5,-1.8,37.3,0.002,0.047,-1.226,4.5,-4.0,-3.7,0.0121,-0.0079,-0.0390,1581,1708,1636,1695,0.00,0.01,2.65,0.18,0.7925,1,1,0,0.01,0.00,0.00,0.00,0.00,0.00,0.18,213,31
17329,-1.6,-0.2,-56.8,0.055,-0.066,-0.864,4.5,-4.0,-3.7,0.0128,-0.0074,0.0392,1704,1600,1758,1568,0.00,0.01,2.65,0.18,0.7937,1,1,0,0.01,0.00,0.00,0.00,0.00,0.00,0.18,213,31
17339,2.6,5.9,14.5,-0.005,-0.007,-0.788,4.5,-4.1,-3.7,0.0080,-0.0159,-0.0208,1538,1721,1640,1731,0.00,0.01,2.65,0.18,0.7937,1,1,0,0.01,0.00,0.00,0.00,0.00,0.00,0.18,213,31
17349,2.6,2.7,45.9,-0.024,0.091,-1.089,4.5,-4.0,-3.7,0.0079,-0.0126,-0.0458,1557,1711,1634,1728,0.00,0.01,2.65,0.18,0.7937,1,1,0,0.01,0.00,0.00,0.00,0.00,0.00,0.17,213,31
17359,-1.9,-6.8,-57.6,0.078,-0.059,-1.149,4.5,-4.1,-3.7,0.0114,-0.0042,0.0386,1699,1591,1761,1579,0.00,0.01,2.65,0.18,0.7937,1,1,0,0.01,0.00,0.00,0.00,0.00,0.00,0.16,212,31
17369,-1.7,0.6,3.2,0.007,-0.040,-0.935,4.5,-4.1,-3.7,0.0123,-0.0105,-0.0118,1559,1715,1647,1709,0.00,0.01,2.65,0.18,0.7937,1,1,0,0.01,0.00,0.00,0.00,0.00,0.00,0.16,212,31
17379,2.1,4.1,53.5,-0.068,0.120,-0.959,4.5,-4.0,-3.7,0.0099,-0.0114,-0.0477,1554,1737,1627,1712,0.00,0.01,2.65,0.18,0.7937,1,1,0,0.01,0.00,0.00,0.00,0.00,0.00,0.17,211,31
17389,1.1,-1.6,-51.9,0.076,-0.036,-1.065,4.5,-4.0,-3.7,0.0087,-0.0079,0.0346,1698,1595,1757,1589,0.00,0.01,2.65,0.18,0.7949,1,1,0,0.01,0.00,0.00,0.00,0.00,0.00,0.18,211,31
17400,-2.0,2.7,-8.9,0.061,-0.087,-0.994,4.5,-4.1,-3.7,0.0120,-0.0141,-0.0089,1568,1694,1661,1717,0.00,0.01,2.65,0.18,0.7949,1,1,0,0.01,0.00,0.00,0.00,0.00,0.00,0.18,211,31
17410,0.6,1.8,57.7,-0.068,0.096,-0.865,4.6,-4.0,-4.0,0.0100,-0.0117,-0.0556,1535,1743,1625,1736,0.00,0.01,2.65,0.18,0.7949,1,1,0,0.01,0.00,0.00,0.00,0.00,0.00,0.19,211,31
17420,0.6,-3.2,-42.8,0.013,0.002,-0.991,4.5,-4.0,-4.0,0.0099,-0.0066,0.0247,1690,1604,1755,1590,0.00,0.01,2.65,0.18,0.7949,1,1,0,0.01,0.00,0.00,0.00,0.00,0.00,0.18,211,31
17430,-1.0,0.4,-17.8,0.085,-0.053,-1.229,4.5,-4.1,-4.0,0.0105,-0.0113,-0.0037,1589,1683,1671,1696,0.00,0.01,2.65,0.18,0.7949,1,1,0,0.01,0.00,0.00,0.00,0.00,0.00,0.17,211,31
17440,-1.1,0.9,54.5,-0.024,0.080,-1.056,4.5,-4.0,-4.0,0.0118,-0.0107,-0.0531,1536,1749,1617,1737,0.00,0.01,2.65,0.18,0.7949,1,1,0,0.01,0.00,0.00,0.00,0.00,0.00,0.18,211,31
17450,1.0,-0.5,-33.8,-0.022,-0.011,-0.751,4.5,-4.0,-4.0,0.0099,-0.0086,0.0198,1696,1611,1756,1576,0.00,0.01,2.65,0.18,0.7949,1,1,0,0.01,0.00,0.00,0.00,0.00,0.00,0.20,211,31
17460,1.8,5.2,-17.4,0.049,-0.063,-0.914,4.5,-4.1,-4.0,0.0085,-0.0156,0.0018,1591,1671,1680,1697,0.00,0.01,2.65,0.18,0.7949,1,1,0,0.01,0.00,0.00,0.00,0.00,0.00,0.20,211,31
17470,0.0,1.0,55.7,0.015,0.072,-1.276,4.5,-4.1,-4.0,0.0105,-0.0119,-0.0541,1526,1753,1627,1788,0.00,0.01,2.65,0.18,0.8023,1,1,0,0.01,0.00,-0.02,0.00,0.00,0.00,0.21,211,31
17480,-1.7,-9.6,-33.5,-0.010,0.013,-1.059,4.5,-4.0,-4.0,0.0126,-0.0001,0.0195,1699,1635,1761,1599,0.00,0.01,2.65,0.18,0.8023,1,1,0,0.01,0.00,-0.03,0.00,0.00,0.00,0.19,211,31
17490,1.5,1.1,-28.0,0.005,-0.043,-0.848,4.5,-4.0,-4.0,0.0091,-0.0109,0.0128,1636,1690,1701,1667,0.00,0.01,2.65,0.18,0.8023,1,1,0,0.01,0.00,-0.03,0.00,0.00,0.00,0.17,211,31
17500,1.4,9.7,58.1,0.007,0.050,-1.015,4.5,-4.0,-4.0,0.0092,-0.0196,-0.0560,1523,1764,1619,1789,0.00,0.01,2.65,0.18,0.8023,1,1,0,0.01,0.00,-0.03,0.00,0.00,0.00,0.18,211,31
17510,-1.7,-2.8,-29.0,0.045,-0.017,-1.046,4.5,-4.1,-4.7,0.0124,-0.0071,0.0131,1675,1630,1763,1627,0.00,0.01,2.65,0.18,0.8023,1,1,0,0.01,0.00,-0.03,0.00,0.00,0.00,0.20,211,31
17520,0.1,-5.4,-29.5,0.004,-0.034,-0.908,4.5,-4.1,-4.7,0.0106,-0.0044,0.0135,1651,1670,1719,1655,0.00,0.01,2.65,0.18,0.8023,1,1,0,0.01,0.00,-0.04,0.00,0.00,0.00,0.20,211,31
17530,0.7,3.4,57.4,-0.053,0.074,-0.992,4.6,-4.0,-4.7,0.0100,-0.0133,-0.0559,1532,1775,1609,1779,0.00,0.01,2.65,0.18,0.8023,1,1,0,0.01,0.00,-0.04,0.00,0.00,0.00,0.19,212,31
17540,-2.2,-1.1,-26.9,0.059,-0.023,-1.121,4.6,-4.0,-4.7,0.0129,-0.0087,0.0114,1669,1647,1747,1632,0.00,0.01,2.65,0.18,0.8023,1,1,0,0.01,0.00,-0.03,0.00,0.00,0.00,0.18,211,31
17550,-0.4,-2.2,-32.1,0.076,-0.017,-1.100,4.6,-4.0,-4.7,0.0112,-0.0076,0.0156,1656,1657,1734,1647,0.00,0.01,2.65,0.18,0.8023,1,1,0,0.01,0.00,-0.04,0.00,0.00,0.00,0.17,211,31
17560,2.6,0.5,56.8,-0.073,0.104,-0.921,4.5,-4.0,-4.7,0.0080,-0.0104,-0.0555,1536,1775,1603,1779,0.00,0.01,2.65,0.18,0.8023,1,1,0,0.01,0.00,-0.04,0.00,0.00,0.00,0.17,211,31
17570,-0.8,1.6,-20.1,0.000,-0.043,-0.831,4.6,-4.0,-4.7,0.0112,-0.0110,0.0083,1647,1658,1732,1657,0.00,0.01,2.65,0.18,0.8023,1,1,0,0.01,0.00,-0.03,0.00,0.00,0.00,0.17,211,31
17580,-1.6,2.0,-32.4,0.089,-0.059,-1.009,4.6,-4.1,-4.7,0.0124,-0.0132,0.0135,1611,1670,1718,1695,0.00,0.01,2.65,0.18,0.8023,1,1,0,0.01,0.00,-0.04,0.00,0.00,0.00,0.18,211,31
17591,1.8,-4.1,53.5,-0.019,0.148,-1.236,4.6,-4.0,-4.7,0.0092,-0.0064,-0.0533,1521,1767,1623,1783,0.00,0.01,2.65,0.18,0.8023,1,1,0,0.01,0.00,-0.04,0.00,0.00,0.00,0.19,212,31
17601,-0.1,-7.5,-24.4,-0.014,0.013,-1.093,4.6,-3.9,-4.7,0.0107,-0.0013,0.0118,1698,1648,1737,1610,0.00,0.01,2.65,0.18,0.8023,1,1,0,0.01,0.00,-0.04,0.00,0.00,0.00,0.18,212,31
17611,-1.2,7.0,-34.1,0.064,-0.098,-0.842,4.6,-4.0,-4.7,0.0120,-0.0169,0.0171,1643,1670,1719,1662,0.00,0.01,2.65,0.18,0.8023,1,1,0,0.01,0.00,-0.04,0.00,0.00,0.00,0.17,212,31
17621,2.0,5.6,56.3,-0.013,0.082,-0.942,4.6,-4.1,-4.7,0.0097,-0.0183,-0.0569,1520,1766,1627,1782,0.00,0.01,2.65,0.18,0.8047,1,1,0,0.01,0.00,-0.04,0.00,0.00,0.00,0.17,212,31
17631,1.5,-7.4,-16.7,-0.015,0.046,-1.104,4.5,-4.0,-4.7,0.0089,-0.0030,0.0052,1674,1650,1743,1647,0.00,0.01,2.65,0.18,0.8047,1,1,0,0.01,0.00,-0.04,0.00,0.00,0.00,0.16,212,31
17641,-2.5,-2.5,-41.9,0.061,-0.095,-1.041,4.6,-4.0,-4.7,0.0133,-0.0073,0.0233,1666,1669,1725,1653,0.00,0.01,2.65,0.18,0.8047,1,1,0,0.01,0.00,-0.04,0.00,0.00,0.00,0.17,212,31
17651,0.1,7.2,52.9,0.002,0.041,-0.962,4.6,-4.0,-4.7,0.0121,-0.0164,-0.0542,1535,1781,1623,1774,0.00,0.01,2.65,0.18,0.8047,1,1,0,0.01,0.00,-0.04,0.00,0.00,0.00,0.17,212,31
17661,1.9,-2.9,-5.1,-0.012,0.075,-1.051,4.6,-4.0,-4.7,0.0092,-0.0075,-0.0020,1658,1666,1735,1654,0.00,0.01,2.65,0.18,0.8047,1,1,0,0.01,0.00,-0.04,0.00,0.00,0.00,0.18,212,31
17671,-0.1,-4.4,-47.5,0.068,-0.101,-0.987,4.6,-4.0,-4.7,0.0104,-0.0053,0.0268,1675,1652,1734,1652,0.00,0.01,2.65,0.18,0.8047,1,1,0,0.01,0.00,-0.04,0.00,0.00,0.00,0.20,212,31
17681,-1.5,5.9,51.3,-0.019,-0.012,-0.843,4.6,-4.0,-4.7,0.0124,-0.0152,-0.0530,1530,1775,1625,1783,0.00,0.01,2.66,0.18,0.8047,1,1,0,0.01,0.00,-0.04,0.00,0.00,0.00,0.18,212,31
17691,0.0,-1.6,3.6,-0.028,0.086,-1.024,4.6,-4.0,-4.7,0.0108,-0.0082,-0.0131,1639,1678,1731,1665,0.00,0.01,2.65,0.18,0.8047,1,1,0,0.01,0.00,-0.04,0.00,0.00,0.00,0.17,212,31
17701,1.2,-8.3,-54.0,0.080,-0.015,-1.267,4.5,-4.0,-4.7,0.0089,-0.0025,0.0287,1688,1645,1746,1634,0.00,0.01,2.65,0.18,0.8120,1,1,0,0.01,0.00,-0.04,0.00,0.00,0.00,0.18,212,31
17711,-1.3,3.5,43.2,0.005,-0.004,-1.014,4.6,-3.9,-4.7,0.0117,-0.0105,-0.0466,1565,1789,1635,1780,0.00,0.01,2.66,0.18,0.8120,1,1,0,0.01,0.00,-0.04,0.00,0.00,0.00,0.20,212,31
17722,-0.6,3.6,13.3,-0.034,0.009,-0.673,4.6,-3.9,-4.7,0.0115,-0.0135,-0.0209,1639,1709,1728,1692,0.00,0.01,2.65,0.18,0.8120,1,1,0,0.01,0.00,-0.03,0.00,0.00,0.00,0.20,212,31
17732,1.9,-2.1,-49.9,0.054,-0.010,-1.032,4.5,-4.0,-4.7,0.0088,-0.0078,0.0296,1686,1644,1773,1665,0.00,0.01,2.65,0.18,0.8120,1,1,0,0.01,0.00,-0.01,0.01,0.00,0.00,0.20,212,31
17742,-1.0,-2.9,35.0,0.014,0.025,-1.321,4.5,-4.0,-4.7,0.0105,-0.0071,-0.0429,1565,1782,1634,1787,0.00,0.01,2.65,0.18,0.8120,1,1,0,0.01,0.00,0.00,0.00,0.00,0.00,0.19,212,31
17752,-1.7,-1.6,16.0,-0.029,0.025,-0.849,4.6,-3.9,-4.7,0.0126,-0.0082,-0.0231,1646,1730,1713,1680,0.00,0.01,2.65,0.18,0.8120,1,1,0,0.01,0.00,0.00,0.00,0.00,0.00,0.17,212,31
17762,3.2,1.3,-50.3,0.057,-0.022,-0.891,4.5,-4.0,-4.7,0.0081,-0.0122,0.0277,1697,1643,1779,1650,0.00,0.01,2.65,0.18,0.8120,1,1,0,0.01,0.00,0.01,0.00,0.00,0.00,0.18,212,31
17772,0.1,0.6,30.0,0.018,-0.001,-1.162,4.5,-4.0,-4.7,0.0094,-0.0114,-0.0380,1568,1765,1646,1789,0.00,0.01,2.65,0.18,0.8120,1,1,0,0.01,0.00,0.01,0.00,0.00,0.00,0.19,211,31
17782,-2.6,-2.4,22.4,-0.040,0.030,-0.935,4.5,-3.9,-5.0,0.0134,-0.0074,-0.0284,1630,1735,1702,1701,0.00,0.01,2.65,0.18,0.8120,1,1,0,0.01,0.00,0.01,0.00,0.00,0.00,0.19,211,31
17792,1.5,-0.6,-51.0,0.052,0.000,-0.968,4.5,-4.0,-5.0,0.0102,-0.0091,0.0286,1703,1650,1779,1636,0.00,0.01,2.65,0.18,0.8120,1,1,0,0.01,0.00,0.01,0.00,0.00,0.00,0.18,211,31
17802,1.2,1.1,21.8,0.057,0.021,-1.282,4.5,-4.0,-5.0,0.0095,-0.0110,-0.0280,1577,1761,1659,1781,0.00,0.01,2.65,0.18,0.8133,1,1,0,0.01,0.00,0.01,0.00,0.00,0.00,0.17,211,31
17812,-2.6,-0.9,27.6,-0.047,0.012,-0.878,4.5,-3.9,-5.0,0.0134,-0.0088,-0.0327,1626,1743,1697,1712,0.00,0.01,2.65,0.18,0.8133,1,1,0,0.01,0.00,0.01,0.00,0.00,0.00,0.17,211,31
17822,1.2,0.5,-48.1,0.018,-0.033,-0.701,4.5,-4.0,-5.0,0.0100,-0.0103,0.0279,1710,1645,1784,1638,0.00,0.01,2.65,0.18,0.8133,1,1,0,0.01,0.00,0.01,0.00,0.00,0.00,0.17,211,31
17833,0.3,0.6,17.0,0.059,0.020,-1.294,4.5,-4.0,-5.0,0.0104,-0.0106,-0.0242,1573,1757,1666,1782,0.00,0.01,2.65,0.18,0.8133,1,1,0,0.01,0.00,0.01,0.00,0.00,0.00,0.18,211,31
17843,-1.9,-4.8,30.2,-0.007,0.074,-1.214,4.5,-3.9,-5.0,0.0128,-0.0050,-0.0348,1617,1753,1685,1722,0.00,0.01,2.65,0.18,0.8133,1,1,0,0.01,0.00,0.02,0.00,0.00,0.00,0.21,211,31
17853,1.0,0.8,-49.2,0.022,-0.040,-0.686,4.5,-3.9,-5.0,0.0105,-0.0077,0.0311,1723,1644,1787,1623,0.00,0.01,2.65,0.18,0.8133,1,1,0,0.01,0.00,0.01,0.00,0.00,0.00,0.24,211,31
17863,0.5,5.6,14.3,0.034,-0.035,-1.023,4.5,-4.0,-5.0,0.0102,-0.0157,-0.0221,1577,1747,1679,1783,0.00,0.01,2.66,0.18,0.8145,1,1,0,0.01,0.00,0.00,0.00,0.00,0.00,0.20,211,31
17873,-0.9,-4.6,38.0,-0.026,0.088,-1.215,4.6,-3.9,-5.0,0.0120,-0.0064,-0.0369,1595,1768,1670,1753,0.00,0.01,2.65,0.18,0.8145,1,1,0,0.01,0.00,0.00,0.00,0.00,0.00,0.16,211,31
17883,0.2,-3.4,-49.3,0.022,-0.027,-0.866,4.5,-3.9,-5.0,0.0110,-0.0049,0.0308,1732,1651,1787,1617,0.00,0.01,2.65,0.18,0.8145,1,1,0,0.01,0.00,0.00,0.00,0.00,0.00,0.17,211,31
17893,1.5,7.5,6.7,0.042,-0.027,-1.026,4.5,-4.0,-5.0,0.0092,-0.0176,-0.0161,1593,1738,1689,1766,0.00,0.01,2.66,0.18,0.8145,1,1,0,0.01,0.00,0.00,0.00,0.00,0.00,0.17,210,31
17903,0.5,-0.8,43.6,-0.030,0.074,-1.075,4.5,-3.9,-5.0,0.0103,-0.0101,-0.0412,1585,1767,1665,1769,0.00,0.01,2.65,0.18,0.8145,1,1,0,0.01,0.00,0.00,0.00,0.00,0.00,0.18,210,31
17913,-0.3,-3.7,-45.5,-0.010,-0.036,-0.805,4.5,-3.9,-5.0,0.0111,-0.0061,0.0257,1724,1648,1786,1628,0.00,0.01,2.65,0.18,0.8145,1,1,0,0.01,0.00,0.00,0.00,0.00,0.00,0.19,210,31
17923,-0.6,4.7,-3.3,0.063,-0.035,-1.128,4.5,-4.0,-5.0,0.0114,-0.0151,-0.0154,1602,1737,1697,1750,0.00,0.01,2.66,0.18,0.8145,1,1,0,0.01,0.00,0.00,0.00,0.00,0.00,0.18,211,31
17933,0.5,-0.3,45.4,0.000,0.104,-1.199,4.5,-3.9,-5.0,0.0107,-0.0097,-0.0459,1576,1777,1662,1771,0.00,0.01,2.65,0.18,0.8145,1,1,0,0.01,0.00,0.00,0.00,0.00,0.00,0.17,211,31
17944,0.9,-2.5,-40.2,0.001,-0.023,-0.801,4.5,-3.9,-5.0,0.0097,-0.0069,0.0231,1742,1664,1800,1645,0.00,0.01,2.65,0.18,0.8230,1,1,0,0.01,0.00,0.00,0.00,0.00,0.00,0.18,211,31
17954,-1.1,4.6,-7.7,0.040,-0.086,-0.946,4.5,-4.0,-5.0,0.0117,-0.0150,-0.0067,1635,1733,1732,1751,0.00,0.01,2.66,0.18,0.8230,1,1,0,0.01,0.00,0.00,0.00,0.00,0.00,0.20,211,31
17964,1.2,0.3,52.6,-0.019,0.106,-1.169,4.5,-3.9,-5.0,0.0096,-0.0103,-0.0528,1574,1799,1670,1808,0.00,0.01,2.65,0.18,0.8230,1,1,0,0.01,0.00,0.00,0.00,0.00,0.00,0.19,212,31
17974,0.1,-5.3,-38.7,0.019,0.009,-0.996,4.5,-3.9,-5.0,0.0105,-0.0036,0.0248,1740,1671,1795,1645,0.00,0.01,2.65,0.18,0.8230,1,1,0,0.01,0.00,0.00,0.00,0.00,0.00,0.18,212,31
17984,-0.6,4.1,-17.9,0.056,-0.082,-0.956,4.5,-4.0,-5.0,0.0113,-0.0140,0.0017,1657,1721,1745,1728,0.00,0.01,2.65,0.18,0.8230,1,1,0,0.01,0.00,0.00,0.00,0.00,0.00,0.18,212,31
17994,0.1,3.1,56.7,-0.043,0.072,-0.923,4.5,-4.0,-5.0,0.0107,-0.0131,-0.0561,1565,1804,1668,1814,0.00,0.01,2.66,0.18,0.8230,1,1,0,0.01,0.00,0.00,0.00,0.00,0.00,0.18,212,31
18004,-0.5,-4.5,-31.1,0.007,0.011,-1.067,4.5,-3.9,-5.6,0.0111,-0.0056,0.0150,1718,1681,1783,1670,0.00,0.01,2.65,0.18,0.8230,1,1,0,0.01,0.00,0.00,0.00,0.00,0.00,0.17,212,31
18014,-2.0,-0.2,-27.8,0.075,-0.056,-1.187,4.5,-4.0,-5.6,0.0130,-0.0097,0.0050,1671,1717,1756,1706,0.00,0.01,2.65,0.18,0.8230,1,1,0,0.01,0.00,0.00,0.00,0.00,0.00,0.16,212,31
18024,2.4,4.4,55.9,-0.043,0.085,-0.837,4.5,-3.9,-5.6,0.0084,-0.0145,-0.0560,1570,1807,1662,1813,0.00,0.01,2.66,0.18,0.8230,1,1,0,0.01,0.00,0.00,0.00,0.00,0.00,0.17,212,31
18034,-0.3,-1.0,-23.0,0.002,-0.010,-0.918,4.5,-3.9,-5.6,0.0095,-0.0094,0.0120,1707,1683,1776,1685,0.00,0.01,2.65,0.18,0.8230,1,1,0,0.01,0.00,0.00,0.00,0.00,0.00,0.18,212,31
18044,-3.6,-3.5,-34.7,0.063,-0.059,-1.137,4.5,-4.0,-5.6,0.0145,-0.0065,0.0164,1677,1713,1766,1696,0.00,0.01,2.65,0.18,0.8230,1,1,0,0.01,0.00,0.00,0.00,0.00,0.00,0.18,212,31
18055,3.3,3.4,53.6,-0.028,0.092,-0.973,4.5,-3.9,-5.6,0.0092,-0.0126,-0.0545,1568,1812,1654,1818,0.00,0.01,2.66,0.18,0.8230,1,1,0,0.01,0.00,0.00,0.00,0.00,0.00,0.18,212,31
18065,-1.4,-1.6,-14.1,0.025,0.003,-1.024,4.5,-3.9,-5.6,0.0114,-0.0083,0.0037,1699,1697,1767,1688,0.00,0.01,2.65,0.18,0.8230,1,1,0,0.01,0.00,0.00,0.00,0.00,0.00,0.17,212,31
18075,-2.4,-3.6,-38.4,0.049,-0.086,-0.979,4.5,-4.0,-5.6,0.0134,-0.0064,0.0193,1691,1700,1774,1686,0.00,0.01,2.65,0.18,0.8230,1,1,0,0.01,0.00,0.00,0.00,0.00,0.00,0.16,212,31
18085,3.0,3.9,53.6,-0.035,0.071,-0.907,4.5,-3.9,-5.6,0.0081,-0.0137,-0.0550,1565,1813,1649,1824,0.00,0.01,2.66,0.18,0.8230,1,1,0,0.01,0.00,0.00,0.00,0.00,0.00,0.18,212,31
18095,-0.7,-2.5,-9.6,0.046,0.030,-1.241,4.5,-3.9,-5.6,0.0116,-0.0074,-0.0036,1687,1703,1760,1701,0.00,0.01,2.65,0.18,0.8230,1,1,0,0.01,0.00,0.00,0.00,0.00,0.00,0.20,212,31
18105,-0.2,-4.6,-46.6,0.036,-0.049,-0.976,4.5,-3.9,-6.2,0.0122,-0.0052,0.0229,1719,1689,1789,1663,0.00,0.01,2.65,0.18,0.8242,1,1,0,0.01,0.00,0.00,0.00,0.00,0.00,0.22,212,31
18115,3.3,6.8,51.2,-0.040,0.021,-0.614,4.5,-3.9,-6.2,0.0075,-0.0168,-0.0528,1572,1811,1650,1828,0.00,0.01,2.66,0.18,0.8242,1,1,0,0.01,0.00,-0.01,0.00,0.00,0.00,0.24,212,31
18125,-3.6,-2.0,1.5,0.038,0.029,-1.285,4.5,-3.9,-6.2,0.0137,-0.0110,-0.0085,1662,1717,1759,1722,0.00,0.01,2.65,0.18,0.8242,1,1,0,0.01,0.00,0.00,0.00,0.00,0.00,0.20,212,31
18135,-0.5,-7.9,-51.9,0.042,-0.014,-1.095,4.6,-3.9,-6.2,0.0115,-0.0020,0.0295,1726,1692,1794,1648,0.00,0.01,2.65,0.18,0.8242,1,1,0,0.01,0.00,0.00,0.00,0.00,0.00,0.15,212,31
18146,3.6,8.1,44.8,-0.003,-0.010,-0.765,4.5,-3.9,-6.2,0.0065,-0.0157,-0.0509,1582,1807,1650,1822,0.00,0.01,2.66,0.18,0.8242,1,1,0,0.01,0.00,0.00,0.00,0.00,0.00,0.16,212,31
18156,-3.3,-1.9,12.4,0.013,0.025,-1.146,4.5,-3.9,-6.2,0.0139,-0.0099,-0.0184,1647,1735,1741,1737,0.00,0.01,2.65,0.18,0.8242,1,1,0,0.01,0.00,0.00,0.00,0.00,0.00,0.17,212,31
18166,-0.3,-7.8,-52.1,0.024,-0.008,-1.014,4.5,-3.9,-6.2,0.0113,-0.0021,0.0297,1730,1685,1794,1652,0.00,0.01,2.65,0.18,0.8242,1,1,0,0.01,0.00,0.00,0.00,0.00,0.00,0.18,212,31
18176,1.8,8.7,35.6,0.017,0.000,-0.959,4.5,-3.9,-6.2,0.0083,-0.0160,-0.0452,1585,1803,1658,1815,0.00,0.01,2.66,0.18,0.8242,1,1,0,0.01,0.00,0.00,0.00,0.00,0.00,0.19,212,31
18186,-1.3,-2.7,18.1,0.008,0.056,-1.163,4.5,-3.9,-6.2,0.0124,-0.0072,-0.0265,1642,1747,1731,1740,0.00,0.01,2.65,0.18,0.8242,1,1,0,0.01,0.00,0.01,0.00,0.00,0.00,0.18,212,31
18196,0.8,-5.3,-50.6,-0.007,-0.038,-0.785,4.5,-3.9,-6.2,0.0103,-0.0032,0.0285,1738,1678,1794,1650,0.00,0.01,2.65,0.18,0.8242,1,1,0,0.01,0.00,0.01,0.00,0.00,0.00,0.17,212,31
18206,-1.1,8.6,30.2,0.031,-0.031,-0.955,4.6,-3.9,-6.2,0.0118,-0.0184,-0.0383,1581,1790,1678,1811,0.00,0.01,2.66,0.18,0.8242,1,1,0,0.01,0.00,0.01,0.00,0.00,0.00,0.18,212,31
18216,-0.4,-4.1,23.9,0.019,0.105,-1.353,4.6,-3.9,-6.2,0.0115,-0.0058,-0.0311,1628,1762,1721,1749,0.00,0.01,2.65,0.18,0.8242,1,1,0,0.01,0.00,0.01,0.00,0.00,0.00,0.19,212,31
18226,1.2,-5.0,-51.1,0.007,-0.035,-0.838,4.6,-3.8,-6.2,0.0095,-0.0024,0.0303,1751,1673,1794,1642,0.00,0.01,2.65,0.18,0.8242,1,1,0,0.01,0.00,0.01,0.00,0.00,0.00,0.20,211,31
18236,-1.2,9.2,21.1,0.040,-0.073,-0.855,4.5,-3.9,-6.2,0.0118,-0.0194,-0.0329,1590,1775,1692,1803,0.00,0.01,2.66,0.18,0.8242,1,1,0,0.01,0.00,0.00,0.00,0.00,0.00,0.21,211,31
18246,0.7,-2.6,31.2,-0.021,0.114,-1.212,4.6,-3.9,-6.2,0.0103,-0.0073,-0.0370,1612,1779,1700,1773,0.00,0.01,2.65,0.18,0.8248,1,1,0,0.01,0.00,0.00,0.00,0.00,0.00,0.19,211,31
18257,0.5,-5.9,-51.8,0.033,-0.013,-0.976,4.5,-3.8,-6.2,0.0102,-0.0031,0.0299,1753,1676,1794,1642,0.00,0.01,2.65,0.18,0.8248,1,1,0,0.01,0.00,0.00,0.00,0.00,0.00,0.17,211,31
18267,-1.1,8.4,12.7,0.044,-0.055,-0.912,4.6,-3.9,-6.2,0.0122,-0.0185,-0.0223,1605,1770,1710,1789,0.00,0.01,2.66,0.18,0.8261,1,1,0,0.01,0.00,0.00,0.00,0.00,0.00,0.16,211,31
18277,2.4,-1.6,40.4,-0.056,0.111,-1.021,4.6,-3.9,-6.2,0.0097,-0.0098,-0.0402,1608,1788,1690,1789,0.00,0.01,2.65,0.18,0.8261,1,1,0,0.01,0.00,0.00,0.00,0.00,0.00,0.17,211,31
18287,-1.1,-5.6,-47.2,0.045,-0.055,-1.033,4.5,-3.9,-6.2,0.0116,-0.0039,0.0267,1746,1679,1794,1655,0.00,0.01,2.65,0.18,0.8261,1,1,0,0.01,0.00,0.00,0.00,0.00,0.00,0.18,211,31
18297,-1.6,5.0,3.4,0.051,-0.028,-1.073,4.6,-3.9,-6.2,0.0127,-0.0152,-0.0148,1621,1760,1730,1764,0.00,0.01,2.66,0.18,0.8261,1,1,0,0.01,0.00,0.00,0.00,0.00,0.00,0.20,211,31
18307,4.2,-0.2,44.3,-0.056,0.106,-0.948,4.5,-3.9,-6.2,0.0070,-0.0097,-0.0463,1621,1808,1694,1811,0.00,0.01,2.65,0.18,0.8340,1,1,0,0.01,0.00,0.00,0.00,0.00,0.00,0.21,211,31
18317,-2.5,-1.8,-41.9,0.044,-0.086,-0.939,4.5,-3.9,-6.2,0.0136,-0.0081,0.0214,1746,1692,1815,1681,0.00,0.01,2.65,0.18,0.8340,1,1,0,0.01,0.00,0.00,0.00,0.00,0.00,0.19,211,31
18327,-1.7,1.9,-3.3,0.035,-0.019,-1.044,4.6,-3.9,-6.2,0.0128,-0.0121,-0.0095,1647,1769,1754,1765,0.00,0.01,2.66,0.18,0.8340,1,1,0,0.01,0.00,0.00,0.00,0.00,0.00,0.16,211,31
18337,3.4,0.1,45.0,-0.033,0.120,-1.096,4.5,-3.9,-6.2,0.0076,-0.0099,-0.0476,1616,1815,1685,1819,0.00,0.01,2.65,0.18,0.8340,1,1,0,0.01,0.00,0.00,0.00,0.00,0.00,0.17,211,31
18347,-3.3,-2.1,-38.1,0.052,-0.063,-0.980,4.5,-3.9,-6.5,0.0144,-0.0079,0.0180,1739,1698,1816,1680,0.00,0.01,2.65,0.18,0.8340,1,1,0,0.01,0.00,0.00,0.00,0.00,0.00,0.18,211,31
18357,0.3,0.6,-11.1,-0.004,-0.017,-0.848,4.6,-3.9,-6.5,0.0124,-0.0115,-0.0087,1663,1759,1759,1754,0.00,0.01,2.66,0.18,0.8340,1,1,0,0.01,0.00,0.00,0.00,0.00,0.00,0.19,211,31
18368,2.0,2.5,47.5,-0.005,0.083,-1.136,4.6,-3.9,-6.5,0.0087,-0.0126,-0.0505,1601,1818,1680,1835,0.00,0.01,2.66,0.18,0.8340,1,1,0,0.01,0.00,0.00,0.00,0.00,0.00,0.20,211,31
18378,-2.3,-5.1,-34.3,0.043,-0.020,-1.109,4.6,-3.9,-6.5,0.0135,-0.0049,0.0150,1736,1710,1810,1678,0.00,0.01,2.65,0.18,0.8340,1,1,0,0.01,0.00,0.00,0.00,0.00,0.00,0.19,211,31
18388,4.0,1.5,-16.3,-0.002,-0.030,-0.732,4.6,-3.9,-6.5,0.0077,-0.0109,-0.0036,1686,1744,1759,1750,0.00,0.01,2.66,0.18,0.8346,1,1,0,0.01,0.00,0.00,0.00,0.00,0.00,0.17,211,31
18398,-1.3,4.3,49.7,0.016,0.031,-1.098,4.6,-3.9,-6.5,0.0119,-0.0148,-0.0525,1586,1825,1684,1843,0.00,0.01,2.66,0.18,0.8346,1,1,0,0.01,0.00,0.00,0.00,0.00,0.00,0.19,211,31
18408,-2.3,-7.5,-28.9,0.010,0.040,-1.154,4.6,-3.9,-6.5,0.0135,-0.0025,0.0106,1728,1726,1804,1681,0.00,0.01,2.65,0.18,0.8346,1,1,0,0.01,0.00,0.00,0.00,0.00,0.00,0.21,210,31
18418,3.5,2.6,-23.0,0.024,-0.051,-0.797,4.6,-3.9,-6.5,0.0072,-0.0123,0.0045,1699,1731,1766,1742,0.00,0.01,2.66,0.18,0.8346,1,1,0,0.01,0.00,0.00,0.00,0.00,0.00,0.21,211,31
18428,-3.1,2.5,47.9,0.029,0.009,-1.093,4.6,-3.9,-6.5,0.0144,-0.0127,-0.0508,1584,1827,1690,1837,0.00,0.01,2.66,0.19,0.8346,1,1,0,0.01,0.00,0.00,0.00,0.00,0.00,0.20,211,31
18438,1.4,-6.0,-18.0,-0.044,0.065,-1.015,4.6,-3.9,-6.5,0.0115,-0.0031,0.0074,1724,1732,1786,1697,0.00,0.01,2.65,0.19,0.8346,1,1,0,0.01,0.00,0.00,0.00,0.00,0.00,0.18,211,31
18448,-0.3,2.8,-31.7,0.092,-0.080,-0.991,4.6,-3.9,-6.5,0.0106,-0.0128,0.0097,1705,1718,1788,1727,0.00,0.01,2.65,0.19,0.8346,1,1,0,0.01,0.00,0.00,0.00,0.00,0.00,0.17,212,31
18458,-0.2,0.3,44.7,0.005,0.069,-1.078,4.6,-3.9,-6.5,0.0114,-0.0105,-0.0483,1591,1825,1691,1831,0.00,0.01,2.66,0.18,0.8346,1,1,0,0.01,0.00,0.00,0.00,0.00,0.00,0.17,212,31
18468,1.1,-2.3,-9.2,-0.053,0.018,-0.878,4.6,-3.8,-6.5,0.0097,-0.0048,0.0011,1737,1754,1787,1730,0.00,0.01,2.65,0.18,0.8438,1,1,0,0.01,0.00,0.00,0.00,0.00,0.00,0.17,212,31
18479,-3.9,0.9,-35.9,0.103,-0.071,-1.092,4.7,-3.9,-6.5,0.0151,-0.0120,0.0127,1718,1738,1821,1730,0.00,0.01,2.65,0.18,0.8438,1,1,0,0.01,0.00,0.00,0.00,0.00,0.00,0.18,212,31
18489,3.1,-3.0,40.9,-0.019,0.116,-1.119,4.7,-3.9,-6.5,0.0081,-0.0070,-0.0454,1624,1844,1699,1840,0.00,0.01,2.66,0.18,0.8438,1,1,0,0.01,0.00,0.00,0.00,0.00,0.00,0.19,212,31
18499,-0.1,2.2,-1.1,-0.023,-0.044,-0.833,4.6,-3.8,-6.5,0.0092,-0.0089,-0.0045,1709,1761,1778,1760,0.00,0.01,2.65,0.18,0.8438,1,1,0,0.01,0.00,0.00,0.00,0.00,0.00,0.18,213,31
18509,-2.7,-1.0,-39.1,0.067,-0.024,-1.062,4.7,-3.9,-6.5,0.0140,-0.0091,0.0186,1723,1734,1829,1722,0.00,0.01,2.65,0.18,0.8438,1,1,0,0.01,0.00,0.00,0.00,0.00,0.00,0.17,212,31
18519,4.2,-2.3,35.4,-0.016,0.097,-1.135,4.6,-3.9,-6.5,0.0070,-0.0067,-0.0442,1642,1836,1694,1835,0.00,0.01,2.66,0.18,0.8438,1,1,0,0.01,0.00,0.00,0.00,0.00,0.00,0.16,212,31
18529,-2.8,2.9,5.5,0.013,-0.050,-0.881,4.7,-3.8,-6.5,0.0139,-0.0126,-0.0147,1686,1774,1780,1767,0.00,0.01,2.65,0.18,0.8438,1,1,0,0.01,0.00,0.00,0.00,0.00,0.00,0.17,212,31
18539,0.8,-3.8,-40.5,0.020,0.017,-0.947,4.6,-3.9,-6.5,0.0104,-0.0063,0.0197,1742,1727,1820,1719,0.00,0.01,2.65,0.18,0.8438,1,1,0,0.01,0.00,0.00,0.00,0.00,0.00,0.18,212,31
18549,-0.3,1.6,29.3,0.027,0.007,-1.174,4.7,-3.8,-6.5,0.0107,-0.0096,-0.0401,1638,1830,1715,1826,0.00,0.01,2.66,0.18,0.8438,1,1,0,0.01,0.00,0.00,0.00,0.00,0.00,0.21,212,31
18559,-0.1,1.9,12.2,-0.001,0.037,-0.934,4.7,-3.9,-6.5,0.0121,-0.0123,-0.0204,1673,1784,1770,1781,0.00,0.01,2.65,0.18,0.8438,1,1,0,0.01,0.00,0.00,0.00,0.00,0.00,0.23,212,31
18569,1.0,-4.3,-42.3,0.023,-0.029,-0.949,4.7,-3.9,-6.5,0.0102,-0.0058,0.0211,1757,1720,1816,1714,0.00,0.01,2.65,0.18,0.8438,1,1,0,0.01,0.00,0.00,0.00,0.00,0.00,0.19,212,31
18579,-2.8,3.1,25.8,0.026,-0.008,-1.084,4.7,-3.9,-6.5,0.0145,-0.0128,-0.0348,1631,1828,1731,1818,0.00,0.01,2.66,0.18,0.8438,1,1,0,0.01,0.00,0.00,0.00,0.00,0.00,0.16,212,31
18589,3.9,-0.1,17.7,-0.028,0.091,-0.971,4.7,-3.9,-7.1,0.0078,-0.0102,-0.0257,1674,1792,1748,1798,0.00,0.01,2.65,0.18,0.8444,1,1,0,0.01,0.00,0.00,0.00,0.00,0.00,0.17,212,31
18600,-3.7,-2.8,-44.1,0.058,-0.096,-1.036,4.7,-3.9,-7.1,0.0127,-0.0070,0.0217,1757,1723,1832,1701,0.00,0.01,2.65,0.18,0.8444,1,1,0,0.01,0.00,0.00,0.00,0.00,0.00,0.18,212,31
18610,1.3,3.6,21.1,-0.014,0.029,-0.871,4.7,-3.9,-7.1,0.0100,-0.0138,-0.0302,1637,1821,1734,1821,0.00,0.01,2.66,0.18,0.8444,1,1,0,0.01,0.00,0.00,0.00,0.00,0.00,0.20,212,31
18620,1.6,0.2,24.3,0.007,0.064,-1.188,4.7,-3.9,-7.1,0.0097,-0.0104,-0.0327,1663,1801,1737,1811,0.00,0.01,2.65,0.18,0.8444,1,1,0,0.01,0.00,0.00,0.01,0.00,0.00,0.23,212,31
18630,-3.3,-3.7,-44.0,0.046,-0.058,-0.971,4.7,-3.9,-7.1,0.0156,-0.0061,0.0234,1759,1729,1841,1693,0.00,0.01,2.65,0.18,0.8456,1,1,0,0.01,0.00,0.00,0.00,0.00,0.00,0.19,212,31
18640,3.5,4.7,15.5,-0.020,0.006,-0.720,4.7,-3.9,-7.1,0.0078,-0.0149,-0.0257,1653,1803,1737,1829,0.00,0.01,2.66,0.19,0.8456,1,1,0,0.01,0.00,0.00,0.00,0.00,0.00,0.16,212,31
18650,-3.6,-0.4,28.8,0.039,0.053,-1.365,4.7,-3.9,-7.1,0.0144,-0.0108,-0.0340,1647,1820,1741,1813,0.00,0.01,2.66,0.18,0.8456,1,1,0,0.01,0.00,0.00,0.00,0.00,0.00,0.17,212,31
18660,3.5,-2.6,-40.6,0.001,0.017,-0.793,4.7,-3.9,-7.1,0.0092,-0.0066,0.0214,1767,1721,1831,1702,0.00,0.01,2.65,0.18,0.8456,1,1,0,0.01,0.00,0.00,0.00,0.00,0.00,0.17,211,31
18670,0.0,4.5,7.3,0.034,-0.078,-0.952,4.7,-3.9,-7.1,0.0113,-0.0147,-0.0192,1674,1804,1766,1837,0.00,0.01,2.66,0.18,0.8535,1,1,0,0.01,0.00,0.00,0.00,0.00,0.00,0.18,211,31
18680,-1.9,-3.0,34.0,-0.031,0.100,-1.153,4.8,-3.9,-7.1,0.0154,-0.0071,-0.0381,1656,1858,1741,1827,0.00,0.01,2.66,0.18,0.8535,1,1,0,0.01,0.00,0.00,0.00,0.00,0.00,0.19,211,31
18690,3.5,0.6,-36.8,0.028,-0.011,-0.887,4.7,-3.9,-7.1,0.0075,-0.0105,0.0171,1774,1730,1839,1739,0.00,0.01,2.65,0.18,0.8535,1,1,0,0.01,0.00,0.00,0.00,0.00,0.00,0.18,211,31
18701,-2.3,-1.2,-4.5,0.029,-0.036,-1.066,4.7,-3.9,-7.1,0.0137,-0.0098,-0.0116,1685,1804,1784,1808,0.00,0.01,2.66,0.18,0.8535,1,1,0,0.01,0.00,0.00,0.00,0.00,0.00,0.17,212,31
18711,1.8,0.5,39.5,-0.052,0.096,-0.935,4.8,-3.8,-7.1,0.0105,-0.0082,-0.0426,1654,1855,1725,1847,0.00,0.01,2.66,0.18,0.8535,1,1,0,0.01,0.00,0.00,0.00,0.00,0.00,0.17,212,31
18721,-1.7,-1.4,-30.9,0.083,-0.047,-1.151,4.7,-3.9,-7.1,0.0132,-0.0087,0.0113,1755,1745,1843,1739,0.00,0.01,2.65,0.18,0.8535,1,1,0,0.01,0.00,0.00,0.00,0.00,0.00,0.17,212,31
18731,1.3,-2.0,-11.0,-0.012,0.002,-0.862,4.7,-3.9,-7.1,0.0101,-0.0081,-0.0046,1711,1796,1788,1787,0.00,0.01,2.66,0.18,0.8535,1,1,0,0.01,0.00,0.00,0.00,0.00,0.00,0.18,212,31
18741,-2.2,5.0,41.7,0.016,0.003,-1.045,4.7,-3.8,-7.1,0.0131,-0.0150,-0.0465,1635,1852,1734,1861,0.00,0.01,2.66,0.18,0.8535,1,1,0,0.01,0.00,0.00,0.00,0.00,0.00,0.19,212,31
18751,0.8,-5.7,-27.0,0.030,0.056,-1.104,4.7,-3.9,-7.1,0.0106,-0.0043,0.0081,1757,1760,1830,1735,0.00,0.01,2.65,0.18,0.8535,1,1,0,0.01,0.00,0.00,0.00,0.00,0.00,0.18,212,31
18761,0.2,1.3,-18.5,0.033,-0.074,-0.876,4.7,-3.9,-7.1,0.0092,-0.0109,-0.0025,1728,1772,1804,1778,0.00,0.01,2.66,0.18,0.8535,1,1,0,0.01,0.00,0.00,0.00,0.00,0.00,0.17,212,31
18771,-0.4,1.7,42.0,-0.013,0.049,-1.043,4.7,-3.9,-7.1,0.0129,-0.0126,-0.0472,1631,1860,1733,1858,0.00,0.01,2.66,0.18,0.8535,1,1,0,0.01,0.00,0.00,0.00,0.00,0.00,0.16,212,31
18781,1.6,-4.0,-20.7,0.010,0.040,-1.032,4.7,-3.8,-7.1,0.0098,-0.0061,0.0031,1756,1764,1813,1748,0.00,0.01,2.65,0.18,0.8535,1,1,0,0.01,0.00,0.00,0.00,0.00,0.00,0.17,212,31
18791,-1.7,0.0,-23.2,0.056,-0.070,-0.996,4.7,-3.9,-7.1,0.0133,-0.0105,0.0019,1729,1772,1819,1761,0.00,0.01,2.66,0.18,0.8535,1,1,0,0.01,0.00,0.00,0.00,0.00,0.00,0.18,212,31
18801,3.6,1.8,41.9,-0.038,0.070,-0.851,4.7,-3.9,-7.1,0.0077,-0.0121,-0.0474,1642,1852,1718,1869,0.00,0.01,2.66,0.18,0.8535,1,1,0,0.01,0.00,0.00,0.00,0.00,0.00,0.20,212,31
18811,-4.2,-2.4,-15.4,0.046,-0.002,-1.238,4.7,-3.8,-7.1,0.0157,-0.0077,-0.0012,1736,1777,1819,1750,0.00,0.01,2.65,0.18,0.8535,1,1,0,0.01,0.00,0.00,0.00,0.00,0.00,0.22,212,31
18822,3.9,0.1,-26.3,0.019,-0.009,-0.762,4.7,-3.9,-7.1,0.0085,-0.0098,0.0047,1746,1760,1815,1765,0.00,0.01,2.66,0.18,0.8541,1,1,0,0.01,0.00,0.00,0.00,0.00,0.00,0.19,212,31
18832,-2.2,1.1,38.8,0.016,-0.006,-1.071,4.7,-3.9,-7.1,0.0129,-0.0118,-0.0454,1639,1856,1728,1862,0.00,0.01,2.66,0.18,0.8541,1,1,0,0.01,0.00,0.00,0.00,0.00,0.00,0.16,212,31
18842,-0.2,-1.8,-7.4,-0.009,0.058,-1.053,4.7,-3.8,-7.1,0.0117,-0.0083,-0.0076,1728,1791,1811,1756,0.00,0.01,2.65,0.18,0.8541,1,1,0,0.01,0.00,0.00,0.00,0.00,0.00,0.16,211,31
18852,1.2,1.4,-31.8,0.059,-0.067,-0.899,4.7,-3.9,-7.1,0.0082,-0.0126,0.0086,1749,1747,1827,1763,0.00,0.01,2.66,0.18,0.8541,1,1,0,0.01,0.00,0.00,0.00,0.00,0.00,0.17,211,31
18862,-2.6,-2.3,33.7,-0.022,0.032,-1.140,4.8,-3.8,-7.1,0.0142,-0.0078,-0.0406,1646,1866,1735,1839,0.00,0.01,2.66,0.18,0.8541,1,1,0,0.01,0.00,0.00,0.00,0.00,0.00,0.19,211,31
18872,2.8,2.7,1.6,-0.014,0.049,-0.791,4.7,-3.8,-7.1,0.0086,-0.0129,-0.0149,1710,1787,1788,1800,0.00,0.01,2.65,0.18,0.8541,1,1,0,0.01,0.00,0.00,0.00,0.00,0.00,0.21,211,31
18882,-3.7,-3.0,-38.4,0.083,-0.056,-1.282,4.7,-3.9,-7.1,0.0151,-0.0081,0.0162,1754,1756,1847,1739,0.00,0.01,2.66,0.18,0.8553,1,1,0,0.01,0.00,0.00,0.00,0.00,0.00,0.19,211,31
18892,4.5,3.3,33.5,-0.058,0.032,-0.708,4.7,-3.8,-7.1,0.0070,-0.0136,-0.0405,1660,1850,1729,1857,0.00,0.01,2.66,0.18,0.8553,1,1,0,0.01,0.00,0.00,0.00,0.00,0.00,0.16,211,31
18902,-2.9,0.7,8.4,0.046,0.010,-1.233,4.7,-3.8,-7.1,0.0136,-0.0129,-0.0169,1706,1822,1807,1820,0.00,0.01,2.65,0.18,0.8633,1,1,0,0.01,0.00,0.00,0.00,0.00,0.00,0.17,211,31
18912,1.6,-4.5,-39.8,0.014,0.013,-0.991,4.8,-3.8,-7.1,0.0106,-0.0052,0.0178,1789,1771,1853,1743,0.00,0.01,2.66,0.18,0.8633,1,1,0,0.01,0.00,0.00,0.00,0.00,0.00,0.19,211,31
18922,-0.7,6.9,28.7,0.025,-0.050,-0.873,4.7,-3.9,-7.1,0.0123,-0.0172,-0.0367,1664,1849,1762,1881,0.00,0.01,2.66,0.18,0.8633,1,1,0,0.01,0.00,0.00,0.00,0.00,0.00,0.20,212,31
18933,-2.1,-6.2,12.3,-0.013,0.105,-1.203,4.8,-3.8,-7.1,0.0161,-0.0043,-0.0201,1712,1849,1789,1805,0.00,0.01,2.66,0.18,0.8633,1,1,0,0.01,0.00,0.00,0.00,0.00,0.00,0.21,212,31
18943,2.7,2.6,-37.1,0.069,-0.066,-0.817,4.8,-3.8,-7.1,0.0078,-0.0123,0.0161,1784,1751,1854,1766,0.00,0.01,2.65,0.18,0.8633,1,1,0,0.01,0.00,0.01,0.00,0.00,0.00,0.19,212,31
18953,-1.5,-0.3,20.3,-0.005,0.013,-1.125,4.8,-3.9,-7.1,0.0132,-0.0099,-0.0301,1679,1855,1774,1847,0.00,0.01,2.66,0.18,0.8633,1,1,0,0.01,0.00,0.01,0.00,0.00,0.00,0.16,212,31
18963,0.7,2.5,19.4,-0.014,0.046,-0.903,4.8,-3.8,-7.1,0.0105,-0.0095,-0.0254,1703,1839,1779,1835,0.00,0.01,2.66,0.18,0.8633,1,1,0,0.01,0.00,0.01,0.00,0.00,0.00,0.17,212,31
18973,-0.3,-2.9,-37.8,0.083,-0.017,-1.197,4.8,-3.9,-7.1,0.0120,-0.0073,0.0164,1774,1761,1865,1755,0.00,0.01,2.65,0.18,0.8633,1,1,0,0.01,0.00,0.01,0.00,0.00,0.00,0.17,212,31
18983,2.0,2.5,12.8,-0.029,-0.017,-0.771,4.8,-3.8,-7.1,0.0090,-0.0123,-0.0254,1700,1837,1774,1849,0.00,0.01,2.66,0.18,0.8639,1,1,0,0.01,0.00,0.01,0.00,0.00,0.00,0.18,212,31
18993,-2.5,2.2,25.3,0.019,0.036,-1.228,4.8,-3.8,-7.1,0.0150,-0.0133,-0.0308,1678,1851,1785,1845,0.00,0.01,2.66,0.18,0.8639,1,1,0,0.01,0.00,0.01,0.00,0.00,0.00,0.18,212,31
19003,4.3,-4.8,-37.6,0.020,0.025,-0.882,4.8,-3.8,-7.1,0.0072,-0.0052,0.0165,1797,1763,1846,1754,0.00,0.01,2.65,0.18,0.8639,1,1,0,0.01,0.00,0.01,0.00,0.00,0.00,0.17,212,31
19013,-3.3,3.3,7.4,0.033,-0.057,-1.027,4.8,-3.9,-7.1,0.0150,-0.0140,-0.0211,1690,1835,1800,1834,0.00,0.01,2.66,0.18,0.8639,1,1,0,0.01,0.00,0.01,0.00,0.00,0.00,0.17,212,31
19023,3.6,-0.9,28.8,-0.036,0.113,-1.026,4.8,-3.8,-7.1,0.0084,-0.0092,-0.0363,1689,1857,1759,1855,0.00,0.01,2.66,0.18,0.8639,1,1,0,0.01,0.00,0.01,0.00,0.00,0.00,0.16,212,31
19033,-3.4,-1.4,-33.2,0.056,-0.070,-1.047,4.8,-3.8,-7.1,0.0151,-0.0088,0.0126,1777,1769,1863,1752,0.00,0.01,2.65,0.18,0.8639,1,1,0,0.01,0.00,0.01,0.00,0.00,0.00,0.16,212,31
19043,3.6,0.6,1.3,-0.016,0.016,-0.869,4.8,-3.8,-7.1,0.0081,-0.0109,-0.0166,1716,1823,1790,1831,0.00,0.01,2.66,0.18,0.8639,1,1,0,0.01,0.00,0.01,0.00,0.00,0.00,0.17,212,31
19054,-3.4,0.8,30.5,0.033,0.021,-1.211,4.8,-3.8,-7.1,0.0144,-0.0113,-0.0374,1675,1862,1768,1856,0.00,0.01,2.66,0.18,0.8639,1,1,0,0.01,0.00,0.01,0.00,0.00,0.00,0.19,212,31
19064,4.2,-3.9,-28.4,-0.002,0.030,-0.899,4.8,-3.8,-7.1,0.0074,-0.0062,0.0088,1783,1774,1839,1764,0.00,0.01,2.65,0.18,0.8639,1,1,0,0.01,0.00,0.01,0.00,0.00,0.00,0.18,212,31
19074,-4.0,3.0,-7.0,0.054,-0.106,-0.971,4.7,-3.9,-7.1,0.0125,-0.0144,-0.0133,1714,1812,1816,1819,0.00,0.01,2.66,0.18,0.8639,1,1,0,0.01,0.00,0.01,0.00,0.00,0.00,0.17,212,31
19084,2.7,-0.8,33.0,-0.037,0.162,-1.191,4.9,-3.8,-7.5,0.0090,-0.0093,-0.0406,1694,1888,1770,1876,0.00,0.01,2.66,0.18,0.8730,1,1,0,0.01,0.00,0.01,0.00,0.00,0.00,0.16,212,31
19094,-0.9,0.0,-21.0,0.048,-0.079,-0.800,4.8,-3.8,-7.5,0.0090,-0.0108,0.0061,1781,1792,1857,1799,0.00,0.01,2.65,0.18,0.8730,1,1,0,0.01,0.00,0.01,0.00,0.00,0.00,0.16,212,31
19104,-2.0,-3.5,-14.6,0.016,0.011,-1.175,4.8,-3.9,-7.5,0.0149,-0.0069,-0.0039,1748,1837,1841,1803,0.00,0.01,2.66,0.18,0.8730,1,1,0,0.01,0.00,0.01,0.00,0.00,0.00,0.17,212,31
19114,3.0,5.9,34.6,0.014,0.028,-0.886,4.8,-3.8,-7.5,0.0086,-0.0163,-0.0420,1685,1870,1771,1903,0.00,0.01,2.66,0.18,0.8730,1,1,0,0.01,0.00,0.01,0.00,0.00,0.00,0.18,212,31
19124,-3.6,-7.2,-18.1,0.008,0.000,-1.163,4.8,-3.8,-7.5,0.0154,-0.0029,0.0002,1775,1825,1851,1779,0.00,0.01,2.65,0.18,0.8730,1,1,0,0.01,0.00,0.01,0.00,0.00,0.00,0.20,213,31
19134,1.8,5.3,-17.4,0.033,-0.054,-0.797,4.8,-3.8,-7.5,0.0091,-0.0152,-0.0015,1758,1799,1850,1822,0.00,0.01,2.66,0.18,0.8730,1,1,0,0.01,0.00,0.00,0.00,0.00,0.00,0.21,213,31
19144,-0.5,-2.7,30.8,-0.017,0.092,-1.248,4.9,-3.8,-7.5,0.0131,-0.0079,-0.0392,1688,1892,1776,1873,0.00,0.01,2.66,0.18,0.8730,1,1,0,0.01,0.00,0.00,0.00,0.00,0.00,0.19,213,31
19155,0.2,2.4,-6.1,0.022,-0.046,-0.718,4.8,-3.8,-7.5,0.0115,-0.0127,-0.0093,1768,1813,1836,1812,0.00,0.01,2.66,0.18,0.8730,1,1,0,0.01,0.00,0.00,0.00,0.00,0.00,0.16,213,31
19165,-2.5,-3.7,-27.3,0.047,0.012,-1.300,4.9,-3.9,-7.5,0.0154,-0.0074,0.0062,1766,1816,1865,1787,0.00,0.01,2.66,0.18,0.8737,1,1,0,0.01,0.00,0.00,0.00,0.00,0.00,0.17,213,31
19175,2.5,6.4,29.7,-0.004,-0.009,-0.727,4.8,-3.8,-7.5,0.0092,-0.0167,-0.0382,1697,1872,1773,1892,0.00,0.01,2.66,0.18,0.8737,1,1,0,0.01,0.00,0.00,0.00,0.00,0.00,0.19,213,31
19185,-3.5,-3.4,-0.3,-0.003,0.026,-1.169,4.9,-3.9,-7.5,0.0154,-0.0068,-0.0140,1740,1845,1833,1816,0.00,0.01,2.66,0.18,0.8737,1,1,0,0.01,0.00,0.00,0.00,0.00,0.00,0.19,213,31
19195,0.7,1.3,-31.2,0.066,-0.025,-0.915,4.9,-3.8,-7.5,0.0101,-0.0092,0.0080,1787,1795,1860,1791,0.00,0.01,2.66,0.18,0.8737,1,1,0,0.01,0.00,0.00,0.00,0.00,0.00,0.19,213,31
19205,0.2,1.3,27.2,-0.014,0.031,-1.058,4.9,-3.9,-7.5,0.0115,-0.0117,-0.0361,1687,1881,1789,1886,0.00,0.01,2.66,0.18,0.8749,1,1,0,0.01,0.00,0.00,0.00,0.00,0.00,0.18,213,31
19215,-1.2,-0.8,4.9,-0.004,0.000,-0.946,4.9,-3.8,-7.5,0.0131,-0.0094,-0.0183,1743,1849,1818,1832,0.00,0.01,2.66,0.18,0.8749,1,1,0,0.01,0.00,0.00,0.00,0.00,0.00,0.16,213,31
19225,0.3,-1.0,-31.4,0.054,0.001,-1.094,5.0,-3.9,-7.5,0.0140,-0.0117,0.0092,1779,1798,1877,1789,0.00,0.01,2.66,0.18,0.8749,1,1,0,0.01,0.00,0.00,0.00,0.00,0.00,0.16,213,31
19235,-0.1,1.7,21.6,-0.002,-0.017,-0.879,4.9,-3.8,-7.5,0.0119,-0.0120,-0.0317,1710,1873,1779,1881,0.00,0.01,2.66,0.18,0.8749,1,1,0,0.01,0.00,0.00,0.00,0.00,0.00,0.17,213,31
19245,-2.6,0.0,12.0,-0.002,0.053,-1.125,5.0,-3.8,-7.5,0.0147,-0.0104,-0.0240,1733,1877,1838,1855,0.00,0.01,2.66,0.18,0.8828,1,1,0,0.01,0.00,0.00,0.00,0.00,0.00,0.19,213,31
19255,1.4,-2.0,-33.5,0.048,-0.053,-0.931,4.9,-3.8,-7.5,0.0078,-0.0078,0.0112,1817,1804,1877,1804,0.00,0.01,2.66,0.18,0.8828,1,1,0,0.01,0.00,0.00,0.00,0.00,0.00,0.19,213,31
19266,-1.0,2.4,17.6,-0.014,0.018,-0.997,5.1,-3.9,-8.1,0.0130,-0.0128,-0.0291,1709,1890,1820,1883,0.00,0.01,2.66,0.18,0.8828,1,1,0,0.01,0.00,0.00,0.00,0.00,0.00,0.16,213,31
19276,2.4,0.0,15.9,0.020,0.047,-1.042,5.0,-3.8,-8.1,0.0094,-0.0104,-0.0277,1742,1872,1810,1878,0.00,0.01,2.66,0.18,0.8828,1,1,0,0.01,0.00,0.00,0.00,0.00,0.00,0.16,213,31
19286,-1.0,-2.7,-30.9,0.021,0.000,-1.009,5.0,-3.9,-8.1,0.0139,-0.0079,0.0102,1801,1818,1892,1792,0.00,0.01,2.66,0.18,0.8828,1,1,0,0.01,0.00,0.00,0.00,0.00,0.00,0.16,213,31
19296,0.6,3.4,10.1,0.030,-0.043,-0.893,5.0,-3.9,-8.1,0.0113,-0.0138,-0.0231,1732,1868,1811,1892,0.00,0.01,2.66,0.18,0.8828,1,1,0,0.01,0.00,0.00,0.00,0.00,0.00,0.17,213,31
19306,1.1,-1.8,20.8,-0.032,0.104,-1.187,5.1,-3.8,-8.1,0.0149,-0.0087,-0.0285,1727,1891,1816,1868,0.00,0.01,2.66,0.18,0.8828,1,1,0,0.01,0.00,0.00,0.00,0.00,0.00,0.18,214,31
19316,-1.9,0.0,-26.6,0.046,-0.092,-0.816,4.9,-3.8,-8.1,0.0138,-0.0103,0.0062,1806,1807,1875,1815,0.00,0.01,2.66,0.18,0.8828,1,1,0,0.01,0.00,0.00,0.00,0.00,0.00,0.17,214,31
19326,-0.6,-1.7,2.2,0.000,0.046,-1.168,5.1,-3.9,-8.1,0.0127,-0.0086,-0.0168,1743,1875,1835,1850,0.00,0.01,2.66,0.18,0.8828,1,1,0,0.01,0.00,0.00,0.00,0.00,0.00,0.16,214,31
19336,1.3,3.1,26.1,0.023,-0.004,-0.901,4.9,-3.8,-8.1,0.0093,-0.0135,-0.0353,1723,1878,1800,1901,0.00,0.01,2.66,0.17,0.8828,1,1,0,0.01,0.00,0.00,0.00,0.00,0.00,0.16,214,31
19346,-0.4,-5.6,-23.7,-0.008,0.039,-1.060,5.1,-3.8,-8.1,0.0125,-0.0047,0.0038,1797,1835,1880,1791,0.00,0.01,2.66,0.17,0.8828,1,1,0,0.01,0.00,0.00,-0.01,0.00,0.00,0.18,214,31
19356,0.2,5.2,-3.9,0.070,-0.051,-0.969,5.0,-3.9,-8.1,0.0117,-0.0157,-0.0119,1749,1842,1847,1866,0.00,0.01,2.66,0.17,0.8828,1,1,0,0.01,0.00,0.00,0.00,0.00,0.00,0.20,214,31
19366,1.6,-3.4,27.1,-0.068,0.096,-1.034,5.0,-3.8,-8.1,0.0112,-0.0067,-0.0362,1724,1904,1798,1882,0.00,0.01,2.66,0.17,0.8834,1,1,0,0.01,0.00,0.00,-0.01,0.00,0.00,0.18,214,31
19377,-3.1,1.9,-18.9,0.086,-0.066,-0.979,5.0,-3.8,-8.1,0.0152,-0.0123,0.0000,1785,1822,1879,1821,0.00,0.01,2.66,0.18,0.8834,1,1,0,0.01,0.00,0.00,-0.01,0.00,0.00,0.17,214,31
19387,3.4,-3.7,-12.8,-0.021,0.066,-1.049,5.0,-3.9,-8.1,0.0106,-0.0070,-0.0084,1778,1850,1844,1836,0.00,0.01,2.66,0.17,0.8834,1,1,0,0.01,0.00,0.00,-0.01,0.00,0.00,0.16,214,31
19397,-2.7,5.8,30.5,0.027,-0.066,-0.891,5.0,-3.8,-8.1,0.0142,-0.0161,-0.0393,1702,1894,1807,1905,0.00,0.01,2.66,0.17,0.8834,1,1,0,0.01,0.00,0.00,-0.01,0.00,0.00,0.16,214,31
19407,3.8,-6.0,-15.9,-0.018,0.120,-1.152,5.0,-3.8,-8.7,0.0082,-0.0043,-0.0029,1798,1839,1850,1820,0.00,0.01,2.66,0.17,0.8834,1,1,0,0.01,0.00,0.00,-0.01,0.00,0.00,0.17,214,31
19417,-4.2,3.0,-15.3,0.067,-0.125,-0.887,5.0,-3.9,-8.7,0.0148,-0.0139,-0.0057,1762,1839,1870,1836,0.00,0.01,2.66,0.17,0.8834,1,1,0,0.01,0.00,0.00,-0.01,0.00,0.00,0.19,214,31
19427,4.3,-1.5,28.0,-0.036,0.103,-1.063,5.0,-3.8,-8.7,0.0079,-0.0087,-0.0390,1736,1913,1798,1916,0.00,0.01,2.66,0.17,0.8907,1,1,0,0.01,0.00,0.00,-0.01,0.00,0.00,0.19,214,31
19437,-4.3,0.9,-8.9,0.052,-0.038,-1.032,5.0,-3.8,-8.7,0.0164,-0.0114,-0.0086,1776,1863,1883,1841,0.00,0.01,2.66,0.17,0.8907,1,1,0,0.01,0.00,0.00,-0.01,0.00,0.00,0.19,214,31
19447,3.3,-2.3,-20.0,0.000,-0.004,-0.918,5.0,-3.8,-8.7,0.0078,-0.0080,-0.0006,1809,1842,1869,1842,0.00,0.01,2.66,0.17,0.8907,1,1,0,0.01,0.00,0.00,-0.01,0.00,0.00,0.17,214,31
19457,-3.1,3.3,24.7,0.025,0.038,-1.112,5.1,-3.9,-8.7,0.0153,-0.0138,-0.0356,1712,1916,1832,1903,0.00,0.01,2.66,0.17,0.8907,1,1,0,0.01,0.00,0.00,-0.01,0.00,0.00,0.16,214,31
19467,2.5,-1.4,-0.2,-0.005,-0.002,-0.919,4.9,-3.8,-8.7,0.0058,-0.0081,-0.0121,1791,1859,1844,1868,0.00,0.01,2.66,0.17,0.8907,1,1,0,0.01,0.00,0.00,-0.01,0.00,0.00,0.16,214,31
19477,-3.2,-0.8,-24.4,0.037,0.012,-1.067,5.1,-3.9,-8.7,0.0154,-0.0096,0.0036,1792,1852,1899,1819,0.00,0.01,2.66,0.17,0.8907,1,1,0,0.01,0.00,0.00,-0.01,0.00,0.00,0.16,214,31
19488,1.3,1.5,18.9,0.023,-0.040,-0.982,4.9,-3.9,-8.7,0.0059,-0.0124,-0.0335,1743,1892,1812,1916,0.00,0.01,2.66,0.17,0.8907,1,1,0,0.01,0.00,0.00,-0.01,0.00,0.00,0.17,214,31
19498,-0.8,-1.1,8.1,-0.043,0.078,-1.004,5.1,-3.8,-8.7,0.0146,-0.0090,-0.0211,1756,1892,1855,1859,0.00,0.01,2.66,0.17,0.8907,1,1,0,0.01,0.00,0.00,-0.01,0.00,0.00,0.18,214,31
19508,-1.5,-0.2,-25.8,0.102,-0.089,-1.052,5.0,-3.9,-8.7,0.0136,-0.0102,0.0047,1807,1833,1889,1834,0.00,0.01,2.66,0.17,0.8907,1,1,0,0.01,0.00,0.00,-0.01,0.00,0.00,0.17,214,31
19518,4.7,-0.3,14.7,-0.062,0.081,-0.925,5.1,-3.8,-8.7,0.0111,-0.0089,-0.0293,1747,1900,1823,1892,0.00,0.01,2.66,0.17,0.8907,1,1,0,0.01,0.00,0.00,-0.01,0.00,0.00,0.16,214,31
19528,-5.6,2.0,13.5,0.055,-0.050,-1.107,5.0,-3.9,-8.7,0.0158,-0.0135,-0.0254,1747,1888,1851,1891,0.00,0.01,2.66,0.17,0.8926,1,1,0,0.01,0.00,0.00,-0.01,0.00,0.00,0.16,214,31
19538,6.5,-3.1,-25.4,-0.010,0.061,-0.915,5.0,-3.8,-8.7,0.0061,-0.0068,0.0047,1827,1838,1881,1831,0.00,0.01,2.66,0.17,0.8926,1,1,0,0.01,0.00,0.00,-0.01,0.00,0.00,0.16,214,31
19548,-6.5,2.4,9.7,0.053,-0.083,-1.046,5.0,-3.9,-8.7,0.0157,-0.0144,-0.0269,1736,1897,1851,1893,0.00,0.01,2.66,0.17,0.8926,1,1,0,0.01,0.00,0.00,-0.01,0.00,0.00,0.18,214,31
19558,7.3,-0.8,16.5,-0.031,0.113,-0.986,5.0,-3.8,-8.7,0.0048,-0.0096,-0.0292,1766,1896,1824,1891,0.00,0.01,2.66,0.17,0.8926,1,1,0,0.01,0.00,0.00,-0.01,0.00,0.00,0.20,214,31
19568,-7.1,-2.0,-22.6,0.053,-0.085,-1.022,5.0,-3.9,-8.7,0.0193,-0.0084,0.0020,1809,1867,1915,1836,0.00,0.01,2.66,0.17,0.8993,1,1,0,0.01,0.00,0.00,-0.02,0.00,0.00,0.18,214,31
19578,5.4,2.8,1.6,0.011,0.045,-0.955,5.0,-3.9,-8.7,0.0071,-0.0114,-0.0204,1783,1887,1853,1904,0.00,0.01,2.66,0.17,0.8993,1,1,0,0.01,0.00,0.00,-0.02,0.00,0.00,0.16,214,31
19588,-2.8,-2.1,20.5,-0.012,0.033,-1.092,5.0,-3.9,-8.7,0.0150,-0.0083,-0.0324,1749,1923,1851,1904,0.00,0.01,2.66,0.17,0.8993,1,1,0,0.01,0.00,0.00,-0.02,0.00,0.00,0.16,214,31
19598,0.5,0.0,-18.9,0.041,-0.038,-0.904,4.9,-3.8,-8.7,0.0115,-0.0105,-0.0009,1821,1859,1893,1854,0.00,0.01,2.66,0.17,0.8993,1,1,0,0.01,0.00,0.00,-0.02,0.00,0.00,0.16,214,31
19608,0.7,-1.0,-2.8,0.011,0.044,-1.112,5.0,-3.9,-8.7,0.0113,-0.0095,-0.0138,1780,1891,1873,1883,0.00,0.01,2.66,0.17,0.8993,1,1,0,0.01,0.00,0.00,-0.02,0.00,0.00,0.17,214,31
19619,-2.1,2.2,21.1,0.000,-0.057,-0.908,5.0,-3.8,-8.7,0.0143,-0.0127,-0.0329,1753,1919,1840,1916,0.00,0.01,2.66,0.17,0.8993,1,1,0,0.01,0.00,0.00,-0.02,0.00,0.00,0.19,214,31
19629,4.4,-3.5,-15.5,0.008,0.115,-1.097,5.0,-3.9,-8.7,0.0088,-0.0074,-0.0032,1820,1865,1882,1860,0.00,0.01,2.66,0.17,0.8993,1,1,0,0.01,0.00,0.00,-0.02,0.00,0.00,0.17,214,31
19639,-5.6,1.3,-7.3,0.053,-0.142,-0.936,5.0,-3.9,-8.7,0.0168,-0.0117,-0.0109,1790,1883,1855,1899,0.00,0.01,2.66,0.17,0.8993,1,1,0,0.01,0.00,0.00,-0.02,0.00,0.00,0.16,214,31
19649,6.5,0.3,22.1,-0.041,0.157,-1.031,5.0,-3.9,-8.7,0.0063,-0.0109,-0.0339,1746,1924,1851,1906,0.00,0.01,2.66,0.17,0.8993,1,1,0,0.01,0.00,0.00,-0.02,0.00,0.00,0.16,214,31
19659,-6.4,-1.3,-14.4,0.060,-0.105,-1.068,5.0,-3.9,-8.7,0.0183,-0.0092,-0.0037,1816,1863,1897,1851,0.00,0.01,2.66,0.17,0.8993,1,1,0,0.01,0.00,0.00,-0.02,0.00,0.00,0.16,214,31
19669,6.5,0.4,-7.2,-0.023,0.063,-0.865,4.9,-3.9,-8.7,0.0054,-0.0108,-0.0113,1791,1887,1867,1891,0.00,0.01,2.66,0.17,0.9005,1,1,0,0.01,0.00,0.00,-0.02,0.00,0.00,0.18,214,31
19679,-6.1,0.1,19.4,0.054,-0.022,-1.196,5.0,-3.8,-8.7,0.0189,-0.0108,-0.0316,1744,1931,1856,1906,0.00,0.01,2.66,0.17,0.9005,1,1,0,0.01,0.00,0.00,-0.02,0.00,0.00,0.19,214,31
19689,7.0,-0.2,-8.8,-0.024,0.037,-0.812,5.0,-3.8,-8.7,0.0042,-0.0100,-0.0083,1825,1860,1874,1878,0.00,0.01,2.66,0.17,0.9005,1,1,0,0.01,0.00,0.00,-0.02,0.00,0.00,0.18,214,31
19699,-6.9,0.0,-11.9,0.053,-0.033,-1.194,5.1,-3.9,-8.7,0.0217,-0.0109,-0.0090,1776,1899,1901,1860,0.00,0.01,2.66,0.17,0.9005,1,1,0,0.01,0.00,0.00,-0.02,0.00,0.00,0.16,214,31
19709,5.7,1.7,19.6,0.002,0.014,-0.837,4.9,-3.9,-8.7,0.0064,-0.0123,-0.0320,1773,1901,1826,1941,0.00,0.01,2.66,0.17,0.9011,1,1,0,0.01,0.00,0.00,-0.02,0.00,0.00,0.16,214,31
19719,-1.8,-2.8,-4.6,-0.019,0.066,-1.097,5.1,-3.8,-8.7,0.0159,-0.0072,-0.0117,1792,1905,1897,1848,0.00,0.01,2.66,0.17,0.9011,1,1,0,0.01,0.00,0.00,-0.02,0.00,0.00,0.16,214,31
19729,0.3,1.8,-14.9,0.075,-0.083,-0.971,4.9,-3.9,-8.7,0.0100,-0.0131,-0.0049,1822,1871,1900,1899,0.00,0.01,2.66,0.17,0.9078,1,1,0,0.01,0.00,0.00,-0.02,0.00,0.00,0.16,214,31
19739,4.7,-0.7,17.5,-0.053,0.092,-0.961,5.1,-3.8,-8.7,0.0075,-0.0097,-0.0303,1776,1944,1853,1919,0.00,0.01,2.66,0.17,0.9078,1,1,0,0.01,0.00,0.00,-0.02,0.00,0.00,0.17,214,31
19749,-5.2,-0.2,0.0,0.062,-0.049,-1.129,5.0,-3.9,-8.7,0.0150,-0.0128,-0.0144,1797,1896,1899,1900,0.00,0.01,2.66,0.17,0.9078,1,1,0,0.01,0.00,0.00,-0.02,0.00,0.00,0.17,214,31
19759,5.0,0.0,-16.4,-0.001,0.018,-0.827,5.0,-3.8,-8.7,0.0074,-0.0090,-0.0034,1835,1882,1896,1879,0.00,0.01,2.66,0.17,0.9078,1,1,0,0.01,0.00,0.00,-0.02,0.00,0.00,0.16,214,31
19769,-5.2,-0.5,13.1,0.026,0.004,-1.187,5.1,-3.9,-9.0,0.0175,-0.0100,-0.0271,1758,1938,1875,1920,0.00,0.01,2.66,0.17,0.9078,1,1,0,0.01,0.00,0.00,-0.02,0.00,0.00,0.16,214,31
19779,2.7,2.4,4.9,0.002,-0.019,-0.846,5.0,-3.8,-9.0,0.0070,-0.0110,-0.0177,1813,1897,1873,1909,0.00,0.01,2.66,0.17,0.9078,1,1,0,0.01,0.00,0.00,-0.03,0.00,0.00,0.16,214,31
19789,0.3,-3.4,-16.9,0.011,0.067,-1.127,5.1,-3.8,-9.0,0.0119,-0.0071,-0.0030,1817,1896,1911,1867,0.00,0.01,2.66,0.17,0.9078,1,1,0,0.01,0.00,0.00,-0.03,0.00,0.00,0.17,214,31
19799,-1.6,3.1,9.3,0.038,-0.079,-0.950,5.0,-3.8,-9.0,0.0139,-0.0137,-0.0241,1780,1914,1870,1929,0.00,0.01,2.66,0.17,0.9078,1,1,0,0.01,0.00,0.00,-0.03,0.00,0.00,0.17,214,31
19810,3.7,-1.4,8.9,-0.041,0.111,-1.010,5.0,-3.8,-9.0,0.0100,-0.0080,-0.0225,1796,1919,1865,1912,0.00,0.01,2.66,0.17,0.9078,1,1,0,0.01,0.00,0.00,-0.03,0.00,0.00,0.17,214,31
19820,-3.7,0.1,-15.8,0.065,-0.062,-1.074,5.0,-3.8,-9.0,0.0163,-0.0111,-0.0037,1813,1888,1920,1871,0.00,0.01,2.66,0.17,0.9078,1,1,0,0.01,0.00,0.00,-0.03,0.00,0.00,0.16,214,31
19830,1.0,0.6,4.2,-0.015,-0.009,-0.870,5.0,-3.8,-9.0,0.0111,-0.0112,-0.0201,1796,1913,1863,1920,0.00,0.01,2.66,0.17,0.9078,1,1,0,0.01,0.00,0.00,-0.03,0.00,0.00,0.16,214,31
19840,2.5,-0.1,12.1,0.013,0.092,-1.117,5.0,-3.8,-9.0,0.0138,-0.0113,-0.0251,1778,1925,1873,1916,0.00,0.01,2.66,0.17,0.9078,1,1,0,0.01,0.00,0.00,-0.03,0.00,0.00,0.16,214,31
19850,-6.1,-1.2,-14.3,0.034,-0.103,-0.941,4.9,-3.8,-9.6,0.0184,-0.0092,-0.0057,1825,1892,1908,1876,0.00,0.01,2.66,0.17,0.9090,1,1,0,0.01,0.00,0.00,-0.03,0.00,0.00,0.16,214,31
19860,8.0,1.7,0.0,0.010,0.113,-1.000,5.0,-3.8,-9.6,0.0072,-0.0122,-0.0196,1794,1912,1878,1918,0.00,0.01,2.66,0.17,0.9090,1,1,0,0.01,0.00,0.00,-0.03,0.00,0.00,0.16,214,31
19870,-7.9,-1.8,13.1,0.005,-0.060,-1.063,5.0,-3.8,-9.6,0.0202,-0.0086,-0.0277,1775,1942,1878,1906,0.00,0.01,2.66,0.17,0.9090,1,1,0,0.01,0.00,0.00,-0.03,0.00,0.00,0.16,214,30
19880,6.6,1.5,-10.8,0.024,0.053,-0.927,5.0,-3.8,-9.6,0.0055,-0.0121,-0.0086,1828,1878,1892,1903,0.00,0.01,2.66,0.17,0.9090,1,1,0,0.01,0.00,0.00,-0.03,0.00,0.00,0.16,214,30
19890,-2.9,-3.0,-4.1,0.002,-0.002,-1.066,5.1,-3.8,-9.6,0.0184,-0.0074,-0.0151,1798,1925,1896,1883,0.00,0.01,2.66,0.16,0.9090,1,1,0,0.01,0.00,0.00,-0.03,0.00,0.00,0.16,214,30
19900,-1.1,2.9,14.1,0.038,-0.039,-0.996,4.9,-3.8,-9.6,0.0134,-0.0135,-0.0286,1778,1917,1864,1942,0.00,0.01,2.66,0.16,0.9090,1,1,0,0.01,0.00,0.00,-0.03,0.00,0.00,0.16,214,30
19910,5.9,-1.7,-7.2,-0.025,0.104,-0.944,5.1,-3.8,-9.6,0.0101,-0.0071,-0.0097,1824,1907,1898,1881,0.00,0.01,2.66,0.16,0.9103,1,1,0,0.01,0.00,0.00,-0.03,0.00,0.00,0.17,214,30
19921,-7.9,-0.9,-7.3,0.053,-0.131,-1.153,5.0,-3.8,-9.6,0.0202,-0.0097,-0.0114,1798,1912,1905,1896,0.00,0.01,2.66,0.16,0.9103,1,1,0,0.01,0.00,0.00,-0.03,0.00,0.00,0.17,214,30
19931,8.0,3.6,12.4,-0.010,0.095,-0.843,5.1,-3.8,-9.6,0.0051,-0.0128,-0.0274,1791,1921,1861,1938,0.00,0.01,2.66,0.16,0.9103,1,1,0,0.01,0.00,0.00,-0.03,0.00,0.00,0.17,214,30
19941,-6.5,-5.0,-2.5,0.000,-0.034,-1.148,5.1,-3.8,-9.6,0.0193,-0.0056,-0.0149,1806,1923,1903,1883,0.00,0.01,2.66,0.16,0.9109,1,1,0,0.01,0.00,0.00,-0.03,0.00,0.00,0.16,214,30
19951,3.7,4.3,-10.5,0.050,-0.015,-0.915,5.0,-3.8,-9.6,0.0086,-0.0150,-0.0089,1818,1882,1900,1915,0.00,0.01,2.66,0.16,0.9109,1,1,0,0.01,0.00,0.00,-0.03,0.00,0.00,0.16,214,30
19961,-0.4,-2.7,10.6,-0.029,0.047,-0.996,5.1,-3.8,-9.6,0.0151,-0.0063,-0.0267,1785,1948,1870,1911,0.00,0.01,2.66,0.16,0.9109,1,1,0,0.01,0.00,0.00,-0.03,0.00,0.00,0.16,214,30
19971,-2.0,1.8,0.8,0.047,-0.028,-1.056,5.0,-3.8,-9.6,0.0131,-0.0142,-0.0165,1796,1908,1899,1912,0.00,0.01,2.66,0.16,0.9109,1,1,0,0.01,0.00,0.00,-0.03,0.00,0.00,0.16,214,30
19981,2.6,-1.7,-12.3,0.000,0.015,-0.890,5.0,-3.8,-9.6,0.0097,-0.0088,-0.0076,1832,1899,1893,1890,0.00,0.01,2.66,0.16,0.9109,1,1,0,0.01,0.00,0.00,-0.03,0.00,0.00,0.16,214,30
19991,0.0,0.8,9.6,0.020,0.034,-1.142,5.1,-3.8,-9.6,0.0147,-0.0126,-0.0265,1773,1935,1882,1925,0.00,0.01,2.66,0.16,0.9109,1,1,0,0.01,0.00,0.00,-0.03,0.00,0.00,0.16,214,30
20001,-0.8,0.3,2.8,0.010,-0.033,-0.900,5.0,-3.8,-9.6,0.0103,-0.0101,-0.0179,1821,1928,1899,1927,0.00,0.01,2.66,0.16,0.9188,1,1,0,0.01,0.00,0.00,-0.03,0.00,0.00,0.16,214,30
20011,2.5,-0.8,-10.8,0.014,0.073,-1.063,5.1,-3.8,-9.6,0.0098,-0.0098,-0.0088,1831,1919,1919,1905,0.00,0.01,2.66,0.16,0.9188,1,1,0,0.01,0.00,0.00,-0.03,0.00,0.00,0.16,214,30
20021,-3.9,0.1,4.5,0.023,-0.077,-1.031,5.0,-3.8,-9.6,0.0152,-0.0113,-0.0218,1802,1942,1903,1928,0.00,0.01,2.66,0.16,0.9188,1,1,0,0.01,0.00,0.00,-0.03,0.00,0.00,0.16,214,30
20032,2.6,0.8,8.0,0.004,0.071,-0.896,5.0,-3.8,-9.6,0.0097,-0.0114,-0.0240,1813,1933,1886,1942,0.00,0.01,2.66,0.16,0.9188,1,1,0,0.01,0.00,0.00,-0.03,0.00,0.00,0.16,214,30
20042,-0.3,-2.4,-10.6,0.015,0.017,-1.127,5.1,-3.8,-9.6,0.0139,-0.0081,-0.0087,1829,1925,1929,1891,0.00,0.01,2.66,0.16,0.9188,1,1,0,0.01,0.00,0.00,-0.03,0.00,0.00,0.17,214,30
20052,-3.6,1.1,0.6,0.022,-0.066,-0.908,5.0,-3.8,-9.6,0.0117,-0.0119,-0.0199,1811,1931,1901,1932,0.00,0.01,2.66,0.16,0.9188,1,1,0,0.01,0.00,0.00,-0.03,0.00,0.00,0.16,214,30
20062,6.9,1.1,10.0,-0.003,0.119,-1.016,5.1,-3.8,-9.6,0.0055,-0.0118,-0.0256,1807,1939,1888,1941,0.00,0.01,2.66,0.16,0.9188,1,1,0,0.01,0.00,0.00,-0.03,0.00,0.00,0.16,214,30
20072,-8.3,-3.9,-9.1,0.014,-0.080,-1.082,5.1,-3.8,-9.6,0.0196,-0.0073,-0.0093,1825,1935,1927,1888,0.00,0.01,2.66,0.16,0.9188,1,1,0,0.01,0.00,0.00,-0.03,0.00,0.00,0.16,214,30
20082,6.9,4.3,-2.7,0.038,0.038,-0.901,5.1,-3.8,-9.6,0.0055,-0.0150,-0.0154,1825,1911,1899,1949,0.00,0.01,2.66,0.16,0.9200,1,1,0,0.01,0.00,0.00,-0.03,0.00,0.00,0.17,214,30
20092,-2.6,-2.9,10.8,-0.023,0.033,-1.067,5.2,-3.8,-9.6,0.0181,-0.0062,-0.0256,1801,1967,1896,1919,0.00,0.01,2.66,0.16,0.9200,1,1,0,0.01,0.00,0.00,-0.03,0.00,0.00,0.17,214,30
20102,0.2,2.1,-6.0,0.048,-0.019,-1.006,5.1,-3.9,-9.6,0.0112,-0.0137,-0.0126,1826,1909,1920,1930,0.00,0.01,2.66,0.16,0.9200,1,1,0,0.01,0.00,0.01,-0.03,0.00,0.00,0.17,214,30
20112,1.8,-0.1,-5.0,0.001,0.030,-0.879,5.1,-3.8,-9.6,0.0107,-0.0104,-0.0137,1829,1936,1907,1912,0.00,0.01,2.66,0.16,0.9200,1,1,0,0.01,0.00,0.00,-0.03,0.00,0.00,0.16,214,30
20122,-2.5,-1.6,9.6,0.015,0.005,-1.227,5.1,-3.9,-9.6,0.0147,-0.0115,-0.0260,1797,1951,1897,1939,0.00,0.01,2.66,0.16,0.9200,1,1,0,0.01,0.00,0.00,-0.03,0.00,0.00,0.16,214,30
20132,1.3,2.5,-3.0,0.009,-0.019,-0.788,5.1,-3.8,-9.6,0.0106,-0.0127,-0.0148,1829,1919,1911,1925,0.00,0.01,2.66,0.16,0.9200,1,1,0,0.01,0.00,0.01,-0.03,0.00,0.00,0.16,214,30
20143,0.7,-2.9,-7.5,0.016,0.063,-1.205,5.1,-3.8,-9.6,0.0117,-0.0077,-0.0117,1828,1933,1912,1911,0.00,0.01,2.66,0.16,0.9200,1,1,0,0.01,0.00,0.01,-0.03,0.00,0.00,0.16,214,30
20153,-1.8,1.8,9.0,0.008,-0.056,-0.929,5.1,-3.8,-9.6,0.0133,-0.0135,-0.0246,1801,1940,1899,1944,0.00,0.01,2.66,0.16,0.9200,1,1,0,0.01,0.00,0.01,-0.04,0.00,0.00,0.16,214,30
20163,1.2,0.1,-1.4,0.024,0.056,-1.005,5.1,-3.8,-9.6,0.0112,-0.0103,-0.0165,1826,1931,1905,1923,0.00,0.01,2.66,0.16,0.9200,1,1,0,0.01,0.00,0.01,-0.04,0.00,0.00,0.17,214,30
20173,0.6,-2.3,-7.1,0.006,0.005,-1.053,5.1,-3.8,-9.6,0.0118,-0.0083,-0.0121,1829,1925,1917,1913,0.00,0.01,2.66,0.16,0.9200,1,1,0,0.01,0.00,0.01,-0.04,0.00,0.00,0.17,214,30
20183,-3.8,2.5,5.4,0.032,-0.031,-0.973,5.1,-3.8,-9.0,0.0154,-0.0126,-0.0224,1801,1944,1907,1933,0.00,0.01,2.66,0.16,0.9200,1,1,0,0.01,0.00,0.01,-0.04,0.00,0.00,0.17,214,30
20193,5.0,-2.0,3.1,-0.012,0.053,-0.988,5.0,-3.8,-9.0,0.0073,-0.0086,-0.0199,1831,1928,1890,1936,0.00,0.01,2.66,0.16,0.9200,1,1,0,0.01,0.00,0.01,-0.04,0.00,0.00,0.17,214,30
20203,-4.5,0.3,-7.7,0.017,-0.027,-1.075,5.1,-3.8,-9.0,0.0171,-0.0110,-0.0112,1818,1934,1933,1899,0.00,0.01,2.66,0.16,0.9200,1,1,0,0.01,0.00,0.01,-0.04,0.00,0.00,0.17,214,30
20213,1.6,0.0,3.3,0.024,-0.011,-0.917,5.0,-3.8,-9.0,0.0093,-0.0111,-0.0205,1821,1925,1886,1952,0.00,0.01,2.66,0.16,0.9200,1,1,0,0.01,0.00,0.01,-0.04,0.00,0.00,0.17,214,30
20223,3.9,0.6,6.8,-0.021,0.082,-1.080,5.1,-3.8,-9.0,0.0086,-0.0113,-0.0229,1810,1947,1901,1926,0.00,0.01,2.66,0.16,0.9200,1,1,0,0.01,0.00,0.01,-0.04,0.00,0.00,0.17,214,30
20233,-6.5,-2.7,-9.4,0.029,-0.101,-1.029,5.0,-3.8,-9.0,0.0183,-0.0085,-0.0097,1830,1918,1925,1911,0.00,0.01,2.66,0.16,0.9200,1,1,0,0.01,0.00,0.01,-0.04,0.00,0.00,0.16,214,30
20243,5.7,3.4,3.2,0.020,0.074,-0.910,5.1,-3.8,-9.0,0.0075,-0.0122,-0.0213,1819,1936,1893,1941,0.00,0.01,2.66,0.16,0.9206,1,1,0,0.01,0.00,0.01,-0.04,0.00,0.00,0.16,214,30
20254,-1.5,-4.2,5.7,-0.035,0.014,-1.146,5.1,-3.8,-9.0,0.0166,-0.0069,-0.0210,1810,1954,1907,1918,0.00,0.01,2.66,0.16,0.9206,1,1,0,0.01,0.00,0.01,-0.04,0.00,0.00,0.16,214,30
20264,-2.2,2.9,-6.1,0.069,-0.052,-0.873,5.0,-3.8,-8.7,0.0137,-0.0140,-0.0123,1830,1912,1919,1928,0.00,0.01,2.66,0.16,0.9206,1,1,0,0.01,0.00,0.01,-0.04,0.00,0.00,0.16,214,30
20274,5.2,-1.5,-1.5,-0.005,0.076,-1.037,5.1,-3.8,-8.7,0.0072,-0.0091,-0.0160,1826,1941,1902,1921,0.00,0.01,2.66,0.16,0.9206,1,1,0,0.01,0.00,0.01,-0.04,0.00,0.00,0.16,214,30
20284,-4.7,-0.7,7.3,0.007,-0.032,-1.061,5.0,-3.8,-8.7,0.0168,-0.0118,-0.0229,1819,1964,1927,1953,0.00,0.01,2.66,0.16,0.9304,1,1,0,0.01,0.00,0.01,-0.04,0.00,0.00,0.17,214,30
20294,3.4,2.1,-4.8,0.045,0.021,-0.912,5.0,-3.8,-8.7,0.0085,-0.0125,-0.0132,1856,1936,1927,1943,0.00,0.01,2.66,0.16,0.9304,1,1,0,0.01,0.00,0.01,-0.04,0.00,0.00,0.17,214,30
20304,-0.5,-3.4,-2.3,-0.016,0.031,-1.107,5.1,-3.8,-8.7,0.0131,-0.0073,-0.0155,1841,1962,1928,1932,0.00,0.01,2.66,0.16,0.9304,1,1,0,0.01,0.00,0.01,-0.04,0.00,0.00,0.16,214,30
20314,-1.5,2.4,6.4,0.033,-0.029,-0.956,5.0,-3.8,-8.7,0.0132,-0.0146,-0.0222,1822,1953,1925,1962,0.00,0.01,2.66,0.16,0.9304,1,1,0,0.01,0.00,0.01,-0.04,0.00,0.00,0.17,214,30
20324,0.7,-0.4,-2.0,0.017,0.020,-0.984,5.0,-3.8,-8.7,0.0110,-0.0087,-0.0154,1855,1952,1920,1936,0.00,0.01,2.66,0.16,0.9304,1,1,0,0.01,0.00,0.01,-0.04,0.00,0.00,0.17,214,30
20334,1.9,-1.3,-4.3,-0.011,0.037,-1.084,5.1,-3.9,-8.7,0.0106,-0.0094,-0.0139,1838,1947,1938,1939,0.00,0.01,2.66,0.16,0.9304,1,1,0,0.01,0.00,0.01,-0.04,0.00,0.00,0.17,214,30
20344,-6.8,2.7,4.6,0.056,-0.098,-0.918,5.1,-3.8,-8.7,0.0171,-0.0120,-0.0213,1827,1963,1923,1949,0.00,0.01,2.66,0.16,0.9304,1,1,0,0.01,0.00,0.01,-0.04,0.00,0.00,0.16,214,30
20354,8.0,-1.9,0.4,-0.016,0.128,-1.055,5.0,-3.8,-8.7,0.0045,-0.0088,-0.0178,1857,1937,1909,1960,0.00,0.01,2.66,0.16,0.9304,1,1,0,0.01,0.00,0.01,-0.04,0.00,0.00,0.16,214,30
20365,-3.2,-0.1,-4.7,-0.002,-0.022,-1.016,5.2,-3.8,-8.7,0.0209,-0.0105,-0.0132,1828,1963,1954,1917,0.00,0.01,2.66,0.16,0.9304,1,1,0,0.01,0.00,0.01,-0.04,0.00,0.00,0.16,214,30
20375,-4.3,0.2,1.4,0.061,-0.065,-0.987,5.0,-3.9,-8.7,0.0169,-0.0110,-0.0186,1843,1943,1910,1967,0.00,0.01,2.66,0.16,0.9304,1,1,0,0.01,0.00,0.01,-0.04,0.00,0.00,0.17,214,30
20385,9.2,0.7,4.5,-0.019,0.118,-0.992,5.1,-3.8,-8.7,0.0063,-0.0105,-0.0205,1844,1955,1917,1956,0.00,0.01,2.66,0.16,0.9316,1,1,0,0.01,0.00,0.01,-0.04,0.00,0.00,0.17,214,30
20395,-7.3,-1.8,-6.3,0.008,-0.047,-1.043,5.2,-3.9,-8.7,0.0201,-0.0089,-0.0124,1834,1960,1957,1920,0.00,0.01,2.66,0.16,0.9316,1,1,0,0.01,0.00,0.01,-0.04,0.00,0.00,0.17,214,30
20405,1.4,2.2,2.7,0.045,-0.011,-0.962,5.0,-3.8,-8.7,0.0111,-0.0130,-0.0197,1845,1944,1910,1973,0.00,0.01,2.66,0.16,0.9316,1,1,0,0.01,0.00,0.01,-0.04,0.00,0.00,0.17,214,30
20415,7.0,-1.5,3.9,-0.041,0.107,-0.990,5.2,-3.8,-8.7,0.0110,-0.0085,-0.0194,1838,1966,1927,1940,0.00,0.01,2.66,0.16,0.9316,1,1,0,0.01,0.00,0.01,-0.04,0.00,0.00,0.17,214,30
20425,-11.1,-1.4,-5.6,0.051,-0.105,-1.098,5.2,-3.9,-8.7,0.0239,-0.0093,-0.0130,1848,1978,1969,1940,0.00,0.01,2.66,0.16,0.9402,1,1,0,0.01,0.00,0.01,-0.04,0.00,0.00,0.17,214,30
20435,9.0,3.0,1.0,0.029,0.056,-0.860,5.1,-3.8,-8.7,0.0035,-0.0138,-0.0184,1871,1949,1925,1991,0.00,0.01,2.66,0.16,0.9402,1,1,0,0.01,0.00,0.01,-0.04,0.00,0.00,0.17,214,30
20445,-2.5,-3.0,4.0,-0.042,0.065,-1.105,5.2,-3.8,-8.7,0.0173,-0.0072,-0.0207,1840,2003,1952,1941,0.00,0.01,2.66,0.16,0.9402,1,1,0,0.01,0.00,0.01,-0.04,0.00,0.00,0.17,214,30
20455,-5.2,-0.3,-3.8,0.080,-0.121,-0.991,5.1,-3.9,-8.7,0.0179,-0.0105,-0.0145,1859,1955,1955,1967,0.00,0.01,2.66,0.16,0.9402,1,1,0,0.01,0.00,0.01,-0.04,0.00,0.00,0.17,214,30
20465,7.5,3.8,-1.0,0.016,0.091,-0.931,5.1,-3.8,-8.7,0.0053,-0.0138,-0.0170,1865,1967,1936,1968,0.00,0.01,2.66,0.16,0.9402,1,1,0,0.01,0.00,0.01,-0.04,0.00,0.00,0.16,215,30
20476,-3.0,-5.0,3.8,-0.050,-0.005,-1.106,5.1,-3.9,-8.7,0.0176,-0.0072,-0.0205,1845,1989,1946,1956,0.00,0.01,2.66,0.16,0.9402,1,1,0,0.01,0.00,0.01,-0.04,0.00,0.00,0.16,215,30
20486,-2.5,3.4,-2.0,0.088,-0.049,-0.972,5.1,-3.9,-8.7,0.0136,-0.0151,-0.0159,1854,1958,1955,1970,0.00,0.01,2.66,0.16,0.9402,1,1,0,0.01,0.00,0.01,-0.04,0.00,0.00,0.16,215,30
20496,4.9,-0.7,-2.3,-0.014,0.032,-0.937,5.0,-3.8,-8.7,0.0069,-0.0081,-0.0159,1875,1965,1932,1964,0.00,0.01,2.66,0.16,0.9402,1,1,0,0.01,0.00,0.01,-0.04,0.00,0.00,0.16,215,30
20506,0.6,-0.8,4.0,0.002,0.046,-1.100,5.1,-3.9,-8.7,0.0136,-0.0107,-0.0210,1840,1983,1948,1966,0.00,0.01,2.66,0.16,0.9402,1,1,0,0.01,0.00,0.01,-0.04,0.00,0.00,0.16,215,30
20516,-7.5,1.0,-1.4,0.057,-0.104,-0.936,5.0,-3.9,-8.7,0.0202,-0.0119,-0.0165,1858,1969,1952,1958,0.00,0.01,2.66,0.16,0.9402,1,1,0,0.01,0.00,0.01,-0.04,0.00,0.00,0.16,215,30
20526,9.2,-0.6,-2.7,0.016,0.099,-1.016,5.0,-3.9,-8.7,0.0028,-0.0101,-0.0166,1878,1952,1927,1979,0.00,0.01,2.66,0.16,0.9402,1,1,0,0.01,0.00,0.01,-0.04,0.00,0.00,0.16,215,30
20536,-2.9,-0.6,4.7,-0.028,0.004,-1.009,5.1,-3.9,-8.7,0.0176,-0.0101,-0.0213,1837,1993,1953,1954,0.00,0.01,2.66,0.16,0.9402,1,1,0,0.01,0.00,0.01,-0.05,0.00,0.00,0.17,215,30
20546,-7.0,0.3,-2.5,0.074,-0.097,-1.036,5.0,-3.9,-8.7,0.0196,-0.0112,-0.0157,1859,1965,1949,1964,0.00,0.01,2.66,0.16,0.9402,1,1,0,0.01,0.00,0.01,-0.05,0.00,0.00,0.16,215,30
20556,9.5,0.4,-1.0,-0.019,0.116,-0.921,5.0,-3.9,-8.7,0.0027,-0.0110,-0.0171,1875,1954,1928,1980,0.00,0.01,2.66,0.16,0.9402,1,1,0,0.01,0.00,0.01,-0.05,0.00,0.00,0.16,215,30
20566,-2.7,-1.6,1.9,-0.022,0.008,-1.072,5.1,-3.9,-8.7,0.0155,-0.0092,-0.0194,1837,1993,1960,1946,0.00,0.01,2.66,0.16,0.9402,1,1,0,0.01,0.00,0.01,-0.05,0.00,0.00,0.17,215,30
20576,-7.6,0.4,0.0,0.075,-0.124,-1.049,5.0,-3.9,-8.7,0.0184,-0.0115,-0.0179,1852,1972,1948,1964,0.00,0.01,2.66,0.16,0.9402,1,1,0,0.01,0.00,0.01,-0.05,0.00,0.00,0.17,215,30
20587,10.5,1.6,-2.6,-0.014,0.120,-0.868,5.0,-3.9,-8.7,0.0025,-0.0122,-0.0157,1875,1953,1938,1979,0.00,0.01,2.66,0.16,0.9414,1,1,0,0.01,0.00,0.01,-0.05,0.00,0.00,0.17,215,30
20597,-8.3,-2.5,1.9,0.006,-0.041,-1.144,5.1,-3.9,-8.7,0.0211,-0.0083,-0.0194,1835,2005,1963,1941,0.00,0.01,2.66,0.16,0.9414,1,1,0,0.01,0.00,0.01,-0.05,0.00,0.00,0.17,215,30
20607,-2.7,0.5,0.6,0.055,-0.052,-0.947,5.0,-3.9,-8.7,0.0083,-0.0136,-0.0183,1876,1977,1959,1997,0.00,0.01,2.66,0.16,0.9499,1,1,0,0.01,0.00,0.01,-0.05,0.00,0.00,0.17,215,30
20617,7.6,1.9,-2.3,-0.009,0.105,-0.960,5.1,-3.8,-8.7,0.0066,-0.0117,-0.0159,1885,1984,1960,1981,0.00,0.01,2.66,0.16,0.9499,1,1,0,0.01,0.00,0.01,-0.05,0.00,0.00,0.17,215,30
20627,-7.8,-5.1,0.8,-0.013,-0.051,-1.080,5.1,-3.9,-8.7,0.0207,-0.0058,-0.0186,1864,2014,1970,1962,0.00,0.01,2.66,0.16,0.9499,1,1,0,0.01,0.00,0.01,-0.05,0.00,0.00,0.17,215,30
20637,1.1,4.3,2.6,0.076,-0.019,-0.996,5.0,-3.9,-8.7,0.0103,-0.0157,-0.0200,1869,1976,1961,2005,0.00,0.01,2.66,0.16,0.9499,1,1,0,0.01,0.00,0.01,-0.05,0.00,0.00,0.17,215,30
20647,4.2,-0.5,-2.9,-0.023,0.050,-0.901,5.1,-3.8,-8.7,0.0085,-0.0102,-0.0156,1890,1983,1958,1980,0.00,0.01,2.66,0.16,0.9499,1,1,0,0.01,0.00,0.01,-0.05,0.00,0.00,0.17,215,30
20657,-1.1,-2.5,-0.5,0.000,0.050,-1.135,5.1,-3.9,-8.7,0.0167,-0.0100,-0.0183,1867,2000,1968,1974,0.00,0.01,2.66,0.16,0.9499,1,1,0,0.01,0.00,0.01,-0.05,0.00,0.00,0.17,215,30
20667,-5.3,1.8,3.6,0.050,-0.125,-0.973,5.1,-3.9,-8.7,0.0181,-0.0128,-0.0209,1864,1993,1965,1988,0.00,0.01,2.66,0.16,0.9499,1,1,0,0.01,0.00,0.01,-0.05,0.00,0.00,0.17,215,30
20677,6.4,-0.7,-3.4,-0.005,0.103,-0.944,5.0,-3.9,-8.7,0.0062,-0.0102,-0.0152,1895,1973,1952,1990,0.00,0.01,2.66,0.16,0.9499,1,1,0,0.01,0.00,0.01,-0.05,0.00,0.00,0.17,215,30
20688,0.8,-0.1,0.1,-0.013,0.045,-1.066,5.1,-3.9,-8.7,0.0136,-0.0108,-0.0182,1869,2002,1973,1980,0.00,0.01,2.66,0.16,0.9517,1,1,0,0.01,0.00,0.01,-0.05,0.00,0.00,0.17,215,30
20698,-6.7,-0.6,2.0,0.037,-0.094,-1.009,5.1,-3.9,-8.7,0.0196,-0.0102,-0.0196,1870,1999,1970,1985,0.00,0.01,2.66,0.16,0.9517,1,1,0,0.01,0.00,0.01,-0.05,0.00,0.00,0.17,215,30
20708,4.7,0.8,-1.5,0.026,0.049,-0.979,5.0,-3.9,-8.7,0.0056,-0.0114,-0.0171,1906,1993,1971,2014,0.00,0.01,2.66,0.16,0.9597,1,1,0,0.01,0.00,0.01,-0.05,0.00,0.00,0.17,215,30
20718,4.1,-0.5,-0.6,-0.022,0.068,-0.957,5.1,-3.9,-8.7,0.0117,-0.0100,-0.0175,1891,2014,1985,1994,0.00,0.01,2.66,0.16,0.9597,1,1,0,0.01,0.00,0.01,-0.05,0.00,0.00,0.16,215,30
20728,-8.4,-0.3,1.8,0.039,-0.074,-1.111,5.1,-3.9,-8.7,0.0213,-0.0106,-0.0196,1877,2022,1990,1994,0.00,0.01,2.66,0.16,0.9597,1,1,0,0.01,0.00,0.01,-0.05,0.00,0.00,0.17,215,30
20738,2.5,-0.1,-0.3,0.013,-0.008,-0.931,5.0,-3.9,-8.7,0.0084,-0.0110,-0.0178,1905,1994,1969,2015,0.00,0.01,2.66,0.16,0.9597,1,1,0,0.01,0.00,0.01,-0.05,0.00,0.00,0.17,215,30
20748,6.3,1.6,-1.3,0.005,0.102,-0.982,5.1,-3.8,-9.0,0.0125,-0.0113,-0.0173,1893,2006,1983,2001,0.00,0.01,2.66,0.16,0.9597,1,1,0,0.01,0.00,0.01,-0.05,0.00,0.00,0.17,215,30
20758,-10.5,-3.2,1.2,0.007,-0.095,-1.142,5.1,-3.9,-9.0,0.0234,-0.0076,-0.0194,1880,2032,1989,1984,0.00,0.01,2.66,0.16,0.9597,1,1,0,0.01,0.00,0.01,-0.05,0.00,0.00,0.17,215,30
20768,4.3,0.9,-0.6,0.030,0.000,-0.924,5.0,-3.9,-9.0,0.0038,-0.0141,-0.0179,1903,1985,1971,2024,0.00,0.01,2.66,0.16,0.9597,1,1,0,0.01,0.00,0.01,-0.05,0.00,0.00,0.17,215,30
20778,3.5,2.5,-1.1,0.016,0.088,-0.935,5.2,-3.8,-9.0,0.0110,-0.0126,-0.0175,1891,2011,1985,1996,0.00,0.01,2.66,0.16,0.9597,1,1,0,0.01,0.00,0.01,-0.05,0.00,0.00,0.17,215,30
20788,-6.5,-5.4,0.6,-0.017,-0.072,-1.137,5.1,-3.9,-9.0,0.0193,-0.0055,-0.0189,1889,2030,1981,1984,0.00,0.01,2.66,0.16,0.9597,1,1,0,0.01,0.00,0.01,-0.05,0.00,0.00,0.17,215,30
20798,3.4,2.5,1.3,0.040,0.014,-1.013,5.0,-3.9,-9.0,0.0076,-0.0155,-0.0196,1890,1993,1978,2023,0.00,0.01,2.66,0.16,0.9597,1,1,0,0.01,0.00,0.01,-0.05,0.00,0.00,0.17,215,30
20809,0.5,2.1,-1.7,0.013,0.001,-0.889,5.0,-3.9,-9.0,0.0131,-0.0115,-0.0167,1894,2010,1985,1994,0.00,0.01,2.66,0.16,0.9597,1,1,0,0.01,0.00,0.01,-0.05,0.00,0.00,0.17,215,30
20819,0.2,-2.4,0.5,0.010,0.044,-1.097,5.0,-3.9,-9.0,0.0125,-0.0085,-0.0190,1894,2015,1975,2001,0.00,0.01,2.66,0.16,0.9597,1,1,0,0.01,0.00,0.01,-0.05,0.00,0.00,0.17,215,30
20829,-2.1,0.2,2.4,0.014,-0.015,-1.037,5.1,-3.9,-9.0,0.0151,-0.0116,-0.0203,1884,2017,1987,2005,0.00,0.01,2.66,0.16,0.9609,1,1,0,0.01,0.00,0.01,-0.05,0.00,0.00,0.17,215,30
20839,-0.5,-0.2,-3.0,0.021,-0.032,-0.921,5.0,-3.9,-9.0,0.0134,-0.0108,-0.0160,1902,2004,1984,2002,0.00,0.01,2.66,0.16,0.9609,1,1,0,0.01,0.00,0.01,-0.05,0.00,0.00,0.17,215,30
20849,3.8,0.7,0.2,0.032,0.081,-1.027,5.1,-3.9,-9.0,0.0102,-0.0110,-0.0197,1911,2024,1991,2027,0.00,0.01,2.66,0.16,0.9688,1,1,0,0.01,0.00,0.01,-0.05,0.00,0.00,0.17,215,30
20859,-2.1,-1.7,2.8,-0.019,-0.015,-1.051,5.1,-3.9,-9.0,0.0163,-0.0091,-0.0204,1901,2040,2000,2011,0.00,0.01,2.66,0.16,0.9688,1,1,0,0.01,0.00,0.01,-0.05,0.00,0.00,0.17,215,30
20869,-3.0,-0.1,-3.1,0.036,-0.041,-1.004,5.0,-3.9,-9.0,0.0159,-0.0109,-0.0160,1911,2019,2004,2018,0.00,0.01,2.66,0.16,0.9688,1,1,0,0.01,0.00,0.01,-0.05,0.00,0.00,0.17,215,30
20879,3.7,1.3,0.0,0.026,0.058,-0.937,5.0,-3.9,-9.0,0.0078,-0.0120,-0.0193,1914,2017,1989,2033,0.00,0.01,2.66,0.16,0.9688,1,1,0,0.01,0.00,0.01,-0.05,0.00,0.00,0.17,215,30
20889,3.2,0.0,2.4,-0.015,0.063,-1.010,5.1,-3.9,-9.0,0.0096,-0.0109,-0.0206,1904,2034,1997,2017,0.00,0.01,2.66,0.16,0.9688,1,1,0,0.01,0.00,0.01,-0.05,0.00,0.00,0.17,215,30
20899,-6.5,-1.9,-1.4,0.024,-0.079,-1.125,5.1,-3.9,-9.0,0.0198,-0.0090,-0.0173,1904,2036,2007,2005,0.00,0.01,2.66,0.16,0.9688,1,1,0,0.01,0.00,0.01,-0.06,0.00,0.00,0.17,215,30
20909,2.1,0.1,-0.5,0.034,0.011,-0.876,5.0,-3.9,-9.0,0.0090,-0.0118,-0.0184,1916,2011,1989,2036,0.00,0.01,2.66,0.16,0.9688,1,1,0,0.01,0.00,0.01,-0.05,0.00,0.00,0.17,215,30
20920,6.7,3.5,2.2,0.026,0.096,-0.981,5.1,-3.8,-9.0,0.0060,-0.0145,-0.0204,1905,2027,1995,2026,0.00,0.01,2.66,0.16,0.9688,1,1,0,0.01,0.00,0.01,-0.05,0.00,0.00,0.17,215,30
20930,-6.6,-4.1,-0.9,-0.011,-0.050,-1.102,5.0,-3.9,-9.0,0.0202,-0.0060,-0.0175,1904,2047,2003,1993,0.00,0.01,2.66,0.16,0.9688,1,1,1,0.01,0.00,0.01,-0.06,0.00,0.00,0.17,215,30
20940,1.4,-1.2,-0.7,0.014,-0.013,-0.999,5.0,-3.9,-9.0,0.0091,-0.0121,-0.0183,1912,2011,1994,2036,0.00,0.01,2.66,0.16,0.9688,1,1,0,0.01,0.00,0.01,-0.05,0.00,0.00,0.17,215,30
20950,2.9,5.0,1.7,0.041,0.033,-0.932,5.0,-3.8,-9.0,0.0098,-0.0161,-0.0201,1904,2028,2000,2026,0.00,0.01,2.66,0.17,0.9694,1,1,0,0.01,0.00,0.01,-0.06,0.00,0.00,0.17,215,30
20960,-1.8,-4.1,-1.5,-0.007,-0.002,-1.030,5.0,-3.8,-9.0,0.0138,-0.0057,-0.0174,1920,2037,1993,2007,0.00,0.01,2.66,0.17,0.9694,1,1,0,0.01,0.00,0.01,-0.06,0.00,0.00,0.17,215,30
20970,3.1,-0.8,-0.1,0.004,0.040,-1.087,5.0,-3.9,-9.0,0.0099,-0.0110,-0.0188,1909,2022,1997,2029,0.00,0.01,2.66,0.17,0.9694,1,1,0,0.01,0.00,0.01,-0.06,0.00,0.00,0.17,215,30
20980,-3.6,2.1,1.8,0.034,-0.054,-0.916,5.0,-3.9,-9.0,0.0165,-0.0132,-0.0202,1896,2034,2007,2020,0.00,0.01,2.66,0.17,0.9694,1,1,0,0.01,0.00,0.01,-0.06,0.00,0.00,0.17,215,30
20990,1.5,-0.3,-1.9,0.044,0.037,-0.965,4.9,-3.9,-9.0,0.0103,-0.0107,-0.0173,1919,2019,1993,2026,0.00,0.01,2.66,0.17,0.9694,1,1,0,0.01,0.00,0.01,-0.06,0.00,0.00,0.17,215,30
21000,4.0,0.0,1.4,-0.018,0.072,-1.128,5.0,-3.9,-9.0,0.0100,-0.0108,-0.0201,1908,2031,1995,2023,0.00,0.01,2.66,0.17,0.9694,1,1,0,0.01,0.00,0.01,-0.06,0.00,0.00,0.17,215,30
21010,-6.4,-1.5,0.5,-0.009,-0.114,-0.950,5.0,-3.9,-9.6,0.0193,-0.0095,-0.0198,1897,2044,2009,2008,0.00,0.01,2.66,0.17,0.9694,1,1,0,0.01,0.00,0.01,-0.06,0.00,0.00,0.17,215,30
21020,-1.0,1.1,-1.6,0.081,0.020,-0.968,4.9,-3.9,-9.6,0.0097,-0.0128,-0.0187,1926,2034,2012,2046,0.00,0.01,2.66,0.17,0.9774,1,1,0,0.01,0.00,0.01,-0.06,0.00,0.00,0.17,215,30
21030,6.6,0.7,0.7,0.001,0.086,-0.993,5.0,-3.9,-9.6,0.0066,-0.0114,-0.0200,1931,2038,2002,2046,0.00,0.01,2.66,0.17,0.9774,1,1,1,0.01,0.00,0.01,-0.06,0.00,0.00,0.17,215,30
21041,-0.4,-2.0,1.2,-0.036,-0.002,-1.051,5.1,-3.9,-9.6,0.0177,-0.0087,-0.0197,1900,2047,2008,2008,0.00,0.01,2.66,0.17,0.9774,1,1,1,0.01,0.00,0.01,-0.06,0.00,0.00,0.17,215,30
21051,-7.3,-1.4,-1.1,0.043,-0.064,-1.031,5.0,-3.9,-9.6,0.0191,-0.0100,-0.0185,1914,2047,2018,2027,0.00,0.01,2.66,0.17,0.9774,1,1,1,0.01,0.00,0.01,-0.06,0.00,0.00,0.17,215,30
21061,5.3,2.3,-0.2,0.045,0.028,-0.890,4.9,-3.9,-9.6,0.0074,-0.0134,-0.0192,1920,2010,1987,2047,0.00,0.01,2.66,0.17,0.9774,1,1,1,0.01,0.00,0.01,-0.06,0.00,0.00,0.17,215,30
21071,5.9,0.9,1.4,-0.009,0.086,-1.032,5.1,-3.8,-9.6,0.0126,-0.0091,-0.0202,1923,2047,2005,2034,0.00,0.01,2.66,0.17,0.9774,1,1,1,0.01,0.00,0.01,-0.06,0.00,0.00,0.17,215,30
21081,-8.6,-5.1,-0.4,-0.019,-0.061,-1.092,5.0,-3.9,-9.6,0.0216,-0.0061,-0.0189,1898,2047,2003,1997,0.00,0.01,2.66,0.17,0.9774,1,1,1,0.01,0.00,0.01,-0.06,0.00,0.00,0.17,215,30
21091,1.8,2.6,-1.4,0.051,-0.016,-0.936,4.9,-3.9,-9.6,0.0109,-0.0137,-0.0182,1913,2008,2001,2047,0.00,0.01,2.66,0.17,0.9774,1,1,0,0.01,0.00,0.01,-0.06,0.00,0.00,0.17,215,30
21101,3.4,3.7,1.4,0.049,0.051,-0.973,5.0,-3.8,-9.6,0.0094,-0.0148,-0.0205,1921,2040,2010,2046,0.00,0.01,2.66,0.17,0.9774,1,1,1,0.01,0.00,0.01,-0.06,0.00,0.00,0.17,215,30
21111,-0.4,-5.2,0.0,-0.060,0.013,-1.087,5.0,-3.9,-9.6,0.0136,-0.0059,-0.0192,1923,2047,1997,2018,0.00,0.01,2.66,0.17,0.9774,1,1,1,0.01,0.00,0.01,-0.06,0.00,0.00,0.17,215,30
21121,-1.2,0.0,-1.5,0.017,0.005,-1.048,5.0,-3.9,-9.6,0.0141,-0.0110,-0.0181,1914,2043,2025,2035,0.00,0.01,2.66,0.17,0.9774,1,1,0,0.01,0.00,0.01,-0.06,0.00,0.00,0.17,215,30
21131,-4.7,1.7,0.2,0.078,-0.096,-0.868,5.0,-3.9,-9.6,0.0176,-0.0128,-0.0196,1914,2047,2018,2033,0.00,0.01,2.66,0.17,0.9774,1,1,1,0.01,0.00,0.01,-0.06,0.00,0.00,0.17,215,30
21141,7.1,-0.9,0.7,-0.015,0.093,-1.017,4.9,-3.9,-9.6,0.0047,-0.0100,-0.0201,1932,2024,1985,2047,0.00,0.01,2.66,0.17,0.9774,1,1,1,0.01,0.00,0.01,-0.06,0.00,0.00,0.17,215,30
21151,4.6,-0.3,0.2,-0.034,0.066,-1.090,5.1,-3.9,-9.6,0.0082,-0.0108,-0.0196,1911,2047,2015,2024,0.00,0.01,2.66,0.17,0.9774,1,1,0,0.01,0.00,0.01,-0.06,0.00,0.00,0.17,215,30
21162,-10.8,-1.5,-0.4,0.024,-0.102,-0.966,5.0,-3.9,-9.6,0.0226,-0.0104,-0.0186,1891,2047,2016,2001,0.00,0.01,2.66,0.17,0.9786,1,1,1,0.01,0.00,0.02,-0.06,0.00,0.00,0.17,215,30
21172,0.8,1.4,0.0,0.074,0.002,-0.991,4.9,-3.9,-9.6,0.0119,-0.0126,-0.0193,1920,2013,1984,2047,0.00,0.01,2.66,0.17,0.9786,1,1,0,0.01,0.00,0.02,-0.06,0.00,0.00,0.17,215,30
21182,10.0,0.6,0.9,-0.018,0.099,-0.976,5.0,-3.9,-9.6,0.0028,-0.0117,-0.0201,1931,2028,1993,2047,0.00,0.01,2.66,0.17,0.9786,1,1,1,0.01,0.00,0.02,-0.06,0.00,0.00,0.17,215,30
21192,-5.1,-2.8,-0.7,-0.031,-0.032,-1.035,5.1,-3.9,-9.6,0.0220,-0.0085,-0.0181,1895,2047,2010,1996,0.00,0.01,2.66,0.17,0.9786,1,1,1,0.01,0.00,0.02,-0.06,0.00,0.00,0.17,215,30
21202,-8.6,-0.6,-0.5,0.071,-0.080,-1.065,5.0,-3.9,-9.6,0.0215,-0.0105,-0.0190,1918,2047,2020,2042,0.00,0.01,2.66,0.17,0.9786,1,1,1,0.01,0.00,0.02,-0.06,0.00,0.00,0.17,215,30
21212,8.9,3.0,0.6,0.030,0.056,-0.866,5.0,-3.9,-9.6,0.0038,-0.0141,-0.0200,1919,2001,1978,2047,0.00,0.01,2.66,0.17,0.9786,1,1,1,0.01,0.00,0.02,-0.06,0.00,0.00,0.17,215,30
21222,4.9,0.2,0.0,-0.021,0.109,-1.031,5.1,-3.8,-9.6,0.0149,-0.0090,-0.0190,1919,2047,2009,2025,0.00,0.01,2.66,0.17,0.9786,1,1,1,0.01,0.00,0.02,-0.06,0.00,0.00,0.17,215,30
21232,-11.5,-4.5,-0.5,-0.004,-0.110,-1.130,5.1,-3.9,-9.6,0.0245,-0.0065,-0.0190,1889,2047,2008,1994,0.00,0.01,2.66,0.17,0.9786,1,1,1,0.01,0.00,0.02,-0.06,0.00,0.00,0.17,215,30
21242,3.0,3.2,-0.1,0.083,-0.002,-0.906,5.0,-3.9,-9.6,0.0098,-0.0144,-0.0193,1913,2011,1997,2047,0.00,0.01,2.66,0.17,0.9786,1,1,1,0.01,0.00,0.02,-0.06,0.00,0.00,0.17,215,30
21252,7.1,3.3,0.5,0.012,0.087,-0.973,5.0,-3.8,-9.6,0.0090,-0.0106,-0.0197,1932,2041,2007,2047,0.00,0.01,2.66,0.17,0.9786,1,1,0,0.01,0.00,0.02,-0.06,0.00,0.00,0.17,215,30
21262,-3.1,-5.5,-0.2,-0.053,0.004,-1.051,5.0,-3.9,-9.6,0.0161,-0.0055,-0.0192,1907,2047,1999,2003,0.00,0.01,2.66,0.17,0.9792,1,1,1,0.01,0.00,0.02,-0.06,0.00,0.00,0.17,215,30
21272,-2.7,1.4,0.1,0.067,-0.030,-1.043,5.0,-4.0,-9.6,0.0156,-0.0126,-0.0196,1915,2046,2026,2044,0.00,0.01,2.66,0.17,0.9792,1,1,1,0.01,0.00,0.02,-0.06,0.00,0.00,0.17,215,30
21283,-2.0,3.1,-0.2,0.058,-0.050,-0.942,5.0,-3.9,-9.6,0.0127,-0.0136,-0.0191,1928,2040,2015,2047,0.00,0.01,2.66,0.17,0.9792,1,1,0,0.01,0.00,0.02,-0.06,0.00,0.00,0.17,215,30
21293,8.4,-1.5,-0.2,-0.024,0.093,-0.985,5.0,-3.9,-9.6,0.0044,-0.0096,-0.0193,1937,2033,1993,2047,0.00,0.01,2.66,0.17,0.9792,1,1,1,0.01,0.00,0.02,-0.06,0.00,0.00,0.17,215,30
21303,0.4,-0.3,0.9,-0.012,0.059,-1.069,5.1,-3.9,-9.6,0.0186,-0.0109,-0.0200,1901,2047,2013,2018,0.00,0.01,2.66,0.17,0.9884,1,1,1,0.01,0.00,0.02,-0.06,0.00,0.00,0.17,215,30
21313,-10.4,-1.0,-1.2,0.041,-0.123,-0.994,5.0,-3.9,-9.6,0.0221,-0.0103,-0.0183,1907,2047,2019,2017,0.00,0.01,2.66,0.17,0.9884,1,1,1,0.01,0.00,0.02,-0.06,0.00,0.00,0.17,215,30
21323,6.5,1.3,0.1,0.053,0.048,-1.001,4.9,-3.9,-9.6,0.0062,-0.0124,-0.0195,1923,2012,1983,2047,0.00,0.01,2.66,0.17,0.9884,1,1,1,0.01,0.00,0.02,-0.06,0.00,0.00,0.17,215,30
21333,7.7,0.6,1.2,-0.037,0.115,-0.936,5.0,-3.9,-9.6,0.0104,-0.0102,-0.0200,1932,2047,2010,2046,0.00,0.01,2.66,0.17,0.9884,1,1,1,0.01,0.00,0.02,-0.06,0.00,0.00,0.17,215,30
21343,-7.0,-2.7,-1.6,-0.003,-0.077,-1.054,5.0,-3.9,-9.9,0.0199,-0.0083,-0.0183,1896,2047,2011,1997,0.00,0.01,2.66,0.17,0.9884,1,1,1,0.01,0.00,0.02,-0.06,0.00,0.00,0.17,215,30
21353,-6.0,-0.2,0.0,0.072,-0.072,-1.121,4.9,-3.9,-9.9,0.0132,-0.0122,-0.0204,1920,2047,2016,2043,0.00,0.01,2.66,0.17,0.9884,1,1,1,0.01,0.00,0.02,-0.06,0.00,0.00,0.17,215,30
21363,8.6,2.1,0.2,-0.016,0.069,-0.844,4.9,-3.9,-9.9,0.0036,-0.0132,-0.0198,1924,2013,1988,2047,0.00,0.01,2.66,0.17,0.9890,1,1,1,0.01,0.00,0.02,-0.06,0.00,0.00,0.17,215,30
21373,2.5,0.3,-0.6,0.002,0.064,-1.018,5.1,-3.9,-9.9,0.0104,-0.0115,-0.0192,1919,2047,2014,2031,0.00,0.01,2.66,0.17,0.9890,1,1,1,0.01,0.00,0.02,-0.06,0.00,0.00,0.17,215,30
21383,-9.5,-3.9,0.9,0.016,-0.067,-1.118,5.0,-3.9,-9.9,0.0201,-0.0079,-0.0207,1893,2047,1999,2001,0.00,0.01,2.66,0.17,0.9890,1,1,1,0.01,0.00,0.02,-0.07,0.00,0.00,0.17,215,30
21393,5.0,2.2,-0.2,0.028,0.016,-0.947,4.9,-4.0,-9.9,0.0062,-0.0142,-0.0195,1916,2005,1990,2047,0.00,0.01,2.66,0.17,0.9890,1,1,1,0.01,0.00,0.02,-0.06,0.00,0.00,0.17,215,30
21404,4.5,3.2,-0.9,0.021,0.044,-0.947,5.0,-3.9,-9.9,0.0083,-0.0143,-0.0189,1907,2047,2001,2002,0.00,0.01,2.66,0.17,0.9890,1,1,1,0.01,0.00,0.02,-0.07,0.00,0.00,0.17,215,30
21414,-4.7,-4.4,0.4,-0.014,-0.007,-1.035,4.9,-3.9,-9.9,0.0171,-0.0066,-0.0203,1916,2037,2005,2047,0.00,0.01,2.66,0.17,0.9890,1,1,1,0.01,0.00,0.02,-0.07,0.00,0.00,0.17,215,30
21424,0.8,1.0,0.6,0.032,0.017,-1.062,4.9,-4.0,-9.9,0.0116,-0.0142,-0.0200,1917,2037,2020,2047,0.00,0.01,2.66,0.17,0.9890,1,1,1,0.01,0.00,0.02,-0.07,0.00,0.00,0.17,215,30
21434,-2.5,2.0,-1.7,0.027,-0.050,-0.944,4.9,-3.9,-9.9,0.0153,-0.0132,-0.0183,1930,2047,2018,2034,0.00,0.01,2.66,0.17,0.9890,1,1,1,0.01,0.00,0.02,-0.07,0.00,0.00,0.17,215,30
21444,4.9,-0.7,0.7,-0.004,0.076,-0.980,4.9,-3.9,-9.9,0.0078,-0.0104,-0.0203,1923,2039,2000,2047,0.00,0.01,2.66,0.17,0.9963,1,1,1,0.01,0.00,0.02,-0.07,0.00,0.00,0.17,215,30
21454,1.1,0.5,1.6,0.010,0.058,-1.088,5.0,-3.9,-9.9,0.0161,-0.0111,-0.0207,1898,2047,2012,2012,0.00,0.01,2.66,0.17,0.9963,1,1,1,0.01,0.00,0.02,-0.07,0.00,0.00,0.17,215,30
21464,-8.2,-2.1,-2.4,0.007,-0.144,-1.008,4.9,-3.9,-9.9,0.0211,-0.0089,-0.0177,1940,2047,2023,2047,0.00,0.01,2.66,0.17,0.9969,1,1,1,0.01,0.00,0.02,-0.07,0.00,0.00,0.17,215,30
21474,2.6,0.7,0.2,0.049,0.046,-0.977,4.9,-3.9,-9.9,0.0086,-0.0124,-0.0202,1912,2016,1984,2047,0.00,0.01,2.66,0.17,0.9969,1,1,1,0.01,0.00,0.02,-0.07,0.00,0.00,0.17,215,30
21484,4.4,1.7,2.5,0.004,0.077,-0.956,5.0,-3.9,-9.9,0.0124,-0.0110,-0.0213,1903,2047,2004,2012,0.00,0.01,2.66,0.17,0.9969,1,1,1,0.01,0.00,0.02,-0.07,0.00,0.00,0.17,215,30
21494,-5.4,-2.7,-2.9,-0.009,-0.052,-1.058,5.0,-3.9,-9.9,0.0184,-0.0083,-0.0173,1920,2047,2022,2024,0.00,0.01,2.66,0.17,0.9969,1,1,1,0.01,0.00,0.02,-0.07,0.00,0.00,0.17,215,30
21504,-2.6,-0.8,0.0,0.025,-0.030,-1.072,4.9,-3.9,-9.9,0.0120,-0.0120,-0.0203,1915,2025,1996,2047,0.00,0.01,2.66,0.17,0.9969,1,1,1,0.01,0.00,0.02,-0.07,0.00,0.00,0.17,215,30
21514,5.7,2.8,2.1,0.010,0.038,-0.875,5.0,-3.9,-9.9,0.0070,-0.0137,-0.0210,1925,2041,2009,2047,0.00,0.01,2.66,0.17,0.9969,1,1,1,0.01,0.00,0.02,-0.07,0.00,0.00,0.17,215,30
21524,-0.2,-0.3,-2.1,0.021,0.041,-1.067,5.0,-3.9,-9.9,0.0143,-0.0101,-0.0179,1911,2047,2010,2010,0.00,0.01,2.66,0.17,0.9981,1,1,1,0.01,0.00,0.02,-0.07,0.00,0.00,0.17,215,30
21535,-4.6,-4.3,-0.1,-0.004,-0.036,-1.101,5.0,-3.9,-9.9,0.0175,-0.0067,-0.0195,1921,2047,2009,2037,0.00,0.01,2.66,0.17,0.9981,1,1,1,0.01,0.00,0.02,-0.07,0.00,0.00,0.17,215,30
21545,2.1,1.5,2.1,0.015,-0.001,-0.935,5.0,-4.0,-9.9,0.0096,-0.0149,-0.0212,1908,2025,2004,2047,0.00,0.01,2.66,0.17,0.9981,1,1,1,0.01,0.00,0.02,-0.07,0.00,0.00,0.17,215,30
21555,-0.1,2.4,-1.6,0.049,0.011,-0.968,5.0,-3.9,-9.9,0.0134,-0.0126,-0.0183,1923,2047,2011,2025,0.00,0.01,2.66,0.17,0.9981,1,1,1,0.01,0.00,0.02,-0.07,0.00,0.00,0.17,215,30
21565,-0.2,-4.0,-0.5,-0.015,0.017,-1.057,4.9,-3.9,-9.9,0.0130,-0.0070,-0.0192,1930,2047,2005,2040,0.00,0.01,2.66,0.17,0.9981,1,1,1,0.01,0.00,0.02,-0.07,0.00,0.00,0.17,215,30
21575,2.4,0.4,2.1,-0.009,0.028,-1.064,5.0,-4.0,-9.9,0.0123,-0.0132,-0.0212,1915,2046,2020,2047,0.00,0.01,2.66,0.17,0.9981,1,1,1,0.01,0.00,0.02,-0.07,0.00,0.00,0.17,215,30
21585,-6.3,1.0,-1.7,0.064,-0.085,-0.910,5.0,-3.9,-9.9,0.0185,-0.0115,-0.0180,1923,2047,2018,2028,0.00,0.01,2.66,0.17,0.9981,1,1,1,0.01,0.00,0.02,-0.07,0.00,0.00,0.17,215,30
21595,3.4,-0.7,-1.8,0.028,0.049,-0.957,4.9,-3.9,-9.9,0.0054,-0.0109,-0.0189,1930,2020,1990,2047,0.00,0.01,2.66,0.17,0.9981,1,1,1,0.01,0.00,0.02,-0.07,0.00,0.00,0.17,215,30
21605,5.9,1.3,2.4,-0.022,0.082,-1.099,5.0,-3.9,-9.9,0.0087,-0.0122,-0.0217,1902,2047,2009,2025,0.00,0.01,2.67,0.17,0.9987,1,1,1,0.01,0.00,0.02,-0.07,0.00,0.00,0.17,215,30
21615,-9.5,-3.1,0.0,-0.001,-0.110,-1.002,5.0,-3.9,-9.9,0.0224,-0.0079,-0.0196,1907,2047,2014,2013,0.00,0.01,2.66,0.17,0.9987,1,1,1,0.01,0.00,0.02,-0.07,0.00,0.00,0.17,215,30
21625,0.2,0.2,-2.4,0.061,0.008,-0.974,4.8,-4.0,-9.9,0.0066,-0.0135,-0.0186,1919,2007,1988,2047,0.00,0.01,2.66,0.17,0.9987,1,1,1,0.01,0.00,0.02,-0.07,0.00,0.00,0.17,215,30
21635,8.6,3.2,3.0,0.009,0.089,-0.977,4.9,-3.9,-9.9,0.0080,-0.0119,-0.0221,1920,2047,2003,2041,0.00,0.01,2.67,0.17,0.9987,1,1,1,0.01,0.00,0.02,-0.07,0.00,0.00,0.17,215,30
21645,-4.6,-3.7,-0.6,-0.037,-0.030,-1.049,5.0,-3.9,-9.9,0.0175,-0.0074,-0.0192,1900,2047,2008,1996,0.00,0.01,2.67,0.17,0.9987,1,1,1,0.01,0.00,0.02,-0.07,0.00,0.00,0.17,215,30
21656,-4.9,-1.6,-1.2,0.032,-0.036,-1.076,4.8,-4.0,-9.9,0.0169,-0.0103,-0.0189,1920,2041,2017,2047,0.00,0.01,2.67,0.17,0.9987,1,1,1,0.01,0.00,0.02,-0.07,0.00,0.00,0.17,215,30
21666,3.6,3.8,1.7,0.043,0.013,-0.893,4.8,-4.0,-9.9,0.0083,-0.0149,-0.0210,1920,2026,1998,2047,0.00,0.01,2.67,0.17,0.9987,1,1,1,0.01,0.00,0.02,-0.07,0.00,0.00,0.17,215,30
21676,4.1,-0.3,-0.8,-0.002,0.061,-1.014,4.9,-3.9,-9.9,0.0086,-0.0108,-0.0190,1927,2047,2008,2029,0.00,0.01,2.67,0.17,0.9987,1,1,1,0.01,0.00,0.02,-0.07,0.00,0.00,0.17,215,30
21686,-3.8,-4.0,-0.3,-0.021,-0.013,-1.117,4.9,-4.0,-9.9,0.0166,-0.0071,-0.0194,1910,2047,2006,2017,0.00,0.01,2.67,0.17,0.9987,1,1,1,0.01,0.00,0.02,-0.07,0.00,0.00,0.17,215,30
21696,-1.2,1.5,0.3,0.044,-0.046,-0.899,4.8,-4.0,-9.9,0.0132,-0.0136,-0.0199,1913,2026,2009,2047,0.00,0.01,2.67,0.17,0.9987,1,1,1,0.01,0.00,0.02,-0.07,0.00,0.00,0.17,215,30
21706,2.4,3.3,0.0,0.077,0.032,-0.978,4.8,-3.9,-9.9,0.0103,-0.0145,-0.0197,1929,2042,2010,2047,0.00,0.01,2.67,0.17,0.9987,1,1,1,0.01,0.00,0.02,-0.07,0.00,0.00,0.17,215,30
21716,2.1,-3.2,-0.8,-0.074,0.069,-1.069,4.8,-3.9,-9.9,0.0106,-0.0079,-0.0190,1926,2047,2005,2029,0.00,0.01,2.67,0.17,0.9987,1,1,1,0.01,0.00,0.02,-0.07,0.00,0.00,0.17,215,30
21726,-1.5,-0.1,0.9,-0.001,-0.018,-1.027,4.9,-4.0,-9.9,0.0174,-0.0124,-0.0201,1902,2047,2021,2027,0.00,0.01,2.67,0.17,1.0000,1,1,1,0.01,0.00,0.02,-0.07,0.00,0.00,0.17,215,30
21736,-7.9,1.5,-0.2,0.071,-0.098,-0.982,4.8,-4.0,-9.9,0.0207,-0.0127,-0.0195,1915,2047,2018,2034,0.00,0.01,2.67,0.17,1.0000,1,1,1,0.01,0.00,0.02,-0.07,0.00,0.00,0.17,215,30
21746,6.7,-0.6,-0.6,0.011,0.047,-0.966,4.7,-4.0,-9.9,0.0008,-0.0107,-0.0197,1930,2005,1971,2047,0.00,0.01,2.67,0.17,1.0000,1,1,1,0.01,0.00,0.02,-0.07,0.00,0.00,0.17,215,30
21756,9.9,0.8,1.8,-0.031,0.116,-1.016,4.9,-3.9,-9.9,0.0028,-0.0120,-0.0212,1917,2047,2007,2035,0.00,0.01,2.67,0.17,1.0000,1,1,1,0.01,0.00,0.02,-0.07,0.00,0.00,0.17,215,30
21767,-13.6,-3.2,0.0,-0.003,-0.103,-1.054,4.9,-4.0,-9.9,0.0275,-0.0078,-0.0193,1881,2047,2010,1985,0.00,0.01,2.67,0.17,1.0000,1,1,1,0.01,0.00,0.02,-0.07,0.00,0.00,0.17,215,30
21777,1.1,1.3,-2.2,0.072,-0.023,-1.005,4.7,-4.0,-9.9,0.0086,-0.0134,-0.0182,1913,1987,1972,2047,0.00,0.01,2.67,0.17,1.0000,1,1,1,0.01,0.00,0.02,-0.07,0.00,0.00,0.17,215,30
21787,11.1,4.0,2.0,0.011,0.123,-0.928,4.9,-3.9,-9.9,0.0016,-0.0152,-0.0213,1925,2037,2000,2047,0.00,0.01,2.67,0.17,1.0000,1,1,1,0.01,0.00,0.02,-0.07,0.00,0.00,0.17,215,30
21797,-3.6,-4.5,0.3,-0.061,-0.016,-1.017,4.9,-3.9,-9.9,0.0206,-0.0061,-0.0192,1894,2047,2001,1992,0.00,0.01,2.67,0.17,1.0000,1,1,1,0.01,0.00,0.02,-0.07,0.00,0.00,0.17,215,30
21807,-5.6,-0.5,-1.5,0.061,-0.057,-1.109,4.8,-4.0,-10.6,0.0170,-0.0116,-0.0192,1920,2047,2023,2045,0.00,0.01,2.67,0.17,1.0000,1,1,1,0.01,0.00,0.02,-0.07,0.00,0.00,0.17,215,30
21817,4.0,4.0,0.5,0.047,0.011,-0.834,4.8,-4.0,-10.6,0.0086,-0.0152,-0.0206,1916,2017,1993,2047,0.00,0.01,2.67,0.17,1.0000,1,1,1,0.01,0.00,0.02,-0.07,0.00,0.00,0.16,215,30
21827,4.8,-0.1,0.6,-0.028,0.090,-0.992,4.9,-3.9,-10.6,0.0113,-0.0087,-0.0205,1916,2047,1999,2023,0.00,0.01,2.67,0.17,1.0000,1,1,1,0.01,0.00,0.02,-0.07,0.00,0.00,0.16,215,30
21837,-4.4,-4.1,-0.1,0.002,-0.014,-1.124,4.9,-3.9,-10.6,0.0179,-0.0073,-0.0201,1901,2047,2002,2008,0.00,0.01,2.67,0.17,1.0000,1,1,1,0.01,0.00,0.02,-0.07,0.00,0.00,0.16,215,30
21847,-2.2,1.5,-0.7,0.050,-0.062,-0.928,4.8,-4.0,-10.6,0.0149,-0.0128,-0.0195,1917,2030,2012,2047,0.00,0.01,2.67,0.17,1.0000,1,1,1,0.01,0.00,0.02,-0.07,0.00,0.00,0.16,215,30
21857,4.4,2.6,1.0,0.047,0.031,-0.982,4.8,-3.9,-10.6,0.0075,-0.0119,-0.0212,1922,2030,1995,2047,0.00,0.01,2.67,0.17,1.0000,1,1,1,0.01,0.00,0.02,-0.07,0.00,0.00,0.16,215,30
21867,3.0,-2.7,0.6,-0.041,0.054,-1.024,4.8,-3.9,-10.6,0.0103,-0.0083,-0.0207,1923,2047,2001,2033,0.00,0.01,2.67,0.17,1.0000,1,1,1,0.01,0.00,0.02,-0.07,0.00,0.00,0.16,215,30
21877,-3.4,0.0,-1.1,0.008,-0.018,-1.029,4.8,-4.0,-10.6,0.0162,-0.0111,-0.0192,1903,2047,2023,2023,0.00,0.01,2.67,0.17,1.0000,1,1,1,0.01,0.00,0.02,-0.07,0.00,0.00,0.16,215,30
21887,-7.3,0.9,0.4,0.063,-0.083,-1.020,4.7,-3.9,-10.6,0.0188,-0.0119,-0.0206,1909,2047,2012,2031,0.00,0.01,2.67,0.17,1.0000,1,1,1,0.01,0.00,0.02,-0.07,0.00,0.00,0.16,215,30
21898,9.3,-0.8,0.2,-0.008,0.086,-0.926,4.7,-3.9,-10.6,0.0021,-0.0104,-0.0204,1929,2012,1975,2047,0.00,0.01,2.67,0.17,1.0000,1,1,1,0.01,0.00,0.02,-0.07,0.00,0.00,0.16,215,30
21908,4.4,1.7,0.0,-0.010,0.097,-1.002,4.9,-3.9,-10.6,0.0083,-0.0129,-0.0202,1919,2047,2017,2041,0.00,0.01,2.67,0.17,1.0000,1,1,1,0.01,0.00,0.02,-0.08,0.00,0.00,0.16,215,30
21918,-13.3,-3.5,-0.8,0.026,-0.156,-1.091,4.8,-3.9,-10.6,0.0258,-0.0075,-0.0194,1886,2047,2004,1989,0.00,0.01,2.67,0.17,1.0000,1,1,1,0.01,0.00,0.02,-0.08,0.00,0.00,0.16,215,30
21928,4.6,1.4,0.2,0.052,0.037,-0.982,4.7,-4.0,-10.6,0.0079,-0.0126,-0.0204,1914,2007,1981,2047,0.00,0.01,2.67,0.17,1.0000,1,1,1,0.01,0.00,0.02,-0.07,0.00,0.00,0.16,215,30
21938,8.0,3.3,0.7,-0.003,0.109,-0.912,4.9,-3.9,-10.6,0.0104,-0.0117,-0.0202,1926,2042,2010,2047,0.00,0.01,2.67,0.17,1.0000,1,1,1,0.01,0.00,0.02,-0.08,0.00,0.00,0.16,215,30
21948,-5.4,-4.0,-1.1,-0.019,-0.033,-1.043,4.8,-3.9,-10.6,0.0182,-0.0071,-0.0192,1900,2047,2000,1999,0.00,0.01,2.67,0.17,1.0000,1,1,1,0.01,0.00,0.02,-0.08,0.00,0.00,0.16,215,30
21958,-1.8,0.1,1.0,0.043,-0.015,-1.110,4.7,-4.0,-10.6,0.0144,-0.0113,-0.0210,1917,2044,2012,2047,0.00,0.01,2.67,0.17,1.0000,1,1,1,0.01,0.00,0.02,-0.08,0.00,0.00,0.16,215,30
21968,3.6,3.3,0.4,0.013,-0.008,-0.882,4.8,-3.9,-10.6,0.0087,-0.0138,-0.0200,1919,2028,2004,2047,0.00,0.01,2.67,0.17,1.0000,1,1,1,0.01,0.00,0.02,-0.08,0.00,0.00,0.16,215,30
21978,1.7,-0.4,-1.3,0.003,0.048,-1.030,4.8,-3.9,-10.6,0.0116,-0.0100,-0.0192,1924,2047,2008,2032,0.00,0.01,2.67,0.17,1.0000,1,1,1,0.01,0.00,0.02,-0.08,0.00,0.00,0.16,215,30
21988,-1.9,-2.4,1.3,0.009,0.017,-1.096,4.8,-3.9,-10.6,0.0146,-0.0087,-0.0213,1908,2047,2001,2025,0.00,0.01,2.67,0.17,1.0000,1,1,1,0.01,0.00,0.02,-0.08,0.00,0.00,0.16,215,30
21998,-1.2,0.4,-0.2,0.024,-0.045,-0.956,4.8,-4.0,-10.6,0.0139,-0.0116,-0.0200,1924,2047,2020,2046,0.00,0.01,2.67,0.17,1.0000,1,1,1,0.01,0.00,0.02,-0.08,0.00,0.00,0.16,215,30
22009,1.5,2.0,-1.8,0.045,0.020,-0.971,4.8,-3.9,-10.6,0.0111,-0.0132,-0.0187,1930,2042,2016,2047,0.00,0.01,2.67,0.17,1.0000,1,1,1,0.01,0.00,0.02,-0.08,0.00,0.00,0.16,215,30
22019,2.5,-0.7,0.6,-0.018,0.070,-0.990,4.9,-3.9,-10.6,0.0112,-0.0097,-0.0208,1925,2047,2005,2041,0.00,0.01,2.67,0.17,1.0000,1,1,1,0.01,0.00,0.02,-0.08,0.00,0.00,0.16,215,30
22029,-1.6,-0.1,0.6,0.005,-0.005,-1.056,4.9,-4.0,-11.2,0.0155,-0.0112,-0.0211,1903,2047,2012,2025,0.00,0.01,2.67,0.17,1.0000,1,1,1,0.01,0.00,0.02,-0.08,0.00,0.00,0.16,215,30
22039,-6.9,-0.5,-1.9,0.046,-0.114,-1.057,4.8,-3.9,-11.2,0.0196,-0.0105,-0.0191,1918,2047,2012,2029,0.00,0.01,2.67,0.17,1.0000,1,1,1,0.01,0.00,0.02,-0.08,0.00,0.00,0.16,215,30
22049,6.8,0.5,0.7,0.005,0.066,-0.894,4.8,-4.0,-11.2,0.0028,-0.0129,-0.0218,1916,2009,1975,2047,0.00,0.01,2.67,0.17,1.0000,1,1,1,0.01,0.00,0.02,-0.08,0.00,0.00,0.16,215,30
22059,3.7,2.5,1.7,0.009,0.081,-1.037,5.0,-3.9,-11.2,0.0156,-0.0116,-0.0217,1906,2047,2009,2032,0.00,0.01,2.67,0.17,1.0000,1,1,1,0.01,0.00,0.02,-0.08,0.00,0.00,0.16,215,30
22069,-10.3,-4.9,-2.0,-0.001,-0.105,-1.085,4.9,-3.9,-11.2,0.0231,-0.0062,-0.0190,1893,2047,1999,1987,0.00,0.01,2.67,0.17,1.0000,1,1,1,0.01,0.00,0.02,-0.08,0.00,0.00,0.16,215,30
22079,5.4,2.1,-0.1,0.036,0.050,-0.968,4.8,-4.0,-11.2,0.0073,-0.0133,-0.0205,1910,2009,1986,2047,0.00,0.01,2.67,0.17,1.0000,1,1,1,0.01,0.00,0.02,-0.08,0.00,0.00,0.16,215,30
22089,3.2,3.8,2.2,0.026,0.040,-0.926,5.0,-3.9,-11.2,0.0136,-0.0119,-0.0220,1912,2047,2009,2040,0.00,0.01,2.67,0.16,1.0000,1,1,1,0.01,0.00,0.02,-0.08,0.00,0.00,0.16,215,30
22099,-4.3,-4.6,-2.6,-0.015,-0.023,-1.051,4.9,-3.9,-11.2,0.0172,-0.0064,-0.0186,1912,2047,2000,2005,0.00,0.01,2.67,0.16,1.0000,1,1,1,0.01,0.00,0.02,-0.08,0.00,0.00,0.16,215,30
22109,1.3,0.1,-0.1,0.019,0.021,-1.071,4.9,-4.0,-11.2,0.0114,-0.0113,-0.0206,1918,2039,2009,2047,0.00,0.01,2.67,0.16,1.0000,1,1,1,0.01,0.00,0.02,-0.08,0.00,0.00,0.16,215,30
22120,-0.4,3.0,1.6,0.008,-0.037,-0.893,4.9,-3.9,-11.2,0.0135,-0.0129,-0.0211,1916,2047,2016,2045,0.00,0.01,2.67,0.16,1.0000,1,1,1,0.01,0.00,0.02,-0.08,0.00,0.00,0.16,215,30
22130,1.0,-0.4,-2.3,0.033,0.035,-1.006,4.9,-3.9,-11.2,0.0117,-0.0106,-0.0188,1932,2047,2013,2042,0.00,0.01,2.67,0.16,1.0000,1,1,1,0.01,0.00,0.02,-0.08,0.00,0.00,0.16,215,30
22140,1.0,-0.9,0.0,-0.008,0.050,-1.111,4.9,-3.9,-11.2,0.0137,-0.0100,-0.0211,1915,2047,2005,2033,0.00,0.01,2.67,0.16,1.0000,1,1,1,0.01,0.00,0.02,-0.08,0.00,0.00,0.16,215,30
22150,-3.9,-0.8,1.5,-0.015,-0.087,-0.952,4.9,-3.9,-11.2,0.0168,-0.0103,-0.0220,1902,2047,2007,2025,0.00,0.01,2.67,0.16,1.0000,1,1,1,0.01,0.00,0.02,-0.08,0.00,0.00,0.16,215,30
22160,0.1,1.0,-0.8,0.089,0.019,-0.999,4.9,-3.9,-11.2,0.0126,-0.0122,-0.0200,1923,2040,2011,2047,0.00,0.01,2.67,0.16,1.0000,1,1,1,0.01,0.00,0.02,-0.08,0.00,0.00,0.16,215,30
22170,6.5,0.9,0.3,0.000,0.081,-0.957,4.9,-3.9,-11.2,0.0074,-0.0112,-0.0211,1924,2033,1995,2047,0.00,0.01,2.67,0.16,1.0000,1,1,1,0.01,0.00,0.02,-0.08,0.00,0.00,0.16,215,30
22180,0.6,-0.5,0.9,-0.022,0.010,-1.052,4.9,-3.9,-11.2,0.0122,-0.0106,-0.0214,1909,2047,2005,2028,0.00,0.01,2.67,0.16,1.0000,1,1,1,0.01,0.00,0.02,-0.08,0.00,0.00,0.16,215,30
22190,-7.8,-2.8,0.0,0.027,-0.069,-1.072,4.9,-3.9,-11.2,0.0207,-0.0084,-0.0206,1898,2047,2003,2011,0.00,0.01,2.67,0.16,1.0000,1,1,1,0.01,0.00,0.02,-0.08,0.00,0.00,0.16,215,30
22200,5.3,2.3,-1.1,0.031,0.034,-0.892,4.8,-3.9,-11.2,0.0059,-0.0141,-0.0199,1918,2016,1994,2047,0.00,0.01,2.67,0.16,1.0000,1,1,1,0.01,0.00,0.02,-0.08,0.00,0.00,0.16,215,30
22210,6.5,3.5,0.2,0.026,0.081,-0.981,5.0,-3.9,-11.2,0.0077,-0.0138,-0.0209,1923,2045,2010,2047,0.00,0.01,2.67,0.16,1.0000,1,1,1,0.01,0.00,0.02,-0.08,0.00,0.00,0.16,215,30
22221,-7.1,-5.7,0.7,-0.034,-0.047,-1.100,5.0,-3.9,-11.2,0.0200,-0.0053,-0.0213,1894,2047,1987,1992,0.00,0.01,2.67,0.16,1.0000,1,1,1,0.01,0.00,0.02,-0.08,0.00,0.00,0.16,215,30
22231,1.1,-0.4,-0.5,0.005,-0.008,-1.025,4.9,-4.0,-11.2,0.0106,-0.0120,-0.0203,1916,2026,2004,2047,0.00,0.01,2.67,0.16,1.0000,1,1,1,0.01,0.00,0.02,-0.08,0.00,0.00,0.16,215,30
22241,2.1,5.5,-0.2,0.085,0.012,-0.895,5.0,-3.9,-11.2,0.0106,-0.0166,-0.0205,1917,2042,2017,2047,0.00,0.01,2.67,0.16,1.0000,1,1,1,0.01,0.00,0.02,-0.08,0.00,0.00,0.16,215,30
22251,-0.3,-3.0,1.1,-0.030,0.014,-1.046,4.9,-3.9,-11.2,0.0132,-0.0080,-0.0216,1920,2047,1990,2027,0.00,0.01,2.67,0.16,1.0000,1,1,1,0.01,0.00,0.02,-0.08,0.00,0.00,0.16,215,30
22261,3.7,-1.2,0.3,-0.002,0.068,-1.110,5.0,-3.9,-11.2,0.0116,-0.0115,-0.0210,1924,2047,2011,2047,0.00,0.01,2.67,0.16,1.0000,1,1,1,0.01,0.00,0.02,-0.08,0.00,0.00,0.16,215,30
22271,-6.7,0.9,-0.9,0.041,-0.108,-0.921,4.9,-3.9,-11.2,0.0196,-0.0118,-0.0198,1903,2047,2016,2020,0.00,0.01,2.67,0.16,1.0000,1,1,1,0.01,0.00,0.02,-0.08,0.00,0.00,0.16,215,30
22281,2.4,0.7,-0.1,0.045,0.037,-0.985,4.8,-3.9,-11.2,0.0102,-0.0118,-0.0206,1921,2020,1982,2047,0.00,0.01,2.67,0.16,1.0000,1,1,1,0.01,0.00,0.02,-0.08,0.00,0.00,0.16,215,30
22291,8.4,0.7,2.3,-0.017,0.097,-1.044,4.9,-3.9,-11.2,0.0086,-0.0105,-0.0224,1922,2040,1995,2047,0.00,0.01,2.67,0.16,1.0000,1,1,1,0.01,0.00,0.02,-0.08,0.00,0.00,0.16,215,30
22301,-7.7,-2.5,-1.9,-0.013,-0.074,-1.001,5.0,-3.9,-11.2,0.0217,-0.0087,-0.0188,1892,2047,2013,1997,0.00,0.01,2.67,0.16,1.0000,1,1,1,0.01,0.00,0.02,-0.08,0.00,0.00,0.16,215,30
22311,-5.0,0.9,-0.6,0.075,-0.038,-1.029,4.8,-3.9,-11.2,0.0142,-0.0130,-0.0208,1914,2034,2005,2047,0.00,0.01,2.67,0.16,1.0000,1,1,1,0.01,0.00,0.02,-0.08,0.00,0.00,0.16,215,30
22321,9.1,2.1,1.3,0.009,0.076,-0.928,4.9,-3.9,-11.2,0.0036,-0.0132,-0.0218,1917,2012,1978,2047,0.00,0.01,2.67,0.16,1.0000,1,1,1,0.01,0.00,0.02,-0.08,0.00,0.00,0.16,215,30
22331,1.5,-1.2,-0.7,-0.028,0.048,-1.027,5.0,-3.9,-11.2,0.0171,-0.0087,-0.0194,1908,2047,2006,2015,0.00,0.01,2.67,0.16,1.0000,1,1,1,0.01,0.00,0.02,-0.08,0.00,0.00,0.16,215,30
22342,-10.3,-3.1,-0.4,0.026,-0.078,-1.124,5.0,-3.9,-11.2,0.0233,-0.0079,-0.0203,1884,2047,2003,1995,0.00,0.01,2.67,0.16,1.0000,1,1,1,0.01,0.00,0.02,-0.08,0.00,0.00,0.16,215,30
22352,2.0,2.5,0.6,0.052,-0.026,-0.883,4.9,-3.9,-11.2,0.0051,-0.0153,-0.0215,1908,2009,1985,2047,0.00,0.01,2.67,0.16,1.0000,1,1,1,0.01,0.00,0.02,-0.08,0.00,0.00,0.16,215,30
22362,7.6,3.6,-0.2,0.017,0.112,-0.972,5.0,-3.8,-11.2,0.0077,-0.0128,-0.0204,1928,2047,2011,2045,0.00,0.01,2.67,0.16,1.0000,1,1,1,0.01,0.00,0.02,-0.08,0.00,0.00,0.16,215,30
22372,-5.0,-5.4,0.1,-0.062,-0.036,-1.132,5.0,-3.9,-11.2,0.0179,-0.0056,-0.0208,1897,2047,1990,1997,0.00,0.01,2.67,0.16,1.0000,1,1,1,0.01,0.00,0.02,-0.08,0.00,0.00,0.16,215,30
22382,-0.8,0.2,0.5,0.051,-0.017,-0.990,4.9,-3.9,-11.2,0.0112,-0.0148,-0.0213,1910,2033,2009,2047,0.00,0.01,2.67,0.16,1.0000,1,1,1,0.01,0.00,0.02,-0.08,0.00,0.00,0.16,215,30
22392,1.1,3.8,-0.7,0.061,0.002,-0.945,4.9,-3.8,-11.2,0.0114,-0.0142,-0.0200,1925,2043,2015,2047,0.00,0.01,2.67,0.16,1.0000,1,1,1,0.01,0.00,0.02,-0.08,0.00,0.00,0.16,215,30
22402,2.2,-3.1,-0.7,-0.049,0.059,-1.029,4.9,-3.9,-11.5,0.0105,-0.0079,-0.0204,1929,2047,1998,2034,0.00,0.01,2.67,0.16,1.0000,1,1,1,0.01,0.00,0.02,-0.08,0.00,0.00,0.16,215,30
22412,0.7,-0.4,1.3,0.006,0.030,-1.078,5.0,-3.9,-11.5,0.0164,-0.0121,-0.0220,1902,2047,2010,2031,0.00,0.01,2.67,0.16,1.0000,1,1,1,0.01,0.00,0.02,-0.09,0.00,0.00,0.16,215,30
22422,-9.1,0.3,-1.7,0.057,-0.111,-0.956,4.9,-3.9,-11.5,0.0178,-0.0109,-0.0192,1907,2047,2016,2021,0.00,0.01,2.67,0.16,1.0000,1,1,1,0.01,0.00,0.02,-0.09,0.00,0.00,0.16,215,30
22432,8.1,0.7,-0.3,0.032,0.071,-0.984,4.8,-3.9,-11.5,0.0013,-0.0119,-0.0212,1922,2007,1972,2047,0.00,0.01,2.67,0.16,1.0000,1,1,1,0.01,0.00,0.02,-0.08,0.00,0.00,0.16,215,30
22442,7.1,0.0,2.6,-0.035,0.107,-1.027,5.0,-3.9,-11.5,0.0131,-0.0098,-0.0226,1912,2047,1999,2034,0.00,0.01,2.67,0.16,1.0000,1,1,1,0.01,0.00,0.02,-0.09,0.00,0.00,0.16,215,30
22452,-11.6,-2.8,-1.9,-0.009,-0.114,-1.022,4.9,-3.9,-11.5,0.0245,-0.0082,-0.0194,1880,2047,2009,1984,0.00,0.01,2.67,0.16,1.0000,1,1,1,0.01,0.00,0.03,-0.09,0.00,0.00,0.16,215,30
22463,-2.5,1.8,-1.7,0.100,-0.050,-1.060,4.8,-3.9,-11.5,0.0129,-0.0135,-0.0199,1914,2024,2000,2047,0.00,0.01,2.67,0.16,1.0000,1,1,1,0.01,0.00,0.02,-0.08,0.00,0.00,0.16,215,30
22473,10.8,2.1,3.1,-0.020,0.120,-0.886,4.9,-3.9,-11.5,0.0023,-0.0126,-0.0234,1916,2022,1977,2047,0.00,0.01,2.67,0.16,1.0000,1,1,1,0.01,0.00,0.02,-0.09,0.00,0.00,0.16,215,30
22483,-2.0,-2.5,-1.1,-0.041,0.018,-1.071,4.9,-3.9,-11.5,0.0149,-0.0085,-0.0200,1901,2047,2003,2005,0.00,0.01,2.67,0.16,1.0000,1,1,1,0.01,0.00,0.02,-0.09,0.00,0.00,0.16,215,30
22493,-9.4,-2.0,-1.6,0.051,-0.112,-1.118,4.8,-3.9,-11.5,0.0182,-0.0110,-0.0202,1901,2047,2012,2020,0.00,0.01,2.67,0.16,1.0000,1,1,1,0.01,0.00,0.02,-0.09,0.00,0.00,0.16,215,30
22503,5.3,3.0,1.7,0.036,0.024,-0.890,4.7,-3.9,-11.5,0.0072,-0.0141,-0.0224,1905,2000,1972,2047,0.00,0.01,2.67,0.16,1.0000,1,1,1,0.01,0.00,0.02,-0.09,0.00,0.00,0.16,215,30
22513,5.0,0.7,0.1,-0.008,0.084,-1.011,4.9,-3.8,-11.5,0.0077,-0.0118,-0.0210,1926,2047,2005,2041,0.00,0.01,2.67,0.16,1.0000,1,1,1,0.01,0.00,0.02,-0.09,0.00,0.00,0.16,215,30
22523,-7.1,-5.5,-1.7,-0.020,-0.038,-1.071,4.8,-3.9,-11.5,0.0195,-0.0069,-0.0196,1899,2047,1999,1999,0.00,0.01,2.67,0.16,1.0000,1,1,1,0.01,0.00,0.02,-0.09,0.00,0.00,0.16,215,30
22533,0.0,2.8,0.6,0.047,-0.015,-0.992,4.8,-3.9,-11.5,0.0126,-0.0140,-0.0214,1900,2018,1998,2047,0.00,0.01,2.67,0.16,1.0000,1,1,1,0.01,0.00,0.03,-0.09,0.00,0.00,0.16,215,30
22543,1.4,2.3,0.4,0.026,0.002,-0.966,4.8,-3.8,-11.5,0.0112,-0.0134,-0.0213,1923,2045,2010,2047,0.00,0.01,2.67,0.16,1.0000,1,1,1,0.01,0.00,0.02,-0.09,0.00,0.00,0.16,215,30
22553,4.9,-3.2,-1.7,-0.031,0.062,-1.001,4.8,-3.9,-11.5,0.0093,-0.0081,-0.0197,1937,2047,2003,2042,0.00,0.01,2.67,0.16,1.0000,1,1,1,0.01,0.00,0.03,-0.09,0.00,0.00,0.16,215,30
22563,-1.6,1.0,1.9,0.015,0.015,-1.075,4.8,-3.9,-11.5,0.0143,-0.0122,-0.0225,1890,2047,2011,2025,0.00,0.01,2.67,0.16,1.0000,1,1,1,0.01,0.00,0.03,-0.09,0.00,0.00,0.16,215,30
22574,-9.5,-0.6,0.0,0.050,-0.143,-0.990,4.7,-3.9,-11.5,0.0207,-0.0104,-0.0209,1905,2047,2008,2022,0.00,0.01,2.67,0.16,1.0000,1,1,1,0.01,0.00,0.03,-0.09,0.00,0.00,0.16,215,30
22584,8.8,1.2,-2.1,0.028,0.125,-0.952,4.7,-3.9,-11.5,0.0037,-0.0123,-0.0192,1921,2000,1972,2047,0.00,0.01,2.67,0.16,1.0000,1,1,1,0.01,0.00,0.03,-0.09,0.00,0.00,0.16,215,30
22594,3.2,1.1,2.4,-0.028,0.077,-0.994,4.9,-3.9,-11.5,0.0095,-0.0122,-0.0229,1889,2047,1999,2010,0.00,0.01,2.67,0.16,1.0000,1,1,1,0.01,0.00,0.03,-0.09,0.00,0.00,0.16,215,30
22604,-11.0,-3.7,-0.3,0.017,-0.126,-1.067,4.8,-3.9,-11.5,0.0214,-0.0086,-0.0203,1889,2047,2003,1999,0.00,0.01,2.67,0.16,1.0000,1,1,1,0.01,0.00,0.03,-0.09,0.00,0.00,0.16,215,30
22614,4.0,2.5,-1.0,0.061,0.043,-1.004,4.7,-3.9,-11.5,0.0067,-0.0143,-0.0203,1912,2005,1984,2047,0.00,0.01,2.67,0.16,1.0000,1,1,1,0.01,0.00,0.03,-0.09,0.00,0.00,0.16,215,30
22624,6.5,2.2,0.4,-0.020,0.073,-0.883,4.8,-3.9,-11.5,0.0061,-0.0133,-0.0212,1922,2034,2000,2047,0.00,0.01,2.67,0.16,1.0000,1,1,1,0.01,0.00,0.03,-0.09,0.00,0.00,0.16,215,30
22634,-4.9,-2.6,-0.3,0.002,0.009,-1.091,4.9,-3.9,-11.5,0.0201,-0.0079,-0.0208,1892,2047,1998,2001,0.00,0.01,2.67,0.16,1.0000,1,1,1,0.01,0.00,0.03,-0.09,0.00,0.00,0.16,215,30
22644,-4.6,-0.8,0.2,0.026,-0.051,-1.049,4.8,-3.9,-11.5,0.0162,-0.0109,-0.0212,1915,2047,2012,2042,0.00,0.01,2.67,0.16,1.0000,1,1,1,0.01,0.00,0.03,-0.09,0.00,0.00,0.16,215,30
22654,5.4,2.6,-0.3,0.019,0.014,-0.896,4.8,-3.9,-11.5,0.0072,-0.0138,-0.0207,1917,2020,1995,2047,0.00,0.01,2.67,0.16,1.0000,1,1,1,0.01,0.00,0.03,-0.09,0.00,0.00,0.16,215,30
22664,-0.1,0.1,-0.2,0.017,0.051,-1.016,4.9,-3.9,-11.5,0.0138,-0.0104,-0.0208,1909,2047,2001,2022,0.00,0.01,2.67,0.16,1.0000,1,1,1,0.01,0.00,0.03,-0.09,0.00,0.00,0.16,215,30
22674,-3.3,-4.2,0.5,-0.008,-0.006,-1.058,4.9,-3.9,-11.5,0.0161,-0.0068,-0.0213,1910,2047,2000,2026,0.00,0.01,2.67,0.16,1.0000,1,1,1,0.01,0.00,0.03,-0.09,0.00,0.00,0.16,215,30
22684,0.2,1.8,0.2,0.034,-0.019,-1.025,4.9,-3.9,-11.5,0.0123,-0.0136,-0.0211,1913,2038,2013,2047,0.00,0.01,2.67,0.16,1.0000,1,1,1,0.01,0.00,0.03,-0.09,0.00,0.00,0.16,215,30
22695,0.0,0.4,-0.3,0.030,-0.013,-0.944,4.9,-3.9,-11.5,0.0124,-0.0110,-0.0206,1925,2047,2007,2042,0.00,0.01,2.67,0.16,1.0000,1,1,1,0.01,0.00,0.03,-0.09,0.00,0.00,0.16,215,30
22705,4.8,-0.5,0.2,-0.021,0.109,-0.971,4.9,-3.9,-11.5,0.0079,-0.0105,-0.0212,1911,2047,2012,2038,0.00,0.01,2.67,0.16,1.0000,1,1,1,0.01,0.00,0.03,-0.09,0.00,0.00,0.16,215,30
22715,-2.2,0.7,0.0,0.021,-0.012,-1.102,5.0,-3.9,-11.5,0.0167,-0.0116,-0.0209,1898,2047,2008,2009,0.00,0.01,2.67,0.16,1.0000,1,1,1,0.01,0.00,0.03,-0.09,0.00,0.00,0.16,215,30
22725,-8.5,-2.9,-1.3,0.011,-0.107,-1.009,4.9,-3.9,-11.5,0.0213,-0.0081,-0.0198,1925,2028,1996,2047,0.00,0.01,2.67,0.16,1.0000,1,1,1,0.01,0.00,0.03,-0.09,0.00,0.00,0.16,215,30
22735,9.3,2.7,0.5,0.026,0.084,-0.951,4.9,-3.9,-11.5,0.0018,-0.0152,-0.0220,1908,2047,2007,2038,0.00,0.01,2.67,0.16,1.0000,1,1,1,0.01,0.00,0.03,-0.09,0.00,0.00,0.16,215,30
22745,2.3,1.9,0.8,0.006,0.046,-0.979,5.0,-3.8,-11.5,0.0104,-0.0130,-0.0216,1888,2047,1996,1988,0.00,0.01,2.67,0.16,1.0000,1,1,1,0.01,0.00,0.03,-0.09,0.00,0.00,0.16,215,30
22755,-7.5,-4.7,-1.7,-0.013,-0.064,-1.071,4.9,-3.9,-11.5,0.0200,-0.0063,-0.0195,1924,2038,2005,2047,0.00,0.01,2.67,0.16,1.0000,1,1,1,0.01,0.00,0.03,-0.09,0.00,0.00,0.16,215,30
22765,3.6,2.4,0.8,0.043,0.022,-1.036,4.8,-3.9,-11.5,0.0073,-0.0155,-0.0220,1904,2017,1992,2047,0.00,0.01,2.67,0.16,1.0000,1,1,1,0.01,0.00,0.03,-0.09,0.00,0.00,0.16,215,30
22775,2.4,3.0,0.6,0.016,0.013,-0.862,4.9,-3.9,-11.5,0.0103,-0.0141,-0.0214,1912,2047,2002,2019,0.00,0.01,2.67,0.16,1.0000,1,1,1,0.01,0.00,0.03,-0.09,0.00,0.00,0.16,215,30
22785,-1.6,-2.9,-0.7,0.015,0.029,-1.098,4.9,-3.9,-11.5,0.0144,-0.0081,-0.0203,1916,2047,2006,2038,0.00,0.01,2.67,0.16,1.0000,1,1,1,0.01,0.00,0.03,-0.09,0.00,0.00,0.16,215,30
22795,-0.1,-1.2,1.2,-0.007,0.000,-1.080,4.9,-3.9,-11.5,0.0126,-0.0115,-0.0220,1914,2040,2009,2047,0.00,0.01,2.67,0.16,1.0000,1,1,1,0.01,0.00,0.03,-0.09,0.00,0.00,0.16,215,30
22806,-0.8,2.0,-0.3,0.027,-0.038,-0.862,4.9,-3.9,-11.5,0.0136,-0.0131,-0.0206,1925,2047,2018,2046,0.00,0.01,2.67,0.16,1.0000,1,1,1,0.01,0.00,0.03,-0.09,0.00,0.00,0.16,215,30
22816,0.3,1.7,-1.5,0.048,0.038,-1.017,4.9,-3.9,-11.5,0.0123,-0.0110,-0.0203,1917,2047,1995,2030,0.00,0.01,2.67,0.16,1.0000,1,1,1,0.01,0.00,0.03,-0.09,0.00,0.00,0.16,215,30
22826,0.8,-2.5,1.4,-0.030,0.022,-1.048,4.9,-3.9,-11.5,0.0120,-0.0083,-0.0222,1915,2047,2003,2035,0.00,0.01,2.67,0.16,1.0000,1,1,1,0.01,0.00,0.03,-0.09,0.00,0.00,0.16,215,30
22836,-0.4,-0.5,-0.5,0.009,-0.008,-1.026,4.9,-3.9,-11.5,0.0140,-0.0110,-0.0204,1913,2047,2021,2037,0.00,0.01,2.67,0.16,1.0000,1,1,1,0.01,0.00,0.03,-0.09,0.00,0.00,0.16,215,30
22846,-5.8,0.4,-1.1,0.051,-0.047,-0.979,4.9,-3.9,-11.5,0.0156,-0.0108,-0.0202,1929,2047,2006,2046,0.00,0.01,2.67,0.16,1.0000,1,1,1,0.01,0.00,0.03,-0.09,0.00,0.00,0.16,215,30
22856,6.6,0.8,0.7,0.012,0.063,-0.943,4.9,-3.9,-11.5,0.0061,-0.0119,-0.0215,1917,2031,1992,2047,0.00,0.01,2.67,0.16,1.0000,1,1,1,0.01,0.00,0.03,-0.09,0.00,0.00,0.16,215,30
22866,2.2,0.0,1.0,-0.007,0.039,-1.073,5.0,-3.9,-11.5,0.0106,-0.0110,-0.0218,1884,2047,2004,1992,0.00,0.01,2.67,0.16,1.0000,1,1,1,0.01,0.00,0.03,-0.09,0.00,0.00,0.16,215,30
22876,-10.7,-3.9,-1.4,-0.002,-0.096,-1.046,4.9,-3.9,-11.5,0.0204,-0.0085,-0.0195,1926,2047,2016,2045,0.00,0.01,2.67,0.16,1.0000,1,1,1,0.01,0.00,0.03,-0.09,0.00,0.00,0.16,215,30
22886,5.6,2.1,0.0,0.058,0.042,-0.951,4.8,-4.0,-11.5,0.0070,-0.0133,-0.0209,1905,2005,1974,2047,0.00,0.01,2.67,0.16,1.0000,1,1,1,0.01,0.00,0.03,-0.09,0.00,0.00,0.16,215,30
22896,3.1,1.3,1.9,0.020,0.055,-0.966,4.9,-3.9,-11.5,0.0096,-0.0124,-0.0225,1893,2047,1988,1993,0.00,0.01,2.67,0.16,1.0000,1,1,1,0.01,0.00,0.03,-0.09,0.00,0.00,0.16,215,30
22906,-3.9,-5.2,-1.5,-0.045,-0.037,-1.097,4.9,-3.9,-11.5,0.0164,-0.0067,-0.0195,1921,2047,2011,2036,0.00,0.01,2.67,0.16,1.0000,1,1,1,0.01,0.00,0.03,-0.09,0.00,0.00,0.16,215,30
22916,0.0,1.6,0.5,0.051,0.003,-1.023,4.8,-4.0,-11.5,0.0116,-0.0150,-0.0218,1904,2029,2005,2047,0.00,0.01,2.67,0.16,1.0000,1,1,1,0.01,0.00,0.03,-0.09,0.00,0.00,0.16,215,30
22927,0.0,3.1,0.4,0.047,-0.030,-0.855,4.9,-3.9,-11.2,0.0126,-0.0142,-0.0211,1927,2047,2002,2036,0.00,0.01,2.67,0.16,1.0000,1,1,1,0.01,0.00,0.03,-0.09,0.00,0.00,0.16,215,30
22937,4.2,-1.4,-0.3,-0.009,0.081,-1.099,4.9,-3.9,-11.2,0.0087,-0.0094,-0.0205,1918,2047,2003,2034,0.00,0.01,2.67,0.16,1.0000,1,1,1,0.01,0.00,0.03,-0.09,0.00,0.00,0.16,215,30
22947,-2.0,-2.0,0.9,-0.017,-0.018,-1.057,4.9,-3.9,-11.2,0.0159,-0.0093,-0.0213,1901,2047,2013,2022,0.00,0.01,2.67,0.16,1.0000,1,1,1,0.01,0.00,0.03,-0.10,0.00,0.00,0.16,215,30
22957,-5.1,0.4,-1.7,0.057,-0.073,-0.913,4.8,-4.0,-11.2,0.0179,-0.0116,-0.0192,1926,2032,2006,2047,0.00,0.01,2.67,0.16,1.0000,1,1,1,0.01,0.00,0.03,-0.10,0.00,0.00,0.16,215,30
22967,2.9,1.9,0.0,0.053,0.045,-1.018,4.8,-3.9,-11.2,0.0084,-0.0127,-0.0209,1925,2034,1989,2047,0.00,0.01,2.67,0.16,1.0000,1,1,1,0.01,0.00,0.03,-0.09,0.00,0.00,0.16,215,30
22977,6.0,-1.4,1.2,-0.050,0.062,-1.007,4.9,-3.9,-11.2,0.0108,-0.0093,-0.0211,1907,2047,2009,2020,0.00,0.01,2.67,0.16,1.0000,1,1,1,0.01,0.00,0.03,-0.10,0.00,0.00,0.16,216,30
22987,-6.2,-0.6,-0.9,0.005,-0.035,-1.036,4.9,-4.0,-11.2,0.0190,-0.0105,-0.0200,1900,2047,2020,2023,0.00,0.01,2.67,0.16,1.0000,1,1,1,0.01,0.00,0.03,-0.10,0.00,0.00,0.16,216,30
22997,-5.5,0.3,-0.5,0.071,-0.057,-0.993,4.8,-3.9,-11.2,0.0182,-0.0115,-0.0203,1920,2020,1984,2047,0.00,0.01,2.67,0.16,1.0000,1,1,1,0.01,0.00,0.03,-0.10,0.00,0.00,0.16,216,30
23007,12.5,2.1,1.7,0.004,0.111,-0.912,4.8,-3.9,-11.2,0.0006,-0.0128,-0.0221,1918,2015,1978,2047,0.00,0.01,2.67,0.16,1.0000,1,1,1,0.01,0.00,0.03,-0.10,0.00,0.00,0.16,216,30
23017,1.2,-1.4,-0.1,-0.028,0.060,-1.064,5.0,-3.9,-11.2,0.0116,-0.0096,-0.0206,1879,2047,2000,1978,0.00,0.01,2.67,0.16,1.0000,1,1,1,0.01,0.00,0.03,-0.10,0.00,0.00,0.16,216,30
23027,-12.8,-4.6,-1.6,0.021,-0.142,-1.053,4.8,-4.0,-11.2,0.0207,-0.0089,-0.0196,1920,2036,2008,2047,0.00,0.01,2.67,0.16,1.0000,1,1,1,0.01,0.00,0.03,-0.10,0.00,0.00,0.16,216,30
23037,6.4,4.8,0.5,0.098,0.061,-0.923,4.7,-4.0,-11.2,0.0031,-0.0170,-0.0216,1904,1998,1973,2047,0.00,0.01,2.67,0.16,1.0000,1,1,1,0.01,0.00,0.03,-0.10,0.00,0.00,0.16,216,30
23048,3.7,0.4,0.9,-0.033,0.074,-0.972,4.8,-3.9,-11.2,0.0089,-0.0116,-0.0215,1904,2047,1993,2002,0.00,0.01,2.67,0.16,1.0000,1,1,1,0.01,0.00,0.03,-0.10,0.00,0.00,0.16,216,30
23058,-3.8,-5.3,-1.0,-0.038,-0.013,-1.089,4.8,-4.0,-11.2,0.0170,-0.0075,-0.0198,1914,2047,2014,2035,0.00,0.01,2.67,0.16,1.0000,1,1,1,0.01,0.00,0.03,-0.10,0.00,0.00,0.17,216,30
23068,-2.2,1.8,0.2,0.071,-0.028,-1.018,4.8,-4.0,-11.2,0.0149,-0.0130,-0.0208,1908,2033,2010,2047,0.00,0.01,2.67,0.16,1.0000,1,1,1,0.01,0.00,0.03,-0.10,0.00,0.00,0.17,216,30
23078,0.0,2.3,0.1,0.029,-0.026,-0.913,4.7,-3.9,-11.2,0.0095,-0.0117,-0.0206,1936,2042,1999,2047,0.00,0.01,2.67,0.16,1.0000,1,1,1,0.01,0.00,0.03,-0.10,0.00,0.00,0.17,216,30
23088,7.2,-1.2,0.2,-0.017,0.105,-1.060,4.8,-4.0,-11.2,0.0088,-0.0099,-0.0212,1921,2047,2005,2040,0.00,0.01,2.67,0.16,1.0000,1,1,1,0.01,0.00,0.03,-0.10,0.00,0.00,0.17,216,30
23098,-4.4,-1.3,0.2,-0.006,-0.023,-1.041,4.9,-4.0,-11.2,0.0172,-0.0098,-0.0208,1892,2047,2013,2009,0.00,0.01,2.67,0.16,1.0000,1,1,1,0.01,0.00,0.03,-0.10,0.00,0.00,0.17,216,30
23108,-5.5,0.2,-1.8,0.057,-0.075,-0.977,4.7,-4.0,-11.2,0.0182,-0.0114,-0.0192,1925,2039,2012,2047,0.00,0.01,2.67,0.16,1.0000,1,1,1,0.01,0.00,0.03,-0.10,0.00,0.00,0.17,216,30
23118,8.3,1.9,1.7,0.037,0.091,-1.017,4.8,-4.0,-11.2,0.0032,-0.0123,-0.0227,1917,2021,1978,2047,0.00,0.01,2.67,0.16,1.0000,1,1,1,0.01,0.00,0.03,-0.10,0.00,0.00,0.17,216,30
23128,4.5,-1.1,0.1,-0.055,0.084,-0.948,4.9,-4.0,-11.2,0.0082,-0.0100,-0.0208,1901,2047,2006,2006,0.00,0.01,2.67,0.16,1.0000,1,1,1,0.01,0.00,0.03,-0.10,0.00,0.00,0.17,216,30
23138,-9.0,-1.3,-1.9,0.029,-0.084,-1.118,4.8,-4.0,-11.2,0.0225,-0.0106,-0.0192,1895,2047,2016,2012,0.00,0.01,2.67,0.16,1.0000,1,1,1,0.01,0.00,0.03,-0.10,0.00,0.00,0.17,216,30
23148,-0.6,0.0,1.1,0.049,-0.051,-1.014,4.7,-4.0,-11.2,0.0109,-0.0115,-0.0218,1915,2013,1975,2047,0.00,0.01,2.67,0.16,1.0000,1,1,1,0.01,0.00,0.03,-0.10,0.00,0.00,0.17,216,30
23158,11.9,2.2,1.3,-0.028,0.142,-0.845,4.8,-4.0,-11.2,0.0006,-0.0134,-0.0217,1921,2022,1988,2047,0.00,0.01,2.67,0.16,1.0000,1,1,1,0.01,0.00,0.03,-0.10,0.00,0.00,0.17,216,30
23169,-3.3,-1.8,-1.9,0.008,0.005,-1.124,4.9,-4.0,-11.2,0.0217,-0.0078,-0.0189,1887,2047,2004,1987,0.00,0.01,2.67,0.16,1.0000,1,1,1,0.01,0.00,0.03,-0.10,0.00,0.00,0.17,216,30
23179,-8.5,-3.5,0.4,0.019,-0.094,-1.063,4.7,-4.0,-11.2,0.0174,-0.0093,-0.0214,1913,2028,1995,2047,0.00,0.01,2.67,0.16,1.0000,1,1,1,0.01,0.00,0.03,-0.10,0.00,0.00,0.17,216,30
23189,8.5,5.2,1.4,0.049,0.075,-0.933,4.7,-4.0,-11.2,0.0040,-0.0164,-0.0219,1907,2008,1984,2047,0.00,0.01,2.67,0.16,1.0000,1,1,1,0.01,0.00,0.03,-0.10,0.00,0.00,0.17,216,30
23199,-0.6,-0.5,-1.8,-0.010,0.011,-0.977,4.8,-3.9,-11.2,0.0147,-0.0094,-0.0190,1906,2047,2001,1999,0.00,0.01,2.67,0.16,1.0000,1,1,1,0.01,0.00,0.03,-0.10,0.00,0.00,0.17,216,30
23209,-3.6,-4.2,-0.5,0.000,-0.004,-1.069,4.8,-4.0,-11.2,0.0163,-0.0069,-0.0202,1911,2047,2005,2030,0.00,0.01,2.67,0.16,1.0000,1,1,1,0.01,0.00,0.03,-0.10,0.00,0.00,0.17,216,30
23219,0.0,3.4,3.4,0.049,-0.006,-1.015,4.8,-4.0,-11.2,0.0125,-0.0147,-0.0234,1904,2035,2005,2047,0.00,0.01,2.67,0.17,1.0000,1,1,1,0.01,0.00,0.03,-0.10,0.00,0.00,0.17,216,30
23229,0.5,-0.5,-3.3,0.009,-0.024,-0.915,4.8,-4.0,-11.2,0.0114,-0.0102,-0.0178,1941,2047,2016,2044,0.00,0.01,2.67,0.17,1.0000,1,1,1,0.01,0.00,0.03,-0.10,0.00,0.00,0.17,216,30
23239,5.1,0.1,-0.5,0.006,0.107,-1.039,4.8,-4.0,-11.2,0.0074,-0.0113,-0.0202,1922,2046,2009,2047,0.00,0.01,2.67,0.17,1.0000,1,1,1,0.01,0.00,0.03,-0.10,0.00,0.00,0.17,216,30
23249,-4.6,-0.5,3.6,0.000,-0.029,-1.049,4.8,-4.0,-11.2,0.0199,-0.0100,-0.0231,1886,2047,1999,2009,0.00,0.01,2.67,0.17,1.0000,1,1,1,0.01,0.00,0.03,-0.10,0.00,0.00,0.17,216,30
23259,-3.4,-1.4,-2.9,0.038,-0.079,-1.008,4.7,-4.0,-11.2,0.0144,-0.0103,-0.0183,1935,2046,2020,2047,0.00,0.01,2.67,0.17,1.0000,1,1,1,0.01,0.00,0.03,-0.10,0.00,0.00,0.17,216,30
23269,7.7,2.5,-0.7,0.034,0.122,-0.969,4.8,-4.0,-11.2,0.0048,-0.0138,-0.0200,1918,2020,1991,2047,0.00,0.01,2.67,0.17,1.0000,1,1,1,0.01,0.00,0.03,-0.10,0.00,0.00,0.17,216,30
23280,1.5,0.0,2.8,-0.030,0.026,-0.936,4.8,-4.0,-11.2,0.0155,-0.0098,-0.0225,1903,2047,1999,2025,0.00,0.01,2.67,0.17,1.0000,1,1,1,0.01,0.00,0.03,-0.10,0.00,0.00,0.17,216,30
23290,-6.2,-2.7,-1.1,0.040,-0.068,-1.147,4.8,-4.0,-11.2,0.0170,-0.0090,-0.0196,1908,2047,2007,2017,0.00,0.01,2.67,0.17,1.0000,1,1,1,0.01,0.00,0.03,-0.10,0.00,0.00,0.17,216,30
23300,1.3,0.6,-1.3,0.018,-0.009,-0.957,4.7,-4.0,-11.2,0.0112,-0.0119,-0.0196,1923,2031,2004,2047,0.00,0.01,2.67,0.17,1.0000,1,1,1,0.01,0.00,0.03,-0.10,0.00,0.00,0.17,216,30
23310,7.0,3.1,2.2,0.004,0.068,-0.894,4.8,-4.0,-11.2,0.0085,-0.0133,-0.0223,1912,2029,1995,2047,0.00,0.01,2.67,0.17,1.0000,1,1,1,0.01,0.00,0.03,-0.10,0.00,0.00,0.17,216,30
23320,-6.0,-2.6,0.1,0.021,-0.005,-1.109,4.8,-4.0,-11.2,0.0196,-0.0080,-0.0207,1891,2047,1996,1997,0.00,0.01,2.67,0.17,1.0000,1,1,1,0.01,0.00,0.03,-0.10,0.00,0.00,0.17,216,30
23330,-1.5,-3.2,-2.7,0.004,-0.039,-1.040,4.6,-4.1,-11.2,0.0140,-0.0080,-0.0185,1934,2047,2013,2041,0.00,0.01,2.67,0.17,1.0000,1,1,1,0.01,0.00,0.03,-0.10,0.00,0.00,0.17,216,30
23340,5.2,5.3,1.4,0.033,0.034,-0.935,4.7,-4.0,-11.2,0.0075,-0.0167,-0.0219,1902,2018,1997,2047,0.00,0.01,2.67,0.17,1.0000,1,1,1,0.01,0.00,0.03,-0.10,0.00,0.00,0.17,216,30
23350,-2.8,-1.0,0.5,0.015,0.002,-0.966,4.7,-4.0,-11.2,0.0154,-0.0101,-0.0211,1907,2047,1999,2017,0.00,0.01,2.67,0.17,1.0000,1,1,1,0.01,0.00,0.03,-0.10,0.00,0.00,0.17,216,30
23360,0.5,-3.2,-2.7,-0.003,0.046,-1.067,4.7,-4.1,-11.2,0.0109,-0.0098,-0.0189,1934,2047,2013,2043,0.00,0.01,2.67,0.17,1.0000,1,1,1,0.01,0.00,0.03,-0.10,0.00,0.00,0.17,216,30
23370,-0.9,1.7,1.4,0.032,-0.019,-1.028,4.7,-4.0,-10.6,0.0141,-0.0131,-0.0213,1910,2047,2016,2040,0.00,0.01,2.67,0.17,1.0000,1,1,1,0.01,0.00,0.03,-0.10,0.00,0.00,0.17,216,30
23380,-2.1,-0.8,1.3,0.032,-0.050,-0.896,4.6,-4.0,-10.6,0.0147,-0.0104,-0.0212,1920,2047,2007,2039,0.00,0.01,2.67,0.17,1.0000,1,1,1,0.01,0.00,0.03,-0.10,0.00,0.00,0.17,216,30
23391,7.5,0.9,-2.1,0.023,0.118,-1.024,4.7,-4.0,-10.6,0.0060,-0.0124,-0.0190,1928,2023,1998,2047,0.00,0.01,2.67,0.17,1.0000,1,1,1,0.01,0.00,0.03,-0.10,0.00,0.00,0.17,216,30
23401,-2.5,0.0,1.3,-0.010,-0.017,-1.051,4.8,-4.0,-10.6,0.0179,-0.0102,-0.0212,1893,2047,2004,2009,0.00,0.01,2.67,0.17,1.0000,1,1,1,0.01,0.00,0.03,-0.10,0.00,0.00,0.17,216,30
23411,-5.0,-2.1,0.9,0.001,-0.064,-1.023,4.7,-4.1,-10.6,0.0176,-0.0091,-0.0210,1923,2047,2012,2046,0.00,0.01,2.67,0.17,1.0000,1,1,1,0.01,0.00,0.03,-0.10,0.00,0.00,0.17,216,30
23421,5.0,3.1,-1.3,0.055,0.060,-0.963,4.7,-4.1,-10.6,0.0069,-0.0148,-0.0192,1917,2016,1999,2047,0.00,0.01,2.67,0.17,1.0000,1,1,1,0.01,0.00,0.03,-0.10,0.00,0.00,0.17,216,30
23431,1.5,1.0,-0.1,-0.007,0.016,-0.948,4.7,-4.0,-10.6,0.0110,-0.0123,-0.0200,1916,2047,2008,2026,0.00,0.01,2.67,0.17,1.0000,1,1,1,0.01,0.00,0.03,-0.10,0.00,0.00,0.17,216,30
23441,-3.9,-3.2,1.1,-0.005,-0.002,-1.103,4.7,-4.0,-10.6,0.0168,-0.0082,-0.0211,1906,2047,2001,2020,0.00,0.01,2.67,0.17,1.0000,1,1,1,0.01,0.00,0.03,-0.10,0.00,0.00,0.17,216,30
23451,-0.8,0.0,-0.7,0.016,-0.017,-1.006,4.6,-4.1,-10.6,0.0124,-0.0118,-0.0196,1925,2039,2013,2047,0.00,0.01,2.67,0.17,1.0000,1,1,1,0.01,0.00,0.03,-0.10,0.00,0.00,0.17,216,30
23461,3.5,3.3,-1.9,0.037,0.014,-0.869,4.6,-4.1,-9.9,0.0090,-0.0146,-0.0181,1925,2032,2013,2047,0.00,0.01,2.67,0.17,1.0000,1,1,1,0.01,0.00,0.03,-0.10,0.00,0.00,0.17,216,30
23471,-0.2,-0.5,2.0,0.020,0.052,-1.107,4.7,-4.0,-9.9,0.0134,-0.0097,-0.0215,1906,2047,1992,2017,0.00,0.01,2.67,0.17,1.0000,1,1,1,0.01,0.00,0.03,-0.10,0.00,0.00,0.17,216,30
23481,-1.2,-4.4,0.2,-0.054,-0.008,-1.069,4.7,-4.1,-9.9,0.0138,-0.0068,-0.0199,1926,2047,2010,2035,0.00,0.01,2.67,0.17,1.0000,1,1,1,0.01,0.00,0.03,-0.10,0.00,0.00,0.17,216,30
23491,0.4,2.7,-2.1,0.052,-0.016,-0.929,4.7,-4.1,-9.9,0.0127,-0.0156,-0.0180,1920,2036,2027,2047,0.00,0.01,2.67,0.17,1.0000,1,1,1,0.01,0.00,0.03,-0.10,0.00,0.00,0.17,216,30
23502,-2.4,1.6,1.5,0.054,-0.013,-0.980,4.7,-4.0,-9.9,0.0150,-0.0128,-0.0209,1917,2047,2006,2038,0.00,0.01,2.67,0.17,1.0000,1,1,1,0.01,0.00,0.03,-0.10,0.00,0.00,0.17,216,30
23512,5.8,-2.3,0.9,-0.025,0.069,-1.034,4.6,-4.1,-9.9,0.0066,-0.0088,-0.0205,1932,2038,1999,2047,0.00,0.01,2.67,0.17,1.0000,1,1,1,0.01,0.00,0.03,-0.10,0.00,0.00,0.17,216,30
23522,-0.2,1.3,-2.0,0.009,0.007,-1.051,4.8,-4.0,-9.9,0.0182,-0.0125,-0.0176,1911,2047,2028,2025,0.00,0.01,2.67,0.17,1.0000,1,1,1,0.01,0.00,0.03,-0.10,0.00,0.00,0.17,216,30
23532,-10.6,-1.2,0.3,0.039,-0.103,-0.965,4.6,-4.0,-9.9,0.0232,-0.0100,-0.0200,1907,2047,2010,2024,0.00,0.01,2.67,0.17,1.0000,1,1,1,0.01,0.00,0.03,-0.10,0.00,0.00,0.17,216,30
23542,7.1,1.4,1.3,0.039,0.067,-0.972,4.6,-4.0,-9.9,0.0035,-0.0130,-0.0210,1916,2001,1971,2047,0.00,0.01,2.67,0.17,1.0000,1,1,1,0.01,0.00,0.03,-0.10,0.00,0.00,0.17,216,30
23552,3.3,0.0,-1.3,-0.021,0.060,-1.031,4.8,-4.0,-9.9,0.0116,-0.0105,-0.0183,1918,2047,2014,2020,0.00,0.01,2.67,0.17,1.0000,1,1,1,0.01,0.00,0.03,-0.10,0.00,0.00,0.17,216,30
23562,-10.5,-4.1,-1.6,-0.012,-0.117,-1.053,4.7,-4.1,-9.9,0.0232,-0.0071,-0.0184,1892,2047,2008,1992,0.00,0.01,2.67,0.17,1.0000,1,1,1,0.01,0.00,0.03,-0.10,0.00,0.00,0.17,216,30
23572,1.7,2.9,2.3,0.077,0.010,-1.000,4.7,-4.1,-9.9,0.0062,-0.0159,-0.0224,1902,2011,1986,2047,0.00,0.01,2.67,0.17,1.0000,1,1,1,0.01,0.00,0.03,-0.10,0.00,0.00,0.17,216,30
23582,6.1,3.0,-0.6,-0.003,0.078,-0.893,4.8,-4.0,-9.9,0.0064,-0.0143,-0.0192,1937,2044,2015,2047,0.00,0.01,2.67,0.17,1.0000,1,1,1,0.01,0.00,0.03,-0.10,0.00,0.00,0.17,216,30
23592,-3.0,-3.7,-1.6,-0.044,0.003,-1.135,4.8,-4.0,-9.9,0.0157,-0.0075,-0.0184,1910,2047,2006,2008,0.00,0.01,2.67,0.17,1.0000,1,1,1,0.01,0.00,0.03,-0.10,0.00,0.00,0.17,216,30
23602,-6.2,-1.1,2.7,0.044,-0.054,-1.053,4.8,-4.1,-9.9,0.0162,-0.0125,-0.0222,1902,2047,2010,2033,0.00,0.01,2.67,0.17,1.0000,1,1,1,0.01,0.00,0.03,-0.10,0.00,0.00,0.17,216,30
23613,2.6,3.3,-1.0,0.057,0.001,-0.866,4.8,-4.0,-9.9,0.0099,-0.0146,-0.0188,1921,2021,2006,2047,0.00,0.01,2.67,0.17,1.0000,1,1,1,0.01,0.00,0.03,-0.10,0.00,0.00,0.17,216,30
23623,5.0,0.6,-1.2,0.004,0.066,-1.052,4.8,-4.0,-9.9,0.0109,-0.0089,-0.0190,1934,2047,2009,2040,0.00,0.01,2.67,0.17,1.0000,1,1,1,0.01,0.00,0.03,-0.10,0.00,0.00,0.17,216,30
23633,-3.7,-4.8,2.4,-0.029,-0.014,-1.051,4.8,-4.1,-9.9,0.0169,-0.0068,-0.0216,1901,2047,1996,2013,0.00,0.01,2.67,0.17,1.0000,1,1,1,0.01,0.00,0.03,-0.11,0.00,0.00,0.17,216,30
23643,-2.0,2.1,-0.6,0.056,-0.038,-0.963,4.8,-4.1,-9.9,0.0147,-0.0134,-0.0192,1919,2041,2026,2047,0.00,0.01,2.67,0.17,1.0000,1,1,1,0.01,0.00,0.03,-0.11,0.00,0.00,0.17,216,30
23653,1.2,2.2,-2.1,0.064,0.005,-0.991,4.7,-4.0,-9.9,0.0105,-0.0129,-0.0181,1934,2037,2011,2047,0.00,0.01,2.67,0.17,1.0000,1,1,1,0.01,0.00,0.03,-0.10,0.00,0.00,0.17,216,30
23663,7.6,-2.3,2.4,-0.058,0.085,-1.005,4.8,-4.0,-9.9,0.0075,-0.0091,-0.0216,1930,2041,1994,2047,0.00,0.01,2.67,0.17,1.0000,1,1,1,0.01,0.00,0.03,-0.11,0.00,0.00,0.17,216,30
23673,-3.6,0.1,0.4,0.003,-0.006,-1.062,4.9,-4.1,-9.9,0.0164,-0.0114,-0.0200,1896,2047,2018,2015,0.00,0.01,2.67,0.17,1.0000,1,1,1,0.01,0.00,0.03,-0.11,0.00,0.00,0.17,216,30
23683,-10.5,-1.1,-3.4,0.082,-0.159,-0.998,4.7,-4.0,-9.9,0.0168,-0.0104,-0.0172,1918,2047,2021,2023,0.00,0.01,2.67,0.17,1.0000,1,1,1,0.01,0.00,0.03,-0.11,0.00,0.00,0.17,216,30
23693,11.1,1.9,1.7,0.021,0.147,-0.930,4.6,-4.1,-9.9,-0.0016,-0.0138,-0.0217,1911,1987,1956,2047,0.00,0.01,2.67,0.17,1.0000,1,1,1,0.01,0.00,0.03,-0.10,0.00,0.00,0.17,216,30
23703,5.7,0.6,2.6,-0.036,0.096,-1.004,4.8,-4.0,-9.9,0.0158,-0.0095,-0.0209,1908,2047,2004,2023,0.00,0.01,2.67,0.17,1.0000,1,1,1,0.01,0.00,0.03,-0.11,0.00,0.00,0.17,216,30
23713,-13.7,-4.3,-4.2,0.008,-0.145,-1.061,4.8,-4.1,-9.9,0.0229,-0.0089,-0.0162,1899,2047,2019,1994,0.00,0.01,2.67,0.17,1.0000,1,1,1,0.01,0.00,0.03,-0.11,0.00,0.00,0.17,216,30
23724,3.9,3.3,1.1,0.077,0.034,-1.007,4.7,-4.1,-9.9,0.0086,-0.0146,-0.0206,1901,1993,1971,2047,0.00,0.01,2.67,0.17,1.0000,1,1,1,0.01,0.00,0.03,-0.11,0.00,0.00,0.17,216,30
23734,8.3,2.7,2.9,-0.001,0.074,-0.901,4.8,-4.0,-9.9,0.0053,-0.0129,-0.0218,1926,2037,1998,2047,0.00,0.01,2.67,0.17,1.0000,1,1,1,0.01,0.00,0.03,-0.11,0.00,0.00,0.17,216,30
23744,-3.8,-3.7,-3.3,-0.027,0.008,-1.040,4.8,-4.0,-9.9,0.0187,-0.0071,-0.0168,1908,2047,2012,2000,0.00,0.01,2.67,0.17,1.0000,1,1,1,0.01,0.00,0.03,-0.11,0.00,0.00,0.17,216,30
23754,-4.9,-0.3,0.3,0.044,-0.032,-1.082,4.7,-4.1,-9.9,0.0175,-0.0109,-0.0199,1909,2047,2016,2034,0.00,0.01,2.67,0.17,1.0000,1,1,1,0.01,0.00,0.03,-0.11,0.00,0.00,0.17,216,30
23764,3.6,3.3,2.3,0.021,-0.019,-0.892,4.7,-4.0,-9.9,0.0066,-0.0141,-0.0209,1914,2018,1993,2047,0.00,0.01,2.67,0.17,1.0000,1,1,1,0.01,0.00,0.03,-0.11,0.00,0.00,0.17,216,30
23774,4.0,-0.7,-3.1,0.006,0.076,-1.027,4.8,-4.0,-9.9,0.0096,-0.0097,-0.0171,1937,2047,2015,2034,0.00,0.01,2.67,0.17,1.0000,1,1,1,0.01,0.00,0.03,-0.11,0.00,0.00,0.17,216,30
23784,-4.1,-3.3,0.4,-0.011,0.000,-1.057,4.8,-4.1,-9.9,0.0168,-0.0079,-0.0201,1904,2047,2002,2013,0.00,0.01,2.67,0.17,1.0000,1,1,1,0.01,0.00,0.03,-0.11,0.00,0.00,0.17,216,30
23794,-2.7,1.6,1.8,0.050,-0.060,-0.990,4.7,-4.1,-9.9,0.0129,-0.0144,-0.0208,1914,2042,2017,2047,0.00,0.01,2.67,0.17,1.0000,1,1,1,0.01,0.00,0.03,-0.11,0.00,0.00,0.17,216,30
23804,2.3,1.3,-1.5,0.036,0.031,-0.994,4.7,-4.0,-9.9,0.0097,-0.0121,-0.0184,1935,2040,2011,2047,0.00,0.01,2.67,0.17,1.0000,1,1,1,0.01,0.00,0.03,-0.11,0.00,0.00,0.17,216,30
23814,6.5,-1.3,-0.2,-0.044,0.100,-0.941,4.8,-4.1,-9.9,0.0061,-0.0099,-0.0195,1935,2038,2001,2047,0.00,0.01,2.67,0.17,1.0000,1,1,1,0.01,0.00,0.03,-0.11,0.00,0.00,0.17,216,30
23824,-3.5,0.8,2.2,0.041,-0.018,-1.092,4.8,-4.1,-9.9,0.0198,-0.0123,-0.0213,1891,2047,2013,2019,0.00,0.01,2.67,0.17,1.0000,1,1,1,0.01,0.00,0.03,-0.11,0.00,0.00,0.17,216,30
23834,-7.2,-1.4,-1.2,0.035,-0.105,-1.028,4.7,-4.0,-9.9,0.0179,-0.0098,-0.0187,1925,2047,2014,2034,0.00,0.01,2.67,0.17,1.0000,1,1,1,0.01,0.00,0.03,-0.11,0.00,0.00,0.17,216,30
23845,10.6,1.9,-0.3,-0.003,0.111,-0.905,4.7,-4.1,-10.6,0.0019,-0.0132,-0.0199,1918,1998,1974,2047,0.00,0.01,2.67,0.17,1.0000,1,1,1,0.01,0.00,0.03,-0.11,0.00,0.00,0.17,216,30
23855,0.6,1.0,1.3,0.007,0.041,-1.010,4.9,-4.0,-10.6,0.0197,-0.0100,-0.0208,1894,2047,2006,2010,0.00,0.01,2.67,0.17,1.0000,1,1,1,0.01,0.00,0.03,-0.11,0.00,0.00,0.17,217,30
23865,-10.5,-4.9,-1.1,0.004,-0.095,-1.082,4.8,-4.0,-10.6,0.0233,-0.0063,-0.0192,1895,2047,2001,1994,0.00,0.01,2.67,0.17,1.0000,1,1,1,0.01,0.00,0.03,-0.11,0.00,0.00,0.17,217,30
23875,6.0,2.6,-0.4,0.032,0.029,-1.035,4.8,-4.1,-10.6,0.0033,-0.0159,-0.0204,1909,1999,1982,2047,0.00,0.01,2.67,0.17,1.0000,1,1,1,0.01,0.00,0.03,-0.11,0.00,0.00,0.17,217,30
23885,3.6,2.9,1.2,0.002,0.043,-0.883,4.9,-4.0,-10.6,0.0090,-0.0141,-0.0212,1921,2044,2013,2047,0.00,0.01,2.67,0.17,1.0000,1,1,1,0.01,0.00,0.03,-0.11,0.00,0.00,0.17,217,30
23895,-4.3,-3.5,-1.3,-0.008,-0.009,-1.054,4.9,-4.0,-10.6,0.0175,-0.0075,-0.0192,1908,2047,2003,2009,0.00,0.01,2.67,0.17,1.0000,1,1,1,0.01,0.00,0.03,-0.11,0.00,0.00,0.17,217,30
23905,-0.9,-0.7,-0.5,0.034,0.013,-1.156,4.8,-4.0,-10.6,0.0137,-0.0105,-0.0197,1923,2047,2016,2044,0.00,0.01,2.67,0.17,1.0000,1,1,1,0.01,0.00,0.03,-0.11,0.00,0.00,0.17,217,30
23915,0.6,2.2,1.1,0.001,-0.045,-0.883,4.9,-4.0,-10.6,0.0119,-0.0135,-0.0210,1919,2041,2013,2047,0.00,0.01,2.67,0.17,1.0000,1,1,1,0.01,0.00,0.03,-0.11,0.00,0.00,0.17,217,30
23925,1.3,0.0,0.0,0.028,0.058,-1.011,4.9,-4.0,-11.2,0.0120,-0.0102,-0.0209,1922,2047,2006,2040,0.00,0.01,2.67,0.17,1.0000,1,1,1,0.01,0.00,0.03,-0.11,0.00,0.00,0.17,217,30
23935,-0.5,-2.4,-0.4,-0.006,0.017,-1.070,4.8,-4.0,-11.2,0.0134,-0.0087,-0.0204,1918,2047,2004,2030,0.00,0.01,2.67,0.17,1.0000,1,1,1,0.01,0.00,0.03,-0.11,0.00,0.00,0.17,217,30
23945,0.3,-0.3,0.3,0.010,-0.036,-0.991,4.8,-4.0,-11.2,0.0123,-0.0109,-0.0209,1922,2047,2013,2045,0.00,0.01,2.67,0.17,1.0000,1,1,1,0.01,0.00,0.03,-0.11,0.00,0.00,0.17,217,30
23955,-1.0,0.8,0.7,0.041,0.004,-0.991,4.8,-4.0,-11.2,0.0137,-0.0120,-0.0213,1918,2047,2011,2044,0.00,0.01,2.67,0.17,1.0000,1,1,1,0.01,0.00,0.03,-0.11,0.00,0.00,0.17,217,30
23965,5.2,-0.4,0.2,-0.004,0.071,-0.961,4.8,-4.0,-11.2,0.0074,-0.0107,-0.0208,1927,2035,1997,2047,0.00,0.01,2.67,0.17,1.0000,1,1,1,0.01,0.00,0.03,-0.11,0.00,0.00,0.17,217,30
23975,-2.0,0.5,-0.6,0.008,-0.007,-1.083,4.9,-4.0,-11.2,0.0148,-0.0117,-0.0201,1915,2047,2015,2035,0.00,0.01,2.67,0.17,1.0000,1,1,1,0.01,0.00,0.03,-0.11,0.00,0.00,0.17,217,30
23985,-6.1,-2.9,0.3,0.016,-0.069,-0.984,4.8,-4.0,-11.2,0.0189,-0.0082,-0.0210,1916,2021,1986,2047,0.00,0.01,2.67,0.17,1.0000,1,1,1,0.01,0.00,0.03,-0.11,0.00,0.00,0.17,217,30
23995,9.1,3.9,0.4,0.034,0.099,-0.924,4.7,-4.0,-11.2,0.0034,-0.0152,-0.0210,1921,2045,2014,2047,0.00,0.01,2.67,0.17,1.0000,1,1,1,0.01,0.00,0.03,-0.11,0.00,0.00,0.17,217,30
24005,-3.8,-1.6,-0.9,0.002,-0.020,-1.065,4.8,-4.0,-11.2,0.0165,-0.0096,-0.0199,1893,2047,1996,1988,0.00,0.01,2.67,0.17,1.0000,1,1,1,0.01,0.00,0.03,-0.11,0.00,0.00,0.17,217,30
24016,-3.2,-4.4,0.1,-0.017,-0.040,-1.063,4.8,-4.0,-11.2,0.0146,-0.0075,-0.0208,1911,2020,1993,2047,0.00,0.01,2.67,0.17,1.0000,1,1,1,0.01,0.00,0.03,-0.11,0.00,0.00,0.17,217,30
24026,4.0,5.1,1.2,0.046,0.041,-0.941,4.8,-4.1,-11.2,0.0087,-0.0166,-0.0217,1916,2042,2013,2047,0.00,0.01,2.67,0.17,1.0000,1,1,1,0.01,0.00,0.03,-0.11,0.00,0.00,0.17,217,30
24036,-2.8,-1.2,-1.0,0.008,-0.007,-0.969,4.8,-4.0,-11.2,0.0157,-0.0090,-0.0197,1915,2047,1998,2012,0.00,0.01,2.67,0.17,1.0000,1,1,1,0.01,0.00,0.03,-0.11,0.00,0.00,0.17,217,30
24046,2.0,-3.2,-0.1,-0.002,0.047,-1.112,4.8,-4.0,-11.2,0.0105,-0.0084,-0.0208,1923,2047,2009,2047,0.00,0.01,2.67,0.17,1.0000,1,1,1,0.01,0.00,0.03,-0.11,0.00,0.00,0.17,217,30
24056,-3.2,1.8,1.6,0.024,-0.047,-0.934,4.9,-4.0,-11.2,0.0163,-0.0132,-0.0218,1907,2047,2016,2035,0.00,0.01,2.67,0.17,1.0000,1,1,1,0.01,0.00,0.03,-0.11,0.00,0.00,0.17,217,30
24066,0.2,0.5,-1.7,0.041,0.014,-0.978,4.8,-4.0,-11.5,0.0115,-0.0117,-0.0196,1928,2041,2010,2047,0.00,0.01,2.67,0.17,1.0000,1,1,1,0.01,0.00,0.03,-0.11,0.00,0.00,0.17,217,30
24076,5.2,-0.2,0.5,0.000,0.083,-1.094,4.9,-4.0,-11.5,0.0075,-0.0110,-0.0214,1923,2047,2003,2044,0.00,0.01,2.67,0.17,1.0000,1,1,1,0.01,0.00,0.03,-0.11,0.00,0.00,0.17,217,30
24086,-2.8,-1.4,0.7,-0.031,-0.031,-0.994,4.9,-4.0,-11.5,0.0183,-0.0099,-0.0206,1900,2047,2006,2015,0.00,0.01,2.67,0.17,1.0000,1,1,1,0.01,0.00,0.03,-0.11,0.00,0.00,0.17,217,30
24096,-5.2,0.2,-1.2,0.056,-0.062,-1.000,4.8,-4.0,-11.5,0.0162,-0.0121,-0.0200,1918,2047,2018,2043,0.00,0.01,2.67,0.17,1.0000,1,1,1,0.01,0.00,0.03,-0.11,0.00,0.00,0.17,217,30
24106,4.8,0.8,0.1,0.035,0.052,-0.955,4.8,-4.0,-11.5,0.0078,-0.0120,-0.0210,1922,2024,1985,2047,0.00,0.01,2.67,0.17,1.0000,1,1,1,0.01,0.00,0.03,-0.11,0.00,0.00,0.17,217,30
24116,5.4,0.4,0.6,-0.036,0.080,-1.004,4.9,-4.0,-11.5,0.0088,-0.0113,-0.0213,1909,2047,2008,2026,0.00,0.01,2.67,0.17,1.0000,1,1,1,0.01,0.00,0.03,-0.11,0.00,0.00,0.17,217,30
24126,-7.4,-2.7,0.0,0.010,-0.080,-1.149,4.9,-4.0,-11.5,0.0202,-0.0084,-0.0210,1889,2047,2001,2001,0.00,0.01,2.67,0.17,1.0000,1,1,1,0.01,0.00,0.03,-0.11,0.00,0.00,0.17,217,30
24136,0.1,0.8,-0.8,0.056,-0.022,-0.879,4.7,-4.0,-11.5,0.0125,-0.0120,-0.0202,1914,2013,1988,2047,0.00,0.01,2.67,0.17,1.0000,1,1,1,0.01,0.00,0.03,-0.11,0.00,0.00,0.17,217,30
24146,8.1,4.1,0.6,0.021,0.101,-0.974,4.9,-3.9,-12.1,0.0083,-0.0125,-0.0219,1920,2047,2003,2041,0.00,0.01,2.67,0.17,1.0000,1,1,1,0.01,0.00,0.03,-0.11,0.00,0.00,0.17,217,30
24156,-5.7,-5.3,-0.1,-0.043,-0.038,-1.086,4.9,-4.0,-12.1,0.0185,-0.0058,-0.0213,1890,2047,1986,1987,0.00,0.01,2.67,0.17,1.0000,1,1,1,0.01,0.00,0.03,-0.11,0.00,0.00,0.17,217,30
24166,-1.8,-1.5,-1.4,0.014,-0.013,-1.028,4.8,-4.0,-12.1,0.0116,-0.0135,-0.0207,1908,2024,2004,2047,0.00,0.01,2.67,0.17,1.0000,1,1,1,0.01,0.00,0.03,-0.11,0.00,0.00,0.17,217,30
24177,2.4,5.4,0.6,0.079,0.014,-0.948,4.9,-3.9,-12.1,0.0103,-0.0166,-0.0219,1916,2042,2008,2047,0.00,0.01,2.67,0.17,1.0000,1,1,1,0.01,0.00,0.03,-0.11,0.00,0.00,0.17,217,30
24187,0.8,-1.2,0.6,-0.009,0.012,-0.983,4.8,-3.9,-12.1,0.0115,-0.0077,-0.0216,1922,2047,1992,2029,0.00,0.01,2.67,0.17,1.0000,1,1,1,0.01,0.00,0.03,-0.11,0.00,0.00,0.17,217,30
24197,3.4,-1.9,-0.9,-0.012,0.066,-1.088,4.9,-4.0,-12.1,0.0133,-0.0108,-0.0208,1909,2047,2013,2033,0.00,0.01,2.67,0.17,1.0000,1,1,1,0.01,0.00,0.03,-0.12,0.00,0.00,0.17,217,30
24207,-9.7,0.8,0.1,0.040,-0.109,-0.966,4.9,-4.0,-12.1,0.0225,-0.0120,-0.0215,1888,2047,2012,2014,0.00,0.01,2.67,0.17,1.0000,1,1,1,0.01,0.00,0.03,-0.12,0.00,0.00,0.17,217,30
24217,3.3,1.1,0.2,0.068,0.009,-0.978,4.8,-4.0,-12.1,0.0092,-0.0124,-0.0216,1916,2020,1984,2047,0.00,0.01,2.67,0.17,1.0000,1,1,1,0.01,0.00,0.03,-0.11,0.00,0.00,0.17,217,30
24227,9.9,0.8,1.6,-0.028,0.144,-1.028,4.9,-4.0,-12.1,0.0075,-0.0108,-0.0226,1920,2035,1990,2047,0.00,0.01,2.67,0.17,1.0000,1,1,1,0.01,0.00,0.03,-0.12,0.00,0.00,0.17,217,30
24237,-5.9,-3.1,-1.0,-0.048,-0.083,-1.010,4.9,-4.0,-12.1,0.0187,-0.0080,-0.0206,1885,2047,2006,1992,0.00,0.01,2.67,0.17,1.0000,1,1,1,0.01,0.00,0.03,-0.12,0.00,0.00,0.17,217,30
24247,-6.4,0.7,-0.3,0.101,-0.083,-1.067,4.8,-4.0,-12.1,0.0191,-0.0119,-0.0211,1910,2035,2003,2047,0.00,0.01,2.67,0.17,1.0000,1,1,1,0.01,0.00,0.04,-0.12,0.00,0.00,0.17,217,30
24257,8.6,2.0,0.4,0.008,0.088,-0.896,4.8,-3.9,-12.1,0.0023,-0.0123,-0.0218,1918,2009,1973,2047,0.00,0.01,2.67,0.17,1.0000,1,1,1,0.01,0.00,0.03,-0.12,0.00,0.00,0.17,217,30
24267,2.3,-1.0,-0.7,-0.041,0.049,-1.034,4.9,-3.9,-12.1,0.0128,-0.0096,-0.0207,1904,2047,2004,2014,0.00,0.01,2.67,0.17,1.0000,1,1,1,0.01,0.00,0.03,-0.12,0.00,0.00,0.17,217,30
24277,-11.4,-3.5,0.1,0.034,-0.096,-1.110,4.9,-4.0,-12.1,0.0242,-0.0076,-0.0216,1886,2047,2002,2006,0.00,0.01,2.67,0.17,1.0000,1,1,1,0.01,0.00,0.04,-0.12,0.00,0.00,0.17,217,30
24287,2.1,3.0,-0.3,0.048,0.006,-0.926,4.8,-4.0,-12.1,0.0046,-0.0159,-0.0215,1905,2004,1983,2047,0.00,0.01,2.67,0.17,1.0000,1,1,1,0.01,0.00,0.03,-0.12,0.00,0.00,0.17,217,30
24298,8.1,3.0,0.0,0.010,0.083,-0.967,4.9,-3.9,-12.1,0.0075,-0.0120,-0.0213,1924,2047,2004,2040,0.00,0.01,2.67,0.17,1.0000,1,1,1,0.01,0.00,0.03,-0.12,0.00,0.00,0.17,217,30
24308,-5.9,-5.9,1.2,-0.050,-0.023,-1.062,4.9,-4.0,-12.1,0.0199,-0.0055,-0.0223,1890,2047,1989,2001,0.00,0.01,2.67,0.17,1.0000,1,1,1,0.01,0.00,0.03,-0.12,0.00,0.00,0.17,217,30
24318,-0.4,1.4,0.3,0.050,-0.013,-1.019,4.8,-4.0,-12.1,0.0122,-0.0138,-0.0217,1906,2027,2004,2047,0.00,0.01,2.67,0.17,1.0000,1,1,1,0.01,0.00,0.04,-0.12,0.00,0.00,0.17,217,30
24328,1.1,3.6,-1.3,0.063,-0.016,-0.933,4.8,-4.0,-12.1,0.0115,-0.0149,-0.0204,1926,2041,2010,2047,0.00,0.01,2.67,0.17,1.0000,1,1,1,0.01,0.00,0.03,-0.12,0.00,0.00,0.16,217,30
24338,5.0,-2.3,0.8,-0.046,0.071,-0.987,4.8,-4.0,-12.1,0.0081,-0.0084,-0.0223,1930,2046,1993,2047,0.00,0.01,2.67,0.17,1.0000,1,1,1,0.01,0.00,0.03,-0.12,0.00,0.00,0.16,217,30
24348,0.3,-0.1,1.7,0.003,0.059,-1.111,4.9,-4.0,-12.4,0.0124,-0.0110,-0.0231,1890,2047,2008,2022,0.00,0.01,2.67,0.17,1.0000,1,1,1,0.01,0.00,0.04,-0.12,0.00,0.00,0.16,217,30
24358,-10.4,-0.3,-3.1,0.065,-0.171,-0.962,4.8,-4.0,-12.4,0.0232,-0.0108,-0.0192,1915,2047,2016,2026,0.00,0.01,2.67,0.17,1.0000,1,1,1,0.01,0.00,0.04,-0.12,0.00,0.00,0.16,217,30
24368,8.1,1.6,-0.1,0.036,0.104,-0.982,4.7,-4.0,-12.4,0.0008,-0.0133,-0.0226,1909,2000,1962,2047,0.00,0.01,2.67,0.17,1.0000,1,1,1,0.01,0.00,0.03,-0.12,0.00,0.00,0.16,217,30
24378,6.6,0.1,3.5,-0.030,0.098,-0.977,4.9,-3.9,-12.4,0.0106,-0.0099,-0.0241,1900,2047,1992,2022,0.00,0.01,2.67,0.17,1.0000,1,1,1,0.01,0.00,0.03,-0.12,0.00,0.00,0.16,217,30
24388,-9.8,-3.2,-3.8,0.009,-0.101,-1.051,4.9,-4.0,-12.4,0.0227,-0.0079,-0.0186,1899,2047,2015,2004,0.00,0.01,2.67,0.17,1.0000,1,1,1,0.01,0.00,0.04,-0.12,0.00,0.00,0.16,217,30
24398,-0.6,1.6,0.2,0.060,-0.016,-1.043,4.8,-4.0,-12.4,0.0074,-0.0143,-0.0230,1902,2009,1975,2047,0.00,0.01,2.67,0.17,1.0000,1,1,1,0.01,0.00,0.04,-0.12,0.00,0.00,0.16,217,30
24408,8.7,2.9,3.8,-0.009,0.070,-0.876,4.9,-3.9,-12.4,0.0040,-0.0141,-0.0247,1911,2027,1983,2047,0.00,0.01,2.67,0.17,1.0000,1,1,1,0.01,0.00,0.04,-0.12,0.00,0.00,0.16,217,30
24419,-0.6,-1.8,-2.3,-0.001,0.048,-1.038,4.9,-3.9,-12.4,0.0153,-0.0088,-0.0196,1897,2047,2005,2000,0.00,0.01,2.67,0.17,1.0000,1,1,1,0.01,0.00,0.04,-0.12,0.00,0.00,0.16,217,30
24429,-8.2,-2.7,-1.0,0.023,-0.069,-1.079,4.8,-4.0,-12.4,0.0198,-0.0090,-0.0211,1902,2047,2005,2024,0.00,0.01,2.67,0.17,1.0000,1,1,1,0.01,0.00,0.04,-0.12,0.00,0.00,0.16,217,30
24439,6.6,3.8,3.0,0.026,0.012,-0.909,4.8,-4.0,-12.4,0.0046,-0.0155,-0.0239,1900,2006,1974,2047,0.00,0.01,2.67,0.17,1.0000,1,1,1,0.01,0.00,0.04,-0.12,0.00,0.00,0.16,217,30
24449,2.3,0.5,-1.4,0.015,0.064,-0.980,4.9,-3.9,-12.4,0.0116,-0.0107,-0.0203,1911,2047,1999,2013,0.00,0.01,2.67,0.17,1.0000,1,1,1,0.01,0.00,0.04,-0.12,0.00,0.00,0.16,217,30
24459,-3.0,-4.6,-2.1,-0.019,-0.006,-1.059,4.8,-4.0,-12.4,0.0155,-0.0069,-0.0201,1917,2047,2008,2034,0.00,0.01,2.67,0.17,1.0000,1,1,1,0.01,0.00,0.04,-0.12,0.00,0.00,0.16,217,30
24469,-0.7,2.4,2.7,0.063,-0.014,-1.029,4.8,-4.0,-12.4,0.0134,-0.0136,-0.0239,1900,2040,2005,2047,0.00,0.01,2.67,0.17,1.0000,1,1,1,0.01,0.00,0.04,-0.12,0.00,0.00,0.16,217,30
24479,-1.7,0.0,-0.2,0.020,-0.036,-0.930,4.8,-3.9,-12.4,0.0122,-0.0095,-0.0209,1928,2047,2002,2039,0.00,0.01,2.67,0.17,1.0000,1,1,1,0.01,0.00,0.04,-0.12,0.00,0.00,0.16,217,30
24489,6.9,-0.8,-2.4,-0.012,0.101,-0.988,4.8,-4.0,-13.1,0.0057,-0.0103,-0.0202,1924,2031,1995,2047,0.00,0.01,2.67,0.17,1.0000,1,1,1,0.01,0.00,0.04,-0.12,0.00,0.00,0.16,217,30
24499,-2.2,1.1,2.3,0.015,0.013,-1.062,4.9,-3.9,-13.1,0.0169,-0.0120,-0.0240,1875,2047,1998,2005,0.00,0.01,2.67,0.17,1.0000,1,1,1,0.01,0.00,0.04,-0.12,0.00,0.00,0.16,217,30
24509,-9.6,-3.2,0.0,0.015,-0.108,-1.022,4.8,-3.9,-13.1,0.0194,-0.0082,-0.0219,1907,2047,1999,2023,0.00,0.01,2.67,0.17,1.0000,1,1,1,0.01,0.00,0.04,-0.12,0.00,0.00,0.16,217,30
24520,9.0,2.8,-1.3,0.033,0.079,-0.969,4.8,-3.9,-13.1,0.0036,-0.0140,-0.0211,1909,2004,1977,2047,0.00,0.01,2.67,0.17,1.0000,1,1,1,0.01,0.00,0.04,-0.12,0.00,0.00,0.16,217,30
24530,1.2,0.8,1.3,0.000,0.044,-0.942,4.9,-3.9,-13.7,0.0169,-0.0095,-0.0233,1886,2047,1992,2004,0.00,0.01,2.67,0.17,1.0000,1,1,1,0.01,0.00,0.04,-0.12,0.00,0.00,0.16,217,30
24540,-6.3,-3.8,0.1,0.008,-0.057,-1.116,4.8,-4.0,-13.7,0.0183,-0.0076,-0.0228,1899,2047,1994,2019,0.00,0.01,2.67,0.17,1.0000,1,1,1,0.01,0.00,0.04,-0.12,0.00,0.00,0.16,217,30
24550,3.1,1.6,-0.1,0.038,0.011,-1.024,4.8,-4.0,-13.7,0.0095,-0.0128,-0.0225,1906,2020,1988,2047,0.00,0.01,2.67,0.17,1.0000,1,1,1,0.01,0.00,0.04,-0.12,0.00,0.00,0.16,217,30
24560,2.1,2.1,-0.2,-0.004,0.018,-0.834,4.9,-3.9,-13.7,0.0112,-0.0127,-0.0223,1915,2047,2007,2042,0.00,0.01,2.67,0.17,1.0000,1,1,1,0.01,0.00,0.04,-0.12,0.00,0.00,0.16,217,30
24570,-2.2,-2.7,0.6,0.022,0.039,-1.145,4.9,-3.9,-13.7,0.0158,-0.0083,-0.0236,1898,2047,1989,2019,0.00,0.01,2.67,0.17,1.0000,1,1,1,0.01,0.00,0.04,-0.12,0.00,0.00,0.16,217,30
24580,-1.0,-1.4,-0.3,-0.006,-0.038,-1.046,4.8,-4.0,-13.7,0.0137,-0.0097,-0.0224,1919,2047,2007,2046,0.00,0.01,2.67,0.17,1.0000,1,1,1,0.01,0.00,0.04,-0.12,0.00,0.00,0.16,217,30
24590,1.7,2.6,-0.6,0.033,-0.011,-0.917,4.8,-4.0,-13.7,0.0110,-0.0140,-0.0220,1911,2036,2006,2047,0.00,0.01,2.67,0.17,1.0000,1,1,1,0.01,0.00,0.04,-0.12,0.00,0.00,0.16,217,30
24600,0.3,-0.1,0.9,0.018,0.033,-1.023,4.8,-3.9,-13.7,0.0124,-0.0102,-0.0235,1910,2047,1992,2035,0.00,0.01,2.67,0.16,1.0000,1,1,1,0.01,0.00,0.04,-0.12,0.00,0.00,0.16,217,30
24610,1.8,-2.5,0.0,-0.015,0.027,-1.028,4.8,-4.0,-13.7,0.0108,-0.0086,-0.0227,1918,2047,1996,2039,0.00,0.01,2.67,0.16,1.0000,1,1,1,0.01,0.00,0.04,-0.12,0.00,0.00,0.16,217,30
24620,-4.0,1.1,-0.5,0.028,-0.042,-1.040,4.8,-3.9,-13.7,0.0168,-0.0123,-0.0223,1898,2047,2010,2028,0.00,0.01,2.67,0.16,1.0000,1,1,1,0.01,0.00,0.04,-0.12,0.00,0.00,0.16,217,30
24630,-2.6,-1.8,0.3,0.022,-0.021,-0.953,4.8,-3.9,-13.7,0.0138,-0.0095,-0.0230,1918,2047,1997,2044,0.00,0.01,2.67,0.16,1.0000,1,1,1,0.01,0.00,0.04,-0.12,0.00,0.00,0.16,217,30
24641,9.1,2.1,0.4,0.022,0.102,-0.958,4.8,-3.9,-13.7,0.0048,-0.0134,-0.0233,1908,2015,1977,2047,0.00,0.01,2.67,0.16,1.0000,1,1,1,0.01,0.00,0.04,-0.12,0.00,0.00,0.16,217,30
24651,-4.7,-1.3,-0.3,-0.001,-0.020,-1.056,5.0,-3.9,-13.7,0.0193,-0.0090,-0.0222,1882,2047,1994,1994,0.00,0.01,2.67,0.16,1.0000,1,1,1,0.01,0.00,0.04,-0.13,0.00,0.00,0.16,217,30
24661,-6.0,-3.4,-0.3,-0.008,-0.081,-1.049,4.8,-4.0,-13.7,0.0188,-0.0076,-0.0224,1917,2047,2004,2046,0.00,0.01,2.67,0.16,1.0000,1,1,1,0.01,0.00,0.04,-0.12,0.00,0.00,0.16,217,30
24671,6.7,4.5,0.2,0.063,0.083,-0.940,4.9,-3.9,-13.7,0.0057,-0.0160,-0.0230,1898,2010,1983,2047,0.00,0.01,2.67,0.16,1.0000,1,1,1,0.01,0.00,0.04,-0.12,0.00,0.00,0.16,217,30
24681,-1.4,-0.5,-0.3,-0.003,0.001,-0.956,4.9,-3.9,-13.7,0.0151,-0.0095,-0.0223,1901,2047,1993,2014,0.00,0.01,2.67,0.16,1.0000,1,1,1,0.01,0.00,0.04,-0.13,0.00,0.00,0.16,217,30
24691,-1.6,-4.1,-0.4,-0.012,0.009,-1.158,4.9,-3.9,-13.7,0.0144,-0.0070,-0.0223,1912,2047,1996,2035,0.00,0.01,2.67,0.16,1.0000,1,1,1,0.01,0.00,0.04,-0.13,0.00,0.00,0.16,217,30
24701,-0.3,1.6,1.0,0.029,-0.019,-0.947,4.9,-3.9,-13.7,0.0131,-0.0140,-0.0232,1906,2044,2009,2047,0.00,0.01,2.67,0.16,1.0000,1,1,1,0.01,0.00,0.04,-0.13,0.00,0.00,0.16,217,30
24711,0.2,1.5,-2.1,0.042,-0.004,-0.921,4.9,-3.9,-13.7,0.0119,-0.0123,-0.0209,1924,2045,2010,2047,0.00,0.01,2.67,0.16,1.0000,1,1,1,0.01,0.00,0.04,-0.13,0.00,0.00,0.16,217,30
24721,2.5,-0.3,1.3,0.005,0.061,-1.108,4.9,-3.9,-14.0,0.0102,-0.0108,-0.0240,1910,2047,1991,2039,0.00,0.01,2.67,0.16,1.0000,1,1,1,0.01,0.00,0.04,-0.13,0.00,0.00,0.16,217,30
24731,-2.0,-2.1,0.9,-0.023,-0.034,-0.981,4.9,-3.9,-14.0,0.0148,-0.0090,-0.0237,1899,2047,1995,2023,0.00,0.01,2.67,0.16,1.0000,1,1,1,0.01,0.00,0.04,-0.13,0.00,0.00,0.16,217,30
24741,-4.0,0.7,-2.3,0.056,-0.028,-0.983,4.9,-3.9,-14.0,0.0163,-0.0121,-0.0211,1910,2047,2013,2038,0.00,0.01,2.67,0.16,1.0000,1,1,1,0.01,0.00,0.04,-0.13,0.00,0.00,0.16,217,30
24751,2.1,0.5,1.2,0.033,0.030,-0.985,4.9,-3.9,-14.0,0.0106,-0.0116,-0.0239,1912,2034,1982,2047,0.00,0.01,2.67,0.16,1.0000,1,1,1,0.01,0.00,0.04,-0.13,0.00,0.00,0.17,218,30
24762,7.1,0.0,1.3,-0.025,0.070,-0.982,5.0,-3.9,-14.0,0.0093,-0.0106,-0.0235,1918,2042,1994,2047,0.00,0.01,2.67,0.16,1.0000,1,1,1,0.01,0.00,0.04,-0.13,0.00,0.00,0.16,218,30
24772,-7.4,-1.9,-1.6,-0.003,-0.047,-1.107,5.0,-3.9,-14.0,0.0204,-0.0092,-0.0216,1880,2047,1999,1994,0.00,0.01,2.67,0.16,1.0000,1,1,1,0.01,0.00,0.04,-0.13,0.00,0.00,0.16,218,30
24782,-1.8,-0.7,-0.4,0.037,-0.047,-0.966,4.8,-3.9,-14.0,0.0146,-0.0104,-0.0225,1908,2022,1984,2047,0.00,0.01,2.67,0.16,1.0000,1,1,1,0.01,0.00,0.04,-0.13,0.00,0.00,0.16,218,30
24792,8.8,4.5,2.0,0.034,0.124,-0.927,5.0,-3.9,-14.0,0.0071,-0.0138,-0.0245,1902,2022,1981,2047,0.00,0.01,2.67,0.16,1.0000,1,1,1,0.01,0.00,0.04,-0.13,0.00,0.00,0.16,218,30
24802,-4.5,-4.2,-1.2,-0.048,-0.032,-1.084,5.0,-3.9,-14.0,0.0197,-0.0053,-0.0215,1888,2047,1985,1986,0.00,0.01,2.67,0.16,1.0000,1,1,1,0.01,0.00,0.04,-0.13,0.00,0.00,0.16,218,30
24812,-2.2,-2.0,-1.4,0.016,-0.029,-1.049,4.9,-4.0,-14.0,0.0150,-0.0091,-0.0217,1915,2047,2008,2043,0.00,0.01,2.67,0.16,1.0000,1,1,1,0.01,0.00,0.04,-0.13,0.00,0.00,0.16,218,30
24822,2.2,5.5,2.4,0.078,0.017,-0.927,4.9,-3.9,-14.0,0.0106,-0.0167,-0.0249,1893,2029,1994,2047,0.00,0.01,2.67,0.16,1.0000,1,1,1,0.01,0.00,0.04,-0.13,0.00,0.00,0.16,218,30
24832,1.8,-0.8,-0.1,-0.015,0.008,-0.988,4.9,-3.9,-14.0,0.0109,-0.0103,-0.0228,1923,2047,1992,2036,0.00,0.01,2.67,0.16,1.0000,1,1,1,0.01,0.00,0.04,-0.13,0.00,0.00,0.16,218,30
24842,2.4,-1.8,-0.9,-0.009,0.050,-1.097,4.9,-4.0,-14.0,0.0104,-0.0093,-0.0221,1915,2047,2001,2039,0.00,0.01,2.67,0.16,1.0000,1,1,1,0.01,0.00,0.04,-0.13,0.00,0.00,0.16,218,30
24852,-7.7,0.6,1.8,0.034,-0.082,-0.960,4.9,-4.0,-14.0,0.0199,-0.0118,-0.0240,1881,2047,2001,2017,0.00,0.01,2.67,0.16,1.0000,1,1,1,0.01,0.00,0.04,-0.13,0.00,0.00,0.16,218,30
24862,2.3,0.6,-1.3,0.052,0.024,-0.982,4.8,-4.0,-14.6,0.0086,-0.0118,-0.0224,1916,2025,1984,2047,0.00,0.01,2.67,0.16,1.0000,1,1,1,0.01,0.00,0.04,-0.13,0.00,0.00,0.16,218,30
24872,7.8,0.3,0.2,-0.017,0.091,-1.035,5.0,-3.9,-14.6,0.0049,-0.0115,-0.0236,1917,2034,1985,2047,0.00,0.01,2.67,0.16,1.0000,1,1,1,0.01,0.00,0.04,-0.13,0.00,0.00,0.16,218,30
24883,-4.6,-2.5,0.8,-0.027,-0.030,-1.002,5.0,-4.0,-14.6,0.0190,-0.0085,-0.0239,1879,2047,1991,2001,0.00,0.01,2.67,0.16,1.0000,1,1,1,0.01,0.00,0.04,-0.13,0.00,0.00,0.16,218,30
24893,-6.3,-0.1,-0.6,0.076,-0.071,-1.049,4.9,-4.0,-14.6,0.0191,-0.0110,-0.0229,1910,2047,2006,2046,0.00,0.01,2.67,0.16,1.0000,1,1,1,0.01,0.00,0.04,-0.13,0.00,0.00,0.16,218,30
24903,7.1,2.0,-0.3,0.034,0.060,-0.899,4.9,-4.0,-14.6,0.0030,-0.0128,-0.0233,1910,2010,1970,2047,0.00,0.01,2.67,0.16,1.0000,1,1,1,0.01,0.00,0.04,-0.13,0.00,0.00,0.16,218,30
24913,6.1,0.2,0.3,-0.043,0.118,-0.996,5.0,-3.9,-14.6,0.0067,-0.0113,-0.0237,1903,2047,1995,2026,0.00,0.01,2.67,0.16,1.0000,1,1,1,0.01,0.00,0.04,-0.13,0.00,0.00,0.16,218,30
24923,-9.5,-3.9,0.0,0.011,-0.071,-1.136,5.0,-4.0,-14.6,0.0232,-0.0073,-0.0234,1870,2047,1988,1989,0.00,0.01,2.67,0.16,1.0000,1,1,1,0.01,0.00,0.04,-0.13,0.00,0.00,0.16,218,30
24933,1.6,1.9,-0.3,0.058,-0.021,-0.900,4.8,-4.0,-14.6,0.0090,-0.0140,-0.0232,1901,2011,1979,2047,0.00,0.01,2.67,0.16,1.0000,1,1,1,0.01,0.00,0.04,-0.13,0.00,0.00,0.16,218,30
24943,6.5,3.8,0.2,0.021,0.081,-0.979,5.0,-3.9,-14.6,0.0063,-0.0150,-0.0237,1908,2030,1990,2047,0.00,0.01,2.67,0.16,1.0000,1,1,1,0.01,0.00,0.04,-0.13,0.00,0.00,0.16,218,30
24953,-2.8,-4.9,0.6,-0.041,0.000,-1.046,5.0,-4.0,-14.6,0.0171,-0.0060,-0.0238,1892,2047,1980,2005,0.00,0.01,2.67,0.16,1.0000,1,1,1,0.01,0.00,0.04,-0.13,0.00,0.00,0.16,218,30
24963,-1.3,-0.1,-0.4,0.036,-0.012,-1.032,4.9,-4.0,-14.6,0.0142,-0.0110,-0.0230,1908,2047,2008,2045,0.00,0.01,2.67,0.16,1.0000,1,1,1,0.01,0.00,0.04,-0.13,0.00,0.00,0.16,218,30
24973,-1.9,2.8,-0.5,0.065,-0.037,-0.960,4.9,-3.9,-14.6,0.0124,-0.0125,-0.0230,1912,2047,2007,2047,0.00,0.01,2.67,0.16,1.0000,1,1,1,0.01,0.00,0.04,-0.13,0.00,0.00,0.16,218,30
24984,6.1,-1.6,0.3,-0.017,0.063,-0.971,4.9,-4.0,-14.6,0.0066,-0.0095,-0.0237,1922,2033,1977,2047,0.00,0.01,2.67,0.16,1.0000,1,1,1,0.01,0.00,0.04,-0.13,0.00,0.00,0.16,218,30
24994,2.9,0.3,1.0,-0.022,0.092,-1.067,5.1,-4.0,-14.6,0.0166,-0.0115,-0.0240,1893,2047,2000,2028,0.00,0.01,2.67,0.16,1.0000,1,1,1,0.01,0.00,0.04,-0.13,0.00,0.00,0.16,218,30
25004,-11.2,-1.8,-1.8,0.042,-0.153,-0.999,5.0,-4.0,-14.6,0.0234,-0.0094,-0.0218,1887,2047,2002,2007,0.00,0.01,2.67,0.16,1.0000,1,1,1,0.01,0.00,0.04,-0.13,0.00,0.00,0.16,218,30
25014,5.1,2.5,0.6,0.075,0.062,-0.987,4.8,-4.0,-14.6,0.0076,-0.0137,-0.0240,1899,2006,1968,2047,0.00,0.01,2.67,0.16,1.0000,1,1,1,0.01,0.00,0.04,-0.13,0.00,0.00,0.16,218,30
25024,8.1,1.5,2.5,-0.031,0.118,-0.939,5.0,-3.9,-14.6,0.0063,-0.0121,-0.0253,1913,2045,1992,2047,0.00,0.01,2.67,0.16,1.0000,1,1,1,0.01,0.00,0.04,-0.13,0.00,0.00,0.16,218,30
25034,-8.1,-3.3,-3.1,0.000,-0.074,-1.093,5.0,-4.0,-14.6,0.0223,-0.0083,-0.0207,1884,2047,2000,1994,0.00,0.01,2.67,0.16,1.0000,1,1,1,0.01,0.00,0.04,-0.13,0.00,0.00,0.16,218,30
25044,-3.3,0.7,0.8,0.068,-0.043,-1.046,4.9,-4.0,-14.6,0.0162,-0.0119,-0.0241,1904,2045,2002,2047,0.00,0.01,2.67,0.16,1.0000,1,1,1,0.01,0.00,0.04,-0.13,0.00,0.00,0.16,218,30
25054,8.5,2.6,1.9,-0.002,0.057,-0.878,4.9,-4.0,-14.6,0.0042,-0.0139,-0.0250,1904,2012,1969,2047,0.00,0.01,2.67,0.16,1.0000,1,1,1,0.01,0.00,0.04,-0.13,0.00,0.00,0.16,218,30
25064,0.0,-1.7,-2.8,0.001,0.051,-1.086,5.1,-3.9,-14.6,0.0145,-0.0087,-0.0210,1901,2047,1997,2010,0.00,0.01,2.67,0.16,1.0000,1,1,1,0.01,0.00,0.04,-0.13,0.00,0.00,0.16,218,30
25074,-7.0,-3.3,-0.1,0.011,-0.061,-1.050,5.0,-4.0,-14.6,0.0199,-0.0078,-0.0233,1888,2047,1993,2012,0.00,0.01,2.67,0.16,1.0000,1,1,1,0.01,0.00,0.04,-0.13,0.00,0.00,0.16,218,30
25084,3.5,3.9,2.3,0.044,-0.006,-0.959,4.9,-4.0,-14.6,0.0067,-0.0161,-0.0251,1891,2012,1977,2047,0.00,0.01,2.67,0.16,1.0000,1,1,1,0.01,0.00,0.04,-0.13,0.00,0.00,0.16,218,30
25095,2.9,1.0,-1.4,0.019,0.046,-0.982,5.0,-3.9,-14.6,0.0099,-0.0122,-0.0222,1922,2047,2003,2044,0.00,0.01,2.67,0.16,1.0000,1,1,1,0.01,0.00,0.04,-0.13,0.00,0.00,0.16,218,30
25105,0.0,-3.2,-1.3,-0.033,0.031,-1.019,5.0,-4.0,-14.6,0.0140,-0.0088,-0.0227,1908,2047,1995,2027,0.00,0.01,2.67,0.16,1.0000,1,1,1,0.01,0.00,0.04,-0.13,0.00,0.00,0.16,218,30
25115,-3.9,1.4,2.9,0.053,-0.035,-1.081,5.0,-4.0,-14.6,0.0168,-0.0126,-0.0258,1883,2047,1999,2030,0.00,0.01,2.67,0.16,1.0000,1,1,1,0.01,0.00,0.04,-0.14,0.00,0.00,0.16,218,30
25125,-4.2,-0.8,-1.0,0.034,-0.083,-0.966,4.9,-3.9,-14.6,0.0123,-0.0097,-0.0222,1916,2047,2000,2037,0.00,0.01,2.67,0.16,1.0000,1,1,1,0.01,0.00,0.04,-0.14,0.00,0.00,0.16,218,30
25135,9.7,0.5,-1.9,-0.003,0.119,-0.950,4.9,-4.0,-14.6,0.0027,-0.0122,-0.0222,1914,2015,1977,2047,0.00,0.01,2.67,0.16,1.0000,1,1,1,0.01,0.00,0.04,-0.13,0.00,0.00,0.16,218,30
25145,-3.3,0.1,2.8,0.000,0.000,-1.044,5.1,-3.9,-14.6,0.0163,-0.0113,-0.0257,1872,2047,1989,2006,0.00,0.01,2.67,0.16,1.0000,1,1,1,0.01,0.00,0.04,-0.14,0.00,0.00,0.16,218,30
25155,-9.2,-3.9,-1.1,0.017,-0.098,-1.054,4.9,-4.0,-14.6,0.0165,-0.0092,-0.0223,1900,2047,1997,2019,0.00,0.01,2.67,0.16,1.0000,1,1,1,0.01,0.00,0.04,-0.14,0.00,0.00,0.16,218,30
25165,7.9,3.1,-1.6,0.045,0.050,-0.992,4.9,-4.0,-14.6,0.0048,-0.0143,-0.0221,1903,2001,1972,2047,0.00,0.01,2.67,0.16,1.0000,1,1,1,0.01,0.00,0.04,-0.14,0.00,0.00,0.16,218,30
25175,3.5,1.1,2.4,-0.018,0.047,-0.904,5.0,-3.9,-14.6,0.0107,-0.0114,-0.0252,1901,2047,1990,2032,0.00,0.01,2.67,0.16,1.0000,1,1,1,0.01,0.00,0.04,-0.14,0.00,0.00,0.16,218,30
25185,-4.0,-3.8,0.1,0.017,-0.015,-1.114,5.0,-3.9,-14.6,0.0166,-0.0082,-0.0236,1895,2047,1989,2015,0.00,0.01,2.67,0.16,1.0000,1,1,1,0.01,0.00,0.04,-0.14,0.00,0.00,0.16,218,30
25195,-1.1,0.1,-1.8,0.031,-0.034,-1.039,4.9,-4.0,-14.6,0.0122,-0.0124,-0.0221,1913,2037,2004,2047,0.00,0.01,2.67,0.16,1.0000,1,1,1,0.01,0.00,0.04,-0.14,0.00,0.00,0.16,218,30
25205,3.3,2.4,0.5,0.007,0.010,-0.890,5.0,-3.9,-14.6,0.0095,-0.0135,-0.0239,1908,2036,1995,2047,0.00,0.01,2.67,0.16,1.0000,1,1,1,0.01,0.00,0.04,-0.14,0.00,0.00,0.16,218,30
25215,-0.6,-1.6,1.1,0.014,0.050,-1.079,5.0,-3.9,-14.6,0.0135,-0.0095,-0.0244,1899,2047,1988,2026,0.00,0.01,2.67,0.16,1.0000,1,1,1,0.01,0.00,0.04,-0.14,0.00,0.00,0.16,218,30
25225,-1.4,-2.0,-1.8,-0.003,-0.022,-1.013,5.0,-4.0,-14.6,0.0143,-0.0091,-0.0220,1912,2047,2003,2033,0.00,0.01,2.67,0.16,1.0000,1,1,1,0.01,0.00,0.04,-0.14,0.00,0.00,0.16,218,30
25236,-0.6,1.8,-0.6,0.046,-0.015,-0.999,5.0,-3.9,-14.6,0.0135,-0.0130,-0.0229,1909,2047,2010,2045,0.00,0.01,2.67,0.16,1.0000,1,1,1,0.01,0.00,0.04,-0.14,0.00,0.00,0.16,218,30
25246,3.4,-0.6,2.6,-0.001,0.052,-0.963,4.9,-3.9,-14.6,0.0093,-0.0105,-0.0255,1908,2047,1991,2042,0.00,0.01,2.67,0.16,1.0000,1,1,1,0.01,0.00,0.04,-0.14,0.00,0.00,0.16,218,30
25256,2.0,0.6,-1.1,0.007,0.046,-1.037,5.0,-3.9,-14.6,0.0107,-0.0118,-0.0225,1896,2047,2010,2018,0.00,0.01,2.67,0.16,1.0000,1,1,1,0.01,0.00,0.04,-0.14,0.00,0.00,0.16,218,30
25266,-8.0,-2.6,-0.8,0.020,-0.091,-1.050,5.0,-3.9,-14.6,0.0209,-0.0085,-0.0227,1917,2043,1994,2047,0.00,0.01,2.67,0.16,1.0000,1,1,1,0.01,0.00,0.04,-0.14,0.00,0.00,0.16,218,30
25276,7.6,1.9,2.1,0.026,0.064,-0.921,4.9,-3.9,-14.6,0.0051,-0.0131,-0.0251,1896,2010,1967,2047,0.00,0.01,2.67,0.16,1.0000,1,1,1,0.01,0.00,0.04,-0.14,0.00,0.00,0.16,218,30
25286,2.3,1.8,0.0,0.023,0.074,-0.998,5.0,-3.9,-14.6,0.0124,-0.0120,-0.0232,1883,2047,1989,1992,0.00,0.01,2.67,0.16,1.0000,1,1,1,0.01,0.00,0.04,-0.14,0.00,0.00,0.16,218,30
25296,-6.3,-5.0,-1.9,-0.020,-0.095,-1.105,4.9,-4.0,-14.6,0.0184,-0.0064,-0.0220,1912,2047,1998,2034,0.00,0.01,2.67,0.16,1.0000,1,1,1,0.01,0.00,0.04,-0.14,0.00,0.00,0.16,218,30
25306,4.6,2.8,2.2,0.043,0.049,-0.995,4.9,-4.0,-14.6,0.0073,-0.0156,-0.0255,1888,2016,1981,2047,0.00,0.01,2.67,0.16,1.0000,1,1,1,0.01,0.00,0.04,-0.14,0.00,0.00,0.16,218,30
25316,-0.5,1.4,0.0,0.019,0.002,-0.885,5.0,-3.9,-14.6,0.0134,-0.0125,-0.0234,1903,2047,1991,2015,0.00,0.01,2.67,0.16,1.0000,1,1,1,0.01,0.00,0.04,-0.14,0.00,0.00,0.16,218,30
25326,0.3,-3.2,-2.7,0.000,0.036,-1.110,4.9,-3.9,-14.6,0.0118,-0.0082,-0.0218,1919,2047,1997,2038,0.00,0.01,2.67,0.16,1.0000,1,1,1,0.01,0.00,0.04,-0.14,0.00,0.00,0.16,218,30
25336,0.1,0.4,2.3,0.003,0.007,-1.042,4.9,-3.9,-14.6,0.0127,-0.0116,-0.0253,1898,2047,2003,2044,0.00,0.01,2.67,0.16,1.0000,1,1,1,0.01,0.00,0.04,-0.14,0.00,0.00,0.16,218,30
25346,-1.9,0.8,-0.8,0.024,-0.040,-0.918,4.9,-3.9,-14.6,0.0148,-0.0119,-0.0228,1919,2046,2008,2047,0.00,0.01,2.67,0.16,1.0000,1,1,1,0.01,0.00,0.04,-0.14,0.00,0.00,0.16,218,30
25356,1.9,1.4,-2.2,0.037,0.060,-1.034,4.9,-3.9,-14.6,0.0105,-0.0120,-0.0224,1917,2045,2002,2047,0.00,0.01,2.67,0.16,1.0000,1,1,1,0.01,0.00,0.04,-0.14,0.00,0.00,0.16,218,30
25366,0.8,-1.1,3.2,-0.022,0.010,-1.026,5.0,-3.9,-14.6,0.0128,-0.0097,-0.0260,1893,2047,1987,2025,0.00,0.01,2.67,0.16,1.0000,1,1,1,0.01,0.00,0.04,-0.14,0.00,0.00,0.16,218,30
25376,-4.2,-1.0,-0.2,0.020,-0.039,-1.028,5.0,-3.9,-14.6,0.0171,-0.0101,-0.0232,1905,2047,2006,2036,0.00,0.01,2.67,0.16,1.0000,1,1,1,0.01,0.00,0.04,-0.14,0.00,0.00,0.16,218,30
25386,-0.9,0.8,-1.8,0.049,-0.010,-0.996,4.9,-3.9,-14.0,0.0102,-0.0124,-0.0220,1916,2032,1994,2047,0.00,0.01,2.67,0.16,1.0000,1,1,1,0.01,0.00,0.04,-0.14,0.00,0.00,0.16,218,30
25396,6.3,2.1,1.6,-0.001,0.065,-0.935,5.0,-3.9,-14.0,0.0070,-0.0130,-0.0243,1912,2047,1999,2047,0.00,0.01,2.67,0.16,1.0000,1,1,1,0.01,0.00,0.04,-0.14,0.00,0.00,0.16,218,30
25406,-4.4,-2.0,0.1,-0.008,0.007,-1.116,5.0,-3.9,-14.0,0.0173,-0.0090,-0.0231,1881,2047,1990,1995,0.00,0.01,2.67,0.16,1.0000,1,1,1,0.01,0.00,0.04,-0.14,0.00,0.00,0.16,218,30
25417,-5.5,-3.1,-2.0,0.010,-0.069,-1.009,4.9,-4.0,-14.0,0.0136,-0.0106,-0.0215,1918,2039,2004,2047,0.00,0.01,2.67,0.16,1.0000,1,1,1,0.01,0.00,0.04,-0.14,0.00,0.00,0.16,218,30
25427,6.8,4.9,0.9,0.068,0.072,-0.881,4.9,-3.9,-14.0,0.0059,-0.0161,-0.0237,1901,2026,1988,2047,0.00,0.01,2.67,0.16,1.0000,1,1,1,0.01,0.00,0.04,-0.14,0.00,0.00,0.16,218,30
25437,-1.8,-1.8,1.1,-0.014,0.011,-1.060,5.0,-3.9,-14.0,0.0147,-0.0092,-0.0238,1895,2047,1979,2004,0.00,0.01,2.67,0.16,1.0000,1,1,1,0.01,0.00,0.04,-0.14,0.00,0.00,0.16,218,30
25447,-0.6,-4.3,-2.1,-0.037,0.000,-1.076,4.9,-4.0,-14.0,0.0131,-0.0075,-0.0212,1921,2047,2010,2047,0.00,0.01,2.67,0.16,1.0000,1,1,1,0.01,0.00,0.04,-0.14,0.00,0.00,0.16,218,30
25457,-0.1,2.9,0.5,0.058,-0.010,-0.966,5.0,-3.9,-14.0,0.0129,-0.0141,-0.0233,1902,2042,2010,2047,0.00,0.01,2.67,0.16,1.0000,1,1,1,0.01,0.00,0.04,-0.14,0.00,0.00,0.16,218,30
25467,-0.5,-0.4,0.7,0.025,-0.009,-0.954,4.9,-3.9,-14.0,0.0133,-0.0107,-0.0235,1921,2047,1993,2045,0.00,0.01,2.67,0.16,1.0000,1,1,1,0.01,0.00,0.04,-0.14,0.00,0.00,0.16,218,30
25477,8.0,-0.3,0.0,-0.007,0.101,-1.079,5.0,-4.0,-14.0,0.0073,-0.0113,-0.0232,1915,2042,1998,2047,0.00,0.01,2.67,0.16,1.0000,1,1,1,0.01,0.00,0.04,-0.14,0.00,0.00,0.16,218,30
25487,-4.4,-0.4,0.3,-0.009,-0.035,-1.006,5.0,-3.9,-14.0,0.0173,-0.0107,-0.0232,1881,2047,2001,2005,0.00,0.01,2.67,0.16,1.0000,1,1,1,0.01,0.00,0.04,-0.14,0.00,0.00,0.16,218,30
25497,-4.7,-0.2,-0.1,0.056,-0.048,-0.978,4.9,-4.0,-14.0,0.0175,-0.0109,-0.0228,1910,2037,1996,2047,0.00,0.01,2.67,0.16,1.0000,1,1,1,0.01,0.00,0.04,-0.14,0.00,0.00,0.16,218,30
25507,8.2,2.5,0.5,0.047,0.091,-0.989,4.9,-3.9,-14.0,0.0039,-0.0135,-0.0236,1912,2025,1979,2047,0.00,0.01,2.67,0.16,1.0000,1,1,1,0.01,0.00,0.04,-0.14,0.00,0.00,0.16,218,30
25517,1.3,-0.8,-0.1,-0.046,0.027,-0.993,5.0,-3.9,-14.0,0.0114,-0.0103,-0.0228,1898,2047,1997,2013,0.00,0.01,2.67,0.16,1.0000,1,1,1,0.01,0.00,0.04,-0.14,0.00,0.00,0.16,218,30
25527,-7.5,-2.0,-0.2,0.023,-0.057,-1.114,4.9,-4.0,-14.0,0.0203,-0.0091,-0.0227,1892,2047,2002,2023,0.00,0.01,2.67,0.16,1.0000,1,1,1,0.01,0.00,0.04,-0.14,0.00,0.00,0.16,218,30
25538,1.6,2.1,0.5,0.060,-0.022,-0.897,4.8,-4.0,-14.0,0.0096,-0.0138,-0.0234,1906,2015,1980,2047,0.00,0.01,2.67,0.16,1.0000,1,1,1,0.01,0.00,0.04,-0.14,0.00,0.00,0.16,218,30
25548,5.5,2.1,-1.8,0.002,0.083,-0.953,4.9,-3.9,-14.0,0.0072,-0.0132,-0.0214,1926,2047,2006,2045,0.00,0.01,2.67,0.16,1.0000,1,1,1,0.01,0.00,0.04,-0.14,0.00,0.00,0.16,218,30
25558,-3.1,-3.6,1.0,-0.033,0.004,-1.142,4.9,-3.9,-14.0,0.0186,-0.0070,-0.0240,1884,2047,1985,2005,0.00,0.01,2.67,0.16,1.0000,1,1,1,0.01,0.00,0.04,-0.14,0.00,0.00,0.16,218,30
25568,-3.4,-1.3,1.2,0.025,-0.043,-0.960,4.9,-4.0,-13.7,0.0162,-0.0098,-0.0237,1900,2026,1997,2047,0.00,0.01,2.67,0.16,1.0000,1,1,1,0.01,0.00,0.05,-0.14,0.00,0.00,0.16,218,30
25578,2.9,4.4,-2.1,0.075,0.025,-0.970,4.9,-3.9,-13.7,0.0098,-0.0156,-0.0209,1918,2034,2003,2047,0.00,0.01,2.67,0.16,1.0000,1,1,1,0.01,0.00,0.04,-0.14,0.00,0.00,0.16,218,30
25588,3.1,-2.2,1.1,-0.030,0.041,-1.025,4.9,-3.9,-13.7,0.0104,-0.0077,-0.0238,1914,2047,1986,2033,0.00,0.01,2.67,0.16,1.0000,1,1,1,0.01,0.00,0.04,-0.14,0.00,0.00,0.16,218,30
25598,2.0,-1.4,1.7,-0.017,0.033,-1.044,4.9,-4.0,-13.7,0.0107,-0.0097,-0.0240,1896,2047,2007,2032,0.00,0.01,2.67,0.16,1.0000,1,1,1,0.01,0.00,0.04,-0.14,0.00,0.00,0.16,218,30
25608,-8.6,1.3,-2.5,0.063,-0.084,-0.999,4.9,-3.9,-13.7,0.0214,-0.0125,-0.0206,1902,2047,2013,2025,0.00,0.01,2.67,0.16,1.0000,1,1,1,0.01,0.00,0.04,-0.15,0.00,0.00,0.16,218,30
25618,4.3,-0.3,0.0,0.023,0.012,-0.958,4.8,-4.0,-13.7,0.0026,-0.0112,-0.0234,1913,2008,1961,2047,0.00,0.01,2.67,0.16,1.0000,1,1,1,0.01,0.00,0.04,-0.14,0.00,0.00,0.16,218,30
25628,10.1,1.0,3.2,-0.027,0.148,-1.010,5.0,-3.9,-13.7,0.0027,-0.0122,-0.0253,1906,2047,1993,2039,0.00,0.01,2.67,0.16,1.0000,1,1,1,0.01,0.00,0.04,-0.15,0.00,0.00,0.16,218,30
25638,-11.8,-3.5,-2.9,-0.006,-0.115,-1.054,5.0,-3.9,-13.7,0.0247,-0.0076,-0.0203,1883,2047,2005,1989,0.00,0.01,2.67,0.16,1.0000,1,1,1,0.01,0.00,0.05,-0.15,0.00,0.00,0.16,218,30
25648,0.5,1.8,-2.1,0.074,-0.033,-1.035,4.8,-4.0,-13.7,0.0050,-0.0152,-0.0223,1899,1994,1966,2047,0.00,0.01,2.67,0.16,1.0000,1,1,1,0.01,0.00,0.05,-0.15,0.00,0.00,0.16,218,30
25659,9.5,3.9,4.6,0.005,0.121,-0.896,4.9,-3.9,-13.7,0.0032,-0.0150,-0.0264,1906,2033,1979,2047,0.00,0.01,2.67,0.16,1.0000,1,1,1,0.01,0.00,0.04,-0.15,0.00,0.00,0.16,218,30
25669,-1.2,-3.8,-1.3,-0.045,0.000,-1.045,5.0,-3.9,-13.7,0.0182,-0.0064,-0.0207,1896,2047,1996,1999,0.00,0.01,2.67,0.16,1.0000,1,1,1,0.01,0.00,0.05,-0.15,0.00,0.00,0.16,218,30
25679,-5.5,-1.6,-2.7,0.049,-0.046,-1.107,4.9,-4.0,-13.7,0.0183,-0.0095,-0.0205,1908,2047,2012,2038,0.00,0.01,2.67,0.16,1.0000,1,1,1,0.01,0.00,0.05,-0.15,0.00,0.00,0.16,218,30
25689,3.1,3.5,3.1,0.031,-0.011,-0.883,4.9,-3.9,-13.7,0.0096,-0.0146,-0.0252,1900,2018,1977,2047,0.00,0.01,2.68,0.16,1.0000,1,1,1,0.01,0.00,0.05,-0.15,0.00,0.00,0.16,218,30
25699,5.2,0.0,-0.3,0.000,0.074,-1.014,5.0,-3.9,-13.7,0.0105,-0.0091,-0.0220,1915,2047,1995,2028,0.00,0.01,2.67,0.16,1.0000,1,1,1,0.01,0.00,0.05,-0.15,0.00,0.00,0.16,218,30
25709,-3.8,-4.1,-2.3,-0.008,0.011,-1.067,5.0,-3.9,-13.7,0.0181,-0.0071,-0.0210,1896,2047,1997,2007,0.00,0.01,2.67,0.16,1.0000,1,1,1,0.01,0.00,0.05,-0.15,0.00,0.00,0.16,218,30
25719,-3.1,2.1,1.5,0.030,-0.052,-0.975,4.9,-3.9,-13.7,0.0159,-0.0133,-0.0239,1899,2037,2003,2047,0.00,0.01,2.68,0.16,1.0000,1,1,1,0.01,0.00,0.05,-0.15,0.00,0.00,0.16,218,30
25729,2.8,1.3,0.6,0.048,0.013,-1.009,4.9,-3.9,-13.7,0.0090,-0.0119,-0.0232,1922,2038,1987,2047,0.00,0.01,2.68,0.16,1.0000,1,1,1,0.01,0.00,0.05,-0.15,0.00,0.00,0.16,218,30
25739,6.5,-1.3,-1.5,-0.043,0.085,-0.967,4.9,-3.9,-13.7,0.0063,-0.0098,-0.0214,1930,2047,2003,2047,0.00,0.01,2.68,0.16,1.0000,1,1,1,0.01,0.00,0.05,-0.15,0.00,0.00,0.16,218,30
25749,-1.8,0.4,0.5,0.012,0.002,-1.052,5.0,-3.9,-13.1,0.0197,-0.0118,-0.0225,1881,2047,2007,2011,0.00,0.01,2.68,0.16,1.0000,1,1,1,0.01,0.00,0.05,-0.15,0.00,0.00,0.16,218,30
25760,-10.8,-1.9,1.2,0.062,-0.166,-1.058,4.9,-3.9,-13.1,0.0237,-0.0092,-0.0232,1899,2047,1995,2022,0.00,0.01,2.68,0.16,1.0000,1,1,1,0.01,0.00,0.05,-0.15,0.00,0.00,0.16,218,30
25780,2.9,1.1,1.4,-0.012,0.069,-1.003,5.1,-3.9,-13.1,0.0128,-0.0113,-0.0233,1874,2047,1992,1992,0.00,0.01,2.68,0.16,1.0000,1,1,1,0.01,0.00,0.05,-0.15,0.00,0.00,0.16,218,30
25790,-11.5,-5.1,0.5,0.006,-0.109,-1.066,4.9,-3.9,-13.1,0.0244,-0.0059,-0.0226,1888,2047,1994,2005,0.00,0.01,2.68,0.16,1.0000,1,1,1,0.01,0.00,0.05,-0.15,0.00,0.00,0.16,218,30
25800,4.2,2.4,-1.8,0.058,0.029,-1.013,4.9,-4.0,-13.1,0.0041,-0.0158,-0.0213,1904,1997,1977,2047,0.00,0.01,2.68,0.16,1.0000,1,1,1,0.01,0.00,0.05,-0.15,0.00,0.00,0.16,218,30
25810,3.8,1.9,0.2,-0.008,0.043,-0.904,5.0,-3.9,-12.4,0.0129,-0.0103,-0.0214,1907,2047,1999,2020,0.00,0.01,2.68,0.16,1.0000,1,1,1,0.01,0.00,0.05,-0.15,0.00,0.00,0.16,217,30
25820,-4.1,-3.7,1.0,-0.004,0.016,-1.064,5.0,-3.9,-12.4,0.0170,-0.0073,-0.0225,1893,2047,1991,2010,0.00,0.01,2.68,0.16,1.0000,1,1,1,0.01,0.00,0.05,-0.15,0.00,0.00,0.16,217,30
25830,-1.6,-0.3,-0.7,0.037,-0.023,-1.043,4.9,-3.9,-12.4,0.0145,-0.0108,-0.0211,1919,2045,2014,2047,0.00,0.01,2.68,0.16,1.0000,1,1,1,0.01,0.00,0.05,-0.15,0.00,0.00,0.16,217,30
25840,2.5,2.2,-1.1,0.015,-0.038,-0.904,4.9,-3.9,-12.4,0.0089,-0.0129,-0.0205,1921,2032,2003,2047,0.00,0.01,2.68,0.16,1.0000,1,1,1,0.01,0.00,0.05,-0.15,0.00,0.00,0.16,217,30
25850,2.9,0.3,1.6,0.017,0.077,-1.028,5.0,-3.9,-12.4,0.0098,-0.0114,-0.0230,1912,2047,1996,2039,0.00,0.01,2.68,0.16,1.0000,1,1,1,0.01,0.00,0.05,-0.15,0.00,0.00,0.16,217,30
25860,-1.3,-2.4,0.0,-0.016,0.017,-1.031,5.0,-3.9,-12.4,0.0157,-0.0088,-0.0214,1906,2047,2003,2022,0.00,0.01,2.68,0.16,1.0000,1,1,1,0.01,0.00,0.05,-0.15,0.00,0.00,0.16,217,30
25870,-3.3,0.3,-1.7,0.049,-0.076,-1.011,4.9,-3.9,-12.4,0.0157,-0.0117,-0.0203,1915,2047,2016,2039,0.00,0.01,2.68,0.16,1.0000,1,1,1,0.01,0.00,0.05,-0.15,0.00,0.00,0.16,217,30
25881,1.2,0.4,1.3,0.031,0.022,-0.984,4.9,-3.9,-9.6,0.0115,-0.0116,-0.0205,1916,2035,1990,2047,0.00,0.01,2.68,0.16,1.0000,1,1,1,0.01,0.00,0.05,-0.15,0.00,0.00,0.16,217,30
25891,6.9,0.0,0.2,-0.024,0.105,-0.922,4.9,-3.9,-9.6,0.0082,-0.0111,-0.0194,1933,2047,2016,2047,0.00,0.01,2.68,0.16,1.0000,1,1,1,0.01,0.00,0.05,-0.15,0.00,0.00,0.16,217,30
25901,-4.1,0.4,-1.2,0.030,-0.014,-1.086,5.0,-3.9,-9.6,0.0170,-0.0116,-0.0184,1896,2047,2016,2003,0.00,0.01,2.68,0.16,1.0000,1,1,1,0.01,0.00,0.05,-0.15,0.00,0.00,0.16,217,30
25911,-7.1,-3.1,0.8,0.010,-0.081,-1.062,4.9,-3.9,-9.6,0.0184,-0.0082,-0.0202,1915,2047,2004,2027,0.00,0.01,2.68,0.16,1.0000,1,1,1,0.01,0.00,0.05,-0.15,0.00,0.00,0.16,217,30
25921,9.4,2.6,0.7,0.017,0.093,-0.913,4.9,-3.9,-9.6,0.0030,-0.0143,-0.0201,1915,2005,1985,2047,0.00,0.01,2.68,0.16,1.0000,1,1,1,0.01,0.00,0.05,-0.15,0.00,0.00,0.16,217,30
25931,-1.7,0.9,-0.7,0.015,0.018,-1.002,5.1,-3.9,-9.6,0.0147,-0.0120,-0.0189,1899,2047,2009,2000,0.00,0.01,2.68,0.16,1.0000,1,1,1,0.01,0.00,0.05,-0.15,0.00,0.00,0.16,217,30
25941,-5.1,-5.5,-0.7,-0.004,-0.058,-1.081,4.9,-3.9,-9.6,0.0142,-0.0071,-0.0192,1920,2047,2001,2020,0.00,0.01,2.68,0.16,1.0000,1,1,1,0.01,0.00,0.05,-0.15,0.00,0.00,0.17,217,30
25951,5.2,3.7,1.9,0.031,0.041,-1.003,5.0,-3.9,-9.6,0.0075,-0.0154,-0.0210,1907,2017,1998,2047,0.00,0.01,2.68,0.16,1.0000,1,1,1,0.01,0.00,0.05,-0.15,0.00,0.00,0.16,217,30
25961,-1.6,1.1,-1.7,0.025,-0.018,-0.890,5.0,-3.9,-9.6,0.0145,-0.0122,-0.0181,1919,2047,2014,2018,0.00,0.01,2.68,0.16,1.0000,1,1,1,0.01,0.00,0.05,-0.15,0.00,0.00,0.16,217,30
25971,-0.6,-2.9,-1.4,0.007,0.034,-1.074,5.0,-3.9,-9.6,0.0130,-0.0081,-0.0185,1929,2047,2007,2033,0.00,0.01,2.68,0.16,1.0000,1,1,1,0.01,0.00,0.05,-0.15,0.00,0.00,0.16,217,30
25981,0.4,0.0,3.7,0.013,0.017,-1.063,5.0,-3.9,-7.1,0.0128,-0.0115,-0.0204,1919,2047,2017,2042,0.00,0.01,2.68,0.16,1.0000,1,1,1,0.01,0.00,0.05,-0.15,0.00,0.00,0.16,217,30
25991,-1.7,1.0,-1.8,0.017,-0.066,-0.890,5.0,-3.9,-7.1,0.0146,-0.0121,-0.0160,1935,2047,2034,2039,0.00,0.01,2.68,0.16,1.0000,1,1,1,0.01,0.00,0.05,-0.15,0.00,0.00,0.16,217,30
26001,3.3,0.3,-1.8,0.044,0.083,-1.033,5.0,-3.9,-7.1,0.0094,-0.0115,-0.0159,1942,2040,2020,2047,0.00,0.01,2.68,0.16,1.0000,1,1,1,0.01,0.00,0.05,-0.15,0.00,0.00,0.16,217,30
26011,0.3,-0.9,3.9,-0.038,-0.001,-1.046,5.0,-3.9,-7.1,0.0126,-0.0101,-0.0206,1917,2047,2007,2033,0.00,0.01,2.68,0.16,1.0000,1,1,1,0.01,0.00,0.05,-0.15,0.00,0.00,0.16,217,30
26021,-3.1,-0.8,-1.3,0.029,-0.054,-1.006,5.0,-3.9,-7.1,0.0161,-0.0102,-0.0164,1927,2047,2027,2028,0.00,0.01,2.68,0.16,1.0000,1,1,1,0.01,0.00,0.05,-0.15,0.00,0.00,0.16,217,30
26031,0.3,1.0,-2.4,0.045,0.029,-0.961,5.0,-3.9,-7.1,0.0125,-0.0122,-0.0155,1941,2047,2035,2046,0.00,0.01,2.68,0.16,1.0000,1,1,1,0.01,0.00,0.05,-0.15,0.00,0.00,0.16,217,30
26042,5.9,0.7,2.7,-0.021,0.095,-0.969,4.9,-3.9,-7.1,0.0068,-0.0119,-0.0196,1915,2047,2017,2027,0.00,0.01,2.68,0.16,1.0000,1,1,1,0.01,0.00,0.05,-0.15,0.00,0.00,0.16,217,30
26052,-2.6,-1.4,0.0,0.000,-0.026,-1.119,5.0,-3.9,-7.1,0.0168,-0.0092,-0.0172,1921,2047,2021,2015,0.00,0.01,2.68,0.16,1.0000,1,1,1,0.01,0.00,0.05,-0.15,0.00,0.00,0.16,217,30
26062,-4.7,-2.4,-3.4,0.023,-0.061,-0.973,4.9,-4.0,-7.1,0.0159,-0.0093,-0.0148,1936,2020,2010,2047,0.00,0.01,2.68,0.16,1.0000,1,1,1,0.01,0.00,0.05,-0.15,0.00,0.00,0.16,217,30
26072,8.4,4.9,2.4,0.040,0.108,-0.919,5.0,-3.9,-7.1,0.0045,-0.0162,-0.0196,1924,2045,2017,2047,0.00,0.01,2.68,0.16,1.0000,1,1,1,0.01,0.00,0.05,-0.15,0.00,0.00,0.16,217,30
26082,-4.1,-2.2,1.0,-0.015,-0.026,-1.091,5.0,-3.9,-6.5,0.0183,-0.0079,-0.0175,1909,2047,2007,1994,0.00,0.01,2.68,0.16,1.0000,1,1,1,0.01,0.00,0.05,-0.16,0.00,0.00,0.16,217,30
26092,-2.1,-3.3,-3.2,-0.001,-0.033,-1.027,4.9,-4.0,-6.5,0.0137,-0.0089,-0.0145,1938,2029,2023,2047,0.00,0.01,2.68,0.16,1.0000,1,1,1,0.01,0.00,0.05,-0.15,0.00,0.00,0.16,217,30
26102,3.8,6.4,1.9,0.072,0.037,-0.926,5.0,-3.9,-6.5,0.0092,-0.0175,-0.0186,1920,2037,2022,2047,0.00,0.01,2.68,0.16,1.0000,1,1,1,0.01,0.00,0.05,-0.15,0.00,0.00,0.16,217,30
26112,-1.7,-1.7,1.3,-0.002,-0.007,-0.992,5.0,-3.9,-6.5,0.0146,-0.0093,-0.0180,1926,2047,2003,2010,0.00,0.01,2.68,0.16,1.0000,1,1,1,0.01,0.00,0.05,-0.16,0.00,0.00,0.16,217,30
26122,1.2,-3.9,-2.2,-0.013,0.039,-1.100,4.9,-4.0,-6.5,0.0116,-0.0089,-0.0154,1943,2047,2028,2043,0.00,0.01,2.68,0.16,1.0000,1,1,1,0.01,0.00,0.05,-0.16,0.00,0.00,0.16,217,30
26132,-2.4,1.5,0.9,0.035,-0.012,-0.976,5.0,-4.0,-6.5,0.0161,-0.0135,-0.0178,1918,2047,2032,2038,0.00,0.01,2.68,0.16,1.0000,1,1,1,0.01,0.00,0.05,-0.16,0.00,0.00,0.16,217,30
26142,-1.7,0.5,0.5,0.038,-0.024,-0.919,4.9,-3.9,-6.2,0.0145,-0.0117,-0.0172,1943,2047,2023,2047,0.00,0.01,2.68,0.16,1.0000,1,1,1,0.01,0.00,0.05,-0.16,0.00,0.00,0.16,217,30
26152,6.6,-1.0,-1.5,0.006,0.093,-1.098,5.0,-3.9,-6.2,0.0077,-0.0096,-0.0158,1949,2047,2023,2046,0.00,0.01,2.68,0.16,1.0000,1,1,1,0.01,0.00,0.05,-0.16,0.00,0.00,0.16,217,30
26162,-2.2,-1.4,0.7,-0.032,-0.020,-1.013,5.0,-4.0,-6.2,0.0163,-0.0099,-0.0171,1915,2047,2023,2018,0.00,0.01,2.68,0.16,1.0000,1,1,1,0.01,0.00,0.05,-0.16,0.00,0.00,0.16,217,30
26172,-6.3,0.7,0.1,0.065,-0.076,-0.934,4.9,-3.9,-6.2,0.0192,-0.0119,-0.0168,1926,2047,2032,2039,0.00,0.01,2.68,0.16,1.0000,1,1,1,0.01,0.00,0.05,-0.16,0.00,0.00,0.16,217,30
26182,4.1,0.8,-0.3,0.052,0.059,-1.032,4.9,-3.9,-3.7,0.0086,-0.0119,-0.0145,1950,2028,2010,2047,0.00,0.01,2.68,0.16,1.0000,1,1,1,0.01,0.00,0.05,-0.16,0.00,0.00,0.16,217,30
26192,7.0,-1.0,0.1,-0.069,0.094,-1.005,5.0,-3.9,-3.7,0.0069,-0.0100,-0.0147,1954,2046,2030,2047,0.00,0.01,2.68,0.16,1.0000,1,1,1,0.01,0.00,0.05,-0.16,0.00,0.00,0.17,217,30
26202,-5.5,-0.2,1.4,0.008,-0.083,-1.045,5.0,-3.9,-3.7,0.0185,-0.0108,-0.0159,1903,2047,2031,2004,0.00,0.01,2.68,0.16,1.0000,1,1,1,0.01,0.00,0.05,-0.16,0.00,0.00,0.16,217,30
26212,-9.3,-0.7,-0.9,0.081,-0.111,-0.998,4.9,-3.9,-3.7,0.0152,-0.0107,-0.0142,1951,2044,2030,2047,0.00,0.01,2.68,0.16,1.0000,1,1,1,0.01,0.00,0.05,-0.16,0.00,0.00,0.16,217,30
26223,12.1,1.4,-1.0,0.003,0.119,-0.951,4.9,-3.9,-3.7,0.0006,-0.0126,-0.0139,1943,1996,1988,2047,0.00,0.01,2.68,0.16,1.0000,1,1,1,0.01,0.00,0.05,-0.16,0.00,0.00,0.16,217,30
26233,2.2,-0.2,2.2,-0.026,0.026,-1.069,5.2,-3.9,-3.7,0.0108,-0.0108,-0.0165,1903,2047,2022,1996,0.00,0.01,2.68,0.16,1.0000,1,1,1,0.01,0.00,0.05,-0.16,0.00,0.00,0.16,217,30
26243,-14.6,-3.8,-2.0,0.028,-0.133,-1.038,5.0,-3.9,-3.7,0.0233,-0.0090,-0.0128,1910,2047,2032,1993,0.00,0.01,2.68,0.16,1.0000,1,1,1,0.01,0.00,0.05,-0.16,0.00,0.00,0.16,217,30
26253,6.3,2.8,-1.6,0.058,0.049,-0.988,4.9,-3.9,-3.7,0.0064,-0.0140,-0.0134,1932,1983,1986,2047,0.00,0.01,2.68,0.16,1.0000,1,1,1,0.01,0.00,0.05,-0.16,0.00,0.00,0.16,217,30
26263,8.1,1.8,2.2,-0.023,0.082,-0.993,5.1,-3.9,-3.7,0.0047,-0.0130,-0.0165,1945,2041,2022,2047,0.00,0.01,2.68,0.16,1.0000,1,1,1,0.01,0.00,0.05,-0.16,0.00,0.00,0.16,217,30
26273,-10.2,-5.4,-1.2,-0.035,-0.076,-1.053,5.0,-3.9,-3.7,0.0239,-0.0058,-0.0134,1906,2047,2023,1982,0.00,0.01,2.68,0.16,1.0000,1,1,1,0.01,0.00,0.05,-0.16,0.00,0.00,0.16,217,30
26283,-2.8,0.5,-1.3,0.076,-0.026,-1.063,4.9,-4.0,-3.7,0.0156,-0.0118,-0.0136,1932,2020,2022,2047,0.00,0.01,2.68,0.16,1.0000,1,1,1,0.01,0.00,0.05,-0.16,0.00,0.00,0.16,217,30
26293,7.4,4.6,2.7,0.048,0.050,-0.883,4.9,-3.9,-3.7,0.0058,-0.0139,-0.0167,1931,2017,2006,2047,0.00,0.01,2.68,0.16,1.0000,1,1,1,0.01,0.00,0.05,-0.16,0.00,0.00,0.16,217,30
26303,2.1,-2.1,-0.2,-0.048,0.062,-1.005,5.0,-3.9,-3.7,0.0107,-0.0090,-0.0145,1936,2047,2020,2014,0.00,0.01,2.68,0.16,1.0000,1,1,1,0.01,0.00,0.05,-0.16,0.00,0.00,0.16,217,30
26313,-6.3,-2.8,-1.4,0.018,-0.030,-1.153,4.9,-4.0,-3.7,0.0192,-0.0083,-0.0136,1922,2047,2030,2010,0.00,0.01,2.68,0.16,1.0000,1,1,1,0.01,0.00,0.05,-0.16,0.00,0.00,0.16,217,30
26323,-1.1,2.3,1.4,0.051,-0.060,-0.888,4.9,-4.0,-3.7,0.0100,-0.0148,-0.0159,1931,2029,2025,2047,0.00,0.01,2.68,0.16,1.0000,1,1,1,0.01,0.00,0.05,-0.16,0.00,0.00,0.16,217,30
26334,6.5,2.7,-0.3,0.021,0.069,-0.966,4.9,-3.9,-3.7,0.0062,-0.0138,-0.0144,1953,2039,2026,2047,0.00,0.01,2.68,0.16,1.0000,1,1,1,0.01,0.00,0.05,-0.16,0.00,0.00,0.16,217,30
26344,-2.4,-4.5,-1.7,-0.032,0.014,-1.085,5.0,-3.9,-3.1,0.0153,-0.0066,-0.0128,1933,2047,2022,2006,0.00,0.01,2.68,0.16,1.0000,1,1,1,0.01,0.00,0.05,-0.16,0.00,0.00,0.16,217,30
26354,-3.9,-1.1,0.7,0.019,-0.039,-0.991,4.9,-4.0,-3.1,0.0144,-0.0130,-0.0150,1936,2047,2039,2042,0.00,0.01,2.68,0.16,1.0000,1,1,1,0.01,0.00,0.05,-0.16,0.00,0.00,0.16,217,30
26364,1.4,3.9,0.4,0.071,-0.007,-0.973,4.9,-3.9,-3.1,0.0113,-0.0151,-0.0145,1938,2031,2032,2047,0.00,0.01,2.68,0.16,1.0000,1,1,1,0.01,0.00,0.05,-0.16,0.00,0.00,0.16,217,30
26374,3.7,-2.0,-1.5,-0.023,0.044,-0.994,4.9,-3.9,-3.1,0.0090,-0.0091,-0.0129,1963,2047,2029,2043,0.00,0.01,2.68,0.16,1.0000,1,1,1,0.01,0.00,0.05,-0.16,0.00,0.00,0.16,217,30
26384,2.3,-2.0,1.1,-0.040,0.083,-1.042,4.9,-4.0,-2.5,0.0127,-0.0100,-0.0148,1943,2047,2029,2037,0.00,0.01,2.68,0.16,1.0000,1,1,1,0.01,0.00,0.05,-0.16,0.00,0.00,0.16,217,30
26394,-7.0,1.9,1.5,0.058,-0.078,-1.041,4.9,-3.9,-2.5,0.0198,-0.0131,-0.0149,1915,2047,2041,2021,0.00,0.01,2.68,0.16,1.0000,1,1,1,0.01,0.00,0.05,-0.16,0.00,0.00,0.16,217,30
26404,-2.3,-0.9,-2.3,0.038,-0.068,-0.932,4.8,-3.9,-2.5,0.0089,-0.0095,-0.0118,1966,2045,2036,2047,0.00,0.01,2.68,0.16,1.0000,1,1,1,0.01,0.00,0.05,-0.16,0.00,0.00,0.16,217,30
26414,11.1,0.3,1.1,-0.027,0.177,-1.007,4.9,-4.0,-2.5,0.0052,-0.0120,-0.0153,1943,2022,2009,2047,0.00,0.01,2.68,0.16,1.0000,1,1,1,0.01,0.00,0.05,-0.16,0.00,0.00,0.16,217,30
26424,-5.6,-0.2,2.2,0.008,-0.050,-1.065,5.0,-3.9,-2.5,0.0184,-0.0108,-0.0155,1905,2047,2030,2001,0.00,0.01,2.68,0.16,1.0000,1,1,1,0.01,0.00,0.05,-0.16,0.00,0.00,0.16,217,30
26434,-8.2,-1.7,-3.8,0.047,-0.138,-0.992,4.7,-4.0,-2.5,0.0145,-0.0102,-0.0105,1952,2047,2046,2031,0.00,0.01,2.68,0.16,1.0000,1,1,1,0.01,0.00,0.05,-0.16,0.00,0.00,0.16,217,30
26444,9.6,2.0,0.0,0.020,0.140,-1.002,4.7,-3.9,-2.5,0.0020,-0.0133,-0.0140,1942,2004,1999,2047,0.00,0.01,2.68,0.16,1.0000,1,1,1,0.01,0.00,0.05,-0.16,0.00,0.00,0.16,217,30
26455,2.6,0.0,2.9,-0.032,0.050,-0.967,4.9,-3.9,-2.5,0.0101,-0.0111,-0.0161,1932,2047,2026,2029,0.00,0.01,2.68,0.16,1.0000,1,1,1,0.01,0.00,0.05,-0.16,0.00,0.00,0.16,217,30
26465,-9.9,-2.5,-3.3,0.016,-0.091,-1.032,4.8,-4.0,-2.2,0.0218,-0.0093,-0.0102,1926,2047,2043,1999,0.00,0.01,2.68,0.16,1.0000,1,1,1,0.01,0.00,0.05,-0.16,0.00,0.00,0.16,217,30
26475,0.7,0.5,-0.6,0.056,0.006,-1.035,4.8,-4.0,-2.2,0.0101,-0.0121,-0.0133,1946,2025,2021,2047,0.00,0.01,2.68,0.16,1.0000,1,1,1,0.01,0.00,0.05,-0.16,0.00,0.00,0.16,217,30
26485,9.5,1.1,3.8,-0.017,0.080,-0.909,4.8,-3.9,-2.2,0.0031,-0.0122,-0.0166,1940,2018,2001,2047,0.00,0.01,2.68,0.16,1.0000,1,1,1,0.01,0.00,0.05,-0.16,0.00,0.00,0.16,217,30
26495,-1.0,-0.1,-1.0,0.011,0.027,-1.001,4.9,-3.9,-2.2,0.0190,-0.0101,-0.0119,1930,2047,2040,2013,0.00,0.01,2.68,0.16,1.0000,1,1,1,0.01,0.00,0.05,-0.16,0.00,0.00,0.16,217,30
26505,-11.5,-2.0,-2.1,0.042,-0.093,-1.120,4.8,-3.9,-2.2,0.0243,-0.0090,-0.0117,1929,2047,2037,2014,0.00,0.01,2.68,0.16,1.0000,1,1,1,0.01,0.00,0.05,-0.16,0.00,0.00,0.16,217,30
26515,4.9,0.6,2.9,-0.001,0.012,-0.925,4.8,-4.0,-2.2,0.0031,-0.0136,-0.0161,1934,2007,1998,2047,0.00,0.01,2.68,0.16,1.0000,1,1,1,0.01,0.00,0.05,-0.16,0.00,0.00,0.16,217,30
26525,8.2,3.6,0.6,0.017,0.141,-0.903,5.0,-3.9,-2.2,0.0085,-0.0136,-0.0136,1947,2047,2043,2043,0.00,0.01,2.68,0.16,1.0000,1,1,1,0.01,0.00,0.05,-0.16,0.00,0.00,0.16,217,30
26535,-10.9,-4.2,-3.1,0.004,-0.112,-1.105,4.9,-3.9,-2.2,0.0238,-0.0069,-0.0109,1921,2047,2030,1986,0.00,0.01,2.68,0.16,1.0000,1,1,1,0.01,0.00,0.05,-0.16,0.00,0.00,0.16,217,30
26545,0.0,-1.0,1.5,0.010,-0.008,-1.053,4.8,-4.0,-2.2,0.0106,-0.0113,-0.0149,1937,2022,2015,2047,0.00,0.01,2.68,0.16,1.0000,1,1,1,0.01,0.00,0.05,-0.16,0.00,0.00,0.16,217,30
26556,7.5,4.7,1.3,0.036,0.076,-0.926,4.9,-3.9,-2.2,0.0052,-0.0159,-0.0145,1943,2033,2034,2047,0.00,0.01,2.68,0.16,1.0000,1,1,1,0.01,0.00,0.05,-0.16,0.00,0.00,0.16,217,30
26566,-4.4,-1.3,-3.8,0.000,-0.031,-0.954,4.9,-3.9,-2.2,0.0193,-0.0074,-0.0100,1936,2047,2034,1999,0.00,0.01,2.68,0.16,1.0000,1,1,1,0.01,0.00,0.05,-0.16,0.00,0.00,0.16,217,30
26576,-1.9,-3.2,0.6,0.011,0.009,-1.107,4.8,-4.0,-2.2,0.0147,-0.0079,-0.0140,1948,2046,2030,2047,0.00,0.01,2.68,0.16,1.0000,1,1,1,0.01,0.00,0.05,-0.16,0.00,0.00,0.16,217,30
26586,3.2,3.4,2.8,0.023,0.010,-1.008,4.8,-4.0,0.0,0.0094,-0.0146,-0.0140,1939,2027,2035,2047,0.00,0.01,2.68,0.16,1.0000,1,1,1,0.01,0.00,0.05,-0.16,0.00,0.00,0.16,217,30
26596,0.0,1.4,-2.4,0.010,-0.025,-0.884,4.9,-3.9,0.0,0.0131,-0.0120,-0.0094,1954,2041,2047,2030,0.00,0.01,2.68,0.16,1.0000,1,1,1,0.01,0.00,0.05,-0.16,0.00,0.00,0.16,217,30
26606,-1.3,-1.6,0.1,0.025,0.046,-1.057,4.9,-4.0,0.0,0.0141,-0.0095,-0.0118,1945,2047,2032,2030,0.00,0.01,2.68,0.16,1.0000,1,1,1,0.01,0.00,0.05,-0.16,0.00,0.00,0.16,217,30
26616,-0.7,-1.7,3.1,-0.003,0.010,-1.122,4.8,-4.0,0.0,0.0128,-0.0107,-0.0142,1947,2047,2038,2044,0.00,0.01,2.68,0.16,1.0000,1,1,1,0.01,0.00,0.05,-0.17,0.00,0.00,0.16,217,30
26626,0.4,1.5,-2.4,0.012,-0.040,-0.885,4.9,-4.0,0.0,0.0123,-0.0128,-0.0098,1949,2028,2047,2036,0.00,0.01,2.68,0.16,1.0000,1,1,1,0.01,0.00,0.06,-0.17,0.00,0.00,0.16,217,30
26636,0.8,2.3,-0.7,0.048,0.025,-0.965,4.9,-3.9,0.0,0.0131,-0.0117,-0.0113,1951,2047,2042,2035,0.00,0.01,2.68,0.16,1.0000,1,1,1,0.01,0.00,0.05,-0.17,0.00,0.00,0.16,217,30
26646,-1.1,-3.4,1.9,-0.013,0.028,-1.081,4.9,-4.0,0.0,0.0136,-0.0076,-0.0133,1950,2047,2029,2034,0.00,0.01,2.68,0.16,1.0000,1,1,1,0.01,0.00,0.05,-0.17,0.00,0.00,0.16,217,30
26656,0.8,-0.5,-2.3,0.000,0.003,-1.017,4.9,-4.0,0.0,0.0119,-0.0107,-0.0098,1951,2032,2047,2036,0.00,0.01,2.68,0.16,1.0000,1,1,1,0.01,0.00,0.06,-0.17,0.00,0.00,0.16,217,30
26667,-2.1,2.7,-0.9,0.048,-0.026,-0.958,4.9,-4.0,0.0,0.0160,-0.0130,-0.0109,1941,2043,2047,2028,0.00,0.01,2.68,0.16,1.0000,1,1,1,0.01,0.00,0.06,-0.17,0.00,0.00,0.16,217,30
26677,-1.7,-1.3,2.5,0.009,0.001,-0.968,4.8,-4.0,0.0,0.0144,-0.0098,-0.0137,1953,2047,2029,2041,0.00,0.01,2.68,0.16,1.0000,1,1,1,0.01,0.00,0.05,-0.17,0.00,0.00,0.16,217,30
26687,5.4,-1.2,-1.5,-0.008,0.084,-1.062,4.9,-4.0,0.0,0.0084,-0.0111,-0.0105,1963,2042,2047,2047,0.00,0.01,2.68,0.16,1.0000,1,1,1,0.01,0.00,0.06,-0.17,0.00,0.00,0.16,217,30
26697,-3.0,1.0,-0.1,0.015,-0.036,-1.036,5.0,-4.0,0.0,0.0172,-0.0119,-0.0115,1930,2047,2045,2013,0.00,0.01,2.68,0.16,1.0000,1,1,1,0.01,0.00,0.05,-0.17,0.00,0.00,0.16,217,30
26707,-6.6,-1.8,2.2,0.030,-0.075,-0.925,4.9,-4.0,0.0,0.0194,-0.0093,-0.0135,1947,2047,2033,2035,0.00,0.01,2.68,0.16,1.0000,1,1,1,0.01,0.00,0.06,-0.17,0.00,0.00,0.16,217,30
26717,7.7,0.6,-0.9,0.030,0.123,-1.012,4.9,-4.0,0.0,0.0038,-0.0125,-0.0114,1956,2019,2023,2047,0.00,0.01,2.68,0.16,1.0000,1,1,1,0.01,0.00,0.06,-0.17,0.00,0.00,0.16,217,30
26727,2.0,0.5,-1.1,-0.018,0.032,-1.085,5.0,-4.0,0.0,0.0146,-0.0107,-0.0107,1930,2047,2042,2003,0.00,0.01,2.68,0.16,1.0000,1,1,1,0.01,0.00,0.06,-0.17,0.00,0.00,0.16,217,30
26737,-8.2,-2.7,2.4,-0.001,-0.122,-0.960,4.9,-4.0,0.0,0.0211,-0.0084,-0.0136,1931,2047,2035,2019,0.00,0.01,2.68,0.16,1.0000,1,1,1,0.01,0.00,0.06,-0.17,0.00,0.00,0.16,217,30
26747,1.6,1.5,-1.4,0.061,0.066,-1.006,4.9,-4.0,0.0,0.0072,-0.0141,-0.0109,1950,2015,2027,2047,0.00,0.01,2.68,0.16,1.0000,1,1,1,0.01,0.00,0.06,-0.17,0.00,0.00,0.16,217,30
26757,6.0,2.2,-2.8,0.011,0.072,-0.990,5.0,-3.9,0.0,0.0067,-0.0134,-0.0094,1959,2045,2047,2032,0.00,0.01,2.68,0.16,1.0000,1,1,1,0.01,0.00,0.06,-0.17,0.00,0.00,0.16,217,30
26768,-2.2,-1.8,2.6,-0.032,-0.029,-1.004,5.0,-3.9,0.0,0.0178,-0.0087,-0.0135,1927,2047,2030,2011,0.00,0.01,2.68,0.16,1.0000,1,1,1,0.01,0.00,0.06,-0.17,0.00,0.00,0.16,217,30
26778,-5.1,-1.6,-0.4,0.043,-0.029,-1.055,5.0,-4.0,0.0,0.0173,-0.0100,-0.0113,1952,2044,2047,2041,0.00,0.01,2.68,0.16,1.0000,1,1,1,0.01,0.00,0.06,-0.17,0.00,0.00,0.16,217,30
26788,3.1,1.3,-3.1,0.040,0.017,-0.940,4.9,-4.0,0.0,0.0096,-0.0125,-0.0092,1961,2025,2035,2047,0.00,0.01,2.68,0.16,1.0000,1,1,1,0.01,0.00,0.06,-0.17,0.00,0.00,0.16,217,30
26798,5.9,1.6,2.6,-0.008,0.063,-0.957,5.0,-3.9,0.0,0.0103,-0.0113,-0.0137,1945,2047,2035,2036,0.00,0.01,2.68,0.16,1.0000,1,1,1,0.01,0.00,0.06,-0.17,0.00,0.00,0.16,217,30
26808,-6.6,-2.9,1.7,0.007,-0.021,-1.101,5.0,-3.9,0.0,0.0205,-0.0080,-0.0128,1919,2047,2030,1996,0.00,0.01,2.68,0.16,1.0000,1,1,1,0.01,0.00,0.06,-0.17,0.00,0.00,0.16,217,30
26818,-4.2,-1.4,-3.5,0.028,-0.063,-0.982,4.9,-4.0,0.0,0.0170,-0.0097,-0.0089,1962,2035,2047,2045,0.00,0.01,2.68,0.16,1.0000,1,1,1,0.01,0.00,0.06,-0.17,0.00,0.00,0.16,217,30
26828,9.0,4.2,1.0,0.036,0.095,-0.907,5.0,-3.9,0.0,0.0045,-0.0148,-0.0131,1941,2008,2014,2047,0.00,0.01,2.68,0.16,1.0000,1,1,1,0.01,0.00,0.06,-0.17,0.00,0.00,0.16,217,30
26838,-0.6,-0.6,3.1,-0.024,0.028,-1.093,5.1,-3.9,0.0,0.0136,-0.0104,-0.0142,1920,2047,2022,1996,0.00,0.01,2.68,0.16,1.0000,1,1,1,0.01,0.00,0.06,-0.17,0.00,0.00,0.16,217,30
26848,-7.4,-5.6,-3.7,-0.019,-0.079,-1.029,4.9,-4.0,0.0,0.0203,-0.0056,-0.0087,1955,2043,2047,2025,0.00,0.01,2.68,0.16,1.0000,1,1,1,0.01,0.00,0.06,-0.17,0.00,0.00,0.16,217,30
26858,4.7,4.6,-0.2,0.087,0.049,-0.956,4.9,-4.0,0.0,0.0062,-0.0177,-0.0124,1933,2004,2024,2047,0.00,0.01,2.68,0.16,1.0000,1,1,1,0.01,0.00,0.06,-0.17,0.00,0.00,0.16,217,30
26868,2.5,3.3,3.4,0.019,0.024,-0.957,5.0,-3.9,0.0,0.0103,-0.0144,-0.0144,1941,2047,2032,2028,0.00,0.01,2.68,0.16,1.0000,1,1,1,0.01,0.00,0.06,-0.17,0.00,0.00,0.16,217,30
26878,-3.0,-5.6,-2.6,-0.041,-0.007,-1.047,5.0,-4.0,0.0,0.0161,-0.0052,-0.0093,1952,2047,2034,2007,0.00,0.01,2.68,0.16,1.0000,1,1,1,0.01,0.00,0.06,-0.17,0.00,0.00,0.16,217,30
26889,-0.5,-0.9,-2.0,0.031,0.021,-1.056,5.0,-4.0,0.0,0.0127,-0.0123,-0.0107,1948,2036,2047,2045,0.00,0.01,2.68,0.16,1.0000,1,1,1,0.01,0.00,0.06,-0.17,0.00,0.00,0.16,217,30
26899,0.5,3.8,4.1,0.039,-0.029,-0.919,5.0,-3.9,0.0,0.0123,-0.0150,-0.0150,1942,2040,2034,2047,0.00,0.01,2.68,0.16,1.0000,1,1,1,0.01,0.00,0.06,-0.17,0.00,0.00,0.16,217,30
26909,3.4,-1.5,-0.4,-0.013,0.041,-0.983,5.0,-3.9,0.0,0.0102,-0.0082,-0.0107,1968,2047,2037,2039,0.00,0.01,2.68,0.16,1.0000,1,1,1,0.01,0.00,0.06,-0.17,0.00,0.00,0.16,217,30
26919,-0.2,-2.8,-1.8,-0.021,0.049,-1.145,5.0,-4.0,0.0,0.0132,-0.0083,-0.0102,1943,2047,2043,2021,0.00,0.01,2.68,0.16,1.0000,1,1,1,0.01,0.00,0.06,-0.17,0.00,0.00,0.16,217,30
26929,-6.2,0.1,2.3,0.042,-0.081,-0.962,5.0,-4.0,0.0,0.0186,-0.0120,-0.0136,1931,2047,2045,2032,0.00,0.01,2.68,0.16,1.0000,1,1,1,0.01,0.00,0.06,-0.17,0.00,0.00,0.16,217,30
26939,4.9,3.5,0.0,0.065,0.020,-0.905,4.9,-3.9,0.0,0.0059,-0.0134,-0.0115,1953,2019,2026,2047,0.00,0.01,2.68,0.16,1.0000,1,1,1,0.01,0.00,0.06,-0.17,0.00,0.00,0.16,217,30
26949,2.8,-1.9,-2.1,-0.026,0.094,-1.117,5.0,-3.9,0.0,0.0123,-0.0078,-0.0100,1953,2047,2035,2018,0.00,0.01,2.68,0.16,1.0000,1,1,1,0.01,0.00,0.06,-0.17,0.00,0.00,0.16,217,30
26959,-3.7,-3.0,1.5,-0.030,-0.052,-1.010,5.0,-4.0,0.0,0.0166,-0.0081,-0.0129,1934,2047,2034,2019,0.00,0.01,2.68,0.16,1.0000,1,1,1,0.01,0.00,0.06,-0.17,0.00,0.00,0.16,217,30
26969,-1.8,2.7,0.2,0.086,-0.041,-0.948,4.9,-4.0,0.0,0.0122,-0.0148,-0.0116,1945,2035,2047,2045,0.00,0.01,2.68,0.16,1.0000,1,1,1,0.01,0.00,0.06,-0.17,0.00,0.00,0.16,217,30
26979,2.7,0.6,-1.6,0.016,0.050,-1.008,5.0,-3.9,0.0,0.0097,-0.0110,-0.0104,1970,2047,2043,2047,0.00,0.01,2.68,0.16,1.0000,1,1,1,0.01,0.00,0.06,-0.17,0.00,0.00,0.16,217,30
26989,3.6,-3.5,1.2,-0.060,0.063,-1.028,5.0,-4.0,0.0,0.0092,-0.0076,-0.0127,1959,2047,2030,2037,0.00,0.01,2.68,0.16,1.0000,1,1,1,0.01,0.00,0.06,-0.17,0.00,0.00,0.16,217,30
27000,-1.3,0.4,1.4,0.017,0.000,-1.040,5.0,-4.0,0.0,0.0142,-0.0116,-0.0128,1927,2042,2047,2027,0.00,0.01,2.68,0.16,1.0000,1,1,1,0.01,0.00,0.06,-0.17,0.00,0.00,0.16,217,30
27010,-6.8,1.5,-1.6,0.068,-0.086,-0.975,4.9,-3.9,0.0,0.0197,-0.0127,-0.0103,1955,2046,2047,2034,0.00,0.01,2.68,0.16,1.0000,1,1,1,0.01,0.00,0.06,-0.17,0.00,0.00,0.16,217,30
27020,6.2,-1.6,-0.7,-0.018,0.064,-0.953,4.9,-3.9,0.0,0.0051,-0.0094,-0.0113,1967,2025,2017,2047,0.00,0.01,2.68,0.16,1.0000,1,1,1,0.01,0.00,0.06,-0.17,0.00,0.00,0.16,217,30
27030,6.5,0.1,2.4,-0.025,0.129,-1.073,5.1,-3.9,0.0,0.0063,-0.0112,-0.0136,1935,2047,2040,2030,0.00,0.01,2.68,0.16,1.0000,1,1,1,0.01,0.00,0.06,-0.17,0.00,0.00,0.16,217,30
27040,-12.0,-0.2,-0.3,0.043,-0.145,-1.031,5.0,-3.9,0.0,0.0251,-0.0108,-0.0107,1921,2045,2047,2001,0.00,0.01,2.68,0.16,1.0000,1,1,1,0.01,0.00,0.06,-0.18,0.00,0.00,0.16,217,30
27050,0.4,0.6,-2.4,0.049,-0.031,-0.943,4.8,-3.9,0.0,0.0096,-0.0120,-0.0099,1961,2018,2026,2047,0.00,0.01,2.68,0.16,1.0000,1,1,1,0.01,0.00,0.06,-0.17,0.00,0.00,0.16,217,30
27060,11.5,1.9,1.6,-0.015,0.196,-1.020,4.9,-3.9,0.0,0.0012,-0.0131,-0.0130,1952,2031,2025,2047,0.00,0.01,2.68,0.16,1.0000,1,1,1,0.01,0.00,0.06,-0.17,0.00,0.00,0.16,217,30
27070,-5.0,-2.1,0.6,-0.020,-0.052,-1.000,5.0,-3.9,0.0,0.0229,-0.0085,-0.0112,1916,2047,2040,1989,0.00,0.01,2.68,0.16,1.0000,1,1,1,0.01,0.00,0.06,-0.18,0.00,0.00,0.16,217,30
27080,-7.2,-0.7,-2.3,0.077,-0.086,-1.043,4.9,-3.9,0.0,0.0184,-0.0109,-0.0099,1947,2041,2047,2031,0.00,0.01,2.68,0.16,1.0000,1,1,1,0.01,0.00,0.06,-0.18,0.00,0.00,0.16,217,30
27090,7.5,1.6,0.8,0.030,0.075,-0.998,4.9,-3.9,0.0,0.0052,-0.0128,-0.0124,1952,2014,2012,2047,0.00,0.01,2.68,0.16,1.0000,1,1,1,0.01,0.00,0.06,-0.18,0.00,0.00,0.16,217,30
27100,5.4,-0.3,1.1,-0.044,0.055,-0.938,5.0,-3.9,0.0,0.0121,-0.0099,-0.0120,1944,2047,2039,2024,0.00,0.01,2.68,0.16,1.0000,1,1,1,0.01,0.00,0.06,-0.18,0.00,0.00,0.16,217,30
27110,-7.9,-1.1,-0.7,0.039,-0.047,-1.067,5.0,-3.9,0.0,0.0215,-0.0100,-0.0110,1923,2047,2044,2004,0.00,0.01,2.68,0.16,1.0000,1,1,1,0.01,0.00,0.06,-0.18,0.00,0.00,0.16,217,30
27121,-3.9,-0.6,0.1,0.050,-0.049,-1.028,4.9,-3.9,0.0,0.0167,-0.0105,-0.0118,1958,2037,2033,2047,0.00,0.01,2.68,0.16,1.0000,1,1,1,0.01,0.00,0.06,-0.18,0.00,0.00,0.16,217,30
27131,11.4,1.0,0.8,-0.008,0.084,-0.896,4.9,-3.9,0.0,0.0017,-0.0124,-0.0124,1953,2006,2006,2047,0.00,0.01,2.68,0.16,1.0000,1,1,1,0.01,0.00,0.06,-0.18,0.00,0.00,0.16,217,30
27141,-0.9,0.4,0.1,0.007,0.042,-1.012,5.1,-3.9,0.0,0.0163,-0.0110,-0.0117,1926,2047,2042,2007,0.00,0.01,2.68,0.16,1.0000,1,1,1,0.01,0.00,0.06,-0.18,0.00,0.00,0.16,217,30
27151,-12.7,-3.3,-1.0,0.029,-0.135,-1.095,4.9,-3.9,0.0,0.0249,-0.0077,-0.0108,1939,2047,2041,2016,0.00,0.01,2.68,0.16,1.0000,1,1,1,0.01,0.00,0.06,-0.18,0.00,0.00,0.16,217,30
27161,7.0,1.3,-0.5,0.016,0.050,-0.942,4.8,-4.0,0.0,0.0009,-0.0147,-0.0118,1946,1995,2006,2047,0.00,0.01,2.68,0.16,1.0000,1,1,1,0.01,0.00,0.06,-0.18,0.00,0.00,0.16,217,30
27171,7.9,3.6,1.5,0.018,0.126,-0.928,5.0,-3.9,0.0,0.0049,-0.0148,-0.0129,1947,2047,2043,2037,0.00,0.01,2.68,0.16,1.0000,1,1,1,0.01,0.00,0.06,-0.18,0.00,0.00,0.16,217,30
27181,-10.2,-4.2,-0.9,-0.012,-0.086,-1.035,5.0,-3.9,0.0,0.0240,-0.0062,-0.0104,1917,2047,2031,1980,0.00,0.01,2.68,0.16,1.0000,1,1,1,0.01,0.00,0.06,-0.18,0.00,0.00,0.16,217,30
27191,0.3,-0.4,-1.5,0.031,0.008,-1.087,4.9,-4.0,0.0,0.0105,-0.0116,-0.0107,1954,2024,2032,2047,0.00,0.01,2.68,0.16,1.0000,1,1,1,0.01,0.00,0.06,-0.18,0.00,0.00,0.16,217,30
27201,7.0,4.1,2.3,0.030,0.053,-0.955,5.0,-3.9,0.0,0.0061,-0.0152,-0.0136,1946,2036,2036,2047,0.00,0.01,2.68,0.16,1.0000,1,1,1,0.01,0.00,0.06,-0.18,0.00,0.00,0.16,217,30
27211,-3.0,-1.2,0.3,-0.010,-0.015,-0.942,5.0,-3.9,0.0,0.0169,-0.0091,-0.0117,1934,2047,2033,2003,0.00,0.01,2.68,0.16,1.0000,1,1,1,0.01,0.00,0.06,-0.18,0.00,0.00,0.16,217,30
27222,-3.6,-2.9,-2.4,0.031,0.011,-1.122,5.0,-3.9,0.0,0.0165,-0.0082,-0.0097,1955,2047,2046,2034,0.00,0.01,2.68,0.16,1.0000,1,1,1,0.01,0.00,0.06,-0.18,0.00,0.00,0.16,217,30
27232,1.1,1.3,0.8,0.020,0.002,-1.041,5.0,-3.9,0.0,0.0107,-0.0139,-0.0127,1945,2033,2039,2047,0.00,0.01,2.68,0.16,1.0000,1,1,1,0.01,0.00,0.06,-0.18,0.00,0.00,0.16,217,30
27242,2.5,2.4,1.0,-0.004,-0.003,-0.882,5.0,-3.9,0.0,0.0107,-0.0131,-0.0123,1956,2046,2046,2047,0.00,0.01,2.68,0.16,1.0000,1,1,1,0.01,0.00,0.06,-0.18,0.00,0.00,0.16,217,30
27252,-1.2,-1.6,-1.9,0.031,0.045,-1.044,5.1,-3.9,0.0,0.0142,-0.0095,-0.0101,1946,2047,2038,2016,0.00,0.01,2.68,0.16,1.0000,1,1,1,0.01,0.00,0.06,-0.18,0.00,0.00,0.16,217,30
27262,-3.4,-3.3,0.0,0.005,-0.012,-1.118,5.0,-3.9,0.0,0.0143,-0.0091,-0.0121,1953,2047,2040,2039,0.00,0.01,2.68,0.16,1.0000,1,1,1,0.01,0.00,0.06,-0.18,0.00,0.00,0.16,217,30
27272,3.8,2.6,1.3,0.017,-0.002,-0.921,5.0,-3.9,0.0,0.0089,-0.0143,-0.0127,1944,2026,2035,2047,0.00,0.01,2.68,0.16,1.0000,1,1,1,0.01,0.00,0.06,-0.18,0.00,0.00,0.16,217,30
27282,-1.1,2.3,-0.9,0.050,0.016,-0.947,5.1,-3.9,0.0,0.0141,-0.0135,-0.0110,1944,2047,2043,2021,0.00,0.01,2.68,0.16,1.0000,1,1,1,0.01,0.00,0.06,-0.18,0.00,0.00,0.16,217,30
27292,-2.6,-4.4,-0.2,-0.012,0.010,-1.045,5.0,-3.9,0.0,0.0136,-0.0067,-0.0119,1955,2047,2030,2031,0.00,0.01,2.68,0.16,1.0000,1,1,1,0.01,0.00,0.06,-0.18,0.00,0.00,0.16,217,30
27302,2.9,-0.4,1.1,0.006,0.036,-1.051,5.0,-4.0,0.0,0.0099,-0.0107,-0.0126,1947,2033,2038,2047,0.00,0.01,2.68,0.16,1.0000,1,1,1,0.01,0.00,0.06,-0.18,0.00,0.00,0.16,217,30
27312,-1.4,2.9,0.2,0.042,-0.025,-0.957,5.0,-3.9,0.0,0.0160,-0.0130,-0.0115,1940,2045,2047,2027,0.00,0.01,2.68,0.16,1.0000,1,1,1,0.01,0.00,0.06,-0.18,0.00,0.00,0.16,217,30
27322,-0.5,-1.3,-0.5,0.001,0.000,-0.961,4.9,-3.9,0.0,0.0125,-0.0094,-0.0112,1963,2047,2039,2041,0.00,0.01,2.68,0.16,1.0000,1,1,1,0.01,0.00,0.06,-0.18,0.00,0.00,0.16,217,30
27332,5.5,-0.2,0.4,0.006,0.081,-1.091,5.0,-4.0,0.0,0.0073,-0.0108,-0.0121,1953,2039,2037,2047,0.00,0.01,2.68,0.16,1.0000,1,1,1,0.01,0.00,0.06,-0.18,0.00,0.00,0.16,217,30
27343,-3.1,0.8,1.0,0.012,-0.033,-1.036,5.0,-3.9,0.0,0.0185,-0.0115,-0.0119,1932,2047,2046,2021,0.00,0.01,2.68,0.16,1.0000,1,1,1,0.01,0.00,0.06,-0.18,0.00,0.00,0.16,217,30
27353,-3.1,-0.7,-1.6,0.022,-0.046,-0.907,4.9,-3.9,0.0,0.0148,-0.0103,-0.0103,1961,2047,2047,2040,0.00,0.01,2.68,0.16,1.0000,1,1,1,0.01,0.00,0.06,-0.18,0.00,0.00,0.16,217,30
27363,6.5,0.7,0.3,0.026,0.101,-1.040,4.9,-3.9,0.0,0.0062,-0.0119,-0.0120,1954,2026,2023,2047,0.00,0.01,2.68,0.16,1.0000,1,1,1,0.01,0.00,0.06,-0.18,0.00,0.00,0.16,217,30
27373,0.2,-0.5,0.5,-0.020,0.011,-1.073,5.0,-3.9,0.0,0.0157,-0.0100,-0.0117,1943,2047,2041,2026,0.00,0.01,2.68,0.16,1.0000,1,1,1,0.01,0.00,0.06,-0.18,0.00,0.00,0.16,217,30
27383,-4.2,-1.0,-1.1,0.008,-0.076,-0.947,4.9,-4.0,0.0,0.0167,-0.0104,-0.0106,1948,2045,2047,2028,0.00,0.01,2.68,0.16,1.0000,1,1,1,0.01,0.00,0.06,-0.18,0.00,0.00,0.16,217,30
27393,1.7,1.1,0.7,0.075,0.053,-0.989,4.9,-3.9,0.0,0.0110,-0.0122,-0.0123,1952,2036,2035,2047,0.00,0.01,2.68,0.16,1.0000,1,1,1,0.01,0.00,0.06,-0.18,0.00,0.00,0.16,217,30
27403,4.2,0.4,0.6,-0.008,0.065,-1.007,4.9,-3.9,0.0,0.0096,-0.0109,-0.0122,1959,2042,2037,2047,0.00,0.01,2.68,0.16,1.0000,1,1,1,0.01,0.00,0.06,-0.18,0.00,0.00,0.16,217,30
27413,0.2,-0.5,-0.6,-0.015,-0.007,-1.019,5.0,-4.0,0.0,0.0146,-0.0106,-0.0109,1944,2046,2047,2025,0.00,0.01,2.68,0.16,1.0000,1,1,1,0.01,0.00,0.06,-0.18,0.00,0.00,0.16,217,30
27423,-6.1,-0.6,0.6,0.043,-0.053,-1.044,4.9,-3.9,0.0,0.0189,-0.0105,-0.0122,1933,2047,2041,2019,0.00,0.01,2.68,0.16,1.0000,1,1,1,0.01,0.00,0.06,-0.18,0.00,0.00,0.17,217,30
27433,2.6,-0.3,0.1,0.019,0.019,-0.944,4.8,-3.9,0.0,0.0058,-0.0113,-0.0121,1958,2026,2023,2047,0.00,0.01,2.68,0.16,1.0000,1,1,1,0.01,0.00,0.06,-0.18,0.00,0.00,0.16,217,30
27443,9.1,2.4,-0.7,0.000,0.091,-0.993,5.0,-3.9,0.0,0.0036,-0.0136,-0.0111,1960,2038,2042,2047,0.00,0.01,2.68,0.16,1.0000,1,1,1,0.01,0.00,0.06,-0.18,0.00,0.00,0.16,217,30
27454,-8.5,-2.2,1.6,0.002,-0.053,-1.075,5.0,-3.9,0.0,0.0214,-0.0089,-0.0130,1911,2047,2031,1989,0.00,0.01,2.68,0.16,1.0000,1,1,1,0.01,0.00,0.06,-0.19,0.00,0.00,0.16,217,30
27464,-4.1,-2.8,-1.1,0.027,-0.053,-0.977,4.9,-4.0,0.0,0.0147,-0.0090,-0.0108,1965,2044,2044,2047,0.00,0.01,2.68,0.16,1.0000,1,1,1,0.01,0.00,0.06,-0.18,0.00,0.00,0.16,217,30
27474,10.6,4.3,-1.2,0.047,0.111,-0.951,4.9,-4.0,0.0,0.0021,-0.0156,-0.0107,1948,2009,2022,2047,0.00,0.01,2.68,0.16,1.0000,1,1,1,0.01,0.00,0.06,-0.18,0.00,0.00,0.16,217,30
27484,-1.4,-0.6,2.5,-0.015,0.009,-1.034,5.1,-3.9,0.0,0.0199,-0.0077,-0.0133,1913,2047,2023,1987,0.00,0.01,2.68,0.16,1.0000,1,1,1,0.01,0.00,0.06,-0.19,0.00,0.00,0.16,216,30
27494,-8.0,-5.6,0.0,-0.025,-0.095,-1.052,5.0,-4.0,0.0,0.0189,-0.0067,-0.0114,1944,2047,2037,2020,0.00,0.01,2.68,0.16,1.0000,1,1,1,0.01,0.00,0.06,-0.19,0.00,0.00,0.16,216,30
27504,5.4,3.4,-2.0,0.086,0.083,-0.980,5.0,-4.0,0.0,0.0074,-0.0147,-0.0100,1945,2007,2027,2047,0.00,0.01,2.68,0.16,1.0000,1,1,1,0.01,0.00,0.06,-0.19,0.00,0.00,0.16,216,30
27514,3.2,3.0,1.7,0.007,0.027,-0.936,5.1,-3.9,0.0,0.0130,-0.0113,-0.0129,1941,2047,2034,2024,0.00,0.01,2.68,0.16,1.0000,1,1,1,0.01,0.00,0.06,-0.19,0.00,0.00,0.16,216,30
27524,-2.4,-4.3,0.9,-0.030,-0.013,-1.060,5.1,-3.9,0.0,0.0154,-0.0067,-0.0125,1939,2047,2027,2010,0.00,0.01,2.68,0.16,1.0000,1,1,1,0.01,0.00,0.06,-0.19,0.00,0.00,0.16,216,30
27534,-2.3,-1.1,-2.6,0.036,0.000,-1.088,5.0,-4.0,0.0,0.0134,-0.0123,-0.0100,1950,2035,2047,2041,0.00,0.01,2.68,0.16,1.0000,1,1,1,0.01,0.00,0.06,-0.19,0.00,0.00,0.16,216,30
27544,2.3,3.0,0.4,0.039,-0.015,-0.913,5.0,-3.9,0.0,0.0099,-0.0142,-0.0121,1947,2029,2035,2047,0.00,0.01,2.68,0.16,1.0000,1,1,1,0.01,0.00,0.06,-0.19,0.00,0.00,0.16,216,30
27554,4.3,0.7,1.9,0.001,0.043,-0.987,5.1,-3.9,0.0,0.0086,-0.0118,-0.0132,1953,2047,2033,2035,0.00,0.01,2.68,0.16,1.0000,1,1,1,0.01,0.00,0.06,-0.19,0.00,0.00,0.16,216,30
27565,-3.6,-3.7,-1.6,-0.008,0.016,-1.133,5.1,-3.9,0.0,0.0166,-0.0073,-0.0104,1938,2047,2039,2008,0.00,0.01,2.68,0.16,1.0000,1,1,1,0.01,0.00,0.06,-0.19,0.00,0.00,0.16,216,30
27575,-1.3,-0.7,-1.4,0.014,-0.045,-0.973,5.0,-4.0,0.0,0.0142,-0.0104,-0.0105,1945,2018,2034,2047,0.00,0.01,2.68,0.16,1.0000,1,1,1,0.01,0.00,0.06,-0.19,0.00,0.00,0.16,216,30
27585,5.5,5.4,2.3,0.070,0.044,-0.915,4.9,-4.0,0.0,0.0078,-0.0153,-0.0137,1944,2031,2030,2047,0.00,0.01,2.68,0.16,1.0000,1,1,1,0.01,0.00,0.06,-0.19,0.00,0.00,0.16,216,30
27595,-0.3,-1.5,0.4,-0.015,0.020,-1.068,5.0,-3.9,0.0,0.0150,-0.0074,-0.0118,1939,2047,2024,2002,0.00,0.01,2.68,0.16,1.0000,1,1,1,0.01,0.00,0.06,-0.19,0.00,0.00,0.16,216,30
27605,-2.1,-4.4,-1.6,-0.037,-0.006,-1.045,4.9,-4.0,0.0,0.0150,-0.0067,-0.0103,1957,2045,2047,2039,0.00,0.01,2.68,0.16,1.0000,1,1,1,0.01,0.00,0.06,-0.19,0.00,0.00,0.16,216,30
27615,0.8,4.4,1.3,0.087,0.002,-0.950,5.0,-4.0,0.0,0.0121,-0.0167,-0.0130,1936,2032,2044,2047,0.00,0.01,2.68,0.16,1.0000,1,1,1,0.01,0.00,0.06,-0.19,0.00,0.00,0.16,216,30
27625,-0.7,1.4,0.7,0.015,-0.024,-0.968,5.0,-3.9,0.0,0.0136,-0.0126,-0.0123,1954,2047,2037,2032,0.00,0.01,2.68,0.16,1.0000,1,1,1,0.01,0.00,0.06,-0.19,0.00,0.00,0.16,216,30
27635,3.5,-3.8,-1.6,-0.037,0.063,-1.039,5.0,-4.0,0.0,0.0093,-0.0074,-0.0103,1966,2047,2042,2040,0.00,0.01,2.68,0.16,1.0000,1,1,1,0.01,0.00,0.06,-0.19,0.00,0.00,0.16,216,30
27645,-1.3,1.5,0.9,0.029,0.009,-1.057,5.0,-4.0,0.0,0.0154,-0.0133,-0.0126,1928,2041,2047,2030,0.00,0.01,2.68,0.16,1.0000,1,1,1,0.01,0.00,0.06,-0.19,0.00,0.00,0.16,216,30
27655,-7.6,1.7,0.3,0.055,-0.087,-0.925,4.9,-3.9,0.0,0.0205,-0.0128,-0.0120,1945,2047,2047,2032,0.00,0.01,2.68,0.16,1.0000,1,1,1,0.01,0.00,0.06,-0.19,0.00,0.00,0.16,216,30
27665,5.5,-0.7,-2.1,0.006,0.056,-0.971,4.9,-3.9,0.0,0.0043,-0.0098,-0.0103,1970,2026,2023,2047,0.00,0.01,2.68,0.16,1.0000,1,1,1,0.01,0.00,0.06,-0.19,0.00,0.00,0.16,216,30
27676,3.4,-0.7,0.5,-0.023,0.080,-1.095,5.1,-4.0,0.0,0.0114,-0.0105,-0.0122,1942,2047,2041,2029,0.00,0.01,2.68,0.16,1.0000,1,1,1,0.01,0.00,0.06,-0.19,0.00,0.00,0.16,216,30
27686,-8.6,-0.3,1.7,0.029,-0.112,-0.960,5.0,-4.0,0.0,0.0215,-0.0108,-0.0131,1926,2047,2044,2016,0.00,0.01,2.68,0.16,1.0000,1,1,1,0.01,0.00,0.06,-0.19,0.00,0.00,0.16,216,30
27696,0.2,1.3,-1.4,0.081,-0.030,-0.967,4.9,-4.0,0.0,0.0107,-0.0125,-0.0106,1959,2028,2034,2047,0.00,0.01,2.68,0.16,1.0000,1,1,1,0.01,0.00,0.06,-0.19,0.00,0.00,0.16,216,30
27706,7.5,-0.5,0.2,-0.028,0.126,-1.038,5.0,-4.0,0.0,0.0059,-0.0103,-0.0121,1963,2040,2031,2047,0.00,0.01,2.68,0.16,1.0000,1,1,1,0.01,0.00,0.06,-0.19,0.00,0.00,0.16,216,30
27716,-1.7,-1.6,1.4,-0.058,-0.030,-0.989,5.1,-4.0,0.0,0.0147,-0.0095,-0.0129,1934,2047,2037,2019,0.00,0.01,2.68,0.16,1.0000,1,1,1,0.01,0.00,0.06,-0.19,0.00,0.00,0.16,216,30
27726,-6.8,1.3,-1.1,0.079,-0.094,-1.030,5.0,-4.0,0.0,0.0172,-0.0129,-0.0107,1933,2039,2047,2023,0.00,0.01,2.68,0.16,1.0000,1,1,1,0.01,0.00,0.07,-0.19,0.00,0.00,0.16,216,30
27736,2.6,0.0,-0.6,0.011,0.054,-0.984,4.9,-3.9,0.0,0.0085,-0.0109,-0.0114,1963,2030,2025,2047,0.00,0.01,2.68,0.16,1.0000,1,1,1,0.01,0.00,0.06,-0.19,0.00,0.00,0.16,216,30
27746,8.5,-0.7,1.6,-0.049,0.115,-0.961,5.1,-4.0,0.0,0.0043,-0.0104,-0.0130,1958,2032,2024,2047,0.00,0.01,2.68,0.16,1.0000,1,1,1,0.01,0.00,0.06,-0.19,0.00,0.00,0.16,216,30
27756,-6.1,0.5,-0.4,0.035,-0.046,-1.076,5.1,-3.9,0.0,0.0237,-0.0113,-0.0109,1914,2045,2047,1999,0.00,0.01,2.68,0.16,1.0000,1,1,1,0.01,0.00,0.06,-0.19,0.00,0.00,0.16,216,30
27766,-7.2,-1.3,-1.3,0.056,-0.084,-0.973,4.9,-4.0,0.0,0.0176,-0.0100,-0.0107,1940,2047,2044,2018,0.00,0.01,2.68,0.16,1.0000,1,1,1,0.01,0.00,0.06,-0.19,0.00,0.00,0.16,216,30
27776,12.1,1.3,1.1,-0.006,0.108,-0.937,5.0,-4.0,0.0,-0.0004,-0.0128,-0.0127,1948,1993,1994,2047,0.00,0.01,2.68,0.16,1.0000,1,1,1,0.01,0.00,0.06,-0.19,0.00,0.00,0.16,216,30
27786,1.1,0.5,0.7,-0.001,0.058,-1.031,5.2,-3.9,0.0,0.0150,-0.0110,-0.0120,1925,2047,2041,2006,0.00,0.01,2.68,0.16,1.0000,1,1,1,0.01,0.00,0.06,-0.19,0.00,0.00,0.16,216,30
27797,-13.7,-3.6,-1.7,0.018,-0.143,-1.034,5.1,-4.0,0.0,0.0267,-0.0074,-0.0103,1916,2047,2039,1985,0.00,0.01,2.68,0.16,1.0000,1,1,1,0.01,0.00,0.07,-0.19,0.00,0.00,0.16,216,30
27807,6.1,2.1,-0.3,0.048,0.056,-1.002,5.0,-4.0,0.0,0.0010,-0.0149,-0.0124,1944,1995,2004,2047,0.00,0.01,2.68,0.16,1.0000,1,1,1,0.01,0.00,0.06,-0.19,0.00,0.00,0.16,216,30
27817,7.9,3.1,1.7,-0.014,0.132,-0.914,5.2,-3.9,0.0,0.0086,-0.0127,-0.0128,1950,2031,2031,2047,0.00,0.01,2.68,0.16,1.0000,1,1,1,0.01,0.00,0.06,-0.19,0.00,0.00,0.16,216,30
27827,-6.3,-3.4,-0.6,-0.013,-0.076,-1.015,5.1,-3.9,0.0,0.0218,-0.0072,-0.0106,1924,2047,2034,1992,0.00,0.01,2.68,0.16,1.0000,1,1,1,0.01,0.00,0.06,-0.19,0.00,0.00,0.16,216,30
27837,-2.8,-0.6,-1.1,0.071,-0.017,-1.120,5.0,-4.0,0.0,0.0141,-0.0113,-0.0110,1954,2039,2044,2047,0.00,0.01,2.68,0.16,1.0000,1,1,1,0.01,0.00,0.07,-0.19,0.00,0.00,0.16,216,30
27847,6.5,2.8,1.2,0.005,0.041,-0.925,5.0,-4.0,0.0,0.0063,-0.0140,-0.0127,1947,2017,2021,2047,0.00,0.01,2.68,0.16,1.0000,1,1,1,0.01,0.00,0.06,-0.19,0.00,0.00,0.16,216,30
27857,3.4,0.0,0.0,-0.015,0.036,-0.946,5.1,-3.9,0.0,0.0140,-0.0095,-0.0110,1952,2047,2042,2030,0.00,0.01,2.68,0.16,1.0000,1,1,1,0.01,0.00,0.07,-0.19,0.00,0.00,0.16,216,30
27867,-7.8,-3.0,-1.0,0.031,-0.010,-1.130,5.0,-4.0,0.0,0.0208,-0.0081,-0.0109,1924,2047,2036,1996,0.00,0.01,2.68,0.16,1.0000,1,1,1,0.01,0.00,0.07,-0.19,0.00,0.00,0.16,216,30
27877,-2.3,-0.2,-0.2,0.029,-0.046,-1.016,4.9,-4.0,0.0,0.0100,-0.0129,-0.0118,1953,2036,2040,2047,0.00,0.01,2.68,0.16,1.0000,1,1,1,0.01,0.00,0.07,-0.19,0.00,0.00,0.16,216,30
27888,8.8,3.7,0.9,0.016,0.066,-0.877,5.1,-3.9,0.0,0.0040,-0.0149,-0.0125,1949,2022,2027,2047,0.00,0.01,2.68,0.16,1.0000,1,1,1,0.01,0.00,0.07,-0.19,0.00,0.00,0.16,216,30
27898,-3.8,-2.0,0.1,0.016,0.014,-1.047,5.1,-3.9,0.0,0.0169,-0.0090,-0.0118,1928,2047,2032,2001,0.00,0.01,2.68,0.16,1.0000,1,1,1,0.01,0.00,0.07,-0.20,0.00,0.00,0.16,216,30
27908,-5.8,-4.5,-1.5,-0.001,-0.065,-1.084,5.0,-4.0,0.0,0.0141,-0.0092,-0.0108,1942,2003,2019,2047,0.00,0.01,2.68,0.16,1.0000,1,1,1,0.01,0.00,0.07,-0.20,0.00,0.00,0.16,216,30
27918,7.0,5.1,1.0,0.037,0.052,-0.953,5.0,-4.0,0.0,0.0058,-0.0164,-0.0125,1948,2035,2041,2047,0.00,0.01,2.68,0.16,1.0000,1,1,1,0.01,0.00,0.07,-0.20,0.00,0.00,0.16,216,30
27928,-0.8,1.0,0.4,0.010,0.011,-0.930,5.1,-3.9,0.0,0.0137,-0.0121,-0.0120,1931,2047,2027,1994,0.00,0.01,2.68,0.16,1.0000,1,1,1,0.01,0.00,0.07,-0.20,0.00,0.00,0.16,216,30
27938,-3.6,-5.7,-1.4,-0.022,-0.001,-1.061,5.0,-4.0,0.0,0.0159,-0.0057,-0.0106,1945,2021,2034,2047,0.00,0.01,2.68,0.16,1.0000,1,1,1,0.01,0.00,0.07,-0.20,0.00,0.00,0.16,216,30
27948,3.3,1.5,0.1,0.036,0.031,-1.069,5.0,-4.0,0.0,0.0095,-0.0127,-0.0118,1941,2031,2044,2047,0.00,0.01,2.68,0.16,1.0000,1,1,1,0.01,0.00,0.07,-0.20,0.00,0.00,0.16,216,30
27958,-0.9,3.1,1.6,0.023,-0.040,-0.917,5.0,-4.0,0.0,0.0148,-0.0126,-0.0124,1947,2047,2034,2022,0.00,0.01,2.68,0.16,1.0000,1,1,1,0.01,0.00,0.07,-0.20,0.00,0.00,0.16,216,30
27968,0.2,-1.5,-0.7,0.000,0.017,-0.972,5.0,-4.0,0.0,0.0120,-0.0088,-0.0110,1960,2047,2037,2039,0.00,0.01,2.68,0.16,1.0000,1,1,1,0.01,0.00,0.07,-0.20,0.00,0.00,0.16,216,30
27978,0.3,-1.5,-0.8,0.018,0.047,-1.109,5.0,-4.0,0.0,0.0125,-0.0097,-0.0110,1940,2044,2047,2031,0.00,0.01,2.68,0.16,1.0000,1,1,1,0.01,0.00,0.07,-0.20,0.00,0.00,0.16,216,30
27988,-3.0,0.6,1.2,0.014,-0.061,-0.981,5.0,-4.0,0.0,0.0149,-0.0121,-0.0122,1955,2045,2047,2044,0.00,0.01,2.68,0.16,1.0000,1,1,1,0.01,0.00,0.07,-0.20,0.00,0.00,0.16,216,30
27998,2.0,1.5,-0.7,0.026,0.005,-0.934,4.9,-4.0,0.0,0.0102,-0.0126,-0.0111,1961,2040,2039,2047,0.00,0.01,2.68,0.16,1.0000,1,1,1,0.01,0.00,0.07,-0.20,0.00,0.00,0.16,216,30
28008,2.4,-0.1,0.0,0.016,0.083,-1.071,4.9,-4.0,0.0,0.0104,-0.0110,-0.0117,1948,2047,2035,2031,0.00,0.01,2.68,0.16,1.0000,1,1,1,0.01,0.00,0.07,-0.20,0.00,0.00,0.16,216,30
28019,-1.8,-2.2,0.5,-0.022,-0.015,-1.034,5.0,-4.0,0.0,0.0153,-0.0096,-0.0120,1948,2047,2046,2034,0.00,0.01,2.68,0.16,1.0000,1,1,1,0.01,0.00,0.07,-0.20,0.00,0.00,0.16,216,30
28029,-1.9,1.0,-0.4,0.039,-0.049,-0.972,5.0,-4.0,0.0,0.0145,-0.0125,-0.0112,1948,2040,2047,2039,0.00,0.01,2.68,0.16,1.0000,1,1,1,0.01,0.00,0.07,-0.20,0.00,0.00,0.16,216,30
28039,-0.1,0.0,0.4,0.047,0.025,-0.994,4.9,-4.0,0.0,0.0130,-0.0112,-0.0120,1960,2047,2037,2046,0.00,0.01,2.68,0.16,1.0000,1,1,1,0.01,0.00,0.07,-0.20,0.00,0.00,0.16,216,30
28049,4.8,-1.0,0.2,-0.025,0.078,-0.994,4.9,-4.0,0.0,0.0084,-0.0104,-0.0120,1958,2047,2044,2045,0.00,0.01,2.68,0.16,1.0000,1,1,1,0.01,0.00,0.07,-0.20,0.00,0.00,0.16,216,30
28059,-0.6,1.2,0.3,0.017,-0.003,-1.055,5.0,-4.0,0.0,0.0150,-0.0124,-0.0119,1930,2046,2047,2018,0.00,0.01,2.68,0.16,1.0000,1,1,1,0.01,0.00,0.07,-0.20,0.00,0.00,0.17,216,30
28069,-9.0,-1.2,-0.4,0.033,-0.092,-1.011,4.9,-4.0,0.0,0.0219,-0.0099,-0.0113,1951,2047,2041,2032,0.00,0.01,2.68,0.16,1.0000,1,1,1,0.01,0.00,0.07,-0.20,0.00,0.00,0.17,216,30
28079,7.0,-0.7,-0.4,0.012,0.083,-0.949,4.9,-4.0,0.0,0.0057,-0.0104,-0.0113,1950,2010,2011,2047,0.00,0.01,2.68,0.16,1.0000,1,1,1,0.01,0.00,0.07,-0.20,0.00,0.00,0.17,216,30
28089,6.1,2.3,1.0,0.006,0.071,-1.033,5.0,-4.0,0.0,0.0087,-0.0131,-0.0125,1936,2047,2043,2023,0.00,0.01,2.68,0.16,1.0000,1,1,1,0.01,0.00,0.07,-0.20,0.00,0.00,0.17,216,30
28099,-10.7,-3.0,0.0,0.002,-0.097,-1.040,5.0,-4.0,0.0,0.0236,-0.0081,-0.0117,1931,2047,2037,2003,0.00,0.01,2.68,0.16,1.0000,1,1,1,0.01,0.00,0.07,-0.20,0.00,0.00,0.17,216,30
28109,0.4,-1.7,-0.5,0.025,-0.015,-0.990,4.9,-4.0,0.0,0.0102,-0.0103,-0.0113,1949,2009,2014,2047,0.00,0.01,2.68,0.16,1.0000,1,1,1,0.01,0.00,0.07,-0.20,0.00,0.00,0.17,216,30
28119,8.2,4.3,0.2,0.034,0.106,-0.979,5.0,-4.0,0.0,0.0055,-0.0153,-0.0120,1953,2045,2047,2045,0.00,0.01,2.68,0.16,1.0000,1,1,1,0.01,0.00,0.07,-0.20,0.00,0.00,0.17,216,30
28129,-4.8,-1.8,0.2,-0.022,-0.053,-1.015,5.0,-3.9,0.0,0.0177,-0.0093,-0.0119,1930,2047,2033,1999,0.00,0.01,2.68,0.16,1.0000,1,1,1,0.01,0.00,0.07,-0.20,0.00,0.00,0.17,216,30
28140,-3.5,-3.3,-0.2,0.008,-0.036,-1.072,4.9,-4.0,0.0,0.0126,-0.0102,-0.0118,1955,2040,2039,2047,0.00,0.01,2.68,0.16,1.0000,1,1,1,0.01,0.00,0.07,-0.20,0.00,0.00,0.17,216,30
28150,4.0,2.9,-0.1,0.060,0.062,-0.983,4.9,-4.0,0.0,0.0087,-0.0142,-0.0115,1947,2028,2038,2047,0.00,0.01,2.68,0.16,1.0000,1,1,1,0.01,0.00,0.07,-0.20,0.00,0.00,0.17,216,30
28160,1.9,2.2,0.1,0.002,0.008,-0.903,4.9,-4.0,0.0,0.0115,-0.0127,-0.0117,1950,2047,2041,2030,0.00,0.01,2.68,0.16,1.0000,1,1,1,0.01,0.00,0.07,-0.20,0.00,0.00,0.17,216,30
28170,-2.6,-2.6,0.0,0.003,0.001,-1.128,4.9,-4.0,0.0,0.0159,-0.0084,-0.0117,1942,2047,2037,2020,0.00,0.01,2.68,0.16,1.0000,1,1,1,0.01,0.00,0.07,-0.20,0.00,0.00,0.18,216,30
28180,-3.4,-1.6,-0.8,0.028,-0.016,-1.045,4.9,-4.0,0.0,0.0162,-0.0095,-0.0110,1952,2039,2045,2047,0.00,0.01,2.68,0.17,1.0000,1,1,1,0.01,0.00,0.07,-0.20,0.00,0.00,0.17,216,30
28190,3.5,3.7,0.2,0.032,-0.002,-0.888,4.9,-4.0,0.0,0.0080,-0.0153,-0.0120,1947,2023,2034,2047,0.00,0.01,2.68,0.17,1.0000,1,1,1,0.01,0.00,0.07,-0.20,0.00,0.00,0.17,216,30
28200,2.1,1.1,1.1,0.013,0.041,-1.044,5.0,-3.9,0.0,0.0118,-0.0113,-0.0125,1940,2047,2031,2016,0.00,0.01,2.68,0.17,1.0000,1,1,1,0.01,0.00,0.07,-0.20,0.00,0.00,0.17,216,30
28210,-5.1,-5.6,-1.5,-0.021,-0.016,-1.087,5.0,-4.0,0.0,0.0180,-0.0054,-0.0105,1945,2047,2035,2010,0.00,0.01,2.68,0.17,1.0000,1,1,1,0.01,0.00,0.07,-0.20,0.00,0.00,0.17,216,30
28220,1.2,1.0,-0.5,0.015,-0.002,-0.959,4.9,-4.0,0.0,0.0094,-0.0155,-0.0116,1939,2017,2036,2047,0.00,0.01,2.68,0.17,1.0000,1,1,1,0.01,0.00,0.07,-0.20,0.00,0.00,0.17,216,30
28230,2.7,5.5,1.9,0.071,0.020,-0.947,5.0,-3.9,0.0,0.0101,-0.0167,-0.0132,1949,2047,2046,2047,0.00,0.01,2.68,0.17,1.0000,1,1,1,0.01,0.00,0.07,-0.20,0.00,0.00,0.18,216,30
28241,-2.2,-3.3,-0.4,-0.019,-0.005,-1.029,5.0,-3.9,0.0,0.0152,-0.0056,-0.0110,1950,2047,2026,2011,0.00,0.01,2.68,0.17,1.0000,1,1,1,0.01,0.00,0.07,-0.20,0.00,0.00,0.17,216,30
28251,0.4,-2.5,-1.4,-0.023,0.029,-1.082,5.0,-4.0,0.0,0.0122,-0.0096,-0.0107,1949,2038,2047,2044,0.00,0.01,2.68,0.17,1.0000,1,1,1,0.01,0.00,0.07,-0.20,0.00,0.00,0.17,216,30
28261,-1.1,4.1,1.6,0.092,-0.028,-0.927,5.0,-4.0,0.0,0.0140,-0.0153,-0.0130,1936,2041,2047,2041,0.00,0.01,2.68,0.17,1.0000,1,1,1,0.01,0.00,0.07,-0.21,0.00,0.00,0.17,216,30
28271,-0.4,0.4,0.1,0.012,-0.026,-0.930,4.9,-3.9,0.0,0.0126,-0.0109,-0.0116,1965,2047,2036,2038,0.00,0.01,2.68,0.17,1.0000,1,1,1,0.01,0.00,0.07,-0.20,0.00,0.00,0.17,216,30
28281,4.5,-2.7,-1.9,-0.037,0.108,-1.127,5.0,-4.0,0.0,0.0088,-0.0087,-0.0102,1958,2047,2047,2040,0.00,0.01,2.68,0.17,1.0000,1,1,1,0.01,0.00,0.07,-0.21,0.00,0.00,0.17,216,30
28291,-3.5,0.8,1.6,0.023,-0.039,-1.029,5.0,-4.0,0.0,0.0164,-0.0121,-0.0130,1926,2046,2047,2025,0.00,0.01,2.68,0.17,1.0000,1,1,1,0.01,0.00,0.07,-0.21,0.00,0.00,0.17,216,30
28301,-4.7,1.4,0.2,0.055,-0.072,-0.894,4.9,-4.0,0.0,0.0133,-0.0124,-0.0115,1958,2040,2042,2047,0.00,0.01,2.68,0.17,1.0000,1,1,1,0.01,0.00,0.07,-0.21,0.00,0.00,0.17,216,30
28311,6.3,0.3,-1.4,0.028,0.084,-1.027,5.0,-4.0,0.0,0.0065,-0.0115,-0.0105,1967,2039,2032,2047,0.00,0.01,2.68,0.17,1.0000,1,1,1,0.01,0.00,0.07,-0.21,0.00,0.00,0.17,216,30
28321,1.0,-2.0,0.2,-0.042,0.043,-1.072,5.1,-4.0,0.0,0.0119,-0.0091,-0.0119,1936,2047,2039,2017,0.00,0.01,2.68,0.17,1.0000,1,1,1,0.01,0.00,0.07,-0.21,0.00,0.00,0.17,216,30
28331,-6.7,0.0,1.0,0.018,-0.076,-0.958,5.0,-4.0,0.0,0.0188,-0.0125,-0.0121,1934,2043,2047,2029,0.00,0.01,2.68,0.17,1.0000,1,1,1,0.01,0.00,0.07,-0.21,0.00,0.00,0.17,216,30
28341,-1.0,1.7,-0.7,0.088,-0.015,-0.986,5.0,-4.0,0.0,0.0138,-0.0129,-0.0110,1962,2033,2031,2047,0.00,0.01,2.68,0.17,1.0000,1,1,1,0.01,0.00,0.07,-0.21,0.00,0.00,0.17,216,30
28351,5.3,-1.0,-0.2,-0.033,0.096,-1.027,5.0,-4.0,0.0,0.0073,-0.0097,-0.0116,1967,2047,2036,2047,0.00,0.01,2.68,0.17,1.0000,1,1,1,0.01,0.00,0.07,-0.21,0.00,0.00,0.17,216,30
28362,0.8,-0.6,1.8,-0.043,0.026,-1.013,5.1,-4.0,0.0,0.0136,-0.0109,-0.0131,1928,2047,2047,2022,0.00,0.01,2.68,0.17,1.0000,1,1,1,0.01,0.00,0.07,-0.21,0.00,0.00,0.17,216,30
28372,-9.2,1.1,-0.4,0.098,-0.135,-1.010,5.1,-4.0,0.0,0.0222,-0.0123,-0.0113,1928,2044,2047,2013,0.00,0.01,2.68,0.17,1.0000,1,1,1,0.01,0.00,0.07,-0.21,0.00,0.00,0.17,216,30
28382,3.0,-1.8,-2.4,0.025,0.035,-0.940,5.0,-4.0,0.0,0.0097,-0.0093,-0.0097,1972,2022,2018,2047,0.00,0.01,2.68,0.17,1.0000,1,1,1,0.01,0.00,0.07,-0.21,0.00,0.00,0.17,216,30
28392,12.6,0.8,1.9,-0.052,0.171,-1.008,5.1,-4.0,0.0,0.0015,-0.0122,-0.0133,1950,2040,2036,2047,0.00,0.01,2.68,0.17,1.0000,1,1,1,0.01,0.00,0.07,-0.21,0.00,0.00,0.17,216,30
28402,-7.2,-0.2,1.0,0.026,-0.081,-1.057,5.1,-4.0,0.0,0.0203,-0.0109,-0.0125,1906,2047,2042,1987,0.00,0.01,2.68,0.17,1.0000,1,1,1,0.01,0.00,0.07,-0.21,0.00,0.00,0.17,216,30
28412,-8.6,-1.5,-3.0,0.059,-0.093,-0.972,4.9,-4.0,0.0,0.0189,-0.0098,-0.0093,1967,2033,2037,2047,0.00,0.01,2.68,0.17,1.0000,1,1,1,0.01,0.00,0.07,-0.21,0.00,0.00,0.17,216,30
28422,13.7,2.0,1.1,0.009,0.140,-0.988,4.9,-4.0,0.0,-0.0013,-0.0132,-0.0129,1948,1998,1996,2047,0.00,0.01,2.68,0.17,1.0000,1,1,1,0.01,0.00,0.07,-0.21,0.00,0.00,0.17,216,30
28432,0.0,-0.7,2.9,-0.021,0.025,-1.017,5.1,-4.0,0.0,0.0129,-0.0104,-0.0140,1913,2047,2030,1993,0.00,0.01,2.68,0.17,1.0000,1,1,1,0.01,0.00,0.07,-0.21,0.00,0.00,0.17,216,30
28442,-12.3,-3.4,-2.5,0.022,-0.121,-1.019,4.9,-4.0,0.0,0.0243,-0.0082,-0.0096,1944,2043,2047,2023,0.00,0.01,2.68,0.17,1.0000,1,1,1,0.01,0.00,0.07,-0.21,0.00,0.00,0.17,216,30
28452,7.0,2.7,0.6,0.053,0.053,-1.021,4.9,-4.0,0.0,0.0014,-0.0148,-0.0133,1941,1996,2002,2047,0.00,0.01,2.68,0.17,1.0000,1,1,1,0.01,0.00,0.07,-0.21,0.00,0.00,0.17,216,30
28462,7.9,0.9,2.5,-0.029,0.084,-0.925,5.0,-4.0,0.0,0.0082,-0.0108,-0.0133,1952,2047,2035,2037,0.00,0.01,2.68,0.17,1.0000,1,1,1,0.01,0.00,0.07,-0.21,0.00,0.00,0.17,216,30
28472,-6.2,-3.3,-2.3,-0.013,-0.052,-1.041,5.0,-4.0,0.0,0.0203,-0.0078,-0.0096,1932,2047,2045,2001,0.00,0.01,2.68,0.17,1.0000,1,1,1,0.01,0.00,0.07,-0.21,0.00,0.00,0.17,216,30
28482,-3.8,-0.2,0.0,0.078,-0.053,-1.111,4.9,-4.0,0.0,0.0115,-0.0125,-0.0126,1952,2043,2043,2047,0.00,0.01,2.68,0.17,1.0000,1,1,1,0.01,0.00,0.07,-0.21,0.00,0.00,0.17,216,30
28493,7.8,2.0,2.1,0.001,0.066,-0.850,4.9,-4.0,0.0,0.0049,-0.0132,-0.0134,1949,2015,2014,2047,0.00,0.01,2.68,0.17,1.0000,1,1,1,0.01,0.00,0.07,-0.21,0.00,0.00,0.17,216,30
28503,4.4,0.5,-0.9,-0.021,0.077,-0.987,5.1,-3.9,0.0,0.0104,-0.0111,-0.0107,1940,2047,2042,2012,0.00,0.01,2.68,0.17,1.0000,1,1,1,0.01,0.00,0.07,-0.21,0.00,0.00,0.17,216,30
28513,-11.2,-3.3,-1.3,0.034,-0.093,-1.126,5.0,-4.0,0.0,0.0227,-0.0085,-0.0108,1920,2047,2038,1993,0.00,0.01,2.68,0.17,1.0000,1,1,1,0.01,0.00,0.07,-0.21,0.00,0.00,0.17,216,30
28523,1.5,1.0,1.2,0.021,-0.011,-0.941,4.9,-4.0,0.0,0.0112,-0.0122,-0.0127,1940,2005,2012,2047,0.00,0.01,2.68,0.17,1.0000,1,1,1,0.01,0.00,0.07,-0.21,0.00,0.00,0.17,216,30
28533,9.9,4.6,0.5,0.014,0.099,-0.935,5.1,-3.9,0.0,0.0040,-0.0153,-0.0120,1951,2023,2031,2047,0.00,0.01,2.68,0.17,1.0000,1,1,1,0.01,0.00,0.07,-0.21,0.00,0.00,0.17,216,30
28543,-8.1,-4.7,-0.9,-0.011,-0.034,-1.040,5.0,-3.9,0.0,0.0222,-0.0058,-0.0108,1918,2047,2027,1979,0.00,0.01,2.68,0.17,1.0000,1,1,1,0.01,0.00,0.07,-0.21,0.00,0.00,0.17,216,30
28553,-3.0,-2.5,0.3,0.008,-0.035,-1.051,4.9,-4.0,0.0,0.0159,-0.0087,-0.0120,1947,2029,2031,2047,0.00,0.01,2.68,0.17,1.0000,1,1,1,0.01,0.00,0.07,-0.21,0.00,0.00,0.17,216,30
28563,7.2,5.4,1.7,0.049,0.051,-0.967,5.0,-4.0,0.0,0.0066,-0.0161,-0.0128,1937,2011,2024,2047,0.00,0.01,2.68,0.17,1.0000,1,1,1,0.01,0.00,0.07,-0.21,0.00,0.00,0.17,216,30
28573,-1.4,-0.4,-1.0,-0.005,0.001,-0.921,5.0,-3.9,0.0,0.0143,-0.0107,-0.0108,1941,2047,2034,2004,0.00,0.01,2.68,0.17,1.0000,1,1,1,0.01,0.00,0.07,-0.21,0.00,0.00,0.18,216,30
28583,-1.5,-4.2,-0.6,-0.005,0.025,-1.085,4.9,-4.0,0.0,0.0143,-0.0070,-0.0112,1957,2047,2038,2040,0.00,0.01,2.68,0.17,1.0000,1,1,1,0.01,0.00,0.07,-0.21,0.00,0.00,0.18,216,30
28593,1.0,1.9,1.2,0.044,0.004,-1.071,4.9,-4.0,0.0,0.0115,-0.0144,-0.0128,1944,2036,2042,2047,0.00,0.01,2.68,0.17,1.0000,1,1,1,0.01,0.00,0.07,-0.21,0.00,0.00,0.17,216,30
28603,-0.6,1.2,-1.3,0.000,-0.043,-0.860,4.9,-4.0,0.0,0.0134,-0.0120,-0.0104,1955,2043,2047,2034,0.00,0.01,2.68,0.17,1.0000,1,1,1,0.01,0.00,0.07,-0.21,0.00,0.00,0.17,216,30
28613,1.0,-1.8,-0.7,0.001,0.081,-1.078,4.9,-4.0,0.0,0.0120,-0.0091,-0.0112,1955,2047,2037,2033,0.00,0.01,2.68,0.17,1.0000,1,1,1,0.01,0.00,0.07,-0.21,0.00,0.00,0.17,216,30
28623,-2.1,-0.9,2.2,0.011,-0.019,-1.080,4.9,-4.0,0.0,0.0152,-0.0107,-0.0135,1938,2047,2036,2030,0.00,0.01,2.68,0.17,1.0000,1,1,1,0.01,0.00,0.07,-0.21,0.00,0.00,0.17,216,30
28633,-0.3,1.1,-1.2,0.022,-0.061,-0.897,4.9,-4.0,0.0,0.0125,-0.0125,-0.0104,1952,2039,2047,2039,0.00,0.01,2.68,0.18,1.0000,1,1,1,0.01,0.00,0.07,-0.21,0.00,0.00,0.18,216,30
28643,2.5,1.4,-1.0,0.038,0.077,-1.008,4.9,-4.0,0.0,0.0102,-0.0127,-0.0108,1958,2038,2045,2047,0.00,0.01,2.68,0.18,1.0000,1,1,1,0.01,0.00,0.07,-0.21,0.00,0.00,0.17,216,30
28654,-0.3,-1.9,2.9,-0.026,0.025,-1.055,5.0,-4.0,0.0,0.0132,-0.0092,-0.0140,1940,2047,2035,2031,0.00,0.01,2.68,0.18,1.0000,1,1,1,0.01,0.00,0.07,-0.21,0.00,0.00,0.17,216,30
28664,-2.4,-0.5,-1.1,0.018,-0.053,-0.985,5.0,-4.0,0.0,0.0153,-0.0106,-0.0108,1946,2034,2047,2032,0.00,0.01,2.68,0.18,1.0000,1,1,1,0.01,0.00,0.07,-0.21,0.00,0.00,0.17,216,30
28674,-0.7,1.1,-1.5,0.056,-0.001,-0.997,5.0,-4.0,0.0,0.0137,-0.0124,-0.0105,1959,2047,2044,2043,0.00,0.01,2.68,0.18,1.0000,1,1,1,0.01,0.00,0.07,-0.21,0.00,0.00,0.17,216,30
28684,3.8,-1.1,1.6,-0.026,0.071,-0.973,4.9,-4.0,0.0,0.0090,-0.0100,-0.0130,1956,2047,2037,2047,0.00,0.01,2.68,0.18,1.0000,1,1,1,0.01,0.00,0.07,-0.21,0.00,0.00,0.17,216,30
28694,-0.6,0.6,0.4,0.018,0.000,-1.071,5.1,-4.0,0.0,0.0135,-0.0118,-0.0121,1934,2044,2047,2023,0.00,0.01,2.68,0.18,1.0000,1,1,1,0.01,0.00,0.07,-0.22,0.00,0.00,0.17,216,30
28704,-7.7,-1.4,-2.1,0.044,-0.090,-1.021,5.0,-4.0,0.0,0.0201,-0.0095,-0.0099,1950,2047,2044,2023,0.00,0.01,2.68,0.18,1.0000,1,1,1,0.01,0.00,0.07,-0.22,0.00,0.00,0.17,216,30
28714,3.2,-0.8,0.1,0.008,0.046,-0.932,4.9,-4.0,0.0,0.0062,-0.0111,-0.0121,1951,2013,2011,2047,0.00,0.01,2.68,0.18,1.0000,1,1,1,0.01,0.00,0.07,-0.21,0.00,0.00,0.17,216,30
28724,7.5,2.4,1.1,0.004,0.097,-1.026,5.1,-4.0,0.0,0.0069,-0.0135,-0.0126,1944,2047,2046,2036,0.00,0.01,2.68,0.18,1.0000,1,1,1,0.01,0.00,0.07,-0.22,0.00,0.00,0.17,216,30
28734,-8.6,-1.8,-0.5,0.002,-0.091,-1.044,5.1,-4.0,0.0,0.0223,-0.0088,-0.0110,1930,2047,2039,1999,0.00,0.01,2.68,0.18,1.0000,1,1,1,0.01,0.00,0.07,-0.22,0.00,0.00,0.17,216,30
28744,-1.9,-1.6,-0.7,0.016,-0.026,-0.984,4.9,-4.0,0.0,0.0148,-0.0095,-0.0111,1950,2012,2018,2047,0.00,0.01,2.68,0.18,1.0000,1,1,1,0.01,0.00,0.07,-0.22,0.00,0.00,0.17,216,30
28754,8.6,3.7,1.2,0.044,0.105,-0.979,5.0,-4.0,0.0,0.0063,-0.0147,-0.0131,1945,2030,2032,2047,0.00,0.01,2.68,0.18,1.0000,1,1,1,0.01,0.00,0.07,-0.22,0.00,0.00,0.17,216,30
28764,-3.3,-0.7,0.0,-0.010,-0.026,-1.006,5.1,-4.0,0.0,0.0176,-0.0096,-0.0115,1930,2047,2035,1999,0.00,0.01,2.68,0.18,1.0000,1,1,1,0.01,0.00,0.07,-0.22,0.00,0.00,0.17,216,30
28774,-3.8,-3.1,-1.0,0.000,-0.054,-1.062,5.0,-4.0,0.0,0.0167,-0.0080,-0.0108,1958,2040,2041,2047,0.00,0.01,2.68,0.18,1.0000,1,1,1,0.01,0.00,0.07,-0.22,0.00,0.00,0.18,216,30
28784,2.8,2.3,0.3,0.046,0.045,-1.010,5.0,-4.0,0.0,0.0086,-0.0146,-0.0124,1944,2025,2032,2047,0.00,0.01,2.68,0.18,1.0000,1,1,1,0.01,0.00,0.07,-0.22,0.00,0.00,0.18,216,30
28794,2.7,1.5,0.0,0.000,0.022,-0.898,5.0,-4.0,0.0,0.0108,-0.0121,-0.0116,1953,2047,2041,2030,0.00,0.01,2.68,0.18,1.0000,1,1,1,0.01,0.00,0.07,-0.22,0.00,0.00,0.18,216,30
28805,-2.4,-2.2,-0.4,-0.003,0.000,-1.125,5.0,-4.0,0.0,0.0153,-0.0089,-0.0113,1941,2047,2035,2015,0.00,0.01,2.68,0.18,1.0000,1,1,1,0.01,0.00,0.07,-0.22,0.00,0.00,0.17,216,30
28815,-3.2,-2.3,0.0,0.014,-0.023,-1.064,4.9,-4.0,0.0,0.0153,-0.0094,-0.0117,1956,2046,2046,2047,0.00,0.01,2.68,0.18,1.0000,1,1,1,0.01,0.00,0.07,-0.22,0.00,0.00,0.17,216,30
28825,3.0,2.2,-0.4,0.022,0.010,-0.882,4.9,-4.0,0.0,0.0098,-0.0135,-0.0113,1951,2027,2038,2047,0.00,0.01,2.68,0.18,1.0000,1,1,1,0.01,0.00,0.07,-0.22,0.00,0.00,0.17,216,30
28835,3.8,2.3,-0.2,0.028,0.045,-1.005,5.0,-3.9,0.0,0.0120,-0.0109,-0.0114,1950,2047,2039,2028,0.00,0.01,2.68,0.18,1.0000,1,1,1,0.01,0.00,0.07,-0.22,0.00,0.00,0.17,216,30
28845,-5.1,-4.8,1.0,-0.022,-0.025,-1.091,5.0,-4.0,0.0,0.0174,-0.0065,-0.0124,1939,2047,2029,2015,0.00,0.01,2.68,0.18,1.0000,1,1,1,0.01,0.00,0.07,-0.22,0.00,0.00,0.17,216,30
28855,1.1,-0.4,0.1,0.005,-0.001,-0.979,4.9,-4.1,0.0,0.0116,-0.0108,-0.0118,1945,2021,2034,2047,0.00,0.01,2.68,0.18,1.0000,1,1,1,0.01,0.00,0.07,-0.22,0.00,0.00,0.17,216,30
28865,2.9,5.9,-1.2,0.069,0.030,-0.935,5.0,-4.0,0.0,0.0113,-0.0154,-0.0108,1948,2038,2047,2039,0.00,0.01,2.68,0.18,1.0000,1,1,1,0.01,0.00,0.07,-0.22,0.00,0.00,0.17,216,30
28875,-2.7,-3.2,0.7,-0.011,-0.002,-1.033,5.0,-3.9,0.0,0.0162,-0.0055,-0.0122,1940,2047,2020,2006,0.00,0.01,2.68,0.18,1.0000,1,1,1,0.01,0.00,0.07,-0.22,0.00,0.00,0.17,216,30
28885,0.2,-3.8,-0.1,-0.030,0.025,-1.079,4.9,-4.0,0.0,0.0125,-0.0073,-0.0116,1959,2046,2046,2047,0.00,0.01,2.68,0.18,1.0000,1,1,1,0.01,0.00,0.07,-0.22,0.00,0.00,0.17,216,30
28895,0.0,3.5,-1.0,0.070,-0.011,-0.962,5.0,-4.0,0.0,0.0136,-0.0155,-0.0109,1937,2031,2047,2035,0.00,0.01,2.68,0.18,1.0000,1,1,1,0.01,0.00,0.07,-0.22,0.00,0.00,0.17,216,30
28905,-1.8,1.6,0.4,0.037,-0.041,-0.894,5.0,-3.9,0.0,0.0137,-0.0114,-0.0120,1957,2047,2035,2036,0.00,0.01,2.68,0.18,1.0000,1,1,1,0.01,0.00,0.07,-0.22,0.00,0.00,0.17,216,30
28915,4.8,-2.8,0.3,-0.052,0.109,-1.133,5.0,-4.0,0.0,0.0079,-0.0083,-0.0120,1963,2047,2036,2044,0.00,0.01,2.68,0.18,1.0000,1,1,1,0.01,0.00,0.07,-0.22,0.00,0.00,0.17,216,30
28926,-2.2,0.0,-1.2,0.020,-0.015,-1.055,5.0,-4.0,0.0,0.0182,-0.0124,-0.0105,1926,2037,2047,2015,0.00,0.01,2.68,0.18,1.0000,1,1,1,0.01,0.00,0.07,-0.22,0.00,0.00,0.17,216,30
28936,-4.4,1.4,0.0,0.076,-0.089,-0.865,4.9,-4.0,0.0,0.0160,-0.0127,-0.0117,1950,2044,2047,2042,0.00,0.01,2.68,0.18,1.0000,1,1,1,0.01,0.00,0.07,-0.22,0.00,0.00,0.18,216,30
28946,6.2,0.5,1.3,0.015,0.088,-1.039,4.9,-4.0,0.0,0.0064,-0.0117,-0.0128,1957,2029,2017,2047,0.00,0.01,2.68,0.18,1.0000,1,1,1,0.01,0.00,0.07,-0.22,0.00,0.00,0.18,216,30
28956,2.9,-2.0,0.4,-0.041,0.052,-1.082,5.0,-4.0,0.0,0.0112,-0.0089,-0.0120,1949,2047,2036,2027,0.00,0.01,2.68,0.18,1.0000,1,1,1,0.01,0.00,0.07,-0.22,0.00,0.00,0.18,216,30
28966,-6.8,-0.6,-0.5,0.004,-0.071,-0.965,4.9,-4.0,0.0,0.0197,-0.0106,-0.0113,1926,2041,2047,2014,0.00,0.01,2.68,0.18,1.0000,1,1,1,0.01,0.00,0.07,-0.22,0.00,0.00,0.18,216,30
28976,-1.5,2.3,0.4,0.084,-0.034,-0.971,4.8,-4.0,0.0,0.0101,-0.0132,-0.0125,1951,2029,2027,2047,0.00,0.01,2.68,0.18,1.0000,1,1,1,0.01,0.00,0.08,-0.22,0.00,0.00,0.18,216,30
28986,6.2,-0.5,0.0,0.014,0.084,-1.020,4.9,-4.0,0.0,0.0059,-0.0099,-0.0119,1966,2037,2027,2047,0.00,0.01,2.68,0.18,1.0000,1,1,1,0.01,0.00,0.07,-0.22,0.00,0.00,0.18,216,30
28996,4.1,-1.1,0.6,-0.069,0.070,-1.015,4.9,-4.0,0.0,0.0131,-0.0107,-0.0119,1942,2047,2047,2029,0.00,0.01,2.68,0.18,1.0000,1,1,1,0.01,0.00,0.07,-0.22,0.00,0.00,0.17,216,30
29006,-8.9,0.9,-0.7,0.067,-0.098,-1.036,5.0,-4.0,0.0,0.0223,-0.0123,-0.0110,1917,2041,2047,2005,0.00,0.01,2.68,0.18,1.0000,1,1,1,0.01,0.00,0.08,-0.22,0.00,0.00,0.17,216,30
29016,-3.1,-0.3,-1.3,0.062,-0.056,-0.953,4.9,-4.0,0.0,0.0159,-0.0108,-0.0106,1966,2034,2030,2047,0.00,0.01,2.68,0.18,1.0000,1,1,1,0.01,0.00,0.08,-0.22,0.00,0.00,0.17,216,30
29027,12.8,0.0,0.2,-0.036,0.171,-0.983,4.9,-4.0,0.0,0.0021,-0.0114,-0.0121,1958,2012,2009,2047,0.00,0.01,2.68,0.18,1.0000,1,1,1,0.01,0.00,0.07,-0.22,0.00,0.00,0.17,216,30
29037,-4.6,-0.1,1.9,0.013,-0.039,-1.077,5.0,-4.0,0.0,0.0203,-0.0108,-0.0130,1906,2047,2039,1993,0.00,0.01,2.68,0.18,1.0000,1,1,1,0.01,0.00,0.08,-0.22,0.00,0.00,0.17,216,30
29047,-11.8,-1.7,-1.2,0.058,-0.139,-0.998,4.9,-4.0,0.0,0.0247,-0.0094,-0.0106,1951,2047,2047,2030,0.00,0.01,2.68,0.18,1.0000,1,1,1,0.01,0.00,0.08,-0.22,0.00,0.00,0.17,216,30
29057,10.0,2.3,-1.3,0.017,0.099,-0.978,4.8,-4.0,0.0,0.0008,-0.0137,-0.0109,1951,1990,1999,2047,0.00,0.01,2.68,0.18,1.0000,1,1,1,0.01,0.00,0.08,-0.22,0.00,0.00,0.17,216,30
29067,4.1,-0.5,2.1,-0.027,0.051,-1.013,5.0,-4.0,0.0,0.0172,-0.0088,-0.0128,1933,2047,2032,2015,0.00,0.01,2.68,0.18,1.0000,1,1,1,0.01,0.00,0.08,-0.22,0.00,0.00,0.17,216,30
29077,-13.4,-3.3,0.2,0.015,-0.114,-1.030,4.9,-4.0,0.0,0.0263,-0.0079,-0.0119,1917,2047,2040,1997,0.00,0.01,2.68,0.18,1.0000,1,1,1,0.01,0.00,0.08,-0.22,0.00,0.00,0.17,216,30
29087,0.7,1.6,-2.4,0.073,-0.002,-1.044,4.8,-4.0,0.0,0.0053,-0.0142,-0.0106,1953,2014,2027,2047,0.00,0.01,2.68,0.18,1.0000,1,1,1,0.01,0.00,0.08,-0.22,0.00,0.00,0.17,216,30
29097,8.6,2.4,1.5,-0.021,0.093,-0.940,4.9,-4.0,0.0,0.0053,-0.0129,-0.0129,1955,2036,2031,2047,0.00,0.01,2.68,0.18,1.0000,1,1,1,0.01,0.00,0.08,-0.22,0.00,0.00,0.17,216,30
29107,-3.9,-3.3,0.6,-0.032,-0.023,-1.010,5.0,-4.0,0.0,0.0168,-0.0078,-0.0122,1924,2047,2033,1995,0.00,0.01,2.68,0.18,1.0000,1,1,1,0.01,0.00,0.08,-0.22,0.00,0.00,0.18,216,30
29117,-7.8,-1.5,-2.8,0.069,-0.080,-1.113,4.9,-4.0,0.0,0.0166,-0.0114,-0.0099,1941,2041,2047,2022,0.00,0.01,2.68,0.18,1.0000,1,1,1,0.01,0.00,0.08,-0.22,0.00,0.00,0.17,216,30
29127,4.6,2.3,0.7,0.016,0.020,-0.903,4.9,-4.0,0.0,0.0081,-0.0136,-0.0123,1947,2009,2013,2047,0.00,0.01,2.68,0.18,1.0000,1,1,1,0.01,0.00,0.08,-0.22,0.00,0.00,0.17,216,30
29137,7.2,1.2,1.2,-0.035,0.129,-0.931,5.0,-4.0,0.0,0.0056,-0.0124,-0.0127,1949,2047,2040,2033,0.00,0.01,2.68,0.18,1.0000,1,1,1,0.01,0.00,0.08,-0.22,0.00,0.00,0.17,216,30
29147,-9.6,-3.6,-1.9,0.021,-0.061,-1.129,5.0,-4.0,0.0,0.0240,-0.0075,-0.0101,1918,2047,2037,1984,0.00,0.01,2.68,0.18,1.0000,1,1,1,0.01,0.00,0.08,-0.23,0.00,0.00,0.17,216,30
29158,-5.4,-1.7,-0.8,0.025,-0.075,-1.013,4.9,-4.0,0.0,0.0160,-0.0103,-0.0112,1949,2021,2027,2047,0.00,0.01,2.68,0.18,1.0000,1,1,1,0.01,0.00,0.08,-0.22,0.00,0.00,0.18,216,30
29168,11.7,4.9,2.3,0.022,0.094,-0.934,5.0,-4.0,0.0,0.0012,-0.0160,-0.0135,1946,2021,2022,2047,0.00,0.01,2.68,0.18,1.0000,1,1,1,0.01,0.00,0.08,-0.22,0.00,0.00,0.17,216,30
29178,-2.4,-1.6,-0.5,0.004,0.019,-1.002,5.0,-3.9,0.0,0.0153,-0.0095,-0.0112,1925,2047,2031,1988,0.00,0.01,2.68,0.18,1.0000,1,1,1,0.01,0.00,0.08,-0.23,0.00,0.00,0.17,216,30
29188,-7.2,-4.8,-1.6,-0.005,-0.064,-1.063,4.9,-4.0,0.0,0.0160,-0.0089,-0.0109,1957,2047,2046,2042,0.00,0.01,2.68,0.18,1.0000,1,1,1,0.01,0.00,0.08,-0.23,0.00,0.00,0.17,216,30
29198,5.7,4.2,2.2,0.055,0.029,-1.020,4.9,-4.0,0.0,0.0054,-0.0168,-0.0139,1932,2007,2017,2047,0.00,0.01,2.68,0.18,1.0000,1,1,1,0.01,0.00,0.08,-0.23,0.00,0.00,0.18,216,30
29208,1.4,0.9,0.2,0.006,0.009,-0.910,5.0,-4.0,0.0,0.0114,-0.0121,-0.0119,1947,2047,2037,2018,0.00,0.01,2.68,0.18,1.0000,1,1,1,0.01,0.00,0.08,-0.23,0.00,0.00,0.17,216,30
29218,-3.6,-4.4,-3.0,-0.029,0.002,-1.031,5.0,-4.0,0.0,0.0166,-0.0066,-0.0094,1951,2047,2041,2022,0.00,0.01,2.68,0.18,1.0000,1,1,1,0.01,0.00,0.08,-0.23,0.00,0.00,0.17,216,30
29228,0.1,0.0,1.6,0.059,0.027,-1.128,4.9,-4.0,0.0,0.0127,-0.0111,-0.0130,1943,2038,2039,2047,0.00,0.01,2.68,0.18,1.0000,1,1,1,0.01,0.00,0.08,-0.23,0.00,0.00,0.17,216,30
29238,-0.2,2.4,0.9,0.023,-0.049,-0.889,5.0,-4.0,0.0,0.0125,-0.0130,-0.0117,1954,2044,2047,2043,0.00,0.01,2.68,0.18,1.0000,1,1,1,0.01,0.00,0.08,-0.23,0.00,0.00,0.17,216,30
29248,2.1,0.0,-2.0,0.000,0.038,-0.967,5.0,-4.0,0.0,0.0110,-0.0102,-0.0100,1960,2047,2043,2033,0.00,0.01,2.68,0.18,1.0000,1,1,1,0.01,0.00,0.08,-0.23,0.00,0.00,0.17,216,30
29259,-0.7,-2.4,0.0,0.011,0.049,-1.098,5.0,-4.0,0.0,0.0143,-0.0087,-0.0119,1937,2047,2035,2022,0.00,0.01,2.68,0.18,1.0000,1,1,1,0.01,0.00,0.08,-0.23,0.00,0.00,0.17,216,30
29269,-2.7,-0.4,2.3,0.012,-0.056,-0.984,5.0,-4.0,0.0,0.0137,-0.0123,-0.0132,1949,2043,2044,2047,0.00,0.01,2.68,0.18,1.0000,1,1,1,0.01,0.00,0.08,-0.23,0.00,0.00,0.17,216,30
29279,3.3,2.4,-1.0,0.036,0.000,-0.951,5.0,-4.0,0.0,0.0094,-0.0136,-0.0108,1961,2036,2043,2047,0.00,0.01,2.68,0.18,1.0000,1,1,1,0.01,0.00,0.08,-0.23,0.00,0.00,0.17,216,30
29289,0.6,-0.6,-0.6,0.008,0.049,-1.031,5.0,-3.9,0.0,0.0122,-0.0105,-0.0112,1949,2047,2034,2025,0.00,0.01,2.68,0.18,1.0000,1,1,1,0.01,0.00,0.08,-0.23,0.00,0.00,0.17,216,30
29299,-1.4,-2.9,2.2,-0.014,0.006,-1.029,5.0,-4.0,0.0,0.0144,-0.0085,-0.0135,1942,2047,2037,2034,0.00,0.01,2.68,0.18,1.0000,1,1,1,0.01,0.00,0.08,-0.23,0.00,0.00,0.18,216,30
29309,-0.6,1.5,0.0,0.032,-0.027,-1.017,5.0,-4.0,0.0,0.0136,-0.0127,-0.0116,1946,2039,2047,2039,0.00,0.01,2.68,0.18,1.0000,1,1,1,0.01,0.00,0.08,-0.23,0.00,0.00,0.17,216,30
29319,-0.4,-0.6,-2.5,0.030,-0.012,-0.957,5.0,-3.9,0.0,0.0133,-0.0105,-0.0096,1969,2047,2043,2040,0.00,0.01,2.68,0.18,1.0000,1,1,1,0.01,0.00,0.08,-0.23,0.00,0.00,0.16,216,30
29329,5.1,-1.3,0.7,-0.027,0.077,-0.987,5.0,-4.0,0.0,0.0075,-0.0099,-0.0125,1956,2040,2032,2047,0.00,0.01,2.68,0.18,1.0000,1,1,1,0.01,0.00,0.08,-0.23,0.00,0.00,0.16,216,30
29339,0.6,0.9,1.7,0.015,0.024,-1.102,5.1,-4.0,0.0,0.0122,-0.0121,-0.0131,1934,2047,2044,2026,0.00,0.01,2.68,0.18,1.0000,1,1,1,0.01,0.00,0.08,-0.23,0.00,0.00,0.16,216,30
29349,-8.1,-0.7,-1.6,0.023,-0.121,-0.985,5.0,-4.0,0.0,0.0186,-0.0097,-0.0098,1951,2047,2046,2023,0.00,0.01,2.68,0.17,0.9969,1,1,1,0.01,0.00,0.08,-0.23,0.00,0.00,0.16,216,30
29359,4.9,-0.4,-0.5,0.014,0.088,-0.947,4.9,-4.0,0.0,0.0063,-0.0112,-0.0115,1950,2013,2013,2047,0.00,0.01,2.68,0.17,0.9969,1,1,1,0.01,0.00,0.08,-0.23,0.00,0.00,0.16,216,30
29369,5.8,2.2,2.5,0.009,0.088,-1.053,5.1,-4.0,0.0,0.0071,-0.0134,-0.0137,1941,2047,2042,2039,0.00,0.01,2.68,0.17,0.9963,1,1,1,0.01,0.00,0.08,-0.23,0.00,0.00,0.16,216,30
29380,-8.3,-1.7,-0.6,-0.003,-0.088,-1.023,5.1,-3.9,0.0,0.0220,-0.0085,-0.0103,1932,2047,2041,2001,0.00,0.01,2.68,0.17,0.9963,1,1,1,0.01,0.00,0.08,-0.23,0.00,0.00,0.16,216,30
29390,-1.7,-1.7,-1.6,0.022,-0.023,-1.000,5.0,-4.0,0.0,0.0146,-0.0095,-0.0103,1960,2034,2036,2047,0.00,0.01,2.68,0.17,0.9963,1,1,1,0.01,0.00,0.08,-0.23,0.00,0.00,0.16,216,30
29400,7.1,2.7,1.2,0.032,0.099,-0.994,5.1,-3.9,0.0,0.0074,-0.0137,-0.0132,1947,2035,2033,2047,0.00,0.01,2.68,0.17,0.9963,1,1,1,0.01,0.00,0.08,-0.23,0.00,0.00,0.16,216,30
29410,-1.9,-0.5,0.5,-0.011,-0.009,-0.983,5.1,-3.9,0.0,0.0176,-0.0088,-0.0114,1937,2047,2037,2014,0.00,0.01,2.68,0.17,0.9963,1,1,1,0.01,0.00,0.08,-0.23,0.00,0.00,0.15,216,30
29420,-4.5,-2.6,-2.0,0.012,-0.041,-1.068,5.1,-4.0,0.0,0.0175,-0.0085,-0.0101,1953,2047,2046,2030,0.00,0.01,2.68,0.17,0.9963,1,1,1,0.01,0.00,0.08,-0.23,0.00,0.00,0.15,216,30
29430,0.6,1.0,0.0,0.041,0.016,-1.014,5.0,-4.0,0.0,0.0097,-0.0133,-0.0122,1948,2028,2032,2047,0.00,0.01,2.68,0.17,0.9963,1,1,1,0.01,0.00,0.08,-0.23,0.00,0.00,0.16,216,30
29440,4.8,2.0,1.5,-0.002,0.046,-0.888,5.1,-3.9,0.0,0.0085,-0.0130,-0.0128,1953,2038,2037,2047,0.00,0.01,2.68,0.17,0.9963,1,1,1,0.01,0.00,0.08,-0.23,0.00,0.00,0.16,216,30
29450,-1.6,-1.0,-1.0,0.009,0.015,-1.120,5.1,-3.9,0.0,0.0146,-0.0100,-0.0108,1940,2047,2040,2012,0.00,0.01,2.68,0.17,0.9853,1,1,1,0.01,0.00,0.08,-0.23,0.00,0.00,0.16,216,30
29460,-5.7,-3.4,-0.8,0.002,-0.054,-1.070,5.0,-4.0,0.0,0.0158,-0.0090,-0.0113,1944,2047,2038,2021,0.00,0.01,2.68,0.17,0.9853,1,1,1,0.01,0.00,0.08,-0.23,0.00,0.00,0.16,216,30
29470,4.8,2.7,1.2,0.025,0.045,-0.877,5.0,-4.0,0.0,0.0073,-0.0146,-0.0128,1940,2014,2023,2047,0.00,0.01,2.68,0.17,0.9853,1,1,1,0.01,0.00,0.08,-0.23,0.00,0.00,0.16,216,30
29481,3.0,2.4,0.5,0.035,0.051,-1.015,5.1,-3.9,0.0,0.0099,-0.0136,-0.0121,1951,2043,2043,2041,0.00,0.01,2.68,0.17,0.9853,1,1,1,0.01,0.00,0.08,-0.23,0.00,0.00,0.16,216,30
29491,-4.8,-5.3,-1.6,-0.022,-0.043,-1.070,5.1,-3.9,0.0,0.0171,-0.0055,-0.0102,1943,2047,2029,2003,0.00,0.01,2.68,0.17,0.9841,1,1,1,0.01,0.00,0.08,-0.23,0.00,0.00,0.16,216,30
29501,0.8,-0.7,0.5,0.007,0.008,-1.000,5.0,-4.0,0.0,0.0121,-0.0104,-0.0121,1949,2036,2038,2046,0.00,0.01,2.68,0.17,0.9841,1,1,0,0.01,0.00,0.08,-0.23,0.00,0.00,0.16,216,30
29511,2.3,5.6,1.5,0.067,0.029,-0.945,5.1,-4.0,0.0,0.0111,-0.0166,-0.0129,1940,2036,2046,2047,0.00,0.01,2.68,0.17,0.9841,1,1,1,0.01,0.00,0.08,-0.23,0.00,0.00,0.16,216,30
29521,-2.4,-2.9,-2.3,0.001,-0.011,-1.006,5.0,-3.9,0.0,0.0154,-0.0073,-0.0097,1954,2047,2034,2013,0.00,0.01,2.68,0.17,0.9841,1,1,1,0.01,0.00,0.08,-0.23,0.00,0.00,0.16,216,30
29531,1.4,-3.1,-0.1,-0.023,0.044,-1.099,5.0,-4.0,0.0,0.0114,-0.0081,-0.0116,1955,2043,2034,2036,0.00,0.01,2.68,0.17,0.9841,1,1,0,0.01,0.00,0.08,-0.23,0.00,0.00,0.16,216,30
29541,-0.6,2.0,1.6,0.051,-0.006,-0.972,5.0,-4.0,0.0,0.0141,-0.0142,-0.0129,1921,2023,2028,2023,0.00,0.01,2.68,0.17,0.9743,1,1,0,0.01,0.00,0.08,-0.23,0.00,0.00,0.16,216,30
29551,-0.2,1.4,-1.4,0.046,-0.040,-0.865,5.0,-4.0,0.0,0.0118,-0.0116,-0.0102,1940,2018,2020,2017,0.00,0.01,2.68,0.17,0.9743,1,1,0,0.01,0.00,0.08,-0.23,0.00,0.00,0.16,216,30
29561,3.0,-1.7,-0.9,-0.021,0.096,-1.158,5.0,-4.0,0.0,0.0098,-0.0095,-0.0109,1939,2022,2014,2016,0.00,0.01,2.68,0.17,0.9737,1,1,0,0.01,0.00,0.08,-0.23,0.00,0.00,0.16,216,30
29571,-3.1,-1.6,2.6,-0.010,-0.024,-1.037,5.0,-4.0,0.0,0.0174,-0.0109,-0.0136,1918,2036,2025,2011,0.00,0.01,2.68,0.16,0.9737,1,1,0,0.01,0.00,0.08,-0.24,0.00,0.00,0.16,216,30
29581,-2.6,1.5,-1.5,0.057,-0.044,-0.878,5.0,-4.0,0.0,0.0139,-0.0134,-0.0102,1930,2014,2027,2019,0.00,0.01,2.68,0.16,0.9737,1,1,0,0.01,0.00,0.08,-0.23,0.00,0.00,0.16,216,30
29591,4.1,1.2,-0.5,0.017,0.070,-1.088,5.0,-4.0,0.0,0.0087,-0.0124,-0.0112,1937,2015,2013,2024,0.00,0.01,2.68,0.16,0.9737,1,1,0,0.01,0.00,0.08,-0.24,0.00,0.00,0.16,216,30
29602,1.4,-3.0,2.3,-0.045,0.032,-1.069,5.0,-4.0,0.0,0.0115,-0.0082,-0.0135,1928,2034,2016,2011,0.00,0.01,2.68,0.16,0.9737,1,1,0,0.01,0.00,0.08,-0.24,0.00,0.00,0.16,216,30
29612,-3.6,1.3,-1.1,0.029,-0.045,-0.961,5.0,-4.0,0.0,0.0166,-0.0126,-0.0108,1921,2022,2035,2012,0.00,0.01,2.68,0.16,0.9737,1,1,0,0.01,0.00,0.08,-0.24,0.00,0.00,0.16,216,30
29622,-1.7,1.1,-1.8,0.078,-0.019,-0.973,4.9,-4.0,0.0,0.0115,-0.0108,-0.0107,1932,2017,2017,2014,0.00,0.01,2.68,0.16,0.9725,1,1,0,0.01,0.00,0.08,-0.24,0.00,0.00,0.16,216,30
29632,5.5,-2.3,1.7,-0.032,0.082,-1.031,5.0,-4.0,0.0,0.0073,-0.0089,-0.0131,1938,2016,2001,2025,0.00,0.01,2.68,0.16,0.9725,1,1,0,0.01,0.00,0.08,-0.24,0.00,0.00,0.16,216,30
29642,1.6,0.7,0.3,-0.014,0.056,-1.057,5.1,-4.0,0.0,0.0131,-0.0124,-0.0118,1902,2009,2015,1995,0.00,0.01,2.68,0.16,0.9646,1,1,0,0.01,0.00,0.08,-0.24,0.00,0.00,0.16,216,30
29652,-9.5,0.0,-2.0,0.081,-0.134,-0.956,5.0,-4.0,0.0,0.0216,-0.0110,-0.0100,1906,2015,2016,1983,0.00,0.01,2.68,0.16,0.9646,1,1,0,0.01,0.00,0.08,-0.24,0.00,0.00,0.16,216,30
29662,8.9,-0.6,0.4,-0.003,0.117,-0.976,4.9,-4.0,0.0,0.0038,-0.0106,-0.0120,1934,1985,1979,2023,0.00,0.01,2.68,0.16,0.9646,1,1,0,0.01,0.00,0.08,-0.24,0.00,0.00,0.16,216,30
29672,6.1,0.5,2.2,-0.039,0.092,-1.066,5.1,-4.0,0.0,0.0148,-0.0112,-0.0130,1906,2011,2005,1998,0.00,0.01,2.68,0.16,0.9646,1,1,0,0.01,0.00,0.08,-0.24,0.00,0.00,0.16,216,30
29682,-12.8,-1.7,-2.1,0.053,-0.157,-0.960,5.0,-4.0,0.0,0.0252,-0.0097,-0.0097,1900,2021,2024,1975,0.00,0.01,2.68,0.16,0.9646,1,1,0,0.01,0.00,0.08,-0.24,0.00,0.00,0.16,216,30
29692,6.4,1.7,0.0,0.052,0.072,-1.004,4.9,-4.0,0.0,0.0064,-0.0130,-0.0117,1926,1983,1986,2025,0.00,0.01,2.68,0.16,0.9646,1,1,0,0.01,0.00,0.08,-0.24,0.00,0.00,0.16,216,30
29702,6.8,-0.5,2.7,-0.030,0.092,-1.002,5.1,-4.0,0.0,0.0129,-0.0091,-0.0132,1897,1996,1981,1982,0.00,0.01,2.68,0.16,0.9560,1,1,0,0.01,0.00,0.08,-0.24,0.00,0.00,0.16,216,30
29713,-10.0,-2.2,-2.2,0.000,-0.085,-1.022,5.0,-4.0,0.0,0.0230,-0.0090,-0.0099,1882,2005,2010,1959,0.00,0.01,2.68,0.16,0.9560,1,1,0,0.01,0.00,0.08,-0.24,0.00,0.00,0.16,216,30
29723,0.0,2.0,-0.2,0.070,0.000,-1.017,4.9,-4.0,0.0,0.0129,-0.0133,-0.0115,1896,1975,1981,1994,0.00,0.01,2.68,0.16,0.9548,1,1,0,0.01,0.00,0.08,-0.24,0.00,0.00,0.16,216,30
29733,9.3,0.5,1.5,-0.024,0.100,-0.928,5.0,-4.0,0.0,0.0071,-0.0105,-0.0125,1905,1979,1971,1992,0.00,0.01,2.68,0.16,0.9548,1,1,0,0.01,0.00,0.08,-0.24,0.00,0.00,0.16,216,30
29743,-5.6,-1.9,-1.2,-0.001,-0.019,-1.094,5.1,-4.0,0.0,0.0187,-0.0093,-0.0107,1879,2007,2005,1956,0.00,0.01,2.68,0.16,0.9548,1,1,0,0.01,0.00,0.08,-0.24,0.00,0.00,0.16,216,30
29753,-6.9,-0.3,-0.7,0.060,-0.103,-1.030,4.9,-4.0,0.0,0.0179,-0.0114,-0.0113,1891,1986,1988,1981,0.00,0.01,2.68,0.16,0.9548,1,1,0,0.01,0.00,0.08,-0.24,0.00,0.00,0.16,216,30
29763,12.5,2.2,1.2,-0.018,0.132,-0.897,5.0,-4.0,0.0,0.0027,-0.0122,-0.0124,1910,1967,1967,2003,0.00,0.01,2.68,0.16,0.9548,1,1,0,0.01,0.00,0.08,-0.24,0.00,0.00,0.16,216,30
29773,-6.8,-2.9,-0.4,-0.013,-0.030,-1.164,5.1,-4.0,0.0,0.0199,-0.0083,-0.0113,1879,2016,2003,1949,0.00,0.01,2.68,0.16,0.9548,1,1,0,0.01,0.00,0.08,-0.24,0.00,0.00,0.16,216,30
29783,-5.2,-0.5,-0.5,0.056,-0.093,-0.984,4.9,-4.0,0.0,0.0112,-0.0134,-0.0116,1893,1980,1986,1988,0.00,0.01,2.68,0.16,0.9548,1,1,0,0.01,0.00,0.08,-0.24,0.00,0.00,0.16,216,30
29793,11.7,4.7,1.1,0.018,0.113,-0.947,5.0,-4.0,0.0,0.0025,-0.0149,-0.0127,1903,1971,1973,2000,0.00,0.01,2.68,0.16,0.9548,1,1,0,0.01,0.00,0.08,-0.24,0.00,0.00,0.16,216,30
29803,-6.7,-5.6,0.1,-0.026,-0.039,-1.069,5.1,-4.0,0.0,0.0198,-0.0056,-0.0118,1887,2014,1994,1952,0.00,0.01,2.68,0.16,0.9548,1,1,0,0.01,0.00,0.08,-0.24,0.00,0.00,0.16,216,30
29813,-2.1,1.0,-1.3,0.061,-0.029,-1.023,4.9,-4.1,0.0,0.0099,-0.0156,-0.0112,1892,1972,1989,1994,0.00,0.01,2.68,0.16,0.9548,1,1,0,0.01,0.00,0.08,-0.24,0.00,0.00,0.16,216,30
29824,6.6,4.3,0.8,0.022,0.053,-0.931,5.0,-4.0,0.0,0.0063,-0.0157,-0.0124,1882,1961,1959,1971,0.00,0.01,2.68,0.16,0.9450,1,1,0,0.01,0.00,0.08,-0.24,0.00,0.00,0.16,216,30
29834,-1.4,-4.8,-0.3,-0.038,0.033,-1.032,5.0,-4.0,0.0,0.0155,-0.0063,-0.0113,1877,1985,1967,1944,0.00,0.01,2.68,0.16,0.9450,1,1,0,0.01,0.00,0.08,-0.24,0.00,0.00,0.16,216,30
29844,-4.1,1.3,0.5,0.063,-0.036,-1.060,4.9,-4.1,0.0,0.0164,-0.0134,-0.0123,1865,1967,1975,1967,0.00,0.01,2.68,0.16,0.9450,1,1,0,0.01,0.00,0.08,-0.24,0.00,0.00,0.16,216,30
29854,4.5,1.8,-0.6,0.006,-0.001,-0.870,5.0,-4.0,0.0,0.0084,-0.0132,-0.0112,1889,1957,1958,1969,0.00,0.01,2.68,0.16,0.9450,1,1,0,0.01,0.00,0.08,-0.24,0.00,0.00,0.16,216,30
29864,1.5,-2.6,0.0,-0.018,0.096,-1.116,5.0,-4.0,0.0,0.0128,-0.0087,-0.0118,1874,1978,1966,1954,0.00,0.01,2.68,0.16,0.9450,1,1,0,0.01,0.00,0.08,-0.24,0.00,0.00,0.16,216,30
29874,-6.0,0.5,0.9,0.052,-0.115,-0.996,4.9,-4.1,0.0,0.0177,-0.0129,-0.0123,1865,1970,1975,1963,0.00,0.01,2.68,0.16,0.9450,1,1,0,0.01,0.00,0.08,-0.24,0.00,0.00,0.16,216,30
29884,5.7,2.0,-1.3,0.022,0.068,-0.931,4.9,-4.0,0.0,0.0071,-0.0134,-0.0106,1887,1952,1959,1975,0.00,0.01,2.68,0.16,0.9450,1,1,0,0.01,0.00,0.08,-0.24,0.00,0.00,0.16,216,30
29894,-0.6,-3.0,0.3,-0.027,0.046,-1.080,5.0,-4.0,0.0,0.0166,-0.0083,-0.0123,1873,1982,1967,1951,0.00,0.01,2.68,0.16,0.9450,1,1,0,0.01,0.00,0.08,-0.24,0.00,0.00,0.16,216,30
29904,-2.8,1.7,0.8,0.059,-0.079,-0.992,4.9,-4.1,0.0,0.0152,-0.0138,-0.0122,1867,1964,1974,1968,0.00,0.01,2.68,0.16,0.9450,1,1,0,0.01,0.00,0.08,-0.24,0.00,0.00,0.16,216,30
29914,2.9,0.3,-0.9,0.011,0.045,-0.983,4.9,-4.0,0.0,0.0100,-0.0117,-0.0110,1884,1963,1960,1966,0.00,0.01,2.68,0.16,0.9450,1,1,0,0.01,0.00,0.08,-0.24,0.00,0.00,0.16,216,30
29924,2.9,-2.5,0.4,-0.016,0.045,-1.023,4.9,-4.1,0.0,0.0124,-0.0103,-0.0121,1876,1969,1962,1961,0.00,0.01,2.68,0.16,0.9444,1,1,0,0.01,0.00,0.08,-0.24,0.00,0.00,0.16,216,30
29934,-6.3,3.2,0.2,0.062,-0.068,-1.034,4.9,-4.0,0.0,0.0193,-0.0145,-0.0118,1858,1973,1981,1956,0.00,0.01,2.68,0.16,0.9444,1,1,0,0.01,0.00,0.08,-0.24,0.00,0.00,0.16,216,30
29945,3.4,-1.9,-0.7,-0.013,0.018,-0.926,4.9,-4.0,0.0,0.0095,-0.0094,-0.0111,1892,1958,1950,1969,0.00,0.01,2.68,0.16,0.9444,1,1,0,0.01,0.00,0.08,-0.24,0.00,0.00,0.16,216,30
29955,3.5,0.4,0.3,0.013,0.094,-1.068,5.0,-4.1,0.0,0.0146,-0.0128,-0.0122,1867,1969,1971,1962,0.00,0.01,2.68,0.16,0.9444,1,1,0,0.01,0.00,0.08,-0.24,0.00,0.00,0.16,216,30
29965,-8.6,-0.3,-0.1,0.029,-0.123,-0.990,4.9,-4.0,0.0,0.0207,-0.0108,-0.0114,1865,1975,1972,1947,0.00,0.01,2.68,0.16,0.9432,1,1,0,0.01,0.00,0.08,-0.24,0.00,0.00,0.16,216,30
29975,9.1,-0.2,-0.5,0.001,0.106,-0.979,4.9,-4.0,0.0,0.0038,-0.0111,-0.0112,1887,1947,1946,1978,0.00,0.01,2.68,0.16,0.9432,1,1,0,0.01,0.00,0.08,-0.24,0.00,0.00,0.16,216,30
29985,-2.6,0.6,1.6,0.000,0.018,-1.039,5.0,-4.0,0.0,0.0206,-0.0115,-0.0124,1840,1966,1962,1931,0.00,0.01,2.68,0.16,0.9353,1,1,0,0.01,0.00,0.08,-0.24,0.00,0.00,0.16,216,30
29995,-5.4,-0.9,-1.9,0.048,-0.126,-1.037,4.9,-4.0,0.0,0.0153,-0.0109,-0.0100,1862,1945,1949,1944,0.00,0.01,2.68,0.16,0.9353,1,1,0,0.01,0.00,0.08,-0.24,0.00,0.00,0.15,216,30
30005,7.5,1.2,1.2,-0.005,0.117,-0.933,5.0,-4.0,0.0,0.0055,-0.0126,-0.0129,1864,1939,1936,1961,0.00,0.01,2.68,0.16,0.9353,1,1,0,0.01,0.00,0.08,-0.24,0.00,0.00,0.15,216,30
30015,-4.1,-1.5,0.0,0.008,-0.032,-1.075,5.0,-4.0,0.0,0.0201,-0.0099,-0.0110,1847,1965,1961,1926,0.00,0.01,2.68,0.16,0.9353,1,1,0,0.01,0.00,0.08,-0.25,0.00,0.00,0.15,216,30
30025,-3.2,0.6,-1.5,0.041,-0.051,-1.021,4.9,-4.0,0.0,0.0163,-0.0120,-0.0104,1862,1941,1945,1952,0.00,0.01,2.68,0.16,0.9353,1,1,0,0.01,0.00,0.08,-0.24,0.00,0.00,0.15,216,30
30035,8.7,0.1,1.2,-0.022,0.096,-0.901,5.0,-4.0,0.0,0.0068,-0.0112,-0.0126,1867,1940,1935,1957,0.00,0.01,2.68,0.16,0.9353,1,1,0,0.01,0.00,0.08,-0.24,0.00,0.00,0.15,216,30
30045,-7.6,-0.9,0.2,0.037,-0.031,-1.139,5.0,-4.0,0.0,0.0209,-0.0105,-0.0119,1840,1970,1965,1924,0.00,0.01,2.68,0.16,0.9353,1,1,0,0.01,0.00,0.08,-0.25,0.00,0.00,0.15,216,30
30056,1.3,-0.3,-0.3,0.010,-0.037,-0.929,4.9,-4.0,0.0,0.0063,-0.0120,-0.0114,1872,1930,1934,1963,0.00,0.01,2.68,0.16,0.9353,1,1,0,0.01,0.00,0.08,-0.24,0.00,0.00,0.15,216,30
30066,4.6,1.6,0.4,0.009,0.107,-1.005,5.1,-4.0,0.0,0.0105,-0.0125,-0.0120,1852,1954,1952,1941,0.00,0.01,2.68,0.15,0.9353,1,1,0,0.01,0.00,0.08,-0.25,0.00,0.00,0.16,216,30
30076,-9.9,-3.2,0.2,0.014,-0.117,-1.108,5.0,-4.0,0.0,0.0231,-0.0082,-0.0119,1851,1961,1954,1934,0.00,0.01,2.68,0.15,0.9353,1,1,0,0.01,0.00,0.08,-0.25,0.00,0.00,0.16,216,30
30086,9.1,3.8,-0.1,0.030,0.088,-0.890,5.0,-4.0,0.0,0.0035,-0.0156,-0.0119,1863,1928,1939,1965,0.00,0.01,2.68,0.15,0.9347,1,1,0,0.01,0.00,0.08,-0.25,0.00,0.00,0.16,216,30
30096,-5.4,-3.0,-0.6,-0.010,0.000,-1.053,5.1,-4.0,0.0,0.0201,-0.0078,-0.0111,1848,1972,1958,1916,0.00,0.01,2.68,0.15,0.9347,1,1,0,0.01,0.00,0.08,-0.25,0.00,0.00,0.16,216,30
30106,-1.3,0.5,0.0,0.053,-0.059,-1.089,5.0,-4.1,0.0,0.0145,-0.0120,-0.0116,1838,1917,1929,1942,0.00,0.01,2.68,0.15,0.9255,1,1,0,0.01,0.00,0.08,-0.25,0.00,0.00,0.16,216,30
30116,5.3,2.2,0.5,-0.012,0.066,-0.841,5.1,-4.0,0.0,0.0107,-0.0111,-0.0117,1842,1935,1928,1920,0.00,0.01,2.68,0.15,0.9255,1,1,0,0.01,0.00,0.08,-0.25,0.00,0.00,0.16,216,30
30126,-4.1,-3.7,-1.9,0.023,-0.020,-1.191,5.0,-4.0,0.0,0.0176,-0.0081,-0.0102,1836,1942,1937,1911,0.00,0.01,2.68,0.15,0.9255,1,1,0,0.01,0.00,0.08,-0.25,0.00,0.00,0.16,216,30
30136,1.3,3.3,1.7,0.024,-0.022,-0.893,4.9,-4.0,0.0,0.0117,-0.0149,-0.0131,1838,1919,1926,1943,0.00,0.01,2.68,0.15,0.9255,1,1,0,0.01,0.00,0.08,-0.25,0.00,0.00,0.16,216,30
30146,2.8,-1.9,-0.6,-0.001,0.068,-1.003,5.0,-4.0,0.0,0.0134,-0.0082,-0.0111,1841,1942,1930,1913,0.00,0.01,2.68,0.15,0.9255,1,1,0,0.01,0.00,0.08,-0.25,0.00,0.00,0.16,216,30
30156,-4.7,-1.5,0.3,0.027,-0.041,-1.102,5.0,-4.0,0.0,0.0179,-0.0099,-0.0120,1831,1936,1935,1923,0.00,0.01,2.68,0.15,0.9255,1,1,0,0.01,0.00,0.08,-0.25,0.00,0.00,0.16,216,30
30167,4.8,2.6,0.2,0.018,0.010,-0.874,5.0,-4.0,0.0,0.0083,-0.0134,-0.0116,1843,1922,1926,1934,0.00,0.01,2.68,0.15,0.9255,1,1,0,0.01,0.00,0.08,-0.25,0.00,0.00,0.16,216,30
30177,-3.9,-3.3,0.4,0.000,0.020,-1.104,5.0,-4.0,0.0,0.0177,-0.0078,-0.0121,1834,1950,1932,1910,0.00,0.01,2.68,0.15,0.9255,1,1,0,0.01,0.00,0.08,-0.25,0.00,0.00,0.16,216,30
30187,1.6,1.6,-0.1,0.036,-0.020,-0.994,4.9,-4.1,0.0,0.0115,-0.0132,-0.0115,1838,1916,1932,1939,0.00,0.01,2.68,0.15,0.9255,1,1,0,0.01,0.00,0.08,-0.25,0.00,0.00,0.16,216,30
30197,0.0,0.2,-0.4,-0.005,0.030,-0.917,5.0,-4.0,0.0,0.0146,-0.0091,-0.0114,1841,1943,1929,1914,0.00,0.01,2.68,0.15,0.9255,1,1,0,0.01,0.00,0.08,-0.25,0.00,0.00,0.16,216,30
30207,-0.8,-2.6,-0.1,0.020,0.014,-1.161,5.0,-4.1,0.0,0.0141,-0.0089,-0.0116,1835,1931,1934,1927,0.00,0.01,2.68,0.15,0.9255,1,1,0,0.01,0.00,0.08,-0.25,0.00,0.00,0.16,216,30
30217,-1.2,3.1,-1.1,0.026,-0.033,-0.854,5.0,-4.0,0.0,0.0144,-0.0147,-0.0108,1838,1930,1936,1922,0.00,0.01,2.68,0.15,0.9255,1,1,0,0.01,0.00,0.08,-0.25,0.00,0.00,0.16,216,30
30227,2.5,-2.8,-0.7,0.000,0.064,-1.075,5.0,-4.0,0.0,0.0106,-0.0087,-0.0113,1846,1932,1922,1926,0.00,0.01,2.68,0.15,0.9255,1,1,0,0.01,0.00,0.08,-0.25,0.00,0.00,0.16,216,30
30237,-2.4,1.5,2.6,0.023,-0.030,-1.029,5.0,-4.0,0.0,0.0157,-0.0131,-0.0138,1826,1937,1937,1926,0.00,0.01,2.68,0.15,0.9255,1,1,0,0.01,0.00,0.08,-0.25,0.00,0.00,0.16,216,30
30247,0.9,-0.7,-2.2,0.016,0.008,-0.933,5.0,-4.0,0.0,0.0105,-0.0102,-0.0099,1848,1924,1924,1925,0.00,0.01,2.68,0.15,0.9249,1,1,0,0.01,0.00,0.08,-0.25,0.00,0.00,0.16,216,30
30257,0.8,-0.4,1.6,0.007,0.024,-1.084,5.0,-4.0,0.0,0.0131,-0.0112,-0.0131,1831,1936,1929,1925,0.00,0.01,2.68,0.15,0.9249,1,1,0,0.01,0.00,0.08,-0.25,0.00,0.00,0.16,216,30
30267,-2.3,0.2,-0.1,0.025,-0.046,-0.957,5.0,-4.0,0.0,0.0156,-0.0118,-0.0116,1836,1930,1933,1922,0.00,0.01,2.68,0.15,0.9249,1,1,0,0.01,0.00,0.08,-0.25,0.00,0.00,0.16,216,30
30278,1.9,0.0,0.2,0.014,0.047,-0.986,5.0,-4.0,0.0,0.0108,-0.0108,-0.0125,1840,1929,1922,1929,0.00,0.01,2.68,0.15,0.9249,1,1,0,0.01,0.00,0.08,-0.25,0.00,0.00,0.16,216,30
30288,0.0,-0.3,-0.3,0.015,0.001,-1.057,5.0,-4.0,0.0,0.0139,-0.0114,-0.0112,1834,1932,1936,1920,0.00,0.01,2.68,0.15,0.9249,1,1,0,0.01,0.00,0.08,-0.25,0.00,0.00,0.15,216,30
30298,-3.1,0.6,-0.7,0.032,-0.040,-0.942,5.0,-4.0,0.0,0.0163,-0.0122,-0.0111,1838,1930,1928,1924,0.00,0.01,2.68,0.15,0.9249,1,1,0,0.01,0.00,0.08,-0.25,0.00,0.00,0.15,216,30
30308,6.7,-0.7,0.8,-0.001,0.093,-1.033,5.0,-4.0,0.0,0.0082,-0.0114,-0.0122,1845,1922,1919,1934,0.00,0.01,2.68,0.15,0.9249,1,1,0,0.01,0.00,0.08,-0.25,0.00,0.00,0.15,216,30
30318,-6.9,-0.1,-1.5,0.026,-0.083,-1.012,5.0,-4.0,0.0,0.0204,-0.0111,-0.0103,1828,1942,1944,1907,0.00,0.01,2.68,0.15,0.9249,1,1,0,0.01,0.00,0.08,-0.25,0.00,0.00,0.15,216,30
30328,4.5,0.4,0.2,0.025,0.063,-0.942,4.9,-4.0,0.0,0.0086,-0.0120,-0.0119,1845,1918,1919,1939,0.00,0.01,2.68,0.15,0.9249,1,1,0,0.01,0.00,0.08,-0.25,0.00,0.00,0.16,216,30
30338,-0.7,-0.2,1.3,-0.005,0.020,-1.078,5.0,-4.0,0.0,0.0156,-0.0108,-0.0126,1828,1944,1936,1913,0.00,0.01,2.68,0.15,0.9249,1,1,0,0.01,0.00,0.08,-0.25,0.00,0.00,0.16,216,30
30348,-2.7,-0.7,-2.4,0.044,-0.047,-0.955,5.0,-4.0,0.0,0.0145,-0.0113,-0.0098,1838,1930,1936,1918,0.00,0.01,2.68,0.15,0.9249,1,1,0,0.01,0.00,0.09,-0.25,0.00,0.00,0.16,216,30
30358,5.7,1.7,2.6,-0.003,0.080,-0.994,5.0,-4.0,0.0,0.0076,-0.0133,-0.0138,1838,1926,1919,1937,0.00,0.01,2.68,0.15,0.9249,1,1,0,0.01,0.00,0.08,-0.25,0.00,0.00,0.16,216,30
30368,-4.8,-2.8,-0.6,0.004,-0.045,-1.069,5.0,-4.0,0.0,0.0182,-0.0099,-0.0106,1832,1941,1938,1910,0.00,0.01,2.68,0.15,0.9249,1,1,0,0.01,0.00,0.09,-0.25,0.00,0.00,0.16,216,30
30378,1.4,2.3,0.0,0.032,0.010,-0.929,5.0,-4.0,0.0,0.0119,-0.0139,-0.0116,1839,1920,1924,1938,0.00,0.01,2.68,0.15,0.9249,1,1,0,0.01,0.00,0.08,-0.25,0.00,0.00,0.16,216,30
30388,3.0,-2.3,0.3,-0.012,0.058,-1.051,5.1,-4.0,0.0,0.0115,-0.0089,-0.0118,1841,1937,1926,1916,0.00,0.01,2.68,0.15,0.9249,1,1,0,0.01,0.00,0.09,-0.25,0.00,0.00,0.16,216,30
30399,-6.2,0.0,0.3,0.037,-0.061,-0.997,5.0,-4.0,0.0,0.0162,-0.0125,-0.0122,1828,1935,1936,1921,0.00,0.01,2.68,0.15,0.9249,1,1,0,0.01,0.00,0.09,-0.25,0.00,0.00,0.16,216,30
30409,7.3,1.6,-0.7,0.008,0.068,-0.928,5.0,-4.0,0.0,0.0060,-0.0132,-0.0111,1845,1915,1920,1932,0.00,0.01,2.68,0.15,0.9237,1,1,0,0.01,0.00,0.09,-0.25,0.00,0.00,0.16,216,30
30419,-5.3,-3.2,-0.3,-0.013,-0.024,-1.130,5.1,-4.0,0.0,0.0206,-0.0083,-0.0113,1827,1948,1936,1901,0.00,0.01,2.68,0.15,0.9237,1,1,0,0.01,0.00,0.09,-0.25,0.00,0.00,0.16,216,30
30429,2.1,2.4,0.0,0.060,-0.015,-0.874,5.0,-4.0,0.0,0.0111,-0.0140,-0.0116,1838,1908,1922,1943,0.00,0.01,2.68,0.16,0.9237,1,1,0,0.01,0.00,0.09,-0.25,0.00,0.00,0.16,216,30
30439,1.7,0.1,0.9,-0.024,0.070,-1.054,5.1,-3.9,0.0,0.0157,-0.0087,-0.0121,1832,1946,1929,1905,0.00,0.01,2.68,0.15,0.9237,1,1,0,0.01,0.00,0.09,-0.25,0.00,0.00,0.16,216,30
30449,-4.2,-1.6,-1.7,0.039,-0.061,-1.023,5.0,-4.0,0.0,0.0147,-0.0130,-0.0106,1828,1924,1933,1917,0.00,0.01,2.68,0.16,0.9225,1,1,0,0.01,0.00,0.09,-0.26,0.00,0.00,0.16,216,30
30459,4.2,3.8,1.9,0.019,0.039,-0.908,5.1,-3.9,0.0,0.0092,-0.0154,-0.0132,1834,1923,1917,1928,0.00,0.01,2.68,0.15,0.9225,1,1,0,0.01,0.00,0.08,-0.26,0.00,0.00,0.16,216,30
30469,-2.0,-4.9,-0.7,-0.010,0.017,-1.108,5.1,-4.0,0.0,0.0160,-0.0069,-0.0110,1830,1935,1930,1908,0.00,0.01,2.68,0.16,0.9225,1,1,0,0.01,0.00,0.09,-0.26,0.00,0.00,0.16,216,30
30479,-1.5,4.1,0.1,0.053,-0.031,-0.907,5.0,-4.0,0.0,0.0129,-0.0156,-0.0120,1824,1918,1932,1928,0.00,0.01,2.68,0.16,0.9225,1,1,0,0.01,0.00,0.09,-0.26,0.00,0.00,0.16,216,30
30489,3.5,-2.2,-0.4,-0.007,0.055,-1.027,5.1,-4.0,0.0,0.0098,-0.0093,-0.0113,1841,1930,1918,1914,0.00,0.01,2.68,0.16,0.9225,1,1,0,0.01,0.00,0.09,-0.26,0.00,0.00,0.16,216,30
30499,-4.2,0.1,1.3,0.018,-0.021,-1.067,5.1,-4.0,0.0,0.0178,-0.0124,-0.0128,1818,1928,1935,1921,0.00,0.01,2.68,0.16,0.9225,1,1,0,0.01,0.00,0.09,-0.26,0.00,0.00,0.16,216,30
30509,3.5,1.3,-1.5,0.027,0.007,-0.925,5.0,-4.0,0.0,0.0090,-0.0114,-0.0103,1842,1916,1920,1925,0.00,0.01,2.68,0.16,0.9225,1,1,0,0.01,0.00,0.09,-0.26,0.00,0.00,0.16,216,30
30520,-1.0,-2.8,0.2,-0.025,0.036,-1.116,5.1,-4.0,0.0,0.0145,-0.0087,-0.0118,1828,1938,1927,1910,0.00,0.01,2.68,0.16,0.9225,1,1,0,0.01,0.00,0.09,-0.26,0.00,0.00,0.16,216,30
30530,-1.3,2.4,0.3,0.053,-0.052,-0.914,5.0,-4.0,0.0,0.0132,-0.0150,-0.0118,1813,1904,1916,1914,0.00,0.01,2.68,0.16,0.9151,1,1,0,0.01,0.00,0.09,-0.26,0.00,0.00,0.16,216,30
30540,0.1,-1.3,-0.3,-0.019,0.046,-1.028,5.0,-3.9,0.0,0.0132,-0.0102,-0.0114,1824,1920,1905,1898,0.00,0.01,2.68,0.16,0.9151,1,1,0,0.01,0.00,0.09,-0.26,0.00,0.00,0.16,216,30
30550,0.1,-0.7,-0.3,0.022,0.016,-1.059,5.1,-4.0,0.0,0.0146,-0.0134,-0.0113,1807,1907,1920,1905,0.00,0.01,2.68,0.16,0.9139,1,1,0,0.01,0.00,0.09,-0.26,0.00,0.00,0.15,216,30
30560,-2.0,2.1,0.1,0.036,-0.038,-0.922,5.0,-4.0,0.0,0.0141,-0.0122,-0.0118,1818,1911,1906,1903,0.00,0.01,2.68,0.16,0.9139,1,1,0,0.01,0.00,0.09,-0.26,0.00,0.00,0.16,216,30
30570,5.0,-2.3,0.3,-0.017,0.087,-1.108,5.1,-4.0,0.0,0.0083,-0.0093,-0.0120,1817,1907,1906,1908,0.00,0.01,2.68,0.16,0.9139,1,1,0,0.01,0.00,0.09,-0.26,0.00,0.00,0.17,216,30
30580,-5.7,2.3,-0.2,0.036,-0.075,-0.929,5.0,-4.0,0.0,0.0182,-0.0127,-0.0111,1811,1914,1917,1896,0.00,0.01,2.68,0.16,0.9139,1,1,0,0.01,0.00,0.09,-0.26,0.00,0.00,0.17,216,30
30590,5.3,-2.1,-0.7,0.008,0.064,-1.045,5.0,-4.0,0.0,0.0081,-0.0094,-0.0111,1828,1902,1895,1913,0.00,0.01,2.68,0.16,0.9139,1,1,0,0.01,0.00,0.09,-0.26,0.00,0.00,0.16,216,30
30600,-2.8,0.7,1.9,-0.007,-0.005,-0.988,5.1,-4.0,0.0,0.0174,-0.0125,-0.0131,1801,1921,1923,1894,0.00,0.01,2.68,0.16,0.9139,1,1,0,0.01,0.00,0.09,-0.26,0.00,0.00,0.17,216,30
30610,0.0,0.0,-2.1,0.044,-0.016,-1.022,5.0,-4.0,0.0,0.0101,-0.0111,-0.0105,1824,1903,1905,1907,0.00,0.01,2.68,0.16,0.9139,1,1,0,0.01,0.00,0.09,-0.26,0.00,0.00,0.17,216,30
30621,3.6,-1.0,1.2,-0.040,0.071,-0.979,5.1,-4.0,0.0,0.0098,-0.0106,-0.0127,1814,1912,1909,1903,0.00,0.01,2.68,0.16,0.9139,1,1,0,0.01,0.00,0.09,-0.26,0.00,0.00,0.17,216,30
30631,-5.5,1.5,-1.2,0.074,-0.066,-1.061,5.0,-4.0,0.0,0.0176,-0.0129,-0.0109,1810,1912,1917,1900,0.00,0.01,2.68,0.16,0.9139,1,1,0,0.01,0.00,0.09,-0.26,0.00,0.00,0.17,216,30
30641,7.2,-2.1,0.8,-0.040,0.076,-0.923,5.0,-4.0,0.0,0.0058,-0.0094,-0.0124,1832,1901,1891,1915,0.00,0.01,2.68,0.16,0.9139,1,1,0,0.01,0.00,0.09,-0.26,0.00,0.00,0.17,216,30
30651,-4.3,1.3,-0.8,0.056,-0.026,-1.115,5.1,-4.0,0.0,0.0179,-0.0130,-0.0110,1799,1921,1929,1890,0.00,0.01,2.68,0.16,0.9139,1,1,0,0.01,0.00,0.09,-0.26,0.00,0.00,0.17,216,30
30661,3.2,-1.6,0.7,0.000,-0.001,-0.904,4.9,-4.0,0.0,0.0101,-0.0099,-0.0122,1829,1902,1893,1914,0.00,0.01,2.68,0.16,0.9139,1,1,0,0.01,0.00,0.09,-0.26,0.00,0.00,0.17,216,30
30671,1.5,0.9,0.4,-0.002,0.070,-1.061,5.1,-4.0,0.0,0.0139,-0.0126,-0.0120,1805,1917,1919,1897,0.00,0.01,2.68,0.16,0.9139,1,1,0,0.01,0.00,0.09,-0.26,0.00,0.00,0.16,216,30
30681,-6.5,-1.4,-1.8,0.044,-0.097,-0.993,5.0,-4.0,0.0,0.0200,-0.0102,-0.0102,1820,1907,1909,1902,0.00,0.01,2.68,0.16,0.9139,1,1,0,0.01,0.00,0.09,-0.26,0.00,0.00,0.16,216,30
30691,8.2,1.5,2.2,-0.021,0.108,-0.979,5.1,-4.0,0.0,0.0063,-0.0129,-0.0136,1818,1904,1899,1916,0.00,0.01,2.68,0.16,0.9139,1,1,0,0.01,0.00,0.09,-0.26,0.00,0.00,0.17,216,30
30701,-7.7,-1.7,-1.6,0.034,-0.083,-1.059,5.1,-4.0,0.0,0.0197,-0.0112,-0.0100,1807,1920,1924,1887,0.00,0.01,2.68,0.16,0.9139,1,1,0,0.01,0.00,0.09,-0.26,0.00,0.00,0.17,216,30
30711,5.9,2.2,0.3,0.016,0.036,-0.938,5.0,-4.0,0.0,0.0075,-0.0139,-0.0120,1825,1896,1897,1920,0.00,0.01,2.68,0.16,0.9139,1,1,0,0.01,0.00,0.09,-0.26,0.00,0.00,0.17,216,30
30721,-3.6,-2.4,-0.2,0.008,0.018,-1.078,5.1,-4.0,0.0,0.0172,-0.0092,-0.0115,1808,1925,1919,1887,0.00,0.01,2.68,0.16,0.9139,1,1,0,0.01,0.00,0.09,-0.26,0.00,0.00,0.17,216,30
30731,-1.6,2.1,0.3,0.054,-0.055,-0.979,5.0,-4.0,0.0,0.0134,-0.0139,-0.0121,1816,1901,1907,1915,0.00,0.01,2.68,0.16,0.9139,1,1,0,0.01,0.00,0.09,-0.26,0.00,0.00,0.17,216,30
30741,6.7,-0.5,-1.2,-0.029,0.110,-0.972,5.2,-4.0,0.0,0.0068,-0.0111,-0.0107,1820,1910,1909,1899,0.00,0.01,2.68,0.16,0.9139,1,1,0,0.01,0.00,0.09,-0.26,0.00,0.00,0.17,216,30
30752,-9.0,-0.1,1.1,0.054,-0.111,-1.084,5.1,-4.0,0.0,0.0218,-0.0118,-0.0127,1800,1922,1920,1896,0.00,0.01,2.68,0.16,0.9139,1,1,0,0.01,0.00,0.09,-0.26,0.00,0.00,0.17,216,30
30762,9.5,1.7,-0.1,-0.004,0.105,-0.909,5.1,-4.0,0.0,0.0042,-0.0131,-0.0115,1826,1892,1895,1916,0.00,0.01,2.68,0.16,0.9127,1,1,0,0.01,0.00,0.09,-0.26,0.00,0.00,0.16,216,30
30772,-7.6,-3.6,-0.8,0.008,-0.054,-1.118,5.1,-4.0,0.0,0.0213,-0.0080,-0.0110,1803,1927,1920,1879,0.00,0.01,2.68,0.16,0.9127,1,1,0,0.01,0.00,0.09,-0.26,0.00,0.00,0.17,216,30
30782,4.1,3.9,0.6,0.050,-0.002,-0.930,5.0,-4.0,0.0,0.0066,-0.0156,-0.0126,1816,1889,1901,1923,0.00,0.01,2.68,0.16,0.9127,1,1,0,0.01,0.00,0.09,-0.26,0.00,0.00,0.17,216,30
30792,-0.8,-4.0,0.4,-0.043,0.043,-1.033,5.2,-4.0,0.0,0.0158,-0.0072,-0.0119,1813,1925,1908,1883,0.00,0.01,2.68,0.16,0.9127,1,1,0,0.01,0.00,0.09,-0.26,0.00,0.00,0.17,216,30
30802,-2.9,2.4,-0.8,0.074,-0.049,-1.047,5.1,-4.0,0.0,0.0165,-0.0142,-0.0110,1805,1896,1913,1910,0.00,0.01,2.68,0.16,0.9121,1,1,0,0.01,0.00,0.09,-0.26,0.00,0.00,0.17,216,30
30812,4.8,-1.0,0.4,-0.037,0.055,-0.898,5.1,-4.0,0.0,0.0100,-0.0087,-0.0115,1824,1905,1895,1900,0.00,0.01,2.68,0.16,0.9121,1,1,0,0.01,0.00,0.09,-0.26,0.00,0.00,0.17,216,30
30822,-5.0,-0.5,0.4,0.056,-0.022,-1.129,5.1,-4.0,0.0,0.0189,-0.0119,-0.0122,1784,1902,1905,1882,0.00,0.01,2.68,0.16,0.9054,1,1,0,0.01,0.00,0.09,-0.27,0.00,0.00,0.17,216,30
30832,4.0,1.7,-1.0,0.005,-0.006,-0.861,5.1,-4.0,0.0,0.0095,-0.0134,-0.0109,1810,1881,1887,1896,0.00,0.01,2.68,0.16,0.9054,1,1,0,0.01,0.00,0.09,-0.26,0.00,0.00,0.16,216,30
30842,-1.8,-2.6,0.2,0.008,0.063,-1.130,5.2,-4.0,0.0,0.0185,-0.0101,-0.0126,1790,1908,1899,1877,0.00,0.01,2.68,0.16,0.9054,1,1,0,0.01,0.00,0.09,-0.27,0.00,0.00,0.17,216,30
30852,-1.0,2.3,0.5,0.041,-0.071,-0.935,5.1,-4.0,0.0,0.0146,-0.0141,-0.0121,1801,1883,1893,1896,0.00,0.01,2.68,0.16,0.9054,1,1,0,0.01,0.00,0.09,-0.27,0.00,0.00,0.17,216,30
30863,2.6,-1.6,-1.0,-0.027,0.097,-1.022,5.2,-4.0,0.0,0.0135,-0.0089,-0.0111,1805,1898,1890,1881,0.00,0.01,2.68,0.16,0.9054,1,1,0,0.01,0.00,0.09,-0.27,0.00,0.00,0.17,216,30
30873,-2.9,1.4,0.7,0.071,-0.059,-1.040,5.1,-4.0,0.0,0.0164,-0.0138,-0.0122,1788,1893,1903,1890,0.00,0.01,2.68,0.16,0.9054,1,1,0,0.01,0.00,0.09,-0.27,0.00,0.00,0.17,216,30
30883,2.3,-0.8,0.4,-0.031,0.032,-0.902,5.1,-4.0,0.0,0.0114,-0.0109,-0.0120,1807,1893,1880,1884,0.00,0.01,2.68,0.17,0.9042,1,1,0,0.01,0.00,0.09,-0.27,0.00,0.00,0.17,216,30
30893,-0.9,-0.2,-1.0,0.046,0.030,-1.137,5.2,-4.0,0.0,0.0165,-0.0138,-0.0111,1788,1892,1902,1882,0.00,0.01,2.68,0.17,0.9042,1,1,0,0.01,0.00,0.09,-0.27,0.00,0.00,0.17,216,30
30903,-0.5,0.4,0.1,-0.002,-0.040,-0.867,5.1,-4.0,0.0,0.0133,-0.0114,-0.0117,1803,1891,1885,1885,0.00,0.01,2.68,0.17,0.9042,1,1,0,0.01,0.00,0.09,-0.27,0.00,0.00,0.17,216,30
30913,2.3,-1.4,0.3,0.009,0.083,-1.118,5.2,-4.0,0.0,0.0114,-0.0103,-0.0120,1789,1896,1895,1884,0.00,0.01,2.68,0.17,0.9042,1,1,0,0.01,0.00,0.09,-0.27,0.00,0.00,0.16,216,30
30923,-4.3,1.2,-1.0,0.031,-0.085,-0.934,5.1,-4.0,0.0,0.0152,-0.0120,-0.0101,1799,1885,1891,1879,0.00,0.01,2.68,0.17,0.9029,1,1,0,0.01,0.00,0.09,-0.27,0.00,0.00,0.17,216,30
30933,4.7,-1.2,0.1,-0.006,0.086,-1.038,5.2,-4.0,0.0,0.0090,-0.0105,-0.0118,1797,1889,1882,1887,0.00,0.01,2.68,0.17,0.9029,1,1,0,0.01,0.00,0.09,-0.27,0.00,0.00,0.17,216,30
30943,-4.3,0.7,0.2,0.030,-0.054,-1.017,5.2,-4.0,0.0,0.0182,-0.0126,-0.0116,1772,1876,1883,1860,0.00,0.01,2.68,0.17,0.8944,1,1,0,0.01,0.00,0.09,-0.27,0.00,0.00,0.17,216,30
30953,3.2,-1.1,0.0,0.000,0.031,-0.958,5.1,-4.0,0.0,0.0095,-0.0102,-0.0122,1787,1869,1862,1872,0.00,0.01,2.68,0.17,0.8944,1,1,0,0.01,0.00,0.09,-0.27,0.00,0.00,0.17,216,30
30963,-0.6,0.5,0.8,0.034,0.019,-1.065,5.2,-4.0,0.0,0.0144,-0.0123,-0.0123,1769,1877,1882,1862,0.00,0.01,2.68,0.17,0.8944,1,1,0,0.01,0.00,0.09,-0.27,0.00,0.00,0.17,216,30
30973,-0.8,-0.1,-0.1,0.008,-0.048,-0.929,5.1,-4.0,0.0,0.0117,-0.0108,-0.0118,1786,1869,1864,1871,0.00,0.01,2.68,0.17,0.8944,1,1,0,0.01,0.00,0.09,-0.27,0.00,0.00,0.16,216,30
30984,1.8,0.5,0.1,0.020,0.078,-1.113,5.2,-4.0,0.0,0.0158,-0.0131,-0.0118,1755,1860,1865,1850,0.00,0.01,2.68,0.17,0.8865,1,1,0,0.01,0.00,0.09,-0.27,0.00,0.00,0.17,216,30
30994,-3.2,-1.4,-0.6,0.021,-0.100,-0.907,5.1,-4.0,0.0,0.0169,-0.0103,-0.0112,1770,1857,1853,1850,0.00,0.01,2.68,0.17,0.8865,1,1,0,0.01,0.00,0.09,-0.27,0.00,0.00,0.17,216,30
31004,3.2,1.0,1.1,0.002,0.109,-1.068,5.1,-4.0,0.0,0.0105,-0.0128,-0.0126,1759,1858,1857,1856,0.00,0.01,2.68,0.17,0.8865,1,1,0,0.01,0.00,0.09,-0.27,0.00,0.00,0.17,216,30
31014,-3.6,-1.5,-2.0,0.040,-0.082,-1.015,5.0,-4.0,0.0,0.0163,-0.0104,-0.0100,1767,1857,1861,1846,0.00,0.01,2.68,0.17,0.8865,1,1,0,0.01,0.00,0.09,-0.27,0.00,0.00,0.17,216,30
31024,4.4,1.1,1.8,-0.016,0.080,-0.923,5.1,-4.0,0.0,0.0092,-0.0129,-0.0131,1763,1855,1852,1861,0.00,0.01,2.68,0.17,0.8865,1,1,0,0.01,0.00,0.09,-0.27,0.00,0.00,0.17,216,30
31034,-4.1,-1.2,-1.8,0.056,-0.046,-1.154,5.1,-4.0,0.0,0.0162,-0.0114,-0.0104,1761,1861,1865,1843,0.00,0.01,2.68,0.17,0.8865,1,1,0,0.01,0.00,0.09,-0.27,0.00,0.00,0.17,216,30
31044,5.2,1.0,1.2,-0.030,0.049,-0.818,5.1,-4.0,0.0,0.0085,-0.0129,-0.0127,1752,1836,1835,1842,0.00,0.01,2.68,0.17,0.8779,1,1,0,0.01,0.00,0.09,-0.27,0.00,0.00,0.17,216,30
31054,-5.3,-1.0,-1.2,0.059,-0.031,-1.219,5.0,-4.0,0.0,0.0187,-0.0115,-0.0113,1738,1852,1852,1824,0.00,0.01,2.68,0.17,0.8779,1,1,0,0.01,0.00,0.09,-0.27,0.00,0.00,0.16,216,30
31064,7.3,0.1,0.9,-0.022,0.055,-0.815,5.0,-4.0,0.0,0.0063,-0.0118,-0.0122,1758,1831,1830,1847,0.00,0.01,2.68,0.17,0.8779,1,1,0,0.01,0.00,0.09,-0.27,0.00,0.00,0.17,216,30
31074,-7.6,-1.6,0.1,0.039,-0.058,-1.182,5.1,-4.0,0.0,0.0214,-0.0101,-0.0118,1734,1859,1853,1819,0.00,0.01,2.68,0.17,0.8779,1,1,0,0.01,0.00,0.09,-0.27,0.00,0.00,0.17,216,30
31085,7.2,2.2,-1.1,-0.005,0.082,-0.821,5.1,-4.0,0.0,0.0064,-0.0139,-0.0109,1756,1826,1835,1848,0.00,0.01,2.68,0.17,0.8779,1,1,0,0.01,0.00,0.09,-0.27,0.00,0.00,0.17,216,30
31095,-5.9,-3.0,1.4,0.030,-0.074,-1.159,5.1,-4.0,0.0,0.0197,-0.0088,-0.0128,1740,1855,1845,1826,0.00,0.01,2.68,0.17,0.8779,1,1,0,0.01,0.00,0.09,-0.27,0.00,0.00,0.17,216,30
31105,5.6,2.8,0.8,-0.005,0.071,-0.830,5.1,-4.0,0.0,0.0090,-0.0136,-0.0124,1747,1828,1832,1845,0.00,0.01,2.68,0.17,0.8761,1,1,0,0.01,0.00,0.09,-0.27,0.00,0.00,0.17,216,30
31115,-4.1,-2.6,-2.9,0.041,-0.032,-1.205,5.1,-4.0,0.0,0.0179,-0.0091,-0.0093,1742,1842,1848,1820,0.00,0.01,2.68,0.17,0.8761,1,1,0,0.01,0.00,0.09,-0.27,0.00,0.00,0.17,216,30
31125,4.4,2.3,3.2,-0.023,0.027,-0.742,5.0,-3.9,0.0,0.0093,-0.0141,-0.0143,1744,1833,1829,1846,0.00,0.01,2.68,0.17,0.8761,1,1,0,0.01,0.00,0.09,-0.27,0.00,0.00,0.17,216,30
31135,-4.3,-2.7,-2.1,0.056,-0.010,-1.268,5.0,-4.0,0.0,0.0181,-0.0108,-0.0107,1738,1847,1848,1820,0.00,0.01,2.68,0.17,0.8761,1,1,0,0.01,0.00,0.09,-0.27,0.00,0.00,0.17,216,30
31145,6.0,1.9,-0.7,-0.021,0.017,-0.752,5.0,-3.9,0.0,0.0076,-0.0137,-0.0111,1758,1827,1830,1837,0.00,0.01,2.68,0.17,0.8761,1,1,0,0.01,0.00,0.09,-0.27,0.00,0.00,0.17,216,30
31155,-6.5,-1.0,3.0,0.039,-0.029,-1.211,5.0,-4.0,0.0,0.0203,-0.0108,-0.0141,1724,1855,1846,1827,0.00,0.01,2.68,0.17,0.8761,1,1,0,0.01,0.00,0.09,-0.28,0.00,0.00,0.16,216,30
31165,6.4,0.8,-0.9,-0.001,0.054,-0.842,5.0,-3.9,0.0,0.0087,-0.0108,-0.0102,1757,1828,1831,1836,0.00,0.01,2.68,0.17,0.8761,1,1,0,0.01,0.00,0.09,-0.28,0.00,0.00,0.17,216,30
31175,-5.7,-1.1,-1.1,0.033,-0.050,-1.136,5.0,-4.0,0.0,0.0194,-0.0107,-0.0107,1735,1841,1849,1828,0.00,0.01,2.68,0.17,0.8761,1,1,0,0.01,0.00,0.09,-0.28,0.00,0.00,0.17,216,30
31185,4.2,1.6,1.2,-0.001,0.054,-0.858,5.0,-3.9,0.0,0.0098,-0.0127,-0.0128,1746,1837,1831,1839,0.00,0.01,2.68,0.17,0.8761,1,1,0,0.01,0.00,0.09,-0.28,0.00,0.00,0.17,216,30
31195,-2.4,-0.4,0.1,0.049,-0.025,-1.193,5.0,-4.0,0.0,0.0149,-0.0136,-0.0116,1737,1837,1845,1833,0.00,0.01,2.68,0.17,0.8761,1,1,0,0.01,0.00,0.09,-0.28,0.00,0.00,0.17,216,30
31205,1.9,-0.6,-1.9,-0.037,0.030,-0.769,5.0,-3.9,0.0,0.0121,-0.0104,-0.0100,1753,1839,1836,1825,0.00,0.01,2.68,0.17,0.8761,1,1,0,0.01,0.00,0.09,-0.28,0.00,0.00,0.17,216,30
31215,-2.6,1.1,1.7,0.074,-0.020,-1.240,5.0,-4.0,0.0,0.0162,-0.0137,-0.0134,1731,1843,1844,1834,0.00,0.01,2.68,0.17,0.8761,1,1,0,0.01,0.00,0.09,-0.28,0.00,0.00,0.17,216,30
31225,4.0,-2.6,-1.0,-0.039,0.048,-0.850,5.1,-3.9,0.0,0.0100,-0.0086,-0.0105,1758,1836,1828,1830,0.00,0.01,2.68,0.17,0.8761,1,1,0,0.01,0.00,0.09,-0.28,0.00,0.00,0.17,216,30
31236,-3.7,2.3,0.3,0.064,-0.065,-1.091,5.0,-3.9,0.0,0.0168,-0.0152,-0.0121,1729,1839,1851,1833,0.00,0.01,2.68,0.17,0.8761,1,1,0,0.01,0.00,0.09,-0.28,0.00,0.00,0.16,216,30
31246,4.3,-3.0,-0.4,-0.017,0.097,-1.034,5.0,-3.9,0.0,0.0094,-0.0088,-0.0113,1741,1848,1834,1829,0.00,0.01,2.68,0.17,0.8761,1,1,0,0.01,0.00,0.09,-0.28,0.00,0.00,0.16,216,30
31256,-1.6,3.4,2.1,0.035,-0.074,-0.935,4.9,-3.9,0.0,0.0154,-0.0153,-0.0134,1748,1827,1838,1839,0.00,0.01,2.68,0.17,0.8761,1,1,0,0.01,0.00,0.09,-0.28,0.00,0.00,0.17,216,30
31266,0.8,-3.6,-2.3,-0.012,0.074,-1.051,5.0,-3.9,0.0,0.0129,-0.0081,-0.0098,1745,1846,1839,1822,0.00,0.01,2.68,0.17,0.8761,1,1,0,0.01,0.00,0.09,-0.28,0.00,0.00,0.17,216,30
31276,0.3,2.8,1.2,0.058,-0.035,-1.011,5.0,-3.9,0.0,0.0134,-0.0147,-0.0127,1740,1835,1838,1839,0.00,0.01,2.68,0.17,0.8761,1,1,0,0.01,0.00,0.09,-0.28,0.00,0.00,0.17,216,30
31286,1.8,-3.0,1.6,-0.032,0.036,-0.979,5.0,-4.0,0.0,0.0118,-0.0088,-0.0130,1746,1840,1833,1833,0.00,0.01,2.68,0.17,0.8761,1,1,0,0.01,0.00,0.09,-0.28,0.00,0.00,0.17,216,30
31296,-2.0,3.1,-1.9,0.048,-0.036,-0.995,4.9,-3.9,0.0,0.0158,-0.0150,-0.0101,1740,1835,1848,1829,0.00,0.01,2.68,0.17,0.8761,1,1,0,0.01,0.00,0.09,-0.28,0.00,0.00,0.17,216,30
31306,3.7,-3.0,0.1,-0.003,0.063,-1.073,4.9,-4.0,0.0,0.0110,-0.0097,-0.0123,1745,1840,1832,1835,0.00,0.01,2.68,0.17,0.8761,1,1,0,0.01,0.00,0.09,-0.28,0.00,0.00,0.17,216,30
31316,-2.7,1.9,2.3,0.020,-0.070,-0.848,4.9,-3.9,0.0,0.0159,-0.0134,-0.0132,1743,1838,1838,1832,0.00,0.01,2.68,0.17,0.8761,1,1,0,0.01,0.00,0.09,-0.28,0.00,0.00,0.17,216,30
31326,2.5,-2.2,-3.5,0.013,0.077,-1.149,5.0,-4.0,0.0,0.0112,-0.0096,-0.0088,1745,1837,1842,1828,0.00,0.01,2.68,0.17,0.8761,1,1,0,0.01,0.00,0.09,-0.28,0.00,0.00,0.16,216,30
31336,-1.1,2.0,0.7,0.027,-0.044,-0.899,4.9,-3.9,0.0,0.0132,-0.0128,-0.0118,1746,1835,1836,1835,0.00,0.01,2.68,0.17,0.8761,1,1,0,0.01,0.00,0.09,-0.28,0.00,0.00,0.16,216,30
31346,1.7,-1.5,3.5,-0.001,0.053,-1.055,5.0,-3.9,0.0,0.0138,-0.0113,-0.0145,1738,1845,1833,1836,0.00,0.01,2.68,0.17,0.8761,1,1,0,0.01,0.00,0.09,-0.28,0.00,0.00,0.16,216,30
31356,-1.1,0.7,-5.2,0.036,-0.030,-1.020,4.9,-3.9,0.0,0.0148,-0.0126,-0.0075,1751,1831,1846,1824,0.00,0.01,2.68,0.17,0.8761,1,1,0,0.01,0.00,0.09,-0.28,0.00,0.00,0.17,216,30
31366,2.4,-0.4,3.3,-0.020,0.030,-0.956,4.9,-3.9,0.0,0.0114,-0.0115,-0.0144,1736,1839,1832,1835,0.00,0.01,2.68,0.17,0.8749,1,1,0,0.01,0.00,0.09,-0.28,0.00,0.00,0.17,216,30
31376,-3.5,-0.1,0.9,0.038,-0.032,-1.025,4.9,-3.9,0.0,0.0158,-0.0114,-0.0126,1735,1843,1838,1826,0.00,0.01,2.68,0.17,0.8749,1,1,0,0.01,0.00,0.09,-0.28,0.00,0.00,0.17,216,30
31386,4.8,-0.9,-2.9,0.006,0.068,-1.037,4.9,-3.9,0.0,0.0088,-0.0109,-0.0093,1749,1829,1838,1827,0.00,0.01,2.68,0.17,0.8749,1,1,0,0.01,0.00,0.09,-0.28,0.00,0.00,0.16,216,30
31396,-4.1,0.3,1.2,0.024,-0.078,-0.908,4.9,-3.9,0.0,0.0151,-0.0120,-0.0129,1735,1841,1838,1829,0.00,0.01,2.68,0.17,0.8749,1,1,0,0.01,0.00,0.09,-0.28,0.00,0.00,0.17,216,30
31406,2.7,-0.5,1.8,0.005,0.098,-1.154,4.9,-3.9,0.0,0.0145,-0.0112,-0.0133,1737,1842,1834,1830,0.00,0.01,2.68,0.17,0.8749,1,1,0,0.01,0.00,0.09,-0.28,0.00,0.00,0.17,216,30
31417,-1.9,0.4,-3.7,0.033,-0.084,-0.875,4.9,-3.9,0.0,0.0157,-0.0123,-0.0087,1749,1825,1840,1829,0.00,0.01,2.68,0.17,0.8749,1,1,0,0.01,0.00,0.09,-0.28,0.00,0.00,0.17,216,30
31427,1.7,-0.3,2.4,-0.016,0.062,-1.057,4.9,-3.9,0.0,0.0148,-0.0113,-0.0137,1735,1843,1834,1830,0.00,0.01,2.68,0.17,0.8749,1,1,0,0.01,0.00,0.09,-0.28,0.00,0.00,0.17,216,30
31437,-1.5,0.2,0.6,0.051,-0.025,-1.016,4.9,-3.9,0.0,0.0137,-0.0124,-0.0124,1740,1834,1833,1836,0.00,0.01,2.68,0.17,0.8749,1,1,0,0.01,0.00,0.09,-0.28,0.00,0.00,0.17,216,30
31447,1.9,-0.7,-2.6,-0.019,0.031,-0.980,4.9,-3.9,0.0,0.0124,-0.0107,-0.0092,1746,1833,1841,1814,0.00,0.01,2.68,0.17,0.8737,1,1,0,0.01,0.00,0.09,-0.28,0.00,0.00,0.17,216,30
31457,-2.4,1.8,1.8,0.041,-0.036,-0.956,4.9,-3.9,0.0,0.0134,-0.0143,-0.0145,1728,1834,1834,1838,0.00,0.01,2.68,0.17,0.8737,1,1,0,0.01,0.00,0.09,-0.28,0.00,0.00,0.17,216,30
31467,1.3,-2.3,1.0,-0.002,0.071,-1.113,5.0,-3.9,0.0,0.0125,-0.0095,-0.0125,1738,1844,1835,1817,0.00,0.01,2.68,0.17,0.8737,1,1,0,0.01,0.00,0.09,-0.28,0.00,0.00,0.17,216,30
31477,-1.7,2.8,-1.7,0.023,-0.069,-0.847,4.9,-3.9,0.0,0.0122,-0.0149,-0.0100,1743,1819,1837,1835,0.00,0.01,2.68,0.17,0.8737,1,1,0,0.01,0.00,0.09,-0.28,0.00,0.00,0.17,216,30
31487,-1.1,-2.5,-0.1,0.011,0.071,-1.215,5.0,-3.9,0.0,0.0162,-0.0093,-0.0118,1732,1849,1838,1815,0.00,0.01,2.68,0.17,0.8737,1,1,0,0.01,0.00,0.09,-0.28,0.00,0.00,0.17,216,30
31497,0.6,2.2,3.6,0.037,-0.063,-0.795,4.9,-3.9,0.0,0.0119,-0.0144,-0.0144,1740,1823,1826,1846,0.00,0.01,2.68,0.17,0.8737,1,1,0,0.01,0.00,0.09,-0.28,0.00,0.00,0.17,216,30
31507,-2.2,-3.6,-3.4,-0.008,0.043,-1.167,5.0,-3.9,0.0,0.0185,-0.0086,-0.0085,1740,1842,1842,1805,0.00,0.01,2.68,0.17,0.8730,1,1,0,0.01,0.00,0.09,-0.28,0.00,0.00,0.17,216,30
31517,2.0,3.7,-0.7,0.061,-0.021,-0.870,4.9,-3.9,0.0,0.0104,-0.0158,-0.0118,1736,1819,1831,1842,0.00,0.01,2.68,0.17,0.8730,1,1,0,0.01,0.00,0.09,-0.28,0.00,0.00,0.17,216,30
31528,-3.3,-3.2,2.3,-0.021,0.045,-1.174,5.0,-3.9,0.0,0.0173,-0.0086,-0.0135,1729,1849,1838,1814,0.00,0.01,2.68,0.17,0.8730,1,1,0,0.01,0.00,0.09,-0.28,0.00,0.00,0.17,216,30
31538,1.4,3.1,-1.0,0.035,-0.019,-0.807,5.0,-3.9,0.0,0.0109,-0.0137,-0.0108,1744,1823,1831,1831,0.00,0.01,2.68,0.17,0.8730,1,1,0,0.01,0.00,0.09,-0.28,0.00,0.00,0.17,216,30
31548,-2.0,-4.3,-3.3,0.018,0.037,-1.233,5.0,-3.9,0.0,0.0160,-0.0075,-0.0090,1736,1841,1841,1811,0.00,0.01,2.68,0.17,0.8730,1,1,0,0.01,0.00,0.09,-0.28,0.00,0.00,0.17,216,30
31558,1.2,3.5,6.0,0.009,-0.039,-0.746,5.0,-3.9,0.0,0.0118,-0.0149,-0.0162,1738,1831,1821,1839,0.00,0.01,2.68,0.17,0.8730,1,1,0,0.01,0.00,0.09,-0.28,0.00,0.00,0.17,216,30
31568,-2.8,-3.1,-3.7,0.030,0.028,-1.262,5.0,-3.9,0.0,0.0174,-0.0095,-0.0089,1733,1839,1845,1812,0.00,0.01,2.68,0.17,0.8730,1,1,0,0.01,0.00,0.09,-0.28,0.00,0.00,0.17,216,30
31578,3.3,3.0,-1.7,0.014,-0.011,-0.799,5.0,-3.9,0.0,0.0105,-0.0150,-0.0103,1749,1823,1828,1830,0.00,0.01,2.68,0.17,0.8730,1,1,0,0.01,0.00,0.09,-0.28,0.00,0.00,0.16,216,30
31588,-3.3,-2.6,6.0,0.000,0.014,-1.169,5.0,-3.9,0.0,0.0181,-0.0118,-0.0168,1699,1830,1818,1813,0.00,0.01,2.68,0.17,0.8639,1,1,0,0.01,0.00,0.09,-0.28,0.00,0.00,0.17,216,30
31598,3.9,1.6,-3.4,0.024,0.014,-0.898,5.0,-3.8,0.0,0.0099,-0.0135,-0.0089,1737,1806,1811,1806,0.00,0.01,2.68,0.17,0.8639,1,1,0,0.01,0.00,0.09,-0.28,0.00,0.00,0.17,216,30
31608,-1.8,-1.2,-1.9,0.024,-0.005,-1.089,5.0,-3.9,0.0,0.0158,-0.0107,-0.0101,1713,1813,1826,1808,0.00,0.01,2.68,0.17,0.8639,1,1,0,0.01,0.00,0.10,-0.28,0.00,0.00,0.17,216,30
31618,1.4,0.0,5.4,-0.013,0.015,-0.867,5.0,-3.8,0.0,0.0121,-0.0088,-0.0158,1720,1826,1800,1814,0.00,0.01,2.68,0.17,0.8639,1,1,0,0.01,0.00,0.09,-0.28,0.00,0.00,0.17,216,30
31628,-0.6,1.3,-3.2,0.062,0.009,-1.191,5.0,-3.9,0.0,0.0145,-0.0133,-0.0091,1713,1805,1832,1810,0.00,0.01,2.68,0.17,0.8639,1,1,0,0.01,0.00,0.10,-0.29,0.00,0.00,0.17,216,30
31638,2.9,-3.0,-3.1,-0.026,0.009,-0.866,5.0,-3.9,0.0,0.0106,-0.0080,-0.0090,1741,1815,1805,1798,0.00,0.01,2.68,0.17,0.8639,1,1,0,0.01,0.00,0.10,-0.29,0.00,0.00,0.17,216,30
31649,-3.0,4.5,6.5,0.049,-0.042,-0.997,5.0,-3.9,0.0,0.0167,-0.0174,-0.0172,1693,1821,1822,1824,0.00,0.01,2.68,0.17,0.8639,1,1,0,0.01,0.00,0.10,-0.29,0.00,0.00,0.17,216,30
31659,3.7,-4.8,-4.0,-0.009,0.072,-1.107,5.0,-3.9,0.0,0.0102,-0.0071,-0.0084,1738,1814,1810,1797,0.00,0.01,2.68,0.17,0.8639,1,1,0,0.01,0.00,0.10,-0.29,0.00,0.00,0.17,216,30
31669,-2.6,5.1,-1.7,0.042,-0.067,-0.862,5.0,-3.9,0.0,0.0165,-0.0172,-0.0102,1709,1807,1833,1811,0.00,0.01,2.68,0.17,0.8639,1,1,0,0.01,0.00,0.10,-0.29,0.00,0.00,0.17,216,30
31679,1.2,-4.3,5.3,-0.018,0.069,-1.124,5.0,-3.9,0.0,0.0131,-0.0080,-0.0163,1714,1831,1802,1813,0.00,0.01,2.68,0.17,0.8639,1,1,0,0.01,0.00,0.10,-0.29,0.00,0.00,0.16,216,30
31689,-1.2,3.9,-2.5,0.047,-0.033,-0.970,5.0,-3.9,0.0,0.0152,-0.0159,-0.0096,1716,1805,1827,1806,0.00,0.01,2.68,0.17,0.8633,1,1,0,0.01,0.00,0.10,-0.29,0.00,0.00,0.17,216,30
31699,2.0,-3.6,-3.2,-0.018,0.031,-0.996,5.0,-4.0,0.0,0.0124,-0.0106,-0.0094,1727,1810,1815,1803,0.00,0.01,2.68,0.17,0.8633,1,1,0,0.01,0.00,0.10,-0.29,0.00,0.00,0.17,216,30
31709,-2.7,2.2,4.3,0.038,-0.033,-1.004,5.0,-3.9,0.0,0.0167,-0.0141,-0.0152,1710,1827,1807,1811,0.00,0.01,2.68,0.17,0.8633,1,1,0,0.01,0.00,0.10,-0.29,0.00,0.00,0.17,216,30
31719,2.2,-1.2,-0.5,0.009,0.085,-1.093,5.0,-4.0,0.0,0.0117,-0.0108,-0.0113,1720,1811,1816,1808,0.00,0.01,2.68,0.17,0.8633,1,1,0,0.01,0.00,0.10,-0.29,0.00,0.00,0.16,216,30
31729,-1.2,-0.5,-4.8,0.011,-0.063,-0.865,5.0,-3.9,0.0,0.0143,-0.0107,-0.0077,1732,1809,1816,1797,0.00,0.01,2.68,0.17,0.8633,1,1,0,0.01,0.00,0.10,-0.29,0.00,0.00,0.17,216,30
31739,-0.5,0.6,5.3,0.014,0.059,-1.096,5.0,-4.0,0.0,0.0145,-0.0127,-0.0160,1695,1826,1819,1816,0.00,0.01,2.68,0.17,0.8633,1,1,0,0.01,0.00,0.10,-0.29,0.00,0.00,0.17,216,30
31750,0.1,-2.1,-0.6,0.014,0.013,-1.040,5.0,-3.9,0.0,0.0118,-0.0083,-0.0108,1730,1816,1806,1803,0.00,0.01,2.68,0.17,0.8633,1,1,0,0.01,0.00,0.10,-0.29,0.00,0.00,0.17,216,30
31760,-2.1,1.8,-4.0,0.016,-0.014,-0.894,5.0,-3.9,0.0,0.0161,-0.0138,-0.0084,1713,1809,1837,1797,0.00,0.01,2.68,0.17,0.8633,1,1,0,0.01,0.00,0.10,-0.29,0.00,0.00,0.17,216,30
31770,1.6,-3.2,3.9,0.017,0.020,-1.076,5.0,-3.9,0.0,0.0110,-0.0086,-0.0167,1718,1825,1793,1820,0.00,0.01,2.68,0.17,0.8633,1,1,0,0.01,0.00,0.10,-0.29,0.00,0.00,0.17,216,30
31780,-2.1,2.7,0.3,0.035,-0.006,-1.033,5.0,-3.9,0.0,0.0168,-0.0148,-0.0114,1708,1815,1829,1803,0.00,0.01,2.68,0.17,0.8633,1,1,0,0.01,0.00,0.10,-0.29,0.00,0.00,0.17,216,30
31790,5.3,-2.2,-4.2,-0.017,0.015,-0.901,4.9,-3.9,0.0,0.0086,-0.0098,-0.0083,1734,1793,1803,1807,0.00,0.01,2.68,0.17,0.8608,1,1,0,0.01,0.00,0.10,-0.29,0.00,0.00,0.17,216,30
31800,-4.8,1.4,3.6,0.044,-0.024,-1.107,5.0,-3.9,0.0,0.0193,-0.0132,-0.0149,1696,1828,1812,1801,0.00,0.01,2.68,0.17,0.8608,1,1,0,0.01,0.00,0.10,-0.29,0.00,0.00,0.16,216,30
31810,6.1,-1.0,3.0,-0.012,0.072,-0.952,5.0,-3.9,0.0,0.0079,-0.0110,-0.0141,1719,1803,1800,1814,0.00,0.01,2.68,0.17,0.8608,1,1,0,0.01,0.00,0.10,-0.29,0.00,0.00,0.16,216,30
31820,-4.8,0.4,-7.6,0.042,-0.080,-0.986,5.0,-3.9,0.0,0.0188,-0.0124,-0.0055,1722,1802,1826,1788,0.00,0.01,2.68,0.17,0.8608,1,1,0,0.01,0.00,0.10,-0.29,0.00,0.00,0.15,216,30
31830,3.8,-0.3,4.5,-0.019,0.091,-1.023,5.0,-3.9,0.0,0.0109,-0.0118,-0.0157,1688,1808,1791,1799,0.00,0.01,2.68,0.17,0.8541,1,1,0,0.01,0.00,0.10,-0.29,0.00,0.00,0.16,216,30
31840,-2.2,0.0,2.8,0.052,-0.045,-1.078,5.0,-3.9,0.0,0.0163,-0.0120,-0.0140,1701,1800,1793,1793,0.00,0.01,2.68,0.17,0.8541,1,1,0,0.01,0.00,0.10,-0.29,0.00,0.00,0.16,216,30
31850,0.6,-1.0,-6.7,-0.011,0.018,-0.869,5.0,-3.9,0.0,0.0154,-0.0118,-0.0052,1708,1788,1818,1772,0.00,0.01,2.68,0.17,0.8541,1,1,0,0.01,0.00,0.10,-0.29,0.00,0.00,0.16,216,30
31861,-0.1,0.7,2.1,0.035,-0.008,-1.090,5.0,-3.9,0.0,0.0142,-0.0127,-0.0134,1696,1801,1785,1805,0.00,0.01,2.68,0.17,0.8541,1,1,0,0.01,0.00,0.10,-0.29,0.00,0.00,0.16,216,30
31871,-0.9,-0.7,5.2,0.010,0.041,-1.045,5.0,-3.9,0.0,0.0159,-0.0113,-0.0152,1690,1810,1803,1783,0.00,0.01,2.68,0.17,0.8541,1,1,0,0.01,0.00,0.10,-0.29,0.00,0.00,0.15,216,30
31881,3.4,0.2,-6.8,-0.003,-0.015,-0.829,5.0,-3.9,0.0,0.0098,-0.0123,-0.0060,1721,1773,1801,1787,0.00,0.01,2.68,0.17,0.8535,1,1,0,0.01,0.00,0.10,-0.29,0.00,0.00,0.16,216,30
31891,-5.7,0.3,0.1,0.037,-0.007,-1.157,5.0,-3.9,0.0,0.0199,-0.0124,-0.0118,1680,1811,1805,1786,0.00,0.01,2.68,0.17,0.8535,1,1,0,0.01,0.00,0.10,-0.29,0.00,0.00,0.16,216,30
31901,6.7,0.0,8.1,-0.015,0.067,-0.927,5.0,-3.9,0.0,0.0086,-0.0107,-0.0166,1702,1801,1779,1799,0.00,0.01,2.68,0.17,0.8535,1,1,0,0.01,0.00,0.10,-0.29,0.00,0.00,0.16,216,30
31911,-4.6,-0.2,-8.8,0.052,-0.082,-1.032,5.0,-3.9,0.0,0.0187,-0.0118,-0.0046,1707,1781,1817,1776,0.00,0.01,2.68,0.17,0.8535,1,1,0,0.01,0.00,0.10,-0.29,0.00,0.00,0.16,216,30
31921,2.0,-0.9,0.6,-0.022,0.067,-0.964,5.1,-3.9,0.0,0.0121,-0.0110,-0.0122,1695,1807,1795,1784,0.00,0.01,2.68,0.17,0.8535,1,1,0,0.01,0.00,0.10,-0.29,0.00,0.00,0.16,216,30
31931,-0.2,2.8,8.1,0.053,-0.024,-1.097,5.0,-3.9,0.0,0.0123,-0.0149,-0.0182,1688,1799,1785,1810,0.00,0.01,2.68,0.17,0.8535,1,1,0,0.01,0.00,0.10,-0.29,0.00,0.00,0.16,216,30
31941,-0.8,-3.6,-9.0,-0.012,0.016,-0.966,5.1,-3.9,0.0,0.0150,-0.0084,-0.0044,1715,1790,1816,1760,0.00,0.01,2.68,0.17,0.8535,1,1,0,0.01,0.00,0.10,-0.29,0.00,0.00,0.16,216,30
31951,2.1,2.2,0.5,0.015,-0.020,-0.900,5.0,-3.9,0.0,0.0111,-0.0141,-0.0128,1701,1792,1784,1805,0.00,0.01,2.68,0.17,0.8535,1,1,0,0.01,0.00,0.10,-0.29,0.00,0.00,0.15,216,30
31961,-2.8,-1.1,7.4,0.036,0.029,-1.269,5.0,-3.9,0.0,0.0175,-0.0114,-0.0177,1676,1813,1795,1797,0.00,0.01,2.68,0.17,0.8535,1,1,0,0.01,0.00,0.10,-0.29,0.00,0.00,0.16,216,30
31972,4.5,0.1,-7.3,-0.013,0.026,-0.803,5.0,-3.9,0.0,0.0095,-0.0122,-0.0058,1728,1777,1802,1775,0.00,0.01,2.68,0.16,0.8535,1,1,0,0.01,0.00,0.10,-0.29,0.00,0.00,0.16,216,30
31982,-5.4,0.9,-1.9,0.050,-0.050,-1.085,5.0,-3.9,0.0,0.0180,-0.0153,-0.0124,1683,1797,1806,1796,0.00,0.01,2.68,0.16,0.8535,1,1,0,0.01,0.00,0.10,-0.29,0.00,0.00,0.16,216,30
31992,3.6,-2.2,9.9,-0.025,0.083,-1.029,5.0,-3.9,0.0,0.0104,-0.0098,-0.0197,1690,1820,1778,1793,0.00,0.01,2.68,0.16,0.8535,1,1,0,0.01,0.00,0.10,-0.29,0.00,0.00,0.16,216,30
32002,-0.7,3.2,-6.8,0.052,-0.052,-0.985,5.0,-3.9,0.0,0.0149,-0.0153,-0.0062,1708,1771,1812,1782,0.00,0.01,2.68,0.16,0.8523,1,1,0,0.01,0.00,0.10,-0.29,0.00,0.00,0.16,216,30
32012,-0.4,-4.2,-4.4,-0.018,0.033,-0.961,5.0,-3.9,0.0,0.0159,-0.0088,-0.0093,1703,1799,1797,1772,0.00,0.01,2.68,0.16,0.8523,1,1,0,0.01,0.00,0.10,-0.29,0.00,0.00,0.16,216,30
32022,0.7,3.5,12.1,0.026,-0.006,-1.047,5.0,-3.9,0.0,0.0134,-0.0156,-0.0214,1665,1793,1759,1795,0.00,0.01,2.68,0.16,0.8444,1,1,0,0.01,0.00,0.10,-0.29,0.00,0.00,0.16,216,30
32032,-1.3,-2.7,-8.4,0.030,0.026,-1.107,5.1,-4.0,0.0,0.0155,-0.0094,-0.0049,1694,1772,1796,1751,0.00,0.01,2.68,0.16,0.8444,1,1,0,0.01,0.00,0.10,-0.30,0.00,0.00,0.16,216,30
32042,1.5,0.0,-3.5,-0.018,-0.025,-0.799,5.0,-3.9,0.0,0.0117,-0.0098,-0.0092,1695,1774,1776,1767,0.00,0.01,2.68,0.16,0.8444,1,1,0,0.01,0.00,0.10,-0.30,0.00,0.00,0.16,216,30
32052,-3.8,1.9,12.1,0.052,-0.013,-1.152,5.1,-4.0,0.0,0.0180,-0.0141,-0.0214,1646,1798,1774,1793,0.00,0.01,2.68,0.16,0.8444,1,1,0,0.01,0.00,0.10,-0.30,0.00,0.00,0.16,216,30
32062,2.9,-4.5,-7.8,-0.013,0.073,-1.057,5.1,-3.9,0.0,0.0116,-0.0071,-0.0049,1709,1772,1782,1750,0.00,0.01,2.68,0.16,0.8444,1,1,0,0.01,0.00,0.10,-0.30,0.00,0.00,0.16,216,30
32072,-2.1,4.7,-3.6,0.045,-0.076,-0.865,5.0,-3.9,0.0,0.0163,-0.0169,-0.0087,1679,1767,1793,1774,0.00,0.01,2.68,0.16,0.8444,1,1,0,0.01,0.00,0.10,-0.30,0.00,0.00,0.15,216,30
32083,-1.1,-3.1,11.3,-0.005,0.050,-1.062,5.1,-4.0,0.0,0.0153,-0.0090,-0.0207,1663,1804,1762,1783,0.00,0.01,2.68,0.16,0.8444,1,1,0,0.01,0.00,0.10,-0.30,0.00,0.00,0.16,216,30
32093,0.8,0.1,-5.9,0.015,0.014,-1.061,5.0,-3.9,0.0,0.0129,-0.0096,-0.0056,1700,1770,1785,1757,0.00,0.01,2.68,0.16,0.8444,1,1,0,0.01,0.00,0.10,-0.30,0.00,0.00,0.16,216,30
32103,-1.1,2.4,-6.9,0.039,-0.025,-0.963,5.1,-4.0,0.0,0.0153,-0.0146,-0.0061,1678,1763,1802,1769,0.00,0.01,2.68,0.16,0.8444,1,1,0,0.01,0.00,0.10,-0.30,0.00,0.00,0.16,216,30
32113,1.0,-4.7,11.1,-0.027,0.037,-0.955,5.1,-3.9,0.0,0.0131,-0.0074,-0.0206,1674,1803,1753,1782,0.00,0.01,2.68,0.16,0.8444,1,1,0,0.01,0.00,0.10,-0.30,0.00,0.00,0.16,216,30
32123,-2.3,2.5,-1.9,0.043,-0.018,-1.077,5.1,-3.9,0.0,0.0161,-0.0137,-0.0087,1679,1773,1792,1764,0.00,0.01,2.68,0.16,0.8438,1,1,0,0.01,0.00,0.10,-0.30,0.00,0.00,0.16,216,30
32133,1.7,-1.9,-10.2,0.012,0.046,-1.047,5.1,-4.0,0.0,0.0138,-0.0121,-0.0050,1693,1765,1791,1758,0.00,0.01,2.68,0.16,0.8438,1,1,0,0.01,0.00,0.10,-0.30,0.00,0.00,0.16,216,30
32143,0.6,0.2,12.1,-0.004,-0.024,-0.926,5.1,-3.9,0.0,0.0136,-0.0124,-0.0214,1667,1795,1756,1789,0.00,0.01,2.68,0.16,0.8438,1,1,0,0.01,0.00,0.10,-0.30,0.00,0.00,0.16,216,30
32153,-1.0,0.0,1.4,0.013,0.030,-1.002,5.1,-4.0,0.0,0.0161,-0.0138,-0.0122,1671,1777,1790,1770,0.00,0.01,2.68,0.16,0.8438,1,1,0,0.01,0.00,0.10,-0.30,0.00,0.00,0.16,216,30
32163,2.2,-3.9,-14.6,0.023,0.045,-1.165,5.1,-4.0,0.0,0.0120,-0.0083,0.0000,1712,1762,1787,1747,0.00,0.01,2.68,0.16,0.8438,1,1,0,0.01,0.00,0.10,-0.30,0.00,0.00,0.16,216,30
32173,-1.7,4.4,12.4,0.021,-0.044,-0.919,5.1,-4.0,0.0,0.0160,-0.0164,-0.0215,1653,1792,1771,1791,0.00,0.01,2.68,0.16,0.8438,1,1,0,0.01,0.00,0.10,-0.30,0.00,0.00,0.17,216,30
32183,1.1,-2.8,3.3,-0.020,0.047,-0.922,5.1,-4.0,0.0,0.0132,-0.0104,-0.0138,1680,1780,1775,1773,0.00,0.01,2.68,0.16,0.8438,1,1,0,0.01,0.00,0.10,-0.30,0.00,0.00,0.17,216,30
32193,-2.0,-1.5,-15.0,0.054,-0.026,-1.164,5.1,-3.9,0.0,0.0164,-0.0107,0.0003,1702,1764,1800,1741,0.00,0.01,2.68,0.16,0.8438,1,1,0,0.01,0.00,0.10,-0.30,0.00,0.00,0.16,216,30
32204,1.8,3.3,11.2,0.003,0.029,-0.945,5.1,-4.0,0.0,0.0130,-0.0159,-0.0208,1652,1793,1771,1791,0.00,0.01,2.68,0.16,0.8438,1,1,0,0.01,0.00,0.10,-0.30,0.00,0.00,0.15,216,30
32214,0.1,-3.1,4.2,0.003,-0.006,-1.022,5.1,-3.9,0.0,0.0136,-0.0088,-0.0145,1682,1788,1767,1771,0.00,0.01,2.68,0.16,0.8438,1,1,0,0.01,0.00,0.10,-0.30,0.00,0.00,0.16,216,30
32224,-0.9,1.8,-13.0,0.041,-0.023,-0.975,5.1,-4.0,0.0,0.0160,-0.0136,-0.0017,1692,1761,1799,1747,0.00,0.01,2.68,0.16,0.8425,1,1,0,0.01,0.00,0.10,-0.30,0.00,0.00,0.16,216,30
32234,3.7,-0.8,9.0,0.005,0.058,-1.087,5.1,-4.0,0.0,0.0105,-0.0114,-0.0189,1649,1792,1760,1798,0.00,0.01,2.68,0.16,0.8425,1,1,0,0.01,0.00,0.10,-0.30,0.00,0.00,0.16,216,30
32244,-1.7,-1.4,3.8,0.025,-0.023,-1.059,5.1,-3.9,0.0,0.0161,-0.0108,-0.0148,1694,1776,1771,1757,0.00,0.01,2.68,0.16,0.8425,1,1,0,0.01,0.00,0.10,-0.30,0.00,0.00,0.16,216,30
32254,1.6,2.6,-11.7,-0.008,0.000,-0.741,5.1,-4.0,0.0,0.0136,-0.0154,-0.0023,1690,1754,1803,1752,0.00,0.01,2.68,0.16,0.8425,1,1,0,0.01,0.00,0.10,-0.30,0.00,0.00,0.16,216,30
32264,-1.4,-1.0,5.9,0.046,0.028,-1.325,5.1,-4.0,0.0,0.0157,-0.0112,-0.0165,1652,1792,1755,1800,0.00,0.01,2.68,0.16,0.8425,1,1,0,0.01,0.00,0.10,-0.30,0.00,0.00,0.15,216,30
32274,-0.7,0.5,7.4,0.000,0.018,-0.963,5.1,-3.9,0.0,0.0158,-0.0122,-0.0165,1676,1789,1782,1751,0.00,0.01,2.68,0.16,0.8425,1,1,0,0.01,0.00,0.10,-0.30,0.00,0.00,0.15,216,30
32284,1.5,0.9,-13.7,0.013,-0.009,-0.780,5.0,-4.0,0.0,0.0123,-0.0138,-0.0007,1695,1741,1798,1755,0.00,0.01,2.68,0.16,0.8413,1,1,0,0.01,0.00,0.10,-0.30,0.00,0.00,0.16,216,30
32294,-3.4,-2.8,5.8,0.029,-0.006,-1.208,5.1,-3.9,0.0,0.0178,-0.0094,-0.0164,1655,1799,1758,1778,0.00,0.01,2.69,0.16,0.8413,1,1,0,0.01,0.00,0.10,-0.30,0.00,0.00,0.17,216,30
32305,3.7,1.5,12.1,-0.008,0.055,-0.897,5.1,-3.9,0.0,0.0106,-0.0138,-0.0214,1668,1784,1770,1767,0.00,0.01,2.68,0.16,0.8413,1,1,0,0.01,0.00,0.10,-0.30,0.00,0.00,0.18,216,30
32315,-2.0,-2.5,-18.7,0.048,-0.033,-1.134,5.0,-4.0,0.0,0.0143,-0.0106,0.0033,1705,1740,1798,1747,0.00,0.01,2.68,0.16,0.8413,1,1,0,0.01,0.00,0.10,-0.30,0.00,0.00,0.17,216,30
32325,-0.3,2.3,5.5,-0.029,-0.005,-0.802,5.1,-3.9,0.0,0.0156,-0.0134,-0.0169,1659,1794,1762,1770,0.00,0.01,2.69,0.16,0.8407,1,1,0,0.01,0.00,0.10,-0.30,0.00,0.00,0.16,216,30
32335,2.2,1.2,14.6,0.018,0.050,-1.089,5.0,-4.0,0.0,0.0120,-0.0135,-0.0234,1657,1782,1757,1789,0.00,0.01,2.68,0.16,0.8407,1,1,0,0.01,0.00,0.10,-0.30,0.00,0.00,0.16,216,30
32345,-2.0,-5.1,-21.5,0.051,-0.010,-1.206,5.0,-3.9,0.0,0.0170,-0.0074,0.0065,1700,1744,1804,1736,0.00,0.01,2.68,0.16,0.8407,1,1,0,0.01,0.00,0.10,-0.30,0.00,0.00,0.16,216,30
32355,3.7,4.7,6.6,-0.034,-0.007,-0.599,5.0,-3.9,0.0,0.0106,-0.0166,-0.0174,1663,1782,1760,1779,0.00,0.01,2.69,0.16,0.8407,1,1,0,0.01,0.00,0.10,-0.30,0.00,0.00,0.17,216,30
32365,-3.2,-1.3,16.3,0.028,0.007,-1.292,5.0,-4.0,0.0,0.0176,-0.0109,-0.0247,1631,1767,1737,1779,0.00,0.01,2.68,0.16,0.8316,1,1,0,0.01,0.00,0.10,-0.30,0.00,0.00,0.19,216,30
32375,-0.6,-3.0,-19.7,0.017,0.034,-1.012,5.0,-3.9,0.0,0.0171,-0.0075,0.0058,1692,1740,1789,1695,0.00,0.01,2.68,0.16,0.8316,1,1,0,0.01,0.00,0.10,-0.30,0.00,0.00,0.19,216,30
32385,2.8,5.7,1.8,0.022,-0.032,-0.854,5.0,-4.0,0.0,0.0107,-0.0179,-0.0153,1645,1753,1746,1771,0.00,0.01,2.69,0.16,0.8316,1,1,0,0.01,0.00,0.10,-0.30,0.00,0.00,0.17,216,30
32395,-2.9,-4.7,16.7,0.011,0.012,-1.146,5.0,-4.0,0.0,0.0173,-0.0075,-0.0251,1633,1780,1737,1765,0.00,0.01,2.68,0.16,0.8316,1,1,0,0.01,0.00,0.10,-0.30,0.00,0.00,0.15,216,30
32405,0.6,-0.1,-15.0,-0.002,0.009,-0.841,5.1,-3.9,0.0,0.0140,-0.0114,0.0009,1692,1737,1781,1705,0.00,0.01,2.68,0.16,0.8316,1,1,0,0.01,0.00,0.10,-0.31,0.00,0.00,0.16,216,30
32416,0.2,3.9,-3.3,0.049,-0.002,-1.189,5.0,-4.0,0.0,0.0138,-0.0169,-0.0103,1638,1752,1753,1772,0.00,0.01,2.68,0.16,0.8316,1,1,0,0.01,0.00,0.10,-0.31,0.00,0.00,0.17,216,30
32426,-0.1,-5.1,17.2,-0.021,0.042,-1.018,5.1,-3.9,0.0,0.0146,-0.0070,-0.0255,1627,1769,1724,1740,0.00,0.01,2.68,0.16,0.8242,1,1,0,0.01,0.00,0.10,-0.31,0.00,0.00,0.17,216,30
32436,1.6,2.2,-11.8,0.005,-0.025,-0.740,5.0,-3.9,0.0,0.0122,-0.0130,-0.0001,1679,1713,1763,1705,0.00,0.01,2.68,0.16,0.8242,1,1,0,0.01,0.00,0.10,-0.31,0.00,0.00,0.18,216,30
32446,-1.8,-0.5,-6.5,0.060,0.001,-1.304,5.0,-4.0,0.0,0.0163,-0.0118,-0.0064,1618,1738,1741,1754,0.00,0.01,2.68,0.16,0.8230,1,1,0,0.01,0.00,0.10,-0.31,0.00,0.00,0.17,216,30
32456,0.8,-3.0,18.8,-0.028,0.054,-0.994,5.1,-3.9,0.0,0.0145,-0.0067,-0.0251,1626,1773,1713,1739,0.00,0.01,2.68,0.16,0.8230,1,1,0,0.01,0.00,0.10,-0.31,0.00,0.00,0.15,216,30
32466,1.0,3.6,-12.6,0.031,-0.019,-0.796,5.0,-4.0,0.0,0.0133,-0.0158,-0.0007,1672,1708,1771,1700,0.00,0.01,2.68,0.16,0.8230,1,1,0,0.01,0.00,0.11,-0.31,0.00,0.00,0.16,216,30
32476,-1.2,-1.2,-7.4,0.044,-0.019,-1.137,5.0,-4.0,0.0,0.0157,-0.0111,-0.0057,1625,1731,1746,1750,0.00,0.01,2.68,0.16,0.8230,1,1,0,0.01,0.00,0.10,-0.31,0.00,0.00,0.16,216,30
32486,-0.9,-1.2,21.7,-0.051,0.059,-0.943,5.1,-3.9,0.0,0.0157,-0.0086,-0.0283,1618,1780,1706,1748,0.00,0.01,2.68,0.16,0.8230,1,1,0,0.01,0.00,0.10,-0.31,0.00,0.00,0.16,216,30
32496,0.3,0.8,-13.9,0.056,0.000,-1.056,5.1,-3.9,0.0,0.0141,-0.0131,0.0001,1671,1713,1767,1700,0.00,0.01,2.68,0.16,0.8230,1,1,0,0.01,0.00,0.11,-0.31,0.00,0.00,0.17,216,30
32506,-0.3,-2.2,-11.5,0.049,-0.012,-1.118,5.1,-4.0,0.0,0.0148,-0.0101,-0.0024,1642,1730,1753,1727,0.00,0.01,2.68,0.16,0.8230,1,1,0,0.01,0.00,0.10,-0.31,0.00,0.00,0.16,216,30
32516,0.9,2.3,25.7,-0.044,0.015,-0.780,5.1,-3.9,0.0,0.0132,-0.0122,-0.0308,1616,1773,1704,1758,0.00,0.01,2.69,0.16,0.8230,1,1,0,0.01,0.00,0.10,-0.31,0.00,0.00,0.16,216,30
32527,-1.0,0.4,-10.5,0.044,-0.014,-1.081,5.1,-4.0,0.0,0.0152,-0.0139,-0.0021,1660,1706,1767,1708,0.00,0.01,2.68,0.16,0.8218,1,1,0,0.01,0.00,0.11,-0.31,0.00,0.00,0.16,216,30
32537,0.1,-4.4,-16.9,0.032,0.012,-1.170,5.1,-4.0,0.0,0.0145,-0.0081,0.0008,1644,1729,1750,1719,0.00,0.01,2.68,0.16,0.8218,1,1,0,0.01,0.00,0.10,-0.31,0.00,0.00,0.16,216,30
32547,1.8,2.1,25.1,-0.016,0.029,-0.869,5.1,-3.9,0.0,0.0126,-0.0134,-0.0314,1617,1775,1695,1755,0.00,0.01,2.69,0.16,0.8218,1,1,0,0.01,0.00,0.10,-0.31,0.00,0.00,0.17,216,30
32557,0.2,2.0,-8.0,0.039,-0.016,-0.988,5.1,-4.0,0.0,0.0142,-0.0144,-0.0052,1664,1704,1769,1705,0.00,0.01,2.68,0.16,0.8218,1,1,0,0.01,0.00,0.11,-0.31,0.00,0.00,0.18,216,30
32567,-0.1,-4.2,-17.5,0.008,-0.004,-1.021,5.1,-4.0,0.0,0.0144,-0.0094,-0.0010,1634,1710,1737,1705,0.00,0.01,2.68,0.16,0.8145,1,1,0,0.01,0.00,0.11,-0.31,0.00,0.00,0.18,216,30
32577,-0.1,1.6,27.2,-0.018,0.040,-1.012,5.1,-3.9,0.0,0.0145,-0.0132,-0.0337,1588,1769,1677,1753,0.00,0.01,2.69,0.16,0.8145,1,1,0,0.01,0.00,0.10,-0.31,0.00,0.00,0.18,216,30
32587,-0.5,-0.2,-9.7,0.051,0.013,-1.136,5.1,-3.9,0.0,0.0151,-0.0121,-0.0038,1649,1700,1753,1684,0.00,0.01,2.68,0.16,0.8145,1,1,0,0.01,0.00,0.11,-0.31,0.00,0.00,0.17,216,30
32597,1.0,-1.4,-20.6,0.013,-0.023,-0.916,5.1,-4.0,0.0,0.0137,-0.0119,0.0022,1640,1701,1747,1699,0.00,0.01,2.68,0.16,0.8145,1,1,0,0.01,0.00,0.11,-0.31,0.00,0.00,0.15,216,30
32607,0.4,4.1,30.0,-0.023,0.012,-0.885,5.1,-3.9,0.0,0.0135,-0.0157,-0.0363,1581,1764,1677,1764,0.00,0.01,2.69,0.16,0.8145,1,1,0,0.01,0.00,0.10,-0.31,0.00,0.00,0.16,216,30
32617,-1.5,-1.8,-5.6,0.034,0.015,-1.105,5.1,-3.9,0.0,0.0161,-0.0104,-0.0072,1642,1703,1749,1692,0.00,0.01,2.68,0.16,0.8145,1,1,0,0.01,0.00,0.11,-0.31,0.00,0.00,0.16,216,30
32627,0.5,-3.8,-26.3,0.037,0.003,-1.078,5.1,-3.9,0.0,0.0142,-0.0091,0.0060,1649,1701,1748,1689,0.00,0.01,2.68,0.16,0.8145,1,1,0,0.01,0.00,0.11,-0.31,0.00,0.00,0.18,216,30
32638,0.5,3.7,28.3,-0.007,0.010,-0.961,5.1,-3.9,0.0,0.0139,-0.0160,-0.0344,1585,1771,1673,1758,0.00,0.01,2.69,0.16,0.8145,1,1,0,0.01,0.00,0.10,-0.31,0.00,0.00,0.19,216,30
32648,-0.6,1.5,-0.4,0.020,-0.001,-0.953,5.1,-3.9,0.0,0.0155,-0.0144,-0.0066,1642,1701,1750,1693,0.00,0.01,2.68,0.17,0.8145,1,1,0,0.01,0.00,0.11,-0.31,0.00,0.00,0.17,216,30
32658,0.9,-3.2,-26.1,0.027,-0.011,-0.966,5.1,-4.0,0.0,0.0135,-0.0098,0.0080,1646,1692,1754,1695,0.00,0.01,2.68,0.17,0.8145,1,1,0,0.01,0.00,0.11,-0.31,0.00,0.00,0.16,216,30
32668,0.0,0.0,27.4,0.000,0.031,-1.094,5.1,-3.9,0.0,0.0146,-0.0123,-0.0336,1578,1770,1667,1762,0.00,0.01,2.69,0.17,0.8133,1,1,0,0.01,0.00,0.10,-0.31,0.00,0.00,0.16,216,30
32678,-1.8,-1.2,0.0,0.026,0.003,-1.104,5.1,-3.9,0.0,0.0170,-0.0101,-0.0069,1643,1712,1741,1681,0.00,0.01,2.68,0.17,0.8133,1,1,0,0.01,0.00,0.11,-0.31,0.00,0.00,0.16,216,30
32688,2.0,0.0,-29.4,0.026,-0.011,-0.885,5.1,-3.9,0.0,0.0125,-0.0123,0.0118,1653,1687,1756,1681,0.00,0.01,2.68,0.17,0.8133,1,1,0,0.01,0.00,0.11,-0.31,0.00,0.00,0.18,216,30
32698,0.7,3.0,27.7,-0.006,0.016,-0.934,5.1,-3.9,0.0,0.0134,-0.0153,-0.0347,1572,1764,1670,1771,0.00,0.01,2.69,0.17,0.8133,1,1,0,0.01,0.00,0.10,-0.31,0.00,0.00,0.20,216,30
32708,-2.0,-0.2,5.2,0.012,0.003,-1.048,5.1,-3.9,0.0,0.0165,-0.0130,-0.0109,1615,1691,1725,1682,0.00,0.01,2.68,0.17,0.8047,1,1,0,0.01,0.00,0.00,0.00,0.00,0.00,0.18,216,31
32718,0.7,-3.3,-33.0,0.035,-0.002,-1.025,5.1,-3.9,0.0,0.0138,-0.0091,0.0146,1646,1666,1745,1655,0.00,0.01,2.68,0.17,0.8047,1,1,0,0.01,0.00,0.00,0.00,0.00,0.00,0.16,216,31
32728,0.8,0.9,24.1,0.002,0.024,-1.098,5.1,-3.9,0.0,0.0132,-0.0118,-0.0345,1560,1756,1650,1747,0.00,0.01,2.69,0.17,0.8047,1,1,0,0.01,0.00,0.00,0.00,0.00,0.00,0.16,216,31
32738,-2.3,0.8,6.7,0.009,-0.004,-0.998,5.1,-3.9,0.0,0.0171,-0.0128,-0.0151,1611,1705,1716,1681,0.00,0.01,2.68,0.17,0.8047,1,1,0,0.01,0.00,0.00,0.00,0.00,0.00,0.15,216,31
32749,1.1,2.1,-32.9,0.033,-0.039,-0.820,5.1,-4.0,0.0,0.0134,-0.0146,0.0146,1644,1653,1759,1656,0.00,0.01,2.68,0.17,0.8047,1,1,0,0.01,0.00,0.00,0.00,0.00,0.00,0.17,216,31
32759,1.3,0.2,25.5,0.006,0.027,-1.038,5.0,-3.9,0.0,0.0128,-0.0132,-0.0338,1552,1746,1655,1760,0.00,0.01,2.69,0.17,0.8047,1,1,0,0.01,0.00,0.00,0.00,0.00,0.00,0.18,216,31
32769,-2.4,-3.7,11.5,0.007,0.034,-1.180,5.1,-3.9,0.0,0.0171,-0.0086,-0.0209,1604,1707,1698,1684,0.00,0.01,2.68,0.17,0.8023,1,1,0,0.01,0.00,0.00,0.00,0.00,0.00,0.18,216,31
32779,0.0,-0.6,-38.4,0.032,-0.023,-0.928,5.1,-3.9,0.0,0.0156,-0.0105,0.0190,1659,1654,1756,1626,0.00,0.01,2.68,0.17,0.8023,1,1,0,0.01,0.00,0.00,0.00,0.00,0.00,0.19,216,31
32789,2.4,3.3,22.7,0.013,0.037,-0.947,5.1,-3.9,0.0,0.0121,-0.0157,-0.0299,1547,1743,1653,1751,0.00,0.01,2.69,0.17,0.8023,1,1,0,0.01,0.00,0.00,0.00,0.00,0.00,0.17,216,31
32799,-0.7,0.4,19.4,0.005,0.024,-1.097,5.0,-3.9,0.0,0.0151,-0.0128,-0.0256,1594,1708,1692,1702,0.00,0.01,2.68,0.17,0.8023,1,1,0,0.01,0.00,0.00,0.00,0.00,0.00,0.15,216,31
32809,-1.7,-1.5,-40.4,0.038,-0.062,-0.857,5.1,-3.9,0.0,0.0166,-0.0110,0.0210,1661,1643,1768,1623,0.00,0.01,2.68,0.17,0.8023,1,1,0,0.01,0.00,0.00,0.00,0.00,0.00,0.17,216,31
32819,0.4,1.7,20.8,-0.008,0.004,-0.959,5.1,-3.9,0.0,0.0141,-0.0142,-0.0284,1542,1742,1661,1750,0.00,0.01,2.69,0.17,0.8023,1,1,0,0.01,0.00,0.00,0.00,0.00,0.00,0.19,216,31
32829,-0.1,-2.6,23.3,-0.001,0.070,-1.256,5.1,-3.9,0.0,0.0140,-0.0105,-0.0272,1580,1718,1678,1714,0.00,0.01,2.68,0.17,0.8017,1,1,0,0.01,0.00,0.02,0.00,0.00,0.00,0.20,216,31
32839,-1.4,-4.1,-44.9,0.050,-0.043,-1.000,5.1,-3.9,0.0,0.0161,-0.0082,0.0242,1682,1643,1764,1601,0.00,0.01,2.68,0.17,0.8017,1,1,0,0.01,0.00,0.02,-0.01,0.00,0.00,0.18,216,31
32850,2.4,7.0,14.9,-0.003,-0.010,-0.760,5.1,-3.9,0.0,0.0132,-0.0185,-0.0281,1553,1732,1669,1735,0.00,0.01,2.69,0.17,0.8017,1,1,0,0.01,0.00,0.01,0.00,0.00,0.00,0.16,216,31
32860,1.5,4.3,33.5,-0.014,0.077,-1.016,5.1,-3.9,0.0,0.0126,-0.0182,-0.0358,1556,1722,1674,1738,0.00,0.01,2.68,0.17,0.8017,1,1,0,0.01,0.00,0.02,-0.01,0.00,0.00,0.17,216,31
32870,-2.1,-6.9,-46.2,0.059,-0.044,-1.147,5.1,-3.9,0.0,0.0168,-0.0054,0.0252,1675,1631,1770,1615,0.00,0.01,2.68,0.17,0.8017,1,1,0,0.01,0.00,0.02,-0.01,0.00,0.00,0.17,216,31
32880,0.0,0.0,7.2,-0.005,-0.018,-0.903,5.1,-3.9,0.0,0.0153,-0.0116,-0.0219,1569,1732,1673,1716,0.00,0.01,2.69,0.17,0.8017,1,1,0,0.01,0.00,0.02,0.00,0.00,0.00,0.20,215,31
32890,1.3,3.1,40.2,-0.017,0.098,-1.029,5.1,-3.9,0.0,0.0136,-0.0151,-0.0425,1555,1742,1659,1734,0.00,0.01,2.69,0.17,0.8017,1,1,0,0.01,0.00,0.02,-0.01,0.00,0.00,0.18,215,31
32900,-0.3,-5.4,-45.3,0.079,-0.023,-1.196,5.1,-3.9,0.0,0.0148,-0.0070,0.0254,1679,1632,1766,1613,0.00,0.01,2.68,0.17,0.8017,1,1,0,0.01,0.00,0.02,-0.01,0.00,0.00,0.17,215,31
32910,-0.8,1.6,0.4,0.016,-0.043,-0.882,5.1,-3.9,0.0,0.0159,-0.0127,-0.0160,1575,1719,1679,1703,0.00,0.01,2.69,0.17,0.7998,1,1,0,0.01,0.00,0.02,0.00,0.00,0.00,0.16,215,31
32920,0.9,5.7,46.8,-0.046,0.052,-0.772,5.2,-3.9,0.0,0.0137,-0.0181,-0.0492,1533,1745,1652,1746,0.00,0.01,2.69,0.17,0.7998,1,1,0,0.01,0.00,0.02,-0.01,0.00,0.00,0.15,215,31
32930,-0.3,-3.9,-40.3,0.052,-0.007,-1.156,5.1,-3.9,0.0,0.0146,-0.0097,0.0209,1655,1623,1765,1633,0.00,0.01,2.68,0.17,0.7998,1,1,0,0.01,0.00,0.02,-0.01,0.00,0.00,0.17,215,31
32940,-2.2,-5.3,-9.0,0.033,-0.032,-1.209,5.1,-3.9,0.0,0.0165,-0.0080,-0.0101,1582,1712,1683,1699,0.00,0.01,2.69,0.17,0.7998,1,1,0,0.01,0.00,0.02,0.00,0.00,0.00,0.19,215,31
32950,0.3,0.9,47.3,-0.046,0.050,-0.893,5.2,-3.8,0.0,0.0144,-0.0133,-0.0495,1547,1760,1639,1730,0.00,0.01,2.69,0.17,0.7998,1,1,0,0.01,0.00,0.02,-0.01,0.00,0.00,0.22,215,31
32961,1.3,2.0,-35.0,0.041,0.001,-0.953,5.1,-3.9,0.0,0.0133,-0.0141,0.0189,1662,1631,1759,1623,0.00,0.01,2.68,0.18,0.7998,1,1,0,0.01,0.00,0.02,0.00,0.00,0.00,0.24,215,31
32971,-0.6,0.4,-14.5,0.065,-0.035,-1.137,5.1,-3.9,0.0,0.0146,-0.0148,-0.0070,1589,1688,1703,1696,0.00,0.01,2.69,0.18,0.7998,1,1,0,0.01,0.00,0.00,0.00,0.00,0.00,0.20,214,31
32981,0.0,0.4,50.8,-0.050,0.051,-0.901,5.1,-3.8,0.0,0.0147,-0.0129,-0.0523,1536,1758,1636,1746,0.00,0.01,2.69,0.18,0.7986,1,1,0,0.01,0.00,0.00,0.00,0.00,0.00,0.16,214,31
32991,0.5,-0.1,-28.9,0.000,-0.007,-0.805,5.1,-3.8,0.0,0.0143,-0.0123,0.0128,1659,1634,1757,1617,0.00,0.01,2.68,0.18,0.7986,1,1,0,0.01,0.00,0.00,-0.01,0.00,0.00,0.18,213,31
33001,-0.7,-1.6,-20.3,0.075,-0.011,-1.249,5.1,-3.9,0.0,0.0152,-0.0118,0.0018,1592,1682,1705,1688,0.00,0.01,2.69,0.18,0.7986,1,1,0,0.01,0.00,0.00,0.00,0.00,0.00,0.19,213,31
33011,-0.2,-4.2,47.1,-0.006,0.092,-1.317,5.2,-3.8,0.0,0.0151,-0.0081,-0.0494,1534,1763,1627,1743,0.00,0.01,2.69,0.18,0.7986,1,1,0,0.01,0.00,0.00,0.00,0.00,0.00,0.20,213,31
33021,-0.3,-1.6,-26.8,-0.010,-0.021,-0.724,5.2,-3.7,0.0,0.0160,-0.0067,0.0167,1667,1650,1746,1604,0.00,0.01,2.68,0.18,0.7986,1,1,0,0.01,0.00,0.01,0.00,0.00,0.00,0.21,213,31
33031,1.8,6.6,-23.5,0.063,-0.047,-0.847,5.2,-3.9,0.0,0.0129,-0.0191,0.0070,1594,1669,1714,1690,0.00,0.01,2.69,0.18,0.7986,1,1,0,0.01,0.00,0.01,0.00,0.00,0.00,0.18,213,31
33041,0.4,0.3,50.0,0.016,0.086,-1.236,5.2,-3.9,0.0,0.0134,-0.0163,-0.0524,1508,1756,1627,1776,0.00,0.01,2.69,0.18,0.7974,1,1,0,0.01,0.00,0.01,0.00,0.00,0.00,0.16,213,31
33051,-2.6,-8.4,-22.3,-0.019,-0.006,-0.953,5.2,-3.8,0.0,0.0175,-0.0038,0.0061,1661,1652,1743,1601,0.00,0.01,2.68,0.18,0.7974,1,1,0,0.01,0.00,0.02,-0.01,0.00,0.00,0.17,213,31
33061,-0.3,1.8,-29.9,0.028,-0.061,-0.845,5.2,-3.8,0.0,0.0153,-0.0139,0.0103,1613,1675,1714,1656,0.00,0.01,2.69,0.18,0.7901,1,1,0,0.01,0.00,0.02,-0.01,0.00,0.00,0.18,213,31
33072,1.1,4.3,51.7,0.025,0.098,-1.233,5.2,-3.9,0.0,0.0136,-0.0174,-0.0540,1483,1747,1605,1767,0.00,0.01,2.69,0.18,0.7901,1,1,0,0.01,0.00,0.02,0.00,0.00,0.00,0.19,213,31
33082,-0.9,-8.0,-20.8,0.021,-0.001,-1.154,5.2,-3.8,0.0,0.0158,-0.0043,0.0049,1644,1637,1722,1599,0.00,0.01,2.68,0.18,0.7901,1,1,0,0.01,0.00,0.02,-0.01,0.00,0.00,0.20,212,31
33092,0.7,1.4,-35.6,0.015,-0.091,-0.641,5.2,-3.8,0.0,0.0149,-0.0114,0.0135,1624,1640,1719,1619,0.00,0.01,2.69,0.18,0.7901,1,1,0,0.01,0.00,0.01,0.00,0.00,0.00,0.19,212,31
33102,2.7,10.5,57.4,-0.023,0.057,-0.797,5.2,-3.9,0.0,0.0122,-0.0231,-0.0585,1474,1748,1602,1778,0.00,0.01,2.69,0.18,0.7901,1,1,0,0.01,0.00,0.00,0.00,0.00,0.00,0.18,212,31
33112,-0.4,-3.5,-13.6,0.057,0.032,-1.270,5.2,-3.9,0.0,0.0153,-0.0089,-0.0007,1608,1641,1715,1638,0.00,0.01,2.68,0.18,0.7901,1,1,0,0.01,0.00,0.01,0.00,0.00,0.00,0.17,212,31
33122,-2.2,-9.0,-46.7,0.054,-0.059,-1.128,5.2,-3.8,0.0,0.0170,-0.0036,0.0245,1642,1633,1728,1599,0.00,0.01,2.69,0.18,0.7901,1,1,0,0.01,0.00,0.01,0.00,0.00,0.00,0.15,212,31
33132,0.3,1.9,54.9,-0.051,0.037,-0.862,5.2,-3.8,0.0,0.0145,-0.0144,-0.0557,1498,1772,1587,1745,0.00,0.01,2.69,0.18,0.7901,1,1,0,0.01,0.00,0.00,0.00,0.00,0.00,0.17,212,31
33142,-0.3,2.5,-0.6,0.008,0.036,-1.002,5.2,-3.8,0.0,0.0156,-0.0137,-0.0051,1596,1659,1702,1645,0.00,0.01,2.68,0.18,0.7901,1,1,0,0.01,0.00,0.01,0.00,0.00,0.00,0.19,212,31
33152,0.0,-2.4,-54.0,0.104,-0.040,-1.173,5.2,-3.9,0.0,0.0149,-0.0101,0.0314,1635,1613,1744,1610,0.00,0.01,2.68,0.18,0.7901,1,1,0,0.01,0.00,0.01,0.00,0.00,0.00,0.22,212,31
33162,0.8,-0.1,47.6,-0.015,0.034,-0.987,5.2,-3.8,0.0,0.0141,-0.0123,-0.0498,1502,1755,1599,1746,0.00,0.01,2.69,0.19,0.7901,1,1,0,0.01,0.00,0.01,0.00,0.00,0.00,0.25,213,31
33172,0.0,2.1,9.3,-0.052,0.008,-0.722,5.2,-3.7,0.0,0.0154,-0.0116,-0.0110,1592,1673,1689,1648,0.00,0.01,2.68,0.19,0.7901,1,1,0,0.01,0.00,0.00,0.00,0.00,0.00,0.21,212,31
33183,0.2,1.3,-52.9,0.092,-0.053,-1.020,5.2,-3.9,0.0,0.0147,-0.0139,0.0306,1630,1606,1749,1617,0.00,0.01,2.68,0.19,0.7901,1,1,0,0.01,0.00,0.00,0.00,0.00,0.00,0.16,212,31
33193,0.6,-2.1,39.3,0.033,0.064,-1.337,5.2,-3.9,0.0,0.0136,-0.0138,-0.0485,1496,1743,1609,1755,0.00,0.01,2.69,0.19,0.7901,1,1,0,0.01,0.00,0.00,0.00,0.00,0.00,0.18,212,31
33203,-1.6,-8.1,15.5,-0.054,0.040,-1.012,5.2,-3.7,0.0,0.0166,-0.0042,-0.0241,1596,1686,1668,1635,0.00,0.01,2.68,0.19,0.7876,1,1,0,0.01,0.00,0.00,0.00,0.00,0.00,0.19,212,31
33213,0.0,-0.8,-54.0,0.036,-0.053,-0.754,5.2,-3.8,0.0,0.0149,-0.0116,0.0314,1656,1613,1739,1576,0.00,0.01,2.68,0.19,0.7876,1,1,0,0.01,0.00,0.00,0.00,0.00,0.00,0.19,212,31
33223,1.5,9.0,37.4,0.043,0.028,-1.052,5.2,-3.8,0.0,0.0134,-0.0216,-0.0479,1470,1716,1599,1743,0.00,0.01,2.69,0.19,0.7803,1,1,0,0.01,0.00,0.00,0.00,0.00,0.00,0.19,212,31
33233,-0.4,-2.4,20.2,0.008,0.055,-1.172,5.2,-3.8,0.0,0.0153,-0.0100,-0.0278,1552,1664,1659,1653,0.00,0.01,2.68,0.19,0.7803,1,1,0,0.01,0.00,0.00,0.00,0.00,0.00,0.18,211,31
33243,0.4,-5.2,-56.7,0.050,-0.057,-0.857,5.2,-3.8,0.0,0.0144,-0.0071,0.0337,1653,1583,1736,1557,0.00,0.01,2.68,0.19,0.7803,1,1,0,0.01,0.00,0.00,0.00,0.00,0.00,0.16,211,31
33253,1.7,5.8,36.5,-0.012,-0.004,-0.823,5.1,-3.8,0.0,0.0126,-0.0170,-0.0465,1485,1719,1592,1732,0.00,0.01,2.69,0.19,0.7803,1,1,0,0.01,0.00,-0.01,0.00,0.00,0.00,0.17,211,31
33263,-0.2,2.4,27.8,-0.003,0.065,-1.113,5.2,-3.8,0.0,0.0150,-0.0156,-0.0303,1533,1673,1647,1675,0.00,0.01,2.68,0.19,0.7803,1,1,0,0.01,0.00,0.00,0.00,0.00,0.00,0.18,211,31
33273,-0.3,-7.0,-60.6,0.087,-0.047,-1.175,5.2,-3.8,0.0,0.0153,-0.0054,0.0367,1653,1578,1742,1555,0.00,0.01,2.68,0.19,0.7803,1,1,0,0.01,0.00,-0.01,0.00,0.00,0.00,0.20,211,31
33283,-0.3,-3.1,26.4,-0.012,-0.001,-1.035,5.2,-3.8,0.0,0.0153,-0.0087,-0.0384,1506,1722,1599,1701,0.00,0.01,2.69,0.19,0.7803,1,1,0,0.01,0.00,0.00,0.00,0.00,0.00,0.22,211,31
33293,-0.1,0.0,32.5,-0.062,0.060,-0.927,5.1,-3.7,0.0,0.0152,-0.0108,-0.0355,1543,1699,1624,1663,0.00,0.01,2.69,0.19,0.7803,1,1,0,0.01,0.00,0.02,0.00,0.00,0.00,0.19,211,31
33304,-0.3,1.3,-57.9,0.069,-0.047,-0.955,5.1,-3.8,0.0,0.0153,-0.0138,0.0346,1642,1574,1745,1558,0.00,0.01,2.68,0.19,0.7791,1,1,0,0.01,0.00,0.02,0.00,0.00,0.00,0.17,211,31
33314,0.7,6.0,19.6,0.056,0.000,-1.103,5.2,-3.9,0.0,0.0142,-0.0192,-0.0298,1490,1692,1622,1715,0.00,0.01,2.69,0.19,0.7791,1,1,0,0.01,0.00,0.02,0.00,0.00,0.00,0.16,211,31
33324,0.1,-0.1,39.0,-0.031,0.077,-1.031,5.2,-3.7,0.0,0.0148,-0.0123,-0.0429,1513,1700,1617,1688,0.00,0.01,2.69,0.19,0.7791,1,1,0,0.01,0.00,0.02,0.00,0.00,0.00,0.15,211,31
33334,0.1,-3.6,-56.6,0.024,-0.040,-0.788,5.1,-3.8,0.0,0.0148,-0.0084,0.0353,1654,1574,1742,1549,0.00,0.01,2.68,0.19,0.7791,1,1,0,0.01,0.00,0.02,0.00,0.00,0.00,0.17,211,31
33344,-0.1,5.5,13.6,0.016,-0.037,-0.935,5.1,-3.8,0.0,0.0148,-0.0184,-0.0279,1506,1685,1629,1699,0.00,0.01,2.69,0.19,0.7791,1,1,0,0.01,0.00,0.02,0.00,0.00,0.00,0.18,211,31
33354,-0.5,1.7,45.1,0.000,0.077,-1.178,5.1,-3.8,0.0,0.0154,-0.0148,-0.0463,1495,1702,1615,1708,0.00,0.01,2.69,0.19,0.7791,1,1,0,0.01,0.00,0.02,0.00,0.00,0.00,0.17,211,31
33364,-1.8,-8.2,-56.6,0.048,-0.030,-1.067,5.1,-3.8,0.0,0.0168,-0.0042,0.0336,1638,1557,1728,1526,0.00,0.01,2.68,0.19,0.7699,1,1,0,0.01,0.00,0.02,0.00,0.00,0.00,0.16,211,31
33374,0.0,-0.6,4.1,0.000,-0.039,-0.963,5.1,-3.8,0.0,0.0148,-0.0101,-0.0224,1515,1673,1607,1654,0.00,0.01,2.69,0.19,0.7699,1,1,0,0.01,0.00,0.02,0.00,0.00,0.00,0.15,211,31
33384,-0.1,4.2,50.0,-0.040,0.084,-1.008,5.1,-3.7,0.0,0.0151,-0.0156,-0.0504,1480,1703,1579,1688,0.00,0.01,2.69,0.19,0.7699,1,1,0,0.01,0.00,0.02,0.00,0.00,0.00,0.15,211,31
33395,-0.5,0.9,-53.2,0.065,-0.037,-1.008,5.1,-3.8,0.0,0.0155,-0.0134,0.0308,1626,1556,1729,1539,0.00,0.01,2.68,0.19,0.7699,1,1,0,0.01,0.00,0.02,0.00,0.00,0.00,0.17,211,31
33405,0.3,4.3,-2.7,0.062,-0.037,-1.028,5.1,-3.9,0.0,0.0150,-0.0186,-0.0169,1506,1646,1636,1661,0.00,0.01,2.69,0.19,0.7699,1,1,0,0.01,0.00,0.02,0.00,0.00,0.00,0.20,211,31
33415,1.2,2.1,56.3,-0.043,0.097,-0.991,5.1,-3.8,0.0,0.0137,-0.0147,-0.0567,1465,1702,1580,1703,0.00,0.01,2.69,0.19,0.7699,1,1,0,0.01,0.00,0.02,0.00,0.00,0.00,0.21,211,31
33425,0.7,-3.0,-47.2,0.008,-0.019,-0.869,5.1,-3.8,0.0,0.0139,-0.0092,0.0304,1631,1559,1718,1541,0.00,0.01,2.68,0.19,0.7699,1,1,0,0.01,0.00,0.01,-0.01,0.00,0.00,0.18,211,31
33435,-0.1,3.8,-9.2,0.030,-0.052,-0.913,5.1,-3.9,0.0,0.0150,-0.0168,-0.0069,1519,1641,1640,1650,0.00,0.01,2.69,0.19,0.7699,1,1,0,0.01,0.00,0.01,-0.01,0.00,0.00,0.16,211,31
33445,-0.4,4.0,58.1,-0.006,0.071,-1.056,5.1,-3.8,0.0,0.0154,-0.0165,-0.0582,1447,1708,1575,1720,0.00,0.01,2.69,0.19,0.7699,1,1,0,0.01,0.00,0.01,-0.01,0.00,0.00,0.18,211,31
33455,-0.4,-6.1,-44.4,0.037,-0.012,-1.040,5.1,-3.8,0.0,0.0154,-0.0091,0.0287,1622,1561,1722,1545,0.00,0.01,2.68,0.19,0.7699,1,1,0,0.01,0.00,0.01,-0.01,0.00,0.00,0.19,211,31
33465,0.4,-4.4,-18.7,0.026,-0.044,-1.028,5.1,-3.9,0.0,0.0145,-0.0081,0.0032,1539,1640,1638,1632,0.00,0.01,2.69,0.19,0.7699,1,1,0,0.01,0.00,0.01,-0.01,0.00,0.00,0.20,211,31
33475,0.1,0.5,61.2,-0.046,0.099,-1.082,5.1,-3.7,0.0,0.0146,-0.0112,-0.0590,1457,1728,1551,1713,0.00,0.01,2.69,0.19,0.7699,1,1,0,0.01,0.00,0.00,0.00,0.00,0.00,0.20,211,31
33485,-1.1,-2.5,-37.6,0.015,-0.025,-1.005,5.1,-3.7,0.0,0.0161,-0.0099,0.0184,1630,1575,1707,1538,0.00,0.01,2.68,0.19,0.7699,1,1,0,0.01,0.00,0.00,0.00,0.00,0.00,0.19,211,31
33496,-0.7,4.2,-25.7,0.065,-0.061,-0.988,5.1,-3.9,0.0,0.0157,-0.0168,0.0088,1550,1613,1672,1615,0.00,0.01,2.69,0.19,0.7699,1,1,0,0.01,0.00,0.00,0.00,0.00,0.00,0.17,211,31
33506,1.5,4.6,64.2,-0.018,0.104,-1.045,5.1,-3.8,0.0,0.0138,-0.0173,-0.0628,1435,1722,1559,1729,0.00,0.01,2.69,0.19,0.7693,1,1,0,0.01,0.00,0.00,0.00,0.00,0.00,0.16,210,31
33516,-0.3,-3.5,-33.2,0.005,0.011,-0.976,5.1,-3.8,0.0,0.0154,-0.0089,0.0149,1614,1573,1710,1548,0.00,0.01,2.68,0.19,0.7693,1,1,0,0.01,0.00,0.00,0.00,0.00,0.00,0.16,210,31
33526,0.8,0.6,-35.4,0.053,-0.054,-0.918,5.1,-3.8,0.0,0.0139,-0.0134,0.0095,1568,1604,1672,1602,0.00,0.01,2.69,0.19,0.7693,1,1,0,0.01,0.00,0.00,0.00,0.00,0.00,0.17,209,31
33536,-0.2,7.1,64.4,-0.017,0.056,-0.958,5.1,-3.8,0.0,0.0153,-0.0196,-0.0631,1433,1721,1559,1733,0.00,0.01,2.69,0.19,0.7693,1,1,0,0.01,0.00,0.00,0.00,0.00,0.00,0.18,209,31
33546,-1.0,0.0,-24.8,0.020,-0.021,-0.929,5.1,-3.8,0.0,0.0161,-0.0127,0.0081,1574,1567,1687,1558,0.00,0.01,2.68,0.19,0.7614,1,1,0,0.01,0.00,0.00,0.00,0.00,0.00,0.18,209,31
33556,0.8,-2.3,-40.3,0.071,-0.057,-0.972,5.1,-3.9,0.0,0.0141,-0.0141,0.0135,1555,1575,1671,1584,0.00,0.01,2.69,0.19,0.7614,1,1,0,0.01,0.00,-0.01,0.00,0.00,0.00,0.18,209,31
33566,3.0,-1.5,63.7,-0.034,0.102,-1.121,5.1,-3.8,0.0,0.0120,-0.0111,-0.0627,1421,1713,1527,1724,0.00,0.01,2.69,0.19,0.7614,1,1,0,0.01,0.00,-0.01,0.00,0.00,0.00,0.16,209,31
33576,-0.6,-8.3,-21.8,-0.008,0.011,-1.052,5.1,-3.8,0.0,0.0156,-0.0042,0.0057,1591,1585,1661,1548,0.00,0.01,2.68,0.19,0.7614,1,1,0,0.01,0.00,0.00,0.00,0.00,0.00,0.17,210,31
33586,-1.6,-1.9,-46.7,0.051,-0.091,-0.943,5.1,-3.8,0.0,0.0163,-0.0101,0.0198,1576,1578,1675,1556,0.00,0.01,2.69,0.19,0.7614,1,1,0,0.01,0.00,-0.01,0.00,0.00,0.00,0.18,210,31
33596,-0.5,4.2,64.4,-0.025,0.066,-1.011,5.1,-3.8,0.0,0.0156,-0.0168,-0.0632,1413,1719,1534,1719,0.00,0.01,2.69,0.19,0.7614,1,1,0,0.01,0.00,-0.01,0.00,0.00,0.00,0.18,210,31
33606,-1.5,-4.0,-11.6,-0.008,0.017,-1.045,5.1,-3.8,0.0,0.0166,-0.0085,-0.0023,1561,1596,1661,1567,0.00,0.01,2.68,0.19,0.7614,1,1,0,0.01,0.00,-0.01,0.00,0.00,0.00,0.19,210,31
33617,0.1,-6.1,-53.0,0.083,-0.033,-1.094,5.1,-3.9,0.0,0.0151,-0.0083,0.0242,1585,1569,1681,1550,0.00,0.01,2.69,0.19,0.7614,1,1,0,0.01,0.00,-0.01,0.00,0.00,0.00,0.17,210,31
33627,1.9,0.2,59.4,-0.019,0.096,-1.154,5.1,-3.8,0.0,0.0128,-0.0118,-0.0615,1429,1716,1520,1711,0.00,0.01,2.69,0.19,0.7602,1,1,0,0.01,0.00,-0.01,0.00,0.00,0.00,0.16,210,31
33637,-2.0,-3.5,-8.8,-0.022,0.000,-1.014,5.1,-3.7,0.0,0.0171,-0.0089,-0.0045,1567,1603,1647,1559,0.00,0.01,2.68,0.18,0.7602,1,1,0,0.01,0.00,-0.01,0.00,0.00,0.00,0.18,210,31
33647,-1.6,2.9,-55.4,0.067,-0.086,-0.870,5.1,-3.8,0.0,0.0169,-0.0140,0.0281,1589,1546,1706,1535,0.00,0.01,2.69,0.18,0.7602,1,1,0,0.01,0.00,-0.01,0.00,0.00,0.00,0.20,210,31
33657,0.9,8.8,60.6,-0.013,0.046,-0.957,5.1,-3.8,0.0,0.0141,-0.0215,-0.0602,1405,1706,1540,1726,0.00,0.01,2.69,0.18,0.7602,1,1,0,0.01,0.00,-0.01,0.00,0.00,0.00,0.19,210,31
33667,-0.5,0.3,0.3,-0.006,0.054,-1.017,5.1,-3.8,0.0,0.0155,-0.0130,-0.0119,1533,1603,1650,1590,0.00,0.01,2.68,0.19,0.7602,1,1,0,0.01,0.00,-0.01,-0.01,0.00,0.00,0.19,210,31
33677,1.0,-4.4,-61.1,0.095,-0.043,-1.018,5.0,-3.9,0.0,0.0140,-0.0089,0.0357,1608,1540,1702,1526,0.00,0.01,2.69,0.19,0.7602,1,1,0,0.01,0.00,-0.01,0.00,0.00,0.00,0.18,210,31
33687,1.9,3.0,52.7,0.004,0.052,-1.027,5.0,-3.8,0.0,0.0130,-0.0157,-0.0539,1428,1700,1534,1714,0.00,0.01,2.69,0.19,0.7602,1,1,0,0.01,0.00,-0.01,0.00,0.00,0.00,0.16,210,31
33697,-1.4,-0.4,11.6,-0.026,0.001,-0.918,5.0,-3.7,0.0,0.0161,-0.0107,-0.0115,1536,1616,1632,1593,0.00,0.01,2.69,0.18,0.7602,1,1,0,0.01,0.00,-0.01,0.00,0.00,0.00,0.17,210,31
33707,-0.1,-0.3,-63.0,0.072,-0.083,-0.825,5.0,-3.9,0.0,0.0152,-0.0123,0.0387,1590,1516,1703,1512,0.00,0.01,2.69,0.18,0.7528,1,1,0,0.01,0.00,-0.01,0.00,0.00,0.00,0.17,210,31
33717,2.0,5.0,49.6,-0.007,0.056,-0.994,5.0,-3.9,0.0,0.0134,-0.0202,-0.0574,1399,1680,1532,1709,0.00,0.01,2.69,0.18,0.7528,1,1,0,0.01,0.00,-0.01,0.00,0.00,0.00,0.18,210,31
33728,1.1,-4.9,21.3,-0.035,0.102,-1.165,5.0,-3.8,0.0,0.0138,-0.0076,-0.0287,1497,1625,1592,1607,0.00,0.01,2.69,0.18,0.7528,1,1,0,0.01,0.00,-0.01,0.00,0.00,0.00,0.18,210,31
33738,1.0,-10.8,-68.0,0.088,-0.025,-1.100,5.0,-3.8,0.0,0.0140,-0.0018,0.0426,1617,1523,1689,1492,0.00,0.01,2.69,0.18,0.7528,1,1,0,0.01,0.00,-0.01,0.00,0.00,0.00,0.18,210,31
33748,0.7,-1.1,41.6,-0.004,-0.001,-1.049,5.0,-3.8,0.0,0.0130,-0.0115,-0.0510,1430,1684,1523,1683,0.00,0.01,2.69,0.18,0.7528,1,1,0,0.01,0.00,-0.01,0.00,0.00,0.00,0.17,210,31
33758,-2.1,-1.8,28.0,-0.055,0.023,-0.977,5.0,-3.7,0.0,0.0171,-0.0107,-0.0341,1493,1638,1583,1607,0.00,0.01,2.69,0.18,0.7528,1,1,0,0.01,0.00,-0.01,0.00,0.00,0.00,0.16,210,31
33768,-1.4,-4.5,-66.5,0.062,-0.070,-0.883,5.0,-3.8,0.0,0.0165,-0.0081,0.0415,1605,1519,1700,1488,0.00,0.01,2.69,0.18,0.7516,1,1,0,0.01,0.00,-0.01,0.00,0.00,0.00,0.16,210,31
33778,1.4,2.5,40.1,-0.008,0.035,-1.032,5.0,-3.9,0.0,0.0141,-0.0160,-0.0511,1424,1671,1538,1678,0.00,0.01,2.69,0.18,0.7516,1,1,0,0.01,0.00,-0.02,0.00,0.00,0.00,0.16,210,31
33788,0.0,-3.6,34.0,-0.032,0.106,-1.168,4.9,-3.8,0.0,0.0151,-0.0089,-0.0343,1476,1645,1569,1622,0.00,0.01,2.69,0.18,0.7516,1,1,0,0.01,0.00,-0.01,0.00,0.00,0.00,0.17,210,31
33798,0.5,-8.7,-71.6,0.076,-0.031,-1.110,4.9,-3.8,0.0,0.0144,-0.0038,0.0455,1625,1516,1694,1477,0.00,0.01,2.69,0.18,0.7516,1,1,0,0.01,0.00,-0.01,0.00,0.00,0.00,0.19,209,31
33808,-0.1,0.0,30.0,0.008,-0.007,-1.074,4.9,-3.8,0.0,0.0140,-0.0112,-0.0431,1449,1665,1544,1654,0.00,0.01,2.69,0.18,0.7516,1,1,0,0.01,0.00,-0.02,0.00,0.00,0.00,0.21,209,31
33818,-2.3,-1.2,36.7,-0.050,0.034,-1.021,4.9,-3.7,0.0,0.0172,-0.0101,-0.0383,1470,1656,1563,1623,0.00,0.01,2.69,0.18,0.7516,1,1,0,0.01,0.00,-0.02,0.00,0.00,0.00,0.19,209,31
33828,-1.8,-1.6,-69.0,0.056,-0.064,-0.868,5.0,-3.8,0.0,0.0169,-0.0110,0.0435,1613,1511,1709,1479,0.00,0.01,2.69,0.18,0.7516,1,1,0,0.01,0.00,-0.02,0.00,0.00,0.00,0.16,209,31
33838,0.5,6.6,32.0,-0.002,-0.005,-0.951,5.0,-3.8,0.0,0.0144,-0.0194,-0.0374,1426,1663,1550,1672,0.00,0.01,2.69,0.18,0.7516,1,1,0,0.01,0.00,-0.02,0.00,0.00,0.00,0.18,209,31
33848,-0.3,1.9,43.6,-0.041,0.101,-1.105,5.0,-3.8,0.0,0.0157,-0.0142,-0.0444,1446,1659,1559,1648,0.00,0.01,2.69,0.18,0.7516,1,1,0,0.01,0.00,-0.02,0.00,0.00,0.00,0.19,210,31
33859,1.1,-4.1,-69.9,0.085,-0.013,-1.089,5.0,-3.8,0.0,0.0141,-0.0081,0.0448,1619,1506,1704,1482,0.00,0.01,2.69,0.18,0.7516,1,1,0,0.01,0.00,-0.02,0.00,0.00,0.00,0.18,210,31
33869,0.7,3.9,13.6,0.042,-0.034,-1.045,5.0,-3.8,0.0,0.0138,-0.0161,-0.0282,1459,1638,1569,1646,0.00,0.01,2.69,0.18,0.7516,1,1,0,0.01,0.00,-0.02,0.00,0.00,0.00,0.18,210,31
33879,-1.0,3.5,50.1,-0.033,0.045,-0.994,5.0,-3.7,0.0,0.0161,-0.0162,-0.0518,1445,1664,1551,1651,0.00,0.01,2.69,0.18,0.7516,1,1,0,0.01,0.00,-0.02,0.00,0.00,0.00,0.17,210,31
33889,-1.8,0.1,-65.4,0.058,-0.068,-0.828,5.0,-3.8,0.0,0.0172,-0.0117,0.0437,1606,1506,1715,1485,0.00,0.01,2.68,0.18,0.7516,1,1,0,0.01,0.00,-0.02,0.00,0.00,0.00,0.17,210,31
33899,0.7,8.6,11.4,0.018,-0.042,-0.875,5.0,-3.9,0.0,0.0143,-0.0215,-0.0209,1448,1627,1586,1650,0.00,0.01,2.69,0.18,0.7516,1,1,0,0.01,0.00,-0.03,0.00,0.00,0.00,0.18,210,31
33909,1.7,5.0,58.7,-0.028,0.123,-1.050,5.0,-3.8,0.0,0.0146,-0.0179,-0.0536,1422,1668,1547,1675,0.00,0.01,2.69,0.18,0.7516,1,1,0,0.01,0.00,-0.02,0.00,0.00,0.00,0.18,210,31
33919,2.2,-3.2,-65.8,0.081,-0.015,-1.037,4.9,-3.9,0.0,0.0128,-0.0100,0.0419,1614,1500,1705,1492,0.00,0.01,2.68,0.18,0.7516,1,1,0,0.01,0.00,-0.02,0.00,0.00,0.00,0.18,210,31
33929,1.0,3.7,-0.1,0.063,-0.038,-1.045,4.9,-3.9,0.0,0.0140,-0.0166,-0.0116,1471,1612,1589,1631,0.00,0.01,2.69,0.18,0.7504,1,1,0,0.01,0.00,-0.03,0.00,0.00,0.00,0.17,210,31
33939,0.0,2.7,61.7,-0.024,0.066,-1.014,4.9,-3.8,0.0,0.0145,-0.0148,-0.0555,1415,1680,1526,1681,0.00,0.01,2.69,0.18,0.7504,1,1,0,0.01,0.00,-0.03,0.00,0.00,0.00,0.17,210,31
33950,-1.3,-2.4,-59.5,0.039,-0.060,-0.810,4.9,-3.8,0.0,0.0164,-0.0103,0.0359,1606,1505,1706,1486,0.00,0.01,2.68,0.18,0.7504,1,1,0,0.01,0.00,-0.02,0.00,0.00,0.00,0.16,209,31
33960,0.2,5.4,-1.8,0.013,-0.078,-0.802,5.0,-3.9,0.0,0.0149,-0.0183,-0.0102,1470,1608,1600,1624,0.00,0.01,2.69,0.18,0.7504,1,1,0,0.01,0.00,-0.03,0.00,0.00,0.00,0.15,209,31
33970,1.0,3.6,67.5,-0.053,0.117,-0.997,5.0,-3.8,0.0,0.0153,-0.0173,-0.0617,1397,1688,1521,1696,0.00,0.01,2.69,0.18,0.7504,1,1,0,0.01,0.00,-0.03,0.00,0.00,0.00,0.17,209,31
33980,2.2,-5.6,-58.6,0.057,0.012,-1.011,4.9,-3.9,0.0,0.0129,-0.0077,0.0366,1608,1510,1691,1494,0.00,0.01,2.68,0.18,0.7504,1,1,0,0.01,0.00,-0.03,0.00,0.00,0.00,0.18,209,31
33990,1.5,0.3,-12.3,0.061,-0.049,-1.096,4.9,-3.9,0.0,0.0135,-0.0132,-0.0019,1493,1597,1603,1610,0.00,0.01,2.69,0.18,0.7504,1,1,0,0.01,0.00,-0.03,0.00,0.00,0.00,0.18,209,31
34000,0.3,0.0,66.2,-0.023,0.099,-1.127,4.9,-3.8,0.0,0.0140,-0.0136,-0.0611,1408,1692,1512,1690,0.00,0.01,2.69,0.18,0.7504,1,1,0,0.01,0.00,-0.03,0.00,0.00,0.00,0.18,209,31
34010,-1.0,-7.2,-51.1,0.023,-0.053,-0.917,4.9,-3.8,0.0,0.0154,-0.0053,0.0337,1608,1522,1685,1487,0.00,0.01,2.68,0.18,0.7504,1,1,0,0.01,0.00,-0.03,0.00,0.00,0.00,0.17,210,31
34020,-1.4,-0.3,-17.1,0.030,-0.088,-0.870,4.9,-3.9,0.0,0.0165,-0.0125,0.0019,1514,1588,1625,1576,0.00,0.01,2.69,0.18,0.7504,1,1,0,0.01,0.00,-0.03,0.00,0.00,0.00,0.15,210,31
34030,-0.2,2.6,72.9,-0.069,0.113,-0.998,4.9,-3.8,0.0,0.0160,-0.0157,-0.0672,1388,1703,1509,1702,0.00,0.01,2.69,0.18,0.7504,1,1,0,0.01,0.00,-0.03,0.00,0.00,0.00,0.18,210,31
34040,0.6,-7.1,-46.1,0.018,0.010,-1.045,4.9,-3.8,0.0,0.0144,-0.0056,0.0252,1598,1530,1676,1498,0.00,0.01,2.68,0.18,0.7504,1,1,0,0.01,0.00,-0.03,0.00,0.00,0.00,0.20,210,31
34050,1.1,-1.8,-28.5,0.063,-0.036,-1.147,4.9,-3.9,0.0,0.0136,-0.0124,0.0016,1529,1575,1628,1570,0.00,0.01,2.69,0.18,0.7504,1,1,0,0.01,0.00,-0.03,0.00,0.00,0.00,0.20,210,31
34060,0.7,-0.5,69.1,-0.013,0.106,-1.219,4.9,-3.8,0.0,0.0141,-0.0123,-0.0666,1402,1701,1502,1697,0.00,0.01,2.69,0.18,0.7504,1,1,0,0.01,0.00,-0.01,0.00,0.00,0.00,0.20,209,31
34071,-1.7,-7.4,-42.0,0.019,-0.027,-1.032,4.9,-3.8,0.0,0.0168,-0.0053,0.0219,1588,1546,1666,1503,0.00,0.01,2.68,0.18,0.7504,1,1,0,0.01,0.00,-0.01,0.00,0.00,0.00,0.18,209,31
34081,-2.2,-0.9,-34.0,0.036,-0.114,-0.895,4.9,-3.8,0.0,0.0167,-0.0113,0.0080,1538,1570,1644,1550,0.00,0.01,2.69,0.18,0.7504,1,1,0,0.01,0.00,-0.01,0.00,0.00,0.00,0.16,209,31
34091,-1.5,2.8,75.0,-0.073,0.082,-0.965,4.9,-3.8,0.0,0.0168,-0.0150,-0.0715,1384,1715,1501,1703,0.00,0.01,2.69,0.18,0.7504,1,1,0,0.01,0.00,-0.01,0.00,0.00,0.00,0.17,209,31
34101,-0.8,-4.0,-30.1,-0.009,0.013,-0.993,4.9,-3.8,0.0,0.0161,-0.0083,0.0149,1567,1555,1659,1521,0.00,0.01,2.68,0.18,0.7504,1,1,0,0.01,0.00,-0.01,0.00,0.00,0.00,0.17,210,31
34111,0.4,0.4,-44.6,0.073,-0.050,-1.110,4.9,-3.9,0.0,0.0147,-0.0135,0.0182,1545,1555,1652,1550,0.00,0.01,2.69,0.18,0.7504,1,1,0,0.01,0.00,-0.01,0.00,0.00,0.00,0.18,210,31
34121,1.6,2.6,70.2,-0.005,0.118,-1.216,4.9,-3.8,0.0,0.0135,-0.0154,-0.0679,1393,1703,1498,1709,0.00,0.01,2.69,0.18,0.7504,1,1,0,0.01,0.00,-0.01,0.00,0.00,0.00,0.18,211,31
34131,-1.3,-4.5,-27.8,0.018,-0.022,-1.055,4.9,-3.7,0.0,0.0155,-0.0066,0.0192,1570,1556,1654,1522,0.00,0.01,2.68,0.18,0.7504,1,1,0,0.01,0.00,-0.01,0.00,0.00,0.00,0.17,211,31
34141,-2.5,0.2,-49.0,0.062,-0.110,-0.901,4.9,-3.8,0.0,0.0177,-0.0131,0.0274,1555,1548,1665,1530,0.00,0.01,2.69,0.18,0.7498,1,1,0,0.01,0.00,-0.01,0.00,0.00,0.00,0.17,211,31
34151,-1.1,6.4,72.4,-0.051,0.074,-0.912,4.9,-3.8,0.0,0.0163,-0.0192,-0.0696,1377,1705,1507,1709,0.00,0.01,2.69,0.18,0.7498,1,1,0,0.01,0.00,-0.01,0.00,0.00,0.00,0.16,210,31
34161,-1.6,-0.7,-16.3,-0.028,0.015,-0.897,4.9,-3.8,0.0,0.0177,-0.0103,0.0099,1528,1557,1634,1529,0.00,0.01,2.68,0.18,0.7431,1,1,0,0.01,0.00,-0.01,0.00,0.00,0.00,0.15,210,31
34171,0.3,3.1,-54.6,0.081,-0.048,-1.012,4.9,-3.9,0.0,0.0148,-0.0160,0.0319,1544,1519,1664,1521,0.00,0.01,2.69,0.18,0.7431,1,1,0,0.01,0.00,-0.01,0.00,0.00,0.00,0.16,210,31
34182,2.2,8.6,66.1,0.009,0.102,-1.165,4.9,-3.8,0.0,0.0128,-0.0216,-0.0658,1368,1675,1499,1706,0.00,0.01,2.69,0.18,0.7431,1,1,0,0.01,0.00,-0.01,0.00,0.00,0.00,0.18,210,31
34192,-0.2,-0.4,-14.3,0.043,0.009,-1.090,4.9,-3.8,0.0,0.0153,-0.0122,0.0027,1527,1552,1629,1539,0.00,0.01,2.68,0.18,0.7431,1,1,0,0.01,0.00,-0.01,0.00,0.00,0.00,0.18,211,31
34202,-0.4,1.4,-58.5,0.104,-0.096,-0.968,4.9,-3.9,0.0,0.0155,-0.0144,0.0351,1559,1497,1675,1497,0.00,0.01,2.69,0.18,0.7406,1,1,0,0.01,0.00,-0.01,0.00,0.00,0.00,0.18,211,31
34212,0.0,6.8,65.9,-0.022,0.056,-0.949,4.9,-3.9,0.0,0.0153,-0.0194,-0.0669,1365,1676,1497,1691,0.00,0.01,2.69,0.18,0.7406,1,1,0,0.01,0.00,-0.01,0.00,0.00,0.00,0.16,210,31
34222,-2.2,-1.3,-3.4,-0.036,0.004,-0.887,4.9,-3.8,0.0,0.0176,-0.0112,-0.0057,1505,1569,1612,1542,0.00,0.01,2.69,0.17,0.7406,1,1,0,0.01,0.00,-0.01,0.00,0.00,0.00,0.15,210,31
34232,-0.9,0.4,-60.6,0.064,-0.073,-0.873,4.9,-3.9,0.0,0.0160,-0.0134,0.0367,1563,1499,1678,1489,0.00,0.01,2.69,0.17,0.7406,1,1,0,0.01,0.00,-0.01,0.00,0.00,0.00,0.17,210,31
34242,2.5,8.8,62.5,-0.012,0.091,-1.003,4.9,-3.9,0.0,0.0128,-0.0217,-0.0634,1366,1668,1498,1697,0.00,0.01,2.69,0.17,0.7406,1,1,0,0.01,0.00,-0.01,0.00,0.00,0.00,0.19,210,31
34252,0.0,1.3,5.3,-0.002,0.054,-1.080,4.9,-3.8,0.0,0.0151,-0.0142,-0.0159,1493,1571,1604,1561,0.00,0.01,2.69,0.17,0.7406,1,1,0,0.01,0.00,-0.01,0.00,0.00,0.00,0.19,211,31
34262,0.7,0.1,-68.3,0.127,-0.055,-1.027,4.9,-3.9,0.0,0.0144,-0.0137,0.0416,1575,1484,1685,1485,0.00,0.01,2.69,0.18,0.7406,1,1,0,0.01,0.00,-0.01,0.00,0.00,0.00,0.19,211,31
34272,1.3,6.8,55.1,0.023,0.037,-1.057,4.9,-3.9,0.0,0.0135,-0.0207,-0.0592,1374,1660,1505,1690,0.00,0.01,2.69,0.18,0.7406,1,1,0,0.01,0.00,-0.01,0.01,0.00,0.00,0.18,212,31
34282,-1.2,-0.3,11.4,-0.009,0.015,-0.975,4.9,-3.8,0.0,0.0164,-0.0125,-0.0208,1488,1578,1597,1566,0.00,0.01,2.69,0.17,0.7406,1,1,0,0.01,0.00,-0.01,0.00,0.00,0.00,0.16,212,31
34293,-0.7,-2.5,-67.7,0.083,-0.084,-0.831,4.9,-3.9,0.0,0.0158,-0.0118,0.0397,1580,1490,1685,1475,0.00,0.01,2.69,0.17,0.7406,1,1,0,0.01,0.00,-0.01,0.00,0.00,0.00,0.18,212,31
34303,1.3,6.6,53.0,-0.031,0.034,-0.905,4.9,-3.9,0.0,0.0138,-0.0195,-0.0541,1376,1663,1504,1680,0.00,0.01,2.69,0.18,0.7400,1,1,0,0.01,0.00,-0.02,0.01,0.00,0.00,0.19,211,31
34313,-0.6,1.2,19.8,-0.053,0.056,-0.934,4.9,-3.8,0.0,0.0158,-0.0141,-0.0275,1470,1594,1583,1578,0.00,0.01,2.69,0.18,0.7400,1,1,0,0.01,0.00,-0.01,0.00,0.00,0.00,0.19,211,31
34323,0.7,-0.1,-68.8,0.086,-0.045,-0.951,4.9,-3.9,0.0,0.0152,-0.0132,0.0400,1578,1484,1686,1477,0.00,0.01,2.69,0.18,0.7400,1,1,0,0.01,0.00,-0.01,0.00,0.00,0.00,0.18,210,31
34333,3.0,8.2,47.9,0.022,0.055,-1.068,4.9,-3.9,0.0,0.0121,-0.0215,-0.0524,1384,1646,1513,1681,0.00,0.01,2.69,0.18,0.7400,1,1,0,0.01,0.00,-0.02,0.01,0.00,0.00,0.17,210,31
34343,0.8,2.1,21.8,0.006,0.050,-1.086,4.8,-3.8,0.0,0.0143,-0.0151,-0.0291,1463,1585,1577,1590,0.00,0.01,2.69,0.18,0.7388,1,1,0,0.01,0.00,-0.01,0.00,0.00,0.00,0.16,211,31
34353,0.2,-1.4,-71.4,0.109,-0.074,-0.962,4.9,-3.9,0.0,0.0149,-0.0122,0.0450,1583,1474,1690,1468,0.00,0.01,2.69,0.18,0.7388,1,1,0,0.01,0.00,-0.01,0.00,0.00,0.00,0.17,211,31
34363,0.9,3.8,39.4,0.003,-0.008,-0.944,4.9,-3.9,0.0,0.0143,-0.0168,-0.0433,1394,1641,1519,1661,0.00,0.01,2.69,0.18,0.7388,1,1,0,0.01,0.00,-0.02,0.01,0.00,0.00,0.18,211,31
34373,-0.9,-0.8,34.4,-0.066,0.056,-0.920,4.9,-3.8,0.0,0.0161,-0.0122,-0.0364,1442,1618,1550,1605,0.00,0.01,2.69,0.18,0.7388,1,1,0,0.01,0.00,-0.02,0.00,0.00,0.00,0.18,211,30
34383,-0.2,-3.1,-70.1,0.047,-0.055,-0.822,4.9,-3.9,0.0,0.0156,-0.0101,0.0443,1585,1480,1686,1460,0.00,0.01,2.69,0.18,0.7382,1,1,0,0.01,0.00,-0.02,0.00,0.00,0.00,0.18,211,30
34393,1.6,5.7,37.3,-0.010,0.027,-0.913,4.9,-3.9,0.0,0.0136,-0.0187,-0.0416,1392,1642,1518,1658,0.00,0.01,2.69,0.18,0.7382,1,1,0,0.01,0.00,-0.02,0.01,0.00,0.00,0.17,210,30
34404,0.2,2.3,42.8,-0.027,0.087,-1.045,4.9,-3.8,0.0,0.0150,-0.0152,-0.0459,1425,1622,1543,1620,0.00,0.01,2.69,0.17,0.7382,1,1,0,0.01,0.00,-0.02,0.00,0.00,0.00,0.16,210,30
34414,1.1,-0.5,-72.2,0.097,-0.030,-1.018,4.9,-3.9,0.0,0.0143,-0.0138,0.0463,1584,1467,1693,1466,0.00,0.01,2.69,0.17,0.7382,1,1,0,0.01,0.00,-0.02,0.00,0.00,0.00,0.18,209,30
34424,1.9,5.6,24.6,0.051,-0.024,-1.046,4.9,-3.9,0.0,0.0133,-0.0207,-0.0399,1401,1623,1533,1654,0.00,0.01,2.69,0.17,0.7382,1,1,0,0.01,0.00,-0.02,0.01,0.00,0.00,0.20,209,30
34434,0.0,-0.1,46.9,-0.010,0.067,-1.047,4.9,-3.8,0.0,0.0151,-0.0128,-0.0492,1422,1626,1535,1627,0.00,0.01,2.69,0.18,0.7382,1,1,0,0.01,0.00,0.00,0.00,0.00,0.00,0.19,210,31
34444,0.4,-5.2,-70.6,0.071,-0.063,-0.907,4.9,-3.9,0.0,0.0146,-0.0099,0.0469,1593,1469,1691,1456,0.00,0.01,2.69,0.18,0.7382,1,1,0,0.01,0.00,0.00,0.00,0.00,0.00,0.19,210,31
34454,0.4,2.7,19.9,0.000,-0.025,-0.896,4.9,-3.9,0.0,0.0148,-0.0161,-0.0304,1414,1623,1537,1636,0.00,0.01,2.69,0.18,0.7382,1,1,0,0.01,0.00,0.00,0.00,0.00,0.00,0.18,211,31
34464,-0.2,0.2,53.9,-0.065,0.089,-0.932,4.9,-3.8,0.0,0.0155,-0.0132,-0.0548,1410,1644,1519,1629,0.00,0.01,2.69,0.18,0.7370,1,1,0,0.01,0.00,0.00,0.00,0.00,0.00,0.17,211,31
34474,1.0,-3.8,-67.2,0.052,-0.014,-0.889,4.9,-3.8,0.0,0.0150,-0.0091,0.0443,1589,1477,1682,1453,0.00,0.01,2.68,0.18,0.7370,1,1,0,0.01,0.00,0.00,0.00,0.00,0.00,0.18,211,31
34484,0.9,7.0,12.7,0.024,-0.017,-0.974,4.9,-3.9,0.0,0.0144,-0.0207,-0.0311,1412,1606,1545,1629,0.00,0.01,2.69,0.18,0.7358,1,1,0,0.01,0.00,0.00,0.00,0.00,0.00,0.19,210,31
34494,0.7,5.7,56.4,-0.003,0.102,-1.095,4.9,-3.8,0.0,0.0145,-0.0187,-0.0568,1391,1634,1519,1647,0.00,0.01,2.69,0.18,0.7358,1,1,0,0.01,0.00,0.00,0.00,0.00,0.00,0.18,210,31
34504,1.8,-3.4,-67.0,0.113,-0.033,-0.993,4.9,-3.9,0.0,0.0135,-0.0114,0.0451,1573,1451,1673,1445,0.00,0.01,2.68,0.18,0.7291,1,1,0,0.01,0.00,0.00,0.00,0.00,0.00,0.18,210,31
34515,1.0,3.9,1.3,0.062,-0.064,-1.007,4.9,-3.9,0.0,0.0142,-0.0170,-0.0128,1410,1578,1546,1608,0.00,0.01,2.69,0.18,0.7291,1,1,0,0.01,0.00,0.00,0.00,0.00,0.00,0.18,210,31
34525,0.0,2.1,62.9,-0.035,0.091,-1.036,4.9,-3.8,0.0,0.0154,-0.0156,-0.0603,1374,1631,1499,1637,0.00,0.01,2.69,0.18,0.7291,1,1,0,0.01,0.00,0.00,0.00,0.00,0.00,0.17,211,31
34535,0.5,-7.5,-62.8,0.057,-0.040,-0.898,4.9,-3.8,0.0,0.0147,-0.0059,0.0401,1576,1462,1665,1438,0.00,0.01,2.68,0.18,0.7291,1,1,0,0.01,0.00,0.00,0.00,0.00,0.00,0.17,211,31
34545,-0.5,1.8,-3.2,0.024,-0.055,-0.908,4.9,-3.9,0.0,0.0159,-0.0148,-0.0091,1435,1573,1557,1576,0.00,0.01,2.69,0.18,0.7291,1,1,0,0.01,0.00,0.00,0.00,0.00,0.00,0.16,211,31
34555,1.0,3.6,67.1,-0.057,0.119,-0.977,4.9,-3.8,0.0,0.0146,-0.0163,-0.0640,1369,1645,1486,1641,0.00,0.01,2.69,0.18,0.7291,1,1,0,0.01,0.00,0.00,0.00,0.00,0.00,0.17,211,31
34565,0.8,-3.6,-59.7,0.034,-0.023,-0.893,4.9,-3.8,0.0,0.0146,-0.0088,0.0378,1575,1469,1659,1437,0.00,0.01,2.68,0.18,0.7291,1,1,0,0.01,0.00,0.00,0.00,0.00,0.00,0.18,211,31
34575,-0.1,6.7,-11.2,0.049,-0.060,-0.961,4.9,-3.9,0.0,0.0155,-0.0198,-0.0027,1440,1558,1572,1571,0.00,0.01,2.69,0.18,0.7291,1,1,0,0.01,0.00,0.00,0.00,0.00,0.00,0.19,210,31
34585,1.0,8.8,67.2,-0.010,0.112,-1.077,4.9,-3.8,0.0,0.0151,-0.0209,-0.0620,1357,1640,1490,1654,0.00,0.01,2.69,0.18,0.7291,1,1,0,0.01,0.00,0.00,0.00,0.00,0.00,0.19,210,31
34595,0.9,0.4,-55.1,0.082,-0.032,-1.011,4.9,-3.8,0.0,0.0144,-0.0135,0.0324,1558,1464,1661,1458,0.00,0.01,2.68,0.18,0.7291,1,1,0,0.01,0.00,0.00,0.00,0.00,0.00,0.17,209,31
34605,0.1,5.8,-21.0,0.098,-0.082,-1.021,4.9,-3.9,0.0,0.0150,-0.0206,-0.0036,1447,1541,1584,1564,0.00,0.01,2.69,0.18,0.7284,1,1,0,0.01,0.00,0.00,0.00,0.00,0.00,0.16,209,31
34616,0.6,5.5,69.8,-0.008,0.086,-1.069,4.9,-3.8,0.0,0.0147,-0.0186,-0.0675,1356,1643,1484,1653,0.00,0.01,2.69,0.18,0.7284,1,1,0,0.01,0.00,0.00,0.00,0.00,0.00,0.18,209,31
34626,-0.6,-3.3,-46.1,0.042,-0.027,-0.954,4.9,-3.8,0.0,0.0157,-0.0101,0.0320,1553,1476,1651,1456,0.00,0.01,2.68,0.18,0.7284,1,1,0,0.01,0.00,0.00,0.00,0.00,0.00,0.19,209,31
34636,-1.0,1.9,-28.4,0.049,-0.077,-0.915,4.9,-3.9,0.0,0.0164,-0.0150,0.0109,1463,1544,1584,1545,0.00,0.01,2.69,0.18,0.7284,1,1,0,0.01,0.00,0.00,0.00,0.00,0.00,0.19,209,31
34646,0.0,4.7,71.2,-0.051,0.105,-1.006,4.9,-3.8,0.0,0.0159,-0.0158,-0.0671,1353,1661,1469,1655,0.00,0.01,2.69,0.18,0.7284,1,1,0,0.01,0.00,0.00,0.00,0.00,0.00,0.18,209,31
34656,-0.2,-2.0,-36.9,-0.013,-0.008,-0.941,4.9,-3.8,0.0,0.0158,-0.0090,0.0227,1553,1494,1634,1455,0.00,0.01,2.68,0.18,0.7284,1,1,0,0.01,0.00,0.00,0.00,0.00,0.00,0.17,209,31
34666,-1.3,3.9,-33.5,0.041,-0.064,-0.950,4.9,-3.9,0.0,0.0167,-0.0170,0.0150,1483,1531,1601,1521,0.00,0.01,2.69,0.18,0.7284,1,1,0,0.01,0.00,0.00,0.00,0.00,0.00,0.17,209,31
34676,0.2,8.0,68.4,-0.017,0.105,-1.059,4.9,-3.8,0.0,0.0154,-0.0183,-0.0662,1351,1657,1470,1658,0.00,0.01,2.69,0.18,0.7284,1,1,0,0.01,0.00,0.00,0.00,0.00,0.00,0.18,209,31
34686,0.0,1.3,-29.9,0.027,-0.011,-1.042,4.9,-3.8,0.0,0.0153,-0.0143,0.0122,1538,1498,1629,1472,0.00,0.01,2.68,0.18,0.7284,1,1,0,0.01,0.00,0.00,0.00,0.00,0.00,0.19,209,31
34696,-0.2,4.3,-40.0,0.093,-0.076,-1.045,4.9,-3.9,0.0,0.0157,-0.0175,0.0202,1490,1513,1616,1517,0.00,0.01,2.69,0.18,0.7284,1,1,0,0.01,0.00,0.00,0.00,0.00,0.00,0.18,209,31
34706,0.4,6.3,66.6,-0.006,0.078,-1.140,4.9,-3.8,0.0,0.0150,-0.0184,-0.0652,1346,1648,1469,1656,0.00,0.01,2.69,0.18,0.7260,1,1,0,0.01,0.00,0.00,0.00,0.00,0.00,0.18,209,31
34717,-1.7,-3.0,-24.5,0.017,-0.008,-1.041,4.9,-3.8,0.0,0.0171,-0.0100,0.0079,1527,1499,1618,1474,0.00,0.01,2.68,0.18,0.7260,1,1,0,0.01,0.00,0.00,0.00,0.00,0.00,0.18,209,31
34727,-0.7,-2.7,-44.7,0.071,-0.078,-0.990,4.9,-3.9,0.0,0.0159,-0.0110,0.0176,1502,1512,1606,1498,0.00,0.01,2.69,0.18,0.7260,1,1,0,0.01,0.00,0.00,0.00,0.00,0.00,0.17,209,31
34737,0.1,-0.2,66.9,-0.043,0.079,-1.069,4.9,-3.8,0.0,0.0153,-0.0119,-0.0661,1353,1662,1455,1647,0.00,0.01,2.69,0.18,0.7260,1,1,0,0.01,0.00,0.00,0.00,0.00,0.00,0.16,209,30
34747,-1.4,-7.4,-18.6,-0.043,0.007,-0.997,4.9,-3.8,0.0,0.0169,-0.0055,0.0032,1518,1527,1593,1480,0.00,0.01,2.69,0.18,0.7260,1,1,0,0.01,0.00,0.00,0.00,0.00,0.00,0.16,209,30
34757,-1.0,-5.0,-46.8,0.024,-0.057,-0.953,4.9,-3.8,0.0,0.0160,-0.0066,0.0192,1515,1519,1599,1485,0.00,0.01,2.69,0.18,0.7260,1,1,0,0.01,0.00,0.00,0.00,0.00,0.00,0.17,208,30
34767,0.5,0.5,66.4,-0.052,0.106,-1.043,4.9,-3.8,0.0,0.0149,-0.0126,-0.0656,1341,1648,1439,1634,0.00,0.01,2.69,0.18,0.7187,1,1,0,0.01,0.00,0.00,0.00,0.00,0.00,0.18,209,30
34777,-0.8,-4.0,-14.0,-0.039,0.014,-1.022,4.9,-3.8,0.0,0.0163,-0.0090,-0.0004,1495,1514,1576,1477,0.00,0.01,2.69,0.18,0.7187,1,1,0,0.01,0.00,0.00,0.00,0.00,0.00,0.19,209,30
34787,-0.1,-1.2,-52.3,0.061,-0.057,-0.982,4.9,-3.9,0.0,0.0158,-0.0113,0.0238,1501,1488,1603,1470,0.00,0.01,2.69,0.18,0.7187,1,1,0,0.01,0.00,0.00,0.00,0.00,0.00,0.20,210,30
34797,1.4,3.9,66.0,-0.022,0.078,-1.069,4.9,-3.9,0.0,0.0140,-0.0170,-0.0654,1331,1637,1448,1647,0.00,0.01,2.69,0.18,0.7187,1,1,0,0.01,0.00,0.00,0.00,0.00,0.00,0.18,209,31
34807,-0.3,-1.6,-9.4,0.003,0.009,-1.038,4.9,-3.9,0.0,0.0157,-0.0114,-0.0041,1479,1508,1579,1496,0.00,0.01,2.69,0.18,0.7187,1,1,0,0.01,0.00,0.00,0.00,0.00,0.00,0.16,209,31
34817,0.8,-0.7,-55.7,0.085,-0.064,-0.993,4.9,-4.0,0.0,0.0144,-0.0149,0.0276,1502,1468,1619,1474,0.00,0.01,2.69,0.18,0.7187,1,1,0,0.01,0.00,0.00,0.00,0.00,0.00,0.18,209,31
34827,1.8,3.9,62.8,0.006,0.065,-1.059,4.9,-3.9,0.0,0.0136,-0.0180,-0.0629,1316,1611,1442,1634,0.00,0.01,2.69,0.18,0.7107,1,1,0,0.01,0.00,0.00,0.00,0.00,0.00,0.20,210,31
34837,-0.4,-2.2,-3.8,0.001,0.015,-1.021,4.9,-3.9,0.0,0.0158,-0.0109,-0.0086,1449,1498,1563,1492,0.00,0.01,2.69,0.18,0.7107,1,1,0,0.01,0.00,-0.02,-0.01,0.00,0.00,0.19,210,31
34848,0.1,-3.4,-57.2,0.091,-0.067,-0.949,4.9,-4.0,0.0,0.0151,-0.0136,0.0293,1498,1445,1607,1439,0.00,0.01,2.69,0.18,0.7089,1,1,0,0.01,0.00,-0.02,0.00,0.00,0.00,0.17,210,31
34858,1.8,1.8,59.6,-0.002,0.075,-1.025,4.9,-4.0,0.0,0.0138,-0.0169,-0.0618,1315,1608,1439,1626,0.00,0.01,2.69,0.18,0.7089,1,1,0,0.01,0.00,-0.03,0.00,0.00,0.00,0.16,210,31
34868,-0.2,-2.4,-1.4,-0.022,0.024,-1.019,4.9,-3.9,0.0,0.0156,-0.0107,-0.0105,1436,1514,1541,1498,0.00,0.01,2.69,0.18,0.7089,1,1,0,0.01,0.00,-0.02,-0.01,0.00,0.00,0.17,209,31
34878,-0.9,-3.6,-58.8,0.071,-0.060,-0.936,4.9,-3.9,0.0,0.0165,-0.0105,0.0307,1504,1451,1606,1428,0.00,0.01,2.69,0.18,0.7089,1,1,0,0.01,0.00,-0.02,0.00,0.00,0.00,0.18,209,31
34888,0.6,1.8,57.4,-0.021,0.062,-1.033,4.9,-3.9,0.0,0.0148,-0.0150,-0.0577,1323,1617,1433,1615,0.00,0.01,2.69,0.18,0.7089,1,1,0,0.01,0.00,-0.03,0.00,0.00,0.00,0.18,208,31
34898,-0.9,-3.7,6.3,-0.059,0.043,-1.022,4.9,-3.8,0.0,0.0166,-0.0075,-0.0082,1436,1530,1527,1496,0.00,0.01,2.69,0.18,0.7089,1,1,0,0.01,0.00,-0.02,-0.01,0.00,0.00,0.18,207,31
34908,-1.2,-4.4,-61.9,0.034,-0.038,-0.959,4.9,-3.9,0.0,0.0169,-0.0072,0.0351,1514,1457,1602,1416,0.00,0.01,2.69,0.18,0.7089,1,1,0,0.01,0.00,-0.02,-0.01,0.00,0.00,0.18,207,31
34918,0.0,0.7,55.4,-0.049,0.047,-1.028,4.9,-3.8,0.0,0.0154,-0.0138,-0.0560,1332,1622,1427,1607,0.00,0.01,2.69,0.18,0.7089,1,1,0,0.01,0.00,-0.03,0.00,0.00,0.00,0.17,207,31
34928,-1.0,-4.8,9.7,-0.057,0.051,-1.027,4.8,-3.8,0.0,0.0159,-0.0054,-0.0110,1434,1535,1514,1496,0.00,0.01,2.69,0.18,0.7077,1,1,0,0.01,0.00,-0.02,-0.01,0.00,0.00,0.17,209,31
34938,0.0,-5.4,-63.7,0.039,-0.042,-0.964,4.9,-3.9,0.0,0.0154,-0.0077,0.0392,1517,1448,1601,1413,0.00,0.01,2.69,0.18,0.7077,1,1,0,0.01,0.00,-0.02,-0.01,0.00,0.00,0.16,209,31
34949,0.8,3.1,51.4,-0.032,0.047,-1.012,4.9,-3.9,0.0,0.0145,-0.0147,-0.0582,1310,1595,1417,1593,0.00,0.01,2.69,0.18,0.6992,1,1,0,0.01,0.00,-0.03,0.00,0.00,0.00,0.17,209,31
34959,0.3,-1.5,18.0,-0.036,0.058,-0.996,4.8,-3.8,0.0,0.0151,-0.0116,-0.0261,1404,1516,1497,1498,0.00,0.01,2.69,0.18,0.6992,1,1,0,0.01,0.00,-0.02,-0.01,0.00,0.00,0.18,209,31
34969,1.1,-1.4,-65.6,0.076,-0.052,-0.924,4.9,-3.9,0.0,0.0143,-0.0117,0.0407,1496,1415,1599,1405,0.00,0.01,2.69,0.18,0.6992,1,1,0,0.01,0.00,-0.02,0.00,0.00,0.00,0.18,209,31
34979,1.6,8.4,47.2,0.002,0.037,-0.989,4.9,-3.9,0.0,0.0142,-0.0214,-0.0553,1307,1570,1442,1597,0.00,0.01,2.69,0.18,0.6992,1,1,0,0.01,0.00,-0.03,0.00,0.00,0.00,0.19,209,31
34989,-0.8,4.6,21.3,-0.008,0.034,-0.989,4.8,-3.8,0.0,0.0162,-0.0178,-0.0287,1371,1500,1492,1497,0.00,0.01,2.69,0.18,0.6918,1,1,0,0.01,0.00,-0.02,-0.01,0.00,0.00,0.18,209,31
34999,0.0,3.1,-68.8,0.099,-0.072,-0.925,4.8,-3.9,0.0,0.0156,-0.0165,0.0428,1479,1391,1599,1391,0.00,0.01,2.69,0.18,0.6918,1,1,0,0.01,0.00,-0.02,-0.01,0.00,0.00,0.17,209,31
35009,0.6,11.4,42.8,0.017,-0.002,-1.014,4.8,-3.9,0.0,0.0152,-0.0230,-0.0525,1293,1549,1438,1579,0.00,0.01,2.69,0.18,0.6918,1,1,0,0.01,0.00,-0.03,0.00,0.00,0.00,0.18,209,31
35019,-2.1,3.7,26.8,-0.019,0.027,-1.043,4.8,-3.8,0.0,0.0175,-0.0169,-0.0331,1365,1515,1481,1500,0.00,0.01,2.69,0.18,0.6918,1,1,0,0.01,0.00,-0.03,0.01,0.00,0.00,0.20,210,31
35029,0.0,-1.0,-69.2,0.090,-0.070,-0.969,4.8,-3.9,0.0,0.0153,-0.0116,0.0418,1493,1393,1595,1379,0.00,0.01,2.69,0.18,0.6918,1,1,0,0.01,0.00,-0.01,0.00,0.00,0.00,0.21,211,31
35039,1.1,7.0,37.5,0.007,-0.009,-1.023,4.8,-3.9,0.0,0.0141,-0.0201,-0.0465,1305,1551,1432,1572,0.00,0.01,2.69,0.18,0.6918,1,1,0,0.01,0.00,-0.02,0.01,0.00,0.00,0.19,210,31
35049,-0.8,1.7,31.7,-0.026,0.045,-1.015,4.8,-3.9,0.0,0.0163,-0.0150,-0.0370,1348,1528,1463,1521,0.00,0.01,2.69,0.18,0.6918,1,1,0,0.01,0.00,-0.02,0.00,0.00,0.00,0.17,210,31
35059,0.5,-0.4,-70.5,0.101,-0.071,-0.908,4.8,-4.0,0.0,0.0149,-0.0140,0.0437,1493,1384,1602,1381,0.00,0.01,2.69,0.18,0.6918,1,1,0,0.01,0.00,-0.02,0.00,0.00,0.00,0.17,209,31
35070,1.1,10.4,34.6,0.038,-0.003,-0.973,4.8,-4.0,0.0,0.0144,-0.0238,-0.0394,1297,1538,1446,1575,0.00,0.01,2.69,0.18,0.6912,1,1,0,0.01,0.00,-0.02,0.01,0.00,0.00,0.16,209,31
35080,-1.6,6.9,34.9,-0.017,0.032,-1.006,4.8,-3.9,0.0,0.0171,-0.0202,-0.0396,1330,1525,1468,1532,0.00,0.01,2.69,0.18,0.6912,1,1,0,0.01,0.00,-0.02,0.00,0.00,0.00,0.18,209,31
35090,-0.2,1.9,-71.3,0.105,-0.081,-0.943,4.8,-3.9,0.0,0.0158,-0.0150,0.0447,1490,1381,1607,1378,0.00,0.01,2.69,0.18,0.6912,1,1,0,0.01,0.00,-0.02,0.01,0.00,0.00,0.19,209,31
35100,0.2,9.5,29.9,0.026,-0.031,-1.016,4.8,-3.9,0.0,0.0153,-0.0229,-0.0357,1316,1528,1457,1555,0.00,0.01,2.69,0.18,0.6912,1,1,0,0.01,0.00,-0.02,0.01,0.00,0.00,0.18,210,31
35110,-1.6,3.6,42.3,-0.022,0.033,-1.054,4.8,-3.9,0.0,0.0171,-0.0164,-0.0432,1331,1540,1452,1532,0.00,0.01,2.69,0.18,0.6912,1,1,0,0.01,0.00,-0.02,0.01,0.00,0.00,0.18,210,31
35120,0.1,-2.1,-70.1,0.093,-0.056,-0.952,4.8,-3.9,0.0,0.0153,-0.0111,0.0444,1499,1386,1598,1372,0.00,0.01,2.69,0.18,0.6912,1,1,0,0.01,0.00,-0.02,0.01,0.00,0.00,0.17,210,31
35130,1.1,6.5,22.6,0.033,-0.038,-0.976,4.8,-4.0,0.0,0.0138,-0.0207,-0.0378,1325,1520,1455,1546,0.00,0.01,2.69,0.18,0.6900,1,1,0,0.01,0.00,-0.02,0.01,0.00,0.00,0.16,209,31
35140,-0.5,4.9,48.4,-0.008,0.063,-1.005,4.8,-3.9,0.0,0.0160,-0.0183,-0.0504,1318,1535,1450,1543,0.00,0.01,2.69,0.18,0.6900,1,1,0,0.01,0.00,-0.02,0.01,0.00,0.00,0.17,209,31
35150,0.0,2.2,-69.9,0.096,-0.074,-0.921,4.8,-4.0,0.0,0.0155,-0.0161,0.0450,1487,1372,1609,1377,0.00,0.01,2.69,0.18,0.6900,1,1,0,0.01,0.00,-0.02,0.01,0.00,0.00,0.19,209,31
35161,0.0,11.6,16.8,0.051,-0.051,-0.980,4.8,-4.0,0.0,0.0156,-0.0253,-0.0281,1320,1507,1475,1543,0.00,0.01,2.69,0.18,0.6900,1,1,0,0.01,0.00,-0.02,0.01,0.00,0.00,0.18,209,31
35171,-1.2,6.7,53.1,-0.005,0.055,-1.042,4.8,-3.9,0.0,0.0167,-0.0200,-0.0542,1310,1547,1440,1549,0.00,0.01,2.69,0.18,0.6900,1,1,0,0.01,0.00,-0.02,0.01,0.00,0.00,0.18,210,31
35181,-0.6,1.4,-66.6,0.084,-0.084,-0.978,4.7,-3.9,0.0,0.0156,-0.0140,0.0435,1488,1382,1600,1376,0.00,0.01,2.69,0.18,0.6900,1,1,0,0.01,0.00,-0.02,0.01,0.00,0.00,0.17,210,31
35191,0.0,6.8,9.0,0.046,-0.060,-1.017,4.8,-4.0,0.0,0.0155,-0.0202,-0.0189,1337,1510,1470,1529,0.00,0.01,2.69,0.18,0.6900,1,1,0,0.01,0.00,-0.02,0.01,0.00,0.00,0.16,210,31
35201,-0.3,2.8,56.9,-0.012,0.057,-1.044,4.7,-3.9,0.0,0.0157,-0.0161,-0.0516,1303,1557,1423,1559,0.00,0.01,2.69,0.18,0.6894,1,1,0,0.01,0.00,-0.02,0.01,0.00,0.00,0.19,211,31
35211,0.1,-0.3,-64.7,0.089,-0.065,-0.922,4.7,-4.0,0.0,0.0152,-0.0135,0.0412,1486,1380,1597,1378,0.00,0.01,2.69,0.18,0.6894,1,1,0,0.01,0.00,-0.02,0.01,0.00,0.00,0.21,211,31
35221,0.2,9.0,3.9,0.064,-0.059,-0.947,4.8,-4.0,0.0,0.0152,-0.0224,-0.0148,1336,1493,1485,1527,0.00,0.01,2.69,0.18,0.6894,1,1,0,0.01,0.00,0.00,0.01,0.00,0.00,0.21,210,31
35231,-0.9,8.2,58.4,-0.001,0.043,-0.997,4.7,-3.9,0.0,0.0169,-0.0209,-0.0532,1288,1553,1431,1568,0.00,0.01,2.69,0.18,0.6894,1,1,0,0.01,0.00,0.02,0.01,0.00,0.00,0.20,210,31
35241,-1.2,3.3,-60.0,0.086,-0.073,-0.960,4.7,-4.0,0.0,0.0167,-0.0167,0.0363,1476,1382,1600,1383,0.00,0.01,2.69,0.18,0.6894,1,1,0,0.01,0.00,0.04,0.00,0.00,0.00,0.19,210,31
35251,-0.5,10.1,-6.5,0.057,-0.074,-1.001,4.7,-4.0,0.0,0.0159,-0.0237,-0.0094,1348,1487,1493,1514,0.00,0.01,2.69,0.18,0.6894,1,1,0,0.01,0.00,0.04,0.01,0.00,0.00,0.17,210,31
35261,-0.9,5.2,59.9,-0.011,0.066,-1.054,4.7,-3.9,0.0,0.0165,-0.0181,-0.0582,1293,1564,1419,1565,0.00,0.01,2.69,0.18,0.6894,1,1,0,0.01,0.00,0.04,0.00,0.00,0.00,0.16,210,31
35272,-0.6,-1.5,-55.9,0.060,-0.070,-0.963,4.7,-3.9,0.0,0.0161,-0.0118,0.0330,1482,1393,1585,1381,0.00,0.01,2.69,0.18,0.6894,1,1,0,0.01,0.00,0.04,0.00,0.00,0.00,0.16,210,31
35282,0.1,5.9,-9.4,0.056,-0.066,-0.967,4.7,-4.0,0.0,0.0149,-0.0212,-0.0124,1355,1479,1493,1505,0.00,0.01,2.69,0.18,0.6882,1,1,0,0.01,0.00,0.04,0.01,0.00,0.00,0.17,210,31
35292,0.5,6.7,64.0,-0.009,0.094,-1.025,4.7,-3.9,0.0,0.0152,-0.0207,-0.0605,1280,1557,1418,1577,0.00,0.01,2.69,0.18,0.6882,1,1,0,0.01,0.00,0.04,0.00,0.00,0.00,0.18,210,31
35302,-0.9,2.4,-54.0,0.062,-0.069,-0.930,4.7,-4.0,0.0,0.0164,-0.0158,0.0315,1452,1369,1573,1369,0.00,0.01,2.69,0.18,0.6790,1,1,0,0.01,0.00,0.05,0.00,0.00,0.00,0.18,210,31
35312,-0.9,9.3,-14.0,0.076,-0.090,-0.943,4.7,-4.0,0.0,0.0164,-0.0233,-0.0087,1349,1444,1499,1470,0.00,0.01,2.69,0.18,0.6790,1,1,0,0.01,0.00,0.05,0.01,0.00,0.00,0.18,210,31
35322,-0.8,9.5,64.6,-0.012,0.054,-1.038,4.7,-3.9,0.0,0.0166,-0.0219,-0.0614,1260,1546,1399,1559,0.00,0.01,2.69,0.18,0.6790,1,1,0,0.01,0.00,0.05,0.01,0.00,0.00,0.17,210,31
35332,-1.2,0.3,-51.1,0.048,-0.063,-0.967,4.7,-3.9,0.0,0.0168,-0.0137,0.0292,1458,1381,1559,1365,0.00,0.01,2.69,0.18,0.6790,1,1,0,0.01,0.00,0.05,0.00,0.00,0.00,0.16,209,31
35342,-0.3,5.2,-17.9,0.046,-0.095,-0.960,4.8,-4.0,0.0,0.0153,-0.0186,-0.0056,1366,1445,1494,1458,0.00,0.01,2.69,0.18,0.6790,1,1,0,0.01,0.00,0.05,0.01,0.00,0.00,0.17,209,31
35352,0.3,6.6,64.7,-0.025,0.085,-0.994,4.7,-3.9,0.0,0.0152,-0.0201,-0.0634,1264,1547,1393,1559,0.00,0.01,2.69,0.18,0.6790,1,1,0,0.01,0.00,0.06,0.01,0.00,0.00,0.18,210,31
35362,-0.1,1.1,-49.5,0.033,-0.040,-0.918,4.7,-3.9,0.0,0.0157,-0.0145,0.0279,1445,1384,1556,1378,0.00,0.01,2.69,0.18,0.6790,1,1,0,0.01,0.00,0.06,0.01,0.00,0.00,0.18,210,31
35372,0.3,7.7,-21.0,0.049,-0.067,-0.928,4.8,-4.0,0.0,0.0152,-0.0201,-0.0030,1368,1437,1502,1456,0.00,0.01,2.69,0.18,0.6790,1,1,0,0.01,0.00,0.06,0.01,0.00,0.00,0.17,210,31
35382,-0.4,7.2,63.9,-0.033,0.079,-1.035,4.7,-3.9,0.0,0.0161,-0.0195,-0.0621,1264,1553,1390,1556,0.00,0.01,2.69,0.18,0.6790,1,1,0,0.01,0.00,0.06,0.01,0.00,0.00,0.17,210,31
35393,-0.8,-2.1,-45.9,0.017,-0.052,-0.981,4.7,-3.9,0.0,0.0164,-0.0112,0.0250,1449,1399,1542,1373,0.00,0.01,2.69,0.18,0.6790,1,1,0,0.01,0.00,0.07,0.01,0.00,0.00,0.18,211,31
35403,0.0,1.7,-24.5,0.034,-0.069,-0.964,4.7,-4.0,0.0,0.0151,-0.0129,-0.0002,1387,1445,1493,1437,0.00,0.01,2.69,0.18,0.6790,1,1,0,0.01,0.00,0.07,0.01,0.00,0.00,0.20,211,31
35413,1.1,1.5,64.7,-0.048,0.085,-1.026,4.7,-3.9,0.0,0.0144,-0.0142,-0.0628,1287,1554,1382,1540,0.00,0.01,2.69,0.18,0.6790,1,1,0,0.01,0.00,0.05,0.01,0.00,0.00,0.19,211,31
35423,0.6,-3.8,-43.1,0.012,-0.006,-0.946,4.7,-3.9,0.0,0.0149,-0.0095,0.0228,1472,1384,1550,1357,0.00,0.01,2.69,0.18,0.6790,1,1,0,0.01,0.00,0.05,0.00,0.00,0.00,0.19,211,31
35433,0.6,2.1,-28.1,0.033,-0.037,-0.960,4.7,-4.0,0.0,0.0150,-0.0152,0.0081,1369,1463,1477,1454,0.00,0.01,2.69,0.18,0.6790,1,1,0,0.01,0.00,0.05,0.01,0.00,0.00,0.18,211,31
35443,0.0,3.3,66.6,-0.061,0.111,-1.072,4.8,-3.9,0.0,0.0155,-0.0167,-0.0650,1280,1564,1374,1540,0.00,0.01,2.69,0.18,0.6784,1,1,0,0.01,0.00,0.06,0.01,0.00,0.00,0.17,211,31
35453,-0.5,-6.7,-37.2,-0.014,-0.005,-1.015,4.7,-3.8,0.0,0.0154,-0.0040,0.0248,1468,1402,1533,1355,0.00,0.01,2.69,0.18,0.6784,1,1,0,0.01,0.00,0.06,0.01,0.00,0.00,0.17,211,31
35463,0.3,-3.9,-34.0,0.026,-0.039,-1.012,4.8,-3.9,0.0,0.0153,-0.0094,0.0155,1383,1465,1471,1439,0.00,0.01,2.69,0.18,0.6784,1,1,0,0.01,0.00,0.06,0.01,0.00,0.00,0.16,211,31
35473,1.2,-2.4,69.5,-0.057,0.129,-1.086,4.7,-3.9,0.0,0.0144,-0.0109,-0.0674,1274,1564,1371,1550,0.00,0.01,2.69,0.18,0.6784,1,1,0,0.01,0.00,0.06,0.01,0.00,0.00,0.17,211,31
35483,1.3,-9.1,-34.5,-0.012,0.032,-0.995,4.7,-3.9,0.0,0.0143,-0.0044,0.0233,1457,1394,1537,1361,0.00,0.01,2.69,0.18,0.6772,1,1,0,0.01,0.00,0.06,0.01,0.00,0.00,0.18,211,31
35493,0.2,-3.3,-37.4,0.045,-0.030,-0.997,4.7,-4.0,0.0,0.0153,-0.0101,0.0181,1374,1447,1488,1440,0.00,0.01,2.69,0.18,0.6772,1,1,0,0.01,0.00,0.06,0.01,0.00,0.00,0.19,211,31
35504,1.0,0.3,68.3,-0.043,0.122,-1.110,4.8,-3.9,0.0,0.0149,-0.0132,-0.0666,1260,1563,1369,1557,0.00,0.01,2.69,0.18,0.6772,1,1,0,0.01,0.00,0.06,0.01,0.00,0.00,0.20,211,31
35514,0.4,-8.7,-25.5,-0.017,0.036,-1.067,4.7,-3.9,0.0,0.0151,-0.0046,0.0087,1448,1406,1528,1367,0.00,0.01,2.69,0.18,0.6772,1,1,0,0.01,0.00,0.07,0.01,0.00,0.00,0.18,210,31
35524,-0.4,-7.8,-40.3,0.050,-0.040,-1.036,4.7,-4.0,0.0,0.0160,-0.0056,0.0205,1384,1422,1482,1401,0.00,0.01,2.69,0.18,0.6693,1,1,0,0.01,0.00,0.07,0.01,0.00,0.00,0.16,210,31
35534,1.5,-2.6,69.6,-0.027,0.134,-1.098,4.7,-4.0,0.0,0.0141,-0.0129,-0.0679,1237,1544,1357,1551,0.00,0.01,2.69,0.18,0.6693,1,1,0,0.01,0.00,0.07,0.01,0.00,0.00,0.18,209,31
35544,0.3,-6.4,-26.3,-0.005,0.030,-1.032,4.7,-4.0,0.0,0.0154,-0.0077,0.0121,1418,1378,1530,1363,0.00,0.01,2.69,0.18,0.6693,1,1,0,0.01,0.00,0.07,0.01,0.00,0.00,0.20,209,31
35554,-0.8,-1.6,-43.9,0.083,-0.058,-0.976,4.7,-4.1,0.0,0.0165,-0.0119,0.0233,1371,1402,1508,1408,0.00,0.01,2.69,0.18,0.6693,1,1,0,0.01,0.00,0.02,0.00,0.00,0.00,0.19,209,31
35564,0.0,4.0,69.0,-0.001,0.097,-1.097,4.7,-4.0,0.0,0.0158,-0.0192,-0.0678,1227,1540,1365,1557,0.00,0.01,2.69,0.18,0.6693,1,1,0,0.01,0.00,0.02,0.00,0.00,0.00,0.18,209,31
35574,-0.9,-3.2,-18.4,0.003,-0.016,-1.031,4.7,-4.0,0.0,0.0166,-0.0102,0.0030,1414,1383,1522,1370,0.00,0.01,2.69,0.18,0.6693,1,1,0,0.01,0.00,0.02,0.00,0.00,0.00,0.18,210,31
35584,-1.1,-1.5,-49.1,0.080,-0.075,-0.970,4.7,-4.0,0.0,0.0168,-0.0129,0.0256,1378,1393,1506,1399,0.00,0.01,2.69,0.18,0.6674,1,1,0,0.01,0.00,0.02,0.00,0.00,0.00,0.17,210,31
35594,0.5,5.3,66.6,-0.006,0.059,-0.992,4.7,-4.0,0.0,0.0151,-0.0195,-0.0654,1228,1530,1364,1553,0.00,0.01,2.69,0.18,0.6674,1,1,0,0.01,0.00,0.02,0.00,0.00,0.00,0.18,210,31
35604,-1.6,2.1,-15.3,0.004,-0.006,-0.936,4.7,-4.0,0.0,0.0173,-0.0156,0.0005,1402,1380,1520,1373,0.00,0.01,2.69,0.18,0.6674,1,1,0,0.01,0.00,0.02,0.00,0.00,0.00,0.19,210,31
35615,-1.6,5.0,-52.3,0.076,-0.091,-0.923,4.7,-4.0,0.0,0.0170,-0.0188,0.0243,1384,1388,1511,1392,0.00,0.01,2.69,0.18,0.6674,1,1,0,0.01,0.00,0.02,0.00,0.00,0.00,0.19,210,31
35625,0.1,7.9,66.6,-0.014,0.038,-1.017,4.7,-3.9,0.0,0.0153,-0.0208,-0.0657,1236,1543,1348,1547,0.00,0.01,2.69,0.18,0.6674,1,1,0,0.01,0.00,0.02,0.00,0.00,0.00,0.19,209,31
35635,-0.7,-1.0,-12.1,-0.025,-0.005,-0.971,4.7,-3.9,0.0,0.0163,-0.0125,-0.0020,1415,1396,1496,1368,0.00,0.01,2.69,0.18,0.6674,1,1,0,0.01,0.00,0.02,0.00,0.00,0.00,0.18,209,31
35645,0.6,-0.7,-54.4,0.053,-0.065,-0.911,4.7,-4.0,0.0,0.0146,-0.0120,0.0262,1402,1392,1501,1380,0.00,0.01,2.69,0.18,0.6674,1,1,0,0.01,0.00,0.02,0.00,0.00,0.00,0.17,210,31
35655,1.3,4.7,64.3,-0.035,0.096,-1.011,4.7,-3.9,0.0,0.0143,-0.0178,-0.0641,1236,1546,1349,1545,0.00,0.01,2.69,0.18,0.6674,1,1,0,0.01,0.00,0.02,0.00,0.00,0.00,0.17,210,31
35665,0.0,-2.3,-9.2,-0.034,0.034,-1.016,4.7,-3.9,0.0,0.0157,-0.0111,-0.0043,1399,1413,1483,1380,0.00,0.01,2.69,0.18,0.6674,1,1,0,0.01,0.00,0.03,0.00,0.00,0.00,0.17,210,31
35675,0.0,-3.5,-56.1,0.043,-0.038,-1.011,4.7,-4.0,0.0,0.0157,-0.0083,0.0274,1409,1400,1498,1368,0.00,0.01,2.69,0.18,0.6674,1,1,0,0.01,0.00,0.02,0.00,0.00,0.00,0.17,210,31
35685,1.2,-1.5,61.8,-0.038,0.081,-1.113,4.7,-3.9,0.0,0.0143,-0.0119,-0.0612,1246,1551,1340,1539,0.00,0.01,2.69,0.18,0.6674,1,1,0,0.01,0.00,0.02,0.00,0.00,0.00,0.18,210,31
35695,1.1,-8.2,-0.6,-0.042,0.072,-1.058,4.6,-3.9,0.0,0.0146,-0.0052,-0.0027,1393,1419,1476,1388,0.00,0.01,2.69,0.18,0.6674,1,1,0,0.01,0.00,0.03,0.00,0.00,0.00,0.18,210,31
35705,1.2,-7.1,-59.0,0.059,-0.011,-0.987,4.7,-4.0,0.0,0.0147,-0.0075,0.0326,1404,1382,1513,1371,0.00,0.01,2.69,0.18,0.6668,1,1,0,0.01,0.00,0.03,0.00,0.00,0.00,0.18,209,31
35715,1.2,1.2,59.0,-0.017,0.074,-1.066,4.7,-4.0,0.0,0.0144,-0.0148,-0.0589,1231,1535,1358,1546,0.00,0.01,2.69,0.18,0.6668,1,1,0,0.01,0.00,0.03,0.00,0.00,0.00,0.17,208,31
35726,-0.9,-3.4,5.4,-0.025,0.062,-1.072,4.7,-4.0,0.0,0.0168,-0.0104,-0.0131,1369,1421,1481,1399,0.00,0.01,2.69,0.18,0.6668,1,1,0,0.01,0.00,0.03,0.00,0.00,0.00,0.19,208,31
35736,-1.2,-5.2,-60.7,0.077,-0.055,-1.017,4.7,-4.0,0.0,0.0169,-0.0084,0.0368,1414,1375,1527,1355,0.00,0.01,2.69,0.18,0.6668,1,1,0,0.01,0.00,0.03,0.00,0.00,0.00,0.21,208,31
35746,0.5,0.9,57.1,0.003,0.052,-1.035,4.7,-4.0,0.0,0.0151,-0.0167,-0.0620,1228,1534,1359,1550,0.00,0.01,2.69,0.18,0.6668,1,1,0,0.01,0.00,0.01,0.00,0.00,0.00,0.20,208,31
35756,-1.0,0.1,9.2,-0.009,0.021,-0.978,4.7,-4.0,0.0,0.0171,-0.0158,-0.0098,1357,1414,1488,1412,0.00,0.01,2.69,0.18,0.6668,1,1,0,0.01,0.00,0.00,0.00,0.00,0.00,0.20,208,31
35766,-1.9,2.4,-62.9,0.107,-0.094,-0.891,4.7,-4.1,0.0,0.0176,-0.0161,0.0386,1388,1339,1528,1346,0.00,0.01,2.69,0.18,0.6577,1,1,0,0.01,0.00,-0.01,0.00,0.00,0.00,0.18,208,31
35776,0.0,10.5,53.7,0.003,0.016,-0.995,4.7,-4.0,0.0,0.0157,-0.0242,-0.0547,1214,1506,1350,1531,0.00,0.01,2.69,0.18,0.6577,1,1,0,0.01,0.00,-0.01,0.00,0.00,0.00,0.17,208,31
35786,-1.2,1.8,9.9,-0.019,-0.010,-0.968,4.7,-3.9,0.0,0.0167,-0.0147,-0.0168,1339,1419,1442,1402,0.00,0.01,2.69,0.18,0.6577,1,1,0,0.01,0.00,-0.01,0.00,0.00,0.00,0.17,208,31
35796,0.5,-0.2,-62.6,0.072,-0.076,-0.912,4.7,-4.0,0.0,0.0151,-0.0133,0.0383,1408,1349,1508,1337,0.00,0.01,2.69,0.18,0.6577,1,1,0,0.01,0.00,-0.01,0.00,0.00,0.00,0.16,208,31
35806,1.7,6.7,50.9,-0.017,0.032,-0.969,4.7,-4.0,0.0,0.0138,-0.0191,-0.0573,1225,1505,1347,1520,0.00,0.01,2.69,0.18,0.6571,1,1,0,0.01,0.00,-0.01,0.00,0.00,0.00,0.17,209,31
35816,-0.9,-0.4,11.0,-0.040,0.052,-1.014,4.7,-3.9,0.0,0.0166,-0.0122,-0.0178,1338,1426,1435,1398,0.00,0.01,2.69,0.18,0.6571,1,1,0,0.01,0.00,-0.01,0.00,0.00,0.00,0.18,210,31
35826,0.0,-4.8,-63.7,0.056,-0.041,-1.014,4.7,-4.0,0.0,0.0157,-0.0087,0.0392,1415,1361,1500,1321,0.00,0.01,2.69,0.18,0.6571,1,1,0,0.01,0.00,-0.01,0.00,0.00,0.00,0.18,210,31
35836,1.4,-1.5,49.5,-0.026,0.053,-1.083,4.7,-4.0,0.0,0.0139,-0.0108,-0.0573,1238,1519,1332,1508,0.00,0.01,2.69,0.18,0.6571,1,1,0,0.01,0.00,-0.01,0.00,0.00,0.00,0.18,210,31
35847,1.2,-7.8,21.2,-0.047,0.089,-1.076,4.7,-4.0,0.0,0.0147,-0.0057,-0.0233,1314,1418,1402,1388,0.00,0.01,2.69,0.18,0.6473,1,1,0,0.01,0.00,-0.01,0.00,0.00,0.00,0.17,210,31
35857,0.4,-6.8,-65.0,0.066,-0.025,-0.974,4.7,-4.1,0.0,0.0153,-0.0068,0.0403,1391,1327,1499,1306,0.00,0.01,2.69,0.18,0.6473,1,1,0,0.01,0.00,-0.01,0.00,0.00,0.00,0.17,211,31
35867,-0.5,3.3,46.8,0.008,0.029,-1.028,4.7,-4.0,0.0,0.0163,-0.0183,-0.0548,1205,1485,1338,1496,0.00,0.01,2.69,0.18,0.6473,1,1,0,0.01,0.00,-0.01,0.00,0.00,0.00,0.18,211,31
35877,-2.0,-1.4,19.2,-0.013,0.012,-1.032,4.7,-4.0,0.0,0.0178,-0.0125,-0.0242,1298,1412,1418,1396,0.00,0.01,2.69,0.18,0.6473,1,1,0,0.01,0.00,-0.01,0.00,0.00,0.00,0.18,211,31
35887,-0.8,-1.1,-66.5,0.087,-0.104,-0.902,4.7,-4.1,0.0,0.0165,-0.0125,0.0414,1392,1310,1509,1302,0.00,0.01,2.69,0.18,0.6461,1,1,0,0.01,0.00,-0.01,0.00,0.00,0.00,0.18,211,31
35897,0.5,9.2,45.0,0.007,-0.002,-0.907,4.7,-4.0,0.0,0.0148,-0.0229,-0.0537,1201,1472,1340,1501,0.00,0.01,2.69,0.18,0.6461,1,1,0,0.01,0.00,-0.01,0.00,0.00,0.00,0.18,211,31
35907,-0.3,3.9,24.4,-0.029,0.028,-0.980,4.7,-3.9,0.0,0.0161,-0.0176,-0.0312,1298,1413,1403,1400,0.00,0.01,2.69,0.18,0.6461,1,1,0,0.01,0.00,-0.01,0.00,0.00,0.00,0.17,211,31
35917,0.5,-2.0,-68.3,0.058,-0.048,-0.989,4.7,-4.0,0.0,0.0151,-0.0107,0.0422,1408,1321,1493,1291,0.00,0.01,2.69,0.18,0.6461,1,1,0,0.01,0.00,-0.01,0.00,0.00,0.00,0.18,210,31
35927,1.4,-0.1,43.7,-0.022,0.050,-1.054,4.7,-4.0,0.0,0.0142,-0.0121,-0.0534,1221,1492,1320,1482,0.00,0.01,2.70,0.18,0.6461,1,1,0,0.01,0.00,-0.01,0.00,0.00,0.00,0.19,210,31
35937,0.6,-5.5,28.1,-0.035,0.105,-1.060,4.7,-4.0,0.0,0.0151,-0.0081,-0.0342,1287,1437,1382,1408,0.00,0.01,2.69,0.18,0.6461,1,1,0,0.01,0.00,-0.01,0.00,0.00,0.00,0.19,210,31
35947,-0.7,-5.3,-67.7,0.071,-0.030,-1.012,4.7,-4.0,0.0,0.0166,-0.0083,0.0424,1400,1316,1502,1288,0.00,0.01,2.69,0.18,0.6449,1,1,0,0.01,0.00,-0.01,0.00,0.00,0.00,0.19,210,31
35957,-0.8,1.6,42.9,0.011,0.002,-1.059,4.7,-4.0,0.0,0.0165,-0.0157,-0.0484,1207,1480,1333,1485,0.00,0.01,2.69,0.18,0.6449,1,1,0,0.01,0.00,-0.02,0.00,0.00,0.00,0.18,210,31
35968,-1.1,-0.8,29.4,-0.013,0.026,-1.001,4.7,-4.0,0.0,0.0169,-0.0128,-0.0352,1270,1426,1391,1418,0.00,0.01,2.69,0.18,0.6449,1,1,0,0.01,0.00,-0.01,0.00,0.00,0.00,0.17,210,31
35978,0.0,1.0,-68.8,0.097,-0.084,-0.878,4.7,-4.1,0.0,0.0156,-0.0165,0.0424,1392,1295,1515,1302,0.00,0.01,2.69,0.18,0.6449,1,1,0,0.01,0.00,-0.01,0.00,0.00,0.00,0.16,210,31
35988,0.3,10.5,33.9,0.016,-0.014,-0.950,4.7,-4.0,0.0,0.0152,-0.0240,-0.0438,1199,1439,1343,1469,0.00,0.01,2.69,0.18,0.6375,1,1,0,0.01,0.00,-0.02,0.00,0.00,0.00,0.16,210,31
35998,-0.1,1.7,35.2,-0.036,0.035,-1.042,4.7,-3.9,0.0,0.0156,-0.0124,-0.0324,1262,1423,1360,1404,0.00,0.01,2.69,0.18,0.6375,1,1,0,0.01,0.00,-0.01,0.00,0.00,0.00,0.17,210,31
36008,1.1,-6.4,-68.3,0.068,-0.032,-0.990,4.7,-4.0,0.0,0.0147,-0.0068,0.0428,1402,1299,1482,1267,0.00,0.01,2.69,0.18,0.6375,1,1,0,0.01,0.00,-0.01,0.00,0.00,0.00,0.18,209,31
36018,0.5,2.5,31.9,-0.010,0.039,-1.037,4.7,-4.0,0.0,0.0153,-0.0163,-0.0373,1211,1451,1334,1453,0.00,0.01,2.70,0.18,0.6375,1,1,0,0.01,0.00,-0.02,0.00,0.00,0.00,0.19,210,31
36028,-0.8,-1.2,41.5,-0.033,0.097,-1.086,4.7,-4.0,0.0,0.0167,-0.0122,-0.0425,1247,1434,1356,1413,0.00,0.01,2.69,0.18,0.6375,1,1,0,0.01,0.00,-0.02,0.00,0.00,0.00,0.19,210,31
36038,-0.3,-6.0,-68.9,0.071,-0.073,-0.988,4.7,-4.0,0.0,0.0161,-0.0080,0.0434,1397,1295,1491,1267,0.00,0.01,2.69,0.18,0.6375,1,1,0,0.01,0.00,-0.02,0.00,0.00,0.00,0.18,210,31
36048,0.2,3.8,28.9,0.027,-0.024,-0.945,4.7,-4.1,0.0,0.0156,-0.0176,-0.0348,1212,1438,1345,1456,0.00,0.01,2.70,0.18,0.6375,1,1,0,0.01,0.00,-0.02,0.00,0.00,0.00,0.16,211,31
36058,-0.3,4.9,42.2,-0.021,0.048,-0.956,4.7,-4.0,0.0,0.0161,-0.0184,-0.0380,1225,1430,1356,1439,0.00,0.01,2.69,0.18,0.6375,1,1,0,0.01,0.00,-0.02,0.00,0.00,0.00,0.18,211,31
36068,0.2,-1.1,-70.9,0.080,-0.079,-0.955,4.7,-4.0,0.0,0.0156,-0.0126,0.0450,1398,1286,1497,1269,0.00,0.01,2.69,0.18,0.6375,1,1,0,0.01,0.00,-0.02,0.00,0.00,0.00,0.20,210,30
36079,0.9,2.2,22.3,0.013,-0.006,-1.063,4.7,-4.0,0.0,0.0145,-0.0148,-0.0383,1225,1446,1334,1445,0.00,0.01,2.70,0.18,0.6375,1,1,0,0.01,0.00,0.00,0.00,0.00,0.00,0.20,210,31
36089,1.3,-2.6,45.0,-0.037,0.116,-1.082,4.7,-4.0,0.0,0.0153,-0.0108,-0.0409,1236,1448,1334,1431,0.00,0.01,2.69,0.18,0.6375,1,1,0,0.01,0.00,0.00,0.00,0.00,0.00,0.19,210,31
36099,0.3,-5.3,-67.5,0.059,-0.003,-0.984,4.7,-4.0,0.0,0.0155,-0.0084,0.0422,1395,1295,1492,1268,0.00,0.01,2.69,0.18,0.6375,1,1,0,0.01,0.00,0.00,0.00,0.00,0.00,0.18,210,31
36109,-1.5,2.6,20.4,0.012,-0.044,-1.052,4.7,-4.1,0.0,0.0173,-0.0166,-0.0309,1229,1431,1358,1431,0.00,0.01,2.69,0.18,0.6375,1,1,0,0.01,0.00,0.00,0.00,0.00,0.00,0.17,210,31
36119,-0.4,-0.4,47.0,-0.021,0.043,-1.010,4.6,-4.0,0.0,0.0159,-0.0137,-0.0421,1227,1446,1339,1438,0.00,0.01,2.69,0.18,0.6375,1,1,0,0.01,0.00,0.00,0.00,0.00,0.00,0.17,210,31
36129,0.4,-1.8,-67.2,0.081,-0.070,-0.869,4.6,-4.1,0.0,0.0154,-0.0119,0.0420,1391,1286,1497,1276,0.00,0.01,2.69,0.18,0.6375,1,1,0,0.01,0.00,0.00,0.00,0.00,0.00,0.16,210,31
36139,-0.3,7.7,19.2,0.030,-0.034,-0.979,4.7,-4.1,0.0,0.0162,-0.0216,-0.0271,1230,1415,1370,1434,0.00,0.01,2.69,0.18,0.6375,1,1,0,0.01,0.00,0.00,0.00,0.00,0.00,0.17,210,31
36149,0.4,-0.1,48.3,-0.034,0.084,-1.104,4.6,-3.9,0.0,0.0152,-0.0127,-0.0485,1229,1454,1327,1439,0.00,0.01,2.69,0.18,0.6375,1,1,0,0.01,0.00,0.00,0.00,0.00,0.00,0.18,210,31
36159,1.9,-7.2,-65.4,0.054,-0.017,-1.013,4.7,-4.0,0.0,0.0139,-0.0065,0.0406,1402,1297,1482,1268,0.00,0.01,2.69,0.18,0.6375,1,1,0,0.01,0.00,0.00,0.00,0.00,0.00,0.18,210,31
36169,0.0,2.7,12.9,0.021,0.017,-1.011,4.7,-4.1,0.0,0.0163,-0.0174,-0.0306,1236,1414,1364,1418,0.00,0.01,2.69,0.18,0.6351,1,1,0,0.01,0.00,0.00,0.00,0.00,0.00,0.17,210,31
36179,-1.2,1.2,53.0,-0.032,0.078,-1.083,4.7,-4.0,0.0,0.0170,-0.0150,-0.0541,1211,1451,1330,1439,0.00,0.01,2.69,0.18,0.6351,1,1,0,0.01,0.00,0.00,0.00,0.00,0.00,0.17,209,31
36190,-0.5,-5.9,-62.6,0.060,-0.073,-0.975,4.6,-4.0,0.0,0.0162,-0.0081,0.0394,1377,1281,1469,1253,0.00,0.01,2.69,0.18,0.6284,1,1,0,0.01,0.00,0.00,0.00,0.00,0.00,0.16,209,31
36200,0.5,4.5,8.2,0.046,-0.058,-0.913,4.7,-4.1,0.0,0.0149,-0.0197,-0.0267,1229,1387,1360,1405,0.00,0.01,2.69,0.18,0.6284,1,1,0,0.01,0.00,0.00,0.00,0.00,0.00,0.17,209,31
36210,0.8,5.2,55.0,-0.015,0.078,-1.015,4.6,-4.0,0.0,0.0150,-0.0191,-0.0557,1214,1423,1325,1418,0.00,0.01,2.69,0.18,0.6284,1,1,0,0.01,0.00,0.00,0.00,0.00,0.00,0.18,208,31
36220,0.8,-4.4,-63.5,0.043,-0.032,-1.054,4.6,-4.0,0.0,0.0149,-0.0086,0.0401,1385,1283,1466,1246,0.00,0.01,2.69,0.18,0.6284,1,1,0,0.01,0.00,0.00,0.00,0.00,0.00,0.18,208,31
36230,0.0,-0.8,6.5,0.028,-0.002,-1.030,4.6,-4.0,0.0,0.0161,-0.0137,-0.0257,1216,1416,1335,1413,0.00,0.01,2.69,0.18,0.6284,1,1,0,0.01,0.00,0.00,0.00,0.00,0.00,0.18,209,31
36240,-0.8,0.8,59.0,-0.025,0.111,-1.057,4.6,-4.0,0.0,0.0167,-0.0146,-0.0589,1200,1427,1329,1424,0.00,0.01,2.69,0.18,0.6284,1,1,0,0.01,0.00,0.00,0.00,0.00,0.00,0.17,209,31
36250,-1.3,-3.6,-62.9,0.055,-0.068,-0.962,4.6,-4.0,0.0,0.0167,-0.0104,0.0421,1379,1271,1480,1250,0.00,0.01,2.69,0.18,0.6284,1,1,0,0.01,0.00,0.00,0.00,0.00,0.00,0.17,209,31
36260,0.0,2.3,3.8,0.061,-0.081,-0.965,4.6,-4.1,0.0,0.0156,-0.0165,-0.0177,1217,1403,1341,1419,0.00,0.01,2.69,0.18,0.6284,1,1,0,0.01,0.00,0.00,0.00,0.00,0.00,0.19,210,31
36270,1.3,2.9,58.4,-0.010,0.079,-1.023,4.6,-4.0,0.0,0.0144,-0.0167,-0.0584,1205,1425,1321,1429,0.00,0.01,2.69,0.18,0.6284,1,1,0,0.01,0.00,0.00,0.00,0.00,0.00,0.20,210,31
36280,1.3,-1.1,-62.1,0.042,-0.010,-0.986,4.6,-4.0,0.0,0.0148,-0.0114,0.0409,1379,1276,1473,1253,0.00,0.01,2.69,0.18,0.6284,1,1,0,0.01,0.00,0.00,0.00,0.00,0.00,0.20,210,31
36290,-0.4,0.9,-2.0,0.027,-0.022,-1.085,4.6,-4.0,0.0,0.0163,-0.0147,-0.0101,1221,1416,1338,1401,0.00,0.01,2.69,0.18,0.6278,1,1,0,0.01,0.00,0.01,0.00,0.00,0.00,0.19,210,31
36301,-0.4,-2.8,62.4,-0.033,0.120,-1.095,4.6,-4.0,0.0,0.0165,-0.0110,-0.0603,1194,1445,1308,1429,0.00,0.01,2.69,0.18,0.6278,1,1,0,0.01,0.00,0.01,0.00,0.00,0.00,0.18,210,31
36311,-0.9,-3.9,-58.6,0.035,-0.056,-0.912,4.6,-4.0,0.0,0.0168,-0.0099,0.0351,1356,1250,1469,1240,0.00,0.01,2.69,0.18,0.6198,1,1,0,0.01,0.00,0.01,0.00,0.00,0.00,0.17,210,31
36321,-1.6,3.6,-8.0,0.053,-0.080,-0.965,4.6,-4.1,0.0,0.0166,-0.0180,-0.0140,1206,1382,1332,1395,0.00,0.01,2.69,0.18,0.6198,1,1,0,0.01,0.00,0.01,0.00,0.00,0.00,0.17,210,31
36331,0.8,0.2,62.4,-0.001,0.063,-1.059,4.6,-4.0,0.0,0.0145,-0.0138,-0.0592,1184,1422,1287,1422,0.00,0.01,2.69,0.18,0.6198,1,1,0,0.01,0.00,0.01,0.00,0.00,0.00,0.16,211,31
36341,2.1,-2.9,-56.7,0.047,-0.003,-0.976,4.6,-4.0,0.0,0.0137,-0.0109,0.0337,1356,1256,1461,1243,0.00,0.01,2.69,0.18,0.6198,1,1,0,0.01,0.00,0.01,0.00,0.00,0.00,0.17,211,31
36351,-0.7,3.5,-9.9,0.028,-0.009,-1.058,4.6,-4.0,0.0,0.0168,-0.0172,-0.0067,1220,1379,1345,1372,0.00,0.01,2.69,0.18,0.6198,1,1,0,0.01,0.00,0.01,0.00,0.00,0.00,0.18,211,31
36361,-0.6,-2.0,66.5,-0.032,0.086,-1.110,4.6,-4.0,0.0,0.0165,-0.0118,-0.0649,1177,1437,1283,1418,0.00,0.01,2.69,0.18,0.6198,1,1,0,0.01,0.00,0.01,0.00,0.00,0.00,0.19,211,31
36371,-1.0,-5.1,-51.2,0.042,-0.047,-0.903,4.6,-4.1,0.0,0.0166,-0.0111,0.0351,1349,1256,1463,1248,0.00,0.01,2.69,0.18,0.6198,1,1,0,0.01,0.00,0.01,0.00,0.00,0.00,0.18,211,31
36381,-0.5,5.2,-20.4,0.056,-0.089,-0.929,4.6,-4.1,0.0,0.0160,-0.0195,-0.0010,1229,1357,1356,1374,0.00,0.01,2.69,0.18,0.6186,1,1,0,0.01,0.00,0.01,0.00,0.00,0.00,0.17,210,31
36391,1.5,1.5,66.6,-0.010,0.086,-1.113,4.6,-3.9,0.0,0.0144,-0.0153,-0.0650,1173,1437,1271,1425,0.00,0.01,2.69,0.18,0.6186,1,1,0,0.01,0.00,0.01,0.00,0.00,0.00,0.18,210,31
36402,1.6,-5.6,-46.2,0.034,0.009,-1.025,4.6,-4.0,0.0,0.0142,-0.0082,0.0253,1351,1264,1450,1242,0.00,0.01,2.69,0.18,0.6186,1,1,0,0.01,0.00,0.01,0.00,0.00,0.00,0.19,210,31
36412,-1.6,2.7,-26.0,0.035,-0.026,-1.006,4.6,-4.1,0.0,0.0180,-0.0171,0.0005,1227,1359,1362,1358,0.00,0.01,2.69,0.18,0.6186,1,1,0,0.01,0.00,0.01,0.00,0.00,0.00,0.18,210,31
36422,-0.6,0.0,69.0,-0.033,0.082,-1.079,4.6,-4.0,0.0,0.0166,-0.0135,-0.0662,1160,1446,1270,1431,0.00,0.01,2.69,0.18,0.6186,1,1,0,0.01,0.00,0.01,0.00,0.00,0.00,0.18,210,31
36432,0.0,-5.4,-44.5,0.037,-0.064,-0.912,4.6,-4.0,0.0,0.0159,-0.0084,0.0239,1349,1256,1453,1249,0.00,0.01,2.69,0.18,0.6186,1,1,0,0.01,0.00,0.01,0.00,0.00,0.00,0.17,210,31
36442,0.2,5.1,-28.9,0.055,-0.053,-0.934,4.6,-4.1,0.0,0.0153,-0.0196,0.0030,1243,1334,1374,1351,0.00,0.01,2.69,0.18,0.6180,1,1,0,0.01,0.00,0.01,0.00,0.00,0.00,0.17,210,31
36452,0.9,1.2,68.2,-0.023,0.102,-1.142,4.6,-3.9,0.0,0.0150,-0.0143,-0.0659,1161,1450,1260,1431,0.00,0.01,2.69,0.18,0.6180,1,1,0,0.01,0.00,0.01,0.00,0.00,0.00,0.19,210,31
36462,1.1,-8.1,-40.4,0.016,0.015,-1.037,4.6,-4.0,0.0,0.0148,-0.0057,0.0206,1347,1270,1442,1243,0.00,0.01,2.69,0.18,0.6180,1,1,0,0.01,0.00,0.01,0.00,0.00,0.00,0.19,210,31
36472,-1.5,2.4,-29.2,0.034,-0.054,-0.951,4.6,-4.1,0.0,0.0176,-0.0179,0.0042,1244,1334,1383,1341,0.00,0.01,2.69,0.18,0.6180,1,1,0,0.01,0.00,0.01,0.00,0.00,0.00,0.18,210,31
36482,-0.9,3.1,66.7,-0.037,0.058,-1.037,4.6,-4.0,0.0,0.0169,-0.0167,-0.0645,1154,1437,1270,1431,0.00,0.01,2.69,0.18,0.6168,1,1,0,0.01,0.00,0.01,0.00,0.00,0.00,0.18,210,31
36492,0.6,-6.1,-37.3,0.031,-0.044,-0.947,4.6,-4.0,0.0,0.0148,-0.0084,0.0254,1346,1261,1439,1248,0.00,0.01,2.69,0.18,0.6168,1,1,0,0.01,0.00,0.01,0.00,0.00,0.00,0.17,210,31
36502,1.0,3.6,-31.9,0.054,-0.036,-0.974,4.6,-4.1,0.0,0.0149,-0.0179,0.0112,1232,1314,1362,1325,0.00,0.01,2.69,0.18,0.6089,1,1,0,0.01,0.00,0.01,0.00,0.00,0.00,0.17,210,31
36512,-0.3,2.2,69.2,-0.037,0.129,-1.148,4.6,-4.0,0.0,0.0165,-0.0155,-0.0669,1136,1435,1246,1417,0.00,0.01,2.69,0.18,0.6089,1,1,0,0.01,0.00,0.01,0.00,0.00,0.00,0.16,210,31
36522,-0.6,-8.6,-37.8,0.020,-0.034,-0.997,4.6,-4.0,0.0,0.0166,-0.0055,0.0210,1319,1267,1411,1235,0.00,0.01,2.69,0.18,0.6089,1,1,0,0.01,0.00,0.01,0.00,0.00,0.00,0.17,210,31
36532,-0.6,3.9,-29.2,0.064,-0.084,-0.885,4.6,-4.1,0.0,0.0165,-0.0186,0.0091,1238,1302,1373,1319,0.00,0.01,2.69,0.18,0.6089,1,1,0,0.01,0.00,0.01,0.00,0.00,0.00,0.18,210,31
36542,1.1,4.8,66.5,-0.021,0.088,-1.073,4.6,-4.0,0.0,0.0147,-0.0180,-0.0646,1128,1423,1246,1431,0.00,0.01,2.69,0.18,0.6082,1,1,0,0.01,0.00,0.01,0.00,0.00,0.00,0.18,210,31
36552,1.2,-7.2,-44.1,0.028,0.017,-1.049,4.6,-4.0,0.0,0.0147,-0.0065,0.0257,1322,1266,1404,1235,0.00,0.01,2.69,0.18,0.6082,1,1,0,0.01,0.00,0.01,0.00,0.00,0.00,0.19,210,31
36562,-1.4,2.2,-22.7,0.035,-0.040,-0.986,4.6,-4.1,0.0,0.0174,-0.0165,0.0037,1227,1321,1359,1321,0.00,0.01,2.69,0.18,0.6082,1,1,0,0.01,0.00,0.01,0.00,0.00,0.00,0.18,210,31
36572,-0.4,1.3,67.0,-0.035,0.072,-1.058,4.6,-4.0,0.0,0.0165,-0.0151,-0.0645,1125,1432,1245,1426,0.00,0.01,2.69,0.18,0.6082,1,1,0,0.01,0.00,0.01,0.00,0.00,0.00,0.17,210,31
36583,0.3,-3.4,-47.1,0.037,-0.058,-0.913,4.6,-4.0,0.0,0.0154,-0.0111,0.0304,1314,1258,1415,1241,0.00,0.01,2.69,0.18,0.6082,1,1,0,0.01,0.00,0.01,0.00,0.00,0.00,0.18,209,30
36593,0.1,4.0,-22.9,0.044,-0.031,-0.989,4.6,-4.1,0.0,0.0162,-0.0178,-0.0053,1233,1314,1361,1320,0.00,0.01,2.69,0.18,0.6082,1,1,0,0.01,0.00,0.01,0.00,0.00,0.00,0.19,209,30
36603,0.2,-1.7,68.0,-0.031,0.123,-1.179,4.6,-4.0,0.0,0.0157,-0.0121,-0.0661,1150,1424,1252,1403,0.00,0.01,2.69,0.18,0.6082,1,1,0,0.01,0.00,0.01,0.00,0.00,0.00,0.19,209,30
36613,-0.3,-5.8,-45.8,0.028,-0.037,-0.962,4.6,-4.1,0.0,0.0164,-0.0101,0.0312,1329,1231,1444,1225,0.00,0.01,2.69,0.18,0.6082,1,1,0,0.01,0.00,0.01,0.00,0.00,0.00,0.19,209,30
36623,-0.5,4.9,-21.7,0.043,-0.067,-0.912,4.6,-4.1,0.0,0.0166,-0.0189,0.0056,1212,1330,1340,1346,0.00,0.01,2.69,0.18,0.6082,1,1,0,0.01,0.00,0.01,0.00,0.00,0.00,0.18,209,30
36633,1.1,1.6,65.5,-0.014,0.082,-1.074,4.6,-4.0,0.0,0.0147,-0.0152,-0.0635,1153,1414,1256,1406,0.00,0.01,2.69,0.18,0.6082,1,1,0,0.01,0.00,0.01,0.00,0.00,0.00,0.17,209,30
36643,0.8,-4.9,-41.6,0.030,0.010,-1.009,4.6,-4.0,0.0,0.0152,-0.0090,0.0216,1304,1233,1409,1213,0.00,0.01,2.69,0.18,0.5991,1,1,0,0.01,0.00,0.01,0.00,0.00,0.00,0.17,209,30
36653,-1.4,2.0,-23.7,0.038,-0.038,-1.014,4.6,-4.1,0.0,0.0175,-0.0160,0.0072,1198,1320,1325,1316,0.00,0.01,2.69,0.18,0.5991,1,1,0,0.01,0.00,0.01,0.00,0.00,0.00,0.16,209,30
36663,0.0,0.2,69.0,-0.032,0.070,-1.056,4.6,-4.0,0.0,0.0161,-0.0142,-0.0662,1120,1404,1236,1398,0.00,0.01,2.69,0.18,0.5991,1,1,0,0.01,0.00,0.01,0.00,0.00,0.00,0.17,209,30
36673,-0.4,-2.3,-44.6,0.024,-0.038,-0.894,4.6,-4.0,0.0,0.0165,-0.0116,0.0240,1309,1217,1419,1214,0.00,0.01,2.69,0.18,0.5991,1,1,0,0.01,0.00,0.01,0.00,0.00,0.00,0.18,208,30
36683,0.6,2.4,-30.7,0.046,-0.040,-1.021,4.6,-4.0,0.0,0.0153,-0.0161,0.0041,1216,1305,1333,1305,0.00,0.01,2.69,0.18,0.5991,1,1,0,0.01,0.00,0.01,0.00,0.00,0.00,0.19,209,30
36693,1.0,-0.9,71.8,-0.018,0.124,-1.145,4.6,-4.0,0.0,0.0151,-0.0129,-0.0686,1115,1412,1228,1403,0.00,0.01,2.69,0.18,0.5991,1,1,0,0.01,0.00,0.01,0.00,0.00,0.00,0.19,209,30
36704,-0.9,-2.5,-36.4,0.000,-0.018,-0.936,4.6,-4.0,0.0,0.0171,-0.0124,0.0253,1309,1219,1423,1209,0.00,0.01,2.69,0.18,0.5991,1,1,0,0.01,0.00,0.01,0.00,0.00,0.00,0.18,209,30
36714,-1.0,1.1,-32.9,0.048,-0.086,-0.961,4.6,-4.0,0.0,0.0169,-0.0151,0.0121,1224,1300,1338,1297,0.00,0.01,2.69,0.18,0.5991,1,1,0,0.01,0.00,0.01,0.00,0.00,0.00,0.17,209,30
36724,1.9,1.2,68.7,-0.002,0.099,-1.077,4.6,-4.0,0.0,0.0141,-0.0152,-0.0667,1114,1407,1230,1408,0.00,0.01,2.69,0.18,0.5991,1,1,0,0.01,0.00,0.01,0.00,0.00,0.00,0.17,210,30
36734,0.1,-2.6,-33.5,-0.012,0.025,-1.020,4.6,-4.0,0.0,0.0161,-0.0102,0.0220,1298,1247,1395,1219,0.00,0.01,2.69,0.18,0.5991,1,1,0,0.01,0.00,0.01,0.00,0.00,0.00,0.18,210,30
36744,-0.9,-2.3,-33.8,0.044,-0.069,-1.010,4.6,-4.0,0.0,0.0170,-0.0118,0.0130,1227,1298,1342,1287,0.00,0.01,2.69,0.18,0.5985,1,1,0,0.01,0.00,0.01,0.00,0.00,0.00,0.18,210,30
36754,0.0,3.1,67.7,-0.021,0.074,-0.977,4.6,-4.0,0.0,0.0160,-0.0171,-0.0659,1103,1402,1237,1412,0.00,0.01,2.69,0.18,0.5985,1,1,0,0.01,0.00,0.01,0.00,0.00,0.00,0.18,210,30
36764,0.0,0.0,-33.3,-0.001,-0.004,-0.959,4.6,-4.0,0.0,0.0159,-0.0135,0.0173,1297,1242,1392,1223,0.00,0.01,2.69,0.18,0.5985,1,1,0,0.01,0.00,0.01,0.00,0.00,0.00,0.17,210,30
36774,-0.3,-3.1,-34.4,0.063,-0.041,-1.063,4.7,-4.0,0.0,0.0165,-0.0111,0.0132,1238,1292,1350,1275,0.00,0.01,2.69,0.18,0.5985,1,1,0,0.01,0.00,0.01,0.00,0.00,0.00,0.17,210,30
36784,-0.2,2.4,69.1,-0.024,0.124,-1.076,4.6,-4.0,0.0,0.0169,-0.0171,-0.0671,1098,1410,1234,1412,0.00,0.01,2.69,0.18,0.5985,1,1,0,0.01,0.00,0.01,0.00,0.00,0.00,0.18,210,30
36794,-0.6,-2.5,-29.3,-0.013,-0.046,-0.971,4.6,-4.0,0.0,0.0165,-0.0113,0.0144,1296,1243,1391,1225,0.00,0.01,2.69,0.18,0.5985,1,1,0,0.01,0.00,0.01,0.00,0.00,0.00,0.20,210,30
36804,0.9,-0.4,-40.4,0.069,-0.064,-0.946,4.6,-4.1,0.0,0.0150,-0.0139,0.0182,1231,1258,1346,1260,0.00,0.01,2.69,0.18,0.5906,1,1,0,0.01,0.00,0.01,0.00,0.00,0.00,0.20,210,30
36814,0.4,4.8,69.0,-0.043,0.136,-1.094,4.6,-4.0,0.0,0.0158,-0.0186,-0.0671,1085,1398,1211,1401,0.00,0.01,2.69,0.18,0.5906,1,1,0,0.01,0.00,0.00,0.00,0.00,0.00,0.20,211,31
36824,-0.3,-7.4,-28.3,0.000,-0.021,-1.066,4.6,-3.9,0.0,0.0162,-0.0061,0.0162,1272,1252,1356,1214,0.00,0.01,2.69,0.18,0.5906,1,1,0,0.01,0.00,0.00,0.00,0.00,0.00,0.18,211,31
36834,-0.3,1.1,-39.8,0.076,-0.083,-0.880,4.6,-4.1,0.0,0.0164,-0.0153,0.0201,1230,1250,1358,1258,0.00,0.01,2.69,0.18,0.5906,1,1,0,0.01,0.00,0.00,0.00,0.00,0.00,0.17,211,31
36844,1.6,5.5,69.1,-0.031,0.103,-1.051,4.6,-4.0,0.0,0.0144,-0.0196,-0.0670,1087,1395,1208,1404,0.00,0.01,2.69,0.18,0.5906,1,1,0,0.01,0.00,0.00,0.00,0.00,0.00,0.17,211,31
36854,-0.1,-7.3,-32.9,0.003,0.023,-1.102,4.6,-3.9,0.0,0.0163,-0.0066,0.0146,1268,1256,1354,1217,0.00,0.01,2.69,0.18,0.5906,1,1,0,0.01,0.00,0.00,0.00,0.00,0.00,0.16,210,31
36864,-2.6,0.5,-35.9,0.054,-0.097,-0.945,4.6,-4.1,0.0,0.0188,-0.0147,0.0170,1232,1256,1362,1246,0.00,0.01,2.69,0.18,0.5906,1,1,0,0.01,0.00,0.00,0.00,0.00,0.00,0.17,210,31
36874,1.1,2.8,69.3,-0.022,0.087,-1.001,4.6,-4.0,0.0,0.0149,-0.0168,-0.0671,1087,1397,1207,1404,0.00,0.01,2.69,0.18,0.5906,1,1,0,0.01,0.00,0.00,0.00,0.00,0.00,0.18,211,31
36884,1.1,-2.0,-40.2,0.010,0.007,-1.005,4.6,-4.0,0.0,0.0149,-0.0120,0.0205,1291,1216,1392,1196,0.00,0.01,2.69,0.18,0.5906,1,1,0,0.01,0.00,0.00,0.00,0.00,0.00,0.18,211,31
36894,-1.5,-1.3,-27.9,0.037,-0.045,-1.070,4.6,-4.0,0.0,0.0177,-0.0127,0.0106,1194,1302,1309,1289,0.00,0.01,2.69,0.18,0.5906,1,1,0,0.01,0.00,0.00,0.00,0.00,0.00,0.17,212,31
36905,0.1,-0.5,68.3,-0.002,0.082,-1.047,4.6,-4.0,0.0,0.0161,-0.0143,-0.0655,1095,1383,1221,1387,0.00,0.01,2.69,0.18,0.5893,1,1,0,0.01,0.00,0.00,0.00,0.00,0.00,0.16,212,31
36915,0.2,1.5,-37.9,0.000,-0.024,-0.912,4.6,-4.0,0.0,0.0158,-0.0156,0.0186,1284,1212,1387,1203,0.00,0.01,2.69,0.18,0.5893,1,1,0,0.01,0.00,0.00,0.00,0.00,0.00,0.18,212,31
36925,0.5,-1.0,-33.6,0.045,-0.030,-1.032,4.6,-4.0,0.0,0.0161,-0.0125,0.0074,1209,1287,1320,1269,0.00,0.01,2.69,0.18,0.5893,1,1,0,0.01,0.00,0.00,0.00,0.00,0.00,0.19,211,31
36935,-0.7,0.8,69.2,-0.018,0.091,-1.105,4.6,-4.0,0.0,0.0169,-0.0149,-0.0671,1090,1388,1219,1389,0.00,0.01,2.69,0.18,0.5893,1,1,0,0.01,0.00,0.00,0.00,0.00,0.00,0.19,211,31
36945,0.0,-2.8,-35.4,0.004,-0.027,-0.964,4.6,-4.0,0.0,0.0160,-0.0112,0.0166,1278,1219,1375,1204,0.00,0.01,2.69,0.18,0.5881,1,1,0,0.01,0.00,0.00,0.00,0.00,0.00,0.18,210,31
36955,1.0,0.2,-35.9,0.065,-0.062,-0.920,4.6,-4.1,0.0,0.0153,-0.0154,0.0096,1205,1270,1329,1272,0.00,0.01,2.69,0.18,0.5881,1,1,0,0.01,0.00,0.00,0.00,0.00,0.00,0.18,210,31
36965,-0.2,4.2,69.1,-0.042,0.118,-1.100,4.6,-4.0,0.0,0.0165,-0.0178,-0.0671,1068,1381,1194,1378,0.00,0.01,2.69,0.18,0.5808,1,1,0,0.01,0.00,0.00,0.00,0.00,0.00,0.17,210,31
36975,-0.2,-9.0,-29.8,0.010,-0.014,-1.061,4.6,-4.0,0.0,0.0164,-0.0050,0.0121,1265,1221,1348,1187,0.00,0.01,2.69,0.18,0.5808,1,1,0,0.01,0.00,0.00,0.00,0.00,0.00,0.16,210,31
36985,-0.2,2.4,-40.7,0.076,-0.076,-0.879,4.6,-4.1,0.0,0.0161,-0.0184,0.0138,1194,1242,1329,1256,0.00,0.01,2.69,0.18,0.5808,1,1,0,0.01,0.00,0.00,0.00,0.00,0.00,0.16,210,31
36995,1.0,5.4,68.5,-0.043,0.125,-1.048,4.6,-4.0,0.0,0.0152,-0.0189,-0.0667,1070,1380,1190,1380,0.00,0.01,2.69,0.18,0.5808,1,1,0,0.01,0.00,0.00,0.00,0.00,0.00,0.17,211,31
37005,-1.1,-7.9,-30.8,0.012,0.004,-1.097,4.6,-4.0,0.0,0.0173,-0.0061,0.0129,1260,1219,1352,1181,0.00,0.01,2.69,0.18,0.5796,1,1,0,0.01,0.00,0.00,0.00,0.00,0.00,0.17,211,31
37016,-1.2,1.5,-41.2,0.053,-0.083,-0.946,4.6,-4.1,0.0,0.0167,-0.0167,0.0141,1206,1234,1333,1238,0.00,0.01,2.69,0.18,0.5796,1,1,0,0.01,0.00,0.00,0.00,0.00,0.00,0.17,211,31
37026,1.2,3.2,69.7,-0.022,0.087,-1.005,4.6,-4.0,0.0,0.0149,-0.0169,-0.0677,1068,1377,1186,1380,0.00,0.01,2.70,0.18,0.5796,1,1,0,0.01,0.00,0.00,0.00,0.00,0.00,0.17,211,31
37036,0.0,-2.6,-25.9,-0.008,0.028,-1.010,4.6,-4.0,0.0,0.0161,-0.0110,0.0117,1254,1216,1350,1191,0.00,0.01,2.69,0.18,0.5796,1,1,0,0.01,0.00,0.00,0.00,0.00,0.00,0.17,210,31
37046,-0.9,-3.2,-43.8,0.053,-0.067,-1.063,4.6,-4.0,0.0,0.0170,-0.0112,0.0189,1213,1241,1324,1224,0.00,0.01,2.69,0.18,0.5784,1,1,0,0.01,0.00,0.00,0.00,0.00,0.00,0.16,210,31
37056,-0.1,4.3,68.6,-0.005,0.068,-0.977,4.6,-4.0,0.0,0.0163,-0.0185,-0.0666,1056,1370,1194,1382,0.00,0.01,2.69,0.18,0.5784,1,1,0,0.01,0.00,0.00,0.00,0.00,0.00,0.17,210,31
37066,0.5,-1.1,-23.9,-0.016,0.010,-0.950,4.6,-3.9,0.0,0.0153,-0.0111,0.0152,1241,1223,1336,1202,0.00,0.01,2.69,0.18,0.5784,1,1,0,0.01,0.00,0.00,0.00,0.00,0.00,0.18,210,31
37076,-0.9,-4.4,-46.3,0.075,-0.038,-1.075,4.6,-4.0,0.0,0.0172,-0.0097,0.0253,1227,1230,1337,1208,0.00,0.01,2.69,0.18,0.5784,1,1,0,0.01,0.00,0.00,0.00,0.00,0.00,0.18,210,31
37086,0.6,4.6,69.1,-0.029,0.088,-1.016,4.6,-4.0,0.0,0.0156,-0.0187,-0.0670,1044,1359,1174,1370,0.00,0.01,2.70,0.18,0.5710,1,1,0,0.01,0.00,0.00,0.00,0.00,0.00,0.17,210,31
37096,0.7,-3.3,-21.1,-0.013,0.004,-0.929,4.6,-4.0,0.0,0.0154,-0.0105,0.0081,1225,1211,1320,1191,0.00,0.01,2.69,0.18,0.5710,1,1,0,0.01,0.00,0.00,0.00,0.00,0.00,0.17,210,31
37106,-0.7,0.7,-48.8,0.050,-0.013,-1.011,4.6,-4.0,0.0,0.0170,-0.0150,0.0273,1210,1208,1331,1198,0.00,0.01,2.69,0.18,0.5710,1,1,0,0.01,0.00,0.00,0.00,0.00,0.00,0.16,210,31
37116,0.5,0.0,70.3,-0.037,0.068,-1.126,4.6,-3.9,0.0,0.0155,-0.0132,-0.0690,1053,1372,1161,1362,0.00,0.01,2.70,0.17,0.5710,1,1,0,0.01,0.00,0.00,0.00,0.00,0.00,0.17,210,31
37127,-1.3,-1.5,-19.8,-0.003,-0.015,-0.914,4.6,-4.0,0.0,0.0175,-0.0125,0.0041,1208,1213,1326,1201,0.00,0.01,2.69,0.17,0.5710,1,1,0,0.01,0.00,0.00,0.00,0.00,0.00,0.18,210,30
37137,0.1,0.6,-50.2,0.045,-0.019,-0.960,4.6,-4.0,0.0,0.0162,-0.0145,0.0262,1210,1212,1325,1199,0.00,0.01,2.69,0.17,0.5710,1,1,0,0.01,0.00,0.00,0.00,0.00,0.00,0.18,210,30
37147,-0.5,0.0,68.3,-0.010,0.069,-1.150,4.6,-4.0,0.0,0.0168,-0.0143,-0.0671,1032,1350,1150,1341,0.00,0.01,2.70,0.17,0.5613,1,1,0,0.01,0.00,0.00,0.00,0.00,0.00,0.18,210,30
37157,0.1,-0.3,-14.8,-0.015,-0.021,-0.930,4.6,-4.0,0.0,0.0161,-0.0138,0.0001,1184,1200,1294,1194,0.00,0.01,2.69,0.17,0.5613,1,1,0,0.01,0.00,0.00,0.00,0.00,0.00,0.17,210,30
37167,1.3,-1.6,-53.9,0.055,-0.027,-0.926,4.6,-4.0,0.0,0.0150,-0.0127,0.0295,1199,1161,1306,1152,0.00,0.01,2.69,0.17,0.5539,1,1,0,0.01,0.00,0.00,0.00,0.00,0.00,0.17,210,30
37177,0.1,3.8,67.4,-0.031,0.085,-1.130,4.6,-4.0,0.0,0.0160,-0.0175,-0.0666,1014,1331,1138,1335,0.00,0.01,2.70,0.17,0.5539,1,1,0,0.01,0.00,0.00,0.00,0.00,0.00,0.16,210,30
37187,0.7,-6.1,-10.8,-0.010,-0.009,-0.983,4.6,-4.0,0.0,0.0154,-0.0080,-0.0029,1176,1200,1269,1173,0.00,0.01,2.69,0.17,0.5539,1,1,0,0.01,0.00,0.00,0.00,0.00,0.00,0.16,210,30
37197,-0.3,2.0,-58.0,0.054,-0.020,-0.888,4.6,-4.1,0.0,0.0169,-0.0162,0.0285,1196,1152,1321,1149,0.00,0.01,2.69,0.17,0.5539,1,1,0,0.01,0.00,0.00,0.00,0.00,0.00,0.16,211,30
37207,0.4,-0.3,71.8,-0.025,0.058,-1.143,4.6,-4.0,0.0,0.0157,-0.0128,-0.0711,1015,1343,1123,1332,0.00,0.01,2.70,0.17,0.5533,1,1,0,0.01,0.00,0.00,0.00,0.00,0.00,0.17,210,30
37217,-1.3,-1.5,-11.1,-0.027,-0.021,-0.933,4.6,-4.0,0.0,0.0175,-0.0127,-0.0027,1164,1191,1279,1179,0.00,0.01,2.69,0.17,0.5533,1,1,0,0.01,0.00,0.00,0.00,0.00,0.00,0.17,210,30
37227,-0.2,-0.6,-56.3,0.050,-0.014,-0.946,4.6,-4.0,0.0,0.0175,-0.0133,0.0275,1197,1159,1314,1143,0.00,0.01,2.69,0.17,0.5533,1,1,0,0.01,0.00,0.00,0.00,0.00,0.00,0.18,209,30
37237,-0.4,2.8,65.0,-0.020,0.058,-1.113,4.6,-4.0,0.0,0.0164,-0.0169,-0.0646,1016,1327,1141,1329,0.00,0.01,2.70,0.17,0.5533,1,1,0,0.01,0.00,0.00,0.00,0.00,0.00,0.17,208,30
37248,1.6,-3.1,-6.3,-0.011,0.006,-0.936,4.6,-4.0,0.0,0.0146,-0.0110,-0.0066,1154,1212,1250,1198,0.00,0.01,2.69,0.17,0.5533,1,1,0,0.01,0.00,0.00,0.00,0.00,0.00,0.16,208,30
37258,-1.2,0.3,-57.8,0.045,-0.023,-0.949,4.6,-4.0,0.0,0.0178,-0.0143,0.0291,1198,1155,1319,1142,0.00,0.01,2.69,0.17,0.5533,1,1,0,0.01,0.00,0.00,0.00,0.00,0.00,0.17,208,30
37268,1.6,1.4,64.8,-0.013,0.058,-1.098,4.6,-4.0,0.0,0.0146,-0.0156,-0.0636,1019,1328,1131,1326,0.00,0.01,2.70,0.17,0.5521,1,1,0,0.01,0.00,0.00,0.00,0.00,0.00,0.19,208,30
37278,-1.4,-0.1,-6.9,-0.017,0.011,-0.934,4.6,-4.0,0.0,0.0177,-0.0141,-0.0061,1140,1207,1261,1196,0.00,0.01,2.69,0.17,0.5521,1,1,0,0.01,0.00,0.00,0.00,0.00,0.00,0.19,208,30
37288,-0.1,-2.2,-56.3,0.040,-0.040,-1.006,4.6,-4.0,0.0,0.0170,-0.0112,0.0284,1186,1143,1293,1121,0.00,0.01,2.69,0.17,0.5442,1,1,0,0.01,0.00,0.00,0.00,0.00,0.00,0.18,208,30
37298,-0.5,3.5,59.5,-0.009,0.028,-1.047,4.6,-4.0,0.0,0.0169,-0.0177,-0.0593,1005,1300,1135,1304,0.00,0.01,2.70,0.17,0.5442,1,1,0,0.01,0.00,0.00,0.00,0.00,0.00,0.16,208,30
37308,2.1,-0.9,3.3,-0.026,0.055,-0.958,4.5,-4.0,0.0,0.0141,-0.0131,-0.0116,1123,1201,1225,1195,0.00,0.01,2.69,0.17,0.5442,1,1,0,0.01,0.00,0.00,0.00,0.00,0.00,0.16,208,30
37318,-1.7,-1.8,-60.5,0.069,-0.044,-1.022,4.5,-4.0,0.0,0.0178,-0.0124,0.0325,1190,1135,1305,1114,0.00,0.01,2.69,0.17,0.5442,1,1,0,0.01,0.00,0.00,0.00,0.00,0.00,0.15,208,30
37328,1.9,3.2,59.2,-0.011,0.023,-0.982,4.6,-4.0,0.0,0.0143,-0.0174,-0.0591,1009,1297,1129,1308,0.00,0.01,2.70,0.17,0.5442,1,1,0,0.01,0.00,0.00,0.00,0.00,0.00,0.17,208,30
37338,-2.8,0.0,5.7,-0.029,0.074,-0.997,4.6,-4.0,0.0,0.0195,-0.0138,-0.0077,1108,1211,1235,1190,0.00,0.01,2.69,0.17,0.5442,1,1,0,0.01,0.00,0.00,0.00,0.00,0.00,0.18,209,30
37348,0.6,-5.5,-60.6,0.071,-0.086,-1.014,4.6,-4.0,0.0,0.0157,-0.0087,0.0356,1201,1136,1296,1111,0.00,0.01,2.69,0.17,0.5442,1,1,0,0.01,0.00,0.00,0.00,0.00,0.00,0.18,209,30
37359,0.0,5.7,55.1,0.000,0.062,-0.983,4.6,-4.0,0.0,0.0163,-0.0200,-0.0558,1005,1289,1143,1307,0.00,0.01,2.70,0.17,0.5442,1,1,0,0.01,0.00,0.00,0.00,0.00,0.00,0.17,209,30
37369,0.4,-1.5,12.0,-0.047,0.056,-1.050,4.5,-3.9,0.0,0.0158,-0.0104,-0.0124,1113,1220,1212,1199,0.00,0.01,2.69,0.17,0.5442,1,1,0,0.01,0.00,0.00,0.00,0.00,0.00,0.16,210,30
37379,-0.4,-3.7,-66.2,0.081,-0.085,-0.966,4.6,-4.1,0.0,0.0168,-0.0106,0.0412,1206,1122,1314,1102,0.00,0.01,2.69,0.17,0.5442,1,1,0,0.01,0.00,0.00,0.00,0.00,0.00,0.17,210,30
37389,1.9,6.7,56.8,-0.020,0.068,-0.992,4.6,-4.0,0.0,0.0147,-0.0205,-0.0628,1001,1294,1134,1316,0.00,0.01,2.70,0.17,0.5442,1,1,0,0.01,0.00,0.00,0.00,0.00,0.00,0.18,210,30
37399,-1.9,-2.9,10.5,-0.036,0.019,-1.041,4.5,-3.9,0.0,0.0177,-0.0102,-0.0107,1113,1221,1219,1192,0.00,0.01,2.69,0.17,0.5442,1,1,0,0.01,0.00,0.00,0.00,0.00,0.00,0.18,210,30
37409,0.6,-3.2,-65.4,0.080,-0.072,-0.949,4.6,-4.1,0.0,0.0157,-0.0111,0.0406,1205,1120,1310,1105,0.00,0.01,2.69,0.17,0.5436,1,1,0,0.01,0.00,0.00,0.00,0.00,0.00,0.18,210,30
37419,-0.8,6.0,53.3,-0.030,0.070,-1.009,4.6,-4.0,0.0,0.0167,-0.0193,-0.0599,1003,1293,1140,1303,0.00,0.01,2.70,0.17,0.5436,1,1,0,0.01,0.00,0.00,0.00,0.00,0.00,0.17,210,30
37429,0.3,-4.8,14.2,-0.023,0.011,-1.070,4.6,-4.0,0.0,0.0161,-0.0091,-0.0199,1112,1225,1206,1196,0.00,0.01,2.69,0.17,0.5436,1,1,0,0.01,0.00,0.00,0.00,0.00,0.00,0.16,210,30
37439,0.6,-0.6,-67.5,0.070,-0.018,-0.895,4.6,-4.1,0.0,0.0157,-0.0137,0.0423,1203,1112,1317,1107,0.00,0.01,2.69,0.17,0.5436,1,1,0,0.01,0.00,0.00,0.00,0.00,0.00,0.18,210,30
37449,0.8,4.0,54.3,-0.042,0.042,-1.053,4.6,-4.0,0.0,0.0156,-0.0179,-0.0571,1008,1296,1133,1302,0.00,0.01,2.70,0.17,0.5436,1,1,0,0.01,0.00,0.00,0.00,0.00,0.00,0.20,210,30
37460,-0.3,-3.9,15.9,-0.007,0.019,-1.030,4.6,-4.0,0.0,0.0167,-0.0103,-0.0244,1098,1232,1201,1208,0.00,0.01,2.69,0.17,0.5436,1,1,0,0.01,0.00,0.00,0.00,0.00,0.00,0.19,210,31
37470,0.3,-0.9,-67.7,0.064,-0.035,-0.912,4.6,-4.0,0.0,0.0172,-0.0133,0.0392,1201,1118,1317,1103,0.00,0.01,2.69,0.17,0.5436,1,1,0,0.01,0.00,0.00,0.00,0.00,0.00,0.18,210,31
37480,-0.4,3.0,49.2,-0.009,0.025,-1.055,4.6,-4.0,0.0,0.0168,-0.0173,-0.0511,1012,1294,1135,1298,0.00,0.01,2.70,0.17,0.5436,1,1,0,0.01,0.00,0.00,0.00,0.00,0.00,0.17,210,31
37490,0.1,-1.0,24.2,-0.018,0.025,-1.004,4.6,-4.0,0.0,0.0163,-0.0134,-0.0282,1086,1233,1200,1221,0.00,0.01,2.69,0.17,0.5436,1,1,0,0.01,0.00,0.00,0.00,0.00,0.00,0.17,210,31
37500,0.0,-0.9,-67.3,0.048,-0.019,-0.947,4.6,-4.0,0.0,0.0165,-0.0130,0.0412,1204,1119,1314,1103,0.00,0.01,2.69,0.17,0.5436,1,1,0,0.01,0.00,0.00,0.00,0.00,0.00,0.16,210,31
37510,0.0,3.0,44.5,0.018,-0.005,-1.047,4.6,-4.0,0.0,0.0164,-0.0173,-0.0474,1024,1280,1152,1283,0.00,0.01,2.70,0.17,0.5436,1,1,0,0.01,0.00,0.00,0.00,0.00,0.00,0.16,210,31
37520,0.0,1.0,26.7,-0.016,0.068,-0.969,4.5,-4.0,0.0,0.0161,-0.0148,-0.0253,1078,1235,1196,1230,0.00,0.01,2.69,0.17,0.5436,1,1,0,0.01,0.00,0.00,0.00,0.00,0.00,0.17,210,31
37530,0.0,-4.3,-66.9,0.059,-0.059,-0.985,4.6,-4.0,0.0,0.0165,-0.0098,0.0413,1210,1122,1311,1096,0.00,0.01,2.69,0.17,0.5436,1,1,0,0.01,0.00,0.00,0.00,0.00,0.00,0.17,209,31
37540,0.5,4.2,43.5,0.012,-0.016,-1.023,4.6,-4.0,0.0,0.0158,-0.0186,-0.0466,1023,1275,1154,1288,0.00,0.01,2.70,0.17,0.5436,1,1,0,0.01,0.00,0.00,0.00,0.00,0.00,0.18,210,31
37550,-0.9,1.0,28.4,-0.048,0.072,-0.981,4.6,-3.9,0.0,0.0175,-0.0142,-0.0263,1075,1241,1195,1228,0.00,0.01,2.69,0.17,0.5436,1,1,0,0.01,0.00,0.00,0.00,0.00,0.00,0.18,210,31
37560,1.7,-5.6,-67.4,0.077,-0.059,-1.000,4.6,-4.0,0.0,0.0147,-0.0086,0.0422,1216,1120,1306,1098,0.00,0.01,2.69,0.17,0.5436,1,1,0,0.01,0.00,0.00,0.00,0.00,0.00,0.17,210,31
37570,-0.9,6.1,39.7,0.009,0.010,-0.993,4.6,-4.0,0.0,0.0174,-0.0205,-0.0435,1019,1267,1163,1281,0.00,0.01,2.70,0.17,0.5424,1,1,0,0.01,0.00,0.00,0.00,0.00,0.00,0.16,210,31
37581,0.1,-0.3,31.9,-0.050,0.076,-1.025,4.5,-3.9,0.0,0.0162,-0.0123,-0.0294,1073,1246,1181,1231,0.00,0.01,2.69,0.17,0.5424,1,1,0,0.01,0.00,0.00,0.00,0.00,0.00,0.19,210,31
37591,-0.2,-6.2,-71.0,0.092,-0.096,-0.981,4.6,-4.0,0.0,0.0167,-0.0081,0.0450,1218,1113,1316,1083,0.00,0.01,2.69,0.17,0.5424,1,1,0,0.01,0.00,0.00,0.00,0.00,0.00,0.21,209,31
37601,0.8,6.6,37.8,0.000,0.039,-0.973,4.6,-4.0,0.0,0.0155,-0.0210,-0.0448,1019,1267,1157,1288,0.00,0.01,2.70,0.17,0.5424,1,1,0,0.01,0.00,0.00,0.00,0.00,0.00,0.20,210,31
37611,-0.9,-1.8,34.6,-0.038,0.042,-1.068,4.6,-3.9,0.0,0.0171,-0.0116,-0.0306,1070,1251,1179,1230,0.00,0.01,2.69,0.17,0.5424,1,1,0,0.01,0.00,0.00,0.00,0.00,0.00,0.19,210,31
37621,0.9,-2.3,-71.9,0.081,-0.055,-0.960,4.6,-4.0,0.0,0.0154,-0.0120,0.0458,1199,1086,1305,1076,0.00,0.01,2.69,0.17,0.5338,1,1,0,0.01,0.00,0.00,0.00,0.00,0.00,0.17,210,31
37631,-1.3,5.3,34.3,-0.007,0.012,-0.965,4.6,-4.0,0.0,0.0174,-0.0188,-0.0471,1009,1253,1146,1258,0.00,0.01,2.70,0.17,0.5338,1,1,0,0.01,0.00,0.00,0.00,0.00,0.00,0.16,210,31
37641,1.2,-3.1,40.6,-0.017,0.038,-1.086,4.6,-4.0,0.0,0.0154,-0.0112,-0.0388,1039,1244,1140,1228,0.00,0.01,2.69,0.17,0.5320,1,1,0,0.01,0.00,0.00,0.00,0.00,0.00,0.16,210,31
37651,-0.1,0.7,-72.7,0.069,-0.029,-0.922,4.6,-4.0,0.0,0.0166,-0.0151,0.0464,1189,1079,1310,1075,0.00,0.01,2.69,0.17,0.5320,1,1,0,0.01,0.00,0.00,0.00,0.00,0.00,0.15,210,31
37661,1.1,3.5,35.7,-0.009,0.005,-1.018,4.6,-4.0,0.0,0.0152,-0.0174,-0.0480,1011,1250,1134,1258,0.00,0.01,2.70,0.17,0.5320,1,1,0,0.01,0.00,0.00,0.00,0.00,0.00,0.16,210,31
37671,-0.7,-1.1,38.2,-0.010,0.054,-1.051,4.6,-4.0,0.0,0.0172,-0.0132,-0.0423,1043,1230,1161,1218,0.00,0.01,2.69,0.17,0.5320,1,1,0,0.01,0.00,0.00,0.00,0.00,0.00,0.17,210,31
37682,0.3,-1.7,-68.3,0.055,-0.026,-0.947,4.6,-4.0,0.0,0.0166,-0.0121,0.0426,1174,1076,1283,1059,0.00,0.01,2.69,0.17,0.5241,1,1,0,0.01,0.00,0.00,0.00,0.00,0.00,0.17,210,31
37692,0.4,1.4,27.1,0.024,-0.021,-1.018,4.6,-4.0,0.0,0.0160,-0.0159,-0.0334,1003,1230,1128,1231,0.00,0.01,2.70,0.17,0.5241,1,1,0,0.01,0.00,0.00,0.00,0.00,0.00,0.18,210,31
37702,-1.0,3.0,44.0,-0.028,0.069,-1.042,4.6,-3.9,0.0,0.0176,-0.0169,-0.0399,1007,1225,1138,1222,0.00,0.01,2.69,0.17,0.5241,1,1,0,0.01,0.00,0.00,0.00,0.00,0.00,0.17,210,31
37712,1.7,-5.0,-69.3,0.062,-0.059,-0.936,4.6,-4.0,0.0,0.0146,-0.0090,0.0444,1188,1075,1276,1053,0.00,0.01,2.69,0.17,0.5241,1,1,0,0.01,0.00,0.00,0.00,0.00,0.00,0.16,209,31
37722,-0.9,5.3,24.3,0.026,-0.014,-1.028,4.6,-4.1,0.0,0.0175,-0.0198,-0.0312,994,1220,1142,1235,0.00,0.01,2.70,0.17,0.5241,1,1,0,0.01,0.00,0.00,0.00,0.00,0.00,0.17,209,31
37732,0.9,1.1,48.1,-0.035,0.059,-1.039,4.6,-3.9,0.0,0.0153,-0.0149,-0.0480,1011,1233,1121,1227,0.00,0.01,2.69,0.17,0.5241,1,1,0,0.01,0.00,0.00,0.00,0.00,0.00,0.18,209,31
37742,0.1,-6.1,-70.4,0.070,-0.064,-0.966,4.6,-4.0,0.0,0.0164,-0.0082,0.0446,1185,1075,1284,1048,0.00,0.01,2.69,0.17,0.5241,1,1,0,0.01,0.00,0.00,0.00,0.00,0.00,0.18,209,31
37752,-1.2,8.2,20.4,0.027,-0.035,-1.015,4.6,-4.0,0.0,0.0177,-0.0228,-0.0369,1001,1208,1155,1228,0.00,0.01,2.70,0.17,0.5241,1,1,0,0.01,0.00,0.00,0.00,0.00,0.00,0.18,210,31
37762,0.9,-3.3,51.2,-0.025,0.065,-1.047,4.6,-3.9,0.0,0.0156,-0.0109,-0.0527,1016,1242,1115,1219,0.00,0.01,2.69,0.17,0.5241,1,1,0,0.01,0.00,0.00,0.00,0.00,0.00,0.17,210,31
37772,-0.3,-0.2,-69.9,0.067,-0.043,-0.968,4.6,-4.0,0.0,0.0168,-0.0142,0.0442,1172,1067,1295,1058,0.00,0.01,2.69,0.17,0.5241,1,1,0,0.01,0.00,0.00,0.00,0.00,0.00,0.16,210,31
37783,0.8,2.1,17.1,0.026,-0.040,-0.983,4.6,-4.0,0.0,0.0155,-0.0162,-0.0283,1026,1211,1142,1213,0.00,0.01,2.70,0.17,0.5241,1,1,0,0.01,0.00,0.00,0.00,0.00,0.00,0.18,210,31
37793,-0.4,0.8,51.5,-0.019,0.094,-1.072,4.6,-4.0,0.0,0.0169,-0.0152,-0.0529,999,1233,1128,1232,0.00,0.01,2.69,0.17,0.5241,1,1,0,0.01,0.00,0.00,0.00,0.00,0.00,0.19,210,31
37803,0.9,-3.0,-67.0,0.063,-0.065,-0.982,4.5,-4.0,0.0,0.0151,-0.0102,0.0437,1183,1075,1278,1056,0.00,0.01,2.69,0.17,0.5241,1,1,0,0.01,0.00,0.00,0.00,0.00,0.00,0.18,210,31
37813,-0.6,0.1,15.0,0.034,-0.017,-0.973,4.6,-4.0,0.0,0.0175,-0.0161,-0.0326,1023,1212,1150,1207,0.00,0.01,2.70,0.17,0.5241,1,1,0,0.01,0.00,0.00,0.00,0.00,0.00,0.17,210,31
37823,-0.2,4.8,54.2,-0.019,0.073,-1.076,4.6,-3.9,0.0,0.0168,-0.0192,-0.0551,982,1240,1115,1246,0.00,0.01,2.69,0.17,0.5228,1,1,0,0.01,0.00,0.00,0.00,0.00,0.00,0.17,210,31
37833,2.5,-8.1,-68.4,0.067,-0.032,-0.926,4.6,-4.0,0.0,0.0140,-0.0062,0.0430,1191,1076,1268,1047,0.00,0.01,2.69,0.17,0.5228,1,1,0,0.01,0.00,0.00,0.00,0.00,0.00,0.17,211,31
37843,-0.6,7.7,13.0,0.028,-0.014,-1.030,4.6,-4.1,0.0,0.0178,-0.0236,-0.0312,1008,1194,1165,1216,0.00,0.01,2.70,0.17,0.5228,1,1,0,0.01,0.00,0.00,0.00,0.00,0.00,0.16,211,31
37853,1.0,-2.8,54.1,-0.019,0.050,-1.039,4.5,-3.9,0.0,0.0154,-0.0114,-0.0550,1002,1252,1097,1232,0.00,0.01,2.69,0.17,0.5228,1,1,0,0.01,0.00,0.00,0.00,0.00,0.00,0.16,211,31
37863,-1.0,-2.8,-66.1,0.055,-0.043,-0.941,4.6,-4.0,0.0,0.0177,-0.0133,0.0432,1168,1072,1286,1056,0.00,0.01,2.69,0.17,0.5228,1,1,0,0.01,0.00,0.00,0.00,0.00,0.00,0.16,211,31
37873,-0.3,6.2,8.6,0.034,-0.066,-1.029,4.6,-4.0,0.0,0.0169,-0.0207,-0.0186,1030,1185,1168,1199,0.00,0.01,2.70,0.17,0.5228,1,1,0,0.01,0.00,0.00,0.00,0.00,0.00,0.18,211,31
37883,-0.1,-2.8,57.7,-0.027,0.093,-1.030,4.6,-4.0,0.0,0.0169,-0.0125,-0.0524,990,1252,1101,1235,0.00,0.01,2.69,0.17,0.5222,1,1,0,0.01,0.00,0.00,0.00,0.00,0.00,0.18,210,31
37894,-0.6,0.5,-62.3,0.051,-0.057,-1.020,4.6,-4.0,0.0,0.0172,-0.0149,0.0381,1166,1071,1283,1059,0.00,0.01,2.69,0.17,0.5222,1,1,0,0.01,0.00,0.00,0.00,0.00,0.00,0.17,209,31
37904,0.3,-2.0,-3.2,0.047,-0.041,-0.939,4.6,-4.0,0.0,0.0161,-0.0124,-0.0120,1004,1223,1129,1222,0.00,0.01,2.70,0.17,0.5222,1,1,0,0.01,0.00,0.00,0.00,0.00,0.00,0.16,209,31
37914,-0.4,6.5,60.1,-0.030,0.092,-1.099,4.6,-4.0,0.0,0.0171,-0.0211,-0.0584,984,1229,1126,1238,0.00,0.01,2.69,0.17,0.5222,1,1,0,0.01,0.00,0.00,0.00,0.00,0.00,0.18,208,30
37924,2.5,-8.6,-62.3,0.068,-0.043,-0.946,4.5,-3.9,0.0,0.0140,-0.0057,0.0381,1195,1077,1263,1043,0.00,0.01,2.69,0.17,0.5222,1,1,0,0.01,0.00,0.00,0.00,0.00,0.00,0.19,208,30
37934,-0.8,3.4,-1.6,0.034,-0.016,-1.009,4.6,-4.1,0.0,0.0176,-0.0204,-0.0199,1006,1196,1161,1215,0.00,0.01,2.70,0.17,0.5222,1,1,0,0.01,0.00,0.00,0.00,0.00,0.00,0.19,208,30
37944,1.3,2.1,63.7,-0.016,0.061,-1.073,4.6,-3.9,0.0,0.0148,-0.0148,-0.0596,1007,1240,1099,1223,0.00,0.01,2.69,0.17,0.5210,1,1,0,0.01,0.00,0.00,0.00,0.00,0.00,0.18,209,30
37954,-0.3,-6.3,-61.4,0.046,-0.034,-0.935,4.6,-4.0,0.0,0.0173,-0.0098,0.0412,1169,1067,1284,1050,0.00,0.01,2.69,0.17,0.5210,1,1,0,0.01,0.00,0.00,0.00,0.00,0.00,0.17,209,30
37964,-1.2,6.9,-2.4,0.044,-0.080,-1.039,4.6,-4.0,0.0,0.0173,-0.0214,-0.0185,1016,1192,1155,1206,0.00,0.01,2.70,0.17,0.5210,1,1,0,0.01,0.00,0.00,0.00,0.00,0.00,0.16,209,30
37974,0.3,-4.0,60.0,-0.007,0.097,-1.006,4.5,-3.9,0.0,0.0162,-0.0103,-0.0597,992,1246,1101,1229,0.00,0.01,2.69,0.17,0.5210,1,1,0,0.01,0.00,0.00,0.00,0.00,0.00,0.16,209,30
37984,-0.8,-0.3,-57.9,0.039,-0.037,-1.026,4.5,-4.0,0.0,0.0174,-0.0136,0.0386,1147,1053,1260,1035,0.00,0.01,2.69,0.17,0.5112,1,1,0,0.01,0.00,0.00,0.00,0.00,0.00,0.15,210,30
37994,1.7,-0.8,-4.7,0.054,-0.044,-0.935,4.6,-4.0,0.0,0.0147,-0.0134,-0.0109,1015,1180,1124,1176,0.00,0.01,2.70,0.17,0.5112,1,1,0,0.01,0.00,0.00,0.00,0.00,0.00,0.16,210,30
38005,-0.2,4.3,64.2,-0.051,0.104,-1.118,4.5,-4.0,0.0,0.0169,-0.0199,-0.0594,953,1216,1095,1230,0.00,0.01,2.69,0.17,0.5112,1,1,0,0.01,0.00,0.00,0.00,0.00,0.00,0.18,210,30
38015,2.1,-6.5,-57.6,0.054,-0.043,-0.970,4.5,-3.9,0.0,0.0143,-0.0073,0.0361,1169,1059,1243,1025,0.00,0.01,2.69,0.17,0.5112,1,1,0,0.01,0.00,0.00,0.00,0.00,0.00,0.18,210,30
38025,-1.5,0.8,-11.5,0.027,-0.026,-0.982,4.6,-4.0,0.0,0.0181,-0.0154,-0.0025,1000,1173,1143,1180,0.00,0.01,2.70,0.17,0.5112,1,1,0,0.01,0.00,0.00,0.00,0.00,0.00,0.17,210,30
38035,0.6,3.2,68.2,-0.006,0.058,-1.091,4.5,-3.9,0.0,0.0157,-0.0170,-0.0650,966,1231,1075,1223,0.00,0.01,2.70,0.17,0.5112,1,1,0,0.01,0.00,0.00,0.00,0.00,0.00,0.16,210,30
38045,0.2,-6.1,-58.7,0.030,-0.017,-0.952,4.5,-4.0,0.0,0.0163,-0.0088,0.0368,1153,1050,1258,1034,0.00,0.01,2.69,0.17,0.5112,1,1,0,0.01,0.00,0.00,0.00,0.00,0.00,0.17,210,30
38055,-0.1,5.0,-12.4,0.039,-0.099,-1.046,4.5,-4.0,0.0,0.0168,-0.0195,-0.0018,1012,1165,1141,1177,0.00,0.01,2.70,0.17,0.5112,1,1,0,0.01,0.00,0.00,0.00,0.00,0.00,0.18,210,30
38065,-0.3,-1.6,66.6,0.009,0.131,-1.027,4.5,-3.9,0.0,0.0171,-0.0127,-0.0618,960,1237,1076,1222,0.00,0.01,2.70,0.17,0.5112,1,1,0,0.01,0.00,0.00,0.00,0.00,0.00,0.18,210,30
38075,0.2,-1.3,-54.3,0.028,-0.075,-0.998,4.5,-4.0,0.0,0.0164,-0.0131,0.0317,1155,1048,1257,1035,0.00,0.01,2.69,0.17,0.5112,1,1,0,0.01,0.00,0.00,0.00,0.00,0.00,0.18,210,30
38085,-1.0,1.0,-17.8,0.079,-0.030,-0.990,4.6,-4.0,0.0,0.0178,-0.0159,-0.0003,1005,1171,1147,1173,0.00,0.01,2.70,0.17,0.5112,1,1,0,0.01,0.00,0.00,0.00,0.00,0.00,0.17,209,30
38095,1.1,3.0,67.6,-0.042,0.098,-1.072,4.5,-4.0,0.0,0.0153,-0.0170,-0.0626,959,1229,1075,1232,0.00,0.01,2.70,0.17,0.5112,1,1,0,0.01,0.00,0.00,0.00,0.00,0.00,0.17,209,30
38105,0.3,-7.1,-55.0,0.064,-0.028,-0.974,4.6,-4.0,0.0,0.0167,-0.0077,0.0363,1154,1051,1257,1024,0.00,0.01,2.69,0.17,0.5100,1,1,0,0.01,0.00,0.00,0.00,0.00,0.00,0.18,208,30
38116,-0.3,3.4,-17.1,0.021,-0.033,-1.003,4.5,-4.0,0.0,0.0168,-0.0182,-0.0010,1018,1151,1153,1164,0.00,0.01,2.70,0.17,0.5100,1,1,0,0.01,0.00,0.00,0.00,0.00,0.00,0.20,208,30
38126,0.8,-0.8,65.5,-0.004,0.078,-1.065,4.5,-3.9,0.0,0.0164,-0.0129,-0.0606,948,1220,1061,1201,0.00,0.01,2.69,0.17,0.5027,1,1,0,0.01,0.00,0.00,0.00,0.00,0.00,0.19,208,31
38136,-0.3,-1.9,-52.0,0.004,-0.019,-0.990,4.5,-4.0,0.0,0.0169,-0.0126,0.0299,1130,1034,1241,1025,0.00,0.01,2.69,0.17,0.5027,1,1,0,0.01,0.00,0.00,0.00,0.00,0.00,0.18,208,31
38146,1.3,-1.2,-19.5,0.070,-0.072,-0.996,4.6,-4.0,0.0,0.0156,-0.0138,-0.0045,1018,1141,1136,1135,0.00,0.01,2.70,0.18,0.5027,1,1,0,0.01,0.00,0.00,0.00,0.00,0.00,0.18,209,31
38156,-2.0,5.1,69.3,-0.066,0.109,-1.083,4.5,-4.0,0.0,0.0185,-0.0197,-0.0663,928,1215,1065,1222,0.00,0.01,2.69,0.18,0.5027,1,1,0,0.01,0.00,0.00,0.00,0.00,0.00,0.18,209,31
38166,3.2,-7.4,-50.1,0.051,-0.038,-0.991,4.5,-4.0,0.0,0.0133,-0.0070,0.0284,1140,1047,1225,1018,0.00,0.01,2.69,0.18,0.5027,1,1,0,0.01,0.00,0.00,0.00,0.00,0.00,0.17,209,31
38176,-1.8,3.7,-20.3,0.027,-0.038,-0.991,4.5,-4.1,0.0,0.0185,-0.0183,0.0045,1009,1129,1152,1140,0.00,0.01,2.70,0.18,0.5027,1,1,0,0.01,0.00,0.00,0.00,0.00,0.00,0.17,209,31
38186,2.3,-0.3,69.9,-0.019,0.081,-1.083,4.5,-3.9,0.0,0.0150,-0.0132,-0.0646,942,1226,1051,1212,0.00,0.01,2.69,0.18,0.5027,1,1,0,0.01,0.00,0.00,0.00,0.00,0.00,0.17,209,31
38196,-1.2,-3.3,-50.3,0.025,0.008,-1.011,4.5,-4.0,0.0,0.0178,-0.0112,0.0286,1124,1041,1239,1026,0.00,0.01,2.69,0.17,0.5027,1,1,0,0.01,0.00,0.00,0.00,0.00,0.00,0.18,209,31
38206,1.8,-0.6,-21.6,0.048,-0.085,-0.975,4.5,-4.0,0.0,0.0148,-0.0139,0.0055,1031,1135,1138,1128,0.00,0.01,2.69,0.18,0.5027,1,1,0,0.01,0.00,0.00,0.00,0.00,0.00,0.18,209,31
38216,-3.1,2.1,70.2,-0.014,0.116,-1.097,4.5,-4.0,0.0,0.0198,-0.0172,-0.0673,914,1228,1061,1227,0.00,0.01,2.69,0.18,0.5027,1,1,0,0.01,0.00,0.00,0.00,0.00,0.00,0.18,210,31
38227,3.6,-5.1,-45.3,0.018,-0.052,-0.987,4.5,-3.9,0.0,0.0127,-0.0086,0.0269,1147,1048,1215,1021,0.00,0.01,2.69,0.18,0.5027,1,1,0,0.01,0.00,0.00,0.00,0.00,0.00,0.18,210,31
38237,-3.3,2.6,-26.2,0.052,-0.039,-0.993,4.5,-4.1,0.0,0.0199,-0.0192,0.0004,1009,1127,1162,1133,0.00,0.01,2.70,0.18,0.5027,1,1,0,0.01,0.00,0.00,0.00,0.00,0.00,0.17,211,31
38247,3.5,1.2,70.8,-0.031,0.082,-1.076,4.5,-3.9,0.0,0.0130,-0.0158,-0.0684,941,1229,1037,1224,0.00,0.01,2.70,0.18,0.5027,1,1,0,0.01,0.00,0.00,0.00,0.00,0.00,0.20,211,31
38257,-1.7,-6.4,-45.4,0.034,0.001,-0.981,4.5,-4.0,0.0,0.0184,-0.0086,0.0269,1122,1047,1237,1025,0.00,0.01,2.69,0.18,0.5027,1,1,0,0.01,0.00,0.00,0.01,0.00,0.00,0.22,211,31
38267,1.5,3.2,-25.3,0.029,-0.097,-1.006,4.5,-4.0,0.0,0.0149,-0.0176,0.0058,1029,1126,1145,1132,0.00,0.01,2.69,0.18,0.5027,1,1,0,0.01,0.00,0.00,0.00,0.00,0.00,0.21,211,31
38277,-2.3,-1.5,68.4,0.009,0.141,-1.079,4.5,-4.0,0.0,0.0190,-0.0130,-0.0665,924,1234,1057,1216,0.00,0.01,2.69,0.18,0.5027,1,1,0,0.01,0.00,-0.01,0.00,0.00,0.00,0.19,211,31
38287,1.1,-1.4,-40.0,-0.004,-0.088,-0.980,4.5,-3.9,0.0,0.0143,-0.0113,0.0273,1132,1050,1216,1033,0.00,0.01,2.69,0.18,0.5027,1,1,0,0.01,0.00,0.00,0.00,0.00,0.00,0.18,211,31
38297,-2.6,0.4,-28.3,0.097,-0.014,-0.994,4.5,-4.1,0.0,0.0195,-0.0159,0.0081,1027,1116,1175,1113,0.00,0.01,2.69,0.18,0.5027,1,1,0,0.01,0.00,-0.01,0.00,0.00,0.00,0.17,211,31
38307,3.1,4.8,72.2,-0.053,0.084,-1.081,4.4,-3.9,0.0,0.0134,-0.0194,-0.0695,935,1226,1036,1234,0.00,0.01,2.70,0.18,0.5027,1,1,0,0.01,0.00,-0.01,0.00,0.00,0.00,0.17,211,31
38317,-1.9,-7.4,-42.3,0.043,0.012,-0.971,4.5,-4.0,0.0,0.0194,-0.0085,0.0290,1118,1056,1235,1022,0.00,0.01,2.69,0.18,0.5027,1,1,0,0.01,0.00,0.00,0.00,0.00,0.00,0.16,211,31
38327,1.2,3.1,-32.2,0.037,-0.075,-1.008,4.5,-4.0,0.0,0.0154,-0.0178,0.0140,1045,1105,1163,1117,0.00,0.01,2.69,0.18,0.5027,1,1,0,0.01,0.00,-0.01,0.00,0.00,0.00,0.17,211,31
38337,-1.1,-2.2,69.1,0.017,0.115,-1.043,4.5,-4.0,0.0,0.0178,-0.0123,-0.0670,927,1239,1048,1216,0.00,0.01,2.69,0.18,0.5027,1,1,0,0.01,0.00,-0.01,0.00,0.00,0.00,0.18,211,31
38348,-1.1,0.8,-35.9,-0.018,-0.070,-1.005,4.4,-4.0,0.0,0.0168,-0.0147,0.0223,1114,1052,1221,1043,0.00,0.01,2.69,0.18,0.5027,1,1,0,0.01,0.00,0.00,0.00,0.00,0.00,0.18,211,31
38358,-1.1,-5.0,-38.8,0.116,-0.032,-0.984,4.5,-4.1,0.0,0.0188,-0.0116,0.0113,1041,1118,1173,1100,0.00,0.01,2.69,0.18,0.5027,1,1,0,0.01,0.00,-0.01,0.00,0.00,0.00,0.18,211,31
38368,-0.3,9.3,72.1,-0.065,0.081,-1.074,4.5,-4.0,0.0,0.0161,-0.0229,-0.0693,925,1224,1042,1239,0.00,0.01,2.70,0.18,0.5027,1,1,0,0.01,0.00,-0.01,0.00,0.00,0.00,0.17,211,31
38378,2.0,-10.0,-36.8,0.047,0.025,-0.944,4.5,-4.0,0.0,0.0147,-0.0045,0.0177,1120,1064,1217,1030,0.00,0.01,2.69,0.18,0.5027,1,1,0,0.01,0.00,0.00,0.00,0.00,0.00,0.16,210,31
38388,-0.5,4.6,-37.3,0.015,-0.053,-1.014,4.5,-4.0,0.0,0.0160,-0.0191,0.0103,1044,1102,1168,1117,0.00,0.01,2.69,0.18,0.5027,1,1,0,0.01,0.00,-0.01,0.00,0.00,0.00,0.18,210,31
38398,0.1,-2.7,68.1,0.012,0.083,-1.028,4.5,-3.9,0.0,0.0166,-0.0118,-0.0662,930,1243,1045,1213,0.00,0.01,2.70,0.18,0.5027,1,1,0,0.01,0.00,-0.01,0.00,0.00,0.00,0.19,211,31
38408,-2.6,0.8,-29.8,-0.011,-0.013,-1.022,4.5,-4.0,0.0,0.0181,-0.0159,0.0197,1102,1056,1222,1052,0.00,0.01,2.69,0.18,0.5027,1,1,0,0.01,0.00,0.00,0.00,0.00,0.00,0.18,211,31
38418,0.0,-5.0,-41.8,0.079,-0.068,-0.953,4.5,-4.0,0.0,0.0167,-0.0096,0.0216,1064,1108,1176,1082,0.00,0.01,2.69,0.18,0.5027,1,1,0,0.01,0.00,-0.01,0.00,0.00,0.00,0.18,211,31
38428,-2.6,9.9,71.8,-0.057,0.074,-1.093,4.5,-4.0,0.0,0.0193,-0.0246,-0.0692,902,1223,1058,1248,0.00,0.01,2.70,0.18,0.5027,1,1,0,0.01,0.00,-0.01,0.00,0.00,0.00,0.17,211,31
38439,4.2,-11.7,-28.9,0.026,0.021,-0.968,4.5,-3.9,0.0,0.0127,-0.0025,0.0143,1127,1073,1199,1031,0.00,0.01,2.69,0.18,0.5027,1,1,0,0.01,0.00,0.00,0.00,0.00,0.00,0.17,211,31
38449,-2.9,5.3,-43.8,0.030,-0.039,-0.986,4.5,-4.1,0.0,0.0197,-0.0201,0.0233,1042,1095,1182,1111,0.00,0.01,2.69,0.18,0.5027,1,1,0,0.01,0.00,-0.01,0.00,0.00,0.00,0.18,211,31
38459,4.0,-1.3,69.1,-0.005,0.106,-1.029,4.5,-3.9,0.0,0.0141,-0.0122,-0.0671,931,1240,1037,1223,0.00,0.01,2.70,0.18,0.5027,1,1,0,0.01,0.00,-0.01,0.00,0.00,0.00,0.18,211,31
38469,-3.9,-0.5,-27.2,-0.027,-0.004,-1.045,4.5,-4.0,0.0,0.0205,-0.0143,0.0128,1098,1063,1220,1050,0.00,0.01,2.69,0.18,0.5027,1,1,0,0.01,0.00,-0.01,0.00,0.00,0.00,0.18,210,31
38479,0.6,-4.3,-45.3,0.066,-0.100,-0.941,4.6,-4.0,0.0,0.0161,-0.0103,0.0245,1061,1111,1172,1086,0.00,0.01,2.69,0.18,0.5027,1,1,0,0.01,0.00,-0.01,0.00,0.00,0.00,0.18,210,31
38489,-2.8,6.0,71.8,-0.025,0.142,-1.080,4.5,-4.0,0.0,0.0196,-0.0213,-0.0696,899,1230,1054,1247,0.00,0.01,2.70,0.18,0.5027,1,1,0,0.01,0.00,-0.01,0.00,0.00,0.00,0.18,210,31
38499,4.4,-7.1,-23.1,-0.016,-0.030,-0.986,4.5,-3.9,0.0,0.0122,-0.0057,0.0128,1129,1072,1194,1035,0.00,0.01,2.69,0.18,0.5027,1,1,0,0.01,0.00,-0.01,0.00,0.00,0.00,0.17,210,31
38509,-3.5,4.3,-45.3,0.046,-0.020,-0.976,4.6,-4.1,0.0,0.0204,-0.0191,0.0245,1046,1085,1206,1094,0.00,0.01,2.69,0.18,0.5027,1,1,0,0.01,0.00,-0.01,0.00,0.00,0.00,0.17,210,31
38519,5.5,-0.7,69.0,-0.028,0.080,-1.042,4.6,-3.9,0.0,0.0119,-0.0117,-0.0673,939,1239,1028,1225,0.00,0.01,2.70,0.18,0.5027,1,1,0,0.01,0.00,-0.01,0.00,0.00,0.00,0.18,210,31
38529,-4.2,-1.8,-21.4,-0.003,0.020,-1.018,4.6,-4.0,0.0,0.0210,-0.0128,0.0054,1090,1068,1223,1049,0.00,0.01,2.69,0.18,0.5027,1,1,0,0.01,0.00,-0.01,0.00,0.00,0.00,0.18,210,31
38539,1.2,-3.0,-46.3,0.059,-0.107,-0.947,4.6,-4.0,0.0,0.0156,-0.0116,0.0253,1079,1095,1182,1075,0.00,0.01,2.69,0.18,0.5027,1,1,0,0.01,0.00,-0.01,0.00,0.00,0.00,0.18,210,31
38550,-2.6,3.1,67.2,-0.014,0.128,-1.069,4.6,-4.0,0.0,0.0195,-0.0178,-0.0655,902,1231,1057,1241,0.00,0.01,2.70,0.18,0.5027,1,1,0,0.01,0.00,-0.01,0.00,0.00,0.00,0.18,211,31
38560,2.6,-1.6,-13.6,-0.052,-0.038,-1.008,4.5,-3.9,0.0,0.0134,-0.0098,0.0084,1121,1076,1190,1044,0.00,0.01,2.69,0.18,0.5027,1,1,0,0.01,0.00,-0.01,0.00,0.00,0.00,0.18,210,31
38570,-1.5,-0.8,-50.8,0.093,0.010,-0.956,4.6,-4.1,0.0,0.0187,-0.0149,0.0268,1055,1084,1206,1085,0.00,0.01,2.69,0.18,0.5027,1,1,0,0.01,0.00,-0.01,0.00,0.00,0.00,0.17,210,31
38580,4.1,3.5,69.1,-0.069,0.061,-1.063,4.5,-3.9,0.0,0.0126,-0.0181,-0.0670,936,1238,1024,1232,0.00,0.01,2.70,0.18,0.5027,1,1,0,0.01,0.00,-0.01,0.00,0.00,0.00,0.19,210,30
38590,-2.4,-2.8,-15.0,0.001,0.049,-0.994,4.6,-4.0,0.0,0.0201,-0.0135,0.0088,1076,1081,1213,1061,0.00,0.01,2.69,0.18,0.5027,1,1,0,0.01,0.00,-0.01,0.00,0.00,0.00,0.22,210,30
38600,1.8,-1.3,-53.1,0.038,-0.106,-0.975,4.6,-3.9,0.0,0.0148,-0.0121,0.0271,1088,1090,1181,1072,0.00,0.01,2.69,0.18,0.5027,1,1,0,0.01,0.00,0.00,0.00,0.00,0.00,0.20,210,31
38610,-2.9,2.3,66.9,0.007,0.109,-1.031,4.6,-4.0,0.0,0.0198,-0.0171,-0.0653,902,1239,1055,1235,0.00,0.01,2.70,0.18,0.5027,1,1,0,0.01,0.00,0.00,-0.01,0.00,0.00,0.19,210,31
38620,1.3,0.4,-11.6,-0.049,-0.036,-1.031,4.5,-3.9,0.0,0.0143,-0.0125,0.0069,1101,1081,1186,1064,0.00,0.01,2.69,0.18,0.5027,1,1,0,0.01,0.00,0.00,-0.01,0.00,0.00,0.18,210,31
38630,-0.6,-4.6,-55.3,0.100,-0.002,-0.943,4.6,-4.0,0.0,0.0175,-0.0101,0.0325,1067,1085,1202,1077,0.00,0.01,2.69,0.18,0.5027,1,1,0,0.01,0.00,0.00,-0.01,0.00,0.00,0.17,210,31
38640,1.7,8.5,66.8,-0.072,0.025,-1.075,4.5,-3.9,0.0,0.0143,-0.0204,-0.0675,922,1232,1036,1241,0.00,0.01,2.70,0.18,0.5027,1,1,0,0.01,0.00,0.00,-0.01,0.00,0.00,0.17,210,31
38650,-0.1,-7.4,-12.6,0.020,0.072,-0.966,4.6,-3.9,0.0,0.0172,-0.0076,0.0013,1086,1087,1197,1061,0.00,0.01,2.69,0.18,0.5027,1,1,0,0.01,0.00,0.00,-0.01,0.00,0.00,0.16,210,31
38661,0.1,1.6,-55.0,0.019,-0.105,-1.002,4.6,-4.0,0.0,0.0168,-0.0164,0.0322,1086,1083,1189,1073,0.00,0.01,2.69,0.18,0.5027,1,1,0,0.01,0.00,0.00,-0.01,0.00,0.00,0.17,210,31
38671,-0.6,0.2,62.2,0.006,0.124,-1.019,4.6,-4.0,0.0,0.0186,-0.0159,-0.0643,912,1237,1054,1228,0.00,0.01,2.70,0.18,0.5027,1,1,0,0.01,0.00,0.00,-0.01,0.00,0.00,0.18,210,31
38681,-0.7,1.7,-3.1,-0.062,-0.033,-1.059,4.5,-3.9,0.0,0.0167,-0.0150,-0.0032,1089,1089,1180,1072,0.00,0.01,2.69,0.18,0.5027,1,1,0,0.01,0.00,0.00,-0.01,0.00,0.00,0.18,211,31
38691,-0.9,-5.1,-59.9,0.082,-0.024,-0.922,4.6,-4.0,0.0,0.0179,-0.0096,0.0362,1074,1077,1208,1062,0.00,0.01,2.69,0.18,0.5015,1,1,0,0.01,0.00,0.00,-0.01,0.00,0.00,0.19,211,31
38701,1.1,9.0,69.0,-0.050,0.069,-1.094,4.6,-3.9,0.0,0.0149,-0.0222,-0.0699,908,1231,1033,1250,0.00,0.01,2.70,0.18,0.5015,1,1,0,0.01,0.00,0.00,-0.01,0.00,0.00,0.18,211,31
38711,0.5,-8.6,-7.8,-0.005,0.061,-0.985,4.6,-3.9,0.0,0.0165,-0.0061,-0.0023,1086,1093,1182,1060,0.00,0.01,2.69,0.18,0.5015,1,1,0,0.01,0.00,0.00,-0.01,0.00,0.00,0.16,211,31
38721,-1.0,3.6,-57.4,0.027,-0.089,-1.007,4.6,-4.0,0.0,0.0179,-0.0185,0.0342,1086,1063,1211,1061,0.00,0.01,2.69,0.18,0.5015,1,1,0,0.01,0.00,0.00,-0.01,0.00,0.00,0.19,211,31
38731,1.0,-2.0,63.3,0.012,0.109,-1.005,4.6,-4.0,0.0,0.0165,-0.0134,-0.0656,915,1238,1039,1229,0.00,0.01,2.70,0.18,0.5015,1,1,0,0.01,0.00,0.00,-0.01,0.00,0.00,0.20,211,31
38741,-2.4,3.5,0.5,-0.051,-0.021,-1.030,4.5,-3.9,0.0,0.0193,-0.0182,-0.0121,1059,1101,1173,1089,0.00,0.01,2.69,0.18,0.5015,1,1,0,0.01,0.00,0.00,-0.01,0.00,0.00,0.20,211,31
38751,0.1,-5.9,-63.7,0.095,-0.037,-0.935,4.6,-4.0,0.0,0.0178,-0.0107,0.0347,1094,1064,1218,1045,0.00,0.01,2.69,0.18,0.5015,1,1,0,0.01,0.00,0.00,-0.01,0.00,0.00,0.18,210,31
38761,0.7,9.1,65.3,-0.042,0.058,-1.077,4.5,-4.0,0.0,0.0154,-0.0228,-0.0677,907,1228,1038,1249,0.00,0.01,2.70,0.18,0.5015,1,1,0,0.01,0.00,0.00,-0.01,0.00,0.00,0.17,210,31
38771,0.5,-7.7,-1.8,-0.011,0.044,-0.968,4.6,-3.9,0.0,0.0164,-0.0069,-0.0101,1075,1110,1166,1070,0.00,0.01,2.69,0.18,0.5015,1,1,0,0.01,0.00,0.00,-0.01,0.00,0.00,0.17,210,31
38782,-1.4,3.7,-58.0,0.045,-0.074,-0.997,4.6,-4.0,0.0,0.0184,-0.0185,0.0346,1082,1059,1218,1062,0.00,0.01,2.69,0.18,0.5015,1,1,0,0.01,0.00,0.00,-0.01,0.00,0.00,0.17,210,31
38792,0.7,-0.8,59.5,0.011,0.101,-0.991,4.6,-4.0,0.0,0.0164,-0.0136,-0.0628,923,1235,1040,1224,0.00,0.01,2.70,0.18,0.5015,1,1,0,0.01,0.00,0.00,-0.01,0.00,0.00,0.18,210,31
38802,-2.7,3.0,3.4,-0.043,-0.007,-1.024,4.5,-3.9,0.0,0.0196,-0.0178,-0.0144,1049,1105,1173,1095,0.00,0.01,2.69,0.18,0.5015,1,1,0,0.01,0.00,0.00,-0.01,0.00,0.00,0.18,210,31
38812,1.1,-7.8,-63.6,0.088,-0.035,-0.940,4.6,-4.0,0.0,0.0166,-0.0085,0.0352,1104,1064,1213,1041,0.00,0.01,2.69,0.18,0.5015,1,1,0,0.01,0.00,0.00,-0.01,0.00,0.00,0.18,210,31
38822,-0.3,9.8,60.2,-0.047,0.042,-1.065,4.6,-4.0,0.0,0.0170,-0.0246,-0.0614,907,1216,1054,1244,0.00,0.01,2.70,0.18,0.5015,1,1,0,0.01,0.00,0.00,-0.01,0.00,0.00,0.18,210,31
38832,1.4,-6.9,9.1,-0.016,0.053,-0.992,4.6,-3.9,0.0,0.0158,-0.0073,-0.0158,1065,1120,1157,1080,0.00,0.01,2.69,0.18,0.5015,1,1,0,0.01,0.00,0.00,-0.01,0.00,0.00,0.18,210,31
38842,-0.7,1.9,-63.1,0.061,-0.028,-0.980,4.6,-4.0,0.0,0.0177,-0.0170,0.0342,1091,1057,1220,1054,0.00,0.01,2.69,0.18,0.5015,1,1,0,0.01,0.00,0.00,-0.01,0.00,0.00,0.17,209,31
38852,0.6,0.6,60.0,-0.019,0.040,-1.000,4.6,-4.0,0.0,0.0163,-0.0155,-0.0597,923,1237,1037,1224,0.00,0.01,2.70,0.18,0.5015,1,1,0,0.01,0.00,0.00,-0.01,0.00,0.00,0.17,209,31
38862,-2.0,4.5,6.5,-0.037,0.027,-1.032,4.6,-4.0,0.0,0.0190,-0.0193,-0.0169,1036,1104,1178,1103,0.00,0.01,2.69,0.18,0.5015,1,1,0,0.01,0.00,0.00,-0.01,0.00,0.00,0.18,209,31
38872,1.1,-6.7,-64.4,0.070,-0.037,-0.949,4.6,-4.0,0.0,0.0166,-0.0078,0.0361,1112,1066,1211,1033,0.00,0.01,2.69,0.18,0.5015,1,1,0,0.01,0.00,0.00,-0.01,0.00,0.00,0.18,209,31
38882,-2.1,8.9,57.7,-0.024,0.041,-1.031,4.6,-4.0,0.0,0.0192,-0.0239,-0.0579,904,1223,1056,1239,0.00,0.01,2.70,0.18,0.5015,1,1,0,0.01,0.00,0.00,-0.01,0.00,0.00,0.18,210,31
38893,1.7,-7.1,6.7,-0.013,0.032,-1.004,4.6,-3.9,0.0,0.0152,-0.0076,-0.0170,1065,1119,1153,1084,0.00,0.01,2.69,0.18,0.5015,1,1,0,0.01,0.00,0.00,-0.01,0.00,0.00,0.17,210,31
38903,-0.6,1.8,-64.4,0.049,-0.048,-0.963,4.6,-4.1,0.0,0.0176,-0.0169,0.0383,1092,1053,1223,1054,0.00,0.01,2.69,0.18,0.5015,1,1,0,0.01,0.00,0.00,-0.01,0.00,0.00,0.19,210,30
38913,1.6,2.1,57.5,-0.038,0.058,-0.996,4.6,-4.0,0.0,0.0153,-0.0169,-0.0577,925,1234,1041,1222,0.00,0.01,2.70,0.18,0.5015,1,1,0,0.01,0.00,0.00,-0.01,0.00,0.00,0.21,210,30
38923,-0.6,0.4,12.3,-0.026,0.046,-1.016,4.6,-4.0,0.0,0.0177,-0.0163,-0.0129,1038,1109,1168,1106,0.00,0.01,2.69,0.18,0.5015,1,1,0,0.01,0.00,0.00,0.00,0.00,0.00,0.20,210,31
38933,0.8,-5.5,-66.1,0.057,-0.076,-0.950,4.6,-4.0,0.0,0.0161,-0.0093,0.0411,1113,1061,1216,1032,0.00,0.01,2.69,0.18,0.5015,1,1,0,0.01,0.00,0.01,0.00,0.00,0.00,0.19,210,31
38943,-1.0,8.2,53.8,-0.014,0.063,-1.021,4.6,-4.1,0.0,0.0180,-0.0231,-0.0548,904,1215,1063,1239,0.00,0.01,2.70,0.18,0.5015,1,1,0,0.01,0.00,0.01,0.00,0.00,0.00,0.18,210,31
38953,1.2,-5.4,16.5,-0.036,0.024,-1.025,4.6,-3.9,0.0,0.0157,-0.0070,-0.0155,1060,1131,1140,1090,0.00,0.01,2.69,0.18,0.5015,1,1,0,0.01,0.00,0.01,0.00,0.00,0.00,0.17,210,31
38963,-1.0,0.5,-69.2,0.065,-0.041,-0.950,4.6,-4.1,0.0,0.0181,-0.0155,0.0436,1104,1039,1240,1038,0.00,0.01,2.69,0.18,0.5015,1,1,0,0.01,0.00,0.01,0.00,0.00,0.00,0.17,209,31
38973,2.2,3.3,54.9,-0.017,0.030,-1.018,4.6,-4.0,0.0,0.0148,-0.0177,-0.0576,922,1231,1039,1229,0.00,0.01,2.70,0.18,0.5015,1,1,0,0.01,0.00,0.01,0.00,0.00,0.00,0.16,209,31
38983,-1.0,0.3,16.7,-0.038,0.057,-1.019,4.5,-4.0,0.0,0.0178,-0.0157,-0.0164,1031,1115,1157,1109,0.00,0.01,2.69,0.18,0.5003,1,1,0,0.01,0.00,0.01,0.00,0.00,0.00,0.17,209,31
38993,0.8,-3.4,-68.2,0.050,-0.077,-0.979,4.6,-4.0,0.0,0.0162,-0.0114,0.0428,1119,1049,1225,1019,0.00,0.01,2.69,0.18,0.5003,1,1,0,0.01,0.00,0.01,0.00,0.00,0.00,0.18,209,31
39004,-0.4,4.3,47.1,0.013,0.068,-1.001,4.6,-4.1,0.0,0.0175,-0.0193,-0.0494,908,1215,1054,1236,0.00,0.01,2.70,0.18,0.5003,1,1,0,0.01,0.00,0.01,0.00,0.00,0.00,0.18,209,31
39014,0.4,-1.6,23.7,-0.063,0.004,-1.052,4.6,-3.9,0.0,0.0165,-0.0131,-0.0306,1033,1141,1127,1111,0.00,0.01,2.69,0.18,0.5003,1,1,0,0.01,0.00,0.01,0.00,0.00,0.00,0.18,209,31
39024,-0.3,-0.7,-71.1,0.075,-0.034,-0.940,4.6,-4.1,0.0,0.0175,-0.0148,0.0445,1107,1033,1242,1031,0.00,0.01,2.69,0.18,0.5003,1,1,0,0.01,0.00,0.01,0.00,0.00,0.00,0.17,209,31
39034,1.3,4.5,49.0,-0.022,0.004,-1.025,4.6,-4.0,0.0,0.0157,-0.0194,-0.0510,925,1220,1045,1222,0.00,0.01,2.70,0.18,0.5003,1,1,0,0.01,0.00,0.01,0.00,0.00,0.00,0.17,209,31
39044,-2.2,-0.2,21.4,-0.036,0.042,-1.014,4.6,-4.0,0.0,0.0193,-0.0146,-0.0288,1000,1112,1132,1104,0.00,0.01,2.69,0.18,0.4917,1,1,0,0.01,0.00,0.01,0.00,0.00,0.00,0.18,209,31
39054,1.0,-3.1,-67.0,0.065,-0.060,-0.983,4.6,-4.0,0.0,0.0162,-0.0114,0.0413,1106,1027,1210,1004,0.00,0.01,2.69,0.18,0.4917,1,1,0,0.01,0.00,0.01,0.00,0.00,0.00,0.20,209,31
39064,-0.4,4.7,43.5,0.003,0.028,-0.999,4.6,-4.0,0.0,0.0176,-0.0197,-0.0465,906,1189,1045,1207,0.00,0.01,2.70,0.18,0.4917,1,1,0,0.01,0.00,0.00,0.00,0.00,0.00,0.20,209,31
39074,0.6,-0.7,30.0,-0.041,0.025,-1.036,4.6,-3.9,0.0,0.0169,-0.0121,-0.0272,1007,1130,1110,1101,0.00,0.01,2.69,0.18,0.4917,1,1,0,0.01,0.00,0.00,0.00,0.00,0.00,0.20,209,31
39084,0.1,-2.9,-71.1,0.079,-0.037,-0.946,4.6,-4.1,0.0,0.0169,-0.0120,0.0451,1103,1016,1225,1005,0.00,0.01,2.69,0.19,0.4917,1,1,0,0.01,0.00,0.01,0.00,0.00,0.00,0.19,209,31
39094,0.3,5.8,40.0,-0.027,-0.003,-1.018,4.6,-4.0,0.0,0.0168,-0.0203,-0.0463,913,1198,1039,1198,0.00,0.01,2.70,0.19,0.4917,1,1,0,0.01,0.00,0.01,0.00,0.00,0.00,0.17,210,31
39105,-1.6,-0.2,32.7,-0.027,0.069,-1.049,4.6,-4.0,0.0,0.0187,-0.0147,-0.0378,982,1132,1112,1122,0.00,0.01,2.69,0.19,0.4917,1,1,0,0.01,0.00,0.01,0.00,0.00,0.00,0.17,210,31
39115,1.8,-5.1,-70.0,0.071,-0.059,-0.974,4.6,-4.0,0.0,0.0157,-0.0092,0.0431,1113,1025,1212,998,0.00,0.01,2.69,0.18,0.4917,1,1,0,0.01,0.00,0.01,0.00,0.00,0.00,0.16,210,31
39125,-0.6,5.9,39.8,-0.001,0.010,-0.982,4.6,-4.0,0.0,0.0175,-0.0211,-0.0462,911,1182,1053,1202,0.00,0.01,2.70,0.18,0.4917,1,1,0,0.01,0.00,0.01,0.00,0.00,0.00,0.17,210,31
39135,0.7,-1.0,35.8,-0.033,0.069,-1.044,4.6,-3.9,0.0,0.0164,-0.0138,-0.0403,987,1141,1099,1120,0.00,0.01,2.69,0.18,0.4917,1,1,0,0.01,0.00,0.01,0.00,0.00,0.00,0.18,210,31
39145,1.3,-3.3,-70.9,0.072,-0.027,-0.948,4.6,-4.0,0.0,0.0157,-0.0122,0.0440,1109,1015,1219,1004,0.00,0.01,2.69,0.18,0.4917,1,1,0,0.01,0.00,0.01,0.00,0.00,0.00,0.18,210,31
39155,-1.4,4.2,36.1,-0.013,-0.019,-1.022,4.6,-4.0,0.0,0.0187,-0.0188,-0.0458,915,1192,1053,1189,0.00,0.01,2.70,0.18,0.4917,1,1,0,0.01,0.00,0.01,0.00,0.00,0.00,0.18,211,31
39165,-0.4,0.5,36.9,-0.016,0.069,-1.024,4.5,-4.0,0.0,0.0170,-0.0158,-0.0336,982,1131,1106,1129,0.00,0.01,2.69,0.18,0.4917,1,1,0,0.01,0.00,0.01,0.00,0.00,0.00,0.17,211,31
39175,1.2,-6.6,-69.2,0.069,-0.045,-0.978,4.5,-4.0,0.0,0.0160,-0.0082,0.0434,1117,1024,1213,994,0.00,0.01,2.69,0.18,0.4917,1,1,0,0.01,0.00,0.01,0.00,0.00,0.00,0.17,211,31
39185,0.4,6.7,33.3,-0.001,-0.013,-0.991,4.5,-4.1,0.0,0.0167,-0.0218,-0.0384,917,1173,1058,1200,0.00,0.01,2.70,0.18,0.4917,1,1,0,0.01,0.00,0.01,0.00,0.00,0.00,0.18,211,31
39195,-0.1,-1.4,39.6,-0.031,0.091,-1.058,4.5,-4.0,0.0,0.0179,-0.0129,-0.0356,983,1144,1100,1120,0.00,0.01,2.69,0.18,0.4917,1,1,0,0.01,0.00,0.01,0.00,0.00,0.00,0.19,211,31
39205,1.5,-3.3,-70.5,0.072,-0.054,-0.951,4.5,-4.0,0.0,0.0154,-0.0117,0.0445,1115,1013,1218,1001,0.00,0.01,2.69,0.18,0.4917,1,1,0,0.01,0.00,0.02,0.00,0.00,0.00,0.19,211,31
39216,-3.2,4.3,32.4,0.006,-0.020,-1.011,4.6,-4.0,0.0,0.0205,-0.0193,-0.0377,914,1187,1064,1183,0.00,0.01,2.70,0.18,0.4917,1,1,0,0.01,0.00,0.01,0.00,0.00,0.00,0.18,211,31
39226,1.3,0.5,38.9,-0.019,0.055,-1.043,4.5,-4.0,0.0,0.0156,-0.0158,-0.0355,970,1144,1089,1144,0.00,0.01,2.69,0.18,0.4917,1,1,0,0.01,0.00,0.01,0.00,0.00,0.00,0.18,211,31
39236,-0.2,-4.7,-70.4,0.068,-0.034,-0.985,4.5,-4.0,0.0,0.0173,-0.0103,0.0445,1115,1017,1221,994,0.00,0.01,2.69,0.18,0.4917,1,1,0,0.01,0.00,0.02,0.00,0.00,0.00,0.17,210,31
39246,1.2,7.0,30.5,0.002,-0.037,-0.993,4.5,-4.0,0.0,0.0159,-0.0221,-0.0361,920,1172,1058,1197,0.00,0.01,2.70,0.18,0.4917,1,1,0,0.01,0.00,0.01,0.00,0.00,0.00,0.19,210,31
39256,-1.5,-1.7,44.1,-0.015,0.092,-1.063,4.5,-4.0,0.0,0.0190,-0.0135,-0.0392,962,1161,1086,1140,0.00,0.01,2.69,0.18,0.4917,1,1,0,0.01,0.00,0.02,0.00,0.00,0.00,0.20,210,31
39266,1.8,-2.4,-71.8,0.062,-0.063,-0.956,4.5,-4.0,0.0,0.0152,-0.0125,0.0457,1118,1011,1220,999,0.00,0.01,2.69,0.19,0.4917,1,1,0,0.01,0.00,0.00,0.00,0.00,0.00,0.19,210,31
39276,-3.8,5.1,28.5,0.011,-0.010,-1.022,4.6,-4.0,0.0,0.0209,-0.0206,-0.0425,919,1176,1075,1177,0.00,0.01,2.70,0.19,0.4917,1,1,0,0.01,0.00,0.00,0.00,0.00,0.00,0.18,209,31
39286,3.2,-1.2,41.8,-0.003,0.068,-1.024,4.5,-4.0,0.0,0.0139,-0.0137,-0.0429,971,1151,1078,1148,0.00,0.01,2.69,0.19,0.4917,1,1,0,0.01,0.00,0.00,0.00,0.00,0.00,0.18,209,31
39296,-1.0,-2.7,-69.9,0.055,-0.049,-0.997,4.5,-4.0,0.0,0.0182,-0.0123,0.0442,1113,1012,1228,994,0.00,0.01,2.69,0.19,0.4917,1,1,0,0.01,0.00,0.00,0.00,0.00,0.00,0.17,209,31
39306,2.1,7.3,25.3,0.010,-0.013,-1.003,4.6,-4.0,0.0,0.0150,-0.0225,-0.0349,929,1161,1071,1187,0.00,0.01,2.70,0.18,0.4917,1,1,0,0.01,0.00,0.00,0.00,0.00,0.00,0.17,209,31
39316,-2.1,-1.8,43.2,-0.016,0.083,-1.063,4.5,-4.0,0.0,0.0192,-0.0133,-0.0386,963,1160,1086,1139,0.00,0.01,2.69,0.18,0.4917,1,1,0,0.01,0.00,0.00,-0.01,0.00,0.00,0.16,209,31
39327,2.9,-3.5,-71.2,0.060,-0.082,-0.954,4.5,-4.0,0.0,0.0141,-0.0115,0.0452,1122,1009,1220,997,0.00,0.01,2.69,0.18,0.4917,1,1,0,0.01,0.00,0.00,-0.01,0.00,0.00,0.17,209,31
39337,-3.8,5.9,24.3,0.010,-0.015,-1.018,4.5,-4.1,0.0,0.0205,-0.0216,-0.0392,925,1167,1082,1174,0.00,0.01,2.70,0.18,0.4917,1,1,0,0.01,0.00,-0.01,0.00,0.00,0.00,0.18,210,31
39347,3.8,-0.8,48.9,-0.013,0.079,-1.027,4.5,-3.9,0.0,0.0133,-0.0141,-0.0508,965,1160,1069,1154,0.00,0.01,2.70,0.18,0.4917,1,1,0,0.01,0.00,0.00,-0.01,0.00,0.00,0.18,210,31
39357,-0.9,-2.2,-70.1,0.051,-0.056,-0.985,4.5,-4.0,0.0,0.0173,-0.0130,0.0460,1118,1007,1231,992,0.00,0.01,2.69,0.18,0.4917,1,1,0,0.01,0.00,0.00,-0.01,0.00,0.00,0.18,210,31
39367,1.7,5.5,20.3,0.021,-0.012,-1.017,4.5,-4.0,0.0,0.0157,-0.0208,-0.0311,934,1160,1078,1175,0.00,0.01,2.70,0.18,0.4917,1,1,0,0.01,0.00,-0.01,0.00,0.00,0.00,0.17,210,31
39377,-1.0,-0.9,51.2,-0.015,0.068,-1.043,4.5,-4.0,0.0,0.0182,-0.0140,-0.0526,947,1176,1064,1160,0.00,0.01,2.70,0.18,0.4917,1,1,0,0.01,0.00,-0.01,-0.01,0.00,0.00,0.17,210,31
39387,1.3,-2.8,-71.1,0.063,-0.086,-0.944,4.5,-4.0,0.0,0.0160,-0.0121,0.0459,1119,1009,1227,993,0.00,0.01,2.69,0.18,0.4917,1,1,0,0.01,0.00,-0.01,-0.01,0.00,0.00,0.18,210,31
39397,-1.7,5.9,21.3,0.021,-0.011,-1.003,4.5,-4.1,0.0,0.0182,-0.0216,-0.0374,932,1160,1081,1175,0.00,0.01,2.70,0.18,0.4917,1,1,0,0.01,0.00,-0.01,0.00,0.00,0.00,0.19,210,31
39407,3.8,-1.5,53.7,-0.011,0.102,-1.031,4.5,-4.0,0.0,0.0133,-0.0135,-0.0546,947,1177,1052,1171,0.00,0.01,2.70,0.18,0.4917,1,1,0,0.01,0.00,-0.01,-0.01,0.00,0.00,0.18,211,31
39417,0.0,-1.4,-71.5,0.044,-0.070,-0.954,4.5,-4.0,0.0,0.0172,-0.0136,0.0455,1120,1003,1232,992,0.00,0.01,2.69,0.18,0.4917,1,1,0,0.01,0.00,-0.01,-0.01,0.00,0.00,0.18,211,31
39427,0.1,3.5,18.9,0.037,-0.006,-1.021,4.6,-4.0,0.0,0.0184,-0.0192,-0.0360,935,1165,1081,1166,0.00,0.01,2.70,0.18,0.4917,1,1,0,0.01,0.00,-0.01,-0.01,0.00,0.00,0.17,210,31
39437,-0.2,-0.6,51.8,-0.014,0.051,-1.031,4.5,-4.0,0.0,0.0174,-0.0144,-0.0531,947,1174,1061,1165,0.00,0.01,2.70,0.18,0.4917,1,1,0,0.01,0.00,-0.01,-0.01,0.00,0.00,0.16,210,31
39448,1.2,-3.2,-69.1,0.060,-0.049,-0.942,4.5,-4.0,0.0,0.0167,-0.0121,0.0447,1115,1012,1228,993,0.00,0.01,2.69,0.18,0.4917,1,1,0,0.01,0.00,-0.01,-0.01,0.00,0.00,0.17,209,31
39458,-0.4,4.7,12.7,0.019,-0.039,-1.013,4.5,-4.1,0.0,0.0176,-0.0199,-0.0219,954,1141,1095,1157,0.00,0.01,2.70,0.18,0.4917,1,1,0,0.01,0.00,-0.01,-0.01,0.00,0.00,0.18,209,31
39468,1.9,-0.4,56.6,-0.015,0.102,-1.034,4.5,-4.0,0.0,0.0163,-0.0139,-0.0514,940,1183,1056,1169,0.00,0.01,2.70,0.18,0.4917,1,1,0,0.01,0.00,-0.01,-0.01,0.00,0.00,0.18,209,31
39478,0.0,-2.4,-67.4,0.045,-0.067,-0.960,4.5,-4.0,0.0,0.0170,-0.0125,0.0432,1120,1009,1226,993,0.00,0.01,2.69,0.18,0.4917,1,1,0,0.01,0.00,-0.01,-0.01,0.00,0.00,0.18,210,31
39488,-0.3,2.1,10.2,0.055,0.000,-1.000,4.6,-4.1,0.0,0.0177,-0.0173,-0.0199,953,1149,1100,1146,0.00,0.01,2.70,0.18,0.4917,1,1,0,0.01,0.00,-0.01,-0.01,0.00,0.00,0.18,211,31
39498,0.8,0.3,55.8,-0.031,0.063,-1.056,4.5,-4.0,0.0,0.0155,-0.0147,-0.0506,944,1176,1055,1173,0.00,0.01,2.70,0.18,0.4917,1,1,0,0.01,0.00,-0.01,-0.01,0.00,0.00,0.17,212,31
39508,-0.8,-3.8,-65.3,0.054,-0.062,-0.972,4.5,-4.0,0.0,0.0187,-0.0115,0.0423,1108,1016,1226,988,0.00,0.01,2.69,0.18,0.4905,1,1,0,0.01,0.00,-0.01,-0.01,0.00,0.00,0.19,212,31
39518,1.6,2.8,2.6,0.031,-0.029,-0.973,4.5,-4.1,0.0,0.0152,-0.0182,-0.0168,968,1130,1093,1148,0.00,0.01,2.70,0.18,0.4905,1,1,0,0.01,0.00,-0.02,-0.01,0.00,0.00,0.20,211,31
39528,0.2,0.8,61.1,-0.023,0.108,-1.073,4.5,-4.0,0.0,0.0181,-0.0159,-0.0553,922,1187,1053,1176,0.00,0.01,2.70,0.18,0.4905,1,1,0,0.01,0.00,-0.01,-0.01,0.00,0.00,0.19,211,31
39538,1.0,-3.3,-67.9,0.049,-0.069,-0.960,4.5,-4.0,0.0,0.0162,-0.0118,0.0426,1121,1003,1226,989,0.00,0.01,2.69,0.18,0.4905,1,1,0,0.01,0.00,-0.01,-0.01,0.00,0.00,0.18,210,31
39549,-2.0,1.2,4.7,0.066,-0.010,-1.020,4.6,-4.1,0.0,0.0204,-0.0179,-0.0247,951,1147,1102,1139,0.00,0.01,2.70,0.18,0.4905,1,1,0,0.01,0.00,-0.01,-0.01,0.00,0.00,0.17,210,31
39559,1.0,-0.1,58.1,-0.023,0.056,-1.027,4.5,-3.9,0.0,0.0160,-0.0146,-0.0566,937,1180,1046,1175,0.00,0.01,2.70,0.18,0.4905,1,1,0,0.01,0.00,-0.01,-0.01,0.00,0.00,0.16,210,31
39569,-1.7,-2.0,-62.6,0.056,-0.039,-0.999,4.6,-4.0,0.0,0.0190,-0.0131,0.0384,1102,1014,1229,993,0.00,0.01,2.69,0.18,0.4905,1,1,0,0.01,0.00,-0.01,-0.01,0.00,0.00,0.17,210,31
39579,2.6,1.9,-1.2,0.044,-0.033,-0.980,4.5,-4.1,0.0,0.0144,-0.0180,-0.0201,972,1126,1097,1143,0.00,0.01,2.70,0.18,0.4905,1,1,0,0.01,0.00,-0.01,-0.01,0.00,0.00,0.18,210,31
39589,-2.2,1.1,63.4,-0.031,0.090,-1.095,4.5,-4.0,0.0,0.0196,-0.0162,-0.0624,910,1197,1046,1181,0.00,0.01,2.70,0.18,0.4899,1,1,0,0.01,0.00,-0.01,-0.01,0.00,0.00,0.18,210,31
39599,1.4,-4.3,-64.5,0.054,-0.068,-0.949,4.5,-4.0,0.0,0.0157,-0.0115,0.0436,1117,1005,1221,991,0.00,0.01,2.69,0.18,0.4899,1,1,0,0.01,0.00,-0.01,-0.01,0.00,0.00,0.18,210,31
39609,-2.6,3.0,0.4,0.048,-0.016,-1.041,4.6,-4.1,0.0,0.0201,-0.0194,-0.0210,957,1134,1108,1134,0.00,0.01,2.70,0.18,0.4899,1,1,0,0.01,0.00,-0.01,-0.01,0.00,0.00,0.18,210,31
39619,2.0,-0.4,60.1,-0.025,0.073,-1.053,4.5,-3.9,0.0,0.0148,-0.0139,-0.0571,929,1188,1034,1184,0.00,0.01,2.70,0.18,0.4899,1,1,0,0.01,0.00,-0.01,-0.01,0.00,0.00,0.17,210,31
39629,-2.3,-2.2,-58.1,0.048,-0.048,-0.993,4.5,-4.0,0.0,0.0197,-0.0132,0.0364,1098,1015,1225,996,0.00,0.01,2.69,0.18,0.4899,1,1,0,0.01,0.00,-0.01,-0.01,0.00,0.00,0.17,209,31
39639,3.6,1.2,-5.2,0.060,-0.020,-0.991,4.5,-4.1,0.0,0.0137,-0.0174,-0.0167,993,1108,1111,1122,0.00,0.01,2.70,0.18,0.4899,1,1,0,0.01,0.00,-0.02,-0.01,0.00,0.00,0.16,209,31
39649,-3.1,2.0,64.1,-0.034,0.052,-1.095,4.5,-4.0,0.0,0.0204,-0.0171,-0.0630,891,1180,1025,1165,0.00,0.01,2.70,0.18,0.4801,1,1,0,0.01,0.00,-0.02,-0.01,0.00,0.00,0.17,209,31
39660,0.9,-4.6,-61.4,0.059,-0.035,-0.965,4.5,-4.0,0.0,0.0167,-0.0115,0.0415,1092,992,1202,974,0.00,0.01,2.69,0.18,0.4801,1,1,0,0.01,0.00,-0.02,-0.02,0.00,0.00,0.17,210,31
39670,-2.2,3.0,-3.7,0.044,-0.059,-1.032,4.5,-4.1,0.0,0.0193,-0.0185,-0.0118,960,1099,1103,1099,0.00,0.01,2.70,0.18,0.4801,1,1,0,0.01,0.00,-0.02,-0.01,0.00,0.00,0.18,210,31
39680,2.4,-1.3,64.4,-0.017,0.103,-1.064,4.5,-4.0,0.0,0.0148,-0.0138,-0.0632,901,1177,1010,1172,0.00,0.01,2.70,0.18,0.4801,1,1,0,0.01,0.00,-0.02,-0.01,0.00,0.00,0.18,210,31
39690,0.0,-3.2,-61.1,0.030,-0.056,-0.973,4.5,-4.0,0.0,0.0172,-0.0119,0.0371,1090,993,1201,976,0.00,0.01,2.69,0.18,0.4801,1,1,0,0.01,0.00,-0.02,-0.02,0.00,0.00,0.17,210,31
39700,1.3,1.5,-5.8,0.053,0.000,-1.013,4.6,-4.1,0.0,0.0168,-0.0179,-0.0164,968,1094,1100,1098,0.00,0.01,2.70,0.18,0.4801,1,1,0,0.01,0.00,-0.02,-0.01,0.00,0.00,0.16,210,31
39710,-0.1,-0.6,64.1,-0.037,0.064,-1.053,4.5,-4.0,0.0,0.0174,-0.0145,-0.0630,901,1179,1013,1167,0.00,0.01,2.70,0.18,0.4801,1,1,0,0.01,0.00,-0.02,-0.02,0.00,0.00,0.19,210,31
39720,-0.5,-2.1,-58.5,0.041,-0.042,-0.981,4.6,-4.1,0.0,0.0185,-0.0143,0.0396,1078,998,1202,982,0.00,0.01,2.69,0.18,0.4801,1,1,0,0.01,0.00,-0.02,-0.02,0.00,0.00,0.22,209,31
39730,0.4,-0.1,-11.8,0.043,-0.053,-0.989,4.5,-4.1,0.0,0.0169,-0.0151,-0.0022,978,1092,1099,1091,0.00,0.01,2.70,0.18,0.4801,1,1,0,0.01,0.00,-0.03,-0.01,0.00,0.00,0.20,209,31
39740,-0.8,3.4,66.8,-0.015,0.101,-1.074,4.5,-4.0,0.0,0.0184,-0.0187,-0.0641,883,1176,1024,1176,0.00,0.01,2.70,0.18,0.4801,1,1,0,0.01,0.00,-0.01,0.00,0.00,0.00,0.19,209,31
39750,1.4,-5.6,-55.8,0.036,-0.032,-0.986,4.6,-4.0,0.0,0.0159,-0.0097,0.0346,1087,1005,1185,983,0.00,0.01,2.69,0.18,0.4801,1,1,0,0.01,0.00,0.00,0.00,0.00,0.00,0.18,209,31
39760,-1.0,3.9,-13.0,0.052,-0.036,-1.024,4.6,-4.1,0.0,0.0185,-0.0192,-0.0013,966,1086,1116,1092,0.00,0.01,2.70,0.18,0.4801,1,1,0,0.01,0.00,-0.01,0.00,0.00,0.00,0.17,209,31
39771,1.5,-1.5,67.2,-0.019,0.088,-1.049,4.6,-4.0,0.0,0.0158,-0.0136,-0.0655,898,1180,1005,1168,0.00,0.01,2.70,0.18,0.4789,1,1,0,0.01,0.00,-0.01,0.00,0.00,0.00,0.17,209,31
39781,-2.1,-0.6,-54.2,0.017,-0.070,-1.002,4.5,-4.0,0.0,0.0195,-0.0146,0.0316,1074,1000,1197,980,0.00,0.01,2.69,0.18,0.4789,1,1,0,0.01,0.00,-0.01,0.00,0.00,0.00,0.16,209,31
39791,1.2,-1.0,-18.3,0.086,-0.029,-0.988,4.6,-4.1,0.0,0.0164,-0.0156,-0.0059,977,1086,1103,1085,0.00,0.01,2.70,0.18,0.4789,1,1,0,0.01,0.00,-0.01,0.00,0.00,0.00,0.17,209,31
39801,-0.8,2.3,68.3,-0.036,0.050,-1.064,4.5,-4.0,0.0,0.0180,-0.0168,-0.0654,888,1182,1009,1171,0.00,0.01,2.70,0.18,0.4789,1,1,0,0.01,0.00,-0.01,0.00,0.00,0.00,0.18,209,31
39811,0.2,-4.4,-52.7,0.032,-0.015,-0.974,4.5,-4.1,0.0,0.0171,-0.0108,0.0304,1065,979,1181,961,0.00,0.01,2.69,0.18,0.4704,1,1,0,0.01,0.00,-0.01,0.00,0.00,0.00,0.19,209,31
39821,-0.5,1.6,-21.5,0.037,-0.061,-1.001,4.6,-4.1,0.0,0.0175,-0.0171,-0.0032,964,1064,1094,1064,0.00,0.01,2.70,0.18,0.4704,1,1,0,0.01,0.00,-0.01,0.00,0.00,0.00,0.20,209,31
39831,1.0,0.1,67.8,-0.005,0.149,-1.080,4.6,-4.0,0.0,0.0165,-0.0156,-0.0653,867,1162,995,1162,0.00,0.01,2.70,0.18,0.4704,1,1,0,0.01,0.00,0.00,0.00,0.00,0.00,0.18,209,31
39841,0.9,-5.7,-50.4,0.001,-0.059,-0.991,4.5,-4.0,0.0,0.0164,-0.0095,0.0286,1067,990,1163,966,0.00,0.01,2.69,0.18,0.4704,1,1,0,0.01,0.00,0.00,0.00,0.00,0.00,0.16,209,31
39851,-2.3,4.7,-24.5,0.053,-0.056,-1.015,4.6,-4.1,0.0,0.0199,-0.0216,-0.0007,954,1054,1114,1064,0.00,0.01,2.70,0.18,0.4704,1,1,0,0.01,0.00,0.00,0.00,0.00,0.00,0.18,209,31
39861,2.7,-3.0,72.4,0.007,0.130,-1.049,4.5,-4.0,0.0,0.0146,-0.0121,-0.0696,870,1171,971,1156,0.00,0.01,2.70,0.18,0.4679,1,1,0,0.01,0.00,0.00,0.00,0.00,0.00,0.20,209,31
39871,-0.4,-0.2,-47.2,0.013,-0.086,-0.993,4.5,-4.0,0.0,0.0174,-0.0141,0.0329,1054,980,1169,965,0.00,0.01,2.69,0.18,0.4679,1,1,0,0.01,0.00,0.00,0.00,0.00,0.00,0.19,209,31
39882,-1.0,0.0,-29.0,0.066,-0.044,-0.996,4.6,-4.1,0.0,0.0188,-0.0162,0.0060,961,1055,1103,1049,0.00,0.01,2.70,0.18,0.4679,1,1,0,0.01,0.00,0.00,0.00,0.00,0.00,0.17,210,31
39892,-0.5,2.5,70.0,-0.036,0.061,-1.062,4.5,-4.0,0.0,0.0179,-0.0178,-0.0677,864,1165,984,1155,0.00,0.01,2.70,0.18,0.4679,1,1,0,0.01,0.00,0.00,0.00,0.00,0.00,0.17,210,31
39902,0.3,-5.9,-43.6,0.034,0.012,-0.998,4.5,-4.1,0.0,0.0173,-0.0106,0.0300,1051,989,1161,967,0.00,0.01,2.69,0.18,0.4679,1,1,0,0.01,0.00,0.00,0.00,0.00,0.00,0.17,210,31
39912,0.4,0.9,-31.4,0.027,-0.081,-0.981,4.5,-4.1,0.0,0.0163,-0.0162,0.0077,974,1048,1093,1053,0.00,0.01,2.70,0.18,0.4679,1,1,0,0.01,0.00,-0.01,0.00,0.00,0.00,0.17,210,31
39922,-0.8,5.3,70.3,-0.014,0.107,-1.089,4.6,-4.0,0.0,0.0183,-0.0207,-0.0679,845,1157,1001,1164,0.00,0.01,2.70,0.18,0.4679,1,1,0,0.01,0.00,-0.01,0.00,0.00,0.00,0.17,210,31
39932,2.4,-9.1,-42.4,0.024,0.002,-0.978,4.5,-4.0,0.0,0.0151,-0.0060,0.0291,1063,997,1146,962,0.00,0.01,2.69,0.18,0.4679,1,1,0,0.01,0.00,0.00,0.00,0.00,0.00,0.18,210,31
39942,-1.9,4.5,-33.0,0.052,-0.105,-1.000,4.5,-4.1,0.0,0.0193,-0.0199,0.0093,964,1044,1109,1047,0.00,0.01,2.70,0.18,0.4673,1,1,0,0.01,0.00,-0.01,0.00,0.00,0.00,0.18,211,31
39952,0.6,-0.4,69.8,-0.013,0.142,-1.071,4.5,-4.0,0.0,0.0168,-0.0148,-0.0676,855,1169,980,1159,0.00,0.01,2.70,0.18,0.4673,1,1,0,0.01,0.00,-0.01,0.00,0.00,0.00,0.17,211,31
39962,0.2,-5.1,-41.1,0.005,-0.044,-0.983,4.5,-4.0,0.0,0.0169,-0.0091,0.0285,1042,981,1138,951,0.00,0.01,2.69,0.18,0.4606,1,1,0,0.01,0.00,0.00,0.00,0.00,0.00,0.17,211,31
39972,-0.9,0.0,-34.2,0.057,-0.032,-1.008,4.5,-4.1,0.0,0.0184,-0.0154,0.0156,957,1029,1096,1031,0.00,0.01,2.70,0.18,0.4606,1,1,0,0.01,0.00,-0.01,0.00,0.00,0.00,0.16,211,31
39982,0.8,1.3,70.8,-0.062,0.091,-1.081,4.5,-4.0,0.0,0.0166,-0.0166,-0.0683,845,1157,960,1150,0.00,0.01,2.70,0.18,0.4606,1,1,0,0.01,0.00,-0.01,0.00,0.00,0.00,0.17,211,31
39992,-1.1,-0.2,-39.1,0.029,-0.020,-0.987,4.5,-4.1,0.0,0.0185,-0.0154,0.0222,1023,972,1153,964,0.00,0.01,2.69,0.18,0.4606,1,1,0,0.01,0.00,-0.01,-0.01,0.00,0.00,0.18,210,31
40003,1.2,-4.2,-34.3,0.082,-0.024,-0.969,4.5,-4.1,0.0,0.0162,-0.0110,0.0156,969,1037,1085,1022,0.00,0.01,2.70,0.18,0.4606,1,1,0,0.01,0.00,-0.01,0.00,0.00,0.00,0.18,210,31
40013,-0.9,6.0,71.3,-0.055,0.035,-1.071,4.5,-4.0,0.0,0.0184,-0.0204,-0.0685,833,1154,971,1154,0.00,0.01,2.70,0.18,0.4606,1,1,0,0.01,0.00,-0.01,0.00,0.00,0.00,0.18,209,31
40023,-1.4,-5.5,-34.9,0.013,0.006,-0.993,4.5,-4.1,0.0,0.0190,-0.0098,0.0162,1026,980,1143,955,0.00,0.01,2.69,0.18,0.4594,1,1,0,0.01,0.00,-0.01,0.00,0.00,0.00,0.17,208,31
40033,0.4,-0.3,-41.0,0.052,-0.054,-0.972,4.5,-4.1,0.0,0.0164,-0.0154,0.0132,969,1022,1090,1023,0.00,0.01,2.70,0.18,0.4594,1,1,0,0.01,0.00,-0.01,0.00,0.00,0.00,0.17,208,31
40043,0.9,2.7,72.1,-0.004,0.117,-1.078,4.5,-4.0,0.0,0.0165,-0.0181,-0.0694,831,1148,966,1159,0.00,0.01,2.70,0.18,0.4594,1,1,0,0.01,0.00,-0.01,0.00,0.00,0.00,0.19,208,31
40053,0.5,-5.6,-30.7,-0.029,-0.027,-1.016,4.5,-4.0,0.0,0.0167,-0.0093,0.0156,1037,985,1129,952,0.00,0.01,2.69,0.18,0.4594,1,1,0,0.01,0.00,-0.01,0.00,0.00,0.00,0.21,208,31
40063,-2.1,4.9,-39.9,0.046,-0.100,-1.002,4.5,-4.1,0.0,0.0198,-0.0204,0.0178,963,1012,1116,1012,0.00,0.01,2.70,0.18,0.4594,1,1,0,0.01,0.00,-0.01,0.00,0.00,0.00,0.20,208,31
40073,1.0,-1.6,71.3,0.008,0.169,-1.039,4.5,-4.0,0.0,0.0164,-0.0136,-0.0688,838,1158,960,1147,0.00,0.01,2.70,0.18,0.4594,1,1,0,0.01,0.00,0.00,0.00,0.00,0.00,0.18,208,31
40083,0.2,-5.6,-29.2,-0.004,-0.054,-0.971,4.5,-4.0,0.0,0.0165,-0.0082,0.0196,1036,986,1124,957,0.00,0.01,2.69,0.18,0.4594,1,1,0,0.01,0.00,0.00,0.00,0.00,0.00,0.18,209,31
40093,-1.5,1.8,-43.4,0.063,-0.057,-0.992,4.5,-4.1,0.0,0.0191,-0.0172,0.0230,970,1008,1114,1012,0.00,0.01,2.70,0.18,0.4594,1,1,0,0.01,0.00,0.00,0.00,0.00,0.00,0.17,209,31
40104,0.7,3.5,69.1,-0.040,0.093,-1.075,4.5,-4.0,0.0,0.0166,-0.0178,-0.0680,836,1155,957,1146,0.00,0.01,2.70,0.18,0.4582,1,1,0,0.01,0.00,0.00,0.00,0.00,0.00,0.17,208,31
40114,0.9,-3.3,-24.6,0.010,0.005,-0.995,4.5,-4.0,0.0,0.0165,-0.0120,0.0080,1016,989,1124,966,0.00,0.01,2.69,0.18,0.4582,1,1,0,0.01,0.00,0.00,0.00,0.00,0.00,0.16,209,31
40124,-0.1,-2.4,-47.5,0.053,-0.053,-0.982,4.5,-4.1,0.0,0.0180,-0.0134,0.0195,980,1013,1103,999,0.00,0.01,2.70,0.18,0.4582,1,1,0,0.01,0.00,0.00,0.00,0.00,0.00,0.17,208,31
40134,-1.1,7.5,70.7,-0.050,0.042,-1.045,4.5,-4.0,0.0,0.0187,-0.0229,-0.0683,826,1151,961,1156,0.00,0.01,2.70,0.18,0.4582,1,1,0,0.01,0.00,0.00,0.00,0.00,0.00,0.18,209,31
40144,-0.2,-4.3,-22.3,0.018,0.021,-1.001,4.5,-4.0,0.0,0.0177,-0.0110,0.0061,1011,987,1124,972,0.00,0.01,2.69,0.18,0.4582,1,1,0,0.01,0.00,0.00,-0.01,0.00,0.00,0.18,209,31
40154,0.7,-2.7,-49.4,0.059,-0.035,-1.001,4.5,-4.1,0.0,0.0168,-0.0128,0.0256,984,1010,1104,997,0.00,0.01,2.70,0.18,0.4582,1,1,0,0.01,0.00,0.00,0.00,0.00,0.00,0.17,209,31
40164,0.8,4.5,69.7,-0.034,0.086,-1.064,4.5,-4.0,0.0,0.0167,-0.0199,-0.0675,826,1150,960,1154,0.00,0.01,2.70,0.18,0.4575,1,1,0,0.01,0.00,0.00,0.00,0.00,0.00,0.16,209,31
40174,-1.5,-4.2,-16.8,-0.029,-0.004,-0.997,4.5,-4.0,0.0,0.0190,-0.0105,0.0110,1010,996,1120,965,0.00,0.01,2.69,0.18,0.4575,1,1,0,0.01,0.00,0.00,-0.01,0.00,0.00,0.18,209,31
40184,-0.6,-0.6,-51.8,0.071,-0.061,-0.965,4.5,-4.1,0.0,0.0183,-0.0150,0.0275,990,993,1122,984,0.00,0.01,2.70,0.18,0.4575,1,1,0,0.01,0.00,0.00,0.00,0.00,0.00,0.19,209,31
40194,0.9,1.2,71.2,-0.013,0.120,-1.053,4.5,-4.0,0.0,0.0165,-0.0166,-0.0687,830,1153,951,1155,0.00,0.01,2.70,0.18,0.4575,1,1,0,0.01,0.00,0.00,0.00,0.00,0.00,0.18,209,31
40205,-0.4,-3.1,-12.3,-0.025,-0.011,-0.989,4.5,-4.0,0.0,0.0174,-0.0115,0.0042,1010,992,1110,968,0.00,0.01,2.69,0.18,0.4563,1,1,0,0.01,0.00,0.00,0.00,0.00,0.00,0.18,209,31
40215,0.1,1.5,-53.0,0.061,-0.058,-0.982,4.5,-4.1,0.0,0.0174,-0.0170,0.0306,984,988,1123,986,0.00,0.01,2.70,0.18,0.4563,1,1,0,0.01,0.00,0.00,0.00,0.00,0.00,0.17,209,31
40225,0.1,1.7,68.3,-0.028,0.112,-1.059,4.5,-4.0,0.0,0.0179,-0.0164,-0.0683,825,1155,956,1144,0.00,0.01,2.70,0.18,0.4563,1,1,0,0.01,0.00,0.00,0.00,0.00,0.00,0.17,209,31
40235,0.0,-4.9,-13.0,-0.008,-0.006,-0.976,4.5,-4.0,0.0,0.0177,-0.0097,0.0046,1000,1006,1101,974,0.00,0.01,2.69,0.18,0.4563,1,1,0,0.01,0.00,0.00,0.00,0.00,0.00,0.17,209,31
40245,-1.0,-0.4,-52.6,0.056,-0.083,-0.955,4.5,-4.1,0.0,0.0186,-0.0150,0.0303,990,988,1118,984,0.00,0.01,2.70,0.18,0.4563,1,1,0,0.01,0.00,0.00,0.00,0.00,0.00,0.17,210,31
40255,0.1,5.5,67.5,-0.033,0.102,-1.043,4.5,-4.0,0.0,0.0172,-0.0201,-0.0680,821,1146,959,1154,0.00,0.01,2.70,0.18,0.4563,1,1,0,0.01,0.00,0.00,0.00,0.00,0.00,0.17,210,31
40265,1.0,-3.9,-11.5,-0.011,0.036,-1.022,4.5,-4.0,0.0,0.0165,-0.0114,-0.0024,996,1002,1102,980,0.00,0.01,2.69,0.18,0.4563,1,1,0,0.01,0.00,0.00,-0.01,0.00,0.00,0.18,210,31
40275,-0.6,-2.2,-52.7,0.059,-0.053,-0.976,4.5,-4.1,0.0,0.0183,-0.0132,0.0304,992,993,1117,978,0.00,0.01,2.70,0.18,0.4563,1,1,0,0.01,0.00,0.00,0.00,0.00,0.00,0.18,210,31
40285,0.1,5.1,67.6,-0.044,0.066,-1.057,4.5,-4.0,0.0,0.0175,-0.0199,-0.0683,820,1148,959,1154,0.00,0.01,2.70,0.18,0.4563,1,1,0,0.01,0.00,0.00,0.00,0.00,0.00,0.18,210,31
40295,-1.0,-3.3,-8.3,-0.012,0.004,-0.989,4.5,-4.0,0.0,0.0186,-0.0120,-0.0049,992,1005,1098,985,0.00,0.01,2.69,0.18,0.4563,1,1,0,0.01,0.00,0.00,0.00,0.00,0.00,0.17,210,31
40305,-0.6,-1.2,-54.9,0.068,-0.033,-1.007,4.5,-4.1,0.0,0.0182,-0.0142,0.0322,991,988,1124,978,0.00,0.01,2.70,0.18,0.4563,1,1,0,0.01,0.00,0.00,0.00,0.00,0.00,0.16,209,31
40316,2.7,2.9,67.0,-0.020,0.085,-1.054,4.5,-4.0,0.0,0.0152,-0.0176,-0.0675,829,1146,953,1152,0.00,0.01,2.70,0.18,0.4563,1,1,0,0.01,0.00,0.00,0.00,0.00,0.00,0.17,209,31
40326,-0.8,-3.0,-11.5,-0.041,-0.004,-0.998,4.5,-4.0,0.0,0.0182,-0.0119,0.0006,990,1007,1097,982,0.00,0.01,2.69,0.18,0.4557,1,1,0,0.01,0.00,0.00,-0.01,0.00,0.00,0.17,209,31
40336,-1.2,-1.3,-58.6,0.075,-0.053,-0.956,4.5,-4.1,0.0,0.0189,-0.0142,0.0351,992,983,1128,973,0.00,0.01,2.70,0.18,0.4557,1,1,0,0.01,0.00,0.00,0.00,0.00,0.00,0.18,209,31
40346,1.4,3.4,66.8,-0.009,0.099,-1.038,4.4,-4.0,0.0,0.0157,-0.0182,-0.0673,827,1143,954,1151,0.00,0.01,2.70,0.18,0.4557,1,1,0,0.01,0.00,0.00,0.00,0.00,0.00,0.18,210,31
40356,-0.8,-2.6,-5.4,-0.028,0.022,-1.010,4.5,-4.0,0.0,0.0184,-0.0127,-0.0073,985,1011,1094,986,0.00,0.01,2.69,0.18,0.4557,1,1,0,0.01,0.00,0.00,-0.01,0.00,0.00,0.17,210,31
40366,0.2,-1.6,-60.0,0.055,-0.063,-0.946,4.5,-4.1,0.0,0.0178,-0.0140,0.0312,1000,983,1124,969,0.00,0.01,2.70,0.18,0.4557,1,1,0,0.01,0.00,0.00,0.00,0.00,0.00,0.17,210,30
40376,-1.2,5.3,65.5,-0.040,0.078,-1.063,4.5,-4.0,0.0,0.0188,-0.0208,-0.0641,817,1148,961,1149,0.00,0.01,2.70,0.18,0.4557,1,1,0,0.01,0.00,0.00,0.00,0.00,0.00,0.18,210,30
40386,-0.1,-5.1,-5.4,-0.006,0.041,-0.988,4.5,-4.0,0.0,0.0177,-0.0102,-0.0073,980,1009,1088,981,0.00,0.01,2.69,0.18,0.4533,1,1,0,0.01,0.00,0.00,-0.01,0.00,0.00,0.20,210,30
40396,0.6,-2.5,-58.8,0.067,-0.064,-0.949,4.5,-4.1,0.0,0.0166,-0.0132,0.0304,1008,970,1121,959,0.00,0.01,2.70,0.18,0.4533,1,1,0,0.01,0.00,0.00,0.00,0.00,0.00,0.19,209,31
40406,-0.1,5.4,65.2,-0.043,0.068,-1.075,4.5,-4.0,0.0,0.0178,-0.0209,-0.0639,799,1132,942,1133,0.00,0.01,2.70,0.18,0.4466,1,1,0,0.01,0.00,0.00,0.00,0.00,0.00,0.19,209,31
40416,0.2,-4.5,-2.4,-0.017,0.028,-0.993,4.5,-4.0,0.0,0.0174,-0.0100,-0.0005,960,1006,1063,977,0.00,0.01,2.69,0.18,0.4466,1,1,0,0.01,0.00,0.00,0.00,0.00,0.00,0.18,209,31
40427,-1.6,-1.3,-61.8,0.067,-0.062,-0.971,4.5,-4.1,0.0,0.0193,-0.0141,0.0377,989,956,1118,944,0.00,0.01,2.70,0.18,0.4466,1,1,0,0.01,0.00,0.00,0.00,0.00,0.00,0.17,210,31
40437,0.7,3.6,64.2,-0.009,0.090,-1.043,4.5,-4.0,0.0,0.0169,-0.0191,-0.0631,804,1129,939,1135,0.00,0.01,2.70,0.18,0.4466,1,1,0,0.01,0.00,0.00,0.00,0.00,0.00,0.16,210,31
40447,1.0,-3.4,-0.6,-0.034,0.002,-0.988,4.5,-4.0,0.0,0.0167,-0.0102,-0.0018,960,1008,1059,979,0.00,0.01,2.69,0.18,0.4466,1,1,0,0.01,0.00,0.00,0.00,0.00,0.00,0.17,210,31
40457,-2.3,0.9,-62.4,0.045,-0.071,-0.976,4.5,-4.1,0.0,0.0200,-0.0165,0.0382,985,954,1125,942,0.00,0.01,2.69,0.18,0.4466,1,1,0,0.01,0.00,0.00,0.00,0.00,0.00,0.18,210,31
40467,0.6,2.4,62.2,0.002,0.107,-1.033,4.5,-4.0,0.0,0.0169,-0.0180,-0.0631,806,1125,938,1133,0.00,0.01,2.70,0.18,0.4460,1,1,0,0.01,0.00,0.00,0.00,0.00,0.00,0.18,210,31
40477,0.7,-1.9,2.0,-0.034,-0.006,-1.012,4.5,-4.0,0.0,0.0164,-0.0119,-0.0037,955,1006,1056,985,0.00,0.01,2.69,0.18,0.4460,1,1,0,0.01,0.00,0.00,0.00,0.00,0.00,0.18,210,31
40487,-0.4,0.0,-62.9,0.070,-0.045,-0.958,4.5,-4.1,0.0,0.0188,-0.0162,0.0356,993,945,1130,934,0.00,0.01,2.70,0.18,0.4460,1,1,0,0.01,0.00,0.00,0.00,0.00,0.00,0.17,209,31
40497,1.0,2.4,59.7,-0.018,0.075,-1.028,4.5,-4.0,0.0,0.0166,-0.0177,-0.0611,812,1125,939,1126,0.00,0.01,2.70,0.18,0.4460,1,1,0,0.01,0.00,0.00,0.00,0.00,0.00,0.16,209,31
40507,-1.5,-0.8,3.7,-0.032,0.002,-1.019,4.5,-4.0,0.0,0.0188,-0.0142,-0.0115,945,1008,1058,990,0.00,0.01,2.69,0.18,0.4460,1,1,0,0.01,0.00,0.00,0.00,0.00,0.00,0.19,208,31
40517,0.5,-2.7,-62.4,0.086,-0.012,-0.960,4.5,-4.1,0.0,0.0171,-0.0129,0.0382,998,946,1124,934,0.00,0.01,2.70,0.18,0.4460,1,1,0,0.01,0.00,0.00,0.00,0.00,0.00,0.21,209,31
40527,2.4,2.7,60.6,-0.035,0.058,-1.026,4.5,-4.0,0.0,0.0155,-0.0167,-0.0644,815,1126,935,1126,0.00,0.01,2.70,0.18,0.4460,1,1,0,0.01,0.00,0.00,0.00,0.00,0.00,0.20,209,31
40538,-2.4,-0.3,3.4,-0.047,-0.002,-1.008,4.5,-4.0,0.0,0.0200,-0.0147,-0.0113,928,1021,1055,999,0.00,0.01,2.69,0.18,0.4460,1,1,0,0.01,0.00,0.00,0.00,0.00,0.00,0.19,209,31
40548,-0.3,-4.4,-64.5,0.084,-0.032,-0.956,4.5,-4.1,0.0,0.0180,-0.0111,0.0398,1003,944,1120,926,0.00,0.01,2.70,0.18,0.4447,1,1,0,0.01,0.00,0.00,0.00,0.00,0.00,0.18,209,31
40558,0.5,5.2,59.4,-0.029,0.049,-1.044,4.5,-4.0,0.0,0.0166,-0.0199,-0.0635,807,1117,942,1127,0.00,0.01,2.70,0.18,0.4447,1,1,0,0.01,0.00,0.00,0.00,0.00,0.00,0.17,209,31
40568,0.0,-0.8,6.6,-0.028,0.041,-1.025,4.5,-4.0,0.0,0.0180,-0.0146,-0.0139,909,1008,1033,992,0.00,0.01,2.69,0.18,0.4380,1,1,0,0.01,0.00,0.00,0.00,0.00,0.00,0.16,209,31
40578,0.7,-4.7,-65.5,0.057,-0.039,-0.928,4.5,-4.1,0.0,0.0169,-0.0108,0.0407,997,932,1105,908,0.00,0.01,2.70,0.18,0.4380,1,1,0,0.01,0.00,0.00,0.00,0.00,0.00,0.16,209,31
40588,-0.7,7.1,58.0,-0.044,0.009,-1.034,4.5,-4.1,0.0,0.0171,-0.0218,-0.0626,792,1099,934,1117,0.00,0.01,2.70,0.18,0.4380,1,1,0,0.01,0.00,0.00,0.00,0.00,0.00,0.17,209,31
40598,-0.5,-1.6,8.4,-0.020,0.061,-1.032,4.5,-4.1,0.0,0.0183,-0.0142,-0.0153,905,1011,1031,995,0.00,0.01,2.69,0.18,0.4380,1,1,0,0.01,0.00,0.00,0.00,0.00,0.00,0.18,208,31
40608,0.3,-5.1,-66.6,0.071,-0.044,-0.930,4.5,-4.1,0.0,0.0173,-0.0104,0.0415,999,933,1108,902,0.00,0.01,2.70,0.18,0.4380,1,1,0,0.01,0.00,0.00,0.00,0.00,0.00,0.18,208,31
40618,-1.3,6.6,58.7,-0.046,-0.001,-1.044,4.5,-4.1,0.0,0.0183,-0.0211,-0.0635,789,1105,932,1115,0.00,0.01,2.70,0.18,0.4380,1,1,0,0.01,0.00,0.00,0.00,0.00,0.00,0.19,209,31
40628,1.1,-2.4,13.7,-0.018,0.074,-1.022,4.5,-4.0,0.0,0.0165,-0.0131,-0.0227,908,1011,1023,1000,0.00,0.01,2.69,0.18,0.4380,1,1,0,0.01,0.00,0.00,0.00,0.00,0.00,0.17,209,31
40638,1.4,-3.4,-68.2,0.053,-0.049,-0.934,4.5,-4.1,0.0,0.0164,-0.0121,0.0417,999,927,1110,907,0.00,0.01,2.70,0.18,0.4380,1,1,0,0.01,0.00,0.00,0.00,0.00,0.00,0.16,209,31
40648,-2.0,7.4,56.3,-0.021,0.025,-1.024,4.5,-4.1,0.0,0.0198,-0.0229,-0.0585,786,1093,945,1104,0.00,0.01,2.70,0.18,0.4362,1,1,0,0.01,0.00,0.00,0.00,0.00,0.00,0.18,209,31
40659,-0.5,-5.1,18.6,-0.002,0.070,-1.019,4.5,-4.0,0.0,0.0177,-0.0106,-0.0175,907,1016,1014,991,0.00,0.01,2.69,0.18,0.4362,1,1,0,0.01,0.00,0.00,0.00,0.00,0.00,0.20,209,31
40669,1.6,-3.1,-69.2,0.057,-0.075,-0.945,4.5,-4.1,0.0,0.0161,-0.0124,0.0436,1002,918,1111,898,0.00,0.01,2.70,0.18,0.4362,1,1,0,0.01,0.00,0.00,0.00,0.00,0.00,0.19,209,31
40679,-0.7,7.9,54.5,-0.020,0.024,-1.020,4.5,-4.1,0.0,0.0191,-0.0234,-0.0610,781,1096,941,1110,0.00,0.01,2.70,0.18,0.4362,1,1,0,0.01,0.00,0.00,0.00,0.00,0.00,0.18,209,31
40689,-0.2,-3.7,20.7,-0.011,0.062,-1.013,4.5,-4.0,0.0,0.0178,-0.0115,-0.0223,908,1012,1017,990,0.00,0.01,2.69,0.18,0.4362,1,1,0,0.01,0.00,0.00,0.00,0.00,0.00,0.18,208,31
40699,0.5,-2.4,-68.5,0.052,-0.055,-0.963,4.5,-4.1,0.0,0.0172,-0.0132,0.0431,999,916,1112,902,0.00,0.01,2.70,0.18,0.4362,1,1,0,0.01,0.00,0.00,0.00,0.00,0.00,0.17,208,31
40709,0.0,5.8,52.3,-0.009,0.040,-1.025,4.5,-4.1,0.0,0.0184,-0.0215,-0.0594,788,1095,940,1105,0.00,0.01,2.70,0.18,0.4362,1,1,0,0.01,0.00,0.00,0.00,0.00,0.00,0.17,208,31
40719,-0.2,-4.1,21.9,-0.024,0.049,-1.009,4.5,-4.0,0.0,0.0180,-0.0108,-0.0234,908,1017,1013,990,0.00,0.01,2.70,0.18,0.4362,1,1,0,0.01,0.00,0.00,0.00,0.00,0.00,0.18,208,31
40729,0.0,-1.3,-71.2,0.061,-0.084,-0.958,4.5,-4.1,0.0,0.0178,-0.0138,0.0425,998,915,1117,898,0.00,0.01,2.70,0.18,0.4362,1,1,0,0.01,0.00,0.00,0.00,0.00,0.00,0.18,208,31
40739,0.7,5.7,51.4,-0.008,0.050,-1.029,4.5,-4.1,0.0,0.0171,-0.0215,-0.0550,790,1092,940,1106,0.00,0.01,2.70,0.18,0.4362,1,1,0,0.01,0.00,0.00,0.00,0.00,0.00,0.19,208,31
40750,0.0,-3.5,22.9,-0.024,0.070,-1.012,4.5,-4.0,0.0,0.0177,-0.0120,-0.0300,893,1028,1002,1005,0.00,0.01,2.69,0.18,0.4362,1,1,0,0.01,0.00,0.00,0.00,0.00,0.00,0.18,209,31
40760,0.0,-1.2,-70.9,0.060,-0.073,-0.965,4.5,-4.1,0.0,0.0176,-0.0139,0.0427,1000,913,1118,898,0.00,0.01,2.70,0.18,0.4362,1,1,0,0.01,0.00,0.00,0.00,0.00,0.00,0.17,209,31
40770,0.6,4.3,45.7,0.004,0.035,-1.019,4.5,-4.1,0.0,0.0171,-0.0200,-0.0483,797,1091,938,1103,0.00,0.01,2.70,0.18,0.4362,1,1,0,0.01,0.00,-0.01,0.00,0.00,0.00,0.17,209,31
40780,-0.5,-2.2,29.1,-0.041,0.039,-1.024,4.5,-4.0,0.0,0.0186,-0.0126,-0.0266,884,1033,1001,1009,0.00,0.01,2.70,0.18,0.4362,1,1,0,0.01,0.00,0.00,0.00,0.00,0.00,0.16,210,31
40790,0.1,0.3,-72.7,0.064,-0.074,-0.968,4.5,-4.1,0.0,0.0177,-0.0161,0.0458,982,891,1111,883,0.00,0.01,2.70,0.18,0.4283,1,1,0,0.01,0.00,-0.01,0.00,0.00,0.00,0.17,209,31
40800,1.2,4.6,46.1,0.002,0.060,-1.023,4.5,-4.1,0.0,0.0165,-0.0204,-0.0486,788,1068,929,1083,0.00,0.01,2.70,0.18,0.4283,1,1,0,0.01,0.00,-0.01,0.00,0.00,0.00,0.18,209,31
40810,-0.5,-2.4,32.2,-0.037,0.046,-1.012,4.5,-4.0,0.0,0.0181,-0.0124,-0.0289,867,1021,980,999,0.00,0.01,2.70,0.18,0.4283,1,1,0,0.01,0.00,-0.01,0.00,0.00,0.00,0.18,210,31
40820,-0.3,-1.1,-72.2,0.067,-0.053,-0.950,4.5,-4.1,0.0,0.0181,-0.0146,0.0455,985,895,1108,881,0.00,0.01,2.70,0.18,0.4283,1,1,0,0.01,0.00,-0.01,0.00,0.00,0.00,0.18,210,31
40830,0.9,4.7,45.1,-0.009,0.018,-1.027,4.5,-4.1,0.0,0.0168,-0.0204,-0.0478,790,1068,929,1080,0.00,0.01,2.70,0.18,0.4283,1,1,0,0.01,0.00,-0.01,0.01,0.00,0.00,0.17,210,31
40840,-1.5,-1.3,31.3,-0.040,0.040,-1.019,4.5,-4.0,0.0,0.0194,-0.0139,-0.0282,863,1020,987,999,0.00,0.01,2.70,0.18,0.4283,1,1,0,0.01,0.00,-0.01,0.00,0.00,0.00,0.17,211,31
40850,0.1,-1.2,-72.9,0.073,-0.056,-0.977,4.5,-4.1,0.0,0.0176,-0.0145,0.0466,982,891,1109,877,0.00,0.01,2.70,0.18,0.4270,1,1,0,0.01,0.00,-0.01,0.00,0.00,0.00,0.19,211,31
40861,1.4,4.5,40.8,0.004,0.042,-1.024,4.5,-4.1,0.0,0.0164,-0.0204,-0.0516,789,1064,929,1077,0.00,0.01,2.70,0.18,0.4270,1,1,0,0.01,0.00,-0.01,0.00,0.00,0.00,0.20,210,31
40871,-0.2,-2.1,32.5,-0.037,0.051,-1.013,4.5,-4.0,0.0,0.0181,-0.0131,-0.0349,863,1020,978,997,0.00,0.01,2.70,0.18,0.4270,1,1,0,0.01,0.00,0.00,0.00,0.00,0.00,0.19,210,31
40881,0.5,-2.7,-71.7,0.081,-0.066,-0.942,4.5,-4.1,0.0,0.0172,-0.0129,0.0456,987,890,1105,876,0.00,0.01,2.70,0.18,0.4270,1,1,0,0.01,0.00,0.00,0.00,0.00,0.00,0.18,209,31
40891,1.0,4.8,42.5,0.003,0.042,-1.010,4.5,-4.1,0.0,0.0168,-0.0206,-0.0458,775,1046,917,1061,0.00,0.01,2.70,0.18,0.4191,1,1,0,0.01,0.00,0.00,0.00,0.00,0.00,0.16,208,31
40901,-1.0,-0.3,32.8,-0.039,0.032,-1.034,4.5,-4.0,0.0,0.0188,-0.0150,-0.0353,831,1014,955,998,0.00,0.01,2.70,0.18,0.4191,1,1,0,0.01,0.00,0.00,0.00,0.00,0.00,0.16,208,31
40911,0.1,-3.1,-72.0,0.082,-0.051,-0.946,4.5,-4.1,0.0,0.0177,-0.0126,0.0459,972,875,1093,859,0.00,0.01,2.70,0.18,0.4191,1,1,0,0.01,0.00,0.00,0.00,0.00,0.00,0.17,208,31
40921,0.8,3.5,37.3,0.015,0.021,-1.007,4.5,-4.1,0.0,0.0172,-0.0196,-0.0490,778,1046,919,1056,0.00,0.01,2.70,0.18,0.4191,1,1,0,0.01,0.00,0.00,0.00,0.00,0.00,0.18,208,31
40931,-1.0,0.4,35.0,-0.044,0.041,-1.041,4.5,-4.0,0.0,0.0188,-0.0158,-0.0369,827,1015,954,1002,0.00,0.01,2.70,0.18,0.4191,1,1,0,0.01,0.00,0.00,0.00,0.00,0.00,0.18,208,31
40941,0.0,-2.5,-72.8,0.060,-0.062,-0.940,4.5,-4.1,0.0,0.0179,-0.0132,0.0465,973,875,1095,856,0.00,0.01,2.70,0.18,0.4191,1,1,0,0.01,0.00,0.00,0.00,0.00,0.00,0.19,208,31
40951,-0.3,3.6,37.5,0.019,0.011,-1.025,4.5,-4.1,0.0,0.0180,-0.0199,-0.0496,776,1048,919,1057,0.00,0.01,2.70,0.18,0.4191,1,1,0,0.01,0.00,0.00,0.00,0.00,0.00,0.18,208,31
40961,0.0,0.7,36.7,-0.042,0.046,-1.034,4.5,-4.0,0.0,0.0177,-0.0162,-0.0382,825,1016,951,1007,0.00,0.01,2.70,0.18,0.4191,1,1,0,0.01,0.00,0.00,0.00,0.00,0.00,0.16,208,31
40971,-0.5,-1.8,-73.0,0.061,-0.057,-0.949,4.5,-4.1,0.0,0.0184,-0.0139,0.0467,971,873,1099,856,0.00,0.01,2.70,0.18,0.4191,1,1,0,0.01,0.00,0.00,0.00,0.00,0.00,0.18,208,31
40982,0.3,3.1,35.9,0.035,0.042,-1.027,4.5,-4.1,0.0,0.0176,-0.0196,-0.0484,788,1037,929,1045,0.00,0.01,2.70,0.18,0.4191,1,1,0,0.01,0.00,0.00,0.00,0.00,0.00,0.20,208,31
40992,1.2,-0.3,41.0,-0.049,0.054,-1.038,4.5,-4.0,0.0,0.0166,-0.0153,-0.0445,828,1019,945,1006,0.00,0.01,2.70,0.18,0.4191,1,1,0,0.01,0.00,0.00,0.00,0.00,0.00,0.20,209,31
41002,-0.3,-1.4,-73.1,0.071,-0.070,-0.949,4.5,-4.1,0.0,0.0183,-0.0148,0.0462,972,871,1098,858,0.00,0.01,2.70,0.18,0.4191,1,1,0,0.01,0.00,0.00,0.00,0.00,0.00,0.20,209,31
41012,0.2,4.5,35.6,0.030,0.023,-1.003,4.5,-4.1,0.0,0.0178,-0.0212,-0.0483,785,1035,932,1047,0.00,0.01,2.70,0.18,0.4191,1,1,0,0.01,0.00,0.00,0.00,0.00,0.00,0.18,209,31
41022,1.6,-1.3,40.6,-0.032,0.066,-1.022,4.5,-4.0,0.0,0.0162,-0.0143,-0.0441,829,1018,942,1005,0.00,0.01,2.70,0.18,0.4185,1,1,0,0.01,0.00,0.00,0.00,0.00,0.00,0.17,209,31
41032,-0.4,-0.9,-70.8,0.057,-0.061,-0.988,4.5,-4.1,0.0,0.0175,-0.0157,0.0443,970,868,1095,861,0.00,0.01,2.70,0.18,0.4185,1,1,0,0.01,0.00,0.00,0.00,0.00,0.00,0.17,210,31
41042,-0.4,5.0,33.4,0.030,0.032,-0.994,4.5,-4.1,0.0,0.0185,-0.0213,-0.0412,784,1030,938,1043,0.00,0.01,2.70,0.18,0.4185,1,1,0,0.01,0.00,0.00,0.00,0.00,0.00,0.16,210,31
41052,0.2,-2.2,39.2,-0.018,0.077,-1.028,4.5,-4.0,0.0,0.0176,-0.0134,-0.0431,831,1021,943,999,0.00,0.01,2.70,0.18,0.4185,1,1,0,0.01,0.00,0.00,0.00,0.00,0.00,0.17,210,31
41062,0.7,-1.9,-70.7,0.053,-0.095,-0.963,4.5,-4.1,0.0,0.0160,-0.0139,0.0445,976,869,1089,860,0.00,0.01,2.70,0.18,0.4185,1,1,0,0.01,0.00,0.00,0.00,0.00,0.00,0.18,209,31
41072,-1.5,5.6,30.3,0.022,0.000,-0.992,4.5,-4.1,0.0,0.0195,-0.0215,-0.0359,780,1031,941,1043,0.00,0.01,2.70,0.18,0.4185,1,1,0,0.01,0.00,0.00,0.00,0.00,0.00,0.18,209,31
41082,0.2,-1.7,42.7,-0.001,0.081,-1.037,4.5,-4.0,0.0,0.0175,-0.0133,-0.0386,817,1030,934,1014,0.00,0.01,2.70,0.18,0.4185,1,1,0,0.01,0.00,0.00,0.00,0.00,0.00,0.18,210,31
41093,1.4,-1.2,-71.4,0.040,-0.097,-0.955,4.5,-4.1,0.0,0.0162,-0.0143,0.0456,978,867,1091,859,0.00,0.01,2.70,0.18,0.4185,1,1,0,0.01,0.00,0.00,0.00,0.00,0.00,0.17,209,31
41103,-2.4,7.3,28.9,0.019,-0.010,-1.013,4.5,-4.2,0.0,0.0204,-0.0232,-0.0348,776,1028,947,1043,0.00,0.01,2.70,0.18,0.4185,1,1,0,0.01,0.00,0.00,0.00,0.00,0.00,0.17,209,31
41113,1.4,-2.8,45.3,0.000,0.101,-1.059,4.5,-4.0,0.0,0.0171,-0.0130,-0.0408,814,1034,928,1018,0.00,0.01,2.70,0.18,0.4185,1,1,0,0.01,0.00,0.00,0.00,0.00,0.00,0.17,209,31
41123,1.5,-3.4,-71.9,0.042,-0.075,-0.939,4.5,-4.1,0.0,0.0164,-0.0124,0.0458,984,871,1089,850,0.00,0.01,2.69,0.18,0.4185,1,1,0,0.01,0.00,0.00,0.00,0.00,0.00,0.18,209,31
41133,-2.5,7.6,24.1,0.009,-0.062,-1.031,4.5,-4.1,0.0,0.0203,-0.0240,-0.0398,780,1026,946,1042,0.00,0.01,2.70,0.18,0.4185,1,1,0,0.01,0.00,0.00,0.00,0.00,0.00,0.18,209,31
41143,1.6,-1.5,50.0,0.000,0.105,-1.036,4.5,-4.1,0.0,0.0163,-0.0142,-0.0517,807,1034,930,1023,0.00,0.01,2.70,0.18,0.4185,1,1,0,0.01,0.00,0.00,0.00,0.00,0.00,0.18,209,31
41153,1.0,-5.0,-73.0,0.064,-0.068,-0.952,4.5,-4.1,0.0,0.0169,-0.0108,0.0467,987,873,1088,846,0.00,0.01,2.69,0.18,0.4185,1,1,0,0.01,0.00,0.00,0.00,0.00,0.00,0.17,209,31
41163,-1.5,8.5,21.9,0.000,-0.069,-1.014,4.5,-4.1,0.0,0.0194,-0.0245,-0.0322,794,1010,960,1030,0.00,0.01,2.70,0.18,0.4185,1,1,0,0.01,0.00,0.00,0.00,0.00,0.00,0.17,209,31
41173,0.6,-0.4,52.3,-0.001,0.125,-1.057,4.5,-4.1,0.0,0.0173,-0.0153,-0.0535,797,1037,932,1027,0.00,0.01,2.70,0.18,0.4185,1,1,0,0.01,0.00,0.00,0.00,0.00,0.00,0.19,209,31
41183,1.7,-7.3,-70.9,0.084,-0.038,-0.964,4.5,-4.1,0.0,0.0157,-0.0084,0.0461,977,862,1069,836,0.00,0.01,2.69,0.18,0.4118,1,1,0,0.01,0.00,0.00,0.00,0.00,0.00,0.21,208,31
41194,0.0,7.2,18.4,-0.013,-0.052,-0.996,4.5,-4.1,0.0,0.0178,-0.0229,-0.0324,788,999,940,1017,0.00,0.01,2.70,0.18,0.4118,1,1,0,0.01,0.00,0.00,0.00,0.00,0.00,0.20,208,31
41204,-0.1,1.5,53.8,-0.003,0.089,-1.031,4.5,-4.1,0.0,0.0188,-0.0180,-0.0483,782,1020,925,1016,0.00,0.01,2.70,0.18,0.4118,1,1,0,0.01,0.00,0.01,0.00,0.00,0.00,0.19,208,31
41214,2.5,-7.2,-70.6,0.092,-0.009,-0.962,4.5,-4.1,0.0,0.0149,-0.0092,0.0456,975,860,1069,840,0.00,0.01,2.69,0.18,0.4118,1,1,0,0.01,0.00,0.01,0.00,0.00,0.00,0.18,208,31
41224,-0.1,4.4,16.2,-0.002,-0.052,-0.997,4.5,-4.1,0.0,0.0181,-0.0203,-0.0247,792,997,934,1003,0.00,0.01,2.70,0.18,0.4093,1,1,0,0.01,0.00,0.00,0.00,0.00,0.00,0.17,209,31
41234,-1.3,3.6,50.4,-0.031,0.057,-1.066,4.5,-4.1,0.0,0.0193,-0.0194,-0.0520,777,1013,923,1013,0.00,0.01,2.70,0.18,0.4093,1,1,0,0.01,0.00,0.01,0.00,0.00,0.00,0.17,209,31
41244,2.2,-5.4,-67.9,0.097,0.030,-0.957,4.5,-4.1,0.0,0.0157,-0.0109,0.0432,961,856,1067,841,0.00,0.01,2.70,0.18,0.4093,1,1,0,0.01,0.00,0.01,0.00,0.00,0.00,0.16,209,31
41254,0.4,1.3,15.9,0.029,-0.020,-1.009,4.5,-4.1,0.0,0.0176,-0.0172,-0.0245,798,999,928,1001,0.00,0.01,2.70,0.18,0.4093,1,1,0,0.01,0.00,0.01,0.00,0.00,0.00,0.17,209,31
41264,-0.5,3.0,51.9,-0.055,0.044,-1.048,4.5,-4.0,0.0,0.0184,-0.0180,-0.0469,784,1013,919,1009,0.00,0.01,2.70,0.18,0.4093,1,1,0,0.01,0.00,0.01,0.00,0.00,0.00,0.18,209,31
41274,0.7,-2.0,-66.9,0.068,-0.034,-0.990,4.5,-4.1,0.0,0.0172,-0.0138,0.0418,951,852,1077,845,0.00,0.01,2.69,0.18,0.4093,1,1,0,0.01,0.00,0.01,0.00,0.00,0.00,0.19,209,31
41284,1.2,1.1,15.3,0.040,0.014,-0.994,4.5,-4.1,0.0,0.0167,-0.0170,-0.0239,797,996,930,1003,0.00,0.01,2.70,0.18,0.4093,1,1,0,0.01,0.00,0.01,0.00,0.00,0.00,0.19,209,31
41294,-0.6,1.5,55.1,-0.045,0.051,-1.062,4.5,-4.0,0.0,0.0180,-0.0162,-0.0497,773,1029,902,1022,0.00,0.01,2.70,0.18,0.4093,1,1,0,0.01,0.00,0.01,0.00,0.00,0.00,0.18,209,31
41305,0.7,0.0,-68.5,0.042,-0.066,-0.984,4.5,-4.1,0.0,0.0173,-0.0159,0.0431,954,846,1082,843,0.00,0.01,2.69,0.18,0.4093,1,1,0,0.01,0.00,0.01,0.00,0.00,0.00,0.17,209,31
41315,0.7,3.0,14.4,0.059,0.030,-0.997,4.5,-4.1,0.0,0.0173,-0.0189,-0.0233,791,992,938,1004,0.00,0.01,2.70,0.18,0.4093,1,1,0,0.01,0.00,0.01,0.00,0.00,0.00,0.19,209,31
41325,0.7,-2.3,55.1,-0.014,0.079,-1.054,4.5,-4.0,0.0,0.0170,-0.0127,-0.0496,780,1032,892,1016,0.00,0.01,2.70,0.18,0.4087,1,1,0,0.01,0.00,0.01,0.00,0.00,0.00,0.21,210,31
41335,-0.2,-1.9,-69.5,0.045,-0.070,-0.954,4.5,-4.1,0.0,0.0183,-0.0139,0.0439,957,852,1078,833,0.00,0.01,2.69,0.18,0.4087,1,1,0,0.01,0.00,0.00,0.00,0.00,0.00,0.20,210,31
41345,0.6,5.2,14.8,0.043,-0.018,-1.031,4.5,-4.1,0.0,0.0174,-0.0212,-0.0236,785,963,934,979,0.00,0.01,2.70,0.18,0.4008,1,1,0,0.01,0.00,0.00,0.01,0.00,0.00,0.19,211,31
41355,1.8,-1.6,55.1,-0.014,0.114,-1.047,4.5,-4.0,0.0,0.0165,-0.0141,-0.0498,763,1014,879,1005,0.00,0.01,2.70,0.18,0.4008,1,1,0,0.01,0.00,0.00,0.01,0.00,0.00,0.18,211,31
41365,0.4,-3.3,-67.8,0.052,-0.070,-0.984,4.5,-4.1,0.0,0.0176,-0.0126,0.0425,944,839,1056,822,0.00,0.01,2.69,0.18,0.4008,1,1,0,0.01,0.00,0.00,0.01,0.00,0.00,0.17,210,31
41375,-0.3,5.7,8.4,0.032,-0.039,-1.000,4.5,-4.1,0.0,0.0187,-0.0220,-0.0214,784,960,942,974,0.00,0.01,2.70,0.18,0.4008,1,1,0,0.01,0.00,0.00,0.01,0.00,0.00,0.17,210,31
41385,0.4,1.3,57.4,-0.005,0.108,-1.071,4.5,-4.1,0.0,0.0176,-0.0173,-0.0576,753,1011,889,1008,0.00,0.01,2.70,0.18,0.4008,1,1,0,0.01,0.00,0.00,0.01,0.00,0.00,0.16,209,31
41395,1.4,-5.6,-66.7,0.063,-0.051,-0.968,4.5,-4.1,0.0,0.0166,-0.0102,0.0416,946,844,1052,818,0.00,0.01,2.69,0.18,0.4008,1,1,0,0.01,0.00,0.00,0.01,0.00,0.00,0.17,209,31
41405,-1.7,3.1,8.2,0.036,-0.038,-1.012,4.5,-4.1,0.0,0.0199,-0.0195,-0.0273,786,965,936,964,0.00,0.01,2.70,0.18,0.3996,1,1,0,0.01,0.00,0.00,0.01,0.00,0.00,0.18,210,31
41415,-0.1,2.0,58.3,-0.027,0.083,-1.051,4.5,-4.0,0.0,0.0182,-0.0179,-0.0583,749,1011,886,1006,0.00,0.01,2.70,0.18,0.3996,1,1,0,0.01,0.00,0.00,0.01,0.00,0.00,0.18,210,31
41425,0.7,-3.8,-67.6,0.070,-0.042,-0.979,4.5,-4.1,0.0,0.0173,-0.0121,0.0424,941,835,1055,820,0.00,0.01,2.69,0.18,0.3996,1,1,0,0.01,0.00,0.00,0.01,0.00,0.00,0.18,211,31
41436,0.0,3.2,8.5,0.017,-0.038,-0.993,4.5,-4.1,0.0,0.0181,-0.0201,-0.0279,788,962,932,969,0.00,0.01,2.70,0.18,0.3996,1,1,0,0.01,0.00,0.00,0.01,0.00,0.00,0.17,211,31
41446,-0.6,-0.3,56.8,-0.019,0.058,-1.056,4.5,-4.0,0.0,0.0186,-0.0153,-0.0554,752,1016,879,1004,0.00,0.01,2.70,0.18,0.3996,1,1,0,0.01,0.00,0.00,0.01,0.00,0.00,0.18,211,31
41456,0.9,-3.0,-67.7,0.054,-0.047,-0.947,4.5,-4.1,0.0,0.0172,-0.0129,0.0424,939,836,1054,822,0.00,0.01,2.69,0.18,0.3996,1,1,0,0.01,0.00,0.00,0.01,0.00,0.00,0.20,210,31
41466,-0.6,3.9,6.1,0.030,-0.054,-1.025,4.5,-4.1,0.0,0.0179,-0.0206,-0.0262,790,957,936,968,0.00,0.01,2.70,0.18,0.3996,1,1,0,0.01,0.00,0.00,0.01,0.00,0.00,0.19,210,31
41476,-0.2,0.4,60.3,-0.022,0.078,-1.054,4.5,-4.0,0.0,0.0180,-0.0166,-0.0564,749,1013,879,1010,0.00,0.01,2.70,0.18,0.3996,1,1,0,0.01,0.00,0.00,0.01,0.00,0.00,0.18,210,31
41486,0.0,-4.8,-68.5,0.072,-0.038,-0.971,4.5,-4.1,0.0,0.0181,-0.0110,0.0431,941,840,1052,814,0.00,0.01,2.69,0.18,0.3990,1,1,0,0.01,0.00,0.00,0.01,0.00,0.00,0.17,211,31
41496,0.5,2.8,7.4,0.038,-0.020,-1.005,4.5,-4.1,0.0,0.0178,-0.0194,-0.0269,790,960,931,966,0.00,0.01,2.70,0.18,0.3990,1,1,0,0.01,0.00,0.00,0.01,0.00,0.00,0.17,211,31
41506,1.5,1.3,59.4,-0.016,0.081,-1.068,4.5,-4.0,0.0,0.0165,-0.0173,-0.0592,729,1002,856,1004,0.00,0.01,2.70,0.18,0.3917,1,1,0,0.01,0.00,0.00,0.01,0.00,0.00,0.17,211,31
41516,1.8,-3.9,-63.8,0.053,-0.034,-0.969,4.5,-4.1,0.0,0.0165,-0.0128,0.0423,922,825,1033,811,0.00,0.01,2.70,0.18,0.3917,1,1,0,0.01,0.00,0.00,0.01,0.00,0.00,0.16,211,31
41526,-0.9,1.6,2.0,0.057,-0.016,-1.021,4.5,-4.1,0.0,0.0191,-0.0176,-0.0133,776,948,923,945,0.00,0.01,2.70,0.18,0.3917,1,1,0,0.01,0.00,0.00,0.01,0.00,0.00,0.17,211,31
41537,0.0,0.4,61.2,-0.020,0.078,-1.069,4.5,-4.0,0.0,0.0182,-0.0162,-0.0591,727,1008,858,998,0.00,0.01,2.70,0.18,0.3917,1,1,0,0.01,0.00,0.00,0.01,0.00,0.00,0.18,211,31
41547,0.9,-2.2,-67.0,0.043,-0.062,-0.985,4.5,-4.1,0.0,0.0171,-0.0134,0.0449,911,806,1027,792,0.00,0.01,2.69,0.18,0.3843,1,1,0,0.01,0.00,0.00,0.01,0.00,0.00,0.18,211,31
41557,-0.3,4.7,1.9,0.033,-0.067,-0.972,4.5,-4.1,0.0,0.0185,-0.0208,-0.0133,772,915,923,927,0.00,0.01,2.70,0.18,0.3843,1,1,0,0.01,0.00,0.00,0.01,0.00,0.00,0.18,210,31
41567,-0.4,0.2,62.7,-0.009,0.087,-1.083,4.5,-4.0,0.0,0.0182,-0.0162,-0.0570,711,996,841,988,0.00,0.01,2.70,0.18,0.3843,1,1,0,0.01,0.00,0.00,0.01,0.00,0.00,0.17,210,31
41577,0.7,-4.7,-64.0,0.056,-0.036,-0.967,4.5,-4.1,0.0,0.0173,-0.0112,0.0395,913,812,1022,790,0.00,0.01,2.69,0.18,0.3843,1,1,0,0.01,0.00,0.01,0.01,0.00,0.00,0.16,209,31
41587,0.0,2.4,-0.6,0.031,-0.046,-1.025,4.5,-4.1,0.0,0.0181,-0.0184,-0.0112,781,916,921,918,0.00,0.01,2.70,0.18,0.3843,1,1,0,0.01,0.00,0.00,0.01,0.00,0.00,0.17,209,31
41597,0.0,1.9,62.4,-0.022,0.066,-1.044,4.5,-4.0,0.0,0.0181,-0.0175,-0.0567,709,992,844,990,0.00,0.01,2.70,0.18,0.3843,1,1,0,0.01,0.00,0.00,0.01,0.00,0.00,0.18,209,31
41607,-0.3,-4.1,-63.4,0.050,-0.045,-0.991,4.5,-4.1,0.0,0.0185,-0.0118,0.0390,902,814,1019,792,0.00,0.01,2.69,0.18,0.3831,1,1,0,0.01,0.00,0.00,0.01,0.00,0.00,0.18,209,31
41617,-0.6,0.0,-3.6,0.056,-0.019,-1.010,4.5,-4.1,0.0,0.0188,-0.0174,-0.0182,779,919,916,914,0.00,0.01,2.70,0.18,0.3831,1,1,0,0.01,0.00,0.00,0.01,0.00,0.00,0.17,210,31
41627,0.4,-0.7,64.3,-0.017,0.105,-1.048,4.5,-4.0,0.0,0.0177,-0.0152,-0.0617,706,995,832,985,0.00,0.01,2.70,0.18,0.3819,1,1,0,0.01,0.00,0.00,0.01,0.00,0.00,0.16,210,31
41637,1.3,-2.2,-63.7,0.030,-0.049,-0.985,4.5,-4.0,0.0,0.0168,-0.0137,0.0393,901,806,1017,794,0.00,0.01,2.69,0.18,0.3819,1,1,0,0.01,0.00,0.01,0.01,0.00,0.00,0.19,210,31
41648,-0.1,4.3,-3.8,0.041,-0.054,-0.991,4.5,-4.1,0.0,0.0183,-0.0206,-0.0117,771,908,920,918,0.00,0.01,2.70,0.18,0.3819,1,1,0,0.01,0.00,0.00,0.01,0.00,0.00,0.21,210,31
41658,-0.1,-0.5,65.3,0.009,0.086,-1.085,4.5,-4.0,0.0,0.0183,-0.0154,-0.0639,699,1001,828,990,0.00,0.01,2.70,0.18,0.3819,1,1,0,0.01,0.00,0.00,0.00,0.00,0.00,0.20,210,31
41668,0.2,-6.2,-60.6,0.062,-0.026,-0.975,4.5,-4.1,0.0,0.0177,-0.0105,0.0411,890,802,997,774,0.00,0.01,2.69,0.18,0.3746,1,1,0,0.01,0.00,0.00,0.00,0.00,0.00,0.19,210,31
41678,-0.3,1.9,-9.4,0.030,-0.055,-1.004,4.5,-4.1,0.0,0.0186,-0.0180,-0.0041,764,896,904,898,0.00,0.01,2.70,0.18,0.3746,1,1,0,0.01,0.00,0.00,0.01,0.00,0.00,0.18,210,31
41688,0.5,1.9,66.0,-0.048,0.073,-1.083,4.5,-4.0,0.0,0.0176,-0.0176,-0.0633,686,981,816,979,0.00,0.01,2.70,0.18,0.3746,1,1,0,0.01,0.00,0.00,0.00,0.00,0.00,0.17,210,31
41698,0.4,-2.6,-60.4,0.048,-0.060,-0.976,4.5,-4.1,0.0,0.0177,-0.0137,0.0382,883,794,1004,782,0.00,0.01,2.69,0.18,0.3746,1,1,0,0.01,0.00,0.00,0.00,0.00,0.00,0.17,210,31
41708,-0.5,1.6,-9.2,0.059,-0.028,-1.032,4.5,-4.1,0.0,0.0188,-0.0178,-0.0043,774,886,917,886,0.00,0.01,2.70,0.18,0.3746,1,1,0,0.01,0.00,0.00,0.01,0.00,0.00,0.16,210,31
41718,-0.1,-0.5,67.7,-0.008,0.103,-1.058,4.5,-4.0,0.0,0.0182,-0.0153,-0.0647,685,988,811,978,0.00,0.01,2.70,0.18,0.3746,1,1,0,0.01,0.00,0.00,0.00,0.00,0.00,0.17,211,31
41728,-0.1,-4.4,-59.9,0.042,-0.061,-0.967,4.5,-4.1,0.0,0.0184,-0.0117,0.0379,886,801,1000,776,0.00,0.01,2.69,0.18,0.3746,1,1,0,0.01,0.00,0.00,0.00,0.00,0.00,0.17,211,31
41738,-0.6,2.8,-11.9,0.041,-0.076,-1.028,4.5,-4.1,0.0,0.0189,-0.0189,-0.0022,765,892,912,894,0.00,0.01,2.70,0.18,0.3746,1,1,0,0.01,0.00,0.00,0.01,0.00,0.00,0.18,211,31
41748,-0.2,3.2,65.9,-0.034,0.057,-1.052,4.5,-4.0,0.0,0.0184,-0.0192,-0.0644,679,981,819,983,0.00,0.01,2.70,0.18,0.3746,1,1,0,0.01,0.00,0.00,0.00,0.00,0.00,0.18,211,31
41758,0.2,-3.8,-59.6,0.055,-0.028,-0.965,4.5,-4.1,0.0,0.0179,-0.0131,0.0406,884,798,1001,780,0.00,0.01,2.70,0.18,0.3746,1,1,0,0.01,0.00,0.00,0.00,0.00,0.00,0.17,210,31
41769,0.4,-0.4,-11.7,0.068,-0.028,-1.047,4.5,-4.1,0.0,0.0178,-0.0156,-0.0023,784,884,914,880,0.00,0.01,2.70,0.18,0.3746,1,1,0,0.01,0.00,0.00,0.01,0.00,0.00,0.17,209,31
41779,0.2,-0.3,67.6,-0.022,0.100,-1.064,4.5,-4.0,0.0,0.0182,-0.0155,-0.0624,684,988,812,979,0.00,0.01,2.70,0.18,0.3746,1,1,0,0.01,0.00,0.00,0.01,0.00,0.00,0.18,209,31
41789,0.2,-4.1,-56.9,0.026,-0.048,-0.983,4.5,-4.0,0.0,0.0180,-0.0116,0.0375,881,807,993,782,0.00,0.01,2.69,0.18,0.3746,1,1,0,0.01,0.00,0.00,0.00,0.00,0.00,0.19,209,31
41799,-0.7,2.4,-17.3,0.032,-0.066,-1.000,4.5,-4.1,0.0,0.0189,-0.0191,-0.0071,780,879,924,879,0.00,0.01,2.70,0.18,0.3746,1,1,0,0.01,0.00,0.00,0.01,0.00,0.00,0.18,209,31
41809,0.5,1.1,70.2,0.005,0.101,-1.052,4.4,-4.0,0.0,0.0178,-0.0175,-0.0658,678,985,814,985,0.00,0.01,2.70,0.18,0.3746,1,1,0,0.01,0.00,0.00,0.01,0.00,0.00,0.17,209,31
41819,1.5,-5.6,-57.3,0.054,-0.018,-1.008,4.4,-4.1,0.0,0.0166,-0.0104,0.0341,885,805,989,783,0.00,0.01,2.69,0.18,0.3746,1,1,0,0.01,0.00,0.00,0.00,0.00,0.00,0.17,209,31
41829,-0.6,-0.1,-15.1,0.046,-0.043,-0.996,4.5,-4.1,0.0,0.0189,-0.0163,-0.0087,782,887,916,877,0.00,0.01,2.70,0.18,0.3746,1,1,0,0.01,0.00,0.00,0.01,0.00,0.00,0.17,209,31
41839,-0.7,0.5,68.4,-0.032,0.083,-1.074,4.5,-4.0,0.0,0.0189,-0.0165,-0.0664,683,988,815,977,0.00,0.01,2.70,0.18,0.3746,1,1,0,0.01,0.00,0.00,0.01,0.00,0.00,0.16,209,31
41849,0.3,-3.7,-52.7,0.026,-0.040,-1.025,4.5,-4.0,0.0,0.0177,-0.0127,0.0359,876,807,991,788,0.00,0.01,2.69,0.18,0.3746,1,1,0,0.01,0.00,0.00,0.00,0.00,0.00,0.16,209,31
41860,-0.1,2.6,-19.8,0.051,-0.037,-0.993,4.5,-4.1,0.0,0.0184,-0.0187,0.0041,779,878,924,882,0.00,0.01,2.70,0.18,0.3746,1,1,0,0.01,0.00,0.00,0.01,0.00,0.00,0.17,209,31
41870,0.8,-0.6,69.5,0.009,0.100,-1.083,4.5,-4.0,0.0,0.0174,-0.0153,-0.0665,682,992,806,984,0.00,0.01,2.70,0.18,0.3746,1,1,0,0.01,0.00,0.00,0.01,0.00,0.00,0.17,209,31
41880,0.9,-6.8,-54.5,0.045,-0.030,-0.974,4.4,-4.0,0.0,0.0171,-0.0092,0.0339,887,808,986,781,0.00,0.01,2.69,0.18,0.3746,1,1,0,0.01,0.00,0.01,0.00,0.00,0.00,0.18,209,31
41890,-0.7,1.6,-20.5,0.041,-0.063,-0.990,4.5,-4.1,0.0,0.0190,-0.0178,0.0047,781,879,922,880,0.00,0.01,2.70,0.18,0.3746,1,1,0,0.01,0.00,0.00,0.01,0.00,0.00,0.19,209,31
41900,-0.1,1.4,70.0,-0.020,0.092,-1.088,4.5,-4.0,0.0,0.0186,-0.0167,-0.0651,676,992,809,985,0.00,0.01,2.70,0.18,0.3746,1,1,0,0.01,0.00,0.00,0.01,0.00,0.00,0.17,209,31
41910,0.9,-4.5,-52.0,0.038,-0.037,-0.984,4.5,-4.0,0.0,0.0173,-0.0117,0.0321,878,808,989,787,0.00,0.01,2.69,0.18,0.3746,1,1,0,0.01,0.00,0.00,0.00,0.00,0.00,0.18,209,31
41920,-0.1,1.3,-22.9,0.051,-0.043,-1.009,4.5,-4.1,0.0,0.0184,-0.0175,0.0065,785,874,926,877,0.00,0.01,2.70,0.18,0.3746,1,1,0,0.01,0.00,0.00,0.01,0.00,0.00,0.20,209,31
41930,0.1,0.1,70.0,-0.010,0.105,-1.074,4.5,-4.0,0.0,0.0178,-0.0156,-0.0652,679,993,806,985,0.00,0.01,2.70,0.18,0.3746,1,1,0,0.01,0.00,0.00,0.01,0.00,0.00,0.19,209,31
41940,-0.4,-5.7,-50.1,0.022,-0.051,-0.981,4.5,-4.1,0.0,0.0187,-0.0103,0.0284,879,809,991,783,0.00,0.01,2.69,0.18,0.3746,1,1,0,0.01,0.00,0.01,0.01,0.00,0.00,0.18,209,31
41950,-1.2,1.1,-21.7,0.047,-0.060,-1.021,4.5,-4.1,0.0,0.0195,-0.0172,0.0056,794,870,936,863,0.00,0.01,2.70,0.18,0.3746,1,1,0,0.01,0.00,0.00,0.01,0.00,0.00,0.17,209,31
41960,0.4,2.2,71.3,-0.024,0.094,-1.061,4.5,-4.0,0.0,0.0182,-0.0176,-0.0661,673,992,808,990,0.00,0.01,2.70,0.18,0.3746,1,1,0,0.01,0.00,0.00,0.01,0.00,0.00,0.16,209,31
41971,1.7,-3.8,-50.0,0.019,-0.006,-0.980,4.5,-4.1,0.0,0.0165,-0.0123,0.0283,878,803,991,791,0.00,0.01,2.69,0.18,0.3746,1,1,0,0.01,0.00,0.01,0.01,0.00,0.00,0.16,208,30
41981,0.5,0.9,-20.7,0.054,-0.033,-1.025,4.5,-4.1,0.0,0.0177,-0.0171,0.0048,796,867,931,868,0.00,0.01,2.70,0.18,0.3746,1,1,0,0.01,0.00,0.00,0.01,0.00,0.00,0.16,208,30
41991,-0.6,0.3,70.3,-0.008,0.081,-1.048,4.5,-4.0,0.0,0.0188,-0.0159,-0.0652,674,992,806,981,0.00,0.01,2.70,0.18,0.3733,1,1,0,0.01,0.00,0.00,0.01,0.00,0.00,0.17,208,30
42001,-0.3,-5.7,-50.2,0.015,-0.038,-1.006,4.5,-4.1,0.0,0.0186,-0.0103,0.0285,870,817,980,786,0.00,0.01,2.69,0.18,0.3733,1,1,0,0.01,0.00,0.01,0.01,0.00,0.00,0.18,208,30
42011,-0.4,0.8,-21.0,0.052,-0.056,-0.997,4.5,-4.1,0.0,0.0188,-0.0170,0.0051,793,867,931,862,0.00,0.01,2.70,0.18,0.3733,1,1,0,0.01,0.00,0.00,0.01,0.00,0.00,0.18,208,30
42021,1.1,2.4,69.5,-0.022,0.100,-1.065,4.5,-4.0,0.0,0.0172,-0.0186,-0.0666,673,983,809,988,0.00,0.01,2.70,0.18,0.3733,1,1,0,0.01,0.00,0.00,0.01,0.00,0.00,0.17,208,30
42031,1.7,-4.1,-49.7,0.024,-0.028,-1.012,4.5,-4.1,0.0,0.0166,-0.0120,0.0281,870,811,979,793,0.00,0.01,2.69,0.18,0.3733,1,1,0,0.01,0.00,0.01,0.01,0.00,0.00,0.17,208,30
42041,-0.9,0.4,-25.7,0.055,-0.062,-0.977,4.5,-4.1,0.0,0.0185,-0.0172,0.0003,796,865,932,860,0.00,0.01,2.70,0.18,0.3733,1,1,0,0.01,0.00,0.00,0.01,0.00,0.00,0.16,208,30
42051,-0.9,0.0,72.0,-0.019,0.095,-1.085,4.5,-4.0,0.0,0.0193,-0.0160,-0.0693,672,994,805,983,0.00,0.01,2.70,0.17,0.3733,1,1,0,0.01,0.00,0.00,0.01,0.00,0.00,0.17,208,30
42061,-0.1,-4.8,-45.3,0.009,-0.016,-1.022,4.5,-4.0,0.0,0.0184,-0.0111,0.0269,865,816,976,787,0.00,0.01,2.69,0.17,0.3721,1,1,0,0.01,0.00,0.01,0.01,0.00,0.00,0.18,208,30
42071,-0.6,0.7,-27.2,0.061,-0.061,-0.987,4.5,-4.1,0.0,0.0191,-0.0174,0.0014,794,861,933,855,0.00,0.01,2.70,0.17,0.3721,1,1,0,0.01,0.00,0.01,0.01,0.00,0.00,0.18,208,30
42082,0.5,1.5,71.9,-0.034,0.081,-1.077,4.5,-4.0,0.0,0.0177,-0.0177,-0.0688,664,991,798,991,0.00,0.01,2.70,0.17,0.3721,1,1,0,0.01,0.00,0.01,0.01,0.00,0.00,0.18,208,30
42092,0.8,-4.5,-46.2,0.029,-0.036,-0.999,4.5,-4.1,0.0,0.0169,-0.0119,0.0324,886,783,1005,771,0.00,0.01,2.69,0.17,0.3721,1,1,0,0.01,0.00,0.01,0.01,0.00,0.00,0.17,208,30
42102,-1.2,0.6,-29.5,0.078,-0.039,-0.980,4.5,-4.1,0.0,0.0196,-0.0168,0.0118,767,885,909,883,0.00,0.01,2.70,0.17,0.3648,1,1,0,0.01,0.00,0.01,0.01,0.00,0.00,0.16,209,30
42112,-0.8,-0.2,71.7,-0.010,0.115,-1.081,4.5,-4.0,0.0,0.0192,-0.0159,-0.0690,668,971,795,955,0.00,0.01,2.70,0.17,0.3648,1,1,0,0.01,0.00,0.01,0.01,0.00,0.00,0.18,209,30
42122,0.1,-6.1,-45.7,0.025,-0.033,-0.998,4.5,-4.0,0.0,0.0180,-0.0100,0.0317,867,787,975,760,0.00,0.01,2.69,0.17,0.3648,1,1,0,0.01,0.00,0.01,0.01,0.00,0.00,0.20,209,30
42132,-0.2,2.3,-30.1,0.038,-0.059,-0.973,4.5,-4.1,0.0,0.0186,-0.0186,0.0123,754,867,897,870,0.00,0.01,2.70,0.18,0.3648,1,1,0,0.01,0.00,0.00,0.00,0.00,0.00,0.19,209,31
42142,0.6,1.5,70.7,-0.026,0.083,-1.090,4.5,-4.0,0.0,0.0177,-0.0176,-0.0683,670,963,798,957,0.00,0.01,2.70,0.18,0.3648,1,1,0,0.01,0.00,0.00,0.00,0.00,0.00,0.17,209,31
42152,0.6,-6.2,-46.4,0.038,-0.015,-0.973,4.4,-4.1,0.0,0.0171,-0.0104,0.0321,868,782,974,765,0.00,0.01,2.69,0.18,0.3648,1,1,0,0.01,0.00,0.00,0.00,0.00,0.00,0.17,209,31
42162,-0.7,0.7,-27.6,0.067,-0.047,-0.990,4.5,-4.1,0.0,0.0191,-0.0170,0.0103,750,872,893,874,0.00,0.01,2.70,0.18,0.3648,1,1,0,0.01,0.00,0.00,0.00,0.00,0.00,0.17,210,31
42172,0.0,1.4,71.0,-0.012,0.133,-1.101,4.5,-4.0,0.0,0.0186,-0.0167,-0.0669,664,972,793,960,0.00,0.01,2.70,0.18,0.3648,1,1,0,0.01,0.00,0.00,0.00,0.00,0.00,0.16,209,31
42182,0.1,-6.7,-41.6,0.012,-0.033,-1.001,4.5,-4.0,0.0,0.0182,-0.0094,0.0216,865,791,972,761,0.00,0.01,2.69,0.17,0.3648,1,1,0,0.01,0.00,0.00,0.00,0.00,0.00,0.16,209,31
42192,-0.4,1.8,-30.4,0.052,-0.069,-0.947,4.5,-4.1,0.0,0.0188,-0.0181,0.0126,768,855,909,857,0.00,0.01,2.70,0.17,0.3648,1,1,0,0.01,0.00,0.00,0.00,0.00,0.00,0.16,209,31
42203,0.8,3.8,71.7,-0.026,0.094,-1.094,4.5,-4.0,0.0,0.0176,-0.0199,-0.0687,653,961,793,963,0.00,0.01,2.70,0.17,0.3624,1,1,0,0.01,0.00,0.00,0.00,0.00,0.00,0.17,209,31
42213,0.4,-5.1,-40.0,0.020,-0.016,-1.006,4.4,-4.0,0.0,0.0178,-0.0109,0.0230,862,776,974,758,0.00,0.01,2.69,0.17,0.3624,1,1,0,0.01,0.00,0.00,0.00,0.00,0.00,0.18,210,31
42223,-0.4,0.4,-33.2,0.062,-0.044,-0.981,4.5,-4.1,0.0,0.0183,-0.0174,0.0063,763,852,900,854,0.00,0.01,2.70,0.17,0.3624,1,1,0,0.01,0.00,0.00,0.00,0.00,0.00,0.18,210,31
42233,0.5,1.1,74.0,-0.015,0.122,-1.107,4.4,-4.0,0.0,0.0178,-0.0173,-0.0709,654,968,785,963,0.00,0.01,2.70,0.17,0.3624,1,1,0,0.01,0.00,0.00,0.00,0.00,0.00,0.17,209,31
42243,0.3,-5.9,-39.1,-0.002,-0.018,-1.010,4.5,-4.0,0.0,0.0180,-0.0097,0.0273,843,777,949,746,0.00,0.01,2.69,0.17,0.3550,1,1,0,0.01,0.00,0.00,0.00,0.00,0.00,0.16,209,31
42253,-0.9,1.2,-34.1,0.037,-0.075,-0.982,4.5,-4.1,0.0,0.0191,-0.0177,0.0071,750,840,889,836,0.00,0.01,2.70,0.17,0.3550,1,1,0,0.01,0.00,0.00,0.00,0.00,0.00,0.18,209,31
42263,0.8,2.5,72.6,-0.024,0.093,-1.076,4.4,-4.0,0.0,0.0175,-0.0187,-0.0697,640,949,777,949,0.00,0.01,2.70,0.17,0.3550,1,1,0,0.01,0.00,-0.01,0.00,0.00,0.00,0.21,209,31
42273,1.4,-4.2,-39.7,0.006,-0.011,-1.018,4.4,-4.0,0.0,0.0170,-0.0120,0.0277,840,769,954,752,0.00,0.01,2.69,0.18,0.3550,1,1,0,0.01,0.00,0.00,0.00,0.00,0.00,0.20,209,31
42283,0.1,0.7,-33.6,0.053,-0.044,-0.981,4.5,-4.1,0.0,0.0180,-0.0176,0.0070,750,837,889,839,0.00,0.01,2.70,0.18,0.3550,1,1,0,0.01,0.00,0.00,0.00,0.00,0.00,0.19,209,31
42293,0.5,1.5,72.7,-0.020,0.133,-1.075,4.4,-4.0,0.0,0.0179,-0.0178,-0.0698,636,956,772,951,0.00,0.01,2.70,0.18,0.3550,1,1,0,0.01,0.00,0.00,0.00,0.00,0.00,0.18,209,31
42303,0.3,-6.9,-43.4,0.011,-0.021,-1.005,4.4,-4.0,0.0,0.0181,-0.0093,0.0230,843,775,952,745,0.00,0.01,2.69,0.18,0.3550,1,1,0,0.01,0.00,0.00,0.00,0.00,0.00,0.16,209,31
42314,-1.0,-0.5,-32.8,0.044,-0.062,-0.998,4.5,-4.1,0.0,0.0195,-0.0158,0.0118,749,844,887,835,0.00,0.01,2.70,0.18,0.3550,1,1,0,0.01,0.00,0.00,0.00,0.00,0.00,0.16,209,31
42324,-0.7,3.4,71.7,-0.037,0.081,-1.067,4.4,-4.0,0.0,0.0192,-0.0197,-0.0690,635,955,775,950,0.00,0.01,2.70,0.17,0.3550,1,1,0,0.01,0.00,0.00,0.00,0.00,0.00,0.16,209,31
42334,0.0,-5.2,-39.0,0.005,-0.012,-0.993,4.4,-4.0,0.0,0.0185,-0.0114,0.0269,836,774,953,751,0.00,0.01,2.69,0.17,0.3550,1,1,0,0.01,0.00,0.00,0.00,0.00,0.00,0.17,209,31
42344,0.7,0.0,-35.6,0.055,-0.047,-1.001,4.5,-4.1,0.0,0.0177,-0.0162,0.0167,760,828,898,829,0.00,0.01,2.70,0.17,0.3550,1,1,0,0.01,0.00,0.00,0.00,0.00,0.00,0.18,209,31
42354,0.5,2.6,72.5,-0.018,0.102,-1.058,4.4,-4.0,0.0,0.0179,-0.0186,-0.0695,639,952,772,952,0.00,0.01,2.70,0.17,0.3550,1,1,0,0.01,0.00,0.00,0.00,0.00,0.00,0.18,209,31
42364,0.6,-4.7,-39.9,0.018,-0.009,-0.981,4.4,-4.0,0.0,0.0175,-0.0115,0.0228,841,771,951,752,0.00,0.01,2.69,0.17,0.3550,1,1,0,0.01,0.00,0.00,0.00,0.00,0.00,0.17,208,31
42374,-0.5,-1.1,-35.5,0.058,-0.060,-1.012,4.4,-4.1,0.0,0.0190,-0.0151,0.0167,760,832,897,826,0.00,0.01,2.70,0.17,0.3550,1,1,0,0.01,0.00,0.00,0.00,0.00,0.00,0.16,208,31
42384,-0.1,1.1,72.4,-0.028,0.105,-1.067,4.4,-4.0,0.0,0.0185,-0.0164,-0.0687,640,958,769,948,0.00,0.01,2.70,0.17,0.3550,1,1,0,0.01,0.00,0.00,0.00,0.00,0.00,0.18,208,31
42394,0.0,-3.9,-33.9,-0.012,-0.025,-0.991,4.4,-4.0,0.0,0.0183,-0.0123,0.0155,837,778,949,751,0.00,0.01,2.69,0.17,0.3550,1,1,0,0.01,0.00,0.00,0.00,0.00,0.00,0.20,208,31
42404,-0.9,-0.4,-40.2,0.051,-0.061,-0.993,4.4,-4.1,0.0,0.0196,-0.0166,0.0128,759,827,900,820,0.00,0.01,2.70,0.18,0.3538,1,1,0,0.01,0.00,0.00,0.00,0.00,0.00,0.19,208,31
42414,0.6,1.6,72.6,-0.024,0.123,-1.062,4.4,-4.0,0.0,0.0184,-0.0176,-0.0689,632,954,771,948,0.00,0.01,2.70,0.18,0.3538,1,1,0,0.01,0.00,0.00,0.00,0.00,0.00,0.17,208,31
42425,1.2,-5.3,-36.0,0.008,0.003,-1.009,4.4,-4.0,0.0,0.0172,-0.0109,0.0171,840,769,950,747,0.00,0.01,2.69,0.18,0.3538,1,1,0,0.01,0.00,0.00,0.00,0.00,0.00,0.16,208,31
42435,-0.6,-0.7,-41.5,0.061,-0.047,-0.965,4.4,-4.1,0.0,0.0190,-0.0164,0.0137,762,823,899,821,0.00,0.01,2.70,0.18,0.3538,1,1,0,0.01,0.00,0.00,0.00,0.00,0.00,0.16,207,31
42445,0.3,1.9,73.5,-0.016,0.103,-1.066,4.4,-4.0,0.0,0.0180,-0.0180,-0.0704,635,954,765,952,0.00,0.01,2.70,0.18,0.3538,1,1,0,0.01,0.00,0.00,0.00,0.00,0.00,0.16,207,31
42455,-0.1,-5.4,-33.4,0.000,-0.015,-1.006,4.4,-4.0,0.0,0.0186,-0.0108,0.0150,829,782,939,756,0.00,0.01,2.69,0.17,0.3538,1,1,0,0.01,0.00,0.00,0.00,0.00,0.00,0.17,206,31
42465,-1.9,-0.7,-41.6,0.062,-0.070,-0.991,4.4,-4.1,0.0,0.0203,-0.0158,0.0191,761,825,901,818,0.00,0.01,2.70,0.17,0.3538,1,1,0,0.01,0.00,0.00,0.00,0.00,0.00,0.18,206,31
42475,-0.9,3.0,72.6,-0.017,0.093,-1.054,4.4,-4.0,0.0,0.0194,-0.0194,-0.0698,632,957,768,948,0.00,0.01,2.70,0.17,0.3538,1,1,0,0.01,0.00,0.00,0.00,0.00,0.00,0.18,207,31
42485,0.0,-4.7,-30.2,0.007,-0.008,-0.998,4.4,-4.0,0.0,0.0184,-0.0113,0.0206,825,780,937,754,0.00,0.01,2.69,0.17,0.3526,1,1,0,0.01,0.00,0.00,0.00,0.00,0.00,0.18,207,31
42495,0.3,-1.1,-46.0,0.056,-0.050,-1.019,4.4,-4.1,0.0,0.0180,-0.0157,0.0202,763,820,898,816,0.00,0.01,2.70,0.17,0.3526,1,1,0,0.01,0.00,0.00,0.00,0.00,0.00,0.17,208,31
42505,1.5,2.2,71.5,-0.024,0.125,-1.061,4.4,-4.0,0.0,0.0169,-0.0185,-0.0689,634,953,760,949,0.00,0.01,2.70,0.17,0.3526,1,1,0,0.01,0.00,0.00,0.00,0.00,0.00,0.16,208,31
42515,0.6,-3.9,-29.6,-0.008,-0.018,-0.984,4.4,-4.0,0.0,0.0175,-0.0119,0.0205,827,778,937,756,0.00,0.01,2.69,0.17,0.3526,1,1,0,0.01,0.00,0.00,0.00,0.00,0.00,0.17,208,31
42526,-1.2,-1.0,-44.3,0.053,-0.055,-1.007,4.4,-4.1,0.0,0.0197,-0.0153,0.0237,740,804,886,802,0.00,0.01,2.70,0.17,0.3441,1,1,0,0.01,0.00,0.00,0.00,0.00,0.00,0.17,208,31
42536,-0.4,1.8,71.6,-0.026,0.107,-1.056,4.4,-4.0,0.0,0.0192,-0.0172,-0.0692,612,941,748,930,0.00,0.01,2.70,0.17,0.3441,1,1,0,0.01,0.00,0.00,0.00,0.00,0.00,0.18,208,31
42546,-0.4,-5.4,-25.1,-0.004,0.003,-0.976,4.4,-4.0,0.0,0.0190,-0.0109,0.0084,810,768,919,735,0.00,0.01,2.69,0.17,0.3441,1,1,0,0.01,0.00,0.00,0.00,0.00,0.00,0.18,208,31
42556,-1.6,-1.2,-45.0,0.059,-0.054,-0.972,4.4,-4.1,0.0,0.0201,-0.0151,0.0242,742,806,885,800,0.00,0.01,2.70,0.17,0.3441,1,1,0,0.01,0.00,0.00,0.00,0.00,0.00,0.17,208,31
42566,0.3,1.9,71.4,-0.028,0.096,-1.096,4.4,-4.0,0.0,0.0182,-0.0182,-0.0691,608,935,746,933,0.00,0.01,2.70,0.17,0.3428,1,1,0,0.01,0.00,0.00,0.00,0.00,0.00,0.16,208,31
42576,0.5,-4.2,-25.2,-0.011,0.000,-0.998,4.4,-4.0,0.0,0.0180,-0.0121,0.0085,809,762,917,735,0.00,0.01,2.69,0.17,0.3428,1,1,0,0.01,0.00,0.00,0.00,0.00,0.00,0.18,208,31
42586,-0.2,0.2,-49.6,0.057,-0.077,-0.950,4.4,-4.1,0.0,0.0187,-0.0167,0.0211,758,789,893,782,0.00,0.01,2.70,0.17,0.3428,1,1,0,0.01,0.00,0.00,0.00,0.00,0.00,0.19,208,31
42596,0.3,3.3,72.3,-0.025,0.097,-1.067,4.4,-4.0,0.0,0.0182,-0.0197,-0.0696,608,940,743,933,0.00,0.01,2.70,0.17,0.3428,1,1,0,0.01,0.00,0.00,0.00,0.00,0.00,0.18,209,31
42606,-0.3,-3.7,-20.5,-0.015,-0.019,-1.018,4.4,-4.0,0.0,0.0181,-0.0122,0.0137,796,769,909,750,0.00,0.01,2.69,0.17,0.3428,1,1,0,0.01,0.00,0.00,0.00,0.00,0.00,0.18,209,31
42616,-1.3,-1.3,-50.3,0.068,-0.072,-0.969,4.4,-4.1,0.0,0.0198,-0.0151,0.0264,760,789,895,779,0.00,0.01,2.70,0.17,0.3428,1,1,0,0.01,0.00,0.00,0.00,0.00,0.00,0.17,209,31
42627,-0.1,1.8,72.6,-0.013,0.102,-1.021,4.4,-4.0,0.0,0.0186,-0.0182,-0.0698,607,940,741,935,0.00,0.01,2.70,0.17,0.3428,1,1,0,0.01,0.00,0.00,0.00,0.00,0.00,0.17,209,31
42637,0.1,-2.8,-19.0,-0.006,0.008,-1.015,4.4,-4.0,0.0,0.0182,-0.0134,0.0065,793,771,907,752,0.00,0.01,2.69,0.17,0.3428,1,1,0,0.01,0.00,0.00,0.00,0.00,0.00,0.16,209,31
42647,-0.2,-1.9,-53.7,0.066,-0.054,-0.977,4.4,-4.1,0.0,0.0188,-0.0144,0.0312,760,788,892,778,0.00,0.01,2.70,0.17,0.3422,1,1,0,0.01,0.00,0.00,0.00,0.00,0.00,0.16,209,31
42657,1.1,2.4,68.8,-0.031,0.085,-1.058,4.4,-4.0,0.0,0.0178,-0.0178,-0.0686,608,939,742,930,0.00,0.01,2.70,0.17,0.3422,1,1,0,0.01,0.00,0.00,0.00,0.00,0.00,0.17,209,31
42667,0.0,-3.1,-17.8,-0.022,-0.003,-0.986,4.4,-4.0,0.0,0.0185,-0.0129,0.0057,779,760,892,736,0.00,0.01,2.69,0.17,0.3355,1,1,0,0.01,0.00,0.00,0.00,0.00,0.00,0.18,209,31
42677,0.0,0.0,-52.8,0.054,-0.062,-0.954,4.4,-4.1,0.0,0.0186,-0.0164,0.0305,745,771,883,768,0.00,0.01,2.70,0.17,0.3355,1,1,0,0.01,0.00,0.00,0.00,0.00,0.00,0.18,209,31
42687,1.0,3.8,70.6,-0.024,0.090,-1.045,4.4,-4.0,0.0,0.0174,-0.0192,-0.0698,595,923,728,921,0.00,0.01,2.70,0.17,0.3355,1,1,0,0.01,0.00,0.00,0.00,0.00,0.00,0.18,209,31
42697,0.6,-3.0,-18.9,-0.005,-0.003,-1.019,4.4,-4.0,0.0,0.0178,-0.0132,0.0066,781,756,894,737,0.00,0.01,2.69,0.17,0.3355,1,1,0,0.01,0.00,0.00,0.00,0.00,0.00,0.17,209,31
42707,-0.3,0.5,-51.3,0.056,-0.055,-0.958,4.4,-4.1,0.0,0.0190,-0.0170,0.0293,752,765,893,758,0.00,0.01,2.70,0.17,0.3355,1,1,0,0.01,0.00,0.00,0.00,0.00,0.00,0.16,209,30
42717,0.3,4.0,69.6,-0.025,0.118,-1.058,4.4,-4.0,0.0,0.0184,-0.0201,-0.0680,589,924,734,920,0.00,0.01,2.70,0.17,0.3355,1,1,0,0.01,0.00,0.00,0.00,0.00,0.00,0.19,209,30
42727,-0.5,-4.4,-14.3,-0.015,0.013,-0.987,4.4,-4.0,0.0,0.0191,-0.0119,-0.0002,779,764,889,736,0.00,0.01,2.69,0.17,0.3355,1,1,0,0.01,0.00,0.00,0.00,0.00,0.00,0.21,209,30
42738,-1.0,-1.7,-54.4,0.064,-0.050,-0.978,4.4,-4.1,0.0,0.0196,-0.0155,0.0256,755,767,890,756,0.00,0.01,2.70,0.18,0.3355,1,1,0,0.01,0.00,0.00,0.00,0.00,0.00,0.20,209,31
42748,0.3,3.9,69.1,-0.028,0.084,-1.044,4.4,-4.0,0.0,0.0182,-0.0203,-0.0670,593,923,730,922,0.00,0.01,2.70,0.18,0.3355,1,1,0,0.01,0.00,0.01,0.00,0.00,0.00,0.18,209,31
42758,-0.5,-3.0,-11.9,-0.024,0.015,-0.984,4.4,-4.0,0.0,0.0192,-0.0129,0.0009,780,764,893,730,0.00,0.01,2.69,0.18,0.3355,1,1,0,0.01,0.00,0.01,0.00,0.00,0.00,0.17,209,31
42768,-1.2,-1.2,-54.3,0.051,-0.062,-0.977,4.5,-4.1,0.0,0.0202,-0.0158,0.0258,753,768,892,754,0.00,0.01,2.70,0.18,0.3355,1,1,0,0.01,0.00,0.01,0.00,0.00,0.00,0.16,210,31
42778,-0.1,3.1,68.4,-0.028,0.073,-1.063,4.4,-4.0,0.0,0.0188,-0.0195,-0.0664,592,924,729,922,0.00,0.01,2.70,0.18,0.3355,1,1,0,0.01,0.00,0.01,0.00,0.00,0.00,0.16,210,31
42788,-0.3,-4.7,-10.0,-0.020,0.003,-0.976,4.4,-4.0,0.0,0.0187,-0.0114,-0.0005,781,759,890,738,0.00,0.01,2.69,0.18,0.3355,1,1,0,0.01,0.00,0.01,0.00,0.00,0.00,0.16,210,31
42798,-0.3,-0.8,-55.4,0.060,-0.059,-0.980,4.4,-4.1,0.0,0.0192,-0.0156,0.0266,757,766,891,753,0.00,0.01,2.70,0.18,0.3355,1,1,0,0.01,0.00,0.01,0.00,0.00,0.00,0.17,210,31
42808,1.1,3.8,67.7,-0.038,0.098,-1.040,4.4,-4.0,0.0,0.0177,-0.0194,-0.0674,595,924,730,918,0.00,0.01,2.70,0.17,0.3355,1,1,0,0.01,0.00,0.01,0.00,0.00,0.00,0.17,210,31
42818,0.0,-3.4,-13.2,-0.011,-0.002,-0.994,4.4,-4.0,0.0,0.0187,-0.0129,-0.0010,775,759,893,740,0.00,0.01,2.69,0.18,0.3355,1,1,0,0.01,0.00,0.01,0.00,0.00,0.00,0.18,210,31
42828,-0.1,-1.4,-56.4,0.072,-0.055,-0.965,4.4,-4.1,0.0,0.0188,-0.0159,0.0275,758,760,894,755,0.00,0.01,2.70,0.18,0.3355,1,1,0,0.01,0.00,0.01,0.00,0.00,0.00,0.18,210,31
42838,0.8,3.2,69.3,-0.015,0.096,-1.051,4.4,-4.0,0.0,0.0177,-0.0197,-0.0671,593,923,726,925,0.00,0.01,2.70,0.18,0.3355,1,1,0,0.01,0.00,0.01,0.00,0.00,0.00,0.17,210,31
42849,1.2,-1.5,-9.3,-0.028,0.024,-1.010,4.4,-4.0,0.0,0.0171,-0.0139,0.0052,768,768,881,751,0.00,0.01,2.69,0.18,0.3355,1,1,0,0.01,0.00,0.01,0.00,0.00,0.00,0.16,209,31
42859,-0.3,-0.2,-56.0,0.048,-0.048,-0.950,4.4,-4.1,0.0,0.0192,-0.0162,0.0313,758,763,895,752,0.00,0.01,2.70,0.17,0.3355,1,1,0,0.01,0.00,0.01,0.00,0.00,0.00,0.18,209,31
42869,0.2,4.0,68.8,-0.028,0.075,-1.055,4.4,-4.0,0.0,0.0184,-0.0205,-0.0667,589,923,730,926,0.00,0.01,2.70,0.17,0.3355,1,1,0,0.01,0.00,0.01,0.00,0.00,0.00,0.20,209,31
42879,-0.5,-4.6,-8.0,-0.023,0.026,-1.018,4.4,-4.0,0.0,0.0187,-0.0111,0.0040,766,775,877,749,0.00,0.01,2.69,0.18,0.3355,1,1,0,0.01,0.00,0.00,0.00,0.00,0.00,0.19,209,31
42889,-0.9,-2.8,-58.1,0.064,-0.051,-0.965,4.4,-4.1,0.0,0.0196,-0.0136,0.0347,754,761,889,745,0.00,0.01,2.70,0.18,0.3331,1,1,0,0.01,0.00,0.00,0.00,0.00,0.00,0.18,209,31
42899,-0.3,3.9,67.4,-0.036,0.091,-1.031,4.4,-4.0,0.0,0.0190,-0.0201,-0.0667,585,921,727,916,0.00,0.01,2.70,0.18,0.3331,1,1,0,0.01,0.00,0.00,0.00,0.00,0.00,0.17,209,31
42909,-0.3,-3.2,-9.4,-0.023,0.014,-0.996,4.4,-4.0,0.0,0.0190,-0.0128,-0.0009,763,771,876,739,0.00,0.01,2.69,0.18,0.3331,1,1,0,0.01,0.00,0.00,0.00,0.00,0.00,0.16,209,31
42919,-1.5,-2.4,-58.7,0.064,-0.065,-0.956,4.4,-4.1,0.0,0.0203,-0.0140,0.0353,753,759,892,744,0.00,0.01,2.70,0.18,0.3331,1,1,0,0.01,0.00,0.00,0.00,0.00,0.00,0.16,209,31
42929,0.2,3.5,64.1,-0.023,0.077,-1.073,4.4,-4.0,0.0,0.0184,-0.0194,-0.0657,572,896,711,896,0.00,0.01,2.70,0.18,0.3233,1,1,0,0.01,0.00,0.00,0.00,0.00,0.00,0.16,209,31
42939,0.3,-3.8,-5.8,-0.017,0.005,-0.992,4.4,-4.0,0.0,0.0183,-0.0125,-0.0069,746,747,856,727,0.00,0.01,2.69,0.17,0.3233,1,1,0,0.01,0.00,0.00,0.00,0.00,0.00,0.16,209,31
42950,0.8,-0.6,-59.1,0.058,-0.048,-0.956,4.4,-4.1,0.0,0.0183,-0.0159,0.0305,725,750,861,740,0.00,0.01,2.70,0.17,0.3233,1,1,0,0.01,0.00,0.00,0.00,0.00,0.00,0.18,209,31
42960,0.8,4.8,64.2,-0.028,0.062,-1.023,4.4,-4.0,0.0,0.0178,-0.0213,-0.0630,570,894,711,900,0.00,0.01,2.70,0.17,0.3233,1,1,0,0.01,0.00,0.00,0.00,0.00,0.00,0.18,210,31
42970,0.3,-2.7,-1.6,-0.023,0.020,-1.020,4.4,-4.0,0.0,0.0181,-0.0132,-0.0011,753,736,868,719,0.00,0.01,2.69,0.17,0.3233,1,1,0,0.01,0.00,0.00,0.00,0.00,0.00,0.17,210,31
42980,1.4,-1.2,-60.5,0.067,-0.045,-0.966,4.4,-4.1,0.0,0.0172,-0.0155,0.0336,744,731,875,725,0.00,0.01,2.70,0.17,0.3233,1,1,0,0.01,0.00,0.00,0.00,0.00,0.00,0.16,210,31
42990,1.2,4.8,65.6,-0.034,0.070,-1.025,4.4,-4.0,0.0,0.0174,-0.0213,-0.0642,568,898,708,902,0.00,0.01,2.70,0.17,0.3233,1,1,0,0.01,0.00,0.00,0.00,0.00,0.00,0.17,210,31
43000,-1.0,-2.3,-1.0,-0.028,0.010,-1.018,4.4,-4.0,0.0,0.0192,-0.0133,-0.0013,731,759,848,738,0.00,0.01,2.69,0.17,0.3233,1,1,0,0.01,0.00,0.00,0.00,0.00,0.00,0.18,210,31
43010,-0.7,-1.6,-61.1,0.069,-0.058,-0.941,4.4,-4.1,0.0,0.0193,-0.0151,0.0339,744,732,876,723,0.00,0.01,2.70,0.17,0.3233,1,1,0,0.01,0.00,0.00,0.00,0.00,0.00,0.17,209,31
43020,0.3,4.2,68.5,-0.024,0.103,-1.034,4.4,-4.0,0.0,0.0184,-0.0207,-0.0666,563,905,705,902,0.00,0.01,2.70,0.17,0.3233,1,1,0,0.01,0.00,0.00,0.00,0.00,0.00,0.17,209,31
43030,-1.1,-3.0,-3.4,-0.021,0.019,-1.009,4.4,-4.0,0.0,0.0200,-0.0131,-0.0057,731,759,853,728,0.00,0.01,2.69,0.17,0.3227,1,1,0,0.01,0.00,0.00,0.00,0.00,0.00,0.16,209,31
43040,-2.3,-2.5,-61.9,0.067,-0.052,-0.966,4.4,-4.1,0.0,0.0210,-0.0139,0.0378,740,736,878,717,0.00,0.01,2.70,0.17,0.3227,1,1,0,0.01,0.00,0.00,0.00,0.00,0.00,0.19,208,31
43050,-0.2,2.5,64.6,-0.013,0.064,-1.061,4.4,-4.0,0.0,0.0185,-0.0182,-0.0670,569,901,704,897,0.00,0.01,2.70,0.17,0.3227,1,1,0,0.01,0.00,-0.01,0.00,0.00,0.00,0.21,208,31
43061,0.7,-3.6,-3.5,-0.019,0.021,-0.992,4.4,-4.0,0.0,0.0180,-0.0127,-0.0057,734,756,848,732,0.00,0.01,2.69,0.18,0.3227,1,1,0,0.01,0.00,0.00,-0.02,0.00,0.00,0.20,208,31
43071,-0.6,-1.7,-61.3,0.054,-0.051,-0.951,4.4,-4.1,0.0,0.0193,-0.0148,0.0373,736,709,864,693,0.00,0.01,2.70,0.18,0.3136,1,1,0,0.01,0.00,0.00,-0.01,0.00,0.00,0.18,208,31
43081,0.8,5.3,65.2,-0.031,0.072,-1.043,4.4,-4.0,0.0,0.0175,-0.0207,-0.0673,550,879,688,885,0.00,0.01,2.70,0.18,0.3136,1,1,0,0.01,0.00,0.00,-0.01,0.00,0.00,0.18,209,31
43091,0.6,-2.0,-3.9,-0.027,0.031,-0.990,4.4,-4.0,0.0,0.0182,-0.0141,-0.0054,715,738,832,712,0.00,0.01,2.69,0.18,0.3129,1,1,0,0.01,0.00,0.01,-0.02,0.00,0.00,0.17,209,31
43101,-1.4,-1.0,-60.7,0.062,-0.053,-0.958,4.4,-4.1,0.0,0.0202,-0.0156,0.0369,728,709,869,691,0.00,0.01,2.70,0.18,0.3129,1,1,0,0.01,0.00,0.00,-0.01,0.00,0.00,0.17,209,31
43111,-0.7,4.9,63.5,-0.023,0.074,-1.055,4.4,-4.0,0.0,0.0195,-0.0213,-0.0639,545,879,693,880,0.00,0.01,2.70,0.18,0.3129,1,1,0,0.01,0.00,0.00,-0.01,0.00,0.00,0.16,209,31
43121,-0.4,-2.5,1.0,-0.035,0.003,-1.011,4.4,-4.0,0.0,0.0192,-0.0140,-0.0125,713,743,831,710,0.00,0.01,2.69,0.18,0.3129,1,1,0,0.01,0.00,0.01,-0.02,0.00,0.00,0.17,209,31
43131,-1.5,-1.6,-63.8,0.068,-0.070,-0.962,4.4,-4.1,0.0,0.0206,-0.0158,0.0346,729,705,871,691,0.00,0.01,2.70,0.18,0.3129,1,1,0,0.01,0.00,0.01,-0.02,0.00,0.00,0.18,209,31
43141,0.5,5.2,64.8,-0.020,0.084,-1.058,4.4,-4.0,0.0,0.0180,-0.0216,-0.0649,545,877,690,885,0.00,0.01,2.70,0.18,0.3117,1,1,0,0.01,0.00,0.00,-0.01,0.00,0.00,0.18,209,31
43151,0.6,-3.1,0.7,-0.026,0.024,-1.006,4.4,-4.0,0.0,0.0181,-0.0133,-0.0122,716,737,826,708,0.00,0.01,2.69,0.18,0.3117,1,1,0,0.01,0.00,0.01,-0.02,0.00,0.00,0.18,209,31
43161,-0.9,-1.6,-63.3,0.064,-0.058,-0.955,4.4,-4.1,0.0,0.0201,-0.0151,0.0343,730,705,864,689,0.00,0.01,2.70,0.18,0.3038,1,1,0,0.01,0.00,0.01,-0.02,0.00,0.00,0.18,209,31
43172,0.5,5.0,62.2,-0.018,0.072,-1.040,4.4,-4.0,0.0,0.0182,-0.0216,-0.0615,530,860,673,865,0.00,0.01,2.70,0.18,0.3038,1,1,0,0.01,0.00,0.00,-0.02,0.00,0.00,0.17,209,31
43182,0.0,-1.9,4.3,-0.031,0.040,-0.976,4.4,-4.0,0.0,0.0189,-0.0135,-0.0056,686,732,804,706,0.00,0.01,2.69,0.18,0.3038,1,1,0,0.01,0.00,0.01,-0.02,0.00,0.00,0.19,210,31
43192,-0.4,-2.4,-63.3,0.062,-0.046,-0.961,4.4,-4.1,0.0,0.0194,-0.0141,0.0375,716,692,848,671,0.00,0.01,2.70,0.18,0.3038,1,1,0,0.01,0.00,0.01,-0.02,0.00,0.00,0.21,210,31
43202,0.0,4.6,63.7,-0.026,0.078,-1.034,4.4,-4.0,0.0,0.0188,-0.0212,-0.0627,527,866,672,862,0.00,0.01,2.70,0.18,0.3038,1,1,0,0.01,0.00,0.00,-0.01,0.00,0.00,0.20,210,31
43212,-1.2,-2.1,4.9,-0.033,0.023,-0.996,4.4,-4.0,0.0,0.0199,-0.0132,-0.0061,685,734,803,705,0.00,0.01,2.69,0.18,0.3038,1,1,0,0.01,0.00,0.01,0.00,0.00,0.00,0.19,210,31
43222,-0.4,-1.8,-64.0,0.065,-0.049,-0.940,4.4,-4.1,0.0,0.0193,-0.0147,0.0395,718,697,851,675,0.00,0.01,2.70,0.18,0.3056,1,1,0,0.01,0.00,0.01,0.00,0.00,0.00,0.18,210,31
43232,-0.4,3.6,63.7,-0.014,0.079,-1.015,4.4,-4.0,0.0,0.0193,-0.0203,-0.0627,531,869,676,866,0.00,0.01,2.70,0.18,0.3056,1,1,0,0.01,0.00,0.00,0.00,0.00,0.00,0.17,210,31
43242,-0.4,-1.2,3.7,-0.030,0.031,-1.043,4.4,-4.0,0.0,0.0191,-0.0152,-0.0115,687,730,810,714,0.00,0.01,2.69,0.18,0.3056,1,1,0,0.01,0.00,0.01,0.00,0.00,0.00,0.17,209,31
43252,1.0,-1.0,-64.7,0.054,-0.036,-0.962,4.4,-4.1,0.0,0.0178,-0.0155,0.0400,720,693,852,677,0.00,0.01,2.70,0.18,0.3056,1,1,0,0.01,0.00,0.01,0.00,0.00,0.00,0.16,209,31
43262,0.0,4.5,60.3,-0.020,0.065,-1.019,4.4,-4.0,0.0,0.0191,-0.0202,-0.0642,532,860,676,859,0.00,0.01,2.70,0.18,0.3038,1,1,0,0.01,0.00,0.01,0.00,0.00,0.00,0.17,209,31
43272,-0.8,-2.7,2.8,-0.022,0.035,-1.027,4.4,-4.0,0.0,0.0198,-0.0134,-0.0046,685,731,808,704,0.00,0.01,2.69,0.18,0.3038,1,1,0,0.01,0.00,0.01,0.00,0.00,0.00,0.18,210,31
43283,-0.7,-2.2,-64.9,0.064,-0.044,-0.972,4.4,-4.1,0.0,0.0196,-0.0143,0.0402,714,695,848,670,0.00,0.01,2.70,0.18,0.3038,1,1,0,0.01,0.00,0.01,0.00,0.00,0.00,0.18,210,31
43293,0.1,3.8,60.4,-0.018,0.043,-1.013,4.4,-4.0,0.0,0.0187,-0.0195,-0.0643,533,861,674,860,0.00,0.01,2.70,0.18,0.3038,1,1,0,0.01,0.00,0.01,0.00,0.00,0.00,0.18,210,31
43303,0.0,-2.3,5.0,-0.019,0.033,-0.983,4.4,-4.0,0.0,0.0189,-0.0141,-0.0125,683,730,805,709,0.00,0.01,2.70,0.18,0.3038,1,1,0,0.01,0.00,0.01,0.00,0.00,0.00,0.17,210,31
43313,0.6,-1.1,-64.6,0.058,-0.044,-0.977,4.4,-4.1,0.0,0.0182,-0.0155,0.0400,726,681,854,667,0.00,0.01,2.70,0.18,0.3038,1,1,0,0.01,0.00,0.01,0.00,0.00,0.00,0.17,210,31
43323,1.4,4.7,59.8,-0.032,0.089,-1.008,4.4,-4.0,0.0,0.0180,-0.0198,-0.0638,535,861,674,857,0.00,0.01,2.70,0.18,0.3038,1,1,0,0.01,0.00,0.01,0.00,0.00,0.00,0.18,209,31
43333,-0.4,-2.2,8.7,-0.022,0.038,-0.995,4.4,-4.0,0.0,0.0194,-0.0136,-0.0124,684,734,803,706,0.00,0.01,2.70,0.18,0.3038,1,1,0,0.01,0.00,0.01,0.00,0.00,0.00,0.19,209,31
43343,-0.1,-2.5,-64.8,0.052,-0.045,-0.941,4.4,-4.1,0.0,0.0190,-0.0141,0.0401,724,685,855,664,0.00,0.01,2.70,0.18,0.3038,1,1,0,0.01,0.00,0.01,0.00,0.00,0.00,0.19,209,31
43353,-0.4,3.5,61.5,-0.024,0.081,-1.022,4.4,-4.0,0.0,0.0195,-0.0199,-0.0626,528,866,674,860,0.00,0.01,2.70,0.18,0.3038,1,1,0,0.01,0.00,0.01,0.00,0.00,0.00,0.19,210,31
43363,-0.3,-3.5,5.0,-0.028,0.023,-1.032,4.4,-4.0,0.0,0.0192,-0.0127,-0.0125,674,745,790,718,0.00,0.01,2.70,0.18,0.3038,1,1,0,0.01,0.00,0.01,0.00,0.00,0.00,0.18,210,31
43373,0.2,-1.6,-66.7,0.053,-0.054,-0.922,4.4,-4.1,0.0,0.0186,-0.0150,0.0416,730,679,858,662,0.00,0.01,2.70,0.18,0.3038,1,1,0,0.01,0.00,0.01,0.00,0.00,0.00,0.17,210,31
43383,0.9,5.1,60.4,-0.036,0.062,-1.019,4.4,-4.0,0.0,0.0180,-0.0209,-0.0646,531,859,674,864,0.00,0.01,2.70,0.18,0.3038,1,1,0,0.01,0.00,0.01,0.00,0.00,0.00,0.17,210,31
43393,0.5,-1.7,9.0,-0.043,0.054,-1.027,4.4,-4.0,0.0,0.0186,-0.0140,-0.0125,673,744,792,719,0.00,0.01,2.70,0.18,0.3038,1,1,0,0.01,0.00,0.01,0.00,0.00,0.00,0.16,210,31
43403,-0.5,-2.1,-66.8,0.055,-0.051,-0.955,4.4,-4.0,0.0,0.0195,-0.0145,0.0417,728,683,859,658,0.00,0.01,2.70,0.18,0.3038,1,1,0,0.01,0.00,0.01,0.00,0.00,0.00,0.17,209,31
43413,0.0,4.3,64.1,-0.031,0.071,-1.009,4.4,-4.0,0.0,0.0188,-0.0209,-0.0630,531,860,676,860,0.00,0.01,2.70,0.18,0.3038,1,1,0,0.01,0.00,0.01,0.00,0.00,0.00,0.18,209,31
43423,-1.0,-2.8,1.8,-0.034,0.013,-1.011,4.4,-4.0,0.0,0.0199,-0.0138,-0.0131,670,747,793,718,0.00,0.01,2.69,0.18,0.3038,1,1,0,0.01,0.00,0.01,0.00,0.00,0.00,0.19,209,31
43433,-0.3,-1.4,-61.7,0.060,-0.058,-0.965,4.4,-4.1,0.0,0.0192,-0.0152,0.0376,725,682,856,665,0.00,0.01,2.70,0.18,0.3038,1,1,0,0.01,0.00,0.01,0.00,0.00,0.00,0.18,208,31
43443,1.2,3.9,66.9,-0.026,0.086,-1.028,4.4,-4.0,0.0,0.0176,-0.0206,-0.0652,533,856,677,862,0.00,0.01,2.70,0.18,0.3038,1,1,0,0.01,0.00,0.01,0.00,0.00,0.00,0.16,208,31
43453,0.5,-2.2,-7.1,-0.025,0.015,-1.007,4.4,-4.0,0.0,0.0183,-0.0144,-0.0059,671,740,794,723,0.00,0.01,2.69,0.18,0.3038,1,1,0,0.01,0.00,0.01,0.00,0.00,0.00,0.18,208,31
43463,0.1,-1.2,-57.8,0.049,-0.040,-0.949,4.4,-4.1,0.0,0.0187,-0.0155,0.0345,694,706,832,691,0.00,0.01,2.70,0.18,0.3032,1,1,0,0.01,0.00,0.01,0.00,0.00,0.00,0.20,208,31
43474,-0.4,2.5,67.7,-0.025,0.084,-1.065,4.4,-4.0,0.0,0.0194,-0.0191,-0.0659,529,867,672,855,0.00,0.01,2.70,0.18,0.3032,1,1,0,0.01,0.00,0.01,0.00,0.00,0.00,0.20,208,31
43484,-0.3,-4.5,-14.7,-0.014,0.015,-1.031,4.4,-4.0,0.0,0.0192,-0.0121,0.0001,714,704,833,671,0.00,0.01,2.69,0.18,0.3032,1,1,0,0.01,0.00,0.02,0.00,0.00,0.00,0.19,208,31
43494,-0.8,-2.0,-54.8,0.054,-0.060,-0.958,4.4,-4.1,0.0,0.0199,-0.0147,0.0303,695,708,831,689,0.00,0.01,2.70,0.18,0.3032,1,1,0,0.01,0.00,0.01,0.00,0.00,0.00,0.18,209,31
43504,0.0,2.9,69.7,-0.031,0.084,-1.024,4.4,-4.0,0.0,0.0190,-0.0194,-0.0682,529,864,671,859,0.00,0.01,2.70,0.18,0.3032,1,1,0,0.01,0.00,0.01,0.00,0.00,0.00,0.17,209,31
43514,-0.8,-3.1,-15.1,-0.018,0.007,-1.032,4.4,-4.0,0.0,0.0197,-0.0135,0.0004,716,699,835,673,0.00,0.01,2.69,0.18,0.3032,1,1,0,0.01,0.00,0.02,0.00,0.00,0.00,0.17,209,31
43524,-0.2,-1.6,-55.8,0.052,-0.052,-0.991,4.4,-4.0,0.0,0.0193,-0.0150,0.0311,698,705,831,690,0.00,0.01,2.70,0.18,0.3032,1,1,0,0.01,0.00,0.02,0.00,0.00,0.00,0.17,209,31
43534,0.0,3.1,70.0,-0.037,0.106,-1.006,4.4,-4.0,0.0,0.0188,-0.0198,-0.0677,528,868,669,858,0.00,0.01,2.70,0.18,0.3032,1,1,0,0.01,0.00,0.01,0.00,0.00,0.00,0.17,209,31
43544,-1.4,-3.6,-9.5,-0.024,0.001,-1.016,4.4,-4.0,0.0,0.0202,-0.0120,0.0053,668,677,785,645,0.00,0.01,2.69,0.18,0.2837,1,1,0,0.01,0.00,0.02,0.00,0.00,0.00,0.18,209,31
43554,-1.7,-2.8,-59.0,0.060,-0.057,-0.978,4.4,-4.0,0.0,0.0207,-0.0139,0.0355,661,672,796,647,0.00,0.01,2.70,0.18,0.2837,1,1,0,0.01,0.00,0.02,0.00,0.00,0.00,0.18,210,31
43564,-1.0,1.4,69.8,0.000,0.076,-1.041,4.4,-4.0,0.0,0.0199,-0.0182,-0.0676,490,832,631,822,0.00,0.01,2.70,0.18,0.2837,1,1,0,0.01,0.00,0.02,0.00,0.00,0.00,0.18,210,31
43574,-1.0,-2.8,-11.1,-0.015,0.017,-1.022,4.4,-4.0,0.0,0.0199,-0.0135,0.0068,668,670,791,646,0.00,0.01,2.69,0.18,0.2837,1,1,0,0.01,0.00,0.02,0.00,0.00,0.00,0.17,210,31
43584,-1.4,-1.4,-58.5,0.061,-0.056,-0.969,4.4,-4.0,0.0,0.0204,-0.0152,0.0351,667,658,802,639,0.00,0.01,2.70,0.18,0.2824,1,1,0,0.01,0.00,0.02,0.00,0.00,0.00,0.16,210,31
43594,-0.6,2.8,68.5,-0.022,0.080,-1.038,4.4,-4.0,0.0,0.0196,-0.0196,-0.0665,488,825,633,821,0.00,0.01,2.70,0.18,0.2824,1,1,0,0.01,0.00,0.02,0.01,0.00,0.00,0.17,211,31
43605,-1.6,-4.0,-7.0,-0.021,0.011,-1.025,4.4,-4.0,0.0,0.0205,-0.0127,-0.0060,667,671,785,643,0.00,0.01,2.69,0.18,0.2824,1,1,0,0.01,0.00,0.02,0.00,0.00,0.00,0.18,210,31
43615,-1.8,-3.1,-56.9,0.078,-0.079,-0.971,4.4,-4.1,0.0,0.0208,-0.0136,0.0338,663,660,801,643,0.00,0.01,2.70,0.18,0.2824,1,1,0,0.01,0.00,0.02,0.00,0.00,0.00,0.18,210,31
43625,-0.9,4.1,68.6,-0.014,0.079,-1.060,4.4,-4.0,0.0,0.0195,-0.0208,-0.0692,483,822,633,828,0.00,0.01,2.70,0.18,0.2824,1,1,0,0.01,0.00,0.02,0.01,0.00,0.00,0.18,210,31
43635,0.0,-2.5,-6.6,-0.022,-0.008,-0.989,4.3,-4.0,0.0,0.0189,-0.0142,-0.0063,669,666,784,648,0.00,0.01,2.69,0.18,0.2824,1,1,0,0.01,0.00,0.02,0.00,0.00,0.00,0.18,209,31
43645,0.0,-0.4,-58.7,0.066,-0.066,-0.964,4.4,-4.1,0.0,0.0189,-0.0166,0.0336,648,637,786,636,0.00,0.01,2.70,0.18,0.2745,1,1,0,0.01,0.00,0.02,0.01,0.00,0.00,0.17,209,31
43655,0.9,6.1,68.4,-0.028,0.084,-1.018,4.4,-4.0,0.0,0.0179,-0.0226,-0.0674,474,805,615,813,0.00,0.01,2.70,0.18,0.2745,1,1,0,0.01,0.00,0.02,0.01,0.00,0.00,0.19,209,31
43665,1.5,-2.7,-5.6,-0.029,0.002,-0.996,4.4,-4.0,0.0,0.0174,-0.0139,-0.0071,655,655,764,633,0.00,0.01,2.69,0.18,0.2745,1,1,0,0.01,0.00,0.02,0.00,0.00,0.00,0.21,209,31
43675,1.4,0.2,-59.3,0.055,-0.049,-0.953,4.4,-4.1,0.0,0.0177,-0.0173,0.0306,651,635,786,635,0.00,0.01,2.70,0.18,0.2745,1,1,0,0.01,0.00,0.00,0.00,0.00,0.00,0.20,210,31
43685,2.4,5.8,66.3,-0.050,0.088,-1.049,4.4,-4.0,0.0,0.0165,-0.0226,-0.0647,476,802,614,814,0.00,0.01,2.70,0.18,0.2745,1,1,0,0.01,0.00,0.01,0.00,0.00,0.00,0.19,210,31
43695,1.7,-3.0,-3.2,-0.040,0.042,-1.020,4.4,-4.0,0.0,0.0171,-0.0133,-0.0059,644,663,756,644,0.00,0.01,2.69,0.18,0.2745,1,1,0,0.01,0.00,0.01,0.00,0.00,0.00,0.18,211,31
43705,0.1,-1.6,-61.3,0.053,-0.042,-0.947,4.4,-4.0,0.0,0.0191,-0.0152,0.0357,653,640,790,624,0.00,0.01,2.70,0.18,0.2745,1,1,0,0.01,0.00,0.01,0.00,0.00,0.00,0.18,211,31
43715,0.1,3.1,67.4,-0.027,0.085,-1.039,4.4,-4.0,0.0,0.0189,-0.0197,-0.0666,475,812,617,802,0.00,0.01,2.70,0.18,0.2745,1,1,0,0.01,0.00,0.01,0.00,0.00,0.00,0.17,210,31
43725,-0.8,-2.9,-10.4,-0.019,0.020,-1.000,4.4,-4.0,0.0,0.0199,-0.0135,-0.0002,636,669,761,640,0.00,0.01,2.69,0.18,0.2745,1,1,0,0.01,0.00,0.01,0.00,0.00,0.00,0.16,210,31
43735,-1.8,-1.8,-54.4,0.061,-0.052,-0.959,4.4,-4.0,0.0,0.0209,-0.0148,0.0300,649,648,785,624,0.00,0.01,2.70,0.18,0.2745,1,1,0,0.01,0.00,0.01,0.00,0.00,0.00,0.17,209,31
43745,-1.7,0.7,68.2,-0.005,0.092,-1.064,4.4,-4.0,0.0,0.0208,-0.0172,-0.0671,476,815,617,798,0.00,0.01,2.70,0.18,0.2745,1,1,0,0.01,0.00,0.01,0.00,0.00,0.00,0.18,210,31
43755,-2.7,-4.3,-16.6,0.000,-0.016,-1.035,4.4,-4.0,0.0,0.0215,-0.0122,0.0046,634,674,759,639,0.00,0.01,2.69,0.18,0.2745,1,1,0,0.01,0.00,0.01,0.00,0.00,0.00,0.18,210,31
43765,-1.8,-1.5,-49.5,0.083,-0.078,-0.957,4.4,-4.1,0.0,0.0207,-0.0155,0.0258,648,644,786,628,0.00,0.01,2.70,0.18,0.2745,1,1,0,0.01,0.00,0.01,0.00,0.00,0.00,0.18,210,31
43776,0.7,3.8,71.1,-0.021,0.082,-1.065,4.3,-4.0,0.0,0.0181,-0.0204,-0.0689,473,802,619,811,0.00,0.01,2.70,0.18,0.2745,1,1,0,0.01,0.00,0.01,0.00,0.00,0.00,0.17,211,31
43786,1.1,-2.8,-26.2,-0.010,-0.015,-0.975,4.4,-4.0,0.0,0.0177,-0.0134,0.0122,641,662,759,645,0.00,0.01,2.69,0.18,0.2745,1,1,0,0.01,0.00,0.01,0.00,0.00,0.00,0.17,211,31
43796,0.5,0.1,-46.4,0.062,-0.057,-0.980,4.4,-4.1,0.0,0.0184,-0.0172,0.0210,649,639,784,635,0.00,0.01,2.70,0.18,0.2745,1,1,0,0.01,0.00,0.01,0.00,0.00,0.00,0.19,211,31
43806,2.2,3.2,70.3,-0.034,0.100,-1.076,4.4,-4.0,0.0,0.0168,-0.0200,-0.0679,487,802,618,800,0.00,0.01,2.70,0.18,0.2745,1,1,0,0.01,0.00,0.00,0.00,0.00,0.00,0.21,210,31
43816,1.2,-4.7,-29.0,-0.013,0.008,-0.998,4.4,-4.0,0.0,0.0177,-0.0120,0.0116,679,627,793,607,0.00,0.01,2.69,0.18,0.2745,1,1,0,0.01,0.00,0.00,0.00,0.00,0.00,0.20,210,31
43826,0.0,0.5,-42.0,0.040,-0.047,-1.003,4.4,-4.1,0.0,0.0190,-0.0174,0.0219,616,666,761,663,0.00,0.01,2.70,0.18,0.2745,1,1,0,0.01,0.00,0.00,0.00,0.00,0.00,0.19,209,31
43836,0.9,2.0,72.1,-0.026,0.119,-1.067,4.4,-4.0,0.0,0.0184,-0.0178,-0.0692,482,808,618,799,0.00,0.01,2.70,0.18,0.2745,1,1,0,0.01,0.00,0.00,0.00,0.00,0.00,0.18,209,31
43846,-0.5,-4.7,-33.3,0.015,-0.036,-0.963,4.4,-4.0,0.0,0.0198,-0.0120,0.0231,668,638,789,607,0.00,0.01,2.69,0.18,0.2739,1,1,0,0.01,0.00,0.00,0.00,0.00,0.00,0.17,209,31
43856,-1.9,-0.3,-42.0,0.064,-0.069,-0.996,4.4,-4.1,0.0,0.0210,-0.0165,0.0219,613,670,761,658,0.00,0.01,2.70,0.18,0.2739,1,1,0,0.01,0.00,0.00,0.00,0.00,0.00,0.16,209,31
43866,-0.2,2.3,71.6,-0.020,0.100,-1.044,4.4,-4.0,0.0,0.0193,-0.0180,-0.0689,480,806,617,798,0.00,0.01,2.70,0.18,0.2739,1,1,0,0.01,0.00,0.00,0.00,0.00,0.00,0.17,209,31
43876,-1.1,-4.3,-31.8,0.002,-0.014,-1.004,4.4,-4.0,0.0,0.0200,-0.0123,0.0166,667,638,786,611,0.00,0.01,2.70,0.18,0.2739,1,1,0,0.01,0.00,0.00,0.00,0.00,0.00,0.18,209,31
43886,-1.5,-2.0,-42.9,0.071,-0.072,-0.979,4.4,-4.1,0.0,0.0206,-0.0149,0.0226,618,667,759,658,0.00,0.01,2.70,0.18,0.2739,1,1,0,0.01,0.00,0.00,0.00,0.00,0.00,0.18,209,31
43896,0.0,2.0,72.5,-0.014,0.080,-1.054,4.4,-4.0,0.0,0.0188,-0.0185,-0.0696,475,806,615,805,0.00,0.01,2.70,0.18,0.2739,1,1,0,0.01,0.00,0.00,0.00,0.00,0.00,0.19,209,31
43906,1.5,-2.4,-29.8,-0.014,-0.005,-1.018,4.3,-4.0,0.0,0.0175,-0.0144,0.0121,671,627,788,616,0.00,0.01,2.69,0.18,0.2739,1,1,0,0.01,0.00,0.00,0.00,0.00,0.00,0.18,209,31
43916,0.7,0.2,-42.3,0.056,-0.054,-0.977,4.4,-4.1,0.0,0.0183,-0.0172,0.0221,629,653,767,653,0.00,0.01,2.70,0.18,0.2739,1,1,0,0.01,0.00,0.00,0.00,0.00,0.00,0.18,209,31
43926,1.5,2.7,72.0,-0.028,0.115,-1.055,4.4,-4.0,0.0,0.0177,-0.0186,-0.0691,479,804,614,805,0.00,0.01,2.70,0.18,0.2739,1,1,0,0.01,0.00,0.00,0.01,0.00,0.00,0.19,209,31
43936,1.4,-5.3,-31.6,-0.002,-0.002,-1.020,4.4,-4.0,0.0,0.0175,-0.0114,0.0164,670,637,781,614,0.00,0.01,2.69,0.18,0.2739,1,1,0,0.01,0.00,0.00,0.00,0.00,0.00,0.19,209,31
43947,-0.3,0.0,-41.9,0.047,-0.039,-0.994,4.4,-4.1,0.0,0.0194,-0.0170,0.0218,616,667,759,660,0.00,0.01,2.70,0.18,0.2739,1,1,0,0.01,0.00,0.00,0.01,0.00,0.00,0.18,209,31
43957,0.1,1.9,72.0,-0.034,0.122,-1.073,4.4,-4.0,0.0,0.0195,-0.0179,-0.0691,476,809,617,800,0.00,0.01,2.70,0.18,0.2739,1,1,0,0.01,0.00,0.00,0.01,0.00,0.00,0.18,209,31
43967,-0.4,-5.8,-29.7,-0.008,-0.014,-1.023,4.4,-4.0,0.0,0.0195,-0.0110,0.0121,671,640,786,605,0.00,0.01,2.69,0.18,0.2739,1,1,0,0.01,0.00,0.00,0.00,0.00,0.00,0.17,210,31
43977,-2.7,-1.0,-41.9,0.066,-0.082,-0.968,4.4,-4.1,0.0,0.0218,-0.0158,0.0218,625,663,769,644,0.00,0.01,2.70,0.18,0.2739,1,1,0,0.01,0.00,0.00,0.00,0.00,0.00,0.17,211,31
43987,-1.2,1.8,72.1,-0.006,0.080,-1.062,4.4,-4.0,0.0,0.0203,-0.0188,-0.0693,469,806,613,795,0.00,0.01,2.70,0.18,0.2715,1,1,0,0.01,0.00,0.00,0.01,0.00,0.00,0.16,211,31
43997,-0.8,-3.3,-28.2,-0.003,-0.014,-0.990,4.4,-4.0,0.0,0.0199,-0.0136,0.0109,652,642,773,615,0.00,0.01,2.69,0.18,0.2715,1,1,0,0.01,0.00,0.00,0.00,0.00,0.00,0.17,211,31
44007,-1.8,-1.0,-46.3,0.069,-0.068,-0.976,4.4,-4.1,0.0,0.0209,-0.0160,0.0231,613,640,753,627,0.00,0.01,2.70,0.18,0.2647,1,1,0,0.01,0.00,0.00,0.01,0.00,0.00,0.18,210,31
44017,0.0,0.7,72.2,-0.009,0.099,-1.074,4.4,-4.0,0.0,0.0190,-0.0176,-0.0694,459,792,596,786,0.00,0.01,2.70,0.18,0.2647,1,1,0,0.01,0.00,0.00,0.01,0.00,0.00,0.18,210,31
44027,0.0,-2.8,-25.0,0.003,-0.019,-1.005,4.3,-4.0,0.0,0.0183,-0.0140,0.0174,641,622,762,607,0.00,0.01,2.69,0.18,0.2647,1,1,0,0.01,0.00,0.00,0.00,0.00,0.00,0.18,210,31
44037,0.2,0.8,-46.4,0.068,-0.074,-0.969,4.4,-4.1,0.0,0.0188,-0.0182,0.0232,611,632,755,635,0.00,0.01,2.70,0.18,0.2647,1,1,0,0.01,0.00,0.00,0.01,0.00,0.00,0.17,210,31
44048,2.0,4.1,71.5,-0.030,0.098,-1.055,4.4,-4.0,0.0,0.0170,-0.0210,-0.0689,458,784,596,795,0.00,0.01,2.70,0.18,0.2647,1,1,0,0.01,0.00,0.00,0.01,0.00,0.00,0.16,210,31
44058,2.3,-3.0,-24.5,-0.016,0.002,-0.987,4.3,-4.0,0.0,0.0166,-0.0130,0.0167,645,624,755,609,0.00,0.01,2.69,0.18,0.2647,1,1,0,0.01,0.00,0.00,0.00,0.00,0.00,0.17,210,31
44068,0.7,-0.4,-48.6,0.054,-0.027,-0.974,4.4,-4.1,0.0,0.0184,-0.0165,0.0271,612,637,753,631,0.00,0.01,2.70,0.18,0.2647,1,1,0,0.01,0.00,0.00,0.01,0.00,0.00,0.18,210,31
44078,0.6,2.8,70.6,-0.035,0.112,-1.067,4.4,-4.0,0.0,0.0193,-0.0186,-0.0689,457,791,600,785,0.00,0.01,2.70,0.18,0.2647,1,1,0,0.01,0.00,0.00,0.01,0.00,0.00,0.18,211,31
44088,-0.7,-4.2,-23.9,-0.007,0.002,-0.992,4.4,-4.0,0.0,0.0199,-0.0125,0.0104,637,631,759,602,0.00,0.01,2.69,0.18,0.2641,1,1,0,0.01,0.00,0.00,0.00,0.00,0.00,0.18,211,31
44098,-2.4,-0.9,-48.6,0.063,-0.064,-0.964,4.4,-4.1,0.0,0.0217,-0.0160,0.0272,607,641,755,625,0.00,0.01,2.70,0.18,0.2641,1,1,0,0.01,0.00,0.00,0.01,0.00,0.00,0.18,211,31
44108,-1.6,2.0,71.1,-0.016,0.088,-1.066,4.4,-4.0,0.0,0.0209,-0.0184,-0.0696,452,794,599,783,0.00,0.01,2.70,0.18,0.2641,1,1,0,0.01,0.00,0.00,0.01,0.00,0.00,0.17,211,31
44118,-1.2,-3.0,-18.5,-0.007,0.001,-0.993,4.3,-4.0,0.0,0.0203,-0.0139,0.0031,635,630,758,605,0.00,0.01,2.69,0.18,0.2641,1,1,0,0.01,0.00,0.00,0.01,0.00,0.00,0.19,210,30
44128,-0.9,-0.3,-52.7,0.062,-0.068,-0.961,4.4,-4.1,0.0,0.0201,-0.0167,0.0285,624,624,764,616,0.00,0.01,2.70,0.18,0.2641,1,1,0,0.01,0.00,0.00,0.01,0.00,0.00,0.20,209,30
44138,1.2,3.0,70.7,-0.022,0.090,-1.053,4.4,-4.0,0.0,0.0176,-0.0191,-0.0693,458,786,594,790,0.00,0.01,2.70,0.18,0.2641,1,1,0,0.01,0.00,0.00,0.00,0.00,0.00,0.19,210,31
44148,1.4,-3.4,-18.1,-0.004,-0.007,-0.988,4.3,-4.0,0.0,0.0176,-0.0135,0.0028,640,627,752,608,0.00,0.01,2.69,0.18,0.2641,1,1,0,0.01,0.00,0.00,0.00,0.00,0.00,0.18,209,31
44158,0.4,0.0,-50.3,0.056,-0.047,-0.972,4.4,-4.1,0.0,0.0187,-0.0170,0.0285,625,622,763,618,0.00,0.01,2.70,0.18,0.2641,1,1,0,0.01,0.00,0.00,0.00,0.00,0.00,0.18,209,31
44169,1.8,3.4,70.8,-0.032,0.110,-1.066,4.4,-4.0,0.0,0.0176,-0.0193,-0.0695,454,785,593,787,0.00,0.01,2.70,0.18,0.2629,1,1,0,0.01,0.00,0.00,0.00,0.00,0.00,0.17,209,31
44179,0.1,-4.3,-22.3,-0.008,0.000,-1.004,4.4,-4.0,0.0,0.0190,-0.0124,0.0091,624,640,742,613,0.00,0.01,2.69,0.18,0.2629,1,1,0,0.01,0.00,0.00,0.00,0.00,0.00,0.17,209,31
44189,-2.5,-0.6,-49.7,0.072,-0.073,-0.961,4.4,-4.1,0.0,0.0217,-0.0163,0.0280,602,613,749,595,0.00,0.01,2.70,0.18,0.2550,1,1,0,0.01,0.00,0.00,0.00,0.00,0.00,0.16,209,31
44199,-0.8,3.7,70.4,-0.022,0.092,-1.074,4.3,-4.0,0.0,0.0200,-0.0203,-0.0693,433,771,584,771,0.00,0.01,2.70,0.18,0.2550,1,1,0,0.01,0.00,0.00,0.00,0.00,0.00,0.17,209,31
44209,0.1,-2.8,-17.4,-0.022,0.018,-1.009,4.3,-4.0,0.0,0.0190,-0.0141,0.0022,605,623,726,601,0.00,0.01,2.69,0.18,0.2544,1,1,0,0.01,0.00,0.00,0.00,0.00,0.00,0.18,208,31
44219,-0.3,-1.0,-52.9,0.061,-0.062,-0.974,4.4,-4.1,0.0,0.0195,-0.0160,0.0287,609,607,744,594,0.00,0.01,2.70,0.18,0.2544,1,1,0,0.01,0.00,0.00,0.00,0.00,0.00,0.18,208,31
44229,0.4,2.9,70.8,-0.023,0.093,-1.060,4.3,-4.0,0.0,0.0185,-0.0192,-0.0697,435,769,578,772,0.00,0.01,2.70,0.18,0.2544,1,1,0,0.01,0.00,0.00,0.00,0.00,0.00,0.19,208,31
44239,0.9,-2.7,-18.0,-0.014,0.013,-1.011,4.3,-4.0,0.0,0.0182,-0.0142,0.0027,607,618,727,602,0.00,0.01,2.69,0.18,0.2544,1,1,0,0.01,0.00,0.00,0.00,0.00,0.00,0.18,208,31
44249,0.0,-1.7,-55.6,0.047,-0.046,-0.970,4.4,-4.1,0.0,0.0193,-0.0152,0.0308,613,604,747,590,0.00,0.01,2.70,0.18,0.2544,1,1,0,0.01,0.00,0.00,0.00,0.00,0.00,0.17,208,31
44259,0.3,0.8,71.1,-0.027,0.092,-1.060,4.3,-4.0,0.0,0.0187,-0.0173,-0.0692,440,775,573,767,0.00,0.01,2.70,0.18,0.2544,1,1,0,0.01,0.00,0.00,0.00,0.00,0.00,0.19,209,31
44269,-0.6,-5.0,-13.9,-0.002,-0.010,-1.003,4.3,-4.0,0.0,0.0196,-0.0118,0.0057,599,628,718,600,0.00,0.01,2.69,0.18,0.2532,1,1,0,0.01,0.00,0.00,0.00,0.00,0.00,0.21,210,31
44279,-1.3,0.0,-51.5,0.057,-0.058,-0.970,4.4,-4.1,0.0,0.0206,-0.0171,0.0295,612,594,757,583,0.00,0.01,2.70,0.18,0.2532,1,1,0,0.01,0.00,-0.01,0.00,0.00,0.00,0.20,210,31
44289,0.5,3.7,70.1,-0.037,0.081,-1.053,4.3,-4.0,0.0,0.0188,-0.0198,-0.0692,417,750,564,754,0.00,0.01,2.70,0.18,0.2452,1,1,0,0.01,0.00,-0.01,0.00,0.00,0.00,0.18,210,31
44300,0.6,-3.2,-15.0,-0.018,0.007,-0.992,4.3,-4.0,0.0,0.0185,-0.0137,0.0003,586,607,704,588,0.00,0.01,2.69,0.18,0.2452,1,1,0,0.01,0.00,-0.01,0.00,0.00,0.00,0.17,210,31
44310,0.2,-0.5,-55.4,0.074,-0.043,-0.960,4.3,-4.1,0.0,0.0190,-0.0168,0.0268,604,575,740,566,0.00,0.01,2.70,0.18,0.2452,1,1,0,0.01,0.00,-0.01,0.00,0.00,0.00,0.16,210,31
44320,1.0,4.6,67.8,-0.036,0.105,-1.061,4.3,-4.0,0.0,0.0185,-0.0205,-0.0677,419,745,567,753,0.00,0.01,2.70,0.18,0.2452,1,1,0,0.01,0.00,-0.01,0.00,0.00,0.00,0.16,210,31
44330,0.1,-4.4,-13.5,-0.011,0.017,-1.012,4.3,-4.0,0.0,0.0191,-0.0125,-0.0007,584,614,700,587,0.00,0.01,2.69,0.18,0.2452,1,1,0,0.01,0.00,-0.01,0.00,0.00,0.00,0.16,209,31
44340,-1.6,-2.5,-53.7,0.072,-0.063,-0.969,4.4,-4.1,0.0,0.0211,-0.0146,0.0293,600,586,738,561,0.00,0.01,2.70,0.18,0.2452,1,1,0,0.01,0.00,-0.01,0.00,0.00,0.00,0.16,209,31
44350,-1.8,2.7,70.2,-0.015,0.069,-1.059,4.3,-4.0,0.0,0.0210,-0.0195,-0.0685,415,756,566,749,0.00,0.01,2.70,0.18,0.2452,1,1,0,0.01,0.00,-0.01,0.00,0.00,0.00,0.17,209,31
44360,-0.4,-2.8,-15.0,-0.019,-0.022,-1.005,4.3,-4.0,0.0,0.0196,-0.0142,0.0003,571,618,696,600,0.00,0.01,2.69,0.18,0.2452,1,1,0,0.01,0.00,-0.01,0.00,0.00,0.00,0.18,209,31
44370,0.9,-1.1,-54.0,0.065,-0.070,-0.961,4.3,-4.1,0.0,0.0185,-0.0163,0.0257,603,576,735,567,0.00,0.01,2.70,0.18,0.2446,1,1,0,0.01,0.00,-0.01,0.00,0.00,0.00,0.19,209,31
44380,1.8,3.3,69.0,-0.023,0.093,-1.053,4.3,-4.0,0.0,0.0172,-0.0202,-0.0676,420,744,561,755,0.00,0.01,2.70,0.18,0.2446,1,1,0,0.01,0.00,-0.01,0.00,0.00,0.00,0.18,209,31
44390,1.8,-1.2,-14.7,-0.038,0.042,-1.005,4.3,-4.0,0.0,0.0174,-0.0158,0.0001,569,613,694,604,0.00,0.01,2.69,0.18,0.2446,1,1,0,0.01,0.00,-0.01,0.00,0.00,0.00,0.16,209,31
44400,-0.5,-1.4,-55.3,0.057,-0.030,-0.964,4.4,-4.1,0.0,0.0204,-0.0157,0.0264,602,579,739,561,0.00,0.01,2.70,0.18,0.2446,1,1,0,0.01,0.00,-0.01,0.00,0.00,0.00,0.18,210,31
44411,-2.0,2.1,69.9,-0.017,0.078,-1.052,4.4,-4.0,0.0,0.0214,-0.0185,-0.0693,414,756,565,746,0.00,0.01,2.70,0.18,0.2446,1,1,0,0.01,0.00,-0.01,0.00,0.00,0.00,0.19,210,31
44421,-1.9,-3.2,-13.1,-0.011,-0.018,-0.999,4.3,-4.0,0.0,0.0212,-0.0138,-0.0011,565,624,695,596,0.00,0.01,2.69,0.18,0.2446,1,1,0,0.01,0.00,-0.01,0.00,0.00,0.00,0.20,209,31
44431,-0.8,-1.0,-56.5,0.050,-0.078,-0.958,4.3,-4.1,0.0,0.0199,-0.0166,0.0277,604,574,742,561,0.00,0.01,2.70,0.18,0.2446,1,1,0,0.01,0.00,-0.01,0.00,0.00,0.00,0.18,209,31
44441,1.4,2.2,68.1,-0.016,0.076,-1.046,4.3,-4.0,0.0,0.0178,-0.0193,-0.0662,423,746,561,751,0.00,0.01,2.70,0.18,0.2446,1,1,0,0.01,0.00,-0.01,0.00,0.00,0.00,0.17,209,31
44451,1.7,-1.9,-13.1,-0.021,0.026,-1.005,4.3,-4.0,0.0,0.0174,-0.0151,-0.0011,569,615,691,606,0.00,0.01,2.69,0.18,0.2446,1,1,0,0.01,0.00,-0.01,0.00,0.00,0.00,0.17,210,31
44461,0.0,0.0,-58.0,0.048,-0.039,-0.950,4.4,-4.1,0.0,0.0199,-0.0173,0.0288,604,570,745,561,0.00,0.01,2.70,0.18,0.2446,1,1,0,0.01,0.00,-0.01,0.00,0.00,0.00,0.16,210,31
44471,0.3,3.1,68.2,-0.026,0.116,-1.040,4.4,-4.0,0.0,0.0189,-0.0202,-0.0663,419,748,564,749,0.00,0.01,2.70,0.18,0.2446,1,1,0,0.01,0.00,-0.01,0.00,0.00,0.00,0.17,210,31
44481,-2.5,-4.4,-6.8,-0.012,-0.010,-1.015,4.3,-4.0,0.0,0.0218,-0.0122,-0.0030,559,628,685,591,0.00,0.01,2.69,0.18,0.2422,1,1,0,0.01,0.00,-0.01,0.00,0.00,0.00,0.18,211,31
44491,-1.7,-0.5,-58.1,0.057,-0.078,-0.967,4.3,-4.1,0.0,0.0210,-0.0165,0.0348,603,563,746,549,0.00,0.01,2.70,0.18,0.2422,1,1,0,0.01,0.00,-0.01,0.00,0.00,0.00,0.18,211,31
44501,1.6,4.5,67.1,-0.038,0.086,-1.013,4.3,-4.0,0.0,0.0177,-0.0208,-0.0683,414,739,559,750,0.00,0.01,2.70,0.18,0.2422,1,1,0,0.01,0.00,-0.01,0.01,0.00,0.00,0.18,211,31
44511,0.4,-4.1,-7.3,-0.013,0.027,-0.997,4.3,-4.0,0.0,0.0188,-0.0126,-0.0026,564,621,680,596,0.00,0.01,2.69,0.18,0.2422,1,1,0,0.01,0.00,-0.01,0.00,0.00,0.00,0.17,210,31
44522,-0.2,-1.3,-58.6,0.072,-0.041,-0.968,4.4,-4.1,0.0,0.0195,-0.0158,0.0351,608,562,743,549,0.00,0.01,2.69,0.18,0.2422,1,1,0,0.01,0.00,-0.01,0.00,0.00,0.00,0.16,209,31
44532,0.3,4.8,64.8,-0.029,0.082,-1.028,4.4,-4.0,0.0,0.0193,-0.0209,-0.0665,414,738,566,744,0.00,0.01,2.70,0.18,0.2422,1,1,0,0.01,0.00,-0.01,0.01,0.00,0.00,0.18,209,31
44542,-1.9,-4.0,-5.7,-0.018,0.003,-1.005,4.4,-4.0,0.0,0.0213,-0.0127,-0.0040,556,628,683,595,0.00,0.01,2.69,0.18,0.2422,1,1,0,0.01,0.00,-0.01,0.00,0.00,0.00,0.19,209,31
44552,-1.1,-1.4,-57.5,0.057,-0.073,-0.978,4.3,-4.1,0.0,0.0204,-0.0157,0.0343,606,564,743,549,0.00,0.01,2.69,0.18,0.2422,1,1,0,0.01,0.00,-0.01,0.00,0.00,0.00,0.18,209,31
44562,2.3,5.5,64.0,-0.033,0.081,-1.041,4.3,-4.0,0.0,0.0169,-0.0219,-0.0660,417,731,564,750,0.00,0.01,2.70,0.18,0.2422,1,1,0,0.01,0.00,-0.01,0.01,0.00,0.00,0.18,209,31
44572,1.8,-2.7,-2.0,-0.027,0.029,-0.993,4.3,-4.0,0.0,0.0174,-0.0143,-0.0100,562,620,678,603,0.00,0.01,2.69,0.18,0.2422,1,1,0,0.01,0.00,-0.01,0.00,0.00,0.00,0.17,209,31
44582,-0.5,-1.6,-61.6,0.067,-0.039,-0.966,4.4,-4.1,0.0,0.0206,-0.0156,0.0329,608,562,745,543,0.00,0.01,2.69,0.18,0.2416,1,1,0,0.01,0.00,-0.01,0.00,0.00,0.00,0.16,209,30
44592,-1.1,3.8,63.1,-0.019,0.076,-1.039,4.4,-4.0,0.0,0.0205,-0.0207,-0.0634,414,739,567,738,0.00,0.01,2.70,0.18,0.2416,1,1,0,0.01,0.00,-0.01,0.01,0.00,0.00,0.18,208,30
44602,-1.8,-2.9,1.9,-0.022,-0.011,-1.021,4.3,-4.0,0.0,0.0211,-0.0141,-0.0132,548,630,678,601,0.00,0.01,2.69,0.18,0.2416,1,1,0,0.01,0.00,-0.01,0.00,0.00,0.00,0.19,209,30
44612,-2.5,-1.8,-61.2,0.071,-0.075,-0.942,4.4,-4.1,0.0,0.0220,-0.0158,0.0326,597,570,741,549,0.00,0.01,2.69,0.18,0.2416,1,1,0,0.01,0.00,-0.01,0.01,0.00,0.00,0.18,209,30
44623,1.5,5.2,63.1,-0.029,0.054,-1.029,4.3,-4.0,0.0,0.0178,-0.0223,-0.0622,415,732,560,750,0.00,0.01,2.70,0.18,0.2416,1,1,0,0.01,0.00,-0.01,0.01,0.00,0.00,0.18,209,30
44633,3.9,-0.8,4.2,-0.047,0.066,-0.990,4.3,-4.0,0.0,0.0151,-0.0155,-0.0055,559,613,673,613,0.00,0.01,2.69,0.18,0.2416,1,1,0,0.01,0.00,-0.01,0.00,0.00,0.00,0.17,210,30
44643,1.4,-1.1,-63.3,0.058,-0.006,-0.970,4.4,-4.1,0.0,0.0183,-0.0160,0.0375,613,555,746,543,0.00,0.01,2.69,0.18,0.2416,1,1,0,0.01,0.00,-0.01,0.01,0.00,0.00,0.17,210,30
44653,-0.9,3.6,61.5,-0.015,0.081,-1.019,4.4,-4.0,0.0,0.0203,-0.0208,-0.0609,413,741,567,736,0.00,0.01,2.70,0.18,0.2416,1,1,0,0.01,0.00,-0.01,0.01,0.00,0.00,0.16,210,30
44663,-2.4,-2.5,5.5,-0.021,0.012,-0.984,4.3,-4.0,0.0,0.0219,-0.0142,-0.0130,534,644,669,611,0.00,0.01,2.69,0.18,0.2416,1,1,0,0.01,0.00,-0.01,0.00,0.00,0.00,0.17,210,30
44673,-2.3,-3.6,-61.7,0.077,-0.093,-0.971,4.3,-4.1,0.0,0.0215,-0.0142,0.0327,609,566,744,539,0.00,0.01,2.69,0.18,0.2416,1,1,0,0.01,0.00,-0.01,0.01,0.00,0.00,0.18,210,30
44683,0.0,5.0,64.3,-0.008,0.040,-1.034,4.3,-4.0,0.0,0.0194,-0.0223,-0.0631,408,734,560,747,0.00,0.01,2.70,0.18,0.2403,1,1,0,0.01,0.00,-0.01,0.01,0.00,0.00,0.18,209,30
44693,2.4,-0.5,3.8,-0.035,0.018,-1.006,4.3,-4.0,0.0,0.0166,-0.0165,-0.0114,541,622,664,621,0.00,0.01,2.69,0.18,0.2403,1,1,0,0.01,0.00,-0.01,0.01,0.00,0.00,0.18,210,30
44703,3.4,0.0,-63.6,0.044,-0.021,-0.947,4.4,-4.1,0.0,0.0161,-0.0171,0.0379,614,545,741,547,0.00,0.01,2.69,0.18,0.2403,1,1,0,0.01,0.00,-0.01,0.01,0.00,0.00,0.17,209,30
44713,0.5,3.9,61.9,-0.025,0.093,-1.035,4.4,-4.0,0.0,0.0189,-0.0211,-0.0612,416,731,566,735,0.00,0.01,2.70,0.18,0.2403,1,1,0,0.01,0.00,-0.01,0.01,0.00,0.00,0.16,209,30
44723,-2.4,-2.9,6.3,-0.034,0.030,-1.020,4.3,-4.0,0.0,0.0220,-0.0135,-0.0076,530,643,665,610,0.00,0.01,2.69,0.18,0.2403,1,1,0,0.01,0.00,-0.01,0.00,0.00,0.00,0.19,209,30
44744,-1.5,3.6,63.6,-0.014,0.020,-1.034,4.3,-4.0,0.0,0.0209,-0.0208,-0.0626,410,735,565,735,0.00,0.01,2.70,0.18,0.2397,1,1,0,0.01,0.00,0.00,0.00,0.00,0.00,0.20,209,31
44754,1.1,-1.7,6.0,-0.024,0.018,-1.025,4.3,-4.0,0.0,0.0176,-0.0149,-0.0068,536,629,660,619,0.00,0.01,2.69,0.18,0.2397,1,1,0,0.01,0.00,0.01,0.01,0.00,0.00,0.18,209,31
44764,2.7,0.2,-66.5,0.050,-0.041,-0.946,4.4,-4.1,0.0,0.0167,-0.0175,0.0415,614,541,745,543,0.00,0.01,2.69,0.18,0.2397,1,1,0,0.01,0.00,0.01,0.01,0.00,0.00,0.17,210,31
44774,0.9,4.5,58.2,-0.020,0.073,-1.026,4.4,-4.0,0.0,0.0184,-0.0214,-0.0600,418,726,566,734,0.00,0.01,2.70,0.18,0.2397,1,1,0,0.01,0.00,0.01,0.01,0.00,0.00,0.16,210,31
44784,-1.2,-2.0,8.0,-0.029,0.036,-1.027,4.3,-4.0,0.0,0.0209,-0.0145,-0.0087,527,640,661,615,0.00,0.01,2.69,0.18,0.2397,1,1,0,0.01,0.00,0.01,0.01,0.00,0.00,0.16,210,31
44794,-2.2,-2.7,-66.1,0.062,-0.067,-0.968,4.3,-4.1,0.0,0.0216,-0.0145,0.0411,607,556,748,532,0.00,0.01,2.69,0.18,0.2397,1,1,0,0.01,0.00,0.01,0.01,0.00,0.00,0.15,209,31
44804,-0.2,4.8,61.4,-0.017,0.061,-1.015,4.3,-4.0,0.0,0.0195,-0.0219,-0.0626,407,728,562,737,0.00,0.01,2.70,0.18,0.2385,1,1,0,0.01,0.00,0.01,0.01,0.00,0.00,0.17,209,31
44814,0.5,-1.9,8.0,-0.031,0.020,-1.006,4.3,-4.0,0.0,0.0187,-0.0148,-0.0148,531,633,654,616,0.00,0.01,2.69,0.18,0.2385,1,1,0,0.01,0.00,0.01,0.01,0.00,0.00,0.18,209,31
44824,1.3,-1.1,-65.9,0.059,-0.047,-0.949,4.3,-4.1,0.0,0.0180,-0.0161,0.0410,610,544,742,538,0.00,0.01,2.69,0.18,0.2385,1,1,0,0.01,0.00,0.01,0.01,0.00,0.00,0.18,209,31
44834,1.2,4.2,58.3,-0.020,0.075,-1.037,4.3,-4.0,0.0,0.0184,-0.0210,-0.0632,415,723,564,733,0.00,0.01,2.70,0.18,0.2385,1,1,0,0.01,0.00,0.01,0.01,0.00,0.00,0.18,209,31
44844,-1.4,-2.3,13.1,-0.024,0.045,-1.020,4.3,-4.0,0.0,0.0209,-0.0148,-0.0221,523,641,656,614,0.00,0.01,2.69,0.18,0.2385,1,1,0,0.01,0.00,0.01,0.01,0.00,0.00,0.17,210,31
44855,-1.4,-2.5,-66.8,0.062,-0.059,-0.944,4.3,-4.1,0.0,0.0210,-0.0151,0.0383,613,547,749,525,0.00,0.01,2.69,0.18,0.2385,1,1,0,0.01,0.00,0.01,0.01,0.00,0.00,0.16,210,31
44865,0.6,5.8,58.4,-0.027,0.040,-1.029,4.3,-4.0,0.0,0.0185,-0.0224,-0.0633,411,721,566,736,0.00,0.01,2.70,0.18,0.2385,1,1,0,0.01,0.00,0.01,0.01,0.00,0.00,0.18,210,31
44875,0.4,-2.2,12.5,-0.027,0.039,-1.025,4.3,-4.0,0.0,0.0189,-0.0150,-0.0217,531,635,652,617,0.00,0.01,2.69,0.18,0.2385,1,1,0,0.01,0.00,0.01,0.01,0.00,0.00,0.20,210,31
44885,1.3,-1.4,-66.5,0.056,-0.041,-0.933,4.3,-4.1,0.0,0.0183,-0.0158,0.0405,614,539,744,528,0.00,0.01,2.69,0.18,0.2373,1,1,0,0.01,0.00,0.00,0.00,0.00,0.00,0.19,209,31
44895,-0.2,3.9,56.8,-0.012,0.077,-1.032,4.3,-4.0,0.0,0.0195,-0.0206,-0.0622,413,722,565,726,0.00,0.01,2.70,0.18,0.2373,1,1,0,0.01,0.00,0.00,0.00,0.00,0.00,0.18,209,31
44905,-2.0,-2.4,14.8,-0.017,0.022,-1.040,4.3,-4.0,0.0,0.0214,-0.0147,-0.0235,503,628,641,602,0.00,0.01,2.69,0.18,0.2306,1,1,0,0.01,0.00,0.00,0.00,0.00,0.00,0.17,209,31
44915,-2.3,-2.3,-67.3,0.066,-0.083,-0.936,4.3,-4.1,0.0,0.0220,-0.0153,0.0389,597,533,738,508,0.00,0.01,2.69,0.18,0.2306,1,1,0,0.01,0.00,0.00,0.00,0.00,0.00,0.17,209,31
44925,0.6,6.1,54.3,-0.015,0.042,-1.021,4.3,-4.0,0.0,0.0183,-0.0232,-0.0591,398,701,551,720,0.00,0.01,2.70,0.18,0.2300,1,1,0,0.01,0.00,0.00,0.00,0.00,0.00,0.17,209,31
44935,2.5,-1.3,18.8,-0.035,0.050,-1.040,4.3,-4.0,0.0,0.0169,-0.0154,-0.0237,499,630,619,621,0.00,0.01,2.69,0.18,0.2300,1,1,0,0.01,0.00,0.00,0.00,0.00,0.00,0.17,209,31
44945,1.4,-1.9,-68.3,0.058,-0.015,-0.936,4.3,-4.1,0.0,0.0184,-0.0155,0.0397,603,523,732,512,0.00,0.01,2.69,0.18,0.2300,1,1,0,0.01,0.00,0.00,0.00,0.00,0.00,0.18,209,31
44955,-0.1,4.5,54.2,-0.015,0.067,-1.005,4.3,-4.0,0.0,0.0196,-0.0219,-0.0551,398,708,552,712,0.00,0.01,2.70,0.18,0.2300,1,1,0,0.01,0.00,0.00,0.00,0.00,0.00,0.18,209,31
44965,-2.6,-1.3,19.6,-0.018,0.025,-1.027,4.3,-4.0,0.0,0.0221,-0.0158,-0.0244,487,640,629,615,0.00,0.01,2.69,0.18,0.2300,1,1,0,0.01,0.00,0.00,0.00,0.00,0.00,0.18,209,31
44976,-2.4,-1.9,-67.3,0.067,-0.078,-0.949,4.3,-4.1,0.0,0.0219,-0.0158,0.0389,594,530,738,507,0.00,0.01,2.69,0.18,0.2300,1,1,0,0.01,0.00,0.00,0.00,0.00,0.00,0.17,209,31
44986,1.0,5.7,53.3,-0.021,0.016,-1.018,4.3,-4.0,0.0,0.0184,-0.0231,-0.0543,400,699,551,719,0.00,0.01,2.70,0.18,0.2300,1,1,0,0.01,0.00,0.00,0.00,0.00,0.00,0.16,209,31
44996,2.9,-1.7,15.1,-0.031,0.064,-1.025,4.3,-4.0,0.0,0.0165,-0.0155,-0.0237,499,629,619,623,0.00,0.01,2.69,0.18,0.2300,1,1,0,0.01,0.00,0.00,0.00,0.00,0.00,0.17,208,31
45006,1.3,-1.2,-68.3,0.056,-0.021,-0.962,4.4,-4.1,0.0,0.0184,-0.0161,0.0420,601,522,734,512,0.00,0.01,2.69,0.18,0.2300,1,1,0,0.01,0.00,0.00,0.00,0.00,0.00,0.18,208,31
45016,-1.2,4.6,54.0,-0.011,0.055,-1.023,4.3,-4.0,0.0,0.0207,-0.0219,-0.0549,402,702,561,705,0.00,0.01,2.70,0.18,0.2300,1,1,0,0.01,0.00,0.00,0.00,0.00,0.00,0.18,209,31
45026,-2.7,-2.3,20.7,-0.023,0.011,-1.019,4.3,-4.0,0.0,0.0222,-0.0147,-0.0253,487,644,625,614,0.00,0.01,2.69,0.18,0.2300,1,1,0,0.01,0.00,0.00,0.00,0.00,0.00,0.18,209,31
45036,-0.4,-2.1,-67.5,0.060,-0.061,-0.947,4.3,-4.1,0.0,0.0199,-0.0153,0.0414,599,526,734,510,0.00,0.01,2.69,0.18,0.2300,1,1,0,0.01,0.00,0.00,0.00,0.00,0.00,0.17,209,31
45046,2.1,5.4,51.8,-0.019,0.030,-1.017,4.3,-4.0,0.0,0.0173,-0.0228,-0.0532,406,685,554,706,0.00,0.01,2.70,0.18,0.2275,1,1,0,0.01,0.00,0.00,0.00,0.00,0.00,0.16,209,31
45056,2.2,-1.8,20.4,-0.024,0.068,-1.013,4.3,-4.0,0.0,0.0174,-0.0153,-0.0251,489,629,614,620,0.00,0.01,2.69,0.18,0.2275,1,1,0,0.01,0.00,0.00,0.00,0.00,0.00,0.18,210,31
45066,0.4,-1.4,-69.8,0.052,-0.017,-0.997,4.3,-4.1,0.0,0.0191,-0.0159,0.0441,583,508,719,491,0.00,0.01,2.69,0.18,0.2208,1,1,0,0.01,0.00,0.00,0.00,0.00,0.00,0.19,210,31
45076,-1.6,5.0,49.7,-0.005,0.004,-1.005,4.3,-4.0,0.0,0.0212,-0.0223,-0.0537,385,683,548,685,0.00,0.01,2.70,0.18,0.2208,1,1,0,0.01,0.00,0.00,0.00,0.00,0.00,0.19,210,31
45086,-1.6,-1.5,22.6,-0.028,0.019,-1.017,4.3,-4.0,0.0,0.0212,-0.0155,-0.0268,468,626,604,602,0.00,0.01,2.69,0.18,0.2208,1,1,0,0.01,0.00,0.00,0.00,0.00,0.00,0.18,209,31
45097,0.4,-2.0,-69.6,0.074,-0.070,-0.965,4.3,-4.1,0.0,0.0191,-0.0153,0.0440,589,502,721,488,0.00,0.01,2.69,0.18,0.2208,1,1,0,0.01,0.00,0.00,0.00,0.00,0.00,0.17,209,31
45107,1.8,5.0,48.4,-0.006,0.044,-1.017,4.3,-4.1,0.0,0.0176,-0.0226,-0.0526,376,689,527,709,0.00,0.01,2.70,0.18,0.2208,1,1,0,0.01,0.00,-0.01,0.00,0.00,0.00,0.17,210,31
45117,0.6,0.1,21.3,-0.037,0.069,-1.008,4.3,-4.0,0.0,0.0190,-0.0173,-0.0258,493,598,628,582,0.00,0.01,2.69,0.18,0.2208,1,1,0,0.01,0.00,0.00,0.00,0.00,0.00,0.16,210,31
45127,-0.5,-1.7,-68.8,0.058,-0.057,-0.970,4.3,-4.1,0.0,0.0200,-0.0156,0.0433,570,521,709,501,0.00,0.01,2.69,0.18,0.2208,1,1,0,0.01,0.00,-0.01,0.00,0.00,0.00,0.16,210,31
45137,-0.6,3.6,49.3,-0.009,0.011,-1.026,4.3,-4.0,0.0,0.0200,-0.0211,-0.0534,378,693,531,699,0.00,0.01,2.70,0.17,0.2208,1,1,0,0.01,0.00,-0.01,0.00,0.00,0.00,0.17,210,31
45147,0.0,-1.3,21.4,-0.025,0.050,-1.028,4.3,-4.0,0.0,0.0194,-0.0158,-0.0259,498,600,623,580,0.00,0.01,2.69,0.17,0.2208,1,1,0,0.01,0.00,-0.01,0.00,0.00,0.00,0.17,210,31
45157,0.7,-1.7,-69.0,0.071,-0.054,-0.964,4.3,-4.1,0.0,0.0188,-0.0157,0.0435,572,517,708,504,0.00,0.01,2.69,0.17,0.2208,1,1,0,0.01,0.00,-0.01,0.00,0.00,0.00,0.18,210,31
45167,0.5,5.7,48.2,-0.004,0.048,-1.003,4.3,-4.1,0.0,0.0190,-0.0231,-0.0567,376,688,535,701,0.00,0.01,2.70,0.17,0.2208,1,1,0,0.01,0.00,-0.01,0.00,0.00,0.00,0.18,210,31
45177,-0.6,-0.2,22.7,-0.040,0.050,-1.034,4.3,-4.0,0.0,0.0203,-0.0167,-0.0269,493,603,624,580,0.00,0.01,2.69,0.17,0.2208,1,1,0,0.01,0.00,-0.01,0.00,0.00,0.00,0.17,210,31
45187,0.5,-3.2,-69.0,0.066,-0.061,-0.937,4.3,-4.1,0.0,0.0190,-0.0142,0.0435,581,514,710,495,0.00,0.01,2.69,0.17,0.2208,1,1,0,0.01,0.00,-0.01,0.00,0.00,0.00,0.16,210,30
45197,0.3,3.7,48.4,-0.007,0.037,-1.022,4.3,-4.0,0.0,0.0190,-0.0209,-0.0569,381,692,530,698,0.00,0.01,2.70,0.17,0.2208,1,1,0,0.01,0.00,-0.01,0.00,0.00,0.00,0.19,210,30
45207,-0.8,-1.4,21.7,-0.016,0.060,-0.997,4.3,-4.0,0.0,0.0205,-0.0158,-0.0261,493,600,628,580,0.00,0.01,2.69,0.17,0.2208,1,1,0,0.01,0.00,-0.01,0.00,0.00,0.00,0.21,210,30
45218,-0.3,-1.1,-69.1,0.060,-0.059,-0.970,4.3,-4.1,0.0,0.0199,-0.0162,0.0435,576,512,715,497,0.00,0.01,2.69,0.18,0.2208,1,1,0,0.01,0.00,0.00,0.00,0.00,0.00,0.20,211,31
45228,-0.3,4.6,47.3,-0.008,0.014,-1.025,4.3,-4.0,0.0,0.0199,-0.0219,-0.0518,381,691,533,696,0.00,0.01,2.70,0.18,0.2208,1,1,0,0.01,0.00,0.00,0.00,0.00,0.00,0.19,211,31
45238,1.0,-1.3,26.8,-0.037,0.074,-1.025,4.3,-4.0,0.0,0.0184,-0.0160,-0.0331,495,601,619,585,0.00,0.01,2.69,0.18,0.2208,1,1,0,0.01,0.00,0.00,0.00,0.00,0.00,0.18,211,31
45248,1.3,-2.0,-69.7,0.073,-0.031,-0.950,4.3,-4.1,0.0,0.0186,-0.0153,0.0419,580,512,711,497,0.00,0.01,2.69,0.18,0.2208,1,1,0,0.01,0.00,0.00,0.00,0.00,0.00,0.17,212,31
45258,-0.9,5.1,45.2,0.006,0.018,-1.018,4.3,-4.1,0.0,0.0205,-0.0226,-0.0525,376,692,536,697,0.00,0.01,2.70,0.18,0.2208,1,1,0,0.01,0.00,0.00,0.00,0.00,0.00,0.16,212,31
45268,-1.3,-0.3,25.9,-0.030,0.030,-1.023,4.3,-4.0,0.0,0.0209,-0.0171,-0.0324,477,586,612,566,0.00,0.01,2.69,0.18,0.2129,1,1,0,0.01,0.00,0.00,0.00,0.00,0.00,0.16,212,31
45278,0.5,-2.2,-70.0,0.075,-0.067,-0.923,4.3,-4.1,0.0,0.0189,-0.0152,0.0421,566,496,697,482,0.00,0.01,2.69,0.18,0.2129,1,1,0,0.01,0.00,0.00,0.00,0.00,0.00,0.17,212,31
45288,0.8,5.7,43.9,-0.008,0.037,-1.026,4.3,-4.1,0.0,0.0187,-0.0232,-0.0468,366,672,517,685,0.00,0.01,2.70,0.18,0.2129,1,1,0,0.01,0.00,0.00,0.00,0.00,0.00,0.18,212,31
45298,1.6,-1.1,29.9,-0.031,0.073,-1.024,4.3,-4.0,0.0,0.0180,-0.0160,-0.0328,469,597,594,581,0.00,0.01,2.69,0.18,0.2129,1,1,0,0.01,0.00,0.00,0.00,0.00,0.00,0.18,212,31
45308,0.6,-2.1,-70.6,0.059,-0.034,-0.954,4.3,-4.1,0.0,0.0192,-0.0154,0.0438,562,496,699,479,0.00,0.01,2.69,0.18,0.2123,1,1,0,0.01,0.00,0.00,0.00,0.00,0.00,0.19,212,31
45319,-1.0,5.2,43.3,0.000,0.004,-1.023,4.3,-4.1,0.0,0.0207,-0.0227,-0.0463,369,667,527,673,0.00,0.01,2.70,0.18,0.2123,1,1,0,0.01,0.00,0.00,0.00,0.00,0.00,0.18,212,31
45329,0.0,-1.0,30.5,-0.026,0.061,-1.033,4.3,-4.0,0.0,0.0194,-0.0159,-0.0277,464,597,594,582,0.00,0.01,2.69,0.18,0.2123,1,1,0,0.01,0.00,0.00,0.00,0.00,0.00,0.16,212,31
45339,1.2,-2.5,-70.0,0.063,-0.029,-0.960,4.3,-4.1,0.0,0.0183,-0.0150,0.0443,565,494,696,482,0.00,0.01,2.69,0.18,0.2123,1,1,0,0.01,0.00,0.00,0.00,0.00,0.00,0.20,212,31
45349,0.1,4.7,42.8,0.004,0.010,-1.008,4.3,-4.1,0.0,0.0195,-0.0223,-0.0459,370,665,526,675,0.00,0.01,2.70,0.18,0.2123,1,1,0,0.01,0.00,-0.01,0.00,0.00,0.00,0.19,212,31
45359,-1.2,-0.5,32.7,-0.027,0.044,-1.035,4.3,-4.0,0.0,0.0210,-0.0164,-0.0297,456,603,594,583,0.00,0.01,2.69,0.18,0.2123,1,1,0,0.01,0.00,0.00,0.00,0.00,0.00,0.19,212,31
45369,0.0,-2.5,-70.4,0.063,-0.065,-0.959,4.3,-4.1,0.0,0.0196,-0.0148,0.0442,572,491,702,471,0.00,0.01,2.69,0.18,0.2123,1,1,0,0.01,0.00,0.00,0.00,0.00,0.00,0.18,212,31
45379,1.0,5.7,41.7,0.008,0.028,-0.989,4.3,-4.1,0.0,0.0186,-0.0233,-0.0451,370,660,527,679,0.00,0.01,2.70,0.18,0.2123,1,1,0,0.01,0.00,-0.01,0.00,0.00,0.00,0.17,211,31
45389,0.1,-0.3,33.2,-0.038,0.077,-1.049,4.3,-4.0,0.0,0.0196,-0.0168,-0.0356,445,613,582,597,0.00,0.01,2.69,0.18,0.2123,1,1,0,0.01,0.00,-0.01,0.00,0.00,0.00,0.16,211,31
45399,0.0,-1.9,-72.1,0.059,-0.065,-0.945,4.3,-4.1,0.0,0.0196,-0.0155,0.0460,572,488,706,470,0.00,0.01,2.69,0.18,0.2123,1,1,0,0.01,0.00,-0.01,0.00,0.00,0.00,0.16,210,31
45409,-0.6,3.7,37.6,0.013,0.000,-1.016,4.3,-4.1,0.0,0.0203,-0.0213,-0.0445,372,667,527,671,0.00,0.01,2.70,0.18,0.2123,1,1,0,0.01,0.00,-0.01,0.00,0.00,0.00,0.17,210,31
45419,0.3,-1.4,37.4,-0.031,0.072,-1.026,4.3,-4.0,0.0,0.0193,-0.0160,-0.0416,446,613,578,598,0.00,0.01,2.69,0.18,0.2123,1,1,0,0.01,0.00,-0.01,0.00,0.00,0.00,0.18,210,31
45430,1.2,-1.2,-71.3,0.060,-0.037,-0.962,4.3,-4.1,0.0,0.0184,-0.0162,0.0453,571,484,705,476,0.00,0.01,2.69,0.18,0.2123,1,1,0,0.01,0.00,-0.01,0.00,0.00,0.00,0.18,210,31
45440,-0.5,6.1,37.3,-0.008,0.007,-1.021,4.3,-4.1,0.0,0.0200,-0.0236,-0.0492,376,654,539,667,0.00,0.01,2.70,0.18,0.2123,1,1,0,0.01,0.00,-0.01,0.00,0.00,0.00,0.17,211,31
45450,-0.2,-1.4,37.6,-0.027,0.052,-1.032,4.3,-4.0,0.0,0.0198,-0.0160,-0.0417,429,600,558,579,0.00,0.01,2.69,0.18,0.2031,1,1,0,0.01,0.00,-0.01,0.00,0.00,0.00,0.16,211,31
45460,0.5,-3.7,-71.1,0.075,-0.053,-0.969,4.3,-4.1,0.0,0.0191,-0.0144,0.0443,554,472,686,455,0.00,0.01,2.69,0.17,0.2031,1,1,0,0.01,0.00,-0.01,0.00,0.00,0.00,0.17,211,31
45470,-0.5,5.9,32.8,0.006,0.000,-1.017,4.3,-4.1,0.0,0.0202,-0.0235,-0.0380,359,634,524,650,0.00,0.01,2.70,0.17,0.2031,1,1,0,0.01,0.00,-0.01,0.00,0.00,0.00,0.17,210,31
45480,-0.3,0.7,41.7,-0.031,0.059,-1.032,4.3,-4.0,0.0,0.0201,-0.0182,-0.0426,421,597,563,586,0.00,0.01,2.69,0.17,0.2031,1,1,0,0.01,0.00,-0.01,0.00,0.00,0.00,0.18,210,31
45490,1.2,-2.2,-70.4,0.059,-0.057,-0.975,4.3,-4.1,0.0,0.0185,-0.0154,0.0445,558,466,688,455,0.00,0.01,2.69,0.17,0.2031,1,1,0,0.01,0.00,-0.01,0.00,0.00,0.00,0.18,210,31
45500,0.0,2.8,30.5,0.030,0.002,-1.009,4.3,-4.1,0.0,0.0196,-0.0204,-0.0361,369,637,520,641,0.00,0.01,2.70,0.17,0.2031,1,1,0,0.01,0.00,-0.01,0.00,0.00,0.00,0.17,210,31
45510,-0.7,-0.1,43.0,-0.018,0.071,-1.038,4.3,-4.0,0.0,0.0205,-0.0174,-0.0437,416,600,560,587,0.00,0.01,2.69,0.17,0.2025,1,1,0,0.01,0.00,-0.01,0.00,0.00,0.00,0.17,210,31
45520,0.2,-1.0,-69.8,0.059,-0.052,-0.970,4.3,-4.1,0.0,0.0193,-0.0166,0.0442,554,464,690,454,0.00,0.01,2.69,0.17,0.2025,1,1,0,0.01,0.00,-0.01,0.00,0.00,0.00,0.19,211,31
45530,0.5,5.1,28.5,0.009,-0.016,-1.020,4.3,-4.1,0.0,0.0191,-0.0227,-0.0345,368,628,524,643,0.00,0.01,2.70,0.17,0.2025,1,1,0,0.01,0.00,-0.01,0.00,0.00,0.00,0.21,211,31
45541,1.2,-1.4,44.3,-0.020,0.075,-1.041,4.3,-4.0,0.0,0.0186,-0.0152,-0.0399,423,605,548,586,0.00,0.01,2.69,0.18,0.2025,1,1,0,0.01,0.00,0.00,0.00,0.00,0.00,0.20,211,31
45551,0.6,-1.9,-70.2,0.070,-0.042,-0.968,4.3,-4.1,0.0,0.0190,-0.0156,0.0445,553,461,689,450,0.00,0.01,2.69,0.18,0.2013,1,1,0,0.01,0.00,0.01,0.00,0.00,0.00,0.19,211,31
45561,-0.6,5.6,23.1,0.012,-0.020,-1.020,4.3,-4.1,0.0,0.0202,-0.0237,-0.0387,363,623,529,638,0.00,0.01,2.70,0.18,0.2013,1,1,0,0.01,0.00,0.00,0.00,0.00,0.00,0.18,211,31
45571,0.1,-0.3,45.1,-0.027,0.060,-1.041,4.2,-4.0,0.0,0.0195,-0.0169,-0.0455,390,597,523,583,0.00,0.01,2.69,0.18,0.1934,1,1,0,0.01,0.00,0.01,0.00,0.00,0.00,0.17,211,31
45581,1.4,-3.6,-70.9,0.074,-0.037,-0.972,4.2,-4.1,0.0,0.0182,-0.0140,0.0450,545,447,669,432,0.00,0.01,2.69,0.18,0.1934,1,1,0,0.01,0.00,0.01,0.00,0.00,0.00,0.17,210,31
45591,0.0,4.2,24.9,0.022,-0.009,-1.018,4.3,-4.1,0.0,0.0198,-0.0221,-0.0346,345,614,510,624,0.00,0.01,2.70,0.18,0.1934,1,1,0,0.01,0.00,0.01,0.00,0.00,0.00,0.16,210,31
45601,-0.8,0.5,44.8,-0.031,0.051,-1.046,4.2,-4.0,0.0,0.0205,-0.0179,-0.0452,386,595,529,583,0.00,0.01,2.69,0.18,0.1934,1,1,0,0.01,0.00,0.01,0.00,0.00,0.00,0.17,209,31
45611,1.3,-1.9,-70.2,0.055,-0.049,-0.958,4.3,-4.1,0.0,0.0184,-0.0156,0.0444,541,446,672,434,0.00,0.01,2.69,0.18,0.1934,1,1,0,0.01,0.00,0.01,0.00,0.00,0.00,0.18,209,31
45621,0.3,4.4,22.7,0.025,-0.009,-1.009,4.3,-4.1,0.0,0.0193,-0.0228,-0.0386,351,609,510,623,0.00,0.01,2.70,0.18,0.1934,1,1,0,0.01,0.00,0.01,0.00,0.00,0.00,0.18,209,31
45631,0.0,0.0,48.8,-0.023,0.064,-1.061,4.2,-4.0,0.0,0.0197,-0.0175,-0.0507,383,597,525,588,0.00,0.01,2.69,0.18,0.1934,1,1,0,0.01,0.00,0.01,0.00,0.00,0.00,0.18,209,31
45641,0.0,-2.3,-70.1,0.053,-0.052,-0.960,4.2,-4.1,0.0,0.0198,-0.0153,0.0444,540,449,673,431,0.00,0.01,2.69,0.18,0.1928,1,1,0,0.01,0.00,0.01,0.00,0.00,0.00,0.17,210,31
45651,0.4,4.1,26.2,0.018,-0.007,-1.018,4.3,-4.1,0.0,0.0193,-0.0217,-0.0327,361,599,518,611,0.00,0.01,2.70,0.18,0.1928,1,1,0,0.01,0.00,0.01,0.00,0.00,0.00,0.17,210,31
45661,0.3,0.2,44.3,-0.031,0.068,-1.041,4.2,-4.0,0.0,0.0193,-0.0178,-0.0471,381,596,522,590,0.00,0.01,2.69,0.18,0.1830,1,1,0,0.01,0.00,0.01,0.00,0.00,0.00,0.19,210,31
45671,0.0,-2.3,-69.4,0.066,-0.065,-0.985,4.2,-4.1,0.0,0.0196,-0.0153,0.0439,519,429,653,414,0.00,0.01,2.69,0.18,0.1830,1,1,0,0.01,0.00,0.01,0.00,0.00,0.00,0.22,210,31
45681,0.0,3.8,28.5,0.025,0.001,-1.013,4.3,-4.1,0.0,0.0198,-0.0214,-0.0345,350,575,507,583,0.00,0.01,2.70,0.18,0.1830,1,1,0,0.01,0.00,0.00,0.00,0.00,0.00,0.21,211,31
45691,1.1,-0.1,40.2,-0.029,0.074,-1.024,4.2,-4.0,0.0,0.0186,-0.0174,-0.0438,362,581,498,574,0.00,0.01,2.69,0.18,0.1830,1,1,0,0.01,0.00,0.00,0.00,0.00,0.00,0.19,210,31
45701,0.1,-2.2,-69.5,0.047,-0.061,-0.958,4.3,-4.1,0.0,0.0196,-0.0154,0.0439,511,437,646,420,0.00,0.01,2.69,0.18,0.1830,1,1,0,0.01,0.00,0.00,0.00,0.00,0.00,0.18,210,31
45711,-0.7,3.2,33.9,0.009,0.004,-1.022,4.3,-4.1,0.0,0.0204,-0.0208,-0.0388,321,610,472,612,0.00,0.01,2.70,0.18,0.1830,1,1,0,0.01,0.00,0.00,0.00,0.00,0.00,0.17,210,31
45721,0.2,-1.8,38.0,-0.010,0.074,-1.048,4.2,-4.0,0.0,0.0194,-0.0158,-0.0396,391,555,527,541,0.00,0.01,2.69,0.18,0.1830,1,1,0,0.01,0.00,0.00,0.00,0.00,0.00,0.17,210,31
45731,0.8,-1.1,-70.2,0.047,-0.052,-0.979,4.3,-4.1,0.0,0.0190,-0.0165,0.0443,511,433,649,422,0.00,0.01,2.69,0.18,0.1830,1,1,0,0.01,0.00,0.00,0.00,0.00,0.00,0.16,210,31
45741,-0.2,3.8,36.2,-0.003,-0.006,-1.033,4.3,-4.1,0.0,0.0199,-0.0213,-0.0481,327,600,482,606,0.00,0.01,2.70,0.18,0.1830,1,1,0,0.01,0.00,0.00,0.00,0.00,0.00,0.17,210,31
45752,-0.3,-3.5,36.9,-0.012,0.068,-1.015,4.2,-4.0,0.0,0.0200,-0.0140,-0.0411,394,563,518,540,0.00,0.01,2.69,0.18,0.1830,1,1,0,0.01,0.00,0.00,0.00,0.00,0.00,0.18,210,31
45762,0.6,-0.3,-70.6,0.061,-0.049,-0.964,4.3,-4.1,0.0,0.0192,-0.0178,0.0440,510,429,653,423,0.00,0.01,2.69,0.18,0.1830,1,1,0,0.01,0.00,0.00,0.00,0.00,0.00,0.18,210,31
45772,0.0,6.1,36.6,-0.005,0.005,-1.024,4.3,-4.1,0.0,0.0198,-0.0239,-0.0435,322,596,486,611,0.00,0.01,2.70,0.18,0.1830,1,1,0,0.01,0.00,0.00,0.00,0.00,0.00,0.18,210,31
45782,0.1,-3.1,36.9,-0.010,0.076,-1.041,4.2,-4.0,0.0,0.0196,-0.0144,-0.0412,392,563,520,540,0.00,0.01,2.69,0.18,0.1818,1,1,0,0.01,0.00,0.01,0.00,0.00,0.00,0.17,209,31
45792,0.7,-2.8,-70.5,0.075,-0.045,-0.973,4.3,-4.1,0.0,0.0191,-0.0151,0.0446,509,430,649,418,0.00,0.01,2.69,0.18,0.1818,1,1,0,0.01,0.00,0.01,0.00,0.00,0.00,0.16,208,31
45802,-0.6,6.5,32.0,-0.005,0.005,-1.022,4.3,-4.1,0.0,0.0204,-0.0243,-0.0373,320,591,487,607,0.00,0.01,2.70,0.18,0.1818,1,1,0,0.01,0.00,0.00,0.00,0.00,0.00,0.19,208,31
45812,-0.7,-2.5,39.9,-0.033,0.064,-1.049,4.2,-4.0,0.0,0.0202,-0.0143,-0.0362,390,562,517,537,0.00,0.01,2.69,0.18,0.1818,1,1,0,0.01,0.00,0.01,0.00,0.00,0.00,0.21,208,31
45822,1.2,-3.1,-69.4,0.084,-0.038,-0.949,4.3,-4.1,0.0,0.0185,-0.0149,0.0437,500,411,630,400,0.00,0.01,2.69,0.18,0.1732,1,1,0,0.01,0.00,0.01,0.00,0.00,0.00,0.19,209,31
45832,0.0,7.7,31.3,-0.010,-0.007,-1.015,4.3,-4.1,0.0,0.0198,-0.0255,-0.0368,301,572,476,592,0.00,0.01,2.70,0.18,0.1732,1,1,0,0.01,0.00,0.00,0.00,0.00,0.00,0.17,209,31
45842,-0.6,-0.9,40.3,-0.038,0.063,-1.057,4.3,-4.0,0.0,0.0205,-0.0156,-0.0366,359,555,493,534,0.00,0.01,2.69,0.18,0.1732,1,1,0,0.01,0.00,0.01,0.00,0.00,0.00,0.17,209,31
45853,0.6,-5.0,-70.7,0.086,-0.050,-0.981,4.2,-4.1,0.0,0.0191,-0.0127,0.0449,504,411,630,396,0.00,0.01,2.69,0.18,0.1732,1,1,0,0.01,0.00,0.01,0.00,0.00,0.00,0.16,208,31
45863,0.9,5.2,27.5,0.018,0.001,-1.018,4.3,-4.2,0.0,0.0191,-0.0240,-0.0419,304,573,472,592,0.00,0.01,2.70,0.18,0.1732,1,1,0,0.01,0.00,0.00,0.00,0.00,0.00,0.18,208,31
45873,-0.9,1.5,44.1,-0.043,0.066,-1.057,4.2,-4.0,0.0,0.0207,-0.0192,-0.0469,353,553,496,539,0.00,0.01,2.69,0.18,0.1732,1,1,0,0.01,0.00,0.01,0.00,0.00,0.00,0.20,208,31
45883,0.5,-4.2,-69.6,0.061,-0.060,-0.973,4.2,-4.1,0.0,0.0191,-0.0136,0.0443,504,412,629,396,0.00,0.01,2.69,0.18,0.1732,1,1,0,0.01,0.00,0.00,0.00,0.00,0.00,0.18,208,31
45893,1.2,4.1,26.5,0.013,0.002,-1.021,4.3,-4.1,0.0,0.0185,-0.0221,-0.0357,312,574,468,588,0.00,0.01,2.70,0.18,0.1732,1,1,0,0.01,0.00,0.00,0.00,0.00,0.00,0.17,209,31
45903,-0.9,1.2,44.0,-0.025,0.076,-1.049,4.2,-4.0,0.0,0.0208,-0.0189,-0.0468,349,551,496,535,0.00,0.01,2.69,0.18,0.1720,1,1,0,0.01,0.00,0.00,0.00,0.00,0.00,0.17,209,31
45913,-0.4,-2.3,-69.2,0.060,-0.061,-0.962,4.2,-4.1,0.0,0.0201,-0.0155,0.0441,499,409,632,393,0.00,0.01,2.69,0.18,0.1720,1,1,0,0.01,0.00,0.00,0.00,0.00,0.00,0.17,209,31
45923,0.8,4.6,23.6,0.018,-0.023,-1.015,4.3,-4.1,0.0,0.0189,-0.0224,-0.0306,316,563,473,579,0.00,0.01,2.69,0.18,0.1720,1,1,0,0.01,0.00,0.00,0.00,0.00,0.00,0.17,209,31
45933,-0.2,0.1,46.9,-0.020,0.073,-1.069,4.3,-4.1,0.0,0.0204,-0.0178,-0.0425,339,560,484,548,0.00,0.01,2.69,0.18,0.1720,1,1,0,0.01,0.00,0.00,0.00,0.00,0.00,0.17,209,31
45943,-0.1,-2.6,-69.7,0.063,-0.050,-0.976,4.2,-4.1,0.0,0.0200,-0.0152,0.0444,499,407,634,391,0.00,0.01,2.69,0.18,0.1720,1,1,0,0.01,0.00,0.00,0.00,0.00,0.00,0.18,208,31
45954,1.1,5.2,22.8,0.015,-0.028,-1.019,4.3,-4.1,0.0,0.0186,-0.0231,-0.0300,317,561,474,581,0.00,0.01,2.69,0.18,0.1720,1,1,0,0.01,0.00,0.00,0.00,0.00,0.00,0.18,209,31
45964,0.5,-0.1,48.0,-0.014,0.077,-1.059,4.3,-4.0,0.0,0.0197,-0.0173,-0.0433,340,561,481,550,0.00,0.01,2.69,0.18,0.1720,1,1,0,0.01,0.00,0.00,0.00,0.00,0.00,0.18,208,31
45974,-0.4,-2.9,-69.2,0.062,-0.064,-0.980,4.2,-4.1,0.0,0.0202,-0.0148,0.0436,498,408,635,391,0.00,0.01,2.69,0.18,0.1720,1,1,0,0.01,0.00,0.00,0.00,0.00,0.00,0.17,208,31
45984,0.8,5.7,18.1,0.011,-0.032,-1.018,4.2,-4.1,0.0,0.0185,-0.0242,-0.0349,324,545,485,569,0.00,0.01,2.69,0.18,0.1708,1,1,0,0.01,0.00,0.00,0.00,0.00,0.00,0.17,208,31
45994,0.2,-0.9,48.1,-0.012,0.073,-1.053,4.2,-4.0,0.0,0.0196,-0.0167,-0.0481,339,562,476,546,0.00,0.01,2.69,0.18,0.1708,1,1,0,0.01,0.00,0.00,0.00,0.00,0.00,0.19,208,31
46004,0.0,-3.3,-67.2,0.062,-0.051,-0.955,4.2,-4.1,0.0,0.0197,-0.0145,0.0421,495,409,630,389,0.00,0.01,2.69,0.18,0.1708,1,1,0,0.01,0.00,0.00,0.00,0.00,0.00,0.21,208,31
46014,0.2,6.1,16.8,0.015,-0.032,-1.021,4.2,-4.1,0.0,0.0190,-0.0246,-0.0338,324,543,489,566,0.00,0.01,2.69,0.18,0.1708,1,1,0,0.01,0.00,0.01,0.00,0.00,0.00,0.20,208,31
46024,0.5,-0.6,50.1,-0.019,0.083,-1.057,4.2,-4.0,0.0,0.0193,-0.0170,-0.0517,331,568,466,557,0.00,0.01,2.69,0.18,0.1708,1,1,0,0.01,0.00,0.01,0.00,0.00,0.00,0.18,208,31
46034,0.2,-3.8,-67.0,0.064,-0.028,-0.958,4.2,-4.1,0.0,0.0199,-0.0148,0.0435,497,407,630,388,0.00,0.01,2.69,0.18,0.1708,1,1,0,0.01,0.00,0.01,0.00,0.00,0.00,0.18,209,31
46044,0.1,6.7,16.6,0.013,-0.033,-1.014,4.2,-4.1,0.0,0.0191,-0.0251,-0.0336,323,542,490,567,0.00,0.01,2.69,0.18,0.1708,1,1,0,0.01,0.00,0.00,0.00,0.00,0.00,0.17,209,31
46054,0.7,-0.7,51.4,-0.019,0.080,-1.069,4.2,-4.0,0.0,0.0191,-0.0169,-0.0528,329,570,464,559,0.00,0.01,2.69,0.18,0.1708,1,1,0,0.01,0.00,0.01,0.00,0.00,0.00,0.17,209,31
46065,0.4,-3.8,-66.7,0.060,-0.049,-0.966,4.2,-4.1,0.0,0.0198,-0.0147,0.0435,497,407,630,388,0.00,0.01,2.69,0.18,0.1708,1,1,0,0.01,0.00,0.01,0.00,0.00,0.00,0.16,210,31
46075,-0.1,6.5,15.1,0.017,-0.026,-1.023,4.2,-4.1,0.0,0.0195,-0.0250,-0.0326,324,542,493,564,0.00,0.01,2.69,0.18,0.1708,1,1,0,0.01,0.00,0.00,0.00,0.00,0.00,0.17,209,31
46085,0.5,-1.1,52.9,-0.021,0.074,-1.086,4.2,-4.0,0.0,0.0193,-0.0166,-0.0540,311,557,445,544,0.00,0.01,2.69,0.18,0.1622,1,1,0,0.01,0.00,0.01,0.00,0.00,0.00,0.17,209,31
46095,0.9,-4.2,-67.1,0.069,-0.050,-0.960,4.2,-4.1,0.0,0.0192,-0.0143,0.0440,484,389,614,372,0.00,0.01,2.69,0.18,0.1622,1,1,0,0.01,0.00,0.01,0.00,0.00,0.00,0.17,209,31
46105,-0.3,6.2,13.8,0.011,-0.027,-1.022,4.2,-4.1,0.0,0.0200,-0.0242,-0.0258,320,516,489,533,0.00,0.01,2.69,0.18,0.1622,1,1,0,0.01,0.00,0.01,0.00,0.00,0.00,0.18,209,31
46115,0.3,-1.6,54.7,-0.013,0.077,-1.074,4.2,-4.0,0.0,0.0194,-0.0161,-0.0554,308,561,442,547,0.00,0.01,2.69,0.18,0.1622,1,1,0,0.01,0.00,0.01,0.00,0.00,0.00,0.17,210,31
46125,1.0,-4.4,-66.8,0.070,-0.048,-0.973,4.2,-4.1,0.0,0.0189,-0.0141,0.0439,483,388,608,370,0.00,0.01,2.69,0.18,0.1610,1,1,0,0.01,0.00,0.01,0.00,0.00,0.00,0.19,210,31
46135,-0.4,5.1,12.0,0.013,-0.023,-1.017,4.2,-4.1,0.0,0.0203,-0.0232,-0.0244,322,513,488,526,0.00,0.01,2.69,0.18,0.1610,1,1,0,0.01,0.00,0.01,0.00,0.00,0.00,0.21,210,31
46145,-0.1,-2.1,55.7,-0.012,0.075,-1.067,4.2,-4.0,0.0,0.0200,-0.0156,-0.0562,304,562,438,545,0.00,0.01,2.69,0.18,0.1610,1,1,0,0.01,0.00,0.01,0.00,0.00,0.00,0.19,210,31
46155,1.6,-4.0,-67.6,0.062,-0.045,-0.975,4.2,-4.1,0.0,0.0181,-0.0139,0.0434,485,384,609,371,0.00,0.01,2.69,0.18,0.1610,1,1,0,0.01,0.00,0.01,0.00,0.00,0.00,0.18,211,31
46165,-0.3,4.5,9.7,0.025,-0.018,-1.014,4.2,-4.1,0.0,0.0203,-0.0226,-0.0225,326,512,490,521,0.00,0.01,2.69,0.18,0.1610,1,1,0,0.01,0.00,0.00,0.00,0.00,0.00,0.17,211,31
46175,-0.1,-1.8,57.6,-0.013,0.086,-1.084,4.2,-4.0,0.0,0.0199,-0.0159,-0.0577,300,563,436,550,0.00,0.01,2.69,0.18,0.1610,1,1,0,0.01,0.00,0.01,0.00,0.00,0.00,0.16,211,31
46186,1.9,-4.0,-66.8,0.045,-0.049,-0.971,4.2,-4.1,0.0,0.0179,-0.0144,0.0444,484,384,606,370,0.00,0.01,2.69,0.18,0.1604,1,1,0,0.01,0.00,0.01,0.00,0.00,0.00,0.16,210,31
46196,-1.0,3.4,3.6,0.042,-0.037,-1.011,4.2,-4.1,0.0,0.0209,-0.0213,-0.0146,328,510,492,514,0.00,0.01,2.69,0.18,0.1604,1,1,0,0.01,0.00,0.00,0.00,0.00,0.00,0.17,210,31
46206,-0.4,-1.7,60.4,-0.013,0.070,-1.087,4.2,-4.0,0.0,0.0202,-0.0162,-0.0584,275,559,414,545,0.00,0.01,2.69,0.18,0.1537,1,1,0,0.01,0.00,0.01,0.00,0.00,0.00,0.17,210,31
46216,1.3,-3.1,-65.3,0.049,-0.026,-0.986,4.2,-4.1,0.0,0.0185,-0.0148,0.0416,467,373,594,360,0.00,0.01,2.69,0.18,0.1537,1,1,0,0.01,0.00,0.01,0.00,0.00,0.00,0.18,210,31
46226,-0.6,3.2,1.7,0.046,-0.036,-1.021,4.2,-4.1,0.0,0.0205,-0.0211,-0.0131,332,482,492,487,0.00,0.01,2.69,0.18,0.1537,1,1,0,0.01,0.00,0.00,0.00,0.00,0.00,0.17,210,31
46236,0.0,-0.3,60.6,-0.023,0.072,-1.073,4.2,-4.0,0.0,0.0198,-0.0174,-0.0554,273,558,414,549,0.00,0.01,2.69,0.18,0.1537,1,1,0,0.01,0.00,0.01,0.00,0.00,0.00,0.17,210,31
46246,0.9,-4.1,-61.4,0.048,-0.022,-0.983,4.2,-4.1,0.0,0.0189,-0.0137,0.0374,463,376,588,357,0.00,0.01,2.69,0.18,0.1525,1,1,0,0.01,0.00,0.01,0.00,0.00,0.00,0.17,210,31
46256,-0.3,2.6,-3.6,0.043,-0.036,-1.018,4.2,-4.1,0.0,0.0204,-0.0217,-0.0178,333,477,492,482,0.00,0.01,2.69,0.18,0.1525,1,1,0,0.01,0.00,0.01,0.00,0.00,0.00,0.16,210,31
46266,0.0,0.4,60.7,-0.019,0.088,-1.057,4.2,-4.0,0.0,0.0199,-0.0182,-0.0588,269,555,413,548,0.00,0.01,2.69,0.18,0.1525,1,1,0,0.01,0.00,0.01,0.00,0.00,0.00,0.18,210,31
46276,0.6,-4.8,-60.2,0.053,-0.030,-0.999,4.2,-4.1,0.0,0.0192,-0.0129,0.0365,462,379,586,357,0.00,0.01,2.69,0.18,0.1525,1,1,0,0.01,0.00,0.01,0.00,0.00,0.00,0.20,210,31
46287,0.0,3.3,-4.9,0.030,-0.044,-0.992,4.2,-4.1,0.0,0.0200,-0.0220,-0.0166,335,474,494,481,0.00,0.01,2.69,0.18,0.1525,1,1,0,0.01,0.00,0.00,0.00,0.00,0.00,0.19,211,31
46297,0.0,0.7,63.0,-0.022,0.081,-1.081,4.2,-4.0,0.0,0.0199,-0.0184,-0.0594,267,556,412,549,0.00,0.01,2.69,0.18,0.1525,1,1,0,0.01,0.00,0.00,0.00,0.00,0.00,0.18,211,31
46307,0.6,-4.8,-59.5,0.045,-0.028,-0.987,4.2,-4.1,0.0,0.0192,-0.0130,0.0359,461,378,586,359,0.00,0.01,2.69,0.18,0.1525,1,1,0,0.01,0.00,0.00,0.00,0.00,0.00,0.17,211,31
46317,0.0,2.7,-7.2,0.032,-0.048,-1.013,4.2,-4.1,0.0,0.0199,-0.0214,-0.0147,340,471,497,477,0.00,0.01,2.69,0.18,0.1525,1,1,0,0.01,0.00,0.00,0.00,0.00,0.00,0.17,211,31
46327,-0.2,0.2,63.8,-0.018,0.084,-1.078,4.2,-4.0,0.0,0.0201,-0.0181,-0.0627,264,556,407,548,0.00,0.01,2.69,0.18,0.1513,1,1,0,0.01,0.00,0.00,0.00,0.00,0.00,0.19,211,31
46337,0.3,-4.0,-57.0,0.040,-0.032,-0.994,4.2,-4.1,0.0,0.0196,-0.0144,0.0384,456,376,586,358,0.00,0.01,2.69,0.18,0.1513,1,1,0,0.01,0.00,0.00,0.00,0.00,0.00,0.20,211,31
46347,-0.7,3.1,-7.4,0.039,-0.052,-1.008,4.2,-4.1,0.0,0.0206,-0.0213,-0.0087,322,455,482,461,0.00,0.01,2.69,0.18,0.1439,1,1,0,0.01,0.00,0.00,0.00,0.00,0.00,0.19,211,31
46357,0.7,-1.2,63.8,-0.007,0.082,-1.081,4.2,-4.0,0.0,0.0192,-0.0166,-0.0627,254,543,390,534,0.00,0.01,2.69,0.18,0.1439,1,1,0,0.01,0.00,0.00,0.00,0.00,0.00,0.18,211,31
46367,0.6,-2.8,-56.3,0.024,-0.032,-0.980,4.2,-4.1,0.0,0.0193,-0.0151,0.0381,441,361,572,346,0.00,0.01,2.69,0.18,0.1439,1,1,0,0.01,0.00,0.00,0.00,0.00,0.00,0.17,211,31
46377,-0.2,2.4,-9.5,0.042,-0.040,-1.008,4.2,-4.1,0.0,0.0202,-0.0206,-0.0070,328,453,483,456,0.00,0.01,2.69,0.18,0.1439,1,1,0,0.01,0.00,0.00,0.00,0.00,0.00,0.17,212,31
46387,0.3,-1.0,64.0,-0.013,0.088,-1.070,4.2,-4.0,0.0,0.0196,-0.0168,-0.0629,252,545,390,533,0.00,0.01,2.69,0.18,0.1439,1,1,0,0.01,0.00,0.00,0.00,0.00,0.00,0.17,211,31
46398,0.4,-2.8,-54.4,0.037,-0.035,-0.991,4.2,-4.1,0.0,0.0194,-0.0152,0.0336,434,368,565,353,0.00,0.01,2.69,0.18,0.1439,1,1,0,0.01,0.00,0.00,0.00,0.00,0.00,0.16,211,31
46408,-0.7,1.9,-14.3,0.048,-0.056,-1.005,4.2,-4.1,0.0,0.0207,-0.0199,-0.0002,327,449,483,451,0.00,0.01,2.69,0.18,0.1427,1,1,0,0.01,0.00,0.00,0.00,0.00,0.00,0.17,211,31
46418,0.0,0.6,65.3,-0.016,0.081,-1.072,4.2,-4.0,0.0,0.0200,-0.0180,-0.0607,247,541,389,533,0.00,0.01,2.69,0.18,0.1427,1,1,0,0.01,0.00,0.00,0.00,0.00,0.00,0.18,211,31
46428,0.0,-2.9,-49.5,0.039,-0.018,-0.973,4.2,-4.1,0.0,0.0198,-0.0149,0.0279,411,352,540,334,0.00,0.01,2.69,0.18,0.1330,1,1,0,0.01,0.00,0.00,0.00,0.00,0.00,0.18,211,31
46438,0.0,1.6,-17.1,0.050,-0.069,-1.014,4.2,-4.1,0.0,0.0199,-0.0196,0.0020,315,425,468,428,0.00,0.01,2.69,0.18,0.1330,1,1,0,0.01,0.00,0.00,0.00,0.00,0.00,0.17,211,31
46448,-0.1,1.1,65.5,-0.029,0.087,-1.084,4.2,-4.0,0.0,0.0203,-0.0188,-0.0612,224,524,372,517,0.00,0.01,2.69,0.18,0.1330,1,1,0,0.01,0.00,0.00,0.00,0.00,0.00,0.17,211,31
46458,0.2,-3.8,-47.5,0.030,-0.006,-0.992,4.2,-4.1,0.0,0.0196,-0.0141,0.0264,410,355,536,335,0.00,0.01,2.68,0.18,0.1330,1,1,0,0.01,0.00,0.00,0.00,0.00,0.00,0.18,210,31
46468,-0.2,0.4,-23.2,0.054,-0.052,-0.991,4.2,-4.1,0.0,0.0203,-0.0194,-0.0015,319,423,472,423,0.00,0.01,2.69,0.18,0.1330,1,1,0,0.01,0.00,0.00,0.00,0.00,0.00,0.20,210,31
46478,0.1,1.2,67.9,-0.024,0.096,-1.065,4.2,-4.0,0.0,0.0198,-0.0191,-0.0660,217,530,364,526,0.00,0.01,2.69,0.18,0.1330,1,1,0,0.01,0.00,0.00,0.00,0.00,0.00,0.20,210,31
46488,0.5,-3.5,-43.4,0.013,-0.023,-0.992,4.2,-4.1,0.0,0.0193,-0.0143,0.0253,407,353,533,334,0.00,0.01,2.68,0.18,0.1317,1,1,0,0.01,0.00,0.00,0.00,0.00,0.00,0.20,210,31
46499,-0.6,0.4,-26.0,0.056,-0.063,-1.002,4.2,-4.1,0.0,0.0206,-0.0186,0.0064,322,417,473,414,0.00,0.01,2.69,0.18,0.1317,1,1,0,0.01,0.00,0.00,0.00,0.00,0.00,0.18,210,31
46509,0.6,1.2,68.6,-0.019,0.106,-1.069,4.2,-4.1,0.0,0.0196,-0.0189,-0.0654,188,504,335,500,0.00,0.01,2.69,0.18,0.1183,1,1,0,0.01,0.00,0.00,0.00,0.00,0.00,0.17,210,31
46519,0.3,-3.9,-44.8,0.009,-0.016,-0.993,4.2,-4.1,0.0,0.0196,-0.0140,0.0242,380,331,506,309,0.00,0.01,2.68,0.18,0.1183,1,1,0,0.01,0.00,0.00,0.00,0.00,0.00,0.17,210,31
46529,-0.3,0.3,-24.1,0.047,-0.064,-1.000,4.2,-4.1,0.0,0.0203,-0.0183,0.0076,301,390,449,387,0.00,0.01,2.69,0.18,0.1183,1,1,0,0.01,0.00,0.00,0.00,0.00,0.00,0.16,210,31
46539,0.3,1.6,67.3,-0.018,0.091,-1.070,4.2,-4.1,0.0,0.0196,-0.0196,-0.0655,187,503,334,502,0.00,0.01,2.69,0.18,0.1183,1,1,0,0.01,0.00,0.00,0.00,0.00,0.00,0.17,210,31
46549,0.2,-4.2,-47.5,0.024,-0.018,-0.974,4.2,-4.1,0.0,0.0197,-0.0137,0.0263,375,335,503,313,0.00,0.01,2.68,0.18,0.1183,1,1,0,0.01,0.00,0.00,0.00,0.00,0.00,0.18,210,31
46559,-0.6,1.5,-20.2,0.053,-0.062,-1.007,4.2,-4.1,0.0,0.0207,-0.0195,0.0045,314,375,466,371,0.00,0.01,2.69,0.18,0.1183,1,1,0,0.01,0.00,0.00,0.00,0.00,0.00,0.18,210,31
46569,0.1,1.3,67.0,-0.018,0.088,-1.076,4.2,-4.1,0.0,0.0198,-0.0193,-0.0653,192,477,337,470,0.00,0.01,2.69,0.18,0.1116,1,1,0,0.01,0.00,0.00,0.00,0.00,0.00,0.18,210,31
46579,0.4,-4.4,-50.8,0.031,-0.023,-0.991,4.2,-4.1,0.0,0.0196,-0.0136,0.0290,383,301,509,282,0.00,0.01,2.68,0.18,0.1116,1,1,0,0.01,0.00,0.00,0.00,0.00,0.00,0.17,210,31
46589,-0.5,1.4,-16.9,0.047,-0.063,-1.011,4.2,-4.1,0.0,0.0207,-0.0195,0.0018,261,397,418,400,0.00,0.01,2.69,0.18,0.1116,1,1,0,0.01,0.00,0.00,0.00,0.00,0.00,0.17,210,31
46599,0.2,0.9,65.5,-0.018,0.102,-1.077,4.2,-4.1,0.0,0.0198,-0.0189,-0.0641,190,479,335,472,0.00,0.01,2.69,0.18,0.1116,1,1,0,0.01,0.00,0.00,0.00,0.00,0.00,0.18,211,31
46609,0.4,-4.6,-50.4,0.032,-0.036,-0.972,4.2,-4.1,0.0,0.0194,-0.0136,0.0342,376,298,503,280,0.00,0.01,2.68,0.18,0.1092,1,1,0,0.01,0.00,0.00,0.00,0.00,0.00,0.19,211,31
46619,-0.4,1.0,-20.5,0.047,-0.052,-1.011,4.2,-4.1,0.0,0.0205,-0.0191,0.0046,263,387,418,389,0.00,0.01,2.69,0.18,0.1092,1,1,0,0.01,0.00,0.00,0.00,0.00,0.00,0.18,211,31
46629,0.3,0.9,67.8,-0.024,0.106,-1.079,4.2,-4.1,0.0,0.0201,-0.0185,-0.0634,166,462,311,454,0.00,0.01,2.69,0.18,0.1006,1,1,1,0.01,0.00,0.00,0.00,0.00,0.00,0.18,212,31
46639,0.0,-4.7,-48.8,0.026,-0.018,-0.995,4.2,-4.1,0.0,0.0200,-0.0133,0.0295,353,291,480,268,0.00,0.01,2.68,0.18,0.1006,1,1,0,0.01,0.00,0.00,0.00,0.00,0.00,0.17,212,31
46649,-0.5,0.9,-22.6,0.051,-0.057,-0.993,4.2,-4.2,0.0,0.0206,-0.0190,0.0064,248,365,403,367,0.00,0.01,2.69,0.18,0.0994,1,1,0,0.01,0.00,0.00,0.00,0.00,0.00,0.17,212,31
46659,0.8,0.8,67.5,-0.018,0.089,-1.080,4.2,-4.1,0.0,0.0196,-0.0186,-0.0634,158,465,303,460,0.00,0.01,2.69,0.18,0.0994,1,1,1,0.01,0.00,0.00,0.00,0.00,0.00,0.19,211,31
46669,0.3,-3.9,-42.5,0.020,-0.006,-0.988,4.2,-4.1,0.0,0.0195,-0.0142,0.0269,347,289,475,272,0.00,0.01,2.68,0.18,0.0994,1,1,0,0.01,0.00,0.00,0.00,0.00,0.00,0.21,211,31
46679,-0.4,0.1,-25.9,0.041,-0.064,-1.005,4.2,-4.1,0.0,0.0206,-0.0182,0.0091,254,361,408,360,0.00,0.01,2.69,0.18,0.0994,1,1,0,0.01,0.00,0.00,0.00,0.00,0.00,0.20,211,31
46689,0.3,0.4,68.3,-0.017,0.106,-1.065,4.2,-4.1,0.0,0.0201,-0.0183,-0.0644,158,471,304,464,0.00,0.01,2.69,0.18,0.0921,1,1,1,0.01,0.00,0.00,0.00,0.00,0.00,0.19,211,31
46700,-0.2,-4.1,-37.2,0.010,-0.022,-0.984,4.2,-4.1,0.0,0.0201,-0.0142,0.0254,329,278,461,260,0.00,0.01,2.68,0.18,0.0921,1,1,0,0.01,0.00,0.00,0.00,0.00,0.00,0.18,211,31
46710,-0.7,0.5,-31.7,0.048,-0.063,-0.992,4.2,-4.2,0.0,0.0207,-0.0189,0.0113,246,341,399,342,0.00,0.01,2.69,0.18,0.0921,1,1,0,0.01,0.00,0.00,0.00,0.00,0.00,0.17,211,31
46720,0.8,1.8,68.5,-0.018,0.101,-1.071,4.2,-4.1,0.0,0.0193,-0.0199,-0.0662,158,470,302,466,0.00,0.01,2.69,0.18,0.0921,1,1,1,0.01,0.00,0.00,0.00,0.00,0.00,0.17,211,31
46730,0.4,-4.4,-33.4,0.011,-0.007,-0.991,4.2,-4.1,0.0,0.0195,-0.0136,0.0227,325,281,452,261,0.00,0.01,2.68,0.18,0.0909,1,1,0,0.01,0.00,0.00,0.00,0.00,0.00,0.16,211,31
46740,-0.3,-0.4,-37.0,0.049,-0.057,-0.998,4.2,-4.1,0.0,0.0204,-0.0176,0.0182,262,327,409,321,0.00,0.01,2.69,0.18,0.0909,1,1,0,0.01,0.00,0.00,0.00,0.00,0.00,0.17,211,31
46750,0.5,2.4,68.1,-0.028,0.086,-1.065,4.2,-4.1,0.0,0.0198,-0.0195,-0.0657,158,474,304,468,0.00,0.01,2.69,0.18,0.0896,1,1,1,0.01,0.00,0.00,0.00,0.00,0.00,0.18,211,31
46760,-0.2,-4.5,-30.6,0.013,-0.003,-0.996,4.2,-4.1,0.0,0.0203,-0.0135,0.0157,311,292,439,268,0.00,0.01,2.68,0.18,0.0896,1,1,0,0.01,0.00,0.00,0.00,0.00,0.00,0.18,211,31
46770,-0.9,-1.1,-40.1,0.065,-0.066,-0.988,4.2,-4.2,0.0,0.0210,-0.0169,0.0207,264,319,413,314,0.00,0.01,2.69,0.18,0.0896,1,1,0,0.01,0.00,0.00,0.00,0.00,0.00,0.18,211,31
46780,1.0,3.4,67.5,-0.024,0.092,-1.062,4.2,-4.1,0.0,0.0190,-0.0212,-0.0655,158,476,307,480,0.00,0.01,2.69,0.18,0.0896,1,1,1,0.01,0.00,0.00,0.00,0.00,0.00,0.18,211,31
46790,0.1,-3.1,-24.4,-0.004,0.006,-0.998,4.2,-4.1,0.0,0.0200,-0.0149,0.0083,293,279,422,259,0.00,0.01,2.68,0.18,0.0823,1,1,0,0.01,0.00,0.00,0.00,0.00,0.00,0.17,211,31
46801,-0.4,-2.0,-47.1,0.058,-0.063,-0.977,4.2,-4.1,0.0,0.0206,-0.0160,0.0265,255,304,402,294,0.00,0.01,2.69,0.18,0.0823,1,1,0,0.01,0.00,0.00,0.00,0.00,0.00,0.17,211,31
46811,0.5,2.4,65.5,-0.015,0.094,-1.053,4.2,-4.1,0.0,0.0195,-0.0202,-0.0642,158,479,304,476,0.00,0.01,2.69,0.18,0.0823,1,1,1,0.01,0.00,0.00,0.00,0.00,0.00,0.18,210,31
46821,-0.4,-2.6,-17.9,-0.009,0.000,-1.000,4.2,-4.1,0.0,0.0204,-0.0147,0.0115,290,284,420,261,0.00,0.01,2.68,0.18,0.0823,1,1,0,0.01,0.00,0.00,0.00,0.00,0.00,0.18,211,31
46831,-0.7,-2.4,-48.9,0.064,-0.058,-0.969,4.3,-4.1,0.0,0.0209,-0.0156,0.0280,269,293,414,278,0.00,0.01,2.69,0.18,0.0823,1,1,0,0.01,0.00,0.00,0.00,0.00,0.00,0.19,211,31
46841,0.8,2.8,66.8,-0.027,0.078,-1.064,4.2,-4.1,0.0,0.0193,-0.0209,-0.0645,158,480,305,483,0.00,0.01,2.69,0.18,0.0823,1,1,1,0.01,0.00,0.00,0.00,0.00,0.00,0.18,211,31
46851,0.3,-2.7,-15.9,-0.012,0.022,-1.007,4.2,-4.1,0.0,0.0196,-0.0148,0.0102,274,289,403,270,0.00,0.01,2.68,0.18,0.0799,1,1,0,0.01,0.00,0.00,0.00,0.00,0.00,0.17,211,31
46861,-0.1,-1.4,-50.9,0.061,-0.057,-0.968,4.2,-4.1,0.0,0.0203,-0.0166,0.0297,269,284,413,270,0.00,0.01,2.69,0.18,0.0799,1,1,0,0.01,0.00,0.00,0.00,0.00,0.00,0.17,211,31
46871,0.5,2.8,64.9,-0.020,0.084,-1.044,4.2,-4.1,0.0,0.0197,-0.0203,-0.0650,158,481,308,481,0.00,0.01,2.69,0.18,0.0799,1,1,1,0.01,0.00,0.00,0.00,0.00,0.00,0.17,211,31
46881,-0.3,-2.9,-13.1,-0.015,0.015,-1.013,4.2,-4.1,0.0,0.0204,-0.0147,0.0081,268,294,401,272,0.00,0.01,2.68,0.18,0.0799,1,1,0,0.01,0.00,0.00,0.00,0.00,0.00,0.18,211,31
46891,-0.7,-2.6,-52.7,0.064,-0.064,-0.971,4.3,-4.1,0.0,0.0210,-0.0154,0.0313,273,282,417,264,0.00,0.01,2.69,0.18,0.0799,1,1,0,0.01,0.00,0.00,0.00,0.00,0.00,0.18,211,31
46902,0.1,3.5,63.8,-0.020,0.080,-1.043,4.2,-4.1,0.0,0.0200,-0.0214,-0.0628,158,480,310,482,0.00,0.01,2.69,0.18,0.0726,1,1,1,0.01,0.00,0.00,0.00,0.00,0.00,0.17,211,31
46912,-0.1,-2.4,-5.9,-0.017,0.013,-1.013,4.2,-4.1,0.0,0.0203,-0.0156,-0.0060,250,285,382,263,0.00,0.01,2.68,0.18,0.0726,1,1,0,0.01,0.00,0.00,0.00,0.00,0.00,0.17,211,31
46922,0.0,-2.5,-57.3,0.062,-0.054,-0.977,4.2,-4.1,0.0,0.0201,-0.0157,0.0335,265,261,406,248,0.00,0.01,2.69,0.18,0.0713,1,1,0,0.01,0.00,0.00,0.00,0.00,0.00,0.16,211,31
46932,0.4,4.1,61.1,-0.032,0.058,-1.054,4.2,-4.1,0.0,0.0197,-0.0223,-0.0595,158,478,310,482,0.00,0.01,2.69,0.18,0.0713,1,1,1,0.01,0.00,0.00,0.00,0.00,0.00,0.17,211,31
46942,-0.1,-2.4,0.9,-0.017,0.042,-1.011,4.2,-4.1,0.0,0.0203,-0.0149,-0.0026,244,287,375,265,0.00,0.01,2.68,0.18,0.0713,1,1,0,0.01,0.00,0.00,0.00,0.00,0.00,0.18,212,31
46962,0.2,4.8,60.2,-0.025,0.060,-1.055,4.2,-4.1,0.0,0.0199,-0.0230,-0.0587,158,477,313,485,0.00,0.01,2.69,0.18,0.0713,1,1,1,0.01,0.00,0.00,0.00,0.00,0.00,0.17,212,31
46972,-0.1,-1.4,2.9,-0.024,0.036,-1.013,4.2,-4.1,0.0,0.0202,-0.0156,-0.0041,241,290,371,268,0.00,0.01,2.68,0.18,0.0713,1,1,0,0.01,0.00,0.00,0.00,0.00,0.00,0.16,212,31
46982,-0.1,-2.3,-60.3,0.079,-0.060,-0.962,4.3,-4.1,0.0,0.0204,-0.0160,0.0363,278,245,419,230,0.00,0.01,2.68,0.18,0.0713,1,1,0,0.01,0.00,0.00,0.00,0.00,0.00,0.18,212,30
46992,0.4,4.9,59.6,-0.026,0.070,-1.056,4.2,-4.1,0.0,0.0197,-0.0230,-0.0581,158,477,314,485,0.00,0.01,2.69,0.18,0.0713,1,1,1,0.01,0.00,0.00,0.00,0.00,0.00,0.21,211,30
47002,-0.5,-1.0,4.3,-0.034,0.034,-1.017,4.2,-4.1,0.0,0.0207,-0.0158,-0.0050,224,299,360,278,0.00,0.01,2.68,0.18,0.0701,1,1,0,0.01,0.00,0.00,0.00,0.00,0.00,0.20,211,31
47013,-0.2,-2.0,-60.8,0.073,-0.064,-0.940,4.2,-4.2,0.0,0.0205,-0.0162,0.0368,276,241,419,226,0.00,0.01,2.68,0.18,0.0701,1,1,0,0.01,0.00,0.00,0.00,0.00,0.00,0.19,210,31
47023,0.2,5.0,57.8,-0.011,0.069,-1.044,4.2,-4.1,0.0,0.0199,-0.0232,-0.0566,158,474,316,482,0.00,0.01,2.69,0.18,0.0701,1,1,1,0.01,0.00,0.00,0.00,0.00,0.00,0.18,210,31
47033,0.0,-0.5,6.7,-0.025,0.028,-1.012,4.2,-4.1,0.0,0.0201,-0.0173,-0.0127,220,300,357,285,0.00,0.01,2.68,0.18,0.0701,1,1,0,0.01,0.00,0.01,0.00,0.00,0.00,0.17,210,31
47043,0.0,-2.4,-62.3,0.080,-0.051,-0.962,4.2,-4.1,0.0,0.0203,-0.0159,0.0383,266,223,408,209,0.00,0.01,2.68,0.18,0.0628,1,1,0,0.01,0.00,0.00,0.00,0.00,0.00,0.16,210,31
47053,0.9,5.2,57.1,-0.022,0.049,-1.038,4.2,-4.1,0.0,0.0192,-0.0233,-0.0559,158,462,317,476,0.00,0.01,2.69,0.18,0.0628,1,1,1,0.01,0.00,0.00,0.00,0.00,0.00,0.16,210,31
47063,-0.8,-0.3,9.5,-0.015,0.039,-1.009,4.2,-4.1,0.0,0.0211,-0.0166,-0.0088,202,292,341,272,0.00,0.01,2.68,0.18,0.0628,1,1,0,0.01,0.00,0.00,0.00,0.00,0.00,0.17,210,31
47073,-0.2,-2.5,-64.5,0.075,-0.062,-0.957,4.2,-4.1,0.0,0.0206,-0.0159,0.0391,275,216,415,200,0.00,0.01,2.68,0.18,0.0628,1,1,0,0.01,0.00,0.00,0.00,0.00,0.00,0.18,210,31
47083,0.6,5.1,53.7,-0.021,0.049,-1.050,4.2,-4.1,0.0,0.0192,-0.0227,-0.0580,158,460,314,471,0.00,0.01,2.69,0.18,0.0628,1,1,1,0.01,0.00,0.00,0.00,0.00,0.00,0.18,210,31
47093,0.0,-0.1,11.4,-0.022,0.042,-1.012,4.2,-4.1,0.0,0.0203,-0.0169,-0.0102,199,293,337,277,0.00,0.01,2.68,0.18,0.0628,1,1,0,0.01,0.00,0.00,0.00,0.00,0.00,0.19,210,31
47103,0.5,-2.9,-65.3,0.067,-0.057,-0.973,4.2,-4.1,0.0,0.0196,-0.0152,0.0422,280,214,415,197,0.00,0.01,2.68,0.18,0.0628,1,1,0,0.01,0.00,0.00,0.00,0.00,0.00,0.18,210,31
47113,0.4,5.9,51.1,-0.017,0.047,-1.030,4.2,-4.1,0.0,0.0197,-0.0240,-0.0527,158,455,319,468,0.00,0.01,2.69,0.18,0.0628,1,1,1,0.01,0.00,0.00,0.00,0.00,0.00,0.16,210,31
47124,-0.5,-0.1,17.8,-0.035,0.043,-1.025,4.2,-4.1,0.0,0.0207,-0.0179,-0.0241,180,306,321,290,0.00,0.01,2.68,0.18,0.0616,1,1,1,0.01,0.00,0.01,0.00,0.00,0.00,0.18,210,31
47134,0.2,-3.2,-67.8,0.070,-0.045,-0.958,4.2,-4.1,0.0,0.0205,-0.0153,0.0415,279,210,417,191,0.00,0.01,2.68,0.18,0.0616,1,1,0,0.01,0.00,0.00,0.00,0.00,0.00,0.20,210,31
47144,0.2,5.8,50.3,-0.025,0.029,-1.054,4.2,-4.1,0.0,0.0199,-0.0239,-0.0520,158,453,320,467,0.00,0.01,2.69,0.18,0.0616,1,1,1,0.01,0.00,0.00,0.00,0.00,0.00,0.19,210,31
47154,-0.2,0.1,20.3,-0.020,0.054,-1.009,4.2,-4.1,0.0,0.0204,-0.0183,-0.0260,175,307,318,297,0.00,0.01,2.68,0.18,0.0616,1,1,1,0.01,0.00,0.00,0.00,0.00,0.00,0.18,210,31
47164,0.7,-3.1,-67.3,0.069,-0.048,-0.967,4.2,-4.1,0.0,0.0197,-0.0155,0.0417,287,204,420,187,0.00,0.01,2.68,0.18,0.0616,1,1,0,0.01,0.00,0.00,0.00,0.00,0.00,0.17,211,31
47174,0.1,6.1,48.6,-0.015,0.033,-1.041,4.2,-4.1,0.0,0.0199,-0.0243,-0.0506,158,438,324,454,0.00,0.01,2.69,0.18,0.0616,1,1,1,0.01,0.00,0.00,0.00,0.00,0.00,0.17,211,31
47184,0.0,0.4,22.4,-0.028,0.049,-1.021,4.2,-4.1,0.0,0.0203,-0.0185,-0.0275,171,308,313,296,0.00,0.01,2.68,0.18,0.0604,1,1,1,0.01,0.00,0.00,0.00,0.00,0.00,0.18,211,31
47194,-0.1,-3.6,-68.1,0.070,-0.061,-0.957,4.2,-4.1,0.0,0.0203,-0.0145,0.0449,287,201,420,180,0.00,0.01,2.68,0.18,0.0604,1,1,0,0.01,0.00,0.00,0.00,0.00,0.00,0.19,211,31
47204,0.2,5.5,48.0,-0.018,0.027,-1.038,4.2,-4.1,0.0,0.0199,-0.0237,-0.0501,158,436,321,450,0.00,0.01,2.69,0.18,0.0604,1,1,1,0.01,0.00,0.00,0.00,0.00,0.00,0.18,211,31
47214,0.0,0.8,24.0,-0.032,0.058,-1.030,4.2,-4.1,0.0,0.0202,-0.0189,-0.0287,167,309,312,300,0.00,0.01,2.68,0.18,0.0604,1,1,1,0.01,0.00,0.00,0.00,0.00,0.00,0.18,211,31
47224,0.5,-3.4,-69.2,0.067,-0.050,-0.960,4.2,-4.1,0.0,0.0201,-0.0148,0.0438,275,185,407,166,0.00,0.01,2.68,0.18,0.0530,1,1,0,0.01,0.00,0.00,0.00,0.00,0.00,0.18,210,31
47235,0.0,5.4,43.4,-0.020,0.021,-1.044,4.2,-4.1,0.0,0.0202,-0.0236,-0.0441,158,433,323,446,0.00,0.01,2.69,0.18,0.0530,1,1,1,0.01,0.00,0.00,0.00,0.00,0.00,0.18,211,31
47245,-0.1,0.8,28.7,-0.036,0.061,-1.034,4.2,-4.1,0.0,0.0205,-0.0184,-0.0239,158,326,305,318,0.00,0.01,2.68,0.18,0.0530,1,1,1,0.01,0.00,0.00,0.00,0.00,0.00,0.17,211,31
47255,0.6,-3.7,-70.2,0.076,-0.044,-0.947,4.2,-4.1,0.0,0.0195,-0.0144,0.0468,276,184,408,164,0.00,0.01,2.68,0.18,0.0530,1,1,0,0.01,0.00,0.00,0.00,0.00,0.00,0.16,211,31
47265,-0.4,5.5,39.4,0.001,0.002,-1.027,4.2,-4.2,0.0,0.0204,-0.0241,-0.0477,158,416,326,430,0.00,0.01,2.69,0.18,0.0506,1,1,1,0.01,0.00,0.00,0.00,0.00,0.00,0.17,211,31
47275,0.2,1.7,34.8,-0.039,0.063,-1.042,4.2,-4.1,0.0,0.0199,-0.0197,-0.0317,158,332,306,328,0.00,0.01,2.68,0.18,0.0506,1,1,1,0.01,0.00,0.00,0.00,0.00,0.00,0.18,211,31
47285,0.7,-3.2,-70.6,0.069,-0.066,-0.947,4.2,-4.1,0.0,0.0195,-0.0149,0.0473,274,178,406,158,0.00,0.01,2.68,0.18,0.0506,1,1,1,0.01,0.00,0.00,0.00,0.00,0.00,0.18,210,31
47295,-0.4,6.0,38.5,0.009,0.012,-1.022,4.2,-4.2,0.0,0.0204,-0.0244,-0.0471,158,414,328,429,0.00,0.01,2.69,0.18,0.0506,1,1,1,0.01,0.00,0.00,0.00,0.00,0.00,0.18,210,31
47305,-0.1,2.4,36.1,-0.044,0.058,-1.039,4.2,-4.1,0.0,0.0203,-0.0202,-0.0325,158,336,309,334,0.00,0.01,2.68,0.18,0.0402,1,1,1,0.01,0.00,0.00,0.00,0.00,0.00,0.17,210,31
47315,0.6,-3.6,-71.8,0.074,-0.056,-0.958,4.2,-4.2,0.0,0.0195,-0.0145,0.0483,279,178,409,158,0.00,0.01,2.68,0.18,0.0402,1,1,1,0.01,0.00,0.00,0.00,0.00,0.00,0.17,210,31
47325,0.0,5.6,39.0,-0.007,0.004,-1.035,4.2,-4.2,0.0,0.0202,-0.0240,-0.0476,158,414,325,429,0.00,0.01,2.69,0.18,0.0402,1,1,1,0.01,0.00,0.00,0.00,0.00,0.00,0.19,210,31
47335,0.0,2.6,36.8,-0.037,0.054,-1.035,4.2,-4.1,0.0,0.0203,-0.0208,-0.0385,158,338,310,335,0.00,0.01,2.68,0.18,0.0402,1,1,1,0.01,0.00,0.00,0.00,0.00,0.00,0.21,210,31
47346,0.5,-3.4,-72.4,0.074,-0.052,-0.948,4.2,-4.1,0.0,0.0198,-0.0146,0.0482,281,179,412,158,0.00,0.01,2.68,0.18,0.0402,1,1,1,0.01,0.00,-0.01,0.00,0.00,0.00,0.20,210,31
47356,-0.6,5.9,34.6,-0.005,-0.009,-1.021,4.2,-4.2,0.0,0.0209,-0.0242,-0.0368,158,429,327,444,0.00,0.01,2.69,0.18,0.0402,1,1,1,0.01,0.00,-0.01,0.00,0.00,0.00,0.19,210,31
47366,0.3,2.3,37.9,-0.034,0.068,-1.044,4.2,-4.1,0.0,0.0199,-0.0205,-0.0393,158,340,308,339,0.00,0.01,2.68,0.18,0.0323,1,1,1,0.01,0.00,0.00,0.00,0.00,0.00,0.18,210,31
47376,1.6,-3.2,-72.6,0.064,-0.047,-0.960,4.2,-4.2,0.0,0.0187,-0.0148,0.0490,282,176,410,158,0.00,0.01,2.68,0.18,0.0323,1,1,1,0.01,0.00,0.00,0.00,0.00,0.00,0.17,210,31
47386,-0.7,5.3,34.1,0.009,0.006,-1.001,4.2,-4.2,0.0,0.0210,-0.0235,-0.0363,158,413,327,425,0.00,0.01,2.69,0.18,0.0323,1,1,1,0.01,0.00,-0.01,0.00,0.00,0.00,0.16,210,31
47396,0.0,2.0,42.7,-0.024,0.064,-1.053,4.2,-4.1,0.0,0.0202,-0.0201,-0.0406,158,348,310,344,0.00,0.01,2.68,0.18,0.0323,1,1,1,0.01,0.00,-0.01,0.00,0.00,0.00,0.16,210,31
47406,0.4,-3.0,-72.2,0.067,-0.068,-0.955,4.2,-4.2,0.0,0.0200,-0.0152,0.0487,280,178,415,158,0.00,0.01,2.68,0.18,0.0231,1,1,1,0.01,0.00,0.00,0.00,0.00,0.00,0.17,209,31
47416,-1.3,5.5,32.7,0.010,-0.008,-1.010,4.2,-4.2,0.0,0.0216,-0.0238,-0.0352,158,410,332,423,0.00,0.01,2.69,0.18,0.0231,1,1,1,0.01,0.00,-0.01,0.00,0.00,0.00,0.18,210,31
47426,-0.5,2.0,44.0,-0.023,0.057,-1.022,4.2,-4.1,0.0,0.0206,-0.0199,-0.0363,158,351,310,347,0.00,0.01,2.68,0.18,0.0231,1,1,1,0.01,0.00,-0.01,0.00,0.00,0.00,0.19,210,31
47436,1.2,-2.1,-73.4,0.068,-0.061,-0.968,4.2,-4.2,0.0,0.0190,-0.0161,0.0497,281,170,414,158,0.00,0.01,2.68,0.18,0.0231,1,1,1,0.01,0.00,-0.01,0.00,0.00,0.00,0.18,210,31
47446,-0.5,6.1,32.5,0.010,-0.007,-1.004,4.2,-4.2,0.0,0.0208,-0.0244,-0.0350,158,408,330,424,0.00,0.01,2.69,0.18,0.0158,1,1,1,0.01,0.00,-0.01,0.00,0.00,0.00,0.16,210,31
47457,0.1,1.9,44.9,-0.027,0.066,-1.021,4.2,-4.1,0.0,0.0201,-0.0201,-0.0424,158,354,309,350,0.00,0.01,2.68,0.18,0.0158,1,1,1,0.01,0.00,-0.01,0.00,0.00,0.00,0.18,211,31
47467,1.1,-2.9,-72.7,0.064,-0.052,-0.972,4.2,-4.2,0.0,0.0191,-0.0152,0.0491,286,174,417,158,0.00,0.01,2.68,0.18,0.0158,1,1,1,0.01,0.00,-0.01,0.00,0.00,0.00,0.20,211,31
47477,-0.6,4.5,28.4,0.022,-0.012,-0.991,4.2,-4.2,0.0,0.0208,-0.0236,-0.0403,158,409,327,420,0.00,0.01,2.69,0.18,0.0158,1,1,1,0.01,0.00,0.00,0.00,0.00,0.00,0.20,211,31
47487,-0.4,2.4,48.3,-0.020,0.060,-1.038,4.2,-4.1,0.0,0.0207,-0.0206,-0.0476,158,380,315,377,0.00,0.01,2.68,0.18,0.0158,1,1,1,0.01,0.00,0.00,0.00,0.00,0.00,0.20,210,31
47497,1.1,-3.2,-73.4,0.070,-0.064,-0.958,4.2,-4.2,0.0,0.0191,-0.0149,0.0497,288,173,420,158,0.00,0.01,2.68,0.18,0.0158,1,1,1,0.01,0.00,0.00,0.00,0.00,0.00,0.18,210,31
47507,-0.2,4.8,27.0,0.023,-0.006,-0.999,4.2,-4.2,0.0,0.0202,-0.0237,-0.0393,158,403,324,417,0.00,0.01,2.69,0.18,0.0061,1,1,1,0.01,0.00,0.00,0.00,0.00,0.00,0.17,210,31
47517,0.0,2.3,49.5,-0.027,0.068,-1.048,4.2,-4.1,0.0,0.0201,-0.0205,-0.0486,158,360,311,358,0.00,0.01,2.68,0.18,0.0061,1,1,1,0.01,0.00,0.00,0.00,0.00,0.00,0.16,210,31
47527,1.3,-3.2,-72.4,0.068,-0.051,-0.977,4.2,-4.2,0.0,0.0191,-0.0151,0.0499,289,174,420,158,0.00,0.01,2.68,0.18,0.0061,1,1,1,0.01,0.00,0.00,0.00,0.00,0.00,0.16,210,31
47537,-0.3,4.8,25.3,0.016,-0.015,-0.998,4.2,-4.2,0.0,0.0206,-0.0232,-0.0322,158,399,323,410,0.00,0.01,2.69,0.18,0.0061,1,1,1,0.01,0.00,0.00,0.00,0.00,0.00,0.17,210,31
47547,-0.6,1.6,50.4,-0.014,0.052,-1.010,4.2,-4.1,0.0,0.0209,-0.0198,-0.0493,158,364,310,357,0.00,0.01,2.68,0.18,0.0000,1,1,1,0.01,0.00,0.00,0.00,0.00,0.00,0.19,211,31
47558,1.0,-3.3,-72.0,0.076,-0.048,-0.967,4.2,-4.1,0.0,0.0192,-0.0148,0.0486,290,174,421,158,0.00,0.01,2.68,0.18,0.0000,1,1,1,0.01,0.00,0.00,0.00,0.00,0.00,0.19,211,31
47568,-0.3,4.7,20.6,0.018,-0.026,-1.007,4.2,-4.2,0.0,0.0206,-0.0229,-0.0255,158,397,325,411,0.00,0.01,2.69,0.18,0.0000,1,1,1,0.01,0.00,0.00,0.00,0.00,0.00,0.18,211,31
47578,0.2,2.2,55.3,-0.022,0.063,-1.043,4.2,-4.1,0.0,0.0199,-0.0205,-0.0464,158,368,309,368,0.00,0.01,2.68,0.18,0.0000,1,1,1,0.01,0.00,0.00,0.00,0.00,0.00,0.17,211,31
47588,1.3,-4.1,-71.6,0.074,-0.039,-0.960,4.2,-4.1,0.0,0.0188,-0.0140,0.0483,293,177,422,158,0.00,0.01,2.68,0.18,0.0000,1,1,1,0.01,0.00,0.00,0.00,0.00,0.00,0.17,211,31
47598,-0.6,3.8,15.6,0.027,-0.034,-1.013,4.2,-4.2,0.0,0.0209,-0.0229,-0.0309,158,397,326,408,0.00,0.01,2.69,0.18,0.0000,1,1,1,0.01,0.00,0.00,0.00,0.00,0.00,0.19,210,31
47608,0.0,2.0,58.7,-0.013,0.063,-1.052,4.2,-4.1,0.0,0.0202,-0.0202,-0.0560,158,374,310,371,0.00,0.01,2.68,0.18,0.0000,1,1,1,0.01,0.00,0.00,0.00,0.00,0.00,0.19,211,31
47618,0.3,-3.8,-71.9,0.072,-0.069,-0.949,4.2,-4.1,0.0,0.0199,-0.0143,0.0485,294,176,423,158,0.00,0.01,2.68,0.18,0.0000,1,1,1,0.01,0.00,0.00,0.00,0.00,0.00,0.18,211,31
47628,-0.6,4.0,13.7,0.030,-0.030,-1.014,4.2,-4.2,0.0,0.0207,-0.0233,-0.0295,158,391,326,405,0.00,0.01,2.69,0.18,0.0000,1,1,1,0.01,0.00,0.00,0.00,0.00,0.00,0.18,211,31
47638,-0.1,1.2,58.2,-0.032,0.074,-1.063,4.2,-4.1,0.0,0.0204,-0.0194,-0.0556,158,375,309,371,0.00,0.01,2.68,0.18,0.0000,1,1,1,0.01,0.00,0.00,0.00,0.00,0.00,0.17,212,31
47648,1.4,-4.0,-69.3,0.067,-0.057,-0.958,4.2,-4.1,0.0,0.0188,-0.0143,0.0473,290,172,419,158,0.00,0.01,2.68,0.18,0.0000,1,1,1,0.01,0.00,0.00,0.00,0.00,0.00,0.18,212,31
47659,-0.4,3.4,7.1,0.039,-0.031,-0.989,4.2,-4.2,0.0,0.0207,-0.0216,-0.0147,158,382,325,396,0.00,0.01,2.69,0.18,0.0000,1,1,1,0.01,0.00,0.00,0.00,0.00,0.00,0.19,212,31
47669,0.2,1.4,61.7,-0.028,0.078,-1.077,4.2,-4.1,0.0,0.0202,-0.0201,-0.0528,158,383,314,380,0.00,0.01,2.68,0.18,0.0000,1,1,1,0.01,0.00,0.00,0.00,0.00,0.00,0.19,212,31
47679,0.6,-3.8,-67.9,0.058,-0.051,-0.983,4.2,-4.1,0.0,0.0195,-0.0144,0.0464,290,177,420,158,0.00,0.01,2.68,0.18,0.0000,1,1,1,0.01,0.00,0.00,0.00,0.00,0.00,0.19,212,31
47689,-0.6,3.0,5.2,0.046,-0.041,-0.984,4.2,-4.2,0.0,0.0209,-0.0212,-0.0131,158,377,325,391,0.00,0.01,2.69,0.18,0.0000,1,1,1,0.01,0.00,0.00,0.00,0.00,0.00,0.18,212,31
47699,0.3,2.1,62.9,-0.021,0.072,-1.071,4.2,-4.1,0.0,0.0198,-0.0204,-0.0577,158,405,312,407,0.00,0.01,2.68,0.18,0.0000,1,1,1,0.01,0.00,0.00,0.00,0.00,0.00,0.17,212,31
47709,1.0,-3.8,-67.9,0.064,-0.051,-0.970,4.2,-4.1,0.0,0.0191,-0.0144,0.0464,290,173,419,158,0.00,0.01,2.68,0.18,0.0000,1,1,1,0.01,0.00,0.00,0.00,0.00,0.00,0.16,211,31
47719,-0.5,2.8,4.6,0.046,-0.033,-0.987,4.2,-4.2,0.0,0.0208,-0.0210,-0.0126,158,377,325,390,0.00,0.01,2.69,0.18,0.0000,1,1,1,0.01,0.00,0.00,0.00,0.00,0.00,0.15,211,31
47729,0.5,2.0,62.0,-0.010,0.076,-1.054,4.2,-4.1,0.0,0.0196,-0.0202,-0.0586,158,390,312,392,0.00,0.01,2.68,0.18,0.0000,1,1,1,0.01,0.00,0.00,0.00,0.00,0.00,0.17,211,31
47739,1.2,-3.5,-67.5,0.065,-0.062,-0.981,4.2,-4.1,0.0,0.0189,-0.0147,0.0461,289,173,420,158,0.00,0.01,2.68,0.18,0.0000,1,1,1,0.01,0.00,0.01,0.00,0.00,0.00,0.18,211,31
47749,-0.7,2.6,3.1,0.045,-0.041,-0.991,4.2,-4.2,0.0,0.0210,-0.0209,-0.0115,158,376,328,385,0.00,0.01,2.69,0.18,0.0000,1,1,1,0.01,0.00,0.00,0.00,0.00,0.00,0.19,211,31
47759,-0.1,1.9,63.5,-0.014,0.082,-1.046,4.2,-4.1,0.0,0.0203,-0.0202,-0.0582,158,408,313,410,0.00,0.01,2.68,0.18,0.0000,1,1,1,0.01,0.00,0.00,0.00,0.00,0.00,0.20,211,31
47770,0.8,-4.0,-66.2,0.062,-0.051,-0.996,4.2,-4.2,0.0,0.0193,-0.0141,0.0439,290,173,419,158,0.00,0.01,2.68,0.18,0.0000,1,1,1,0.01,0.00,0.01,0.00,0.00,0.00,0.18,211,31
47780,-0.1,2.2,-0.6,0.046,-0.033,-0.984,4.2,-4.2,0.0,0.0205,-0.0219,-0.0180,158,351,324,361,0.00,0.01,2.69,0.18,0.0000,1,1,1,0.01,0.00,0.01,0.00,0.00,0.00,0.16,211,31
47790,0.2,1.7,64.2,-0.021,0.077,-1.052,4.2,-4.1,0.0,0.0200,-0.0200,-0.0587,158,410,310,409,0.00,0.01,2.68,0.18,0.0000,1,1,1,0.01,0.00,0.01,0.00,0.00,0.00,0.18,211,31
47800,0.5,-4.3,-64.7,0.058,-0.039,-0.991,4.2,-4.1,0.0,0.0197,-0.0138,0.0428,289,179,420,158,0.00,0.01,2.68,0.18,0.0000,1,1,1,0.01,0.00,0.01,0.00,0.00,0.00,0.20,211,31
47810,-1.0,2.1,1.5,0.034,-0.050,-1.003,4.2,-4.2,0.0,0.0212,-0.0204,-0.0102,158,347,324,355,0.00,0.01,2.69,0.18,0.0000,1,1,1,0.01,0.00,0.00,0.00,0.00,0.00,0.20,212,31
47820,-0.4,1.6,64.5,-0.032,0.075,-1.067,4.2,-4.1,0.0,0.0206,-0.0201,-0.0557,158,415,313,414,0.00,0.01,2.68,0.18,0.0000,1,1,1,0.01,0.00,0.00,0.00,0.00,0.00,0.20,212,31
47830,1.0,-4.9,-64.0,0.060,-0.038,-0.978,4.2,-4.1,0.0,0.0191,-0.0132,0.0422,289,176,416,158,0.00,0.01,2.68,0.19,0.0000,1,1,1,0.01,0.00,0.01,0.00,0.00,0.00,0.19,212,31
47840,0.0,2.3,0.0,0.042,-0.041,-1.001,4.2,-4.2,0.0,0.0203,-0.0206,-0.0090,158,340,324,351,0.00,0.01,2.69,0.19,0.0000,1,1,1,0.01,0.00,0.00,0.00,0.00,0.00,0.17,212,31
47850,0.2,1.8,64.5,-0.028,0.090,-1.075,4.2,-4.1,0.0,0.0199,-0.0204,-0.0560,158,415,313,417,0.00,0.01,2.68,0.19,0.0000,1,1,1,0.01,0.00,0.00,0.00,0.00,0.00,0.16,212,31
47860,0.9,-4.8,-62.9,0.059,-0.040,-0.976,4.2,-4.1,0.0,0.0193,-0.0133,0.0413,285,180,412,158,0.00,0.01,2.68,0.18,0.0000,1,1,1,0.01,0.00,0.01,0.00,0.00,0.00,0.15,212,31
47870,-0.2,0.8,-4.7,0.054,-0.048,-0.995,4.2,-4.2,0.0,0.0206,-0.0205,-0.0146,158,337,320,343,0.00,0.01,2.68,0.18,0.0000,1,1,1,0.01,0.00,0.00,0.00,0.00,0.00,0.17,211,31
47881,-0.3,1.8,66.1,-0.018,0.084,-1.060,4.2,-4.1,0.0,0.0205,-0.0200,-0.0619,158,417,315,418,0.00,0.01,2.68,0.18,0.0000,1,1,1,0.01,0.00,0.01,0.00,0.00,0.00,0.18,211,31
47891,0.2,-4.5,-62.7,0.060,-0.043,-0.989,4.2,-4.1,0.0,0.0199,-0.0136,0.0412,283,177,413,158,0.00,0.01,2.68,0.18,0.0000,1,1,1,0.01,0.00,0.01,0.00,0.00,0.00,0.19,211,31
47901,0.0,1.0,-5.1,0.043,-0.051,-0.997,4.2,-4.2,0.0,0.0203,-0.0210,-0.0144,158,337,322,346,0.00,0.01,2.69,0.18,0.0000,1,1,1,0.01,0.00,0.00,0.00,0.00,0.00,0.19,212,31
47911,0.4,1.8,66.8,-0.024,0.086,-1.074,4.2,-4.1,0.0,0.0198,-0.0200,-0.0624,158,434,313,436,0.00,0.01,2.68,0.18,0.0000,1,1,1,0.01,0.00,0.01,0.00,0.00,0.00,0.18,212,31
47921,1.1,-3.9,-60.6,0.050,-0.038,-0.994,4.2,-4.1,0.0,0.0190,-0.0143,0.0411,283,174,410,158,0.00,0.01,2.68,0.18,0.0000,1,1,1,0.01,0.00,0.01,0.00,0.00,0.00,0.16,212,31
47931,-0.4,1.2,-5.9,0.041,-0.049,-1.000,4.2,-4.2,0.0,0.0207,-0.0199,-0.0074,158,337,323,342,0.00,0.01,2.68,0.18,0.0000,1,1,1,0.01,0.00,0.00,0.00,0.00,0.00,0.18,212,31
47941,-0.2,1.1,68.5,-0.018,0.089,-1.075,4.1,-4.1,0.0,0.0205,-0.0194,-0.0628,158,438,312,436,0.00,0.01,2.68,0.18,0.0000,1,1,1,0.01,0.00,0.01,0.00,0.00,0.00,0.19,212,31
47951,0.1,-4.1,-60.6,0.056,-0.058,-0.977,4.1,-4.1,0.0,0.0199,-0.0140,0.0412,285,176,411,158,0.00,0.01,2.68,0.18,0.0000,1,1,1,0.01,0.00,0.01,0.00,0.00,0.00,0.19,212,31
47961,-0.2,1.0,-10.9,0.056,-0.046,-0.994,4.2,-4.2,0.0,0.0205,-0.0192,-0.0002,158,307,318,313,0.00,0.01,2.68,0.18,0.0000,1,1,1,0.01,0.00,0.00,0.00,0.00,0.00,0.18,212,31
47971,0.5,1.7,68.7,-0.022,0.099,-1.088,4.1,-4.1,0.0,0.0198,-0.0199,-0.0603,158,436,309,436,0.00,0.01,2.68,0.18,0.0000,1,1,1,0.01,0.00,0.01,0.00,0.00,0.00,0.17,212,31
47981,0.2,-4.5,-58.7,0.049,-0.041,-0.986,4.1,-4.1,0.0,0.0200,-0.0136,0.0397,283,180,411,158,0.00,0.01,2.68,0.18,0.0000,1,1,1,0.01,0.00,0.01,0.00,0.00,0.00,0.17,212,31
47992,-1.0,-0.1,-16.7,0.048,-0.057,-0.986,4.2,-4.2,0.0,0.0212,-0.0185,0.0013,158,303,318,306,0.00,0.01,2.68,0.18,0.0000,1,1,1,0.01,0.00,0.01,0.00,0.00,0.00,0.18,212,31
48002,-0.4,1.5,69.5,-0.023,0.088,-1.090,4.1,-4.1,0.0,0.0206,-0.0197,-0.0636,158,444,313,442,0.00,0.01,2.68,0.18,0.0000,1,1,1,0.01,0.00,0.01,0.00,0.00,0.00,0.18,211,31
48012,0.4,-5.4,-55.9,0.042,-0.032,-1.003,4.1,-4.1,0.0,0.0197,-0.0127,0.0357,285,181,410,158,0.00,0.01,2.68,0.18,0.0000,1,1,1,0.01,0.00,0.01,0.00,0.00,0.00,0.19,210,31
48022,-0.5,-0.5,-17.3,0.048,-0.054,-0.990,4.2,-4.2,0.0,0.0206,-0.0194,-0.0043,158,299,318,304,0.00,0.01,2.68,0.18,0.0000,1,1,1,0.01,0.00,0.01,0.00,0.00,0.00,0.18,210,31
48032,0.3,1.5,70.5,-0.018,0.092,-1.090,4.1,-4.1,0.0,0.0198,-0.0197,-0.0654,158,442,313,446,0.00,0.01,2.68,0.18,0.0000,1,1,1,0.01,0.00,0.01,0.00,0.00,0.00,0.18,210,31
48042,0.8,-4.7,-55.1,0.042,-0.032,-0.985,4.1,-4.1,0.0,0.0193,-0.0134,0.0351,282,178,407,158,0.00,0.01,2.68,0.18,0.0000,1,1,1,0.01,0.00,0.01,0.00,0.00,0.00,0.17,210,31
48052,-0.3,-1.0,-18.4,0.048,-0.048,-0.988,4.2,-4.2,0.0,0.0205,-0.0176,0.0027,158,296,313,298,0.00,0.01,2.68,0.18,0.0000,1,1,1,0.01,0.00,0.01,0.00,0.00,0.00,0.16,210,31
48062,0.2,1.1,71.3,-0.003,0.100,-1.071,4.1,-4.1,0.0,0.0199,-0.0193,-0.0660,158,447,312,447,0.00,0.01,2.68,0.18,0.0000,1,1,1,0.01,0.00,0.01,0.00,0.00,0.00,0.17,210,31
48072,0.0,-4.2,-52.9,0.033,-0.045,-1.013,4.1,-4.1,0.0,0.0202,-0.0141,0.0393,274,180,406,158,0.00,0.01,2.68,0.18,0.0000,1,1,1,0.01,0.00,0.01,0.00,0.00,0.00,0.18,210,31
48082,-0.8,-0.9,-19.3,0.051,-0.058,-0.981,4.2,-4.2,0.0,0.0210,-0.0189,-0.0029,158,297,318,298,0.00,0.01,2.68,0.18,0.0000,1,1,1,0.01,0.00,0.01,0.00,0.00,0.00,0.18,210,31
48092,0.0,1.2,71.7,-0.006,0.093,-1.071,4.1,-4.1,0.0,0.0201,-0.0194,-0.0664,158,447,311,447,0.00,0.01,2.68,0.18,0.0000,1,1,1,0.01,0.00,0.01,0.00,0.00,0.00,0.19,209,31
48103,0.8,-4.1,-51.4,0.034,-0.028,-1.011,4.1,-4.1,0.0,0.0192,-0.0141,0.0382,271,176,398,158,0.00,0.01,2.68,0.18,0.0000,1,1,1,0.01,0.00,0.01,0.00,0.00,0.00,0.18,209,31
48113,-0.2,-0.7,-24.7,0.051,-0.049,-0.990,4.2,-4.2,0.0,0.0204,-0.0183,0.0047,158,290,316,291,0.00,0.01,2.68,0.18,0.0000,1,1,1,0.01,0.00,0.01,0.00,0.00,0.00,0.17,209,31
48123,0.0,1.0,71.6,-0.021,0.090,-1.075,4.1,-4.1,0.0,0.0201,-0.0192,-0.0663,158,460,307,458,0.00,0.01,2.68,0.18,0.0000,1,1,1,0.01,0.00,0.01,0.00,0.00,0.00,0.19,209,31
48133,0.1,-4.8,-51.0,0.036,-0.037,-0.993,4.1,-4.1,0.0,0.0199,-0.0133,0.0380,274,180,400,158,0.00,0.01,2.68,0.18,0.0000,1,1,1,0.01,0.00,0.01,0.00,0.00,0.00,0.21,209,30
48143,-0.8,-0.7,-26.6,0.057,-0.056,-0.993,4.2,-4.2,0.0,0.0210,-0.0175,0.0123,158,285,317,286,0.00,0.01,2.68,0.18,0.0000,1,1,1,0.01,0.00,0.00,0.00,0.00,0.00,0.20,210,31
48153,0.5,1.3,71.5,-0.015,0.108,-1.082,4.1,-4.1,0.0,0.0196,-0.0194,-0.0662,158,462,308,459,0.00,0.01,2.68,0.19,0.0000,1,1,1,0.01,0.00,0.00,0.04,0.00,0.00,0.19,211,31
48163,1.0,-4.9,-49.0,0.024,-0.035,-0.995,4.2,-4.1,0.0,0.0195,-0.0132,0.0367,270,181,397,158,0.00,0.01,2.68,0.19,0.0000,1,1,1,0.01,0.00,0.01,0.04,0.00,0.00,0.18,211,31
48173,-0.7,-1.3,-27.9,0.058,-0.056,-0.997,4.2,-4.2,0.0,0.0210,-0.0168,0.0133,158,280,316,280,0.00,0.01,2.68,0.19,0.0000,1,1,1,0.01,0.00,0.00,0.04,0.00,0.00,0.18,211,31
48183,0.0,1.2,73.0,-0.031,0.112,-1.088,4.2,-4.1,0.0,0.0201,-0.0193,-0.0656,158,466,309,463,0.00,0.01,2.68,0.19,0.0000,1,1,1,0.01,0.00,0.00,0.04,0.00,0.00,0.17,211,31
48193,0.7,-5.5,-48.6,0.026,-0.024,-1.021,4.2,-4.1,0.0,0.0195,-0.0125,0.0322,270,182,395,158,0.00,0.01,2.68,0.19,0.0000,1,1,1,0.01,0.00,0.01,0.04,0.00,0.00,0.16,210,31
48203,-0.9,-1.8,-27.5,0.054,-0.057,-0.996,4.2,-4.2,0.0,0.0212,-0.0163,0.0130,158,257,310,251,0.00,0.01,2.68,0.18,0.0000,1,1,1,0.01,0.00,0.00,0.04,0.00,0.00,0.17,210,31
48214,0.1,1.2,72.9,-0.032,0.097,-1.089,4.1,-4.1,0.0,0.0199,-0.0193,-0.0657,158,465,307,465,0.00,0.01,2.68,0.18,0.0000,1,1,1,0.01,0.00,0.00,0.04,0.00,0.00,0.19,210,31
48224,0.9,-4.7,-45.2,0.019,-0.008,-1.011,4.1,-4.1,0.0,0.0192,-0.0134,0.0272,267,179,395,158,0.00,0.01,2.68,0.18,0.0000,1,1,1,0.01,0.00,0.01,0.04,0.00,0.00,0.20,210,31
48234,-0.2,-2.3,-31.6,0.050,-0.054,-1.001,4.2,-4.2,0.0,0.0205,-0.0172,0.0074,158,255,309,250,0.00,0.01,2.68,0.19,0.0000,1,1,1,0.01,0.00,0.01,0.01,0.00,0.00,0.21,210,31
48244,0.2,1.0,72.6,-0.025,0.099,-1.070,4.1,-4.1,0.0,0.0199,-0.0192,-0.0667,158,466,309,465,0.00,0.01,2.68,0.19,0.0000,1,1,1,0.01,0.00,0.01,0.01,0.00,0.00,0.19,210,31
48254,0.6,-4.9,-44.3,0.019,-0.014,-1.009,4.1,-4.1,0.0,0.0195,-0.0132,0.0264,266,181,394,158,0.00,0.01,2.68,0.19,0.0000,1,1,1,0.01,0.00,0.01,0.00,0.00,0.00,0.17,210,31
48264,-0.5,-2.1,-32.9,0.057,-0.056,-0.985,4.2,-4.2,0.0,0.0207,-0.0174,0.0085,158,251,311,247,0.00,0.01,2.68,0.19,0.0000,1,1,1,0.01,0.00,0.01,0.01,0.00,0.00,0.19,210,31
48274,-0.1,1.2,72.5,-0.023,0.107,-1.093,4.1,-4.1,0.0,0.0204,-0.0193,-0.0655,158,467,310,465,0.00,0.01,2.68,0.19,0.0000,1,1,1,0.01,0.00,0.00,0.00,0.00,0.00,0.20,210,31
48284,0.3,-4.8,-43.5,0.017,-0.024,-1.008,4.1,-4.1,0.0,0.0198,-0.0132,0.0258,263,177,388,158,0.00,0.01,2.68,0.19,0.0000,1,1,1,0.01,0.00,0.01,0.00,0.00,0.00,0.20,211,31
48294,0.0,-1.4,-33.8,0.061,-0.055,-0.987,4.2,-4.2,0.0,0.0202,-0.0182,0.0093,158,246,311,246,0.00,0.01,2.68,0.19,0.0000,1,1,1,0.01,0.00,0.01,0.00,0.00,0.00,0.20,211,31
48304,0.2,1.3,72.2,-0.010,0.105,-1.077,4.1,-4.1,0.0,0.0201,-0.0191,-0.0654,158,468,308,464,0.00,0.01,2.68,0.19,0.0000,1,1,1,0.01,0.00,0.01,0.00,0.00,0.00,0.19,211,31
48314,0.2,-4.9,-42.2,0.022,-0.010,-1.003,4.1,-4.1,0.0,0.0199,-0.0131,0.0248,252,182,377,158,0.00,0.01,2.68,0.19,0.0000,1,1,1,0.01,0.00,0.01,0.00,0.00,0.00,0.17,211,31
48324,-0.5,-1.7,-31.0,0.051,-0.062,-0.988,4.2,-4.2,0.0,0.0208,-0.0165,0.0158,158,244,309,240,0.00,0.01,2.68,0.19,0.0000,1,1,1,0.01,0.00,0.01,0.00,0.00,0.00,0.16,211,31
48334,0.4,1.6,73.1,-0.027,0.099,-1.100,4.1,-4.1,0.0,0.0199,-0.0196,-0.0663,158,471,309,469,0.00,0.01,2.68,0.19,0.0000,1,1,1,0.01,0.00,0.01,0.00,0.00,0.00,0.17,211,31
48345,0.7,-4.8,-42.5,0.015,-0.007,-1.017,4.1,-4.1,0.0,0.0194,-0.0132,0.0250,263,180,390,158,0.00,0.01,2.68,0.19,0.0000,1,1,1,0.01,0.00,0.01,0.00,0.00,0.00,0.18,211,31
48355,-0.8,-2.3,-31.5,0.051,-0.062,-0.998,4.2,-4.2,0.0,0.0210,-0.0158,0.0162,158,245,309,237,0.00,0.01,2.68,0.19,0.0000,1,1,1,0.01,0.00,0.01,0.00,0.00,0.00,0.19,211,31
48365,0.1,1.3,73.0,-0.031,0.105,-1.089,4.1,-4.1,0.0,0.0201,-0.0193,-0.0662,158,471,309,469,0.00,0.01,2.68,0.19,0.0000,1,1,1,0.01,0.00,0.01,0.00,0.00,0.00,0.19,211,31
48375,0.9,-4.9,-40.9,0.008,-0.013,-1.006,4.1,-4.1,0.0,0.0192,-0.0132,0.0237,248,180,371,158,0.00,0.01,2.68,0.19,0.0000,1,1,1,0.01,0.00,0.01,0.00,0.00,0.00,0.18,211,31
48385,-0.7,-2.5,-35.8,0.055,-0.055,-0.986,4.2,-4.2,0.0,0.0209,-0.0168,0.0111,158,241,308,233,0.00,0.01,2.68,0.19,0.0000,1,1,1,0.01,0.00,0.01,0.00,0.00,0.00,0.16,210,31
48395,0.0,1.5,72.2,-0.015,0.123,-1.064,4.1,-4.1,0.0,0.0203,-0.0193,-0.0664,158,470,308,467,0.00,0.01,2.68,0.19,0.0000,1,1,1,0.01,0.00,0.01,0.00,0.00,0.00,0.18,210,31
48405,0.6,-4.8,-39.9,0.012,-0.018,-1.023,4.1,-4.1,0.0,0.0195,-0.0132,0.0229,245,180,371,158,0.00,0.01,2.68,0.19,0.0000,1,1,1,0.01,0.00,0.01,0.00,0.00,0.00,0.20,210,31
48415,-0.3,-2.5,-37.2,0.053,-0.061,-0.986,4.2,-4.2,0.0,0.0204,-0.0168,0.0125,158,233,307,227,0.00,0.01,2.68,0.19,0.0000,1,1,1,0.01,0.00,0.00,0.00,0.00,0.00,0.20,210,31
48425,0.5,2.2,72.1,-0.021,0.103,-1.063,4.1,-4.1,0.0,0.0197,-0.0203,-0.0667,158,477,309,477,0.00,0.01,2.68,0.19,0.0000,1,1,1,0.01,0.00,0.00,0.00,0.00,0.00,0.21,211,31
48435,0.5,-5.0,-37.6,0.017,-0.007,-1.027,4.1,-4.1,0.0,0.0196,-0.0131,0.0210,241,182,366,158,0.00,0.01,2.68,0.19,0.0000,1,1,1,0.01,0.00,0.00,0.00,0.00,0.00,0.19,211,31
48445,-0.5,-2.7,-39.7,0.054,-0.056,-0.987,4.2,-4.2,0.0,0.0207,-0.0165,0.0145,158,227,307,219,0.00,0.01,2.68,0.19,0.0000,1,1,1,0.01,0.00,0.00,0.00,0.00,0.00,0.18,211,31
48456,0.2,1.6,73.5,-0.030,0.094,-1.086,4.1,-4.1,0.0,0.0199,-0.0198,-0.0678,158,484,307,480,0.00,0.01,2.68,0.19,0.0000,1,1,1,0.01,0.00,0.00,0.00,0.00,0.00,0.19,211,31
48466,0.4,-4.9,-32.7,0.003,-0.002,-1.020,4.1,-4.1,0.0,0.0195,-0.0131,0.0253,238,180,362,158,0.00,0.01,2.68,0.19,0.0000,1,1,1,0.01,0.00,0.00,0.00,0.00,0.00,0.19,211,31
48476,-0.8,-2.4,-44.4,0.055,-0.059,-0.982,4.2,-4.2,0.0,0.0210,-0.0158,0.0265,158,222,306,214,0.00,0.01,2.68,0.19,0.0000,1,1,1,0.01,0.00,0.00,0.00,0.00,0.00,0.19,210,31
48486,0.5,1.6,73.4,-0.039,0.121,-1.083,4.1,-4.1,0.0,0.0199,-0.0191,-0.0680,158,485,305,480,0.00,0.01,2.68,0.19,0.0000,1,1,1,0.01,0.00,0.00,0.00,0.00,0.00,0.18,211,31
48496,0.7,-4.2,-32.2,0.003,-0.012,-1.016,4.1,-4.1,0.0,0.0194,-0.0137,0.0196,238,181,363,158,0.00,0.01,2.68,0.19,0.0000,1,1,1,0.01,0.00,0.00,0.00,0.00,0.00,0.18,211,31
48506,-1.1,-2.5,-45.0,0.048,-0.066,-0.981,4.2,-4.2,0.0,0.0214,-0.0156,0.0270,158,220,305,209,0.00,0.01,2.68,0.19,0.0000,1,1,1,0.01,0.00,0.00,0.00,0.00,0.00,0.17,211,31
48516,0.3,1.4,73.0,-0.022,0.119,-1.081,4.1,-4.1,0.0,0.0199,-0.0194,-0.0676,158,486,307,481,0.00,0.01,2.68,0.19,0.0000,1,1,1,0.01,0.00,0.00,0.00,0.00,0.00,0.16,211,31
48526,0.5,-4.0,-31.5,0.000,-0.009,-1.040,4.1,-4.1,0.0,0.0195,-0.0139,0.0191,236,179,361,158,0.00,0.01,2.68,0.19,0.0000,1,1,1,0.01,0.00,0.00,0.00,0.00,0.00,0.17,212,31
48536,-0.4,-3.0,-45.9,0.058,-0.061,-0.978,4.2,-4.2,0.0,0.0207,-0.0152,0.0277,158,193,300,178,0.00,0.01,2.68,0.19,0.0000,1,1,1,0.01,0.00,0.00,0.00,0.00,0.00,0.18,212,31
48546,0.0,2.6,73.2,-0.025,0.096,-1.061,4.1,-4.1,0.0,0.0202,-0.0201,-0.0681,158,487,309,485,0.00,0.01,2.68,0.19,0.0000,1,1,1,0.01,0.00,0.00,0.00,0.00,0.00,0.19,212,31
48556,0.5,-4.1,-29.6,0.001,0.000,-1.009,4.1,-4.1,0.0,0.0196,-0.0137,0.0175,232,180,355,158,0.00,0.01,2.68,0.19,0.0000,1,1,1,0.01,0.00,0.00,0.00,0.00,0.00,0.20,212,31
48567,-0.2,-2.8,-46.7,0.063,-0.048,-0.984,4.2,-4.2,0.0,0.0205,-0.0153,0.0284,158,189,299,174,0.00,0.01,2.68,0.19,0.0000,1,1,1,0.01,0.00,-0.01,0.00,0.00,0.00,0.19,212,31
48577,0.3,2.8,72.8,-0.040,0.105,-1.072,4.2,-4.1,0.0,0.0202,-0.0201,-0.0678,158,488,309,483,0.00,0.01,2.68,0.19,0.0000,1,1,1,0.01,0.00,-0.01,0.00,0.00,0.00,0.17,212,31
48587,0.2,-4.0,-24.6,-0.016,0.000,-1.030,4.1,-4.1,0.0,0.0199,-0.0140,0.0106,231,182,353,158,0.00,0.01,2.68,0.19,0.0000,1,1,1,0.01,0.00,-0.01,0.00,0.00,0.00,0.19,212,31
48597,-0.9,-2.9,-50.9,0.060,-0.068,-0.982,4.2,-4.2,0.0,0.0208,-0.0156,0.0246,158,229,306,222,0.00,0.01,2.68,0.19,0.0000,1,1,1,0.01,0.00,-0.01,0.00,0.00,0.00,0.20,212,31
48607,0.7,2.2,71.7,-0.034,0.109,-1.089,4.1,-4.1,0.0,0.0195,-0.0201,-0.0668,158,484,305,482,0.00,0.01,2.68,0.19,0.0000,1,1,1,0.01,0.00,-0.01,0.00,0.00,0.00,0.20,212,31
48617,0.9,-3.9,-23.6,-0.006,-0.002,-1.021,4.1,-4.1,0.0,0.0192,-0.0142,0.0098,229,181,350,158,0.00,0.01,2.68,0.19,0.0000,1,1,1,0.01,0.00,0.00,0.00,0.00,0.00,0.20,212,31
48627,-0.5,-3.2,-50.9,0.064,-0.064,-0.976,4.2,-4.2,0.0,0.0208,-0.0152,0.0247,158,183,298,167,0.00,0.01,2.68,0.19,0.0000,1,1,1,0.01,0.00,-0.01,0.00,0.00,0.00,0.19,212,31
48637,0.7,3.0,71.9,-0.022,0.113,-1.064,4.1,-4.1,0.0,0.0195,-0.0206,-0.0676,158,488,307,485,0.00,0.01,2.68,0.19,0.0000,1,1,1,0.01,0.00,-0.01,0.00,0.00,0.00,0.18,212,31
48647,0.3,-4.6,-19.9,-0.012,0.006,-1.022,4.1,-4.1,0.0,0.0198,-0.0130,0.0101,232,186,354,158,0.00,0.01,2.68,0.19,0.0000,1,1,1,0.01,0.00,-0.01,0.00,0.00,0.00,0.17,212,31
48657,-1.0,-3.8,-51.0,0.060,-0.053,-0.977,4.2,-4.2,0.0,0.0212,-0.0149,0.0248,158,185,300,168,0.00,0.01,2.68,0.19,0.0000,1,1,1,0.01,0.00,-0.01,0.00,0.00,0.00,0.16,212,31
48667,0.5,3.2,71.7,-0.034,0.097,-1.073,4.1,-4.1,0.0,0.0196,-0.0214,-0.0664,158,487,308,487,0.00,0.01,2.68,0.19,0.0000,1,1,1,0.01,0.00,-0.01,0.00,0.00,0.00,0.17,212,31
48678,0.3,-3.8,-18.7,-0.012,0.018,-1.018,4.1,-4.1,0.0,0.0197,-0.0139,0.0091,226,183,349,158,0.00,0.01,2.68,0.19,0.0000,1,1,1,0.01,0.00,-0.01,0.00,0.00,0.00,0.18,212,31
48688,-0.7,-3.2,-52.1,0.049,-0.060,-0.995,4.2,-4.2,0.0,0.0207,-0.0154,0.0257,158,179,298,165,0.00,0.01,2.68,0.19,0.0000,1,1,1,0.01,0.00,-0.01,0.00,0.00,0.00,0.19,213,31
48698,0.1,3.3,70.9,-0.027,0.107,-1.057,4.2,-4.1,0.0,0.0200,-0.0215,-0.0657,158,487,310,484,0.00,0.01,2.68,0.19,0.0000,1,1,1,0.01,0.00,-0.01,0.00,0.00,0.00,0.20,213,31
48708,0.2,-3.9,-17.6,-0.012,0.009,-1.018,4.1,-4.1,0.0,0.0199,-0.0140,0.0081,202,182,327,158,0.00,0.01,2.68,0.19,0.0000,1,1,1,0.01,0.00,0.00,0.00,0.00,0.00,0.18,213,31
48718,-0.8,-3.0,-53.5,0.053,-0.060,-0.987,4.2,-4.2,0.0,0.0210,-0.0151,0.0317,158,175,299,158,0.00,0.01,2.68,0.19,0.0000,1,1,1,0.01,0.00,0.00,0.00,0.00,0.00,0.17,213,31
48728,0.4,3.8,70.7,-0.040,0.109,-1.060,4.2,-4.1,0.0,0.0197,-0.0220,-0.0655,158,488,310,488,0.00,0.01,2.68,0.19,0.0000,1,1,1,0.01,0.00,0.00,0.00,0.00,0.00,0.19,213,31
48738,0.1,-3.2,-19.2,-0.026,-0.005,-1.032,4.1,-4.1,0.0,0.0200,-0.0149,0.0063,218,182,341,158,0.00,0.01,2.68,0.19,0.0000,1,1,1,0.01,0.00,0.00,0.00,0.00,0.00,0.21,213,31
48748,-0.7,-2.6,-54.1,0.064,-0.071,-0.966,4.2,-4.2,0.0,0.0209,-0.0155,0.0322,162,175,301,158,0.00,0.01,2.68,0.19,0.0000,1,1,1,0.01,0.00,0.00,0.00,0.00,0.00,0.21,212,31
48758,0.7,3.5,70.6,-0.023,0.102,-1.046,4.1,-4.1,0.0,0.0194,-0.0217,-0.0655,158,490,308,488,0.00,0.01,2.68,0.19,0.0000,1,1,1,0.01,0.00,0.00,0.00,0.00,0.00,0.20,212,31
48768,0.0,-2.0,-14.7,-0.013,0.013,-1.019,4.1,-4.1,0.0,0.0199,-0.0150,0.0121,194,179,321,158,0.00,0.01,2.68,0.19,0.0000,1,1,1,0.01,0.00,0.00,0.00,0.00,0.00,0.19,211,31
48778,-0.7,-3.1,-55.3,0.061,-0.059,-0.976,4.2,-4.2,0.0,0.0210,-0.0150,0.0331,166,178,306,158,0.00,0.01,2.68,0.19,0.0000,1,1,1,0.01,0.00,0.00,0.00,0.00,0.00,0.17,211,31
48788,0.1,2.8,70.0,-0.026,0.092,-1.056,4.2,-4.1,0.0,0.0200,-0.0210,-0.0650,158,489,305,485,0.00,0.01,2.68,0.19,0.0000,1,1,1,0.01,0.00,0.00,0.00,0.00,0.00,0.17,211,31
48799,0.6,-2.6,-13.6,-0.018,0.018,-1.016,4.1,-4.1,0.0,0.0193,-0.0148,0.0113,191,177,317,158,0.00,0.01,2.68,0.19,0.0000,1,1,1,0.01,0.00,0.00,0.00,0.00,0.00,0.17,211,31
48809,-0.5,-3.1,-56.2,0.056,-0.057,-0.972,4.2,-4.2,0.0,0.0208,-0.0149,0.0339,172,179,309,158,0.00,0.01,2.68,0.19,0.0000,1,1,1,0.01,0.00,0.00,0.00,0.00,0.00,0.18,211,31
48819,0.4,3.0,69.9,-0.021,0.115,-1.049,4.2,-4.1,0.0,0.0197,-0.0212,-0.0649,158,488,306,488,0.00,0.01,2.68,0.19,0.0000,1,1,1,0.01,0.00,0.00,0.00,0.00,0.00,0.19,211,31
48829,0.3,-2.9,-12.9,-0.015,0.009,-1.032,4.1,-4.1,0.0,0.0196,-0.0140,0.0108,194,182,317,158,0.00,0.01,2.67,0.19,0.0000,1,1,1,0.01,0.00,0.00,0.00,0.00,0.00,0.19,211,31
48839,-1.0,-3.6,-55.8,0.053,-0.062,-0.969,4.2,-4.2,0.0,0.0213,-0.0145,0.0337,173,180,311,158,0.00,0.01,2.68,0.19,0.0000,1,1,1,0.01,0.00,0.00,0.00,0.00,0.00,0.19,211,31
48849,0.1,3.0,68.8,-0.041,0.101,-1.074,4.2,-4.1,0.0,0.0200,-0.0212,-0.0640,158,486,307,486,0.00,0.01,2.68,0.19,0.0000,1,1,1,0.01,0.00,0.00,0.00,0.00,0.00,0.17,211,31
48859,0.1,-3.6,-11.9,-0.019,0.011,-1.024,4.1,-4.1,0.0,0.0197,-0.0136,0.0097,188,181,311,158,0.00,0.01,2.67,0.19,0.0000,1,1,1,0.01,0.00,0.00,0.00,0.00,0.00,0.16,211,31
48869,0.0,-3.6,-57.9,0.065,-0.059,-0.966,4.2,-4.2,0.0,0.0203,-0.0145,0.0373,171,175,309,158,0.00,0.01,2.68,0.19,0.0000,1,1,1,0.01,0.00,0.00,0.00,0.00,0.00,0.17,211,31
48879,0.7,3.6,67.2,-0.043,0.090,-1.067,4.2,-4.2,0.0,0.0196,-0.0209,-0.0655,158,487,310,488,0.00,0.01,2.68,0.19,0.0000,1,1,1,0.01,0.00,0.00,0.00,0.00,0.00,0.19,211,31
48889,-0.2,-3.5,-10.1,-0.018,0.024,-1.024,4.2,-4.1,0.0,0.0204,-0.0142,0.0022,183,184,309,158,0.00,0.01,2.67,0.19,0.0000,1,1,1,0.01,0.00,0.00,0.00,0.00,0.00,0.19,211,31
48899,-0.5,-3.5,-58.7,0.065,-0.051,-0.970,4.2,-4.2,0.0,0.0208,-0.0146,0.0379,175,178,316,158,0.00,0.01,2.68,0.19,0.0000,1,1,1,0.01,0.00,0.00,0.00,0.00,0.00,0.20,211,31
48910,0.1,4.4,66.2,-0.036,0.084,-1.059,4.2,-4.2,0.0,0.0200,-0.0218,-0.0649,158,487,313,489,0.00,0.01,2.68,0.19,0.0000,1,1,1,0.01,0.00,0.00,0.00,0.00,0.00,0.19,211,31
48920,-0.5,-2.7,-8.9,-0.023,0.008,-1.027,4.2,-4.1,0.0,0.0206,-0.0149,0.0013,181,183,306,158,0.00,0.01,2.67,0.19,0.0000,1,1,1,0.01,0.00,0.00,0.00,0.00,0.00,0.17,211,31
48930,-0.3,-3.0,-60.0,0.055,-0.071,-0.973,4.2,-4.2,0.0,0.0205,-0.0152,0.0389,202,176,337,158,0.00,0.01,2.68,0.19,0.0000,1,1,1,0.01,0.00,0.00,0.00,0.00,0.00,0.19,211,31
48940,1.0,4.7,66.2,-0.027,0.097,-1.039,4.2,-4.2,0.0,0.0191,-0.0219,-0.0651,158,486,309,490,0.00,0.01,2.68,0.19,0.0000,1,1,1,0.01,0.00,0.00,0.00,0.00,0.00,0.22,211,31
48950,0.0,-1.7,-3.2,-0.041,0.023,-1.042,4.2,-4.1,0.0,0.0199,-0.0155,0.0000,158,185,285,164,0.00,0.01,2.67,0.19,0.0000,1,1,1,0.01,0.00,0.00,0.00,0.00,0.00,0.21,210,31
48960,-0.5,-2.8,-61.7,0.063,-0.056,-0.968,4.2,-4.2,0.0,0.0208,-0.0153,0.0403,207,180,345,158,0.00,0.01,2.68,0.19,0.0000,1,1,1,0.01,0.00,0.00,0.00,0.00,0.00,0.19,210,31
48970,0.1,3.9,67.1,-0.039,0.088,-1.054,4.2,-4.2,0.0,0.0200,-0.0211,-0.0659,158,488,311,490,0.00,0.01,2.68,0.19,0.0000,1,1,1,0.01,0.00,0.00,0.00,0.00,0.00,0.18,210,31
48980,0.0,-1.5,-2.5,-0.034,0.020,-1.012,4.1,-4.1,0.0,0.0201,-0.0166,-0.0069,158,185,286,166,0.00,0.01,2.67,0.19,0.0000,1,1,1,0.01,0.00,0.00,0.00,0.00,0.00,0.17,209,31
48990,-0.5,-2.3,-64.4,0.065,-0.061,-0.969,4.2,-4.2,0.0,0.0212,-0.0154,0.0375,210,181,348,158,0.00,0.01,2.68,0.19,0.0000,1,1,1,0.01,0.00,0.00,0.00,0.00,0.00,0.16,209,31
49000,0.4,3.9,66.1,-0.023,0.078,-1.037,4.1,-4.1,0.0,0.0198,-0.0210,-0.0653,158,486,310,487,0.00,0.01,2.68,0.19,0.0000,1,1,1,0.01,0.00,0.00,0.00,0.00,0.00,0.17,209,31
49010,0.4,-1.4,0.3,-0.027,0.026,-1.012,4.1,-4.1,0.0,0.0197,-0.0166,-0.0092,158,193,284,174,0.00,0.01,2.67,0.19,0.0000,1,1,1,0.01,0.00,0.00,0.00,0.00,0.00,0.19,209,31
49020,-0.2,-2.9,-64.7,0.066,-0.051,-0.971,4.2,-4.2,0.0,0.0206,-0.0151,0.0413,233,182,368,158,0.00,0.01,2.68,0.19,0.0000,1,1,1,0.01,0.00,0.00,0.00,0.00,0.00,0.19,209,31
49030,0.0,4.2,64.2,-0.026,0.085,-1.061,4.2,-4.1,0.0,0.0203,-0.0213,-0.0639,158,483,313,484,0.00,0.01,2.68,0.19,0.0000,1,1,1,0.01,0.00,0.00,0.00,0.00,0.00,0.19,209,31
49041,-0.4,-2.0,1.9,-0.032,0.023,-1.032,4.1,-4.1,0.0,0.0206,-0.0161,-0.0105,158,200,286,178,0.00,0.01,2.67,0.19,0.0000,1,1,1,0.01,0.00,0.00,0.00,0.00,0.00,0.18,209,31
49051,-0.4,-3.3,-63.7,0.058,-0.059,-0.977,4.2,-4.2,0.0,0.0206,-0.0148,0.0420,235,181,370,158,0.00,0.01,2.68,0.19,0.0000,1,1,1,0.01,0.00,0.00,0.00,0.00,0.00,0.17,209,31
49061,0.7,4.6,63.7,-0.026,0.083,-1.043,4.2,-4.2,0.0,0.0195,-0.0219,-0.0637,158,479,312,486,0.00,0.01,2.68,0.19,0.0000,1,1,1,0.01,0.00,0.00,0.00,0.00,0.00,0.19,209,31
49071,0.1,-1.7,4.0,-0.026,0.025,-1.006,4.1,-4.1,0.0,0.0200,-0.0164,-0.0122,158,230,289,212,0.00,0.01,2.67,0.19,0.0000,1,1,1,0.01,0.00,0.00,0.00,0.00,0.00,0.20,210,31
49081,0.5,-3.0,-67.0,0.068,-0.037,-0.979,4.2,-4.2,0.0,0.0201,-0.0150,0.0403,241,179,374,158,0.00,0.01,2.68,0.19,0.0000,1,1,1,0.01,0.00,0.00,0.00,0.00,0.00,0.21,210,31
49091,0.6,5.3,63.0,-0.037,0.075,-1.055,4.2,-4.2,0.0,0.0196,-0.0232,-0.0608,158,480,316,487,0.00,0.01,2.68,0.19,0.0000,1,1,1,0.01,0.00,0.00,0.00,0.00,0.00,0.20,210,31
49101,-1.2,-1.1,5.4,-0.030,0.020,-1.019,4.1,-4.1,0.0,0.0214,-0.0170,-0.0133,158,239,295,217,0.00,0.01,2.67,0.19,0.0000,1,1,1,0.01,0.00,0.00,0.00,0.00,0.00,0.18,210,31
49111,-0.5,-3.0,-67.3,0.067,-0.055,-0.961,4.2,-4.2,0.0,0.0209,-0.0149,0.0407,242,181,378,158,0.00,0.01,2.68,0.19,0.0000,1,1,1,0.01,0.00,0.00,0.00,0.00,0.00,0.17,210,31
49121,0.3,4.9,60.4,-0.024,0.058,-1.060,4.1,-4.2,0.0,0.0198,-0.0232,-0.0573,158,479,314,487,0.00,0.01,2.68,0.19,0.0000,1,1,1,0.01,0.00,0.00,0.00,0.00,0.00,0.16,210,31
49131,0.0,-0.7,6.3,-0.030,0.030,-1.027,4.1,-4.1,0.0,0.0201,-0.0173,-0.0140,158,237,292,221,0.00,0.01,2.67,0.19,0.0000,1,1,1,0.01,0.00,0.00,0.00,0.00,0.00,0.17,210,31
49141,0.1,-2.3,-68.0,0.058,-0.063,-0.963,4.2,-4.2,0.0,0.0204,-0.0154,0.0413,244,179,379,158,0.00,0.01,2.68,0.19,0.0000,1,1,1,0.01,0.00,0.00,0.00,0.00,0.00,0.18,209,31
49152,0.3,4.8,60.3,-0.026,0.073,-1.041,4.1,-4.2,0.0,0.0198,-0.0230,-0.0573,158,478,312,484,0.00,0.01,2.68,0.19,0.0000,1,1,1,0.01,0.00,0.00,0.00,0.00,0.00,0.19,209,31
49162,-0.5,-0.6,10.6,-0.034,0.029,-1.006,4.1,-4.1,0.0,0.0204,-0.0163,-0.0079,158,240,293,222,0.00,0.01,2.67,0.19,0.0000,1,1,1,0.01,0.00,0.00,0.00,0.00,0.00,0.19,210,31
49172,-0.3,-2.2,-67.1,0.067,-0.063,-0.961,4.2,-4.2,0.0,0.0206,-0.0158,0.0435,242,180,380,158,0.00,0.01,2.68,0.19,0.0000,1,1,1,0.01,0.00,0.00,0.00,0.00,0.00,0.18,209,31
49182,-0.2,5.1,58.7,-0.026,0.069,-1.041,4.1,-4.2,0.0,0.0204,-0.0233,-0.0560,158,469,317,476,0.00,0.01,2.68,0.19,0.0000,1,1,1,0.01,0.00,0.00,0.00,0.00,0.00,0.16,209,31
49192,-0.2,0.0,12.3,-0.040,0.033,-1.028,4.1,-4.1,0.0,0.0201,-0.0169,-0.0094,158,245,294,229,0.00,0.01,2.67,0.19,0.0000,1,1,1,0.01,0.00,0.00,0.00,0.00,0.00,0.18,209,31
49202,0.2,-3.0,-68.1,0.063,-0.054,-0.967,4.1,-4.2,0.0,0.0199,-0.0151,0.0455,257,180,390,158,0.00,0.01,2.68,0.19,0.0000,1,1,1,0.01,0.00,0.00,0.00,0.00,0.00,0.20,209,31
49212,0.4,5.3,57.5,-0.012,0.065,-1.031,4.1,-4.2,0.0,0.0197,-0.0235,-0.0550,158,464,317,474,0.00,0.01,2.68,0.19,0.0000,1,1,1,0.01,0.00,0.00,0.00,0.00,0.00,0.20,209,31
49222,-0.3,-0.4,13.7,-0.029,0.037,-1.028,4.1,-4.1,0.0,0.0202,-0.0166,-0.0106,158,275,297,261,0.00,0.01,2.67,0.19,0.0000,1,1,1,0.01,0.00,0.00,0.00,0.00,0.00,0.20,209,31
49232,0.0,-3.0,-69.0,0.066,-0.060,-0.966,4.2,-4.2,0.0,0.0201,-0.0151,0.0462,259,179,392,158,0.00,0.01,2.68,0.19,0.0000,1,1,1,0.01,0.00,0.00,0.00,0.00,0.00,0.19,209,31
49242,0.5,5.6,54.9,-0.025,0.055,-1.029,4.1,-4.2,0.0,0.0196,-0.0237,-0.0548,158,464,317,475,0.00,0.01,2.68,0.19,0.0000,1,1,1,0.01,0.00,0.00,0.00,0.00,0.00,0.17,209,31
49252,0.1,-0.2,15.1,-0.044,0.033,-1.044,4.1,-4.1,0.0,0.0199,-0.0165,-0.0115,158,277,296,264,0.00,0.01,2.67,0.19,0.0000,1,1,1,0.01,0.00,0.00,0.00,0.00,0.00,0.18,209,31
49263,0.1,-2.6,-70.4,0.065,-0.052,-0.959,4.2,-4.2,0.0,0.0200,-0.0155,0.0473,263,179,398,158,0.00,0.01,2.67,0.19,0.0000,1,1,1,0.01,0.00,0.00,0.00,0.00,0.00,0.19,208,31
49273,0.1,5.2,54.3,-0.013,0.056,-1.032,4.1,-4.2,0.0,0.0197,-0.0229,-0.0581,158,463,316,474,0.00,0.01,2.68,0.19,0.0000,1,1,1,0.01,0.00,0.00,0.00,0.00,0.00,0.19,209,31
49283,-0.3,0.8,20.4,-0.029,0.030,-1.007,4.1,-4.1,0.0,0.0204,-0.0181,-0.0190,158,282,300,271,0.00,0.01,2.67,0.19,0.0000,1,1,1,0.01,0.00,0.00,0.00,0.00,0.00,0.19,209,31
49293,-0.2,-2.1,-70.5,0.060,-0.044,-0.965,4.2,-4.2,0.0,0.0204,-0.0160,0.0474,262,180,402,158,0.00,0.01,2.67,0.19,0.0000,1,1,1,0.01,0.00,0.00,0.00,0.00,0.00,0.18,209,31
49303,-0.1,5.4,53.5,-0.022,0.041,-1.026,4.1,-4.2,0.0,0.0200,-0.0230,-0.0576,158,463,318,473,0.00,0.01,2.68,0.19,0.0000,1,1,1,0.01,0.00,0.00,0.00,0.00,0.00,0.17,209,31
49313,0.0,-0.1,22.7,-0.035,0.045,-1.023,4.1,-4.1,0.0,0.0202,-0.0180,-0.0271,158,289,296,275,0.00,0.01,2.67,0.19,0.0000,1,1,1,0.01,0.00,0.00,0.00,0.00,0.00,0.16,209,31
49323,0.8,-2.4,-73.3,0.065,-0.048,-0.977,4.1,-4.2,0.0,0.0194,-0.0158,0.0490,269,174,403,158,0.00,0.01,2.67,0.19,0.0000,1,1,1,0.01,0.00,0.00,0.00,0.00,0.00,0.15,209,31
49333,0.0,5.7,52.3,-0.019,0.046,-1.010,4.1,-4.2,0.0,0.0200,-0.0238,-0.0530,158,461,319,472,0.00,0.01,2.68,0.19,0.0000,1,1,1,0.01,0.00,0.00,0.00,0.00,0.00,0.16,209,31
49343,-0.4,0.1,24.5,-0.031,0.045,-1.010,4.1,-4.1,0.0,0.0206,-0.0183,-0.0286,158,296,299,283,0.00,0.01,2.67,0.18,0.0000,1,1,1,0.01,0.00,0.00,0.00,0.00,0.00,0.17,210,31
49353,1.0,-2.1,-72.9,0.069,-0.054,-0.964,4.2,-4.2,0.0,0.0197,-0.0160,0.0472,268,174,405,158,0.00,0.01,2.67,0.18,0.0000,1,1,1,0.01,0.00,0.00,0.00,0.00,0.00,0.18,210,31
49363,-0.2,6.1,47.7,-0.010,0.033,-1.031,4.1,-4.2,0.0,0.0204,-0.0243,-0.0471,158,445,324,459,0.00,0.01,2.68,0.18,0.0000,1,1,1,0.01,0.00,0.00,0.00,0.00,0.00,0.19,211,31
49374,-0.7,1.2,30.3,-0.037,0.037,-1.005,4.1,-4.1,0.0,0.0206,-0.0184,-0.0241,158,302,302,292,0.00,0.01,2.67,0.18,0.0000,1,1,1,0.01,0.00,0.00,0.00,0.00,0.00,0.18,211,31
49384,0.5,-2.2,-72.7,0.074,-0.053,-0.957,4.1,-4.2,0.0,0.0196,-0.0159,0.0492,276,175,411,158,0.00,0.01,2.67,0.18,0.0000,1,1,1,0.01,0.00,0.00,0.00,0.00,0.00,0.16,211,31
49394,0.0,6.2,45.5,-0.014,0.017,-1.032,4.1,-4.2,0.0,0.0202,-0.0245,-0.0454,158,438,323,452,0.00,0.01,2.68,0.18,0.0000,1,1,1,0.01,0.00,0.00,0.00,0.00,0.00,0.18,211,31
49404,-0.5,1.1,32.0,-0.027,0.044,-0.995,4.1,-4.1,0.0,0.0208,-0.0182,-0.0257,158,310,303,298,0.00,0.01,2.67,0.18,0.0000,1,1,1,0.01,0.00,0.00,0.00,0.00,0.00,0.19,211,31
49414,0.6,-2.4,-72.8,0.076,-0.051,-0.956,4.1,-4.2,0.0,0.0198,-0.0157,0.0484,277,174,412,158,0.00,0.01,2.67,0.18,0.0000,1,1,1,0.01,0.00,0.00,0.00,0.00,0.00,0.20,211,31
49424,0.0,6.7,41.6,-0.002,0.017,-1.014,4.1,-4.2,0.0,0.0201,-0.0250,-0.0449,158,437,325,454,0.00,0.01,2.68,0.18,0.0000,1,1,1,0.01,0.00,0.00,0.00,0.00,0.00,0.20,211,31
49434,0.0,1.4,32.3,-0.032,0.049,-1.011,4.1,-4.1,0.0,0.0199,-0.0187,-0.0260,158,332,304,327,0.00,0.01,2.67,0.18,0.0000,1,1,1,0.01,0.00,0.00,0.00,0.00,0.00,0.18,211,31
49444,1.1,-2.1,-73.0,0.065,-0.057,-0.968,4.1,-4.2,0.0,0.0190,-0.0160,0.0494,278,173,412,158,0.00,0.01,2.67,0.18,0.0000,1,1,1,0.01,0.00,0.00,0.00,0.00,0.00,0.16,210,31
49454,-0.2,5.8,43.6,0.000,0.032,-1.014,4.1,-4.2,0.0,0.0204,-0.0240,-0.0439,158,434,322,447,0.00,0.01,2.68,0.18,0.0000,1,1,1,0.01,0.00,0.00,0.00,0.00,0.00,0.15,210,31
49464,-0.3,1.4,33.2,-0.028,0.045,-1.011,4.1,-4.1,0.0,0.0205,-0.0188,-0.0268,158,337,307,331,0.00,0.01,2.67,0.18,0.0000,1,1,1,0.01,0.00,0.00,0.00,0.00,0.00,0.15,210,31
49474,0.4,-2.5,-72.7,0.069,-0.060,-0.964,4.1,-4.2,0.0,0.0197,-0.0156,0.0491,278,175,413,158,0.00,0.01,2.67,0.18,0.0000,1,1,1,0.01,0.00,0.00,0.00,0.00,0.00,0.16,210,31
49485,-0.2,6.1,39.9,0.003,0.012,-1.012,4.1,-4.2,0.0,0.0202,-0.0244,-0.0483,158,433,325,448,0.00,0.01,2.68,0.18,0.0000,1,1,1,0.01,0.00,0.00,0.00,0.00,0.00,0.18,210,31
49495,-0.3,0.9,36.7,-0.031,0.047,-1.019,4.1,-4.1,0.0,0.0205,-0.0190,-0.0383,158,338,305,328,0.00,0.01,2.67,0.18,0.0000,1,1,1,0.01,0.00,0.00,0.00,0.00,0.00,0.19,210,31
49505,0.1,-3.1,-73.0,0.077,-0.056,-0.959,4.1,-4.1,0.0,0.0198,-0.0151,0.0486,285,176,417,158,0.00,0.01,2.67,0.18,0.0000,1,1,1,0.01,0.00,0.00,0.00,0.00,0.00,0.17,211,31
49515,0.1,6.1,39.1,-0.011,0.007,-1.020,4.1,-4.2,0.0,0.0196,-0.0245,-0.0478,158,413,325,432,0.00,0.01,2.68,0.18,0.0000,1,1,1,0.01,0.00,0.00,0.00,0.00,0.00,0.16,211,31
49525,-0.4,1.6,37.9,-0.032,0.051,-1.020,4.1,-4.1,0.0,0.0205,-0.0198,-0.0393,158,342,307,336,0.00,0.01,2.67,0.18,0.0000,1,1,1,0.01,0.00,0.00,0.00,0.00,0.00,0.18,211,31
49535,1.2,-2.4,-72.0,0.079,-0.052,-0.955,4.1,-4.2,0.0,0.0189,-0.0157,0.0486,279,170,412,158,0.00,0.01,2.67,0.18,0.0000,1,1,1,0.01,0.00,0.00,0.00,0.00,0.00,0.20,210,31
49545,0.2,6.1,37.1,-0.002,0.014,-1.023,4.1,-4.2,0.0,0.0196,-0.0246,-0.0463,158,407,325,426,0.00,0.01,2.68,0.18,0.0000,1,1,1,0.01,0.00,0.00,0.00,0.00,0.00,0.20,210,31
49555,-0.7,2.0,38.8,-0.032,0.058,-1.029,4.1,-4.1,0.0,0.0209,-0.0202,-0.0401,158,348,310,341,0.00,0.01,2.67,0.18,0.0000,1,1,1,0.01,0.00,0.00,0.00,0.00,0.00,0.20,210,31
49565,0.4,-2.8,-72.2,0.076,-0.062,-0.956,4.1,-4.2,0.0,0.0197,-0.0153,0.0488,283,175,416,158,0.00,0.01,2.67,0.18,0.0000,1,1,1,0.01,0.00,0.00,0.00,0.00,0.00,0.18,211,31
49575,-0.2,5.8,35.9,0.007,0.005,-1.005,4.1,-4.2,0.0,0.0201,-0.0242,-0.0455,158,406,326,422,0.00,0.01,2.68,0.18,0.0000,1,1,1,0.01,0.00,0.00,0.00,0.00,0.00,0.17,211,31
49585,-0.1,2.0,41.0,-0.043,0.055,-1.038,4.1,-4.1,0.0,0.0202,-0.0202,-0.0418,158,352,309,348,0.00,0.01,2.67,0.18,0.0000,1,1,1,0.01,0.00,0.00,0.00,0.00,0.00,0.17,211,31
49595,0.8,-1.7,-73.0,0.065,-0.057,-0.961,4.1,-4.2,0.0,0.0194,-0.0165,0.0495,282,170,419,158,0.00,0.01,2.67,0.18,0.0000,1,1,1,0.01,0.00,0.00,0.00,0.00,0.00,0.18,211,31
49606,-0.2,5.6,31.3,0.021,-0.006,-0.991,4.1,-4.2,0.0,0.0204,-0.0238,-0.0340,158,404,325,419,0.00,0.01,2.68,0.18,0.0000,1,1,1,0.01,0.00,0.00,0.00,0.00,0.00,0.18,211,31
49616,0.1,2.2,46.0,-0.018,0.056,-1.015,4.1,-4.1,0.0,0.0199,-0.0199,-0.0379,158,355,307,353,0.00,0.01,2.67,0.18,0.0000,1,1,1,0.01,0.00,0.00,0.00,0.00,0.00,0.18,211,31
49626,1.1,-1.7,-72.5,0.072,-0.058,-0.979,4.1,-4.2,0.0,0.0192,-0.0166,0.0494,281,168,418,158,0.00,0.01,2.67,0.18,0.0000,1,1,1,0.01,0.00,0.00,0.00,0.00,0.00,0.18,211,31
49636,-0.9,5.5,30.4,0.012,-0.006,-1.000,4.1,-4.2,0.0,0.0211,-0.0238,-0.0333,158,404,328,416,0.00,0.01,2.68,0.18,0.0000,1,1,1,0.01,0.00,0.00,0.00,0.00,0.00,0.17,211,31
49646,-0.2,1.5,46.3,-0.033,0.061,-1.042,4.1,-4.1,0.0,0.0205,-0.0192,-0.0383,158,380,308,376,0.00,0.01,2.67,0.18,0.0000,1,1,1,0.01,0.00,0.00,0.00,0.00,0.00,0.16,211,31
49656,0.9,-3.0,-72.2,0.066,-0.073,-0.972,4.1,-4.2,0.0,0.0193,-0.0154,0.0492,285,173,418,158,0.00,0.01,2.67,0.18,0.0000,1,1,1,0.01,0.00,0.00,0.00,0.00,0.00,0.15,211,31
49666,-0.5,5.1,24.9,0.012,-0.003,-0.997,4.1,-4.2,0.0,0.0207,-0.0236,-0.0319,158,378,326,390,0.00,0.01,2.68,0.18,0.0000,1,1,1,0.01,0.00,0.00,0.00,0.00,0.00,0.16,211,31
49676,-0.3,1.3,47.8,-0.027,0.064,-1.020,4.1,-4.1,0.0,0.0205,-0.0195,-0.0448,158,386,309,381,0.00,0.01,2.67,0.18,0.0000,1,1,1,0.01,0.00,0.00,0.00,0.00,0.00,0.18,211,31
49686,0.8,-3.2,-72.7,0.076,-0.059,-0.973,4.1,-4.2,0.0,0.0193,-0.0149,0.0491,287,172,419,158,0.00,0.01,2.67,0.18,0.0000,1,1,1,0.01,0.00,0.00,0.00,0.00,0.00,0.18,211,31
49697,-0.7,5.2,23.3,0.019,-0.017,-1.011,4.1,-4.2,0.0,0.0207,-0.0243,-0.0365,158,374,328,388,0.00,0.01,2.68,0.18,0.0000,1,1,1,0.01,0.00,0.00,0.00,0.00,0.00,0.18,212,31
49707,-0.3,1.8,54.9,-0.034,0.061,-1.047,4.1,-4.1,0.0,0.0205,-0.0201,-0.0508,158,392,311,390,0.00,0.01,2.67,0.18,0.0000,1,1,1,0.01,0.00,0.00,0.00,0.00,0.00,0.17,212,31
49717,0.6,-3.1,-70.8,0.071,-0.055,-0.983,4.1,-4.2,0.0,0.0195,-0.0158,0.0491,284,171,418,158,0.00,0.01,2.67,0.18,0.0000,1,1,1,0.01,0.00,0.00,0.00,0.00,0.00,0.16,212,31
49727,-0.3,4.6,16.2,0.033,-0.019,-0.997,4.1,-4.2,0.0,0.0205,-0.0229,-0.0220,158,363,326,378,0.00,0.01,2.68,0.18,0.0000,1,1,1,0.01,0.00,0.00,0.00,0.00,0.00,0.18,212,31
49737,0.0,1.4,56.8,-0.024,0.064,-1.032,4.1,-4.1,0.0,0.0202,-0.0197,-0.0525,158,400,310,397,0.00,0.01,2.67,0.18,0.0000,1,1,1,0.01,0.00,0.00,0.00,0.00,0.00,0.20,212,31
49747,0.7,-3.1,-71.1,0.066,-0.052,-0.967,4.1,-4.2,0.0,0.0194,-0.0156,0.0495,286,172,418,158,0.00,0.01,2.67,0.18,0.0000,1,1,1,0.01,0.00,0.00,0.00,0.00,0.00,0.19,212,31
49757,-0.4,4.0,15.5,0.031,-0.021,-1.008,4.2,-4.2,0.0,0.0206,-0.0223,-0.0214,158,363,326,376,0.00,0.01,2.68,0.18,0.0000,1,1,1,0.01,0.00,0.00,0.00,0.00,0.00,0.18,212,31
49767,-0.4,1.8,57.6,-0.025,0.078,-1.057,4.1,-4.1,0.0,0.0206,-0.0203,-0.0490,158,404,313,402,0.00,0.01,2.67,0.18,0.0000,1,1,1,0.01,0.00,0.00,0.00,0.00,0.00,0.18,212,31
49777,0.6,-2.8,-70.6,0.066,-0.055,-0.967,4.2,-4.2,0.0,0.0196,-0.0156,0.0492,285,173,418,158,0.00,0.01,2.67,0.18,0.0000,1,1,1,0.01,0.00,0.00,0.00,0.00,0.00,0.17,212,31
49787,-0.8,4.1,14.5,0.038,-0.033,-1.001,4.2,-4.2,0.0,0.0210,-0.0224,-0.0206,158,362,328,373,0.00,0.01,2.68,0.18,0.0000,1,1,1,0.01,0.00,0.00,0.00,0.00,0.00,0.15,212,31
49797,-0.1,1.8,58.1,-0.017,0.076,-1.026,4.1,-4.1,0.0,0.0203,-0.0203,-0.0493,158,403,311,403,0.00,0.01,2.67,0.18,0.0000,1,1,1,0.01,0.00,0.00,0.00,0.00,0.00,0.16,212,31
49807,1.4,-2.7,-71.1,0.066,-0.048,-0.967,4.1,-4.2,0.0,0.0186,-0.0156,0.0486,285,169,416,158,0.00,0.01,2.67,0.18,0.0000,1,1,1,0.01,0.00,0.00,0.00,0.00,0.00,0.18,212,31
49817,-0.7,4.3,17.8,0.031,-0.031,-0.995,4.2,-4.2,0.0,0.0210,-0.0229,-0.0263,158,360,326,369,0.00,0.01,2.68,0.18,0.0000,1,1,1,0.01,0.00,0.00,0.00,0.00,0.00,0.18,211,31
49827,-0.1,1.7,52.8,-0.017,0.065,-1.020,4.1,-4.1,0.0,0.0203,-0.0200,-0.0491,158,403,311,402,0.00,0.01,2.67,0.18,0.0000,1,1,1,0.01,0.00,0.00,0.00,0.00,0.00,0.18,211,31
49837,1.1,-2.8,-71.4,0.072,-0.045,-0.970,4.1,-4.2,0.0,0.0191,-0.0154,0.0485,283,172,414,158,0.00,0.01,2.67,0.18,0.0000,1,1,1,0.01,0.00,0.00,0.00,0.00,0.00,0.17,211,31
49847,-0.7,4.7,24.2,0.019,-0.022,-1.005,4.2,-4.2,0.0,0.0209,-0.0232,-0.0313,158,356,325,364,0.00,0.01,2.68,0.18,0.0000,1,1,1,0.01,0.00,0.00,0.00,0.00,0.00,0.16,211,31
49857,-0.4,1.7,47.4,-0.042,0.060,-1.041,4.1,-4.1,0.0,0.0206,-0.0199,-0.0446,158,320,305,313,0.00,0.01,2.67,0.17,0.0000,1,1,1,0.01,0.00,0.00,0.00,0.00,0.00,0.17,211,31
49867,0.4,-3.4,-72.4,0.069,-0.066,-0.963,4.1,-4.2,0.0,0.0196,-0.0149,0.0491,281,175,411,158,0.00,0.01,2.67,0.17,0.0000,1,1,1,0.01,0.00,0.00,0.00,0.00,0.00,0.19,211,31
49877,0.0,5.8,30.2,0.015,0.000,-1.008,4.1,-4.2,0.0,0.0202,-0.0244,-0.0360,158,425,325,444,0.00,0.01,2.68,0.17,0.0000,1,1,1,0.01,0.00,0.00,0.00,0.00,0.00,0.20,211,31
49888,0.1,2.0,45.1,-0.035,0.065,-1.038,4.1,-4.1,0.0,0.0200,-0.0202,-0.0451,158,346,309,342,0.00,0.01,2.67,0.18,0.0000,1,1,1,0.01,0.00,0.00,0.00,0.00,0.00,0.21,211,31
49898,1.0,-3.0,-71.3,0.082,-0.052,-0.975,4.1,-4.2,0.0,0.0191,-0.0151,0.0481,277,172,409,158,0.00,0.01,2.67,0.18,0.0000,1,1,1,0.01,0.00,0.00,0.00,0.00,0.00,0.19,211,31
49908,-0.1,5.4,31.5,0.013,-0.006,-0.993,4.1,-4.2,0.0,0.0203,-0.0236,-0.0342,158,419,325,435,0.00,0.01,2.68,0.18,0.0000,1,1,1,0.01,0.00,0.00,0.00,0.00,0.00,0.17,211,31
49918,-0.6,2.3,40.3,-0.028,0.050,-1.009,4.1,-4.1,0.0,0.0208,-0.0204,-0.0412,158,352,312,347,0.00,0.01,2.67,0.18,0.0000,1,1,1,0.01,0.00,0.00,0.00,0.00,0.00,0.16,211,31
49928,0.1,-2.7,-71.5,0.075,-0.062,-0.973,4.1,-4.2,0.0,0.0201,-0.0154,0.0480,278,176,413,158,0.00,0.01,2.67,0.18,0.0000,1,1,1,0.01,0.00,0.00,0.00,0.00,0.00,0.15,211,31
49938,0.0,5.8,33.8,0.006,0.007,-1.009,4.1,-4.2,0.0,0.0201,-0.0243,-0.0387,158,415,324,434,0.00,0.01,2.68,0.17,0.0000,1,1,1,0.01,0.00,0.00,0.00,0.00,0.00,0.17,211,31
49948,0.0,2.3,41.3,-0.037,0.062,-1.041,4.1,-4.1,0.0,0.0202,-0.0205,-0.0420,158,354,309,351,0.00,0.01,2.67,0.17,0.0000,1,1,1,0.01,0.00,0.00,0.00,0.00,0.00,0.18,212,31
49958,0.6,-2.5,-72.2,0.065,-0.059,-0.961,4.1,-4.1,0.0,0.0195,-0.0156,0.0487,281,173,414,158,0.00,0.01,2.67,0.17,0.0000,1,1,1,0.01,0.00,0.00,0.00,0.00,0.00,0.18,212,31
49968,-0.2,5.7,34.0,0.009,-0.008,-0.997,4.2,-4.2,0.0,0.0204,-0.0241,-0.0389,158,401,326,417,0.00,0.01,2.68,0.17,0.0000,1,1,1,0.01,0.00,0.00,0.00,0.00,0.00,0.17,212,31
49978,0.1,1.4,46.0,-0.029,0.068,-1.030,4.1,-4.1,0.0,0.0200,-0.0196,-0.0434,158,357,307,354,0.00,0.01,2.67,0.17,0.0000,1,1,1,0.01,0.00,0.00,0.00,0.00,0.00,0.15,212,31
49988,1.1,-2.1,-72.8,0.070,-0.057,-0.961,4.2,-4.2,0.0,0.0193,-0.0161,0.0494,284,170,418,158,0.00,0.01,2.67,0.17,0.0000,1,1,1,0.01,0.00,0.00,0.00,0.00,0.00,0.15,212,31
49998,-0.9,5.0,29.4,0.015,-0.014,-0.997,4.2,-4.2,0.0,0.0210,-0.0237,-0.0382,158,401,327,413,0.00,0.01,2.68,0.17,0.0000,1,1,1,0.01,0.00,0.00,0.00,0.00,0.00,0.17,211,31
50008,0.2,2.1,43.7,-0.025,0.067,-1.019,4.1,-4.1,0.0,0.0199,-0.0203,-0.0439,158,360,309,359,0.00,0.01,2.67,0.17,0.0000,1,1,1,0.01,0.00,0.00,0.00,0.00,0.00,0.19,211,31
50018,1.2,-2.6,-72.7,0.065,-0.051,-0.981,4.2,-4.2,0.0,0.0193,-0.0156,0.0494,286,172,418,158,0.00,0.01,2.67,0.17,0.0000,1,1,1,0.01,0.00,0.00,0.00,0.00,0.00,0.19,210,31
50028,-0.9,4.9,28.4,0.013,-0.008,-0.986,4.2,-4.2,0.0,0.0211,-0.0231,-0.0317,158,399,326,409,0.00,0.01,2.68,0.17,0.0000,1,1,1,0.01,0.00,0.00,0.00,0.00,0.00,0.18,211,31
50039,-0.2,1.6,44.5,-0.044,0.057,-1.048,4.1,-4.1,0.0,0.0204,-0.0198,-0.0446,158,385,310,382,0.00,0.01,2.67,0.17,0.0000,1,1,1,0.01,0.00,0.00,0.00,0.00,0.00,0.16,211,31
50049,0.5,-2.7,-72.7,0.070,-0.062,-0.975,4.2,-4.2,0.0,0.0194,-0.0159,0.0495,285,171,419,158,0.00,0.01,2.67,0.17,0.0000,1,1,1,0.01,0.00,0.00,0.00,0.00,0.00,0.17,211,31
50059,-0.4,5.1,26.7,0.023,-0.011,-1.005,4.2,-4.2,0.0,0.0206,-0.0234,-0.0304,158,393,327,407,0.00,0.01,2.67,0.17,0.0000,1,1,1,0.01,0.00,0.00,0.00,0.00,0.00,0.18,211,31
50069,0.1,1.7,46.1,-0.032,0.060,-1.031,4.1,-4.1,0.0,0.0200,-0.0199,-0.0459,158,388,309,387,0.00,0.01,2.67,0.17,0.0000,1,1,1,0.01,0.00,0.00,0.00,0.00,0.00,0.18,211,31
50079,1.2,-2.8,-72.6,0.071,-0.062,-0.991,4.1,-4.2,0.0,0.0190,-0.0155,0.0493,285,170,417,158,0.00,0.01,2.67,0.17,0.0000,1,1,1,0.01,0.00,0.00,0.00,0.00,0.00,0.18,211,31
50089,-0.5,5.5,25.2,0.019,-0.002,-0.993,4.2,-4.2,0.0,0.0208,-0.0238,-0.0291,158,369,329,383,0.00,0.01,2.67,0.17,0.0000,1,1,1,0.01,0.00,0.00,0.00,0.00,0.00,0.18,211,31
50099,0.0,1.8,51.3,-0.029,0.069,-1.022,4.1,-4.1,0.0,0.0204,-0.0198,-0.0430,158,398,310,395,0.00,0.01,2.67,0.17,0.0000,1,1,1,0.01,0.00,0.00,0.00,0.00,0.00,0.17,211,31
50109,0.4,-3.1,-71.4,0.070,-0.062,-0.981,4.1,-4.2,0.0,0.0197,-0.0151,0.0481,285,174,418,158,0.00,0.01,2.67,0.17,0.0000,1,1,1,0.01,0.00,0.00,0.00,0.00,0.00,0.16,211,31
50119,-0.8,5.0,19.1,0.030,-0.026,-0.989,4.1,-4.2,0.0,0.0208,-0.0241,-0.0331,158,362,328,375,0.00,0.01,2.67,0.17,0.0000,1,1,1,0.01,0.00,0.00,0.00,0.00,0.00,0.15,211,31
50129,-0.1,1.8,52.2,-0.015,0.058,-1.026,4.1,-4.1,0.0,0.0204,-0.0201,-0.0486,158,401,312,400,0.00,0.01,2.67,0.17,0.0000,1,1,1,0.01,0.00,0.00,0.00,0.00,0.00,0.16,211,31
50140,0.7,-2.9,-70.2,0.076,-0.056,-0.971,4.1,-4.2,0.0,0.0192,-0.0157,0.0489,285,170,417,158,0.00,0.01,2.67,0.17,0.0000,1,1,1,0.01,0.00,0.00,0.00,0.00,0.00,0.18,210,31
50150,-0.8,5.0,18.4,0.026,-0.024,-1.002,4.2,-4.2,-1.2,0.0210,-0.0236,-0.0278,158,365,329,377,0.00,0.01,2.67,0.17,0.0000,1,1,1,0.01,0.00,0.00,0.00,0.00,0.00,0.19,211,31
50160,-0.4,1.8,55.6,-0.030,0.062,-1.032,4.1,-4.1,-1.2,0.0206,-0.0200,-0.0545,158,408,312,406,0.00,0.01,2.67,0.17,0.0000,1,1,1,0.01,0.00,0.00,0.00,0.00,0.00,0.19,211,31
50170,1.0,-2.7,-70.6,0.073,-0.046,-0.972,4.1,-4.2,-5.0,0.0191,-0.0156,0.0442,269,171,401,158,0.00,0.01,2.67,0.17,0.0000,1,1,1,0.01,0.00,0.00,0.00,0.00,0.00,0.17,211,31
50180,-0.2,4.3,18.2,0.015,-0.019,-1.009,4.2,-4.2,-5.0,0.0206,-0.0232,-0.0366,158,374,324,384,0.00,0.01,2.67,0.17,0.0000,1,1,1,0.01,0.00,0.00,0.00,0.00,0.00,0.16,212,31
50190,-0.4,1.4,55.0,-0.013,0.068,-1.025,4.1,-4.2,-9.6,0.0206,-0.0196,-0.0608,158,432,311,429,0.00,0.01,2.67,0.17,0.0000,1,1,1,0.01,0.00,0.00,0.00,0.00,0.00,0.18,212,31
50200,0.9,-2.9,-70.4,0.059,-0.051,-0.988,4.1,-4.2,-9.6,0.0192,-0.0159,0.0412,253,170,386,158,0.00,0.01,2.67,0.17,0.0000,1,1,1,0.01,0.00,0.00,0.00,0.00,0.00,0.19,211,30
50210,-0.4,3.7,17.3,0.024,-0.018,-1.009,4.1,-4.2,-13.7,0.0206,-0.0223,-0.0369,158,398,322,407,0.00,0.01,2.67,0.17,0.0000,1,1,1,0.01,0.00,0.00,0.00,0.00,0.00,0.20,211,30
50220,0.4,1.8,55.8,-0.022,0.079,-1.019,4.1,-4.1,-13.7,0.0197,-0.0200,-0.0646,158,444,309,446,0.00,0.01,2.67,0.17,0.0000,1,1,1,0.01,0.00,0.00,0.00,0.00,0.00,0.20,211,30
50230,0.4,-3.2,-68.9,0.075,-0.059,-1.000,4.1,-4.2,-13.7,0.0198,-0.0155,0.0372,240,174,373,158,0.00,0.01,2.67,0.17,0.0000,1,1,1,0.01,0.00,0.00,0.00,0.00,0.00,0.18,211,31
50240,-1.1,3.6,15.1,0.023,-0.025,-1.011,4.1,-4.2,-13.7,0.0214,-0.0224,-0.0352,158,395,326,401,0.00,0.01,2.67,0.17,0.0000,1,1,1,0.01,0.00,0.00,0.00,0.00,0.00,0.17,211,31
50250,-0.2,2.0,57.2,-0.046,0.062,-1.063,4.1,-4.1,-13.7,0.0204,-0.0202,-0.0658,158,452,312,452,0.00,0.01,2.67,0.17,0.0000,1,1,1,0.01,0.00,0.00,0.00,0.00,0.00,0.16,211,31
50261,1.0,-3.8,-68.6,0.063,-0.048,-0.970,4.1,-4.2,-13.7,0.0191,-0.0150,0.0370,241,174,371,158,0.00,0.01,2.67,0.17,0.0000,1,1,1,0.01,0.00,0.00,0.00,0.00,0.00,0.15,211,31
50271,0.0,3.6,10.3,0.035,-0.027,-0.987,4.2,-4.2,-13.7,0.0201,-0.0219,-0.0282,158,388,322,399,0.00,0.01,2.67,0.17,0.0000,1,1,1,0.01,0.00,0.00,0.00,0.00,0.00,0.16,211,31
50281,0.3,2.2,60.3,-0.032,0.072,-1.042,4.1,-4.1,-13.7,0.0197,-0.0204,-0.0665,158,453,311,456,0.00,0.01,2.67,0.17,0.0000,1,1,1,0.01,0.00,0.00,0.00,0.00,0.00,0.18,211,31
50291,0.8,-4.0,-69.5,0.073,-0.053,-0.984,4.1,-4.2,-13.7,0.0193,-0.0144,0.0365,245,175,375,158,0.00,0.01,2.67,0.17,0.0000,1,1,1,0.01,0.00,0.00,0.00,0.00,0.00,0.19,211,31
50301,-0.9,3.4,9.3,0.027,-0.026,-1.002,4.2,-4.2,-13.7,0.0211,-0.0217,-0.0274,158,388,325,396,0.00,0.01,2.67,0.17,0.0000,1,1,1,0.01,0.00,0.00,0.00,0.00,0.00,0.19,211,31
50311,-0.6,1.9,60.5,-0.032,0.069,-1.052,4.1,-4.1,-13.7,0.0207,-0.0202,-0.0626,158,456,313,454,0.00,0.01,2.67,0.17,0.0000,1,1,1,0.01,0.00,0.00,0.00,0.00,0.00,0.18,211,31
50321,1.0,-4.0,-70.0,0.074,-0.056,-0.981,4.1,-4.2,-13.7,0.0191,-0.0144,0.0369,245,172,375,158,0.00,0.01,2.67,0.17,0.0000,1,1,1,0.01,0.00,0.00,0.00,0.00,0.00,0.16,211,31
50331,0.0,2.7,6.5,0.032,-0.036,-1.010,4.1,-4.2,-13.7,0.0203,-0.0214,-0.0284,158,390,322,399,0.00,0.01,2.67,0.17,0.0000,1,1,1,0.01,0.00,0.00,0.00,0.00,0.00,0.18,211,31
50341,0.1,2.2,60.7,-0.047,0.082,-1.041,4.1,-4.1,-13.7,0.0202,-0.0205,-0.0627,158,472,312,473,0.00,0.01,2.67,0.17,0.0000,1,1,1,0.01,0.00,0.00,0.00,0.00,0.00,0.20,211,31
50351,1.2,-4.4,-66.9,0.064,-0.041,-0.991,4.1,-4.1,-13.7,0.0190,-0.0140,0.0355,243,176,370,158,0.00,0.01,2.67,0.17,0.0000,1,1,1,0.01,0.00,-0.02,0.00,0.00,0.00,0.20,211,31
50361,-0.2,1.6,4.8,0.043,-0.038,-0.991,4.1,-4.2,-13.7,0.0205,-0.0202,-0.0270,158,385,317,388,0.00,0.01,2.67,0.17,0.0000,1,1,1,0.01,0.00,-0.02,0.00,0.00,0.00,0.20,211,31
50372,-0.7,2.1,60.1,-0.019,0.064,-1.023,4.1,-4.1,-13.7,0.0210,-0.0205,-0.0663,158,474,316,472,0.00,0.01,2.67,0.17,0.0000,1,1,1,0.01,0.00,0.00,0.00,0.00,0.00,0.18,211,31
50382,0.3,-4.0,-67.3,0.078,-0.047,-0.979,4.1,-4.2,-13.7,0.0197,-0.0141,0.0339,243,175,373,158,0.00,0.01,2.67,0.17,0.0000,1,1,1,0.01,0.00,0.00,0.00,0.00,0.00,0.16,211,31
50392,0.2,2.5,3.5,0.042,-0.034,-1.008,4.1,-4.2,-13.7,0.0199,-0.0220,-0.0323,158,379,319,389,0.00,0.01,2.67,0.17,0.0000,1,1,1,0.01,0.00,0.00,0.00,0.00,0.00,0.16,211,31
50402,-0.1,1.4,60.5,-0.021,0.072,-1.052,4.1,-4.1,-13.7,0.0203,-0.0197,-0.0667,158,473,310,471,0.00,0.01,2.67,0.17,0.0000,1,1,1,0.01,0.00,0.00,0.00,0.00,0.00,0.16,211,31
50412,0.4,-4.3,-65.7,0.064,-0.054,-0.982,4.1,-4.2,-13.7,0.0197,-0.0139,0.0326,239,176,370,158,0.00,0.01,2.67,0.17,0.0000,1,1,1,0.01,0.00,0.00,0.00,0.00,0.00,0.17,211,31
50422,-0.1,2.4,2.2,0.041,-0.029,-1.019,4.2,-4.2,-13.7,0.0204,-0.0220,-0.0313,158,353,319,360,0.00,0.01,2.67,0.17,0.0000,1,1,1,0.01,0.00,0.00,0.00,0.00,0.00,0.18,211,31
50432,-0.4,1.9,64.5,-0.028,0.075,-1.054,4.1,-4.1,-13.7,0.0206,-0.0201,-0.0715,158,480,312,479,0.00,0.01,2.67,0.17,0.0000,1,1,1,0.01,0.00,0.00,0.00,0.00,0.00,0.18,211,31
50442,0.2,-5.1,-65.0,0.061,-0.052,-0.991,4.1,-4.2,-13.1,0.0200,-0.0136,0.0360,243,182,370,158,0.00,0.01,2.67,0.17,0.0000,1,1,1,0.01,0.00,0.00,0.00,0.00,0.00,0.18,212,31
50452,-0.7,2.0,2.0,0.054,-0.040,-0.992,4.1,-4.2,-13.1,0.0209,-0.0207,-0.0244,158,354,318,356,0.00,0.01,2.67,0.17,0.0000,1,1,1,0.01,0.00,0.00,0.00,0.00,0.00,0.16,212,31
50462,-0.2,2.4,65.1,-0.028,0.068,-1.058,4.1,-4.2,-13.1,0.0000,0.0000,0.0000,0,0,0,0,0.00,0.01,2.67,0.17,0.0000,1,0,0,0.01,0.00,0.00,0.00,0.00,0.00,0.15,212,31
50472,0.9,-4.5,-45.7,0.069,-0.009,-0.983,4.1,-4.2,-13.1,0.0000,0.0000,0.0000,0,0,0,0,0.00,0.01,2.67,0.17,0.0000,1,0,0,0.01,0.00,0.00,0.00,0.00,0.00,0.17,212,31
50483,-1.3,3.3,-26.2,0.033,-0.082,-1.020,4.2,-4.2,-10.6,0.0000,0.0000,0.0000,0,0,0,0,0.00,0.01,2.67,0.17,0.0000,1,0,0,0.01,0.00,0.00,0.00,0.00,0.00,0.18,212,31
50493,-2.4,2.6,52.4,-0.022,0.040,-1.040,4.2,-4.1,-10.6,0.0000,0.0000,0.0000,0,0,0,0,0.00,0.01,2.67,0.17,0.0000,1,0,0,0.01,0.00,0.00,0.00,0.00,0.00,0.18,212,31
50503,-1.0,-7.9,-9.3,0.046,0.023,-0.990,4.1,-4.2,-10.6,0.0000,0.0000,0.0000,0,0,0,0,0.00,0.01,2.67,0.17,0.0000,1,0,0,0.01,0.00,0.00,0.00,0.00,0.00,0.17,212,31
50513,1.7,1.7,-44.3,0.046,-0.055,-0.992,4.1,-4.3,-10.6,0.0000,0.0000,0.0000,0,0,0,0,0.00,0.01,2.67,0.17,0.0000,1,0,0,0.01,0.00,0.00,0.00,0.00,0.00,0.15,212,31
50523,4.0,5.5,26.9,-0.039,0.037,-1.051,4.1,-4.2,-7.5,0.0000,0.0000,0.0000,0,0,0,0,0.00,0.01,2.67,0.17,0.0000,1,0,0,0.01,0.00,0.00,0.00,0.00,0.00,0.19,212,31
50533,0.7,-4.7,18.5,-0.007,0.060,-1.016,4.2,-4.1,-7.5,0.0000,0.0000,0.0000,0,0,0,0,0.00,0.01,2.67,0.17,0.0000,1,0,0,0.01,0.00,0.00,0.00,0.00,0.00,0.22,212,31
50543,-0.4,-2.6,-36.6,0.065,-0.006,-0.975,4.2,-4.2,-7.5,0.0000,0.0000,0.0000,0,0,0,0,0.00,0.01,2.67,0.17,0.0000,1,0,0,0.01,0.00,0.00,0.00,0.00,0.00,0.19,212,31
50553,-0.8,3.6,3.4,0.011,-0.034,-1.030,4.2,-4.2,-7.5,0.0000,0.0000,0.0000,0,0,0,0,0.00,0.01,2.67,0.17,0.0000,1,0,0,0.01,0.00,0.00,0.00,0.00,0.00,0.16,212,31
50563,-2.2,-0.4,31.8,-0.021,0.027,-1.033,4.2,-4.1,-7.5,0.0000,0.0000,0.0000,0,0,0,0,0.00,0.01,2.67,0.17,0.0000,1,0,0,0.01,0.00,0.00,0.00,0.00,0.00,0.16,212,31
50573,-1.4,-3.1,-17.0,0.048,0.009,-0.994,4.1,-4.2,-7.5,0.0000,0.0000,0.0000,0,0,0,0,0.00,0.01,2.67,0.17,0.0000,1,0,0,0.01,0.00,0.00,0.00,0.00,0.00,0.15,212,31
50583,1.7,0.7,-15.7,0.036,-0.040,-1.002,4.1,-4.2,-7.5,0.0000,0.0000,0.0000,0,0,0,0,0.00,0.01,2.67,0.17,0.0000,1,0,0,0.01,0.00,0.00,0.00,0.00,0.00,0.16,212,31
50593,2.0,3.4,25.5,-0.023,0.036,-1.032,4.2,-4.2,-7.5,0.0000,0.0000,0.0000,0,0,0,0,0.00,0.01,2.67,0.17,0.0000,1,0,0,0.01,0.00,0.00,0.00,0.00,0.00,0.16,212,31
50604,-0.4,-1.6,0.8,0.001,0.037,-1.018,4.2,-4.2,-7.5,0.0000,0.0000,0.0000,0,0,0,0,0.00,0.01,2.67,0.17,0.0000,1,0,0,0.01,0.00,0.00,0.00,0.00,0.00,0.15,212,31
50614,-0.1,-2.8,-24.3,0.047,-0.016,-0.993,4.2,-4.2,-7.5,0.0000,0.0000,0.0000,0,0,0,0,0.00,0.01,2.67,0.17,0.0000,1,0,0,0.01,0.00,0.00,0.00,0.00,0.00,0.15,212,31
50624,0.9,2.4,9.5,0.004,0.000,-1.023,4.2,-4.2,-7.5,0.0000,0.0000,0.0000,0,0,0,0,0.00,0.01,2.67,0.17,0.0000,1,0,0,0.01,0.00,0.00,0.00,0.00,0.00,0.15,212,31
50634,-1.4,0.0,12.4,-0.010,0.025,-1.029,4.2,-4.1,-7.5,0.0000,0.0000,0.0000,0,0,0,0,0.00,0.01,2.67,0.17,0.0000,1,0,0,0.01,0.00,0.00,0.00,0.00,0.00,0.15,212,31
50644,-1.2,-2.5,-17.2,0.040,-0.001,-1.002,4.2,-4.2,-7.1,0.0000,0.0000,0.0000,0,0,0,0,0.00,0.01,2.67,0.17,0.0000,1,0,0,0.01,0.00,0.00,0.00,0.00,0.00,0.16,212,31
50654,1.8,2.0,-1.9,0.016,-0.004,-1.009,4.2,-4.2,-7.1,0.0000,0.0000,0.0000,0,0,0,0,0.00,0.01,2.67,0.17,0.0000,1,0,0,0.01,0.00,0.00,0.01,0.00,0.00,0.15,212,31
50664,1.4,1.0,17.2,-0.008,0.030,-1.026,4.2,-4.2,-7.1,0.0000,0.0000,0.0000,0,0,0,0,0.00,0.01,2.67,0.17,0.0000,1,0,0,0.01,0.00,0.00,0.01,0.00,0.00,0.15,212,31
50674,-1.4,-2.3,-4.4,0.025,0.015,-1.010,4.2,-4.2,-7.1,0.0000,0.0000,0.0000,0,0,0,0,0.00,0.01,2.67,0.17,0.0000,1,0,0,0.01,0.00,0.00,0.01,0.00,0.00,0.15,212,31
50684,-0.2,0.2,-9.3,0.033,-0.016,-1.003,4.2,-4.2,-7.1,0.0000,0.0000,0.0000,0,0,0,0,0.00,0.01,2.67,0.17,0.0000,1,0,0,0.01,0.00,0.00,0.01,0.00,0.00,0.15,213,31
50694,1.0,0.9,10.8,0.002,0.002,-1.017,4.2,-4.2,-7.1,0.0000,0.0000,0.0000,0,0,0,0,0.00,0.01,2.67,0.17,0.0000,1,0,0,0.01,0.00,0.00,0.01,0.00,0.00,0.16,213,31
50704,-0.9,-1.3,3.4,0.014,0.011,-1.018,4.2,-4.2,-7.1,0.0000,0.0000,0.0000,0,0,0,0,0.00,0.01,2.67,0.17,0.0000,1,0,0,0.01,0.00,0.00,0.01,0.00,0.00,0.16,213,31
50715,-0.7,-0.6,-12.4,0.029,-0.001,-1.006,4.2,-4.2,-7.1,0.0000,0.0000,0.0000,0,0,0,0,0.00,0.01,2.67,0.16,0.0000,1,0,0,0.01,0.00,0.00,0.01,0.00,0.00,0.16,213,31
50725,1.8,1.4,0.8,0.006,0.004,-1.017,4.2,-4.2,-7.1,0.0000,0.0000,0.0000,0,0,0,0,0.00,0.01,2.67,0.16,0.0000,1,0,0,0.01,0.00,0.00,0.01,0.00,0.00,0.15,213,31
50735,0.6,0.0,7.2,0.000,0.024,-1.019,4.3,-4.2,-7.1,0.0000,0.0000,0.0000,0,0,0,0,0.00,0.01,2.67,0.16,0.0000,1,0,0,0.01,0.00,0.00,0.01,0.00,0.00,0.16,213,31
50745,-1.4,-1.1,-6.8,0.025,0.013,-1.013,4.3,-4.2,-7.1,0.0000,0.0000,0.0000,0,0,0,0,0.00,0.01,2.67,0.16,0.0000,1,0,0,0.01,0.00,0.00,0.01,0.00,0.00,0.16,213,31
50755,0.0,0.5,-3.4,0.016,0.000,-1.010,4.2,-4.2,-7.1,0.0000,0.0000,0.0000,0,0,0,0,0.00,0.01,2.67,0.16,0.0000,1,0,0,0.01,0.00,0.00,0.01,0.00,0.00,0.16,213,31
50765,0.8,0.3,8.6,0.002,0.005,-1.016,4.3,-4.2,-7.1,0.0000,0.0000,0.0000,0,0,0,0,0.00,0.01,2.67,0.16,0.0000,1,0,0,0.01,0.00,0.00,0.01,0.00,0.00,0.16,213,31
50775,-1.0,-1.2,0.9,0.022,0.010,-1.015,4.3,-4.2,-7.1,0.0000,0.0000,0.0000,0,0,0,0,0.00,0.01,2.67,0.16,0.0000,1,0,0,0.01,0.00,0.00,0.01,0.00,0.00,0.16,213,31
50785,-0.1,0.1,-4.9,0.025,0.000,-1.010,4.2,-4.2,-6.5,0.0000,0.0000,0.0000,0,0,0,0,0.00,0.01,2.67,0.16,0.0000,1,0,0,0.01,0.00,0.00,0.01,0.00,0.00,0.17,213,31
50795,1.6,1.1,3.6,0.009,0.002,-1.013,4.2,-4.2,-6.5,0.0000,0.0000,0.0000,0,0,0,0,0.00,0.01,2.67,0.16,0.0000,1,0,0,0.01,0.00,0.00,0.01,0.00,0.00,0.17,213,31
50805,0.0,-0.8,3.1,0.012,0.011,-1.016,4.3,-4.2,-6.5,0.0000,0.0000,0.0000,0,0,0,0,0.00,0.01,2.67,0.16,0.0000,1,0,0,0.01,0.00,0.00,0.01,0.00,0.00,0.17,213,31
50815,-1.1,-0.6,-5.6,0.024,0.007,-1.013,4.3,-4.2,-6.5,0.0000,0.0000,0.0000,0,0,0,0,0.00,0.01,2.67,0.16,0.0000,1,0,0,0.01,0.00,0.00,0.01,0.00,0.00,0.17,213,31
50825,0.4,0.7,-1.8,0.009,0.001,-1.012,4.3,-4.2,-6.2,0.0000,0.0000,0.0000,0,0,0,0,0.00,0.01,2.67,0.16,0.0000,1,0,0,0.01,0.00,0.00,0.01,0.00,0.00,0.17,213,31
50835,0.1,-0.4,3.0,0.008,0.008,-1.015,4.3,-4.2,-6.2,0.0000,0.0000,0.0000,0,0,0,0,0.00,0.01,2.67,0.16,0.0000,1,0,0,0.01,0.00,0.00,0.01,0.00,0.00,0.17,213,30
50846,-1.0,-0.8,-1.9,0.019,0.013,-1.014,4.3,-4.2,-6.2,0.0000,0.0000,0.0000,0,0,0,0,0.00,0.01,2.67,0.16,0.0000,1,0,0,0.01,0.00,0.00,0.01,0.00,0.00,0.17,213,30
50856,0.1,0.4,-2.2,0.014,0.007,-1.013,4.3,-4.2,-6.2,0.0000,0.0000,0.0000,0,0,0,0,0.00,0.01,2.67,0.16,0.0000,1,0,0,0.01,0.00,0.00,0.01,0.00,0.00,0.17,213,30
50866,1.1,0.3,3.5,0.007,0.007,-1.015,4.3,-4.2,-6.2,0.0000,0.0000,0.0000,0,0,0,0,0.00,0.01,2.67,0.16,0.0000,1,0,0,0.01,0.00,0.00,0.02,0.00,0.00,0.16,214,30
50876,-0.1,-0.6,2.1,0.016,0.011,-1.013,4.3,-4.2,-6.2,0.0000,0.0000,0.0000,0,0,0,0,0.00,0.01,2.67,0.16,0.0000,1,0,0,0.01,0.00,0.00,0.02,0.00,0.00,0.16,214,30
50886,-0.4,0.0,-1.4,0.020,0.006,-1.012,4.3,-4.2,-3.1,0.0000,0.0000,0.0000,0,0,0,0,0.00,0.01,2.67,0.16,0.0000,1,0,0,0.01,0.00,0.00,0.02,0.00,0.00,0.16,215,30
50896,0.6,0.4,1.1,0.012,0.001,-1.014,4.3,-4.2,-3.1,0.0000,0.0000,0.0000,0,0,0,0,0.00,0.01,2.67,0.16,0.0000,1,0,0,0.01,0.00,0.00,0.02,0.00,0.00,0.16,215,30
50906,0.1,-0.3,1.5,0.014,0.002,-1.014,4.3,-4.2,-3.1,0.0000,0.0000,0.0000,0,0,0,0,0.00,0.01,2.67,0.16,0.0000,1,0,0,0.01,0.00,0.00,0.02,0.00,0.00,0.16,215,30
50916,-0.9,-0.6,-2.3,0.022,0.005,-1.013,4.3,-4.2,-3.1,0.0000,0.0000,0.0000,0,0,0,0,0.00,0.01,2.67,0.16,0.0000,1,0,0,0.01,0.00,0.00,0.02,0.00,0.00,0.17,215,30
50926,0.1,0.2,-1.8,0.013,0.007,-1.013,4.3,-4.2,-3.1,0.0000,0.0000,0.0000,0,0,0,0,0.00,0.01,2.67,0.16,0.0000,1,0,0,0.01,0.00,0.01,0.02,0.00,0.00,0.17,215,30
50936,0.7,0.0,0.4,0.009,0.006,-1.015,4.3,-4.2,-3.1,0.0000,0.0000,0.0000,0,0,0,0,0.00,0.01,2.67,0.16,0.0000,1,0,0,0.01,0.00,0.01,0.02,0.00,0.00,0.16,215,30
50946,-0.5,-0.6,-0.7,0.016,0.010,-1.013,4.3,-4.2,-3.1,0.0000,0.0000,0.0000,0,0,0,0,0.00,0.01,2.67,0.16,0.0000,1,0,0,0.01,0.00,0.01,0.02,0.00,0.00,0.16,215,30
50956,-0.2,0.0,-0.8,0.016,0.010,-1.014,4.3,-4.2,-3.1,0.0000,0.0000,0.0000,0,0,0,0,0.00,0.01,2.67,0.16,0.0000,1,0,0,0.01,0.00,0.01,0.02,0.00,0.00,0.16,215,30
50967,0.7,0.3,1.6,0.009,0.008,-1.014,4.3,-4.2,-3.1,0.0000,0.0000,0.0000,0,0,0,0,0.00,0.01,2.67,0.16,0.0000,1,0,0,0.01,0.00,0.01,0.02,0.00,0.00,0.16,215,30
50977,0.0,-0.3,1.5,0.015,0.008,-1.014,4.3,-4.2,-3.1,0.0000,0.0000,0.0000,0,0,0,0,0.00,0.01,2.67,0.16,0.0000,1,0,0,0.01,0.00,0.01,0.02,0.00,0.00,0.16,215,30
50987,-0.4,-0.1,0.0,0.018,0.005,-1.014,4.3,-4.2,-3.1,0.0000,0.0000,0.0000,0,0,0,0,0.00,0.01,2.67,0.16,0.0000,1,0,0,0.01,0.00,0.01,0.02,0.00,0.00,0.16,215,30
50997,0.3,0.1,0.6,0.013,0.003,-1.014,4.3,-4.2,-3.1,0.0000,0.0000,0.0000,0,0,0,0,0.00,0.01,2.67,0.16,0.0000,1,0,0,0.01,0.00,0.01,0.02,0.00,0.00,0.16,215,30
51007,0.4,-0.2,0.5,0.014,0.004,-1.013,4.3,-4.2,-3.1,0.0000,0.0000,0.0000,0,0,0,0,0.00,0.01,2.67,0.16,0.0000,1,0,0,0.01,0.00,0.01,0.02,0.00,0.00,0.17,215,30
51017,-0.5,-0.2,-1.2,0.018,0.003,-1.013,4.3,-4.2,-3.1,0.0000,0.0000,0.0000,0,0,0,0,0.00,0.01,2.67,0.16,0.0000,1,0,0,0.01,0.00,0.01,0.02,0.00,0.00,0.17,215,30
51027,-0.1,0.0,-1.3,0.016,0.006,-1.015,4.3,-4.2,-2.5,0.0000,0.0000,0.0000,0,0,0,0,0.00,0.01,2.67,0.16,0.0000,1,0,0,0.01,0.00,0.01,0.02,0.00,0.00,0.17,215,30
51037,0.4,-0.2,-0.4,0.011,0.006,-1.015,4.3,-4.2,-2.5,0.0000,0.0000,0.0000,0,0,0,0,0.00,0.01,2.67,0.16,0.0000,1,0,0,0.01,0.00,0.01,0.02,0.00,0.00,0.17,215,30
51047,-0.2,-0.2,-0.7,0.016,0.007,-1.014,4.4,-4.2,-2.5,0.0000,0.0000,0.0000,0,0,0,0,0.00,0.01,2.67,0.16,0.0000,1,0,0,0.01,0.00,0.01,0.02,0.00,0.00,0.17,215,30
51057,-0.4,-0.1,-0.3,0.015,0.009,-1.014,4.4,-4.2,-2.5,0.0000,0.0000,0.0000,0,0,0,0,0.00,0.01,2.67,0.16,0.0000,1,0,0,0.01,0.00,0.01,0.02,0.00,0.00,0.16,215,30
51067,0.4,0.0,0.9,0.012,0.009,-1.013,4.4,-4.2,0.0,0.0000,0.0000,0.0000,0,0,0,0,0.00,0.01,2.67,0.16,0.0000,1,0,0,0.01,0.00,0.01,0.02,0.00,0.00,0.16,215,30
51077,0.3,-0.1,1.0,0.014,0.008,-1.013,4.4,-4.2,0.0,0.0000,0.0000,0.0000,0,0,0,0,0.00,0.01,2.67,0.16,0.0000,1,0,0,0.01,0.00,0.01,0.02,0.00,0.00,0.16,215,30
51088,-0.2,-0.2,0.5,0.016,0.007,-1.014,4.4,-4.2,0.0,0.0000,0.0000,0.0000,0,0,0,0,0.00,0.01,2.67,0.16,0.0000,1,0,0,0.01,0.00,0.01,0.02,0.00,0.00,0.16,215,30
51098,0.0,0.0,0.7,0.013,0.006,-1.014,4.4,-4.2,0.0,0.0000,0.0000,0.0000,0,0,0,0,0.00,0.01,2.67,0.16,0.0000,1,0,0,0.01,0.00,0.01,0.02,0.00,0.00,0.16,216,30
51108,0.3,-0.1,0.3,0.013,0.004,-1.014,4.4,-4.2,0.0,0.0000,0.0000,0.0000,0,0,0,0,0.00,0.01,2.67,0.16,0.0000,1,0,0,0.01,0.00,0.01,0.02,0.00,0.00,0.17,216,30
51118,-0.2,-0.2,-0.9,0.017,0.004,-1.013,4.4,-4.2,0.0,0.0000,0.0000,0.0000,0,0,0,0,0.00,0.01,2.67,0.16,0.0000,1,0,0,0.01,0.00,0.01,0.02,0.00,0.00,0.17,216,30
51128,-0.2,0.0,-1.0,0.015,0.005,-1.014,4.4,-4.2,0.0,0.0000,0.0000,0.0000,0,0,0,0,0.00,0.01,2.67,0.16,0.0000,1,0,0,0.01,0.00,0.01,0.02,0.00,0.00,0.17,216,30
51138,0.2,0.0,-0.6,0.012,0.005,-1.014,4.4,-4.2,0.0,0.0000,0.0000,0.0000,0,0,0,0,0.00,0.01,2.67,0.16,0.0000,1,0,0,0.01,0.00,0.01,0.03,0.00,0.00,0.17,216,30
51148,0.1,-0.3,-0.7,0.014,0.006,-1.014,4.4,-4.2,0.0,0.0000,0.0000,0.0000,0,0,0,0,0.00,0.01,2.67,0.16,0.0000,1,0,0,0.01,0.00,0.01,0.03,0.00,0.00,0.17,216,30
51158,-0.3,0.0,-0.2,0.015,0.009,-1.013,4.4,-4.2,0.0,0.0000,0.0000,0.0000,0,0,0,0,0.00,0.01,2.67,0.16,0.0000,1,0,0,0.01,0.00,0.01,0.03,0.00,0.00,0.16,216,30
51168,0.1,0.0,0.7,0.012,0.009,-1.013,4.4,-4.2,0.0,0.0000,0.0000,0.0000,0,0,0,0,0.00,0.01,2.67,0.16,0.0000,1,0,0,0.01,0.00,0.01,0.03,0.00,0.00,0.16,216,30
51178,0.2,-0.1,0.9,0.013,0.008,-1.013,4.4,-4.2,0.0,0.0000,0.0000,0.0000,0,0,0,0,0.00,0.01,2.67,0.16,0.0000,1,0,0,0.01,0.00,0.01,0.03,0.00,0.00,0.16,216,30
51188,0.0,-0.1,0.6,0.016,0.007,-1.013,4.4,-4.2,0.0,0.0000,0.0000,0.0000,0,0,0,0,0.00,0.01,2.67,0.16,0.0000,1,0,0,0.01,0.00,0.01,0.03,0.00,0.00,0.17,216,30
51198,0.0,0.0,0.6,0.015,0.005,-1.013,4.4,-4.2,0.0,0.0000,0.0000,0.0000,0,0,0,0,0.00,0.01,2.67,0.16,0.0000,1,0,0,0.01,0.00,0.01,0.03,0.00,0.00,0.17,216,30
51208,0.3,-0.1,0.3,0.014,0.005,-1.015,4.4,-4.2,0.0,0.0000,0.0000,0.0000,0,0,0,0,0.00,0.01,2.67,0.16,0.0000,1,0,0,0.01,0.00,0.01,0.03,0.00,0.00,0.17,216,30
51219,0.0,-0.2,-0.6,0.016,0.003,-1.014,4.4,-4.2,0.0,0.0000,0.0000,0.0000,0,0,0,0,0.00,0.01,2.67,0.16,0.0000,1,0,0,0.01,0.00,0.01,0.03,0.00,0.00,0.17,216,30
51229,0.0,0.0,-0.9,0.016,0.005,-1.014,4.4,-4.2,0.0,0.0000,0.0000,0.0000,0,0,0,0,0.00,0.01,2.67,0.16,0.0000,1,0,0,0.01,0.00,0.01,0.03,0.00,0.00,0.17,216,30
51239,0.1,0.0,-0.6,0.014,0.007,-1.014,4.4,-4.2,0.0,0.0000,0.0000,0.0000,0,0,0,0,0.00,0.01,2.67,0.16,0.0000,1,0,0,0.01,0.00,0.01,0.03,0.00,0.00,0.17,216,30
51249,0.0,-0.1,-0.6,0.014,0.007,-1.014,4.4,-4.2,0.0,0.0000,0.0000,0.0000,0,0,0,0,0.00,0.01,2.67,0.16,0.0000,1,0,0,0.01,0.00,0.02,0.03,0.00,0.00,0.17,216,30
51259,-0.2,-0.1,-0.4,0.016,0.008,-1.014,4.4,-4.2,0.0,0.0000,0.0000,0.0000,0,0,0,0,0.00,0.01,2.67,0.16,0.0000,1,0,0,0.01,0.00,0.02,0.03,0.00,0.00,0.16,216,30
51269,0.0,0.0,0.4,0.013,0.009,-1.015,4.4,-4.2,0.0,0.0000,0.0000,0.0000,0,0,0,0,0.00,0.01,2.67,0.16,0.0000,1,0,0,0.01,0.00,0.02,0.03,0.00,0.00,0.16,216,30
51279,0.2,-0.1,0.8,0.013,0.008,-1.014,4.4,-4.2,0.0,0.0000,0.0000,0.0000,0,0,0,0,0.00,0.01,2.67,0.16,0.0000,1,0,0,0.01,0.00,0.02,0.03,0.00,0.00,0.16,216,30
51289,0.0,-0.2,0.6,0.015,0.006,-1.013,4.4,-4.2,0.0,0.0000,0.0000,0.0000,0,0,0,0,0.00,0.01,2.67,0.16,0.0000,1,0,0,0.01,0.00,0.02,0.03,0.00,0.00,0.16,216,30
51299,0.0,0.0,0.4,0.015,0.005,-1.013,4.4,-4.2,0.0,0.0000,0.0000,0.0000,0,0,0,0,0.00,0.01,2.67,0.16,0.0000,1,0,0,0.01,0.00,0.02,0.03,0.00,0.00,0.16,216,30
51309,0.2,0.0,0.2,0.014,0.003,-1.013,4.4,-4.2,0.0,0.0000,0.0000,0.0000,0,0,0,0,0.00,0.01,2.67,0.16,0.0000,1,0,0,0.01,0.00,0.02,0.03,0.00,0.00,0.16,216,30
51319,0.0,-0.3,-0.3,0.015,0.003,-1.013,4.4,-4.2,0.0,0.0000,0.0000,0.0000,0,0,0,0,0.00,0.01,2.67,0.16,0.0000,1,0,0,0.01,0.00,0.02,0.03,0.00,0.00,0.16,216,30
51329,-0.1,-0.2,-0.7,0.015,0.005,-1.013,4.4,-4.2,0.0,0.0000,0.0000,0.0000,0,0,0,0,0.00,0.01,2.67,0.16,0.0000,1,0,0,0.01,0.00,0.02,0.03,0.00,0.00,0.16,216,30
51340,0.0,0.0,-0.6,0.013,0.006,-1.014,4.4,-4.2,0.0,0.0000,0.0000,0.0000,0,0,0,0,0.00,0.01,2.66,0.16,0.0000,1,0,0,0.01,0.00,0.02,0.03,0.00,0.00,0.17,216,30
51350,0.1,0.0,-0.6,0.014,0.008,-1.014,4.4,-4.2,0.0,0.0000,0.0000,0.0000,0,0,0,0,0.00,0.01,2.66,0.16,0.0000,1,0,0,0.01,0.00,0.02,0.03,0.00,0.00,0.16,216,30
51360,0.0,-0.1,-0.3,0.015,0.006,-1.014,4.4,-4.2,0.0,0.0000,0.0000,0.0000,0,0,0,0,0.00,0.01,2.66,0.16,0.0000,1,0,0,0.01,0.00,0.02,0.03,0.00,0.00,0.16,216,30
51370,0.0,0.0,0.1,0.015,0.007,-1.015,4.4,-4.2,0.0,0.0000,0.0000,0.0000,0,0,0,0,0.00,0.01,2.66,0.16,0.0000,1,0,0,0.01,0.00,0.02,0.03,0.00,0.00,0.16,216,30
51380,0.1,0.0,0.7,0.013,0.007,-1.015,4.4,-4.2,0.0,0.0000,0.0000,0.0000,0,0,0,0,0.00,0.01,2.66,0.16,0.0000,1,0,0,0.01,0.00,0.02,0.03,0.00,0.00,0.16,216,30
51390,0.0,0.0,0.7,0.015,0.007,-1.013,4.5,-4.2,0.0,0.0000,0.0000,0.0000,0,0,0,0,0.00,0.01,2.66,0.16,0.0000,1,0,0,0.01,0.00,0.02,0.03,0.00,0.00,0.16,216,30
51400,0.1,-0.1,0.5,0.014,0.006,-1.013,4.5,-4.2,0.0,0.0000,0.0000,0.0000,0,0,0,0,0.00,0.01,2.66,0.16,0.0000,1,0,0,0.01,0.00,0.02,0.03,0.00,0.00,0.16,216,30
51410,0.2,0.0,0.3,0.016,0.005,-1.014,4.5,-4.2,0.0,0.0000,0.0000,0.0000,0,0,0,0,0.00,0.01,2.66,0.16,0.0000,1,0,0,0.01,0.00,0.02,0.03,0.00,0.00,0.16,216,30
51420,0.1,-0.1,-0.1,0.014,0.004,-1.014,4.4,-4.2,0.0,0.0000,0.0000,0.0000,0,0,0,0,0.00,0.01,2.66,0.16,0.0000,1,0,0,0.01,0.00,0.02,0.03,0.00,0.00,0.16,216,30
51430,0.0,-0.2,-0.5,0.014,0.005,-1.013,4.5,-4.2,0.0,0.0000,0.0000,0.0000,0,0,0,0,0.00,0.01,2.66,0.16,0.0000,1,0,0,0.01,0.00,0.02,0.04,0.00,0.00,0.16,216,30
51440,0.0,0.0,-0.6,0.014,0.006,-1.014,4.5,-4.2,0.0,0.0000,0.0000,0.0000,0,0,0,0,0.00,0.01,2.66,0.16,0.0000,1,0,0,0.01,0.00,0.02,0.04,0.00,0.00,0.16,216,30
51450,0.1,-0.1,-0.5,0.013,0.006,-1.013,4.5,-4.2,0.0,0.0000,0.0000,0.0000,0,0,0,0,0.00,0.01,2.66,0.16,0.0000,1,0,0,0.01,0.00,0.02,0.04,0.00,0.00,0.16,216,30
51460,0.0,-0.1,-0.3,0.013,0.007,-1.014,4.5,-4.2,0.0,0.0000,0.0000,0.0000,0,0,0,0,0.00,0.01,2.66,0.16,0.0000,1,0,0,0.01,0.00,0.02,0.04,0.00,0.00,0.16,216,30
51471,0.0,-0.1,0.0,0.014,0.007,-1.014,4.5,-4.1,0.0,0.0000,0.0000,0.0000,0,0,0,0,0.00,0.01,2.66,0.16,0.0000,1,0,0,0.01,0.00,0.02,0.04,0.00,0.00,0.16,216,30
51481,0.0,0.0,0.5,0.014,0.008,-1.013,4.5,-4.1,0.0,0.0000,0.0000,0.0000,0,0,0,0,0.00,0.01,2.66,0.16,0.0000,1,0,0,0.01,0.00,0.02,0.04,0.00,0.00,0.16,216,30
51491,0.0,0.0,0.6,0.013,0.007,-1.013,4.5,-4.1,0.0,0.0000,0.0000,0.0000,0,0,0,0,0.00,0.01,2.66,0.16,0.0000,1,0,0,0.01,0.00,0.02,0.04,0.00,0.00,0.16,216,30
51501,0.0,-0.1,0.4,0.015,0.006,-1.013,4.5,-4.2,0.0,0.0000,0.0000,0.0000,0,0,0,0,0.00,0.01,2.66,0.16,0.0000,1,0,0,0.01,0.00,0.02,0.04,0.00,0.00,0.16,216,30
51511,0.0,-0.1,0.2,0.015,0.005,-1.013,4.5,-4.2,0.0,0.0000,0.0000,0.0000,0,0,0,0,0.00,0.01,2.66,0.16,0.0000,1,0,0,0.01,0.00,0.02,0.04,0.00,0.00,0.16,216,30
51521,0.0,-0.2,0.0,0.014,0.005,-1.014,4.5,-4.1,0.0,0.0000,0.0000,0.0000,0,0,0,0,0.00,0.01,2.66,0.16,0.0000,1,0,0,0.01,0.00,0.02,0.04,0.00,0.00,0.16,216,30
51531,0.1,-0.2,-0.4,0.015,0.004,-1.014,4.5,-4.1,0.0,0.0000,0.0000,0.0000,0,0,0,0,0.00,0.01,2.66,0.16,0.0000,1,0,0,0.01,0.00,0.02,0.04,0.00,0.00,0.16,216,30
51541,-0.1,0.0,-0.6,0.015,0.005,-1.014,4.5,-4.1,0.0,0.0000,0.0000,0.0000,0,0,0,0,0.00,0.01,2.66,0.16,0.0158,1,0,0,0.01,0.00,0.02,0.04,0.00,0.00,0.16,216,30
51551,0.0,-0.1,-0.5,0.014,0.006,-1.014,4.5,-4.1,0.0,0.0000,0.0000,0.0000,0,0,0,0,0.00,0.01,2.66,0.16,0.0158,1,0,0,0.01,0.00,0.02,0.04,0.00,0.00,0.16,216,30
51561,0.0,-0.1,-0.2,0.014,0.009,-1.014,4.5,-4.1,0.0,0.0000,0.0000,0.0000,0,0,0,0,0.00,0.01,2.66,0.16,0.0549,1,0,0,0.01,0.00,0.02,0.04,0.00,0.00,0.16,216,30
51571,0.0,-0.1,0.1,0.014,0.008,-1.014,4.5,-4.1,0.0,0.0000,0.0000,0.0000,0,0,0,0,0.00,0.01,2.66,0.16,0.0549,1,0,0,0.01,0.00,0.02,0.04,0.00,0.00,0.16,216,30
51581,0.1,0.0,0.3,0.014,0.008,-1.015,4.5,-4.1,0.0,0.0000,0.0000,0.0000,0,0,0,0,0.00,0.01,2.66,0.16,0.0860,1,0,0,0.01,0.00,0.02,0.04,0.00,0.00,0.16,216,30
51591,0.0,0.0,0.5,0.015,0.007,-1.015,4.5,-4.1,0.0,0.0000,0.0000,0.0000,0,0,0,0,0.00,0.01,2.66,0.16,0.0860,1,0,0,0.01,0.00,0.03,0.04,0.00,0.00,0.16,216,30
51602,0.0,-0.1,0.5,0.015,0.007,-1.014,4.5,-4.1,0.0,0.0000,0.0000,0.0000,0,0,0,0,0.00,0.01,2.66,0.16,0.1122,1,0,0,0.01,0.00,0.03,0.04,0.00,0.00,0.16,216,30
51612,0.0,0.0,0.2,0.015,0.004,-1.014,4.5,-4.1,0.0,0.0000,0.0000,0.0000,0,0,0,0,0.00,0.01,2.66,0.16,0.1122,1,0,0,0.01,0.00,0.03,0.04,0.00,0.00,0.16,216,30
51622,0.0,-0.1,0.0,0.015,0.004,-1.014,4.5,-4.1,0.0,0.0000,0.0000,0.0000,0,0,0,0,0.00,0.01,2.66,0.16,0.1378,1,0,0,0.01,0.00,0.03,0.04,0.00,0.00,0.16,216,30
51632,0.0,-0.1,-0.4,0.015,0.006,-1.014,4.5,-4.1,0.0,0.0000,0.0000,0.0000,0,0,0,0,0.00,0.01,2.66,0.16,0.1378,1,0,0,0.01,0.00,0.03,0.04,0.00,0.00,0.16,216,30
51642,0.0,0.0,-0.5,0.014,0.007,-1.014,4.5,-4.1,0.0,0.0000,0.0000,0.0000,0,0,0,0,0.00,0.01,2.66,0.16,0.1574,1,0,0,0.01,0.00,0.03,0.04,0.00,0.00,0.16,216,30
51652,0.0,-0.1,-0.4,0.013,0.006,-1.013,4.5,-4.1,0.0,0.0000,0.0000,0.0000,0,0,0,0,0.00,0.01,2.66,0.16,0.1574,1,0,0,0.01,0.00,0.03,0.04,0.00,0.00,0.16,216,30
51662,0.0,-0.1,-0.3,0.013,0.007,-1.014,4.5,-4.1,0.0,0.0000,0.0000,0.0000,0,0,0,0,0.00,0.01,2.66,0.16,0.1769,1,0,0,0.01,0.00,0.03,0.04,0.00,0.00,0.16,216,30
51672,0.0,-0.1,0.0,0.015,0.007,-1.014,4.5,-4.1,0.0,0.0000,0.0000,0.0000,0,0,0,0,0.00,0.01,2.66,0.16,0.1769,1,0,0,0.01,0.00,0.03,0.04,0.00,0.00,0.16,216,30
51682,0.0,-0.1,0.2,0.013,0.007,-1.014,4.5,-4.1,0.0,0.0000,0.0000,0.0000,0,0,0,0,0.00,0.01,2.66,0.16,0.1769,1,0,0,0.01,0.00,0.03,0.04,0.00,0.00,0.16,216,30
51692,0.1,0.0,0.4,0.014,0.007,-1.014,4.5,-4.1,0.0,0.0000,0.0000,0.0000,0,0,0,0,0.00,0.01,2.66,0.16,0.1769,1,0,0,0.01,0.00,0.03,0.04,0.00,0.00,0.16,216,30
51702,0.0,-0.1,0.4,0.014,0.006,-1.014,4.5,-4.1,0.0,0.0000,0.0000,0.0000,0,0,0,0,0.00,0.01,2.66,0.16,0.1982,1,0,0,0.01,0.00,0.03,0.04,0.00,0.00,0.16,216,30
51712,0.1,0.0,0.3,0.016,0.004,-1.014,4.5,-4.1,0.0,0.0000,0.0000,0.0000,0,0,0,0,0.00,0.01,2.66,0.16,0.1982,1,0,0,0.01,0.00,0.03,0.04,0.00,0.00,0.16,216,30
51723,0.0,-0.1,0.0,0.015,0.004,-1.014,4.5,-4.1,0.0,0.0000,0.0000,0.0000,0,0,0,0,0.00,0.01,2.66,0.16,0.2098,1,0,0,0.01,0.00,0.03,0.04,0.00,0.00,0.16,216,30
51733,0.0,0.0,-0.2,0.016,0.005,-1.013,4.5,-4.1,0.0,0.0000,0.0000,0.0000,0,0,0,0,0.00,0.01,2.66,0.16,0.2098,1,0,0,0.01,0.00,0.03,0.04,0.00,0.00,0.16,216,30
51743,0.0,0.0,-0.4,0.015,0.005,-1.013,4.5,-4.1,0.0,0.0000,0.0000,0.0000,0,0,0,0,0.00,0.01,2.66,0.16,0.2098,1,0,0,0.01,0.00,0.03,0.05,0.00,0.00,0.16,216,30
51753,0.0,0.0,-0.4,0.015,0.007,-1.014,4.5,-4.1,0.0,0.0000,0.0000,0.0000,0,0,0,0,0.00,0.01,2.66,0.16,0.2098,1,0,0,0.01,0.00,0.03,0.05,0.00,0.00,0.16,216,30
51763,0.0,0.0,-0.3,0.014,0.008,-1.014,4.5,-4.1,0.0,0.0000,0.0000,0.0000,0,0,0,0,0.00,0.01,2.66,0.16,0.2098,1,0,0,0.01,0.00,0.03,0.05,0.00,0.00,0.16,216,30
51773,0.0,0.0,0.0,0.013,0.007,-1.014,4.5,-4.1,0.0,0.0000,0.0000,0.0000,0,0,0,0,0.00,0.01,2.66,0.16,0.2098,1,0,0,0.01,0.00,0.03,0.05,0.00,0.00,0.16,216,30
51783,0.0,0.0,0.3,0.014,0.007,-1.013,4.5,-4.1,0.0,0.0000,0.0000,0.0000,0,0,0,0,0.00,0.01,2.66,0.16,0.2098,1,0,0,0.01,0.00,0.03,0.05,0.00,0.00,0.16,216,30
51793,0.0,0.0,0.4,0.014,0.008,-1.013,4.5,-4.1,0.0,0.0000,0.0000,0.0000,0,0,0,0,0.00,0.01,2.66,0.16,0.2098,1,0,0,0.01,0.00,0.03,0.05,0.00,0.00,0.16,216,30
51803,0.0,-0.1,0.4,0.014,0.006,-1.013,4.5,-4.1,0.0,0.0000,0.0000,0.0000,0,0,0,0,0.00,0.01,2.66,0.16,0.2098,1,0,0,0.01,0.00,0.03,0.05,0.00,0.00,0.15,216,30
51813,0.0,-0.1,0.2,0.015,0.006,-1.014,4.5,-4.1,0.0,0.0000,0.0000,0.0000,0,0,0,0,0.00,0.01,2.66,0.16,0.2098,1,0,0,0.01,0.00,0.03,0.05,0.00,0.00,0.16,216,30
51823,0.0,-0.2,0.0,0.015,0.005,-1.014,4.5,-4.1,0.0,0.0000,0.0000,0.0000,0,0,0,0,0.00,0.01,2.66,0.16,0.2098,1,0,0,0.01,0.00,0.03,0.05,0.00,0.00,0.16,216,30
51833,0.0,-0.1,-0.2,0.016,0.006,-1.013,4.5,-4.1,0.0,0.0000,0.0000,0.0000,0,0,0,0,0.00,0.01,2.66,0.16,0.2098,1,0,0,0.01,0.00,0.03,0.05,0.00,0.00,0.16,216,30
# het
