t_ms,gx,gy,gz,ax,ay,az,sp_x,sp_y,sp_z,pid_x,pid_y,pid_z,m1,m2,m3,m4,roll,pitch,yaw,alt_m,thr,mode,armed,sat,sp_roll,sp_pitch,v_fwd,v_right,vt_fwd,vt_right,range_m,flow_q,est_flags
#
# chuyen bay moi, moc boot_ms = 2119854
#   nhip Hz = 100
10,0.5,0.0,0.3,0.007,0.008,-1.008,4.9,-3.9,0.0,0.0190,-0.0150,0.0000,158,231,288,215,0.00,0.01,2.62,0.14,0.0000,1,1,1,0.01,0.00,0.54,-0.06,0.00,0.00,0.14,208,30
20,0.1,-0.1,0.0,0.014,0.012,-1.017,4.9,-3.9,0.0,0.0194,-0.0149,0.0000,158,232,289,215,0.00,0.01,2.62,0.14,0.0000,1,1,1,0.01,0.00,0.54,-0.06,0.00,0.00,0.14,208,30
30,0.0,0.0,-0.3,0.016,0.011,-1.012,4.9,-3.9,0.0,0.0196,-0.0151,0.0000,158,231,290,216,0.00,0.01,2.62,0.14,0.0000,1,1,1,0.01,0.00,0.54,-0.06,0.00,0.00,0.14,208,30
40,0.0,0.0,0.0,0.012,0.007,-1.010,5.0,-3.9,0.0,0.0195,-0.0150,0.0000,158,233,290,215,0.00,0.01,2.62,0.14,0.0000,1,1,1,0.01,0.00,0.54,-0.06,0.00,0.00,0.14,208,30
50,-0.2,-0.7,0.4,0.016,0.007,-1.011,4.9,-3.9,0.0,0.0198,-0.0143,0.0000,158,233,287,212,0.00,0.01,2.62,0.14,0.0000,1,1,1,0.01,0.00,0.54,-0.06,0.00,0.00,0.14,208,30
60,-0.2,0.0,0.0,0.014,0.004,-1.011,4.9,-3.9,0.0,0.0197,-0.0150,0.0000,158,233,290,215,0.00,0.01,2.62,0.14,0.0000,1,1,1,0.01,0.00,0.54,-0.06,0.00,0.00,0.14,208,30
70,0.0,0.0,0.0,0.019,0.012,-1.013,4.9,-3.9,0.0,0.0194,-0.0151,0.0000,158,231,289,215,0.00,0.01,2.62,0.14,0.0000,1,1,1,0.01,0.00,0.54,-0.06,0.00,0.00,0.14,208,30
80,0.3,0.0,-0.1,0.012,0.005,-1.020,4.9,-3.9,0.0,0.0192,-0.0150,0.0000,158,230,288,215,0.00,0.01,2.62,0.14,0.0000,1,1,1,0.01,0.00,0.54,-0.06,0.00,0.00,0.14,208,30
90,0.2,-0.3,0.1,0.012,0.011,-1.010,4.9,-3.9,0.0,0.0193,-0.0147,0.0000,158,231,287,214,0.00,0.01,2.62,0.14,0.0000,1,1,1,0.01,0.00,0.54,-0.06,0.00,0.00,0.14,208,30
100,0.1,-0.4,0.0,0.012,0.008,-1.010,4.9,-3.9,0.0,0.0194,-0.0146,0.0000,158,232,287,213,0.00,0.01,2.62,0.14,0.0000,1,1,1,0.01,0.00,0.54,-0.06,0.00,0.00,0.14,208,30
110,0.2,0.2,-0.2,0.009,0.007,-1.014,4.9,-3.9,0.0,0.0192,-0.0152,0.0000,158,231,288,215,0.00,0.01,2.62,0.14,0.0000,1,1,1,0.01,0.00,0.54,-0.06,0.00,0.00,0.14,208,30
120,0.1,-0.2,0.0,0.011,0.015,-1.015,4.9,-3.9,0.0,0.0194,-0.0148,0.0000,158,231,287,214,0.00,0.01,2.62,0.14,0.0000,1,1,1,0.01,0.00,0.54,-0.06,0.00,0.00,0.14,208,30
130,-0.2,-0.3,0.0,0.016,0.007,-1.012,4.9,-3.9,0.0,0.0198,-0.0148,0.0000,158,233,289,214,0.00,0.01,2.62,0.14,0.0000,1,1,1,0.01,0.00,0.54,-0.06,0.00,0.00,0.14,208,30
140,0.0,-0.3,0.0,0.015,0.000,-1.014,4.9,-3.9,0.0,0.0194,-0.0147,0.0000,158,231,287,213,0.00,0.01,2.62,0.14,0.0000,1,1,1,0.01,0.00,0.54,-0.06,0.00,0.00,0.14,208,30
150,0.0,0.3,0.1,0.011,0.011,-1.011,4.9,-3.9,0.0,0.0196,-0.0154,0.0000,158,232,290,216,0.00,0.01,2.62,0.14,0.0000,1,1,1,0.01,0.00,0.54,-0.06,0.00,0.00,0.14,208,30
161,0.0,0.2,0.2,0.014,0.011,-1.015,4.9,-3.9,0.0,0.0194,-0.0153,0.0000,158,231,290,216,0.00,0.01,2.62,0.14,0.0000,1,1,1,0.01,0.00,0.54,-0.06,0.00,0.00,0.14,208,30
171,0.1,-0.1,0.0,0.016,0.005,-1.012,4.9,-3.9,0.0,0.0193,-0.0150,0.0000,158,231,288,215,0.00,0.01,2.62,0.14,0.0000,1,1,1,0.01,0.00,0.54,-0.06,0.00,0.00,0.14,208,30
181,0.2,0.0,0.0,0.015,0.002,-1.009,4.9,-3.9,0.0,0.0193,-0.0150,0.0000,158,232,289,215,0.00,0.01,2.62,0.14,0.0000,1,1,1,0.01,0.00,0.54,-0.06,0.00,0.00,0.14,208,30
191,0.1,0.0,0.0,0.009,0.010,-1.013,4.9,-3.9,0.0,0.0194,-0.0151,0.0000,158,231,288,215,0.00,0.01,2.62,0.14,0.0000,1,1,1,0.01,0.00,0.54,-0.06,0.00,0.00,0.14,208,30
201,0.2,0.2,0.0,0.006,0.013,-1.014,4.9,-3.9,0.0,0.0193,-0.0153,0.0000,158,231,289,216,0.00,0.01,2.62,0.14,0.0000,1,1,1,0.01,0.00,0.54,-0.06,0.00,0.00,0.14,208,30
211,-0.2,0.0,0.0,0.017,0.004,-1.011,4.9,-3.9,0.0,0.0197,-0.0151,0.0000,158,233,291,215,0.00,0.01,2.62,0.14,0.0000,1,1,1,0.01,0.00,0.54,-0.06,0.00,0.00,0.14,208,30
221,-0.4,-0.5,0.1,0.016,0.003,-1.022,4.9,-3.9,0.0,0.0200,-0.0147,0.0000,158,234,290,214,0.00,0.01,2.62,0.14,0.0000,1,1,1,0.01,0.00,0.54,-0.06,0.00,0.00,0.14,208,30
231,-0.1,0.0,-0.3,0.010,0.005,-1.012,4.9,-3.9,0.0,0.0197,-0.0150,0.0000,158,232,289,215,0.00,0.01,2.62,0.14,0.0000,1,1,1,0.01,0.00,0.54,-0.06,0.00,0.00,0.14,208,30
241,0.1,-0.2,0.0,0.011,0.005,-1.013,4.9,-3.9,0.0,0.0193,-0.0148,0.0000,158,231,286,214,0.00,0.01,2.62,0.14,0.0000,1,1,1,0.01,0.00,0.54,-0.06,0.00,0.00,0.14,208,30
251,0.0,0.0,0.0,0.014,0.007,-1.023,4.9,-3.9,0.0,0.0194,-0.0151,0.0000,158,231,289,215,0.00,0.01,2.62,0.14,0.0000,1,1,1,0.01,0.00,0.54,-0.06,0.00,0.00,0.14,208,30
261,0.2,0.0,0.0,0.018,0.013,-1.015,4.9,-3.9,0.0,0.0192,-0.0150,0.0000,158,231,288,215,0.00,0.01,2.62,0.14,0.0000,1,1,1,0.01,0.00,0.54,-0.06,0.00,0.00,0.14,208,30
272,0.1,-0.4,0.0,0.015,0.006,-1.013,4.9,-3.9,0.0,0.0194,-0.0146,0.0000,158,231,286,213,0.00,0.01,2.62,0.14,0.0000,1,1,1,0.01,0.00,0.54,-0.06,0.00,0.00,0.14,208,30
282,0.1,-0.1,0.2,0.009,0.004,-1.017,4.9,-3.9,0.0,0.0194,-0.0149,0.0000,158,231,287,214,0.00,0.01,2.62,0.14,0.0000,1,1,1,0.01,0.00,0.54,-0.06,0.00,0.00,0.14,208,30
292,0.0,-0.2,0.0,0.017,0.009,-1.010,4.9,-3.9,0.0,0.0195,-0.0149,0.0000,158,232,288,214,0.00,0.01,2.62,0.14,0.0000,1,1,1,0.01,0.00,0.54,-0.06,0.00,0.00,0.14,208,30
302,-0.3,0.2,-0.3,0.012,0.006,-1.017,4.9,-3.9,0.0,0.0199,-0.0153,0.0000,158,233,292,216,0.00,0.01,2.62,0.14,0.0000,1,1,1,0.01,0.00,0.54,-0.06,0.00,0.00,0.14,209,30
312,0.2,-0.4,0.1,0.012,0.008,-1.019,4.9,-3.9,0.0,0.0193,-0.0146,0.0000,158,231,286,213,0.00,0.01,2.62,0.14,0.0000,1,1,1,0.01,0.00,0.54,-0.06,0.00,0.00,0.14,208,30
322,0.2,-0.3,0.2,0.012,0.003,-1.012,4.9,-3.9,0.0,0.0192,-0.0147,0.0000,158,231,286,214,0.00,0.01,2.62,0.14,0.0000,1,1,1,0.01,0.00,0.54,-0.06,0.00,0.00,0.15,208,30
332,0.0,0.1,-0.2,0.011,0.003,-1.016,4.9,-3.9,0.0,0.0196,-0.0152,0.0000,158,231,288,215,0.00,0.01,2.62,0.14,0.0000,1,1,1,0.01,0.00,0.54,-0.06,0.00,0.00,0.15,208,30
342,0.3,0.2,-0.2,0.014,0.012,-1.012,4.9,-3.9,0.0,0.0192,-0.0154,0.0000,158,231,289,216,0.00,0.01,2.62,0.14,0.0000,1,1,1,0.01,0.00,0.54,-0.06,0.00,0.00,0.15,208,30
352,0.3,0.0,0.5,0.013,0.010,-1.008,4.9,-3.9,0.0,0.0191,-0.0150,0.0000,158,232,289,215,0.00,0.01,2.62,0.14,0.0000,1,1,1,0.01,0.00,0.54,-0.06,0.00,0.00,0.15,208,30
362,0.0,-0.3,-0.1,0.017,0.004,-1.013,4.9,-3.9,0.0,0.0195,-0.0148,0.0000,158,232,289,214,0.00,0.01,2.62,0.14,0.0000,1,1,1,0.01,0.00,0.54,-0.06,0.00,0.00,0.15,208,30
373,0.3,0.1,-0.2,0.015,0.008,-1.014,4.9,-3.9,0.0,0.0192,-0.0153,0.0000,158,231,289,216,0.00,0.01,2.62,0.15,0.0000,1,1,1,0.01,0.00,0.54,-0.06,0.00,0.00,0.16,208,30
383,-0.1,0.3,0.1,0.012,0.005,-1.010,4.9,-3.9,0.0,0.0197,-0.0154,0.0000,158,233,291,216,0.00,0.01,2.62,0.15,0.0000,1,1,1,0.01,0.00,0.54,-0.06,0.00,0.00,0.15,208,30
393,-0.3,-0.3,0.0,0.015,0.004,-1.020,4.9,-3.9,0.0,0.0198,-0.0147,0.0000,158,233,290,214,0.00,0.01,2.62,0.15,0.0000,1,1,1,0.01,0.00,0.54,-0.06,0.00,0.00,0.15,208,30
403,0.0,-0.4,-0.2,0.020,0.004,-1.015,4.9,-3.9,0.0,0.0195,-0.0146,0.0000,158,232,288,214,0.00,0.01,2.62,0.15,0.0000,1,1,1,0.01,0.00,0.54,-0.06,0.00,0.00,0.15,208,30
413,0.2,0.0,0.2,0.011,0.005,-1.018,4.9,-3.9,0.0,0.0193,-0.0150,0.0000,158,231,288,215,0.00,0.01,2.62,0.15,0.0000,1,1,1,0.01,0.00,0.54,-0.06,0.00,0.00,0.15,208,30
423,0.2,0.2,-0.1,0.008,0.001,-1.017,4.9,-3.9,0.0,0.0192,-0.0151,0.0000,158,231,288,215,0.00,0.01,2.62,0.15,0.0000,1,1,1,0.01,0.00,0.54,-0.06,0.00,0.00,0.15,208,30
433,0.2,-0.1,0.0,0.010,0.009,-1.017,4.9,-3.9,0.0,0.0193,-0.0149,0.0000,158,231,288,215,0.00,0.01,2.62,0.15,0.0000,1,1,1,0.01,0.00,0.54,-0.06,0.00,0.00,0.16,208,30
443,0.2,-0.4,0.2,0.018,0.003,-1.010,4.9,-3.9,0.0,0.0193,-0.0147,0.0000,158,232,288,214,0.00,0.01,2.62,0.15,0.0000,1,1,1,0.01,0.00,0.54,-0.06,0.00,0.00,0.16,208,30
453,0.2,-0.2,0.0,0.010,0.005,-1.018,4.9,-3.9,0.0,0.0192,-0.0147,0.0000,158,231,286,214,0.00,0.01,2.62,0.15,0.0000,1,1,1,0.01,0.00,0.54,-0.06,0.00,0.00,0.16,208,30
463,0.0,-0.3,-0.3,0.009,0.002,-1.014,4.9,-3.9,0.0,0.0195,-0.0147,0.0000,158,232,287,213,0.00,0.01,2.62,0.15,0.0000,1,1,1,0.01,0.00,0.54,-0.06,0.00,0.00,0.16,208,30
473,0.0,0.0,0.0,0.013,0.005,-1.017,4.9,-3.9,0.0,0.0196,-0.0149,0.0000,158,232,288,214,0.00,0.01,2.62,0.15,0.0000,1,1,1,0.01,0.00,0.54,-0.06,0.00,0.00,0.16,208,30
484,0.0,-0.3,0.2,0.016,0.007,-1.015,4.9,-3.9,0.0,0.0195,-0.0148,0.0000,158,232,288,214,0.00,0.01,2.62,0.15,0.0000,1,1,1,0.01,0.00,0.54,-0.06,0.00,0.00,0.16,208,30
494,0.0,0.0,-0.4,0.014,0.002,-1.013,4.9,-3.9,0.0,0.0195,-0.0150,0.0000,158,232,289,215,0.00,0.01,2.62,0.15,0.0000,1,1,1,0.01,0.00,0.54,-0.06,0.00,0.00,0.16,208,30
504,0.0,-0.1,0.1,0.010,0.003,-1.013,4.9,-3.9,0.0,0.0193,-0.0147,0.0000,158,231,286,213,0.00,0.01,2.62,0.15,0.0000,1,1,1,0.01,0.00,0.54,-0.06,0.00,0.00,0.16,208,30
514,0.1,-0.2,0.1,0.015,0.002,-1.018,4.9,-3.9,0.0,0.0193,-0.0148,0.0000,158,231,287,214,0.00,0.01,2.62,0.15,0.0000,1,1,1,0.01,0.00,0.54,-0.06,0.00,0.00,0.16,208,30
524,-0.1,0.2,-0.2,0.014,0.000,-1.009,4.9,-3.9,0.0,0.0197,-0.0153,0.0000,158,233,291,216,0.00,0.01,2.62,0.15,0.0000,1,1,1,0.01,0.00,0.54,-0.06,0.00,0.00,0.16,208,30
534,-0.2,0.1,-0.1,0.015,0.006,-1.016,4.9,-3.9,0.0,0.0197,-0.0152,0.0000,158,233,291,216,0.00,0.01,2.62,0.15,0.0000,1,1,1,0.01,0.00,0.54,-0.06,0.00,0.00,0.16,208,30
544,0.2,0.0,0.5,0.015,-0.001,-1.015,4.9,-3.9,0.0,0.0193,-0.0150,0.0000,158,231,288,215,0.00,0.01,2.62,0.15,0.0000,1,1,1,0.01,0.00,0.54,-0.06,0.00,0.00,0.16,208,30
554,-0.3,-0.2,-0.2,0.012,-0.001,-1.022,4.9,-3.9,0.0,0.0198,-0.0148,0.0000,158,233,288,213,0.00,0.01,2.62,0.15,0.0000,1,1,1,0.01,0.00,0.54,-0.06,0.00,0.00,0.16,208,30
564,-0.3,0.0,-0.4,0.017,0.002,-1.013,4.9,-3.9,0.0,0.0199,-0.0152,0.0000,158,233,291,215,0.00,0.01,2.62,0.15,0.0000,1,1,1,0.01,0.00,0.54,-0.06,0.00,0.00,0.16,208,30
574,0.0,0.0,0.3,0.018,0.004,-1.013,4.9,-3.9,0.0,0.0195,-0.0152,0.0000,158,232,289,216,0.00,0.01,2.62,0.15,0.0000,1,1,1,0.01,0.00,0.54,-0.06,0.00,0.00,0.16,208,30
584,0.1,-0.1,0.4,0.015,0.007,-1.012,4.9,-3.9,0.0,0.0193,-0.0148,0.0000,158,231,287,214,0.00,0.01,2.62,0.15,0.0000,1,1,1,0.01,0.00,0.54,-0.06,0.00,0.00,0.16,208,30
594,0.3,-0.2,-0.4,0.013,-0.001,-1.018,4.9,-3.9,0.0,0.0191,-0.0148,0.0000,158,230,286,214,0.00,0.01,2.62,0.15,0.0000,1,1,1,0.01,0.00,0.54,-0.06,0.00,0.00,0.16,208,30
605,0.3,-0.2,-0.1,0.011,0.009,-1.018,4.9,-3.9,0.0,0.0191,-0.0147,0.0000,158,231,287,214,0.00,0.01,2.62,0.15,0.0000,1,1,1,0.01,0.00,0.54,-0.06,0.00,0.00,0.16,208,30
615,0.1,0.0,0.1,0.013,0.005,-1.013,4.9,-3.9,0.0,0.0193,-0.0151,0.0000,158,231,289,216,0.00,0.01,2.62,0.15,0.0000,1,1,1,0.01,0.00,0.54,-0.06,0.00,0.00,0.15,208,30
625,0.3,-0.3,0.2,0.010,0.004,-1.014,4.9,-3.9,0.0,0.0192,-0.0146,0.0000,158,231,287,214,0.00,0.01,2.62,0.15,0.0000,1,1,1,0.01,0.00,0.54,-0.06,0.00,0.00,0.16,208,30
635,0.0,-0.5,-0.1,0.012,0.002,-1.015,4.9,-3.9,0.0,0.0195,-0.0144,0.0000,158,232,287,213,0.00,0.01,2.62,0.15,0.0000,1,1,1,0.01,0.00,0.54,-0.06,0.00,0.00,0.16,208,30
645,0.0,0.0,-0.2,0.012,0.002,-1.016,4.9,-3.9,0.0,0.0196,-0.0151,0.0000,158,232,290,215,0.00,0.01,2.62,0.15,0.0000,1,1,1,0.01,0.00,0.54,-0.06,0.00,0.00,0.16,208,30
655,0.1,-0.2,0.0,0.014,0.008,-1.019,4.9,-3.9,0.0,0.0194,-0.0148,0.0000,158,232,288,214,0.00,0.01,2.62,0.15,0.0000,1,1,1,0.01,0.00,0.54,-0.06,0.00,0.00,0.16,208,30
665,0.0,-0.1,-0.1,0.017,0.007,-1.007,4.9,-3.9,0.0,0.0194,-0.0149,0.0000,158,232,288,214,0.00,0.01,2.62,0.15,0.0000,1,1,1,0.01,0.00,0.54,-0.06,0.00,0.00,0.16,208,30
675,0.0,-0.1,0.0,0.017,0.001,-1.012,4.9,-3.9,0.0,0.0193,-0.0148,0.0000,158,231,287,214,0.00,0.01,2.62,0.15,0.0000,1,1,1,0.01,0.00,0.54,-0.06,0.00,0.00,0.15,208,30
685,0.3,0.0,0.1,0.012,0.000,-1.018,4.9,-3.9,0.0,0.0192,-0.0151,0.0000,158,230,287,215,0.00,0.01,2.62,0.15,0.0000,1,1,1,0.01,0.00,0.54,-0.06,0.00,0.00,0.16,208,30
695,0.0,0.3,0.0,0.015,0.001,-1.013,4.9,-3.9,0.0,0.0195,-0.0154,0.0000,158,232,290,216,0.00,0.01,2.62,0.15,0.0000,1,1,1,0.01,0.00,0.54,-0.06,0.00,0.00,0.16,208,30
705,0.0,-0.1,0.0,0.017,0.006,-1.017,4.9,-3.9,0.0,0.0195,-0.0150,0.0000,158,232,288,215,0.00,0.01,2.62,0.15,0.0000,1,1,1,0.01,0.00,0.54,-0.06,0.00,0.00,0.16,208,30
715,0.0,0.1,0.1,0.014,0.006,-1.021,4.9,-3.9,0.0,0.0196,-0.0152,0.0000,158,232,290,215,0.00,0.01,2.62,0.16,0.0000,1,1,1,0.01,0.00,0.54,-0.06,0.00,0.00,0.16,208,30
726,-0.4,-0.1,-0.1,0.012,0.001,-1.014,4.9,-3.9,0.0,0.0200,-0.0149,0.0000,158,232,288,214,0.00,0.01,2.62,0.16,0.0000,1,1,1,0.01,0.00,0.54,-0.06,0.00,0.00,0.16,208,30
736,0.0,-0.1,-0.1,0.016,0.000,-1.022,4.9,-3.9,0.0,0.0195,-0.0150,0.0000,158,232,288,215,0.00,0.01,2.62,0.16,0.0000,1,1,1,0.01,0.00,0.54,-0.06,0.00,0.00,0.16,208,30
746,-0.1,0.0,-0.1,0.016,0.001,-1.018,4.9,-3.9,0.0,0.0197,-0.0151,0.0000,158,232,290,216,0.00,0.01,2.62,0.16,0.0000,1,1,1,0.01,0.00,0.54,-0.06,0.00,0.00,0.16,208,30
756,0.1,-0.2,0.0,0.016,0.006,-1.014,4.9,-3.9,0.0,0.0193,-0.0148,0.0000,158,231,287,214,0.00,0.01,2.62,0.16,0.0000,1,1,1,0.01,0.00,0.54,-0.06,0.00,0.00,0.16,208,30
766,0.5,0.0,0.2,0.011,0.009,-1.011,4.9,-3.9,0.0,0.0188,-0.0150,0.0000,158,229,286,215,0.00,0.01,2.62,0.16,0.0000,1,1,1,0.01,0.00,0.54,-0.06,0.00,0.00,0.16,208,30
776,0.4,-0.5,0.1,0.013,0.003,-1.017,4.9,-3.9,0.0,0.0190,-0.0145,0.0000,158,230,285,212,0.00,0.01,2.62,0.16,0.0000,1,1,1,0.01,0.00,0.54,-0.06,0.00,0.00,0.16,208,30
786,0.2,-0.2,-0.1,0.017,0.002,-1.015,4.9,-3.9,0.0,0.0194,-0.0149,0.0000,158,231,288,215,0.00,0.01,2.62,0.16,0.0000,1,1,1,0.01,0.00,0.54,-0.06,0.00,0.00,0.16,208,30
796,0.0,-0.3,0.0,0.010,0.004,-1.020,4.9,-3.9,0.0,0.0195,-0.0147,0.0000,158,232,289,214,0.00,0.01,2.62,0.16,0.0000,1,1,1,0.01,0.00,0.54,-0.06,0.00,0.00,0.16,208,30
806,0.0,-0.4,0.2,0.010,0.008,-1.016,4.9,-3.9,0.0,0.0196,-0.0145,0.0000,158,232,287,213,0.00,0.01,2.62,0.16,0.0000,1,1,1,0.01,0.00,0.54,-0.06,0.00,0.00,0.16,208,30
816,0.0,0.0,0.0,0.015,0.001,-1.012,4.9,-3.9,0.0,0.0195,-0.0149,0.0000,158,232,288,214,0.00,0.01,2.62,0.16,0.0000,1,1,1,0.01,0.00,0.54,-0.06,0.00,0.00,0.16,208,30
827,0.0,-0.2,-0.2,0.019,0.004,-1.018,4.9,-3.9,0.0,0.0196,-0.0148,0.0000,158,232,289,215,0.00,0.01,2.62,0.16,0.0000,1,1,1,0.01,0.00,0.54,-0.06,0.00,0.00,0.16,208,30
837,0.0,0.0,-0.1,0.017,0.004,-1.014,4.9,-3.9,0.0,0.0196,-0.0152,0.0000,158,232,290,215,0.00,0.01,2.62,0.16,0.0000,1,1,1,0.01,0.00,0.54,-0.06,0.00,0.00,0.16,208,30
847,0.0,0.0,0.2,0.012,0.000,-1.017,4.9,-3.9,0.0,0.0194,-0.0151,0.0000,158,230,287,215,0.00,0.01,2.62,0.16,0.0000,1,1,1,0.01,0.00,0.54,-0.06,0.00,0.00,0.16,208,30
857,0.4,-0.2,-0.1,0.015,0.005,-1.017,4.9,-3.9,0.0,0.0190,-0.0147,0.0000,158,230,285,213,0.00,0.01,2.62,0.16,0.0000,1,1,1,0.01,0.00,0.54,-0.06,0.00,0.00,0.16,208,30
867,0.0,0.1,0.0,0.017,0.002,-1.012,4.9,-3.9,0.0,0.0196,-0.0152,0.0000,158,232,289,215,0.00,0.01,2.62,0.16,0.0000,1,1,1,0.01,0.00,0.54,-0.06,0.00,0.00,0.16,208,30
877,0.1,0.1,0.2,0.016,0.004,-1.013,4.9,-3.9,0.0,0.0194,-0.0152,0.0000,158,232,289,216,0.00,0.01,2.62,0.16,0.0000,1,1,1,0.01,0.00,0.54,-0.06,0.00,0.00,0.16,208,30
887,0.0,0.3,0.0,0.014,0.008,-1.023,4.9,-3.9,0.0,0.0194,-0.0154,0.0000,158,232,290,216,0.00,0.01,2.62,0.16,0.0000,1,1,1,0.01,0.00,0.54,-0.06,0.00,0.00,0.16,208,30
897,-0.2,-0.3,-0.2,0.015,0.000,-1.013,4.9,-3.9,0.0,0.0198,-0.0147,0.0000,158,232,286,212,0.00,0.01,2.62,0.16,0.0000,1,1,1,0.01,0.00,0.54,-0.06,0.00,0.00,0.16,208,30
907,-0.1,0.0,0.3,0.017,-0.001,-1.011,4.9,-3.9,0.0,0.0197,-0.0150,0.0000,158,232,289,215,0.00,0.01,2.62,0.16,0.0000,1,1,1,0.01,0.00,0.54,-0.06,0.00,0.00,0.16,208,30
917,0.1,0.1,-0.2,0.017,0.002,-1.016,4.9,-3.9,0.0,0.0194,-0.0153,0.0000,158,232,290,216,0.00,0.01,2.62,0.16,0.0000,1,1,1,0.01,0.00,0.54,-0.06,0.00,0.00,0.16,208,30
927,0.1,-0.1,-0.2,0.014,0.004,-1.020,4.9,-3.9,0.0,0.0193,-0.0149,0.0000,158,231,288,214,0.00,0.01,2.62,0.16,0.0000,1,1,1,0.01,0.00,0.54,-0.06,0.00,0.00,0.16,208,30
938,0.4,-0.4,0.1,0.009,0.012,-1.018,4.9,-3.9,0.0,0.0190,-0.0146,0.0000,158,230,286,214,0.00,0.01,2.62,0.16,0.0000,1,1,1,0.01,0.00,0.54,-0.06,0.00,0.00,0.16,208,30
948,0.4,-0.4,0.1,0.013,0.009,-1.015,4.9,-3.9,0.0,0.0191,-0.0145,0.0000,158,230,285,213,0.00,0.01,2.62,0.16,0.0000,1,1,1,0.01,0.00,0.54,-0.06,0.00,0.00,0.16,208,30
958,0.0,0.1,-0.4,0.014,0.005,-1.008,4.9,-3.9,0.0,0.0194,-0.0152,0.0000,158,231,290,216,0.00,0.01,2.62,0.16,0.0000,1,1,1,0.01,0.00,0.54,-0.06,0.00,0.00,0.16,208,30
968,0.0,0.0,0.0,0.012,0.009,-1.013,4.9,-3.9,0.0,0.0195,-0.0152,0.0000,158,232,290,216,0.00,0.01,2.62,0.16,0.0000,1,1,1,0.01,0.00,0.54,-0.06,0.00,0.00,0.16,208,30
978,0.0,-0.9,0.5,0.016,0.009,-1.023,4.9,-3.9,0.0,0.0196,-0.0142,0.0000,158,232,286,212,0.00,0.01,2.62,0.16,0.0000,1,1,1,0.01,0.00,0.54,-0.06,0.00,0.00,0.16,209,30
988,-0.1,-0.3,-0.4,0.013,0.001,-1.020,4.9,-3.9,0.0,0.0196,-0.0147,0.0000,158,232,289,214,0.00,0.01,2.62,0.16,0.0000,1,1,1,0.01,0.00,0.54,-0.06,0.00,0.00,0.16,209,30
998,0.0,0.1,0.0,0.013,0.000,-1.015,4.9,-3.9,0.0,0.0195,-0.0153,0.0000,158,232,290,216,0.00,0.01,2.62,0.16,0.0000,1,1,1,0.01,0.00,0.54,-0.06,0.00,0.00,0.16,209,30
1008,0.0,0.1,0.1,0.013,0.000,-1.015,4.9,-3.9,0.0,0.0195,-0.0153,0.0000,158,232,290,216,0.00,0.01,2.62,0.16,0.0000,1,1,1,0.01,0.00,0.54,-0.06,0.00,0.00,0.16,209,30
1018,0.0,0.0,-0.1,0.013,0.005,-1.014,4.9,-3.9,0.0,0.0194,-0.0150,0.0000,158,231,287,214,0.00,0.01,2.62,0.16,0.0000,1,1,1,0.01,0.00,0.54,-0.06,0.00,0.00,0.16,209,30
1028,0.1,-0.2,-0.3,0.016,0.007,-1.019,4.9,-3.9,0.0,0.0192,-0.0148,0.0000,158,230,287,214,0.00,0.01,2.62,0.16,0.0000,1,1,1,0.01,0.00,0.54,-0.06,0.00,0.00,0.16,209,30
1038,0.1,0.0,0.5,0.015,0.008,-1.011,4.9,-3.9,0.0,0.0193,-0.0151,0.0000,158,231,288,215,0.00,0.01,2.62,0.16,0.0000,1,1,1,0.01,0.00,0.54,-0.06,0.00,0.00,0.16,209,30
1049,0.3,0.0,0.1,0.014,0.005,-1.012,4.9,-3.9,0.0,0.0192,-0.0148,0.0000,158,231,286,213,0.00,0.01,2.62,0.16,0.0000,1,1,1,0.01,0.00,0.54,-0.06,0.00,0.00,0.16,209,30
1059,-0.1,0.0,-0.4,0.018,0.000,-1.015,4.9,-3.9,0.0,0.0196,-0.0152,0.0000,158,232,290,215,0.00,0.01,2.62,0.16,0.0000,1,1,1,0.01,0.00,0.54,-0.06,0.00,0.00,0.16,209,30
1069,-0.3,0.0,0.1,0.014,0.000,-1.016,4.9,-3.9,0.0,0.0199,-0.0151,0.0000,158,232,289,215,0.00,0.01,2.62,0.16,0.0000,1,1,1,0.01,0.00,0.54,-0.06,0.00,0.00,0.16,209,30
1079,0.0,0.0,0.2,0.018,0.000,-1.019,4.9,-3.9,0.0,0.0193,-0.0150,0.0000,158,231,288,215,0.00,0.01,2.62,0.16,0.0000,1,1,1,0.01,0.00,0.54,-0.06,0.00,0.00,0.16,209,30
1089,0.0,0.1,-0.3,0.015,0.007,-1.007,4.9,-3.9,0.0,0.0194,-0.0152,0.0000,158,231,289,215,0.00,0.01,2.62,0.16,0.0000,1,1,1,0.01,0.00,0.54,-0.06,0.00,0.00,0.16,209,30
1099,0.0,0.1,-0.1,0.015,0.008,-1.013,4.9,-3.9,0.0,0.0194,-0.0152,0.0000,158,232,289,215,0.00,0.01,2.62,0.16,0.0000,1,1,1,0.01,0.00,0.54,-0.06,0.00,0.00,0.16,209,30
1109,0.2,0.0,0.3,0.013,0.007,-1.014,4.9,-3.9,0.0,0.0192,-0.0152,0.0000,158,231,290,216,0.00,0.01,2.62,0.16,0.0000,1,1,1,0.01,0.00,0.54,-0.06,0.00,0.00,0.16,209,30
1119,0.1,-0.4,-0.1,0.014,0.009,-1.022,4.9,-3.9,0.0,0.0193,-0.0146,0.0000,158,231,286,213,0.00,0.01,2.62,0.16,0.0000,1,1,1,0.01,0.00,0.54,-0.06,0.00,0.00,0.16,209,30
1129,0.1,-0.3,-0.2,0.018,0.010,-1.010,4.9,-3.9,0.0,0.0193,-0.0148,0.0000,158,231,287,214,0.00,0.01,2.62,0.16,0.0000,1,1,1,0.01,0.00,0.54,-0.06,0.00,0.00,0.16,209,30
1139,-0.1,0.1,0.0,0.014,0.004,-1.011,4.9,-3.9,0.0,0.0198,-0.0153,0.0000,158,234,292,216,0.00,0.01,2.62,0.16,0.0000,1,1,1,0.01,0.00,0.54,-0.06,0.00,0.00,0.16,209,30
1149,-0.4,-0.1,0.0,0.015,0.003,-1.016,4.9,-3.9,0.0,0.0200,-0.0149,0.0000,158,232,290,216,0.00,0.01,2.62,0.16,0.0000,1,1,1,0.01,0.00,0.54,-0.06,0.00,0.00,0.16,209,30
1160,0.0,-0.2,-0.1,0.012,0.001,-1.015,4.9,-3.9,0.0,0.0195,-0.0148,0.0000,158,231,288,215,0.00,0.01,2.62,0.16,0.0000,1,1,1,0.01,0.00,0.54,-0.06,0.00,0.00,0.16,209,30
1170,0.2,-0.3,0.2,0.016,0.016,-1.020,4.9,-3.9,0.0,0.0192,-0.0147,0.0000,158,231,287,214,0.00,0.01,2.62,0.16,0.0000,1,1,1,0.01,0.00,0.54,-0.06,0.00,0.00,0.16,209,30
1180,0.0,0.1,-0.2,0.017,0.007,-1.009,4.9,-3.9,0.0,0.0194,-0.0151,0.0000,158,231,288,215,0.00,0.01,2.62,0.16,0.0000,1,1,1,0.01,0.00,0.54,-0.06,0.00,0.00,0.16,209,30
1190,0.0,0.3,0.0,0.013,0.004,-1.012,4.9,-3.9,0.0,0.0194,-0.0154,0.0000,158,231,289,216,0.00,0.01,2.62,0.16,0.0000,1,1,1,0.01,0.00,0.54,-0.06,0.00,0.00,0.16,209,30
1200,0.4,-0.4,0.1,0.014,0.012,-1.018,4.9,-3.9,0.0,0.0190,-0.0146,0.0000,158,230,286,214,0.00,0.01,2.62,0.16,0.0000,1,1,1,0.01,0.00,0.54,-0.06,0.00,0.00,0.16,209,30
1210,0.1,-0.3,0.0,0.012,0.012,-1.021,4.9,-3.9,0.0,0.0193,-0.0147,0.0000,158,231,287,214,0.00,0.01,2.62,0.16,0.0000,1,1,1,0.01,0.00,0.54,-0.06,0.00,0.00,0.15,209,30
1220,0.0,-0.2,-0.1,0.016,0.008,-1.010,4.9,-3.9,0.0,0.0195,-0.0148,0.0000,158,232,287,213,0.00,0.01,2.62,0.16,0.0000,1,1,1,0.01,0.00,0.54,-0.06,0.00,0.00,0.15,209,30
1230,0.0,0.5,0.0,0.010,0.004,-1.014,4.9,-3.9,0.0,0.0195,-0.0154,0.0000,158,232,290,216,0.00,0.01,2.62,0.16,0.0000,1,1,1,0.01,0.00,0.54,-0.06,0.00,0.00,0.16,209,30
1240,-0.1,-0.4,0.1,0.012,0.007,-1.012,4.9,-3.9,0.0,0.0196,-0.0146,0.0000,158,231,286,214,0.00,0.01,2.62,0.16,0.0000,1,1,1,0.01,0.00,0.54,-0.06,0.00,0.00,0.15,209,30
1250,0.1,-0.2,0.0,0.018,0.010,-1.021,4.9,-3.9,0.0,0.0193,-0.0148,0.0000,158,231,287,215,0.00,0.01,2.62,0.16,0.0000,1,1,1,0.01,0.00,0.54,-0.06,0.00,0.00,0.15,209,30
1261,0.0,0.0,-0.2,0.014,0.006,-1.013,4.9,-3.9,0.0,0.0195,-0.0151,0.0000,158,232,290,216,0.00,0.01,2.62,0.16,0.0000,1,1,1,0.01,0.00,0.54,-0.06,0.00,0.00,0.15,209,30
1271,0.2,0.2,0.1,0.014,0.009,-1.007,4.9,-3.9,0.0,0.0193,-0.0153,0.0000,158,231,289,215,0.00,0.01,2.62,0.16,0.0000,1,1,1,0.01,0.00,0.54,-0.06,0.00,0.00,0.16,209,30
1281,0.3,-0.1,0.4,0.011,0.012,-1.008,4.9,-3.9,0.0,0.0193,-0.0148,0.0000,158,232,288,214,0.00,0.01,2.62,0.16,0.0000,1,1,1,0.01,0.00,0.54,-0.06,0.00,0.00,0.16,209,30
1291,0.0,-0.5,-0.1,0.014,0.010,-1.017,4.9,-3.9,0.0,0.0195,-0.0145,0.0000,158,232,289,214,0.00,0.01,2.62,0.16,0.0000,1,1,1,0.01,0.00,0.54,-0.06,0.00,0.00,0.16,209,30
1301,0.0,-0.1,-0.2,0.020,0.014,-1.014,4.9,-4.0,0.0,0.0194,-0.0149,0.0000,158,231,288,215,0.00,0.01,2.62,0.16,0.0000,1,1,1,0.01,0.00,0.54,-0.06,0.00,0.00,0.16,209,30
1311,0.0,0.0,0.1,0.015,0.011,-1.013,4.9,-4.0,0.0,0.0197,-0.0151,0.0000,158,233,290,215,0.00,0.01,2.62,0.16,0.0000,1,1,1,0.01,0.00,0.54,-0.06,0.00,0.00,0.16,209,30
1321,-0.2,-0.5,0.1,0.015,0.006,-1.017,4.9,-4.0,0.0,0.0198,-0.0146,0.0000,158,232,288,213,0.00,0.01,2.62,0.16,0.0000,1,1,1,0.01,0.00,0.54,-0.06,0.00,0.00,0.16,209,30
1331,-0.1,0.0,-0.4,0.015,0.004,-1.016,4.9,-4.0,0.0,0.0196,-0.0153,0.0000,158,232,291,216,0.00,0.01,2.62,0.16,0.0000,1,1,1,0.01,0.00,0.54,-0.06,0.00,0.00,0.16,209,30
1341,0.0,-0.1,0.0,0.018,0.017,-1.011,4.9,-4.0,0.0,0.0194,-0.0150,0.0000,158,232,289,215,0.00,0.01,2.62,0.16,0.0000,1,1,1,0.01,0.00,0.54,-0.06,0.00,0.00,0.16,209,30
1351,0.1,0.1,0.1,0.018,0.010,-1.015,4.9,-3.9,0.0,0.0193,-0.0151,0.0000,158,231,288,215,0.00,0.01,2.62,0.16,0.0000,1,1,1,0.01,0.00,0.54,-0.06,0.00,0.00,0.16,209,30
1361,0.1,0.0,-0.1,0.012,0.003,-1.016,4.9,-3.9,0.0,0.0193,-0.0150,0.0000,158,230,287,214,0.00,0.01,2.62,0.16,0.0000,1,1,1,0.01,0.00,0.54,-0.06,0.00,0.00,0.15,209,30
1372,0.0,0.0,-0.2,0.015,0.004,-1.014,4.9,-4.0,0.0,0.0195,-0.0150,0.0000,158,232,289,214,0.00,0.01,2.62,0.16,0.0000,1,1,1,0.01,0.00,0.54,-0.06,0.00,0.00,0.15,209,30
1382,-0.1,0.0,0.2,0.009,0.017,-1.023,4.9,-4.0,0.0,0.0195,-0.0151,0.0000,158,232,289,215,0.00,0.01,2.62,0.16,0.0000,1,1,1,0.01,0.00,0.54,-0.06,0.00,0.00,0.16,209,30
1392,0.2,-0.3,0.1,0.017,0.014,-1.011,4.9,-3.9,0.0,0.0192,-0.0147,0.0000,158,231,286,213,0.00,0.01,2.62,0.16,0.0000,1,1,1,0.01,0.00,0.54,-0.06,0.00,0.00,0.16,209,30
1402,0.0,-0.1,-0.2,0.015,0.006,-1.012,4.9,-3.9,0.0,0.0195,-0.0149,0.0000,158,232,288,214,0.00,0.01,2.62,0.16,0.0000,1,1,1,0.01,0.00,0.54,-0.06,0.00,0.00,0.16,209,30
1412,-0.1,0.0,0.0,0.018,0.002,-1.017,4.9,-4.0,0.0,0.0194,-0.0150,0.0000,158,231,288,215,0.00,0.01,2.62,0.16,0.0000,1,1,1,0.01,0.00,0.54,-0.06,0.00,0.00,0.15,209,30
1422,0.0,0.4,0.2,0.017,0.012,-1.012,4.9,-4.0,0.0,0.0194,-0.0156,0.0000,158,231,290,217,0.00,0.01,2.62,0.16,0.0000,1,1,1,0.01,0.00,0.54,-0.06,0.00,0.00,0.15,209,30
1432,0.1,0.0,-0.3,0.012,0.012,-1.010,4.9,-4.0,0.0,0.0193,-0.0151,0.0000,158,231,288,215,0.00,0.01,2.62,0.16,0.0000,1,1,1,0.01,0.00,0.54,-0.06,0.00,0.00,0.15,209,30
1442,0.2,-0.1,0.3,0.018,0.004,-1.013,4.9,-4.0,0.0,0.0192,-0.0149,0.0000,158,231,287,214,0.00,0.01,2.62,0.16,0.0000,1,1,1,0.01,0.00,0.54,-0.06,0.00,0.00,0.16,209,30
1452,0.2,0.1,0.2,0.012,0.005,-1.008,4.9,-4.0,0.0,0.0192,-0.0152,0.0000,158,232,289,215,0.00,0.01,2.62,0.16,0.0000,1,1,1,0.01,0.00,0.54,-0.06,0.00,0.00,0.16,209,30
1462,0.0,0.0,-0.3,0.011,0.016,-1.012,4.9,-4.0,0.0,0.0195,-0.0152,0.0000,158,232,290,216,0.00,0.01,2.62,0.16,0.0000,1,1,1,0.01,0.00,0.54,-0.06,0.00,0.00,0.16,209,30
1472,0.1,-0.1,0.2,0.018,0.016,-1.007,4.9,-4.0,0.0,0.0194,-0.0150,0.0000,158,232,289,216,0.00,0.01,2.62,0.16,0.0000,1,1,1,0.01,0.00,0.54,-0.06,0.00,0.00,0.16,209,30
1483,-0.2,-0.2,0.4,0.014,0.008,-1.007,4.9,-4.0,0.0,0.0197,-0.0149,0.0000,158,233,290,215,0.00,0.01,2.62,0.16,0.0000,1,1,1,0.01,0.00,0.54,-0.06,0.00,0.00,0.16,209,30
1493,-0.2,-0.1,-0.2,0.020,0.005,-1.012,4.9,-4.0,0.0,0.0197,-0.0150,0.0000,158,232,289,215,0.00,0.01,2.62,0.16,0.0000,1,1,1,0.01,0.00,0.54,-0.06,0.00,0.00,0.16,209,30
1503,-0.1,0.2,-0.2,0.010,0.005,-1.011,4.9,-4.0,0.0,0.0196,-0.0153,0.0000,158,232,290,216,0.00,0.01,2.62,0.16,0.0000,1,1,1,0.01,0.00,0.54,-0.06,0.00,0.00,0.16,209,30
1513,0.1,-0.1,0.2,0.013,0.017,-1.012,4.9,-3.9,0.0,0.0194,-0.0149,0.0000,158,232,288,215,0.00,0.01,2.62,0.16,0.0000,1,1,1,0.01,0.00,0.54,-0.06,0.00,0.00,0.16,209,30
1523,0.2,-0.3,0.0,0.018,0.007,-1.019,4.9,-3.9,0.0,0.0191,-0.0146,0.0000,158,230,285,213,0.00,0.01,2.62,0.16,0.0000,1,1,1,0.01,0.00,0.54,-0.06,0.00,0.00,0.15,209,30
1533,0.4,-0.1,-0.1,0.010,0.008,-1.013,4.9,-3.9,0.0,0.0191,-0.0148,0.0000,158,230,286,214,0.00,0.01,2.62,0.16,0.0000,1,1,1,0.01,0.00,0.54,-0.06,0.00,0.00,0.16,209,30
1543,0.1,0.0,-0.2,0.010,0.007,-1.012,4.9,-3.9,0.0,0.0194,-0.0151,0.0000,158,231,288,215,0.00,0.01,2.62,0.16,0.0000,1,1,1,0.01,0.00,0.54,-0.06,0.00,0.00,0.16,209,30
1553,0.0,-0.5,0.1,0.007,0.018,-1.018,4.9,-3.9,0.0,0.0195,-0.0145,0.0000,158,232,287,213,0.00,0.01,2.62,0.16,0.0000,1,1,1,0.01,0.00,0.54,-0.06,0.00,0.00,0.16,209,30
1563,-0.1,-0.4,0.0,0.016,0.015,-1.007,4.9,-3.9,0.0,0.0196,-0.0146,0.0000,158,232,287,213,0.00,0.01,2.62,0.16,0.0000,1,1,1,0.01,0.00,0.54,-0.06,0.00,0.00,0.16,209,30
1573,0.0,0.0,-0.2,0.016,0.000,-1.008,4.9,-3.9,0.0,0.0194,-0.0150,0.0000,158,232,288,214,0.00,0.01,2.62,0.16,0.0000,1,1,1,0.01,0.00,0.54,-0.06,0.00,0.00,0.15,209,30
1583,0.2,-0.3,0.3,0.011,0.005,-1.023,4.9,-3.9,0.0,0.0192,-0.0147,0.0000,158,231,286,214,0.00,0.01,2.62,0.16,0.0000,1,1,1,0.01,0.00,0.54,-0.06,0.00,0.00,0.15,209,30
1594,-0.1,0.0,0.1,0.014,0.008,-1.014,4.9,-3.9,0.0,0.0196,-0.0151,0.0000,158,232,289,215,0.00,0.01,2.62,0.16,0.0000,1,1,1,0.01,0.00,0.54,-0.06,0.00,0.00,0.15,209,30
1604,-0.1,0.0,-0.2,0.014,0.013,-1.009,4.9,-3.9,0.0,0.0197,-0.0151,0.0000,158,232,290,215,0.00,0.01,2.62,0.16,0.0000,1,1,1,0.01,0.00,0.54,-0.06,0.00,0.00,0.15,209,30
1614,0.2,0.0,0.0,0.015,0.014,-1.014,4.9,-3.9,0.0,0.0193,-0.0151,0.0000,158,231,288,215,0.00,0.01,2.62,0.16,0.0000,1,1,1,0.01,0.00,0.54,-0.06,0.00,0.00,0.15,209,30
1624,0.1,0.1,0.3,0.012,0.008,-1.013,4.9,-3.9,0.0,0.0193,-0.0151,0.0000,158,231,288,215,0.00,0.01,2.62,0.16,0.0000,1,1,1,0.01,0.00,0.54,-0.06,0.00,0.00,0.15,209,30
1634,0.0,-0.2,-0.1,0.016,0.009,-1.015,4.9,-3.9,0.0,0.0196,-0.0149,0.0000,158,232,289,215,0.00,0.01,2.62,0.16,0.0000,1,1,1,0.01,0.00,0.54,-0.06,0.00,0.00,0.15,209,30
1644,0.0,0.1,-0.2,0.015,0.012,-1.017,4.9,-3.9,0.0,0.0195,-0.0152,0.0000,158,232,290,216,0.00,0.01,2.62,0.16,0.0000,1,1,1,0.01,0.00,0.54,-0.06,0.00,0.00,0.15,209,30
1654,-0.2,0.0,0.0,0.013,0.009,-1.008,4.9,-3.9,0.0,0.0198,-0.0150,0.0000,158,233,290,215,0.00,0.01,2.62,0.16,0.0000,1,1,1,0.01,0.00,0.54,-0.06,0.00,0.00,0.15,209,30
1664,0.0,-0.1,0.0,0.014,0.006,-1.015,4.9,-3.9,0.0,0.0194,-0.0149,0.0000,158,231,288,215,0.00,0.01,2.62,0.16,0.0000,1,1,1,0.01,0.00,0.54,-0.06,0.00,0.00,0.15,209,30
1674,0.0,0.0,0.0,0.014,0.002,-1.013,4.9,-3.9,0.0,0.0195,-0.0150,0.0000,158,231,289,215,0.00,0.01,2.62,0.16,0.0000,1,1,1,0.01,0.00,0.54,-0.06,0.00,0.00,0.15,209,30
1684,0.0,0.0,0.0,0.015,0.015,-1.011,4.9,-3.9,0.0,0.0195,-0.0151,0.0000,158,231,289,215,0.00,0.01,2.62,0.16,0.0000,1,1,1,0.01,0.00,0.54,-0.06,0.00,0.00,0.15,209,30
1694,0.3,-0.1,-0.1,0.013,0.014,-1.012,4.9,-3.9,0.0,0.0191,-0.0149,0.0000,158,230,286,214,0.00,0.01,2.62,0.16,0.0000,1,1,1,0.01,0.00,0.54,-0.06,0.00,0.00,0.15,209,30
1705,0.5,-0.4,0.1,0.010,0.013,-1.010,4.9,-3.9,0.0,0.0190,-0.0146,0.0000,158,230,285,213,0.00,0.01,2.62,0.16,0.0000,1,1,1,0.01,0.00,0.54,-0.06,0.00,0.00,0.15,209,30
1715,0.0,-0.4,0.1,0.018,0.005,-1.006,4.9,-3.9,0.0,0.0196,-0.0147,0.0000,158,232,288,214,0.00,0.01,2.62,0.16,0.0000,1,1,1,0.01,0.00,0.54,-0.06,0.00,0.00,0.15,209,30
1725,0.0,-0.3,-0.2,0.009,0.013,-1.017,4.9,-3.9,0.0,0.0195,-0.0147,0.0000,158,232,288,214,0.00,0.01,2.62,0.16,0.0000,1,1,1,0.01,0.00,0.54,-0.06,0.00,0.00,0.15,209,30
1735,0.0,-0.4,-0.1,0.015,0.015,-1.012,4.9,-3.9,0.0,0.0194,-0.0146,0.0000,158,231,287,213,0.00,0.01,2.62,0.16,0.0000,1,1,1,0.01,0.00,0.54,-0.06,0.00,0.00,0.15,209,30
1745,0.0,-0.2,0.2,0.013,0.003,-1.011,4.9,-3.9,0.0,0.0195,-0.0148,0.0000,158,232,287,214,0.00,0.01,2.62,0.16,0.0000,1,1,1,0.01,0.00,0.54,-0.06,0.00,0.00,0.15,209,30
1755,0.0,-0.4,0.0,0.013,0.006,-1.011,4.9,-3.9,0.0,0.0195,-0.0146,0.0000,158,232,287,213,0.00,0.01,2.62,0.15,0.0000,1,1,1,0.01,0.00,0.54,-0.06,0.00,0.00,0.15,209,30
1765,0.0,0.4,-0.4,0.011,0.012,-1.012,4.9,-3.9,0.0,0.0195,-0.0154,0.0000,158,231,290,216,0.00,0.01,2.62,0.15,0.0000,1,1,1,0.01,0.00,0.54,-0.06,0.00,0.00,0.15,209,30
1775,0.0,0.1,0.0,0.012,0.011,-1.013,4.9,-3.9,0.0,0.0195,-0.0152,0.0000,158,231,289,215,0.00,0.01,2.62,0.15,0.0000,1,1,1,0.01,0.00,0.54,-0.06,0.00,0.00,0.15,209,30
1785,0.2,-0.4,0.3,0.019,0.013,-1.016,4.9,-3.9,0.0,0.0192,-0.0146,0.0000,158,231,286,213,0.00,0.01,2.62,0.15,0.0000,1,1,1,0.01,0.00,0.54,-0.06,0.00,0.00,0.15,209,30
1795,-0.1,0.0,0.1,0.018,0.004,-1.006,4.9,-3.9,0.0,0.0196,-0.0150,0.0000,158,232,289,214,0.00,0.01,2.62,0.15,0.0000,1,1,1,0.01,0.00,0.54,-0.06,0.00,0.00,0.15,209,30
1805,-0.2,0.2,-0.4,0.013,0.004,-1.012,4.9,-3.9,0.0,0.0198,-0.0153,0.0000,158,233,291,216,0.00,0.01,2.62,0.15,0.0000,1,1,1,0.01,0.00,0.54,-0.06,0.00,0.00,0.15,209,30
1816,0.1,0.2,0.2,0.012,0.012,-1.016,4.9,-3.9,0.0,0.0195,-0.0154,0.0000,158,232,290,216,0.00,0.01,2.62,0.15,0.0000,1,1,1,0.01,0.00,0.54,-0.06,0.00,0.00,0.15,209,30
1826,-0.1,-0.4,0.0,0.015,0.006,-1.015,4.9,-3.9,0.0,0.0196,-0.0147,0.0000,158,232,288,214,0.00,0.01,2.62,0.15,0.0000,1,1,1,0.01,0.00,0.54,-0.06,0.00,0.00,0.15,209,30
1836,-0.1,0.0,-0.1,0.017,0.008,-1.014,4.9,-3.9,0.0,0.0197,-0.0150,0.0000,158,231,288,214,0.00,0.01,2.62,0.15,0.0000,1,1,1,0.01,0.00,0.54,-0.06,0.00,0.00,0.15,209,30
1846,0.0,0.4,-0.2,0.012,0.006,-1.011,4.9,-3.9,0.0,0.0194,-0.0155,0.0000,158,231,290,216,0.00,0.01,2.62,0.15,0.0000,1,1,1,0.01,0.00,0.54,-0.06,0.00,0.00,0.15,209,30
1856,0.2,0.0,0.2,0.011,0.002,-1.012,4.9,-3.9,0.0,0.0192,-0.0151,0.0000,158,231,288,215,0.00,0.01,2.62,0.15,0.0000,1,1,1,0.01,0.00,0.54,-0.06,0.00,0.00,0.15,209,30
1866,0.3,-0.1,-0.1,0.013,0.012,-1.021,4.9,-3.9,0.0,0.0192,-0.0150,0.0000,158,230,288,215,0.00,0.01,2.62,0.15,0.0000,1,1,1,0.01,0.00,0.54,-0.06,0.00,0.00,0.15,209,30
1876,0.4,-0.3,0.0,0.014,0.015,-1.014,4.9,-3.9,0.0,0.0191,-0.0147,0.0000,158,230,286,214,0.00,0.01,2.62,0.15,0.0000,1,1,1,0.01,0.00,0.54,-0.06,0.00,0.00,0.15,209,30
1886,0.0,0.0,0.1,0.011,0.005,-1.009,4.9,-3.9,0.0,0.0195,-0.0150,0.0000,158,232,289,215,0.00,0.01,2.62,0.15,0.0000,1,1,1,0.01,0.00,0.54,-0.06,0.00,0.00,0.15,209,30
1896,0.3,-0.1,0.0,0.008,0.008,-1.013,4.9,-3.9,0.0,0.0192,-0.0149,0.0000,158,232,288,214,0.00,0.01,2.62,0.15,0.0000,1,1,1,0.01,0.00,0.54,-0.06,0.00,0.00,0.15,209,30
1906,0.0,-0.4,0.0,0.015,0.010,-1.016,4.9,-3.9,0.0,0.0195,-0.0146,0.0000,158,232,288,214,0.00,0.01,2.62,0.15,0.0000,1,1,1,0.01,0.00,0.54,-0.06,0.00,0.00,0.15,209,30
1916,0.1,0.0,-0.1,0.015,0.010,-1.011,4.9,-3.9,0.0,0.0193,-0.0151,0.0000,158,231,289,215,0.00,0.01,2.62,0.15,0.0000,1,1,1,0.01,0.00,0.54,-0.06,0.00,0.00,0.15,209,30
1926,0.1,-0.2,0.1,0.015,0.012,-1.009,4.9,-3.9,0.0,0.0194,-0.0148,0.0000,158,231,287,214,0.00,0.01,2.62,0.15,0.0000,1,1,1,0.01,0.00,0.54,-0.06,0.00,0.00,0.15,209,30
1937,0.1,0.0,0.2,0.015,0.005,-1.001,4.9,-3.9,0.0,0.0194,-0.0151,0.0000,158,232,288,215,0.00,0.01,2.62,0.15,0.0000,1,1,1,0.01,0.00,0.54,-0.06,0.00,0.00,0.15,209,30
1947,0.0,0.0,-0.2,0.013,0.008,-1.015,4.9,-3.9,0.0,0.0195,-0.0151,0.0000,158,232,289,215,0.00,0.01,2.62,0.15,0.0000,1,1,1,0.01,0.00,0.54,-0.06,0.00,0.00,0.15,209,30
1957,0.2,-0.1,-0.2,0.014,0.008,-1.019,4.9,-3.9,0.0,0.0193,-0.0150,0.0000,158,231,288,215,0.00,0.01,2.62,0.15,0.0000,1,1,1,0.01,0.00,0.54,-0.06,0.00,0.00,0.15,209,30
1967,0.0,0.0,0.4,0.013,0.005,-1.016,4.9,-3.9,0.0,0.0194,-0.0149,0.0000,158,231,287,214,0.00,0.01,2.62,0.15,0.0000,1,1,1,0.01,0.00,0.54,-0.06,0.00,0.00,0.15,209,30
1977,0.0,-0.3,-0.2,0.014,0.007,-1.010,4.9,-3.9,0.0,0.0195,-0.0147,0.0000,158,231,286,213,0.00,0.01,2.62,0.15,0.0000,1,1,1,0.01,0.00,0.54,-0.06,0.00,0.00,0.15,209,30
1987,0.0,0.2,-0.3,0.014,0.008,-1.014,4.9,-3.9,0.0,0.0196,-0.0153,0.0000,158,232,291,216,0.00,0.01,2.62,0.15,0.0000,1,1,1,0.01,0.00,0.54,-0.06,0.00,0.00,0.15,209,30
1997,-0.1,0.1,0.3,0.014,0.008,-1.009,4.9,-3.9,0.0,0.0197,-0.0153,0.0000,158,232,289,215,0.00,0.01,2.62,0.15,0.0000,1,1,1,0.01,0.00,0.54,-0.06,0.00,0.00,0.15,209,30
2007,-0.1,0.0,0.0,0.015,0.005,-1.020,4.9,-3.9,0.0,0.0195,-0.0151,0.0000,158,232,289,215,0.00,0.01,2.62,0.15,0.0000,1,1,1,0.01,0.00,0.54,-0.06,0.00,0.00,0.15,209,30
2017,0.0,-0.1,-0.2,0.015,0.002,-1.013,4.9,-3.9,0.0,0.0194,-0.0149,0.0000,158,231,287,214,0.00,0.01,2.62,0.15,0.0000,1,1,1,0.01,0.00,0.54,-0.06,0.00,0.00,0.15,209,30
2027,0.0,-0.2,0.1,0.011,0.003,-1.010,4.9,-3.9,0.0,0.0194,-0.0148,0.0000,158,232,287,214,0.00,0.01,2.62,0.15,0.0000,1,1,1,0.01,0.00,0.54,-0.06,0.00,0.00,0.15,209,30
2037,0.4,0.2,-0.1,0.009,0.011,-1.019,4.9,-3.9,0.0,0.0190,-0.0153,0.0000,158,230,289,216,0.00,0.01,2.62,0.15,0.0000,1,1,1,0.01,0.00,0.54,-0.06,0.00,0.00,0.15,208,30
2048,0.3,-0.3,0.0,0.015,0.012,-1.026,4.9,-3.9,0.0,0.0191,-0.0147,0.0000,158,230,286,214,0.00,0.01,2.62,0.15,0.0000,1,1,1,0.01,0.00,0.54,-0.06,0.00,0.00,0.15,208,30
2058,0.0,-0.6,0.0,0.016,0.007,-1.011,4.9,-3.9,0.0,0.0194,-0.0144,0.0000,158,231,286,213,0.00,0.01,2.62,0.15,0.0000,1,1,1,0.01,0.00,0.54,-0.06,0.00,0.00,0.15,208,30
2068,0.0,-0.1,0.0,0.012,0.004,-1.008,4.9,-3.9,0.0,0.0195,-0.0149,0.0000,158,232,289,215,0.00,0.01,2.62,0.15,0.0000,1,1,1,0.01,0.00,0.54,-0.06,0.00,0.00,0.15,208,30
2078,0.0,-0.1,-0.1,0.010,0.010,-1.015,4.9,-3.9,0.0,0.0194,-0.0149,0.0000,158,232,289,214,0.00,0.01,2.62,0.15,0.0000,1,1,1,0.01,0.00,0.54,-0.06,0.00,0.00,0.15,208,30
2088,0.1,0.0,-0.1,0.013,0.008,-1.013,4.9,-3.9,0.0,0.0194,-0.0151,0.0000,158,231,288,215,0.00,0.01,2.62,0.15,0.0000,1,1,1,0.01,0.00,0.54,-0.06,0.00,0.00,0.15,208,30
2098,0.2,-0.5,0.2,0.016,0.009,-1.017,4.9,-3.9,0.0,0.0192,-0.0145,0.0000,158,231,287,214,0.00,0.01,2.62,0.15,0.0000,1,1,1,0.01,0.00,0.54,-0.06,0.00,0.00,0.15,208,30
2108,0.1,-0.1,-0.3,0.009,-0.001,-1.015,4.9,-3.9,0.0,0.0193,-0.0149,0.0000,158,231,287,214,0.00,0.01,2.62,0.15,0.0000,1,1,1,0.01,0.00,0.54,-0.06,0.00,0.00,0.15,208,30
2118,0.0,0.4,0.1,0.008,0.004,-1.008,4.9,-3.9,0.0,0.0195,-0.0154,0.0000,158,232,290,216,0.00,0.01,2.62,0.15,0.0000,1,1,1,0.01,0.00,0.54,-0.06,0.00,0.00,0.15,208,30
2128,0.3,-0.1,0.2,0.017,0.008,-1.012,4.9,-3.9,0.0,0.0192,-0.0150,0.0000,158,231,288,215,0.00,0.01,2.62,0.15,0.0000,1,1,1,0.01,0.00,0.54,-0.06,0.00,0.00,0.15,208,30
2138,-0.1,-0.3,0.0,0.017,0.007,-1.019,4.9,-3.9,0.0,0.0195,-0.0147,0.0000,158,231,288,214,0.00,0.01,2.61,0.15,0.0000,1,1,1,0.01,0.00,0.54,-0.06,0.00,0.00,0.15,208,30
2148,0.0,0.0,-0.2,0.016,0.006,-1.014,4.9,-3.9,0.0,0.0195,-0.0150,0.0000,158,231,288,214,0.00,0.01,2.61,0.15,0.0000,1,1,1,0.01,0.00,0.54,-0.06,0.00,0.00,0.15,208,30
2159,-0.1,0.4,0.1,0.011,0.002,-1.015,4.9,-3.9,0.0,0.0196,-0.0155,0.0000,158,233,290,216,0.00,0.01,2.61,0.15,0.0000,1,1,1,0.01,0.00,0.54,-0.06,0.00,0.00,0.15,208,30
2169,-0.1,0.0,0.0,0.015,0.000,-1.008,4.9,-3.9,0.0,0.0196,-0.0149,0.0000,158,232,288,214,0.00,0.01,2.61,0.15,0.0000,1,1,1,0.01,0.00,0.54,-0.06,0.00,0.00,0.15,208,30
2179,0.0,-0.1,-0.1,0.016,0.002,-1.019,4.9,-3.9,0.0,0.0195,-0.0150,0.0000,158,231,289,216,0.00,0.01,2.61,0.15,0.0000,1,1,1,0.01,0.00,0.54,-0.06,0.00,0.00,0.15,208,30
2189,0.1,0.0,0.0,0.011,0.006,-1.018,4.9,-3.9,0.0,0.0193,-0.0151,0.0000,158,231,289,216,0.00,0.01,2.61,0.15,0.0000,1,1,1,0.01,0.00,0.54,-0.06,0.00,0.00,0.15,209,30
2199,0.1,0.0,0.2,0.013,0.006,-1.013,4.9,-3.9,0.0,0.0193,-0.0149,0.0000,158,231,287,214,0.00,0.01,2.61,0.15,0.0000,1,1,1,0.01,0.00,0.54,-0.06,0.00,0.00,0.15,209,30
2209,0.3,0.0,0.0,0.009,0.003,-1.010,4.9,-3.9,0.0,0.0191,-0.0151,0.0000,158,231,287,214,0.00,0.01,2.61,0.15,0.0000,1,1,1,0.01,0.00,0.54,-0.06,0.00,0.00,0.15,209,30
2219,0.0,-0.3,0.0,0.013,0.007,-1.009,4.9,-3.9,0.0,0.0194,-0.0148,0.0000,158,232,288,214,0.00,0.01,2.61,0.15,0.0000,1,1,1,0.01,0.00,0.54,-0.06,0.00,0.00,0.15,209,30
2229,0.0,-0.1,-0.2,0.015,0.008,-1.014,4.9,-3.9,0.0,0.0194,-0.0150,0.0000,158,231,288,215,0.00,0.01,2.61,0.15,0.0000,1,1,1,0.01,0.00,0.54,-0.06,0.00,0.00,0.15,209,30
2239,0.0,-0.4,0.1,0.012,0.002,-1.025,4.9,-3.9,0.0,0.0195,-0.0146,0.0000,158,232,288,214,0.00,0.01,2.61,0.15,0.0000,1,1,1,0.01,0.00,0.54,-0.06,0.00,0.00,0.15,209,30
2249,0.0,-0.5,0.0,0.016,0.012,-1.019,4.9,-3.9,0.0,0.0195,-0.0145,0.0000,158,232,287,213,0.00,0.01,2.61,0.15,0.0000,1,1,1,0.01,0.00,0.54,-0.06,0.00,0.00,0.15,209,30
2259,0.1,0.0,-0.5,0.014,0.007,-1.010,4.9,-4.0,0.0,0.0194,-0.0153,0.0000,158,231,290,216,0.00,0.01,2.61,0.15,0.0000,1,1,1,0.01,0.00,0.54,-0.06,0.00,0.00,0.15,209,30
2270,0.0,0.0,0.1,0.015,0.006,-1.017,4.9,-4.0,0.0,0.0196,-0.0151,0.0000,158,232,289,216,0.00,0.01,2.61,0.15,0.0000,1,1,1,0.01,0.00,0.54,-0.06,0.00,0.00,0.15,209,30
2280,0.0,0.0,0.0,0.009,0.003,-1.019,4.9,-3.9,0.0,0.0195,-0.0150,0.0000,158,231,287,214,0.00,0.01,2.61,0.15,0.0000,1,1,1,0.01,0.00,0.54,-0.06,0.00,0.00,0.15,209,30
2290,0.4,-0.5,0.0,0.012,0.009,-1.016,4.9,-3.9,0.0,0.0191,-0.0145,0.0000,158,230,286,213,0.00,0.01,2.61,0.15,0.0000,1,1,1,0.01,0.00,0.54,-0.06,0.00,0.00,0.15,209,30
2300,0.1,0.0,0.0,0.013,0.001,-1.014,4.9,-3.9,0.0,0.0193,-0.0150,0.0000,158,231,287,214,0.00,0.01,2.61,0.15,0.0000,1,1,1,0.01,0.00,0.54,-0.06,0.00,0.00,0.15,209,30
2310,0.1,0.0,0.1,0.013,0.008,-1.020,4.9,-3.9,0.0,0.0193,-0.0151,0.0000,158,231,288,215,0.00,0.01,2.61,0.15,0.0000,1,1,1,0.01,0.00,0.54,-0.06,0.00,0.00,0.15,209,30
2320,0.0,-0.2,0.1,0.017,0.005,-1.013,4.9,-4.0,0.0,0.0194,-0.0148,0.0000,158,231,287,214,0.00,0.01,2.61,0.15,0.0000,1,1,1,0.01,0.00,0.54,-0.06,0.00,0.00,0.15,209,30
2330,-0.1,-0.1,-0.2,0.015,0.005,-1.018,4.9,-4.0,0.0,0.0196,-0.0149,0.0000,158,232,289,214,0.00,0.01,2.61,0.15,0.0000,1,1,1,0.01,0.00,0.54,-0.06,0.00,0.00,0.15,209,30
2340,0.0,-0.2,0.1,0.015,0.006,-1.007,4.9,-4.0,0.0,0.0195,-0.0148,0.0000,158,232,287,214,0.00,0.01,2.61,0.15,0.0000,1,1,1,0.01,0.00,0.54,-0.06,0.00,0.00,0.15,209,30
2350,0.1,0.2,0.1,0.014,-0.001,-1.013,4.9,-4.0,0.0,0.0193,-0.0153,0.0000,158,231,289,216,0.00,0.01,2.61,0.15,0.0000,1,1,1,0.01,0.00,0.54,-0.06,0.00,0.00,0.15,209,30
2360,0.0,0.1,-0.2,0.007,0.008,-1.019,4.9,-4.0,0.0,0.0194,-0.0152,0.0000,158,231,289,216,0.00,0.01,2.61,0.15,0.0000,1,1,1,0.01,0.00,0.54,-0.06,0.00,0.00,0.15,209,30
2370,0.1,-0.3,0.0,0.018,0.003,-1.016,4.9,-4.0,0.0,0.0193,-0.0147,0.0000,158,231,287,214,0.00,0.01,2.61,0.15,0.0000,1,1,1,0.01,0.00,0.54,-0.06,0.00,0.00,0.15,209,30
2380,0.1,0.0,0.0,0.013,0.000,-1.011,4.9,-4.0,0.0,0.0194,-0.0151,0.0000,158,232,289,215,0.00,0.01,2.61,0.15,0.0000,1,1,1,0.01,0.00,0.54,-0.06,0.00,0.00,0.15,209,30
2390,0.2,0.0,0.0,0.014,0.003,-1.017,4.9,-4.0,0.0,0.0192,-0.0151,0.0000,158,231,288,215,0.00,0.01,2.61,0.15,0.0000,1,1,1,0.01,0.00,0.54,-0.06,0.00,0.00,0.15,209,30
2401,0.0,0.0,0.0,0.015,0.005,-1.015,4.9,-4.0,0.0,0.0195,-0.0152,0.0000,158,232,289,215,0.00,0.01,2.61,0.15,0.0000,1,1,1,0.01,0.00,0.54,-0.06,0.00,0.00,0.15,209,30
2411,-0.2,0.0,0.0,0.010,0.003,-1.014,4.9,-4.0,0.0,0.0198,-0.0152,0.0000,158,233,292,216,0.00,0.01,2.61,0.15,0.0000,1,1,1,0.01,0.00,0.54,-0.06,0.00,0.00,0.15,209,30
2421,-0.1,-0.2,-0.1,0.016,0.002,-1.017,4.9,-4.0,0.0,0.0197,-0.0148,0.0000,158,232,289,214,0.00,0.01,2.61,0.15,0.0000,1,1,1,0.01,0.00,0.54,-0.06,0.00,0.00,0.15,209,30
2431,0.2,0.2,0.0,0.012,0.002,-1.013,4.9,-4.0,0.0,0.0194,-0.0152,0.0000,158,232,289,215,0.00,0.01,2.61,0.15,0.0000,1,1,1,0.01,0.00,0.54,-0.06,0.00,0.00,0.15,209,30
2441,-0.2,0.0,0.1,0.010,0.007,-1.020,4.9,-4.0,0.0,0.0197,-0.0151,0.0000,158,232,289,215,0.00,0.01,2.61,0.15,0.0000,1,1,1,0.01,0.00,0.54,-0.06,0.00,0.00,0.15,209,30
2451,0.0,0.0,-0.3,0.014,0.001,-1.024,4.9,-4.0,0.0,0.0195,-0.0151,0.0000,158,231,288,215,0.00,0.01,2.61,0.15,0.0000,1,1,1,0.01,0.00,0.54,-0.06,0.00,0.00,0.15,209,30
2461,0.2,0.0,0.1,0.013,0.009,-1.011,4.9,-4.0,0.0,0.0194,-0.0151,0.0000,158,231,288,215,0.00,0.01,2.61,0.15,0.0000,1,1,1,0.01,0.00,0.54,-0.06,0.00,0.00,0.15,209,30
2471,0.2,-0.2,0.1,0.013,0.004,-1.013,4.9,-4.0,0.0,0.0193,-0.0148,0.0000,158,231,287,214,0.00,0.01,2.61,0.15,0.0000,1,1,1,0.01,0.00,0.54,-0.06,0.00,0.00,0.15,209,30
2481,0.3,-0.4,-0.1,0.007,0.005,-1.030,4.9,-4.0,0.0,0.0191,-0.0146,0.0000,158,230,286,213,0.00,0.01,2.61,0.15,0.0000,1,1,1,0.01,0.00,0.54,-0.06,0.00,0.00,0.15,209,30
2491,-0.2,-0.1,-0.2,0.012,0.007,-1.016,4.9,-4.0,0.0,0.0196,-0.0148,0.0000,158,232,288,214,0.00,0.01,2.61,0.15,0.0000,1,1,1,0.01,0.00,0.54,-0.06,0.00,0.00,0.15,209,30
2501,0.0,0.0,0.1,0.013,0.004,-1.017,4.9,-4.0,0.0,0.0195,-0.0151,0.0000,158,231,288,215,0.00,0.01,2.61,0.15,0.0000,1,1,1,0.01,0.00,0.54,-0.06,0.00,0.00,0.15,209,30
2512,0.0,-0.5,0.2,0.015,0.003,-1.013,4.9,-4.0,0.0,0.0194,-0.0146,0.0000,158,232,287,213,0.00,0.01,2.61,0.15,0.0000,1,1,1,0.01,0.00,0.54,-0.06,0.00,0.00,0.15,209,30
2522,0.2,-0.1,-0.1,0.013,0.000,-1.018,4.9,-4.0,0.0,0.0192,-0.0149,0.0000,158,231,287,214,0.00,0.01,2.61,0.15,0.0000,1,1,1,0.01,0.00,0.54,-0.06,0.00,0.00,0.15,209,30
2532,0.0,0.2,-0.2,0.011,0.001,-1.022,4.9,-4.0,0.0,0.0195,-0.0153,0.0000,158,232,290,216,0.00,0.01,2.61,0.15,0.0000,1,1,1,0.01,0.00,0.54,-0.06,0.00,0.00,0.15,209,30
2542,-0.1,0.2,0.3,0.015,0.007,-1.016,4.9,-4.0,0.0,0.0195,-0.0153,0.0000,158,231,289,216,0.00,0.01,2.61,0.15,0.0000,1,1,1,0.01,0.00,0.54,-0.06,0.00,0.00,0.15,209,30
2552,0.1,-0.1,0.2,0.012,0.002,-1.009,4.9,-3.9,0.0,0.0193,-0.0149,0.0000,158,231,288,214,0.00,0.01,2.61,0.15,0.0000,1,1,1,0.01,0.00,0.54,-0.06,0.00,0.00,0.15,209,30
2562,0.3,-0.2,-0.2,0.016,0.000,-1.018,4.9,-4.0,0.0,0.0192,-0.0148,0.0000,158,231,287,214,0.00,0.01,2.61,0.15,0.0000,1,1,1,0.01,0.00,0.54,-0.06,0.00,0.00,0.15,209,30
2572,0.0,0.2,-0.2,0.015,0.009,-1.022,4.9,-4.0,0.0,0.0196,-0.0153,0.0000,158,232,290,216,0.00,0.01,2.61,0.15,0.0000,1,1,1,0.01,0.00,0.54,-0.06,0.00,0.00,0.15,209,30
2582,-0.4,0.2,0.0,0.015,0.000,-1.016,4.9,-4.0,0.0,0.0199,-0.0153,0.0000,158,233,291,216,0.00,0.01,2.61,0.15,0.0000,1,1,1,0.01,0.00,0.54,-0.06,0.00,0.00,0.15,209,30
2592,0.0,-0.2,0.1,0.018,0.002,-1.009,4.9,-3.9,0.0,0.0195,-0.0149,0.0000,158,232,289,214,0.00,0.01,2.61,0.15,0.0000,1,1,1,0.01,0.00,0.54,-0.06,0.00,0.00,0.15,209,30
2602,0.1,0.0,-0.1,0.013,0.000,-1.010,4.9,-4.0,0.0,0.0194,-0.0151,0.0000,158,231,289,215,0.00,0.01,2.61,0.15,0.0000,1,1,1,0.01,0.00,0.54,-0.06,0.00,0.00,0.15,209,30
2612,-0.1,0.1,0.0,0.013,0.004,-1.020,4.9,-4.0,0.0,0.0196,-0.0152,0.0000,158,232,289,216,0.00,0.01,2.61,0.15,0.0000,1,1,1,0.01,0.00,0.54,-0.06,0.00,0.00,0.15,209,30
2623,0.1,0.0,-0.1,0.010,0.007,-1.031,4.9,-3.9,0.0,0.0192,-0.0151,0.0000,158,230,287,215,0.00,0.01,2.61,0.15,0.0000,1,1,1,0.01,0.00,0.54,-0.06,0.00,0.00,0.15,209,30
2633,0.2,-0.4,0.0,0.015,0.009,-1.016,4.9,-3.9,0.0,0.0193,-0.0146,0.0000,158,231,287,213,0.00,0.01,2.61,0.15,0.0000,1,1,1,0.01,0.00,0.54,-0.06,0.00,0.00,0.15,209,30
2643,0.1,-0.3,0.0,0.017,0.000,-1.010,4.9,-3.9,0.0,0.0194,-0.0147,0.0000,158,231,287,214,0.00,0.01,2.61,0.15,0.0000,1,1,1,0.01,0.00,0.54,-0.06,0.00,0.00,0.15,209,30
2653,0.2,0.0,0.1,0.008,0.004,-1.021,4.9,-3.9,0.0,0.0193,-0.0151,0.0000,158,231,289,215,0.00,0.01,2.61,0.15,0.0000,1,1,1,0.01,0.00,0.54,-0.06,0.00,0.00,0.15,209,30
2663,0.0,-0.1,-0.2,0.011,0.007,-1.020,4.9,-3.9,0.0,0.0195,-0.0149,0.0000,158,232,288,214,0.00,0.01,2.61,0.15,0.0000,1,1,1,0.01,0.00,0.54,-0.06,0.00,0.00,0.15,209,30
2673,0.0,-0.2,0.1,0.017,0.007,-1.018,4.9,-3.9,0.0,0.0193,-0.0147,0.0000,158,231,287,214,0.00,0.01,2.61,0.15,0.0000,1,1,1,0.01,0.00,0.54,-0.06,0.00,0.00,0.15,209,30
2683,0.1,-0.3,0.1,0.013,0.000,-1.014,4.9,-3.9,0.0,0.0194,-0.0147,0.0000,158,232,288,214,0.00,0.01,2.61,0.15,0.0000,1,1,1,0.01,0.00,0.54,-0.06,0.00,0.00,0.15,209,30
2693,0.1,0.0,-0.2,0.016,0.000,-1.012,4.9,-3.9,0.0,0.0193,-0.0151,0.0000,158,231,288,215,0.00,0.01,2.61,0.15,0.0000,1,1,1,0.01,0.00,0.54,-0.06,0.00,0.00,0.15,209,30
2703,0.0,0.0,-0.1,0.008,0.006,-1.025,4.9,-3.9,0.0,0.0194,-0.0151,0.0000,158,231,288,215,0.00,0.01,2.61,0.15,0.0000,1,1,1,0.01,0.00,0.54,-0.06,0.00,0.00,0.15,209,30
2713,-0.1,0.0,0.3,0.016,0.009,-1.020,4.9,-3.9,0.0,0.0196,-0.0151,0.0000,158,232,290,216,0.00,0.01,2.61,0.15,0.0000,1,1,1,0.01,0.00,0.54,-0.06,0.00,0.00,0.15,209,30
2723,-0.1,-0.2,-0.1,0.020,0.004,-1.009,4.9,-3.9,-3.1,0.0197,-0.0149,-0.0002,158,234,290,217,0.00,0.01,2.61,0.15,0.0000,1,1,1,0.01,0.00,0.54,-0.06,0.00,0.00,0.15,209,30
2734,0.2,0.0,0.0,0.011,0.001,-1.012,4.9,-3.9,-3.1,0.0192,-0.0150,-0.0003,158,232,288,216,0.00,0.01,2.61,0.15,0.0000,1,1,1,0.01,0.00,0.54,-0.06,0.00,0.00,0.15,209,30
2744,0.0,0.0,0.1,0.012,0.008,-1.017,4.9,-3.9,-3.1,0.0194,-0.0151,-0.0003,158,233,289,216,0.00,0.01,2.61,0.15,0.0000,1,1,1,0.01,0.00,0.54,-0.06,0.00,0.00,0.15,209,30
2754,-0.3,0.0,0.0,0.019,0.004,-1.020,4.9,-3.9,-3.1,0.0198,-0.0150,-0.0003,158,234,290,216,0.00,0.01,2.61,0.15,0.0000,1,1,1,0.01,0.00,0.54,-0.06,0.00,0.00,0.15,209,30
2764,0.1,-0.1,-0.2,0.016,-0.002,-1.017,4.9,-3.9,-7.5,0.0194,-0.0150,-0.0007,158,235,289,218,0.00,0.01,2.61,0.15,0.0000,1,1,1,0.01,0.00,0.54,-0.06,0.00,0.00,0.15,209,30
2774,0.1,0.1,0.0,0.010,0.002,-1.012,4.9,-3.9,-7.5,0.0193,-0.0152,-0.0007,158,234,289,218,0.00,0.01,2.61,0.15,0.0000,1,1,1,0.01,0.00,0.54,-0.06,0.00,0.00,0.15,209,30
2784,0.0,-0.2,0.3,0.012,0.011,-1.013,4.9,-3.9,-8.1,0.0193,-0.0146,-0.0008,158,234,286,216,0.00,0.01,2.61,0.15,0.0000,1,1,1,0.01,0.00,0.54,-0.06,0.00,0.00,0.15,209,30
2794,0.0,0.0,-0.2,0.013,0.000,-1.018,4.9,-3.9,-8.1,0.0195,-0.0151,-0.0007,158,234,288,218,0.00,0.01,2.61,0.15,0.0000,1,1,1,0.01,0.00,0.54,-0.06,0.00,0.00,0.15,209,30
2804,0.0,0.1,0.0,0.015,0.006,-1.019,4.9,-3.9,-8.1,0.0194,-0.0152,-0.0008,158,235,290,219,0.00,0.01,2.61,0.15,0.0000,1,1,1,0.01,0.00,0.54,-0.06,0.00,0.00,0.15,209,30
2814,0.0,-0.3,0.1,0.019,0.006,-1.015,4.9,-3.9,-8.1,0.0194,-0.0147,-0.0008,158,235,287,217,0.00,0.01,2.61,0.15,0.0000,1,1,1,0.01,0.00,0.54,-0.06,0.00,0.00,0.15,209,30
2824,0.1,-0.2,0.0,0.007,0.006,-1.019,4.9,-3.9,-8.7,0.0194,-0.0147,-0.0008,158,234,286,216,0.00,0.01,2.61,0.15,0.0000,1,1,1,0.01,0.00,0.54,-0.06,0.00,0.00,0.15,209,30
2834,-0.3,0.0,-0.2,0.017,0.008,-1.020,4.9,-3.9,-8.7,0.0199,-0.0150,-0.0008,158,236,290,218,0.00,0.01,2.61,0.15,0.0000,1,1,1,0.01,0.00,0.54,-0.06,0.00,0.00,0.16,209,30
2844,0.0,0.2,0.0,0.015,-0.003,-1.019,4.9,-3.9,-13.7,0.0194,-0.0153,-0.0013,158,237,290,221,0.00,0.01,2.61,0.15,0.0000,1,1,1,0.01,0.00,0.54,-0.06,0.00,0.00,0.16,209,30
2855,-0.2,-0.1,-0.1,0.014,0.009,-1.016,4.9,-3.9,-13.7,0.0196,-0.0149,-0.0013,158,237,289,220,0.00,0.01,2.61,0.15,0.0000,1,1,1,0.01,0.00,0.54,-0.06,0.00,0.00,0.16,209,30
2865,0.0,-0.2,0.0,0.016,0.000,-1.009,4.9,-3.9,-13.7,0.0195,-0.0148,-0.0013,158,236,287,219,0.00,0.01,2.61,0.15,0.0000,1,1,1,0.01,0.00,0.54,-0.06,0.00,0.00,0.16,209,30
2875,-0.1,0.1,0.0,0.016,0.007,-1.011,4.9,-3.9,-13.7,0.0197,-0.0151,-0.0013,158,238,290,221,0.00,0.01,2.61,0.15,0.0000,1,1,1,0.01,0.00,0.54,-0.06,0.00,0.00,0.16,209,30
2885,0.0,0.3,0.1,0.013,0.006,-1.017,4.9,-3.9,-19.6,0.0195,-0.0154,-0.0019,158,239,290,223,0.00,0.01,2.61,0.15,0.0000,1,1,1,0.01,0.00,0.54,-0.06,0.00,0.00,0.16,209,30
2895,0.6,-0.1,-0.2,0.014,0.014,-1.026,4.9,-3.9,-19.6,0.0189,-0.0149,-0.0019,158,237,286,222,0.00,0.01,2.61,0.15,0.0000,1,1,1,0.01,0.00,0.54,-0.06,0.00,0.00,0.16,209,30
2905,0.1,-0.4,0.3,0.013,0.006,-1.011,4.9,-3.9,-19.6,0.0194,-0.0146,-0.0019,158,239,287,221,0.00,0.01,2.61,0.15,0.0000,1,1,1,0.01,0.00,0.54,-0.06,0.00,0.00,0.16,209,30
2915,0.0,-0.3,0.0,0.017,0.003,-1.013,4.9,-3.9,-19.6,0.0195,-0.0147,-0.0019,158,239,288,221,0.00,0.01,2.61,0.15,0.0000,1,1,1,0.01,0.00,0.54,-0.06,0.00,0.00,0.15,209,30
2925,0.0,0.2,-0.1,0.009,0.012,-1.014,4.9,-3.9,-19.9,0.0195,-0.0154,-0.0019,158,239,290,223,0.00,0.01,2.61,0.15,0.0000,1,1,1,0.01,0.00,0.54,-0.06,0.00,0.00,0.15,209,30
2935,0.0,-0.1,0.0,0.017,0.008,-1.015,4.9,-3.9,-19.9,0.0195,-0.0149,-0.0019,158,240,289,222,0.00,0.01,2.61,0.15,0.0000,1,1,1,0.01,0.00,0.54,-0.06,0.00,0.00,0.15,209,30
2945,0.2,-0.4,0.0,0.018,0.002,-1.022,4.9,-4.0,-24.0,0.0193,-0.0147,-0.0023,158,240,287,223,0.00,0.01,2.61,0.15,0.0000,1,1,1,0.01,0.00,0.54,-0.06,0.00,0.00,0.15,209,30
2955,-0.2,-0.2,-0.3,0.012,0.009,-1.016,4.9,-4.0,-24.0,0.0197,-0.0149,-0.0023,158,242,289,223,0.00,0.01,2.61,0.15,0.0000,1,1,1,0.01,0.00,0.54,-0.06,0.00,0.00,0.15,209,30
2965,0.1,0.0,0.0,0.009,0.003,-1.014,4.9,-3.9,-24.0,0.0194,-0.0151,-0.0023,158,240,289,224,0.00,0.01,2.61,0.15,0.0000,1,1,1,0.01,0.00,0.54,-0.06,0.00,0.00,0.15,209,30
2976,-0.1,0.2,0.0,0.014,-0.001,-1.012,4.9,-4.0,-24.0,0.0197,-0.0154,-0.0024,158,241,290,225,0.00,0.01,2.61,0.15,0.0000,1,1,1,0.01,0.00,0.54,-0.06,0.00,0.00,0.16,209,30
2986,0.0,-0.1,0.0,0.020,0.010,-1.012,4.9,-4.0,-24.0,0.0196,-0.0151,-0.0023,158,241,290,224,0.00,0.01,2.61,0.15,0.0000,1,1,1,0.01,0.00,0.54,-0.06,0.00,0.00,0.16,209,30
2996,0.1,-0.2,-0.5,0.018,0.015,-1.019,4.9,-4.0,-24.0,0.0194,-0.0149,-0.0023,158,240,288,224,0.00,0.01,2.61,0.15,0.0000,1,1,1,0.01,0.00,0.54,-0.06,0.00,0.00,0.16,209,30
3006,0.0,-0.1,0.3,0.010,0.008,-1.010,4.9,-4.0,-27.1,0.0195,-0.0149,-0.0027,158,242,288,224,0.00,0.01,2.61,0.15,0.0000,1,1,1,0.01,0.00,0.54,-0.06,0.00,0.00,0.16,209,30
3016,0.1,-0.1,0.0,0.017,0.012,-1.017,4.9,-4.0,-27.1,0.0193,-0.0149,-0.0026,158,241,288,225,0.00,0.01,2.61,0.15,0.0000,1,1,1,0.01,0.00,0.55,-0.06,0.00,0.00,0.16,209,30
3026,-0.2,0.0,0.0,0.018,0.002,-1.009,4.9,-4.0,-27.1,0.0197,-0.0151,-0.0027,158,243,290,226,0.00,0.01,2.61,0.15,0.0000,1,1,1,0.01,0.00,0.55,-0.06,0.00,0.00,0.16,208,30
3036,0.3,-0.4,0.0,0.018,0.007,-1.020,4.9,-4.0,-27.1,0.0192,-0.0146,-0.0026,158,241,287,224,0.00,0.01,2.61,0.15,0.0000,1,1,1,0.01,0.00,0.54,-0.06,0.00,0.00,0.15,208,30
3046,0.0,0.2,0.2,0.015,0.008,-1.008,4.9,-4.0,-27.1,0.0192,-0.0153,-0.0027,158,241,289,226,0.00,0.01,2.61,0.15,0.0000,1,1,1,0.01,0.00,0.54,-0.06,0.00,0.00,0.15,208,30
3056,-0.1,-0.4,-0.1,0.015,0.009,-1.010,4.9,-4.0,-27.1,0.0197,-0.0146,-0.0026,158,243,288,223,0.00,0.01,2.61,0.15,0.0000,1,1,1,0.01,0.00,0.55,-0.06,0.00,0.00,0.15,208,30
3066,0.0,0.0,0.1,0.017,0.007,-1.011,4.9,-4.0,-27.1,0.0195,-0.0152,-0.0027,158,242,289,226,0.00,0.01,2.61,0.15,0.0000,1,1,1,0.01,0.00,0.55,-0.06,0.00,0.00,0.16,208,30
3076,0.0,-0.1,-0.1,0.016,0.009,-1.018,4.9,-4.0,-27.1,0.0195,-0.0149,-0.0026,158,242,289,225,0.00,0.01,2.61,0.15,0.0000,1,1,1,0.01,0.00,0.55,-0.06,0.00,0.00,0.16,208,30
3087,0.3,-0.4,0.0,0.015,0.006,-1.015,4.9,-4.0,-21.5,0.0192,-0.0146,-0.0021,158,239,286,221,0.00,0.01,2.61,0.15,0.0000,1,1,1,0.01,0.00,0.55,-0.06,0.00,0.00,0.16,208,30
3097,0.0,-0.1,0.5,0.013,0.006,-1.016,4.9,-4.0,-21.5,0.0196,-0.0148,-0.0021,158,240,288,222,0.00,0.01,2.61,0.15,0.0000,1,1,1,0.01,0.00,0.55,-0.06,0.00,0.00,0.16,208,30
3107,0.0,0.0,-0.1,0.015,0.008,-1.015,4.9,-4.0,-17.1,0.0195,-0.0150,-0.0016,158,239,289,221,0.00,0.01,2.61,0.15,0.0000,1,1,1,0.01,0.00,0.55,-0.06,0.00,0.00,0.16,208,30
3117,0.0,0.3,-0.2,0.015,0.007,-1.012,4.9,-4.0,-17.1,0.0194,-0.0155,-0.0016,158,238,290,223,0.00,0.01,2.61,0.15,0.0000,1,1,1,0.01,0.00,0.55,-0.06,0.00,0.00,0.16,208,30
3127,0.0,-0.1,0.1,0.007,0.004,-1.018,4.9,-4.0,-12.1,0.0194,-0.0149,-0.0012,158,236,288,219,0.00,0.01,2.61,0.15,0.0000,1,1,1,0.01,0.00,0.55,-0.06,0.00,0.00,0.16,208,30
3137,0.2,-0.4,0.2,0.015,0.014,-1.014,4.9,-4.0,-12.1,0.0192,-0.0146,-0.0012,158,236,286,218,0.00,0.01,2.61,0.15,0.0000,1,1,1,0.01,0.00,0.55,-0.06,0.00,0.00,0.16,208,30
3147,0.0,-0.1,-0.2,0.014,0.006,-1.013,4.9,-4.0,-8.7,0.0194,-0.0150,-0.0008,158,235,288,218,0.00,0.01,2.61,0.15,0.0000,1,1,1,0.01,0.00,0.55,-0.06,0.00,0.00,0.16,208,30
3157,-0.1,0.3,-0.2,0.010,0.009,-1.019,4.9,-4.0,-8.7,0.0196,-0.0154,-0.0008,158,235,290,219,0.00,0.01,2.61,0.15,0.0000,1,1,1,0.01,0.00,0.54,-0.06,0.00,0.00,0.15,208,30
3167,-0.1,-0.1,0.1,0.018,0.003,-1.010,4.9,-4.0,-8.7,0.0196,-0.0150,-0.0008,158,236,289,218,0.00,0.01,2.61,0.15,0.0000,1,1,1,0.01,0.00,0.55,-0.06,0.00,0.00,0.15,208,30
3177,0.0,-0.4,-0.1,0.014,0.009,-1.021,4.9,-4.0,-8.7,0.0195,-0.0146,-0.0008,158,235,287,217,0.00,0.01,2.61,0.15,0.0000,1,1,1,0.01,0.00,0.55,-0.06,0.00,0.00,0.15,208,30
3188,0.0,0.0,0.0,0.016,0.006,-1.007,4.9,-4.0,-8.7,0.0195,-0.0151,-0.0008,158,235,289,218,0.00,0.01,2.61,0.15,0.0000,1,1,1,0.01,0.00,0.55,-0.06,0.00,0.00,0.15,208,30
3198,0.0,0.2,0.2,0.011,0.012,-1.016,4.9,-4.0,-8.7,0.0194,-0.0153,-0.0008,158,235,290,219,0.00,0.01,2.61,0.15,0.0000,1,1,1,0.01,0.00,0.55,-0.06,0.00,0.00,0.15,208,30
3208,0.0,-0.1,-0.3,0.017,0.011,-1.008,4.9,-4.0,0.0,0.0195,-0.0149,0.0000,158,231,288,215,0.00,0.01,2.61,0.15,0.0000,1,1,1,0.01,0.00,0.55,-0.06,0.00,0.00,0.16,208,30
3218,0.1,-0.1,0.0,0.015,0.003,-1.009,4.9,-4.0,0.0,0.0193,-0.0149,0.0000,158,231,288,215,0.00,0.01,2.61,0.15,0.0000,1,1,1,0.01,0.00,0.55,-0.06,0.00,0.00,0.16,208,30
3228,0.1,-0.3,0.3,0.011,0.013,-1.023,4.9,-4.0,0.0,0.0193,-0.0148,0.0000,158,231,288,215,0.00,0.01,2.61,0.15,0.0000,1,1,1,0.01,0.00,0.54,-0.06,0.00,0.00,0.16,208,30
3238,-0.1,0.1,0.1,0.014,0.010,-1.015,4.9,-4.0,0.0,0.0197,-0.0152,0.0000,158,232,289,215,0.00,0.01,2.61,0.15,0.0000,1,1,1,0.01,0.00,0.55,-0.06,0.00,0.00,0.16,208,30
3248,0.0,0.0,-0.4,0.016,0.004,-1.005,4.9,-4.0,0.0,0.0194,-0.0151,0.0000,158,231,289,215,0.00,0.01,2.61,0.15,0.0000,1,1,1,0.01,0.00,0.55,-0.06,0.00,0.00,0.16,208,30
3258,0.3,-0.2,0.2,0.013,0.005,-1.012,4.9,-4.0,0.0,0.0191,-0.0149,0.0000,158,231,287,215,0.00,0.01,2.61,0.15,0.0000,1,1,1,0.01,0.00,0.55,-0.06,0.00,0.00,0.15,208,30
3268,0.0,-0.2,0.0,0.018,0.015,-1.013,4.9,-4.0,0.0,0.0195,-0.0149,0.0000,158,231,287,214,0.00,0.01,2.61,0.15,0.0000,1,1,1,0.01,0.00,0.55,-0.06,0.00,0.00,0.15,208,30
3278,0.1,-0.1,-0.4,0.016,0.012,-1.017,4.9,-4.0,0.0,0.0194,-0.0149,0.0000,158,231,288,214,0.00,0.01,2.61,0.15,0.0000,1,1,1,0.01,0.00,0.55,-0.06,0.00,0.00,0.15,208,30
3288,0.2,-0.1,-0.1,0.015,0.011,-1.013,4.9,-3.9,0.0,0.0194,-0.0149,0.0000,158,231,288,214,0.00,0.01,2.61,0.15,0.0000,1,1,1,0.01,0.00,0.55,-0.06,0.00,0.00,0.15,208,30
3299,0.0,0.1,0.2,0.016,0.003,-1.005,4.9,-3.9,0.0,0.0196,-0.0152,0.0000,158,232,290,216,0.00,0.01,2.61,0.15,0.0000,1,1,1,0.01,0.00,0.55,-0.06,0.00,0.00,0.15,208,30
3309,0.0,0.0,0.0,0.015,0.010,-1.016,4.9,-3.9,0.0,0.0194,-0.0151,0.0000,158,231,289,215,0.00,0.01,2.61,0.15,0.0000,1,1,1,0.01,0.00,0.55,-0.06,0.00,0.00,0.16,208,30
3319,0.1,-0.1,0.0,0.013,0.015,-1.021,4.9,-3.9,0.0,0.0194,-0.0150,0.0000,158,231,288,214,0.00,0.01,2.61,0.16,0.0000,1,1,1,0.01,0.00,0.55,-0.06,0.00,0.00,0.16,208,30
3329,-0.1,0.0,0.4,0.015,0.005,-1.015,4.9,-3.9,0.0,0.0196,-0.0149,0.0000,158,232,289,215,0.00,0.01,2.61,0.16,0.0000,1,1,1,0.01,0.00,0.55,-0.06,0.00,0.00,0.16,208,30
3339,0.1,0.0,0.0,0.015,0.003,-1.009,4.9,-3.9,0.0,0.0194,-0.0151,0.0000,158,231,289,215,0.00,0.01,2.61,0.16,0.0000,1,1,1,0.01,0.00,0.55,-0.06,0.00,0.00,0.16,208,30
3349,0.1,0.0,-0.5,0.011,0.010,-1.017,4.9,-3.9,0.0,0.0194,-0.0150,0.0000,158,231,288,215,0.00,0.01,2.61,0.16,0.0000,1,1,1,0.01,0.00,0.55,-0.06,0.00,0.00,0.16,208,30
3359,0.0,-0.1,0.4,0.012,0.021,-1.013,4.9,-3.9,0.0,0.0195,-0.0149,0.0000,158,232,288,215,0.00,0.01,2.61,0.16,0.0000,1,1,1,0.01,0.00,0.55,-0.06,0.00,0.00,0.16,208,30
3369,-0.1,-0.3,0.1,0.017,0.014,-1.016,4.9,-3.9,0.0,0.0197,-0.0148,0.0000,158,233,288,214,0.00,0.01,2.61,0.16,0.0000,1,1,1,0.01,0.00,0.55,-0.06,0.00,0.00,0.16,208,30
3379,-0.1,0.0,-0.8,0.017,0.000,-1.010,4.9,-3.9,0.0,0.0197,-0.0150,0.0000,158,232,289,214,0.00,0.01,2.61,0.16,0.0000,1,1,1,0.01,0.00,0.55,-0.06,0.00,0.00,0.16,208,30
3389,0.0,0.2,0.2,0.012,0.004,-1.008,4.9,-3.9,0.0,0.0195,-0.0154,0.0000,158,232,290,216,0.00,0.01,2.61,0.16,0.0000,1,1,1,0.01,0.00,0.55,-0.06,0.00,0.00,0.16,208,30
3399,0.1,-0.4,0.2,0.010,0.018,-1.015,4.9,-3.9,0.0,0.0194,-0.0146,0.0000,158,231,287,214,0.00,0.01,2.61,0.16,0.0000,1,1,1,0.01,0.00,0.55,-0.06,0.00,0.00,0.15,208,30
3410,0.1,-0.5,-0.2,0.013,0.013,-1.023,4.9,-3.9,0.0,0.0193,-0.0145,0.0000,158,231,286,213,0.00,0.01,2.61,0.16,0.0000,1,1,1,0.01,0.00,0.55,-0.06,0.00,0.00,0.16,208,30
3420,0.0,0.1,0.0,0.016,0.006,-1.010,4.9,-3.9,0.0,0.0195,-0.0153,0.0000,158,231,289,216,0.00,0.01,2.61,0.16,0.0000,1,1,1,0.01,0.00,0.55,-0.06,0.00,0.00,0.16,208,30
3430,0.2,0.0,0.5,0.010,0.008,-1.015,4.9,-3.9,0.0,0.0192,-0.0150,0.0000,158,232,289,216,0.00,0.01,2.61,0.16,0.0000,1,1,1,0.01,0.00,0.55,-0.06,0.00,0.00,0.16,208,30
3440,0.2,-0.4,-0.2,0.014,0.013,-1.008,4.9,-3.9,0.0,0.0192,-0.0147,0.0000,158,231,286,214,0.00,0.01,2.61,0.16,0.0000,1,1,1,0.01,0.00,0.55,-0.06,0.00,0.00,0.16,208,30
3450,-0.1,-0.2,-0.1,0.011,0.014,-1.011,4.9,-3.9,0.0,0.0196,-0.0149,0.0000,158,233,289,214,0.00,0.01,2.61,0.16,0.0000,1,1,1,0.01,0.00,0.55,-0.06,0.00,0.00,0.16,208,30
3460,0.0,0.0,0.1,0.017,0.011,-1.013,4.9,-3.9,0.0,0.0196,-0.0150,0.0000,158,232,289,215,0.00,0.01,2.61,0.16,0.0000,1,1,1,0.01,0.00,0.55,-0.06,0.00,0.00,0.15,208,30
3470,-0.1,0.1,-0.5,0.015,0.001,-1.011,4.9,-3.9,0.0,0.0195,-0.0151,0.0000,158,231,289,215,0.00,0.01,2.61,0.16,0.0000,1,1,1,0.01,0.00,0.55,-0.06,0.00,0.00,0.16,208,30
3480,0.1,-0.2,-0.2,0.012,0.011,-1.010,4.9,-3.9,0.0,0.0193,-0.0148,0.0000,158,231,288,214,0.00,0.01,2.61,0.16,0.0000,1,1,1,0.01,0.00,0.55,-0.06,0.00,0.00,0.16,208,30
3490,0.0,-0.2,0.3,0.017,0.009,-1.013,4.9,-3.9,0.0,0.0194,-0.0149,0.0000,158,232,288,215,0.00,0.01,2.61,0.16,0.0000,1,1,1,0.01,0.00,0.55,-0.06,0.00,0.00,0.16,208,30
3500,0.0,0.0,0.0,0.015,0.007,-1.017,4.9,-3.9,0.0,0.0195,-0.0151,0.0000,158,232,288,214,0.00,0.01,2.61,0.16,0.0000,1,1,1,0.01,0.00,0.55,-0.06,0.00,0.00,0.16,208,30
3510,0.2,0.1,-0.4,0.016,0.013,-1.011,4.9,-3.9,0.0,0.0192,-0.0152,0.0000,158,231,288,215,0.00,0.01,2.61,0.16,0.0000,1,1,1,0.01,0.00,0.55,-0.06,0.00,0.00,0.16,208,30
3521,0.0,0.0,0.3,0.013,0.009,-1.011,4.9,-3.9,0.0,0.0193,-0.0150,0.0000,158,231,288,215,0.00,0.01,2.61,0.16,0.0000,1,1,1,0.01,0.00,0.55,-0.06,0.00,0.00,0.16,208,30
3531,-0.1,0.0,0.4,0.014,0.008,-1.009,4.9,-3.9,0.0,0.0196,-0.0150,0.0000,158,233,289,215,0.00,0.01,2.61,0.16,0.0000,1,1,1,0.01,0.00,0.55,-0.06,0.00,0.00,0.16,208,30
3541,-0.2,0.0,-0.2,0.015,0.002,-1.017,4.9,-4.0,0.0,0.0198,-0.0151,0.0000,158,233,290,215,0.00,0.01,2.61,0.16,0.0000,1,1,1,0.01,0.00,0.55,-0.06,0.00,0.00,0.16,208,30
3551,0.0,-0.2,0.0,0.014,0.005,-1.019,4.9,-3.9,0.0,0.0196,-0.0148,0.0000,158,232,288,214,0.00,0.01,2.61,0.16,0.0000,1,1,1,0.01,0.00,0.55,-0.06,0.00,0.00,0.16,208,30
3561,0.0,0.0,0.2,0.012,0.005,-1.014,4.9,-3.9,0.0,0.0195,-0.0151,0.0000,158,231,288,215,0.00,0.01,2.61,0.16,0.0000,1,1,1,0.01,0.00,0.55,-0.06,0.00,0.00,0.16,208,30
3571,0.2,0.0,-0.5,0.013,0.014,-1.009,4.9,-4.0,0.0,0.0194,-0.0153,0.0000,158,231,289,216,0.00,0.01,2.61,0.16,0.0000,1,1,1,0.01,0.00,0.55,-0.06,0.00,0.00,0.16,208,30
3581,0.0,-0.3,0.0,0.012,0.013,-1.014,4.9,-4.0,0.0,0.0195,-0.0147,0.0000,158,231,288,214,0.00,0.01,2.61,0.16,0.0000,1,1,1,0.01,0.00,0.55,-0.06,0.00,0.00,0.16,208,30
3591,0.0,0.0,0.4,0.010,0.008,-1.011,4.9,-3.9,0.0,0.0194,-0.0151,0.0000,158,231,288,215,0.00,0.01,2.61,0.16,0.0000,1,1,1,0.01,0.00,0.55,-0.06,0.00,0.00,0.15,208,30
3601,0.0,-0.2,-0.2,0.012,0.004,-1.015,4.9,-3.9,0.0,0.0195,-0.0148,0.0000,158,232,288,214,0.00,0.01,2.61,0.16,0.0000,1,1,1,0.01,0.00,0.55,-0.06,0.00,0.00,0.16,208,30
3611,-0.1,-0.1,-0.2,0.014,0.010,-1.013,4.9,-4.0,0.0,0.0196,-0.0150,0.0000,158,232,289,215,0.00,0.01,2.61,0.16,0.0000,1,1,1,0.01,0.00,0.55,-0.06,0.00,0.00,0.16,208,30
3621,0.0,0.0,0.3,0.013,0.012,-1.006,4.9,-4.0,0.0,0.0196,-0.0151,0.0000,158,232,289,215,0.00,0.01,2.61,0.16,0.0000,1,1,1,0.01,0.00,0.55,-0.06,0.00,0.00,0.16,208,30
3631,0.0,-0.3,0.2,0.015,0.011,-1.013,4.9,-3.9,0.0,0.0195,-0.0148,0.0000,158,232,288,214,0.00,0.01,2.61,0.16,0.0000,1,1,1,0.01,0.00,0.55,-0.06,0.00,0.00,0.16,208,30
3642,0.0,0.0,-0.2,0.015,0.005,-1.011,4.9,-3.9,0.0,0.0195,-0.0150,0.0000,158,231,288,215,0.00,0.01,2.61,0.16,0.0000,1,1,1,0.01,0.00,0.55,-0.06,0.00,0.00,0.16,208,30
3652,0.1,0.1,0.1,0.010,0.008,-1.012,4.9,-3.9,0.0,0.0193,-0.0152,0.0000,158,231,289,216,0.00,0.01,2.61,0.16,0.0000,1,1,1,0.01,0.00,0.55,-0.06,0.00,0.00,0.16,208,30
3662,0.2,0.0,-0.1,0.008,0.005,-1.010,4.9,-3.9,0.0,0.0192,-0.0151,0.0000,158,231,288,215,0.00,0.01,2.61,0.16,0.0000,1,1,1,0.01,0.00,0.55,-0.06,0.00,0.00,0.16,208,30
3672,0.3,-0.1,-0.1,0.016,0.011,-1.012,4.9,-3.9,0.0,0.0192,-0.0149,0.0000,158,231,287,214,0.00,0.01,2.61,0.16,0.0000,1,1,1,0.01,0.00,0.55,-0.06,0.00,0.00,0.16,208,30
3682,0.1,0.0,0.1,0.018,0.013,-1.007,4.9,-3.9,0.0,0.0194,-0.0148,0.0000,158,232,288,214,0.00,0.01,2.61,0.16,0.0000,1,1,1,0.01,0.00,0.55,-0.06,0.00,0.00,0.16,208,30
3692,0.0,0.2,0.0,0.013,0.008,-1.019,4.9,-4.0,0.0,0.0194,-0.0154,0.0000,158,231,289,216,0.00,0.01,2.61,0.16,0.0000,1,1,1,0.01,0.00,0.55,-0.06,0.00,0.00,0.16,208,30
3702,0.0,0.0,-0.3,0.010,0.005,-1.009,4.9,-4.0,0.0,0.0196,-0.0150,0.0000,158,231,288,214,0.00,0.01,2.61,0.16,0.0000,1,1,1,0.01,0.00,0.55,-0.06,0.00,0.00,0.16,208,30
3712,0.0,-0.3,0.3,0.016,0.008,-1.015,4.9,-4.0,0.0,0.0197,-0.0149,0.0000,158,233,289,215,0.00,0.01,2.61,0.16,0.0000,1,1,1,0.01,0.00,0.55,-0.06,0.00,0.00,0.16,208,30
3722,-0.1,-0.2,0.0,0.015,0.008,-1.007,4.9,-4.0,0.0,0.0197,-0.0149,0.0000,158,233,289,214,0.00,0.01,2.61,0.16,0.0000,1,1,1,0.01,0.00,0.55,-0.06,0.00,0.00,0.16,208,30
3732,-0.1,0.0,-0.3,0.013,0.006,-1.015,4.9,-4.0,0.0,0.0196,-0.0151,0.0000,158,232,290,215,0.00,0.01,2.61,0.16,0.0000,1,1,1,0.01,0.00,0.55,-0.06,0.00,0.00,0.16,208,30
3742,0.2,0.0,0.2,0.012,0.011,-1.017,4.9,-4.0,0.0,0.0193,-0.0151,0.0000,158,231,288,215,0.00,0.01,2.61,0.16,0.0000,1,1,1,0.01,0.00,0.55,-0.06,0.00,0.00,0.16,208,30
3752,0.3,-0.5,0.1,0.013,0.009,-1.019,4.9,-4.0,0.0,0.0192,-0.0146,0.0000,158,231,287,214,0.00,0.01,2.61,0.16,0.0000,1,1,1,0.01,0.00,0.55,-0.06,0.00,0.00,0.16,208,30
3763,0.0,-0.2,-0.6,0.016,0.011,-1.010,4.9,-4.0,0.0,0.0194,-0.0148,0.0000,158,231,288,214,0.00,0.01,2.61,0.16,0.0000,1,1,1,0.01,0.00,0.55,-0.06,0.00,0.00,0.16,208,30
3773,0.0,0.2,0.0,0.009,0.001,-1.015,4.9,-3.9,0.0,0.0195,-0.0152,0.0000,158,232,290,216,0.00,0.01,2.61,0.16,0.0000,1,1,1,0.01,0.00,0.55,-0.06,0.00,0.00,0.16,208,30
3783,0.0,0.0,0.4,0.009,0.014,-1.020,4.9,-3.9,0.0,0.0195,-0.0151,0.0000,158,232,289,216,0.00,0.01,2.61,0.16,0.0000,1,1,1,0.01,0.00,0.55,-0.06,0.00,0.00,0.16,208,30
3793,0.0,-0.3,-0.4,0.017,0.010,-1.011,4.9,-3.9,0.0,0.0195,-0.0147,0.0000,158,231,287,213,0.00,0.01,2.61,0.16,0.0000,1,1,1,0.01,0.00,0.55,-0.06,0.00,0.00,0.16,208,30
3803,-0.1,-0.3,-0.1,0.012,0.005,-1.013,4.9,-3.9,0.0,0.0197,-0.0147,0.0000,158,233,289,214,0.00,0.01,2.61,0.16,0.0000,1,1,1,0.01,0.00,0.55,-0.06,0.00,0.00,0.16,208,30
3813,0.1,0.0,0.4,0.010,0.001,-1.010,4.9,-3.9,0.0,0.0193,-0.0151,0.0000,158,231,288,215,0.00,0.01,2.61,0.16,0.0000,1,1,1,0.01,0.00,0.55,-0.06,0.00,0.00,0.16,208,30
3823,0.0,0.0,0.2,0.014,0.009,-1.011,4.9,-3.9,0.0,0.0193,-0.0149,0.0000,158,231,287,214,0.00,0.01,2.61,0.16,0.0000,1,1,1,0.01,0.00,0.55,-0.06,0.00,0.00,0.16,208,30
3833,0.0,-0.1,-0.4,0.016,0.007,-1.017,4.9,-3.9,0.0,0.0196,-0.0150,0.0000,158,232,289,215,0.00,0.01,2.61,0.16,0.0000,1,1,1,0.01,0.00,0.55,-0.06,0.00,0.00,0.16,209,30
3843,0.1,0.0,0.2,0.010,0.010,-1.019,4.9,-3.9,0.0,0.0194,-0.0150,0.0000,158,231,288,215,0.00,0.01,2.61,0.16,0.0000,1,1,1,0.01,0.00,0.55,-0.06,0.00,0.00,0.16,209,30
3853,0.0,0.0,0.1,0.012,0.007,-1.007,4.9,-3.9,0.0,0.0194,-0.0149,0.0000,158,232,287,214,0.00,0.01,2.61,0.16,0.0000,1,1,1,0.01,0.00,0.55,-0.06,0.00,0.00,0.16,209,30
3864,0.0,0.0,-0.2,0.011,0.005,-1.017,4.9,-3.9,0.0,0.0195,-0.0151,0.0000,158,231,289,215,0.00,0.01,2.61,0.16,0.0000,1,1,1,0.01,0.00,0.55,-0.06,0.00,0.00,0.16,209,30
3874,0.0,0.0,0.0,0.014,0.003,-1.014,4.9,-4.0,0.0,0.0195,-0.0151,0.0000,158,232,289,215,0.00,0.01,2.61,0.16,0.0000,1,1,1,0.01,0.00,0.55,-0.06,0.00,0.00,0.16,209,30
3884,-0.1,-0.1,0.0,0.017,0.009,-1.011,4.9,-4.0,0.0,0.0197,-0.0150,0.0000,158,232,290,216,0.00,0.01,2.61,0.16,0.0000,1,1,1,0.01,0.00,0.55,-0.06,0.00,0.00,0.16,209,30
3894,-0.1,0.1,-0.3,0.013,0.010,-1.012,4.9,-3.9,0.0,0.0196,-0.0152,0.0000,158,232,290,215,0.00,0.01,2.61,0.16,0.0000,1,1,1,0.01,0.00,0.55,-0.06,0.00,0.00,0.16,209,30
3904,0.1,0.0,0.6,0.013,0.001,-1.013,4.9,-4.0,0.0,0.0193,-0.0151,0.0000,158,231,288,215,0.00,0.01,2.61,0.16,0.0000,1,1,1,0.01,0.00,0.55,-0.06,0.00,0.00,0.16,209,30
3914,0.0,0.1,0.2,0.012,0.005,-1.009,4.9,-4.0,0.0,0.0195,-0.0153,0.0000,158,232,290,216,0.00,0.01,2.61,0.16,0.0000,1,1,1,0.01,0.00,0.55,-0.06,0.00,0.00,0.16,209,30
3924,0.1,0.0,-0.5,0.014,0.010,-1.019,4.9,-4.0,0.0,0.0193,-0.0150,0.0000,158,231,289,215,0.00,0.01,2.61,0.16,0.0000,1,1,1,0.01,0.00,0.55,-0.06,0.00,0.00,0.16,209,30
3934,0.2,-0.1,0.2,0.014,0.012,-1.013,4.9,-4.0,0.0,0.0193,-0.0150,0.0000,158,231,288,215,0.00,0.01,2.61,0.16,0.0000,1,1,1,0.01,0.00,0.55,-0.06,0.00,0.00,0.16,209,30
3944,0.0,-0.2,0.6,0.014,0.006,-1.009,4.9,-4.0,0.0,0.0195,-0.0148,0.0000,158,232,288,214,0.00,0.01,2.61,0.16,0.0000,1,1,1,0.01,0.00,0.55,-0.06,0.00,0.00,0.16,208,30
3954,0.0,-0.3,-0.2,0.017,0.010,-1.015,4.9,-4.0,0.0,0.0196,-0.0147,0.0000,158,232,288,214,0.00,0.01,2.61,0.16,0.0000,1,1,1,0.01,0.00,0.55,-0.06,0.00,0.00,0.16,208,30
3964,-0.1,0.2,-0.3,0.012,0.007,-1.012,4.9,-4.0,0.0,0.0197,-0.0154,0.0000,158,232,291,216,0.00,0.01,2.61,0.16,0.0000,1,1,1,0.01,0.00,0.55,-0.06,0.00,0.00,0.16,208,30
3974,0.1,-0.3,0.3,0.014,0.005,-1.018,4.9,-4.0,0.0,0.0194,-0.0147,0.0000,158,232,288,214,0.00,0.01,2.61,0.16,0.0000,1,1,1,0.01,0.00,0.55,-0.06,0.00,0.00,0.16,208,30
3984,0.2,-0.4,-0.1,0.014,0.000,-1.020,4.9,-4.0,0.0,0.0192,-0.0146,0.0000,158,231,286,213,0.00,0.01,2.61,0.16,0.0000,1,1,1,0.01,0.00,0.55,-0.06,0.00,0.00,0.16,208,30
3995,0.0,0.0,-0.1,0.010,0.010,-1.009,4.9,-4.0,0.0,0.0196,-0.0151,0.0000,158,232,289,215,0.00,0.01,2.61,0.16,0.0000,1,1,1,0.01,0.00,0.55,-0.06,0.00,0.00,0.16,208,30
4005,0.0,0.1,0.0,0.012,0.005,-1.018,4.9,-4.0,0.0,0.0195,-0.0153,0.0000,158,231,289,216,0.00,0.01,2.61,0.16,0.0000,1,1,1,0.01,0.00,0.55,-0.06,0.00,0.00,0.15,208,30
4015,0.2,-0.1,0.0,0.010,0.007,-1.022,4.9,-4.0,0.0,0.0193,-0.0150,0.0000,158,231,288,215,0.00,0.01,2.61,0.16,0.0000,1,1,1,0.01,0.00,0.55,-0.06,0.00,0.00,0.16,208,30
4025,0.0,-0.5,0.0,0.019,0.013,-1.012,4.9,-4.0,0.0,0.0194,-0.0145,0.0000,158,232,287,213,0.00,0.01,2.61,0.16,0.0000,1,1,1,0.01,0.00,0.55,-0.06,0.00,0.00,0.16,208,30
4035,-0.1,0.0,0.0,0.014,0.005,-1.013,4.9,-4.0,0.0,0.0195,-0.0150,0.0000,158,232,289,215,0.00,0.01,2.61,0.16,0.0000,1,1,1,0.01,0.00,0.55,-0.06,0.00,0.00,0.16,208,30
4045,0.0,0.1,0.0,0.009,0.004,-1.013,4.9,-4.0,0.0,0.0196,-0.0151,0.0000,158,232,289,215,0.00,0.01,2.61,0.16,0.0036,1,1,1,0.01,0.00,0.55,-0.06,0.00,0.00,0.16,208,30
4055,-0.1,-0.1,-0.1,0.014,0.000,-1.012,4.9,-4.0,0.0,0.0197,-0.0149,0.0000,158,232,289,214,0.00,0.01,2.61,0.16,0.0036,1,1,1,0.01,0.00,0.55,-0.06,0.00,0.00,0.16,208,30
4065,0.0,-0.2,-0.1,0.016,0.004,-1.020,4.9,-4.0,0.0,0.0193,-0.0150,0.0000,158,231,288,215,0.00,0.01,2.61,0.16,0.0036,1,1,1,0.01,0.00,0.55,-0.06,0.00,0.00,0.15,208,30
4075,0.1,0.0,0.1,0.011,0.006,-1.013,4.9,-4.0,0.0,0.0194,-0.0150,0.0000,158,231,288,215,0.00,0.01,2.61,0.16,0.0036,1,1,1,0.01,0.00,0.55,-0.06,0.00,0.00,0.16,208,30
4085,0.0,0.3,0.1,0.011,0.002,-1.006,4.9,-4.0,0.0,0.0195,-0.0154,0.0000,158,232,290,216,0.00,0.01,2.61,0.16,0.0115,1,1,1,0.01,0.00,0.55,-0.06,0.00,0.00,0.16,208,30
4096,0.1,0.0,-0.1,0.018,0.008,-1.016,4.9,-4.0,0.0,0.0194,-0.0151,0.0000,158,232,289,215,0.00,0.01,2.61,0.16,0.0115,1,1,1,0.01,0.00,0.55,-0.06,0.00,0.00,0.16,208,30
4106,0.1,0.1,-0.3,0.012,0.006,-1.025,4.9,-4.0,0.0,0.0195,-0.0154,0.0000,158,232,290,216,0.00,0.01,2.61,0.16,0.0128,1,1,1,0.01,0.00,0.55,-0.06,0.00,0.00,0.16,208,30
4116,0.1,-0.2,0.0,0.016,0.000,-1.009,4.9,-4.0,0.0,0.0193,-0.0148,0.0000,158,231,288,214,0.00,0.01,2.61,0.16,0.0128,1,1,1,0.01,0.00,0.55,-0.06,0.00,0.00,0.16,208,30
4126,-0.1,-0.2,0.1,0.010,0.004,-1.016,4.9,-4.0,0.0,0.0196,-0.0149,0.0000,158,232,288,214,0.00,0.01,2.61,0.16,0.0231,1,1,1,0.01,0.00,0.55,-0.06,0.00,0.00,0.16,208,30
4136,-0.1,0.1,0.2,0.012,0.004,-1.012,4.9,-4.0,0.0,0.0196,-0.0153,0.0000,158,232,290,216,0.00,0.01,2.61,0.16,0.0231,1,1,1,0.01,0.00,0.55,-0.06,0.00,0.00,0.16,208,30
4146,0.1,0.0,0.0,0.017,0.006,-1.016,4.9,-4.0,0.0,0.0193,-0.0151,0.0000,158,231,289,215,0.00,0.01,2.61,0.16,0.0231,1,1,1,0.01,0.00,0.55,-0.06,0.00,0.00,0.16,208,30
4156,0.5,-0.4,0.0,0.012,0.005,-1.013,4.9,-4.0,0.0,0.0189,-0.0149,0.0000,158,230,287,215,0.00,0.01,2.61,0.16,0.0231,1,1,1,0.01,0.00,0.55,-0.06,0.00,0.00,0.16,208,30
4166,0.0,0.0,0.0,0.011,0.006,-1.012,4.9,-4.0,0.0,0.0195,-0.0150,0.0000,158,231,288,214,0.00,0.01,2.61,0.16,0.0244,1,1,1,0.01,0.00,0.55,-0.06,0.00,0.00,0.16,208,30
4176,0.0,-0.2,-0.1,0.013,0.005,-1.010,4.9,-4.0,0.0,0.0194,-0.0149,0.0000,158,231,287,213,0.00,0.01,2.61,0.16,0.0244,1,1,1,0.01,0.00,0.55,-0.06,0.00,0.00,0.16,208,30
4186,0.2,0.0,0.0,0.007,0.004,-1.020,4.9,-4.0,0.0,0.0193,-0.0151,0.0000,160,234,292,218,0.00,0.01,2.61,0.16,0.0359,1,1,0,0.01,0.00,0.55,-0.06,0.00,0.00,0.16,208,30
4196,0.1,-0.2,-0.3,0.015,0.004,-1.014,4.9,-4.0,0.0,0.0194,-0.0148,0.0000,161,234,291,217,0.00,0.01,2.61,0.16,0.0359,1,1,0,0.01,0.00,0.55,-0.06,0.00,0.00,0.16,208,30
4206,0.1,-0.5,-0.1,0.012,0.011,-1.013,4.9,-4.0,0.0,0.0193,-0.0145,0.0000,185,258,313,240,0.00,0.01,2.61,0.16,0.0482,1,1,0,0.01,0.00,0.55,-0.06,0.00,0.00,0.16,208,30
4217,0.0,-0.2,0.2,0.014,0.007,-1.012,4.9,-4.0,0.0,0.0195,-0.0148,0.0000,184,258,314,240,0.00,0.01,2.61,0.16,0.0482,1,1,0,0.01,0.00,0.55,-0.06,0.00,0.00,0.16,208,30
4227,-0.2,0.0,0.1,0.024,0.007,-1.002,4.9,-4.0,0.0,0.0198,-0.0151,0.0000,201,276,334,259,0.00,0.01,2.61,0.16,0.0579,1,1,0,0.01,0.00,0.55,-0.06,0.00,0.00,0.16,208,30
4237,-0.2,-0.3,0.0,0.014,-0.004,-1.018,4.9,-4.0,0.0,0.0197,-0.0148,0.0000,202,276,333,258,0.00,0.01,2.61,0.16,0.0579,1,1,0,0.01,0.00,0.55,-0.06,0.00,0.00,0.16,208,30
4247,0.3,0.3,0.0,0.010,0.006,-1.020,4.9,-4.0,0.0,0.0192,-0.0155,0.0000,202,275,333,260,0.00,0.01,2.61,0.16,0.0579,1,1,0,0.01,0.00,0.55,-0.06,0.00,0.00,0.16,208,30
4257,0.5,-0.2,0.1,0.015,0.011,-1.006,4.9,-4.0,0.0,0.0189,-0.0148,0.0000,203,275,332,259,0.00,0.01,2.61,0.16,0.0579,1,1,0,0.01,0.00,0.55,-0.06,0.00,0.00,0.16,208,30
4267,0.2,0.0,-0.1,0.015,-0.004,-1.015,4.9,-4.0,0.0,0.0192,-0.0151,0.0000,202,275,332,260,0.00,0.01,2.61,0.16,0.0579,1,1,0,0.01,0.00,0.55,-0.06,0.00,0.00,0.16,208,30
4277,-0.1,0.1,0.0,0.013,0.019,-1.011,4.9,-4.0,0.0,0.0198,-0.0153,0.0000,201,276,334,259,0.00,0.01,2.61,0.16,0.0579,1,1,0,0.01,0.00,0.55,-0.06,0.00,0.00,0.15,208,30
4287,0.0,-0.3,-0.2,0.010,0.002,-1.026,4.9,-4.0,0.0,0.0195,-0.0147,0.0000,203,276,332,259,0.00,0.01,2.61,0.16,0.0579,1,1,0,0.01,0.00,0.55,-0.06,0.00,0.00,0.16,208,30
4297,-0.1,0.0,-0.2,0.018,0.011,-1.010,4.9,-4.0,0.0,0.0197,-0.0152,0.0000,201,276,334,259,0.00,0.01,2.61,0.16,0.0579,1,1,0,0.01,0.00,0.55,-0.06,0.00,0.00,0.16,208,30
4307,-0.3,-0.2,0.2,0.015,0.003,-1.018,4.9,-4.0,0.0,0.0199,-0.0149,0.0000,203,279,335,259,0.00,0.01,2.61,0.16,0.0585,1,1,0,0.01,0.00,0.55,-0.06,0.00,0.00,0.16,208,30
4317,-0.1,-0.1,-0.1,0.013,0.007,-1.013,4.9,-4.0,0.0,0.0197,-0.0148,0.0000,204,278,334,259,0.00,0.01,2.61,0.16,0.0585,1,1,0,0.01,0.00,0.55,-0.06,0.00,0.00,0.16,208,30
4327,0.3,-0.2,0.0,0.017,0.005,-1.017,4.9,-4.0,0.0,0.0192,-0.0148,0.0000,222,294,350,278,0.00,0.01,2.61,0.16,0.0677,1,1,0,0.01,0.00,0.55,-0.06,0.00,0.00,0.16,208,30
4338,0.0,0.1,0.3,0.009,0.009,-1.006,4.9,-4.0,0.0,0.0196,-0.0153,0.0000,220,295,352,277,0.00,0.01,2.61,0.16,0.0677,1,1,0,0.01,0.00,0.55,-0.06,0.00,0.00,0.16,208,30
4348,0.0,0.0,0.2,0.010,0.013,-1.012,4.9,-4.0,0.0,0.0196,-0.0150,0.0000,221,295,351,277,0.00,0.01,2.61,0.16,0.0677,1,1,0,0.01,0.00,0.55,-0.06,0.00,0.00,0.16,208,30
4358,0.4,-0.2,-0.1,0.012,0.007,-1.020,4.9,-4.0,0.0,0.0192,-0.0150,0.0000,221,294,351,278,0.00,0.01,2.61,0.16,0.0677,1,1,0,0.01,0.00,0.55,-0.06,0.00,0.00,0.16,208,30
4368,-0.2,-0.2,-0.5,0.012,0.006,-1.015,4.9,-4.0,0.0,0.0198,-0.0150,0.0000,221,295,351,276,0.00,0.01,2.61,0.16,0.0677,1,1,0,0.01,0.00,0.55,-0.06,0.00,0.00,0.16,208,30
4378,-0.3,0.1,0.0,0.010,0.002,-1.015,4.9,-4.0,0.0,0.0198,-0.0152,0.0000,220,295,352,277,0.00,0.01,2.61,0.16,0.0677,1,1,0,0.01,0.00,0.55,-0.06,0.00,0.00,0.16,208,30
4388,0.1,-0.6,0.1,0.020,0.010,-1.024,4.9,-4.0,0.0,0.0194,-0.0146,0.0000,221,295,351,277,0.00,0.01,2.61,0.16,0.0677,1,1,0,0.01,0.00,0.55,-0.06,0.00,0.00,0.16,208,30
4398,0.1,0.0,-0.7,0.020,0.007,-1.009,4.9,-4.0,0.0,0.0194,-0.0152,0.0000,220,294,352,278,0.00,0.01,2.61,0.16,0.0677,1,1,0,0.01,0.00,0.55,-0.06,0.00,0.00,0.16,208,30
4408,-0.1,0.4,0.0,0.016,0.004,-1.012,4.9,-4.0,0.0,0.0196,-0.0156,0.0000,219,293,353,278,0.00,0.01,2.61,0.16,0.0677,1,1,0,0.01,0.00,0.55,-0.06,0.00,0.00,0.16,208,30
4418,0.0,-0.3,0.6,0.010,0.014,-1.012,4.9,-4.0,0.0,0.0195,-0.0149,0.0000,220,295,351,277,0.00,0.01,2.61,0.16,0.0677,1,1,0,0.01,0.00,0.55,-0.06,0.00,0.00,0.16,208,30
4428,0.1,-0.4,-0.2,0.013,0.000,-1.009,4.9,-4.0,0.0,0.0195,-0.0148,0.0000,221,295,351,277,0.00,0.01,2.61,0.16,0.0677,1,1,0,0.01,0.00,0.55,-0.06,0.00,0.00,0.16,208,30
4438,0.2,-0.1,0.0,0.012,0.007,-1.017,4.9,-4.0,0.0,0.0194,-0.0151,0.0000,220,294,351,278,0.00,0.01,2.61,0.16,0.0677,1,1,0,0.01,0.00,0.55,-0.06,0.00,0.00,0.16,208,30
4449,-0.1,0.1,0.4,0.000,0.009,-1.017,4.9,-4.0,0.0,0.0198,-0.0153,0.0000,219,295,352,277,0.00,0.01,2.61,0.16,0.0677,1,1,0,0.01,0.00,0.55,-0.06,0.00,0.00,0.16,208,30
4459,0.2,0.0,0.0,0.010,0.004,-1.019,4.9,-4.0,0.0,0.0193,-0.0151,0.0000,221,294,351,278,0.00,0.01,2.61,0.16,0.0677,1,1,0,0.01,0.00,0.55,-0.06,0.00,0.00,0.16,208,30
4469,0.6,-0.2,-0.1,0.007,0.010,-1.023,4.9,-4.0,0.0,0.0190,-0.0149,0.0000,221,294,350,278,0.00,0.01,2.61,0.16,0.0677,1,1,0,0.01,0.00,0.55,-0.06,0.00,0.00,0.16,208,30
4479,0.0,0.0,0.1,0.011,0.004,-1.008,4.9,-4.0,0.0,0.0197,-0.0153,0.0000,220,295,352,277,0.00,0.01,2.61,0.16,0.0677,1,1,0,0.01,0.00,0.55,-0.06,0.00,0.00,0.16,209,30
4489,0.1,0.0,0.0,0.010,0.010,-1.026,4.9,-4.0,0.0,0.0196,-0.0151,0.0000,220,294,352,277,0.00,0.01,2.61,0.16,0.0677,1,1,0,0.01,0.00,0.55,-0.06,0.00,0.00,0.16,209,30
4499,0.2,-0.6,-0.2,0.015,0.007,-1.015,4.9,-4.0,0.0,0.0194,-0.0146,0.0000,221,295,350,277,0.00,0.01,2.61,0.16,0.0677,1,1,0,0.01,0.00,0.55,-0.06,0.00,0.00,0.16,209,30
4509,0.0,0.2,0.1,0.017,0.002,-1.008,4.9,-4.0,0.0,0.0196,-0.0155,0.0000,220,294,352,278,0.00,0.01,2.61,0.16,0.0677,1,1,0,0.01,0.00,0.55,-0.06,0.00,0.00,0.16,209,30
4519,0.1,0.0,0.1,0.020,0.013,-1.012,4.9,-4.0,0.0,0.0194,-0.0152,0.0000,220,293,351,278,0.00,0.01,2.61,0.16,0.0677,1,1,0,0.01,0.00,0.55,-0.06,0.00,0.00,0.16,209,30
4529,0.3,0.2,0.0,0.013,0.002,-1.008,4.9,-4.0,0.0,0.0193,-0.0155,0.0000,220,294,352,278,0.00,0.01,2.61,0.16,0.0677,1,1,0,0.01,0.00,0.55,-0.06,0.00,0.00,0.16,209,30
4539,-0.1,-0.1,-0.1,0.018,0.014,-1.009,4.9,-4.0,0.0,0.0198,-0.0150,0.0000,220,295,352,277,0.00,0.01,2.61,0.16,0.0677,1,1,0,0.01,0.00,0.55,-0.05,0.00,0.00,0.16,209,30
4549,0.2,-0.1,0.3,0.010,0.004,-1.012,4.9,-4.0,0.0,0.0194,-0.0151,0.0000,221,294,351,278,0.00,0.01,2.61,0.16,0.0677,1,1,0,0.01,0.00,0.55,-0.05,0.00,0.00,0.16,209,30
4559,0.4,-0.1,-0.1,0.015,0.006,-1.010,4.9,-4.0,0.0,0.0192,-0.0152,0.0000,221,294,351,278,0.00,0.01,2.61,0.16,0.0677,1,1,0,0.01,0.00,0.55,-0.06,0.00,0.00,0.16,209,30
4570,0.0,0.0,0.2,0.010,0.012,-1.010,4.9,-4.0,0.0,0.0197,-0.0151,0.0000,220,295,352,277,0.00,0.01,2.61,0.16,0.0677,1,1,0,0.01,0.00,0.55,-0.06,0.00,0.00,0.16,209,30
4580,0.2,-0.4,-0.4,0.011,0.007,-1.019,4.9,-4.0,0.0,0.0194,-0.0148,0.0000,221,294,351,277,0.00,0.01,2.61,0.16,0.0677,1,1,0,0.01,0.00,0.55,-0.05,0.00,0.00,0.16,209,30
4590,-0.2,0.0,0.3,0.014,0.005,-1.020,4.9,-4.0,0.0,0.0199,-0.0153,0.0000,219,295,352,277,0.00,0.01,2.61,0.16,0.0677,1,1,0,0.01,0.00,0.55,-0.06,0.00,0.00,0.16,209,30
4600,0.0,-0.2,0.0,0.017,0.006,-1.009,4.9,-4.0,0.0,0.0197,-0.0150,0.0000,220,295,352,277,0.00,0.01,2.61,0.16,0.0677,1,1,0,0.01,0.00,0.55,-0.06,0.00,0.00,0.16,209,30
4610,0.2,0.2,-0.4,0.016,0.000,-1.018,4.9,-4.0,0.0,0.0194,-0.0155,0.0000,220,293,352,279,0.00,0.01,2.61,0.16,0.0677,1,1,0,0.01,0.00,0.55,-0.06,0.00,0.00,0.16,209,30
4620,-0.1,-0.3,-0.1,0.018,0.009,-1.011,4.9,-4.0,0.0,0.0199,-0.0150,0.0000,219,295,352,276,0.00,0.01,2.61,0.16,0.0677,1,1,0,0.01,0.00,0.55,-0.06,0.00,0.00,0.16,209,30
4630,0.0,0.0,1.0,0.014,0.001,-1.014,4.9,-4.0,0.0,0.0197,-0.0152,0.0000,220,295,352,278,0.00,0.01,2.61,0.16,0.0677,1,1,0,0.01,0.00,0.55,-0.05,0.00,0.00,0.16,209,30
4640,0.0,0.0,-0.4,0.015,0.008,-1.017,4.9,-4.0,0.0,0.0196,-0.0154,0.0000,220,294,352,278,0.00,0.01,2.61,0.16,0.0677,1,1,0,0.01,0.00,0.55,-0.05,0.00,0.00,0.16,209,30
4650,0.1,0.2,-0.5,0.013,0.004,-1.011,4.9,-4.0,0.0,0.0196,-0.0155,0.0000,219,294,352,278,0.00,0.01,2.61,0.16,0.0677,1,1,0,0.01,0.00,0.55,-0.05,0.00,0.00,0.16,209,30
4660,-0.2,-0.1,0.2,0.010,0.001,-1.021,4.9,-4.0,0.0,0.0200,-0.0151,0.0000,219,295,352,277,0.00,0.01,2.61,0.16,0.0677,1,1,0,0.01,0.00,0.55,-0.05,0.00,0.00,0.16,209,30
4670,0.0,-0.1,0.3,0.015,0.006,-1.022,4.9,-4.0,0.0,0.0197,-0.0152,0.0000,221,295,353,279,0.00,0.01,2.61,0.16,0.0683,1,1,0,0.01,0.00,0.55,-0.06,0.00,0.00,0.16,209,30
4681,0.0,-0.1,-0.8,0.020,0.006,-1.015,4.9,-4.0,0.0,0.0197,-0.0152,0.0000,221,295,353,278,0.00,0.01,2.61,0.16,0.0683,1,1,0,0.01,0.00,0.55,-0.05,0.00,0.00,0.16,209,30
4691,0.1,0.1,-0.1,0.013,0.005,-1.019,4.9,-4.0,0.0,0.0196,-0.0156,0.0000,220,295,354,279,0.00,0.01,2.61,0.16,0.0683,1,1,0,0.01,0.00,0.55,-0.05,0.00,0.00,0.16,209,30
4701,0.0,-0.4,0.4,0.017,0.007,-1.013,4.9,-4.0,0.0,0.0197,-0.0149,0.0000,252,327,384,309,0.00,0.01,2.61,0.16,0.0848,1,1,0,0.01,0.00,0.55,-0.06,0.00,0.00,0.16,209,30
4711,-0.3,0.2,-0.2,0.012,0.007,-1.012,4.9,-4.0,0.0,0.0201,-0.0155,0.0000,251,326,385,310,0.00,0.01,2.61,0.16,0.0848,1,1,0,0.01,0.00,0.55,-0.05,0.00,0.00,0.16,209,30
4721,0.0,-0.1,0.0,0.016,0.001,-1.007,4.9,-4.0,0.0,0.0197,-0.0151,0.0000,275,350,407,333,0.00,0.01,2.61,0.16,0.0970,1,1,0,0.01,0.00,0.55,-0.06,0.00,0.00,0.16,209,30
4731,0.0,0.4,-0.2,0.015,0.011,-1.009,4.9,-4.0,0.0,0.0198,-0.0157,0.0000,274,348,408,334,0.00,0.01,2.61,0.16,0.0970,1,1,0,0.01,0.00,0.55,-0.06,0.00,0.00,0.16,209,30
4741,0.0,0.0,0.2,0.016,0.005,-1.017,4.9,-4.0,0.0,0.0197,-0.0154,0.0000,287,362,420,346,0.00,0.01,2.61,0.16,0.1037,1,1,0,0.01,0.00,0.55,-0.05,0.00,0.00,0.16,209,30
4751,0.0,-0.2,0.5,0.018,0.011,-1.015,4.9,-4.0,0.0,0.0198,-0.0151,0.0000,287,363,420,345,0.00,0.01,2.61,0.16,0.1037,1,1,0,0.01,0.00,0.55,-0.06,0.00,0.00,0.16,209,30
4761,-0.3,0.5,-0.2,0.008,0.007,-1.020,4.9,-4.0,0.0,0.0201,-0.0158,0.0000,286,362,422,345,0.00,0.01,2.61,0.16,0.1037,1,1,0,0.01,0.00,0.55,-0.05,0.00,0.00,0.16,209,30
4771,0.0,-0.3,-0.1,0.023,0.006,-1.012,4.9,-4.0,0.0,0.0198,-0.0150,0.0000,288,363,420,345,0.00,0.01,2.61,0.16,0.1037,1,1,0,0.01,0.00,0.55,-0.06,0.00,0.00,0.16,209,30
4781,-0.1,0.0,-0.2,0.010,0.003,-1.014,4.9,-4.0,0.0,0.0199,-0.0154,0.0000,288,363,420,345,0.00,0.01,2.61,0.16,0.1037,1,1,0,0.01,0.00,0.55,-0.05,0.00,0.00,0.16,209,30
4792,0.1,-0.1,0.3,0.013,0.006,-1.012,4.9,-4.0,0.0,0.0196,-0.0152,0.0000,288,362,420,346,0.00,0.01,2.61,0.16,0.1037,1,1,0,0.01,0.00,0.55,-0.06,0.00,0.00,0.16,209,30
4802,0.2,-0.4,-0.2,0.012,0.005,-1.018,4.9,-4.0,0.0,0.0195,-0.0149,0.0000,307,381,438,364,0.00,0.01,2.61,0.16,0.1134,1,1,0,0.01,0.00,0.55,-0.06,0.00,0.00,0.16,209,30
4812,0.4,0.0,0.1,0.015,0.004,-1.018,4.9,-4.0,0.0,0.0194,-0.0154,0.0000,306,379,439,365,0.00,0.01,2.61,0.16,0.1134,1,1,0,0.01,0.00,0.55,-0.06,0.00,0.00,0.16,209,30
4822,0.3,-0.3,0.1,0.016,0.009,-1.015,4.9,-4.0,0.0,0.0195,-0.0150,0.0000,307,381,438,364,0.00,0.01,2.61,0.16,0.1134,1,1,0,0.01,0.00,0.55,-0.06,0.00,0.00,0.16,209,30
4832,0.3,-0.2,0.2,0.019,0.004,-1.013,4.9,-4.0,0.0,0.0195,-0.0152,0.0000,307,380,438,364,0.00,0.01,2.61,0.16,0.1134,1,1,0,0.01,0.00,0.55,-0.06,0.00,0.00,0.16,209,30
4842,0.3,0.2,-1.1,0.013,0.010,-1.009,4.9,-4.0,0.0,0.0195,-0.0156,0.0001,307,381,440,366,0.00,0.01,2.61,0.16,0.1140,1,1,0,0.01,0.00,0.55,-0.06,0.00,0.00,0.16,209,30
4852,0.1,-0.4,1.2,0.017,0.010,-1.010,4.9,-4.0,0.0,0.0197,-0.0152,-0.0001,307,382,439,365,0.00,0.01,2.61,0.16,0.1140,1,1,0,0.01,0.00,0.55,-0.06,0.00,0.00,0.16,209,30
4862,0.0,-0.3,-0.4,0.022,0.008,-1.019,4.9,-4.0,0.0,0.0197,-0.0150,0.0000,307,382,440,365,0.00,0.01,2.61,0.16,0.1140,1,1,0,0.01,0.00,0.55,-0.06,0.00,0.00,0.16,209,30
4872,-0.1,0.2,-0.3,0.004,0.007,-1.011,4.9,-4.0,0.0,0.0200,-0.0156,0.0000,306,381,441,365,0.00,0.01,2.61,0.16,0.1140,1,1,0,0.01,0.00,0.55,-0.06,0.00,0.00,0.16,209,30
4882,0.1,-0.6,0.1,0.012,0.017,-1.019,4.9,-4.0,0.0,0.0196,-0.0150,0.0000,308,382,439,365,0.00,0.01,2.61,0.16,0.1140,1,1,0,0.01,0.00,0.55,-0.06,0.00,0.00,0.16,209,30
4892,0.1,-0.4,0.2,0.022,0.005,-1.010,4.9,-4.0,0.0,0.0197,-0.0150,0.0000,308,382,439,365,0.00,0.01,2.61,0.16,0.1140,1,1,0,0.01,0.00,0.55,-0.06,0.00,0.00,0.16,209,30
4902,0.3,-0.1,-0.3,0.015,0.015,-1.030,4.9,-4.0,0.0,0.0196,-0.0156,0.0000,307,381,440,366,0.00,0.01,2.61,0.16,0.1140,1,1,0,0.01,0.00,0.55,-0.06,0.00,0.00,0.16,209,30
4913,0.4,-0.1,-0.1,0.008,0.012,-0.997,4.9,-4.0,0.0,0.0193,-0.0154,0.0000,308,381,439,366,0.00,0.01,2.61,0.16,0.1140,1,1,0,0.01,0.00,0.55,-0.06,0.00,0.00,0.16,209,30
4923,0.0,-0.2,0.5,0.019,0.013,-1.015,4.9,-4.0,0.0,0.0198,-0.0152,0.0000,309,384,442,367,0.00,0.01,2.61,0.16,0.1153,1,1,0,0.01,0.00,0.55,-0.06,0.00,0.00,0.16,209,30
4933,0.4,-0.4,0.1,0.012,0.016,-1.013,4.9,-4.0,0.0,0.0194,-0.0149,0.0000,311,385,441,367,0.00,0.01,2.61,0.16,0.1153,1,1,0,0.01,0.00,0.55,-0.06,0.00,0.00,0.16,209,30
4943,0.0,-0.3,-0.9,0.016,0.012,-1.016,4.9,-4.0,0.0,0.0198,-0.0153,0.0000,309,384,443,367,0.00,0.01,2.61,0.16,0.1153,1,1,0,0.01,0.00,0.55,-0.06,0.00,0.00,0.16,209,30
4953,-0.1,0.2,0.9,0.014,0.004,-1.003,4.9,-4.0,0.0,0.0200,-0.0156,0.0000,308,383,443,369,0.00,0.01,2.61,0.16,0.1153,1,1,0,0.01,0.00,0.55,-0.05,0.00,0.00,0.16,208,30
4963,-0.1,-0.5,0.4,0.027,0.010,-1.005,4.9,-4.0,0.0,0.0200,-0.0150,0.0000,312,388,444,369,0.00,0.01,2.61,0.16,0.1165,1,1,0,0.01,0.00,0.55,-0.06,0.00,0.00,0.16,208,30
4973,0.2,0.0,-1.0,0.017,0.008,-1.016,4.9,-4.0,0.0,0.0195,-0.0156,0.0001,312,385,445,371,0.00,0.01,2.61,0.16,0.1165,1,1,0,0.01,0.00,0.55,-0.06,0.00,0.00,0.16,208,30
4983,0.0,-0.7,-0.2,0.020,0.008,-1.031,4.9,-4.0,0.0,0.0199,-0.0147,0.0000,312,387,444,369,0.00,0.01,2.61,0.16,0.1165,1,1,0,0.01,0.00,0.55,-0.06,0.00,0.00,0.16,208,30
4993,0.0,0.0,0.5,0.000,0.003,-1.021,4.9,-4.0,0.0,0.0200,-0.0155,0.0000,311,387,445,370,0.00,0.01,2.61,0.16,0.1165,1,1,0,0.01,0.00,0.55,-0.06,0.00,0.00,0.16,208,30
5003,0.1,-0.5,-0.6,0.013,0.001,-1.027,4.9,-4.0,0.0,0.0196,-0.0151,0.0000,312,387,444,369,0.00,0.01,2.61,0.16,0.1165,1,1,0,0.01,0.00,0.55,-0.06,0.00,0.00,0.16,208,30
5013,0.3,-0.9,-0.4,0.002,0.018,-1.028,4.9,-4.0,0.0,0.0195,-0.0145,0.0000,313,387,443,369,0.00,0.01,2.61,0.16,0.1165,1,1,0,0.01,0.00,0.55,-0.06,0.00,0.00,0.16,208,30
5023,0.0,-0.2,0.3,0.012,0.010,-1.018,4.9,-4.0,0.0,0.0200,-0.0152,0.0000,311,387,445,369,0.00,0.01,2.61,0.16,0.1165,1,1,0,0.01,0.00,0.55,-0.06,0.00,0.00,0.16,208,30
5034,0.0,-0.4,0.0,0.012,0.011,-1.006,4.9,-4.0,0.0,0.0198,-0.0150,0.0000,312,387,444,369,0.00,0.01,2.61,0.16,0.1165,1,1,0,0.01,0.00,0.55,-0.06,0.00,0.00,0.16,208,30
5044,-0.1,-0.9,0.0,0.011,0.007,-1.015,4.9,-4.0,0.0,0.0200,-0.0145,0.0000,313,388,444,368,0.00,0.01,2.61,0.16,0.1165,1,1,0,0.01,0.00,0.55,-0.06,0.00,0.00,0.16,208,30
5054,0.1,-0.5,0.4,0.020,0.006,-1.003,4.9,-4.0,0.0,0.0198,-0.0148,0.0000,313,388,443,369,0.00,0.01,2.61,0.16,0.1165,1,1,0,0.01,0.00,0.55,-0.06,0.00,0.00,0.16,208,30
5064,0.1,-0.3,-0.4,0.013,0.000,-1.023,4.9,-4.0,0.0,0.0198,-0.0151,0.0000,312,387,445,369,0.00,0.01,2.61,0.16,0.1165,1,1,0,0.01,0.00,0.55,-0.06,0.00,0.00,0.16,208,30
5074,0.1,0.3,-0.1,0.012,0.007,-1.002,4.9,-4.0,0.0,0.0197,-0.0158,0.0000,311,386,445,370,0.00,0.01,2.61,0.16,0.1165,1,1,0,0.01,0.00,0.55,-0.06,0.00,0.00,0.16,208,30
5084,0.0,-0.2,0.0,0.017,0.000,-1.007,4.9,-4.0,0.0,0.0199,-0.0150,0.0000,312,387,444,369,0.00,0.01,2.61,0.16,0.1165,1,1,0,0.01,0.00,0.55,-0.06,0.00,0.00,0.16,209,30
5094,0.2,-0.3,-0.5,0.016,0.009,-1.008,4.9,-4.0,0.0,0.0197,-0.0151,0.0000,312,387,444,369,0.00,0.01,2.61,0.16,0.1165,1,1,0,0.01,0.00,0.55,-0.06,0.00,0.00,0.16,209,30
5104,0.0,-0.5,0.2,0.017,0.005,-1.029,4.9,-4.0,0.0,0.0200,-0.0149,0.0000,312,388,444,368,0.00,0.01,2.61,0.16,0.1165,1,1,0,0.01,0.00,0.55,-0.05,0.00,0.00,0.16,209,30
5114,0.0,0.1,0.0,0.013,0.007,-1.005,4.9,-4.0,0.0,0.0198,-0.0155,0.0000,311,386,445,370,0.00,0.01,2.61,0.16,0.1165,1,1,0,0.01,0.00,0.55,-0.06,0.00,0.00,0.16,209,30
5124,0.1,-0.1,0.1,0.010,0.011,-1.022,4.9,-4.0,0.0,0.0198,-0.0153,0.0000,313,388,445,370,0.00,0.01,2.61,0.16,0.1171,1,1,0,0.01,0.00,0.55,-0.06,0.00,0.00,0.16,209,30
5134,-0.4,0.0,-0.2,0.012,0.009,-1.022,4.9,-4.0,0.0,0.0202,-0.0152,0.0000,312,389,446,370,0.00,0.01,2.61,0.16,0.1171,1,1,0,0.01,0.00,0.55,-0.06,0.00,0.00,0.16,209,30
5145,0.1,0.4,0.7,0.010,0.000,-1.023,4.9,-4.0,0.0,0.0198,-0.0159,0.0000,312,387,446,372,0.00,0.01,2.61,0.16,0.1171,1,1,0,0.01,0.00,0.55,-0.06,0.00,0.00,0.16,209,30
5155,0.0,0.1,-0.3,0.016,0.008,-1.005,4.9,-4.0,0.0,0.0199,-0.0156,0.0000,312,387,447,371,0.00,0.01,2.61,0.16,0.1171,1,1,0,0.01,0.00,0.55,-0.05,0.00,0.00,0.16,209,30
5165,0.2,0.2,0.2,0.006,0.001,-1.020,4.9,-4.0,0.0,0.0196,-0.0158,0.0000,312,387,446,372,0.00,0.01,2.61,0.16,0.1171,1,1,0,0.01,0.00,0.55,-0.05,0.00,0.00,0.16,209,30
5175,0.0,0.4,0.3,0.007,0.011,-1.015,4.9,-4.0,0.0,0.0200,-0.0159,0.0000,312,387,447,371,0.00,0.01,2.61,0.16,0.1171,1,1,0,0.01,0.00,0.55,-0.05,0.00,0.00,0.16,208,30
5185,0.0,0.0,0.0,0.008,0.002,-1.024,4.9,-4.0,0.0,0.0198,-0.0155,0.0000,312,387,446,371,0.00,0.01,2.61,0.16,0.1171,1,1,0,0.01,0.00,0.55,-0.05,0.00,0.00,0.16,208,30
5195,-0.5,0.5,-0.8,0.012,0.010,-1.009,4.9,-4.0,0.0,0.0205,-0.0160,0.0000,310,388,448,371,0.00,0.01,2.61,0.16,0.1171,1,1,0,0.01,0.00,0.55,-0.05,0.00,0.00,0.16,208,30
5205,0.0,0.5,0.2,0.013,0.002,-1.001,4.9,-4.0,0.0,0.0200,-0.0160,0.0000,311,387,447,372,0.00,0.01,2.61,0.16,0.1171,1,1,0,0.01,0.00,0.55,-0.05,0.00,0.00,0.16,208,30
5215,-0.1,0.0,0.0,0.005,0.009,-1.028,4.9,-4.0,0.0,0.0200,-0.0158,0.0000,311,387,447,371,0.00,0.01,2.61,0.16,0.1171,1,1,0,0.01,0.00,0.55,-0.05,0.00,0.00,0.16,208,30
5225,0.1,0.2,-0.4,0.012,-0.006,-1.017,4.9,-4.0,0.0,0.0198,-0.0157,0.0000,312,387,447,372,0.00,0.01,2.61,0.16,0.1171,1,1,0,0.01,0.00,0.55,-0.05,0.00,0.00,0.16,208,30
5235,-0.3,0.1,0.1,0.012,0.002,-1.026,4.9,-4.0,0.0,0.0203,-0.0156,0.0000,311,388,448,371,0.00,0.01,2.61,0.16,0.1171,1,1,0,0.01,0.00,0.55,-0.05,0.00,0.00,0.16,208,30
5245,-0.1,0.4,0.0,0.007,0.001,-1.016,4.9,-4.0,0.0,0.0201,-0.0160,0.0000,313,389,450,374,0.00,0.01,2.61,0.16,0.1183,1,1,0,0.01,0.00,0.55,-0.05,0.00,0.00,0.16,208,30
5256,-0.1,-0.6,-1.0,0.013,0.010,-1.020,4.9,-4.0,0.0,0.0201,-0.0149,0.0001,315,391,449,372,0.00,0.01,2.61,0.16,0.1183,1,1,0,0.01,0.00,0.55,-0.05,0.00,0.00,0.16,208,30
5266,0.0,-0.3,0.8,0.012,0.009,-1.017,4.9,-4.0,0.0,0.0200,-0.0155,0.0000,314,390,449,373,0.00,0.01,2.61,0.16,0.1183,1,1,0,0.01,0.00,0.55,-0.05,0.00,0.00,0.16,208,30
5276,0.0,-0.5,-0.2,0.020,0.008,-1.024,4.9,-4.0,0.0,0.0200,-0.0151,0.0000,315,390,448,373,0.00,0.01,2.61,0.16,0.1183,1,1,0,0.01,0.00,0.55,-0.05,0.00,0.00,0.16,208,30
5286,0.2,-0.3,-0.7,0.011,0.004,-1.005,4.9,-4.0,0.0,0.0198,-0.0151,0.0000,315,390,449,373,0.00,0.01,2.61,0.16,0.1183,1,1,0,0.01,0.00,0.55,-0.05,0.00,0.00,0.16,208,30
5296,0.0,-0.3,0.3,0.020,0.006,-1.020,4.9,-4.0,0.0,0.0202,-0.0152,0.0000,314,391,449,372,0.00,0.01,2.61,0.16,0.1183,1,1,0,0.01,0.00,0.55,-0.05,0.00,0.00,0.16,208,30
5306,0.2,-1.0,0.0,0.009,0.008,-1.012,4.9,-4.0,0.0,0.0197,-0.0145,0.0000,317,391,446,372,0.00,0.01,2.61,0.16,0.1183,1,1,0,0.01,0.00,0.55,-0.05,0.00,0.00,0.16,208,30
5316,0.0,-0.3,-0.1,0.013,0.004,-1.019,4.9,-4.0,0.0,0.0199,-0.0152,0.0000,315,390,449,372,0.00,0.01,2.61,0.16,0.1183,1,1,0,0.01,0.00,0.55,-0.05,0.00,0.00,0.15,208,30
5326,0.5,-1.1,-0.6,0.012,0.016,-1.012,4.9,-4.0,0.0,0.0194,-0.0144,0.0000,317,391,446,372,0.00,0.01,2.61,0.16,0.1183,1,1,0,0.01,0.00,0.55,-0.05,0.00,0.00,0.15,208,30
5336,0.0,0.0,0.7,0.003,0.008,-1.018,4.9,-4.0,0.0,0.0201,-0.0156,0.0000,314,391,448,373,0.00,0.01,2.61,0.16,0.1183,1,1,0,0.01,0.00,0.55,-0.05,0.00,0.00,0.15,208,30
5346,0.1,-0.6,0.4,0.012,0.013,-1.006,4.9,-3.9,0.0,0.0196,-0.0148,0.0000,317,391,447,372,0.00,0.01,2.61,0.16,0.1183,1,1,0,0.01,0.00,0.55,-0.05,0.00,0.00,0.15,208,30
5356,0.0,-0.4,-1.0,0.014,0.008,-1.033,4.9,-3.9,0.0,0.0201,-0.0151,0.0001,315,391,448,372,0.00,0.01,2.61,0.16,0.1183,1,1,0,0.01,0.00,0.55,-0.05,0.00,0.00,0.15,208,30
5367,0.0,0.3,0.4,0.014,0.003,-1.004,4.9,-3.9,0.0,0.0201,-0.0159,0.0000,315,390,448,373,0.00,0.01,2.61,0.16,0.1183,1,1,0,0.01,0.00,0.55,-0.05,0.00,0.00,0.15,208,30
5377,0.2,0.1,0.8,0.011,0.006,-1.018,4.9,-3.9,0.0,0.0198,-0.0156,0.0000,314,390,448,373,0.00,0.01,2.61,0.16,0.1183,1,1,0,0.01,0.00,0.55,-0.05,0.00,0.00,0.15,208,30
5387,0.1,-0.2,-0.5,0.018,0.015,-1.001,4.9,-3.9,0.0,0.0199,-0.0153,0.0000,315,391,448,372,0.00,0.01,2.61,0.16,0.1183,1,1,0,0.01,0.00,0.55,-0.05,0.00,0.00,0.15,208,30
5397,0.1,0.3,-0.5,0.017,0.005,-1.023,4.9,-4.0,0.0,0.0199,-0.0159,0.0000,314,389,449,374,0.00,0.01,2.61,0.16,0.1183,1,1,0,0.01,0.00,0.55,-0.05,0.00,0.00,0.15,208,30
5407,0.1,-0.1,0.5,0.015,0.004,-1.001,4.9,-3.9,0.0,0.0198,-0.0155,0.0000,315,390,448,373,0.00,0.01,2.61,0.16,0.1183,1,1,0,0.01,0.00,0.55,-0.05,0.00,0.00,0.15,208,30
5417,0.2,0.8,0.6,0.017,0.007,-1.024,4.9,-4.0,0.0,0.0198,-0.0164,0.0000,313,388,450,375,0.00,0.01,2.61,0.16,0.1183,1,1,0,0.01,0.00,0.55,-0.05,0.00,0.00,0.15,208,30
5427,0.3,0.1,-0.7,0.005,0.006,-0.994,4.9,-3.9,0.0,0.0199,-0.0157,0.0001,314,389,449,373,0.00,0.01,2.61,0.16,0.1183,1,1,0,0.01,0.00,0.55,-0.05,0.00,0.00,0.15,208,30
5437,0.0,0.3,-0.1,0.012,0.009,-1.035,4.9,-4.0,0.0,0.0200,-0.0160,0.0000,313,389,450,375,0.00,0.01,2.61,0.16,0.1183,1,1,0,0.01,0.00,0.55,-0.05,0.00,0.00,0.15,208,30
5447,0.2,-0.2,1.2,0.009,0.007,-1.012,4.9,-3.9,0.0,0.0199,-0.0153,-0.0001,315,390,448,373,0.00,0.01,2.61,0.16,0.1183,1,1,0,0.01,0.00,0.55,-0.05,0.00,0.00,0.15,208,30
5457,-0.1,-0.2,-0.9,0.023,0.006,-1.019,4.9,-4.0,0.0,0.0202,-0.0154,0.0001,314,390,450,373,0.00,0.01,2.61,0.16,0.1183,1,1,0,0.01,0.00,0.55,-0.05,0.00,0.00,0.15,208,30
5467,0.1,0.5,-0.3,0.013,0.006,-1.007,4.9,-4.0,0.0,0.0200,-0.0162,0.0000,313,388,450,375,0.00,0.01,2.61,0.16,0.1183,1,1,0,0.01,0.00,0.55,-0.05,0.00,0.00,0.15,208,30
5478,0.0,-0.5,0.5,0.015,0.007,-1.026,4.9,-4.0,0.0,0.0203,-0.0150,0.0000,314,392,448,372,0.00,0.01,2.61,0.16,0.1183,1,1,0,0.01,0.00,0.55,-0.05,0.00,0.00,0.15,208,30
5488,0.0,-0.1,0.3,0.013,0.009,-1.015,4.9,-4.0,0.0,0.0202,-0.0154,0.0000,314,390,449,373,0.00,0.01,2.61,0.16,0.1183,1,1,0,0.01,0.00,0.55,-0.05,0.00,0.00,0.15,207,30
5498,0.0,-1.1,-1.0,0.022,0.012,-1.024,4.9,-4.0,0.0,0.0201,-0.0145,0.0001,316,391,447,372,0.00,0.01,2.61,0.15,0.1183,1,1,0,0.01,0.00,0.55,-0.05,0.00,0.00,0.15,207,30
5508,0.0,-0.2,0.3,0.016,0.008,-0.994,4.9,-4.0,0.0,0.0202,-0.0154,0.0000,314,390,449,373,0.00,0.01,2.61,0.15,0.1183,1,1,0,0.01,0.00,0.55,-0.05,0.00,0.00,0.15,207,30
5518,0.0,-0.5,0.4,0.016,0.005,-1.019,4.9,-4.0,0.0,0.0201,-0.0151,0.0000,315,391,448,372,0.00,0.01,2.61,0.15,0.1183,1,1,0,0.01,0.00,0.55,-0.05,0.00,0.00,0.15,207,30
5528,0.2,-0.4,-1.0,0.009,0.011,-1.010,4.9,-4.0,0.0,0.0199,-0.0152,0.0001,316,391,448,372,0.00,0.01,2.61,0.15,0.1183,1,1,0,0.01,0.00,0.55,-0.05,0.00,0.00,0.15,207,30
5538,0.0,0.0,0.3,0.015,0.002,-1.023,4.9,-4.0,0.0,0.0201,-0.0155,0.0000,314,390,449,373,0.00,0.01,2.61,0.15,0.1183,1,1,0,0.01,0.00,0.55,-0.05,0.00,0.00,0.15,207,30
5548,0.4,-0.1,0.6,0.004,0.013,-1.006,4.9,-4.0,0.0,0.0197,-0.0154,0.0000,315,390,448,373,0.00,0.01,2.61,0.15,0.1183,1,1,0,0.01,0.00,0.55,-0.05,0.00,0.00,0.15,207,30
5558,-0.2,-0.3,-0.8,0.005,0.004,-1.025,4.9,-4.0,0.0,0.0204,-0.0153,0.0000,315,391,448,371,0.00,0.01,2.61,0.15,0.1183,1,1,0,0.01,0.00,0.55,-0.05,0.00,0.00,0.15,207,30
5568,0.0,0.0,0.1,0.017,0.008,-1.000,4.9,-4.0,0.0,0.0198,-0.0155,0.0000,316,391,449,375,0.00,0.01,2.61,0.15,0.1189,1,1,0,0.01,0.00,0.55,-0.05,0.00,0.00,0.15,207,30
5578,0.1,-0.3,0.6,0.015,-0.005,-1.037,4.9,-4.0,0.0,0.0200,-0.0152,0.0000,316,392,449,374,0.00,0.01,2.61,0.15,0.1189,1,1,0,0.01,0.00,0.55,-0.05,0.00,0.00,0.15,207,30
5588,0.0,0.4,-0.2,0.012,0.009,-1.007,4.9,-4.0,0.0,0.0202,-0.0161,0.0000,314,391,451,374,0.00,0.01,2.61,0.15,0.1189,1,1,0,0.01,0.00,0.55,-0.05,0.00,0.00,0.15,207,30
5599,0.0,0.2,-0.4,0.018,0.003,-1.015,4.9,-4.0,0.0,0.0201,-0.0159,0.0000,315,391,450,374,0.00,0.01,2.61,0.15,0.1189,1,1,0,0.01,0.00,0.55,-0.05,0.00,0.00,0.15,207,30
5609,-0.1,0.6,0.6,0.009,0.006,-1.006,4.9,-4.0,0.0,0.0202,-0.0162,0.0000,331,408,469,393,0.00,0.01,2.61,0.15,0.1281,1,1,0,0.01,0.00,0.55,-0.05,0.00,0.00,0.15,207,30
5619,0.0,-0.3,0.5,0.017,-0.006,-1.025,4.9,-4.0,0.0,0.0201,-0.0153,0.0000,333,409,467,391,0.00,0.01,2.61,0.15,0.1281,1,1,0,0.01,0.00,0.55,-0.05,0.00,0.00,0.15,207,30
5629,0.0,0.0,-1.4,0.013,0.019,-1.007,4.9,-4.0,0.0,0.0203,-0.0158,0.0001,331,408,469,391,0.00,0.01,2.61,0.15,0.1281,1,1,0,0.01,0.00,0.55,-0.05,0.00,0.00,0.15,207,30
5639,0.0,0.0,0.8,0.015,0.002,-1.021,4.9,-4.0,0.0,0.0203,-0.0156,0.0000,332,409,468,391,0.00,0.01,2.61,0.15,0.1281,1,1,0,0.01,0.00,0.55,-0.05,0.00,0.00,0.15,207,30
5649,0.0,-0.2,0.6,0.009,0.012,-1.011,4.9,-4.0,0.0,0.0202,-0.0155,0.0000,332,409,468,391,0.00,0.01,2.61,0.15,0.1281,1,1,0,0.01,0.00,0.55,-0.05,0.00,0.00,0.15,207,30
5659,-0.2,0.1,-1.3,0.016,0.004,-1.020,4.9,-4.0,0.0,0.0203,-0.0160,0.0001,331,408,469,392,0.00,0.01,2.61,0.15,0.1281,1,1,0,0.01,0.00,0.55,-0.05,0.00,0.00,0.15,208,30
5669,0.3,0.1,0.6,0.014,0.000,-1.006,4.9,-4.0,0.0,0.0198,-0.0158,0.0000,333,408,467,393,0.00,0.01,2.61,0.15,0.1281,1,1,0,0.01,0.00,0.55,-0.05,0.00,0.00,0.15,208,30
5679,0.0,-0.4,0.4,0.016,0.004,-1.021,4.9,-4.0,0.0,0.0202,-0.0150,0.0000,333,410,466,390,0.00,0.01,2.61,0.15,0.1281,1,1,0,0.01,0.00,0.55,-0.05,0.00,0.00,0.15,208,30
5689,0.4,0.9,-0.5,0.004,0.006,-1.021,4.9,-4.0,0.0,0.0198,-0.0166,0.0000,332,407,470,395,0.00,0.01,2.61,0.15,0.1287,1,1,0,0.01,0.00,0.55,-0.05,0.00,0.00,0.15,208,30
5699,0.3,-0.9,-0.2,0.013,0.007,-1.028,4.9,-4.0,0.0,0.0199,-0.0147,0.0000,336,411,466,391,0.00,0.01,2.61,0.15,0.1287,1,1,0,0.01,0.00,0.55,-0.05,0.00,0.00,0.15,208,30
5709,0.0,0.1,0.5,0.012,0.006,-1.004,4.9,-4.0,0.0,0.0201,-0.0161,0.0000,332,409,470,394,0.00,0.01,2.61,0.15,0.1287,1,1,0,0.01,0.00,0.55,-0.05,0.00,0.00,0.15,208,30
5720,-0.3,-0.1,0.4,0.020,0.009,-1.019,4.9,-4.0,0.0,0.0205,-0.0155,0.0000,333,411,469,391,0.00,0.01,2.61,0.15,0.1287,1,1,0,0.01,0.00,0.55,-0.05,0.00,0.00,0.15,208,30
5730,-0.1,-0.9,-1.1,0.016,0.000,-1.005,4.9,-4.0,0.0,0.0204,-0.0147,0.0001,349,425,482,404,0.00,0.01,2.61,0.15,0.1360,1,1,0,0.01,0.00,0.55,-0.05,0.00,0.00,0.15,208,30
5740,-0.3,0.6,0.7,0.006,0.007,-1.018,4.9,-4.0,0.0,0.0204,-0.0163,0.0000,346,423,484,407,0.00,0.01,2.61,0.15,0.1360,1,1,0,0.01,0.00,0.55,-0.05,0.00,0.00,0.15,208,30
5750,0.3,-0.4,0.9,0.008,0.009,-1.014,4.9,-4.0,0.0,0.0199,-0.0153,0.0000,349,424,481,407,0.00,0.01,2.61,0.15,0.1360,1,1,0,0.01,0.00,0.55,-0.05,0.00,0.00,0.15,208,30
5760,0.1,-0.8,-1.9,0.015,0.018,-1.022,4.9,-4.0,0.0,0.0202,-0.0149,0.0001,348,424,483,405,0.00,0.01,2.61,0.15,0.1360,1,1,0,0.01,0.00,0.55,-0.05,0.00,0.00,0.15,208,30
5770,0.3,0.3,0.8,0.009,0.009,-1.017,4.9,-4.0,0.0,0.0199,-0.0161,0.0000,346,422,484,408,0.00,0.01,2.61,0.15,0.1360,1,1,0,0.01,0.00,0.55,-0.05,0.00,0.00,0.15,208,30
5780,0.2,-1.2,0.4,0.018,0.000,-1.030,4.9,-4.0,0.0,0.0202,-0.0146,0.0000,349,425,481,404,0.00,0.01,2.61,0.15,0.1360,1,1,0,0.01,0.00,0.55,-0.05,0.00,0.00,0.15,208,30
5790,-0.3,-0.1,-0.8,0.020,0.001,-1.006,4.9,-4.0,0.0,0.0206,-0.0159,0.0000,346,423,485,406,0.00,0.01,2.61,0.15,0.1360,1,1,0,0.01,0.00,0.55,-0.05,0.00,0.00,0.15,208,30
5800,0.1,0.6,0.6,0.012,0.007,-1.028,4.9,-4.0,0.0,0.0201,-0.0164,0.0000,347,424,485,409,0.00,0.01,2.61,0.15,0.1366,1,1,0,0.01,0.00,0.55,-0.05,0.00,0.00,0.15,208,30
5810,0.0,-1.3,0.2,0.025,0.012,-0.999,4.9,-4.0,0.0,0.0202,-0.0144,0.0000,351,426,482,406,0.00,0.01,2.61,0.15,0.1366,1,1,0,0.01,0.00,0.55,-0.05,0.00,0.00,0.15,208,30
5820,0.1,1.1,-1.2,0.011,0.021,-1.016,4.9,-4.0,0.0,0.0202,-0.0172,0.0001,366,442,508,431,0.00,0.01,2.61,0.15,0.1476,1,1,0,0.01,0.00,0.55,-0.05,0.00,0.00,0.15,209,30
5831,0.0,-0.3,0.7,0.011,0.010,-1.001,4.9,-4.0,0.0,0.0202,-0.0153,0.0000,370,446,503,428,0.00,0.01,2.61,0.15,0.1476,1,1,0,0.01,0.00,0.55,-0.05,0.00,0.00,0.15,209,30
5841,0.3,-1.2,0.7,0.017,0.010,-1.029,4.9,-4.0,0.0,0.0199,-0.0146,0.0000,370,446,503,428,0.00,0.01,2.61,0.15,0.1476,1,1,0,0.01,0.00,0.55,-0.05,0.00,0.00,0.15,209,30
5851,-0.2,2.0,-0.8,-0.001,0.008,-1.000,4.9,-4.0,0.0,0.0206,-0.0178,0.0000,365,442,510,431,0.00,0.01,2.61,0.15,0.1476,1,1,0,0.01,0.00,0.55,-0.05,0.00,0.00,0.15,208,30
5861,0.1,-1.7,0.1,0.024,0.011,-1.004,4.9,-4.0,0.0,0.0201,-0.0140,0.0000,373,449,501,425,0.00,0.01,2.61,0.15,0.1476,1,1,0,0.01,0.00,0.55,-0.05,0.00,0.00,0.15,208,30
5871,0.1,-0.5,0.5,0.022,0.003,-1.017,4.9,-4.0,0.0,0.0202,-0.0156,0.0000,369,445,505,429,0.00,0.01,2.61,0.15,0.1476,1,1,0,0.01,0.00,0.55,-0.05,0.00,0.00,0.15,208,30
5881,-0.2,1.3,0.0,0.004,0.009,-1.026,4.9,-4.0,0.0,0.0206,-0.0171,0.0000,366,444,508,430,0.00,0.01,2.61,0.15,0.1476,1,1,0,0.01,0.00,0.55,-0.05,0.00,0.00,0.15,208,30
5891,0.1,-1.1,-0.4,0.021,0.007,-1.004,4.9,-4.0,0.0,0.0203,-0.0145,0.0000,371,448,503,425,0.00,0.01,2.61,0.15,0.1476,1,1,0,0.01,0.00,0.55,-0.05,0.00,0.00,0.15,208,30
5901,0.1,-0.3,0.4,0.024,0.011,-0.997,4.9,-4.0,0.0,0.0202,-0.0155,0.0000,369,445,505,428,0.00,0.01,2.61,0.15,0.1476,1,1,0,0.01,0.00,0.55,-0.05,0.00,0.00,0.15,208,30
5911,0.0,1.8,0.0,-0.003,-0.004,-1.022,4.9,-4.0,0.0,0.0204,-0.0177,0.0000,365,443,508,431,0.00,0.01,2.61,0.15,0.1476,1,1,0,0.01,0.00,0.55,-0.05,0.00,0.00,0.15,208,30
5921,0.2,-1.7,-0.2,0.026,0.000,-1.021,4.9,-4.0,0.0,0.0201,-0.0140,0.0000,373,448,501,425,0.00,0.01,2.61,0.15,0.1476,1,1,0,0.01,0.00,0.55,-0.05,0.00,0.00,0.15,208,30
5931,0.5,0.7,0.0,0.019,0.023,-1.002,4.9,-4.0,0.0,0.0199,-0.0168,0.0000,367,442,507,431,0.00,0.01,2.61,0.15,0.1476,1,1,0,0.01,0.00,0.55,-0.05,0.00,0.00,0.15,208,30
5942,-0.2,1.6,0.9,-0.001,0.005,-1.019,4.9,-4.0,0.0,0.0206,-0.0175,0.0000,381,459,523,445,0.00,0.01,2.61,0.15,0.1555,1,1,0,0.01,0.00,0.55,-0.05,0.00,0.00,0.15,208,30
5952,0.2,-2.5,-0.1,0.019,0.000,-1.007,4.9,-4.0,0.0,0.0201,-0.0131,0.0000,389,465,515,438,0.00,0.01,2.61,0.15,0.1555,1,1,0,0.01,0.00,0.55,-0.05,0.00,0.00,0.15,208,30
5962,0.0,0.9,-1.6,0.022,0.017,-1.019,4.9,-4.0,0.0,0.0204,-0.0170,0.0001,381,458,524,445,0.00,0.01,2.61,0.15,0.1555,1,1,0,0.01,0.00,0.55,-0.05,0.00,0.00,0.15,208,30
5972,0.1,1.0,1.9,0.005,0.001,-1.001,4.9,-4.0,0.0,0.0202,-0.0168,-0.0001,382,459,521,445,0.00,0.01,2.61,0.15,0.1555,1,1,0,0.01,0.00,0.55,-0.05,0.00,0.00,0.15,208,30
5982,0.7,-1.8,0.1,0.018,0.010,-1.028,4.9,-4.0,0.0,0.0197,-0.0140,0.0000,388,463,516,441,0.00,0.01,2.61,0.15,0.1555,1,1,0,0.01,0.00,0.55,-0.05,0.00,0.00,0.15,208,30
5992,-0.4,1.1,-1.9,0.015,0.000,-1.010,4.9,-4.0,0.0,0.0208,-0.0170,0.0002,380,459,524,444,0.00,0.01,2.61,0.15,0.1555,1,1,0,0.01,0.00,0.55,-0.05,0.00,0.00,0.15,208,30
6002,0.0,0.5,1.5,0.007,0.020,-1.019,4.9,-4.0,0.0,0.0203,-0.0164,-0.0001,382,460,521,444,0.00,0.01,2.61,0.15,0.1555,1,1,0,0.01,0.00,0.55,-0.05,0.00,0.00,0.15,208,30
6012,0.3,-1.8,0.6,0.020,0.005,-1.020,4.9,-4.0,0.0,0.0200,-0.0139,0.0000,387,463,516,441,0.00,0.01,2.61,0.15,0.1555,1,1,0,0.01,0.00,0.55,-0.05,0.00,0.00,0.15,208,30
6022,0.2,0.2,-1.3,0.020,0.010,-1.004,4.9,-4.0,0.0,0.0201,-0.0161,0.0001,382,458,522,445,0.00,0.01,2.61,0.15,0.1555,1,1,0,0.01,0.00,0.55,-0.05,0.00,0.00,0.15,208,30
6032,0.0,0.5,-0.3,0.006,0.010,-1.021,4.9,-4.0,0.0,0.0204,-0.0164,0.0000,382,459,521,444,0.00,0.01,2.61,0.15,0.1555,1,1,0,0.01,0.00,0.55,-0.05,0.00,0.00,0.15,208,30
6042,0.0,-0.4,1.4,0.015,-0.006,-1.009,4.9,-4.0,0.0,0.0203,-0.0154,-0.0001,386,463,520,443,0.00,0.01,2.61,0.15,0.1561,1,1,0,0.01,0.00,0.55,-0.05,0.00,0.00,0.15,208,30
6053,0.3,-0.2,-0.2,0.013,0.003,-1.014,4.9,-4.0,0.0,0.0201,-0.0157,0.0000,384,461,522,444,0.00,0.01,2.61,0.15,0.1561,1,1,0,0.01,0.00,0.55,-0.05,0.00,0.00,0.15,208,30
6063,-0.5,0.2,-1.6,0.023,0.011,-1.017,4.9,-4.0,0.0,0.0211,-0.0160,0.0001,383,463,524,443,0.00,0.01,2.61,0.15,0.1561,1,1,0,0.01,0.00,0.55,-0.05,0.00,0.00,0.15,208,30
6073,0.0,-0.7,1.4,0.002,-0.004,-1.006,4.9,-4.0,0.0,0.0204,-0.0151,-0.0001,386,463,519,444,0.00,0.01,2.61,0.15,0.1561,1,1,0,0.01,0.00,0.55,-0.05,0.00,0.00,0.15,208,30
6083,0.0,-0.6,0.1,0.021,0.010,-1.023,4.9,-4.0,0.0,0.0203,-0.0152,0.0000,401,477,535,458,0.00,0.01,2.61,0.15,0.1641,1,1,0,0.01,0.00,0.55,-0.05,0.00,0.00,0.15,208,30
6093,-0.2,0.6,-0.8,0.013,0.012,-0.996,4.9,-4.0,0.0,0.0207,-0.0165,0.0000,398,476,539,460,0.00,0.01,2.61,0.15,0.1641,1,1,0,0.01,0.00,0.55,-0.05,0.00,0.00,0.15,208,30
6103,0.0,0.6,0.4,0.008,0.001,-1.007,4.9,-4.0,0.0,0.0203,-0.0165,0.0000,399,476,536,460,0.00,0.01,2.61,0.15,0.1641,1,1,0,0.01,0.00,0.55,-0.05,0.00,0.00,0.15,208,30
6113,0.3,-0.3,0.4,0.025,0.016,-1.017,4.9,-4.0,0.0,0.0201,-0.0155,0.0000,401,477,535,459,0.00,0.01,2.61,0.15,0.1641,1,1,0,0.01,0.00,0.55,-0.05,0.00,0.00,0.15,208,30
6123,0.1,-0.4,-0.3,0.016,0.012,-1.016,4.9,-4.0,0.0,0.0202,-0.0154,0.0000,400,476,536,459,0.00,0.01,2.61,0.15,0.1641,1,1,0,0.01,0.00,0.55,-0.05,0.00,0.00,0.15,208,30
6133,-0.2,1.4,0.0,0.002,0.006,-1.015,4.9,-4.0,0.0,0.0208,-0.0172,0.0000,396,475,540,461,0.00,0.01,2.61,0.15,0.1641,1,1,0,0.01,0.00,0.55,-0.05,0.00,0.00,0.15,208,30
6143,0.6,-1.7,1.6,0.024,0.011,-1.019,4.9,-4.0,0.0,0.0199,-0.0141,-0.0001,405,482,535,460,0.00,0.01,2.61,0.15,0.1653,1,1,0,0.01,0.00,0.55,-0.05,0.00,0.00,0.15,208,30
6153,0.0,-0.2,-1.1,0.014,-0.009,-1.015,4.9,-4.0,0.0,0.0204,-0.0157,0.0001,401,478,540,462,0.00,0.01,2.61,0.15,0.1653,1,1,0,0.01,0.00,0.55,-0.05,0.00,0.00,0.15,208,30
6164,-0.5,1.1,-1.1,0.014,0.019,-1.019,4.9,-4.0,0.0,0.0210,-0.0171,0.0001,414,494,559,479,0.00,0.01,2.61,0.15,0.1738,1,1,0,0.01,0.00,0.55,-0.05,0.00,0.00,0.15,208,30
6174,0.5,-0.7,2.0,0.011,0.011,-1.002,4.9,-4.0,0.0,0.0199,-0.0152,-0.0001,420,495,552,478,0.00,0.01,2.61,0.15,0.1738,1,1,0,0.01,0.00,0.55,-0.05,0.00,0.00,0.15,208,30
6184,0.3,0.0,-0.8,0.022,0.000,-1.007,4.9,-4.0,0.0,0.0201,-0.0159,0.0000,418,494,555,478,0.00,0.01,2.61,0.15,0.1738,1,1,0,0.01,0.00,0.55,-0.05,0.00,0.00,0.15,208,30
6194,-0.2,-0.1,-1.7,0.029,0.018,-1.026,4.9,-4.0,0.0,0.0207,-0.0161,0.0001,417,494,557,478,0.00,0.01,2.61,0.15,0.1738,1,1,0,0.01,0.00,0.55,-0.05,0.00,0.00,0.15,208,30
6204,0.2,1.0,1.4,-0.002,-0.002,-1.018,4.9,-4.0,0.0,0.0202,-0.0169,-0.0001,416,493,556,480,0.00,0.01,2.61,0.15,0.1738,1,1,0,0.01,0.00,0.55,-0.05,0.00,0.00,0.15,208,30
6214,0.4,0.0,-0.1,0.012,-0.003,-1.021,4.9,-4.0,0.0,0.0200,-0.0159,0.0000,419,495,554,478,0.00,0.01,2.61,0.15,0.1738,1,1,0,0.01,0.00,0.55,-0.05,0.00,0.00,0.15,209,30
6224,-0.6,-2.0,-0.7,0.035,0.005,-1.011,4.9,-4.0,0.0,0.0210,-0.0140,0.0000,420,499,553,474,0.00,0.01,2.61,0.15,0.1738,1,1,0,0.01,0.00,0.55,-0.05,0.00,0.00,0.15,209,30
6234,0.1,2.4,0.4,0.006,0.003,-1.005,4.9,-4.0,0.0,0.0203,-0.0184,0.0000,413,490,560,483,0.00,0.01,2.61,0.15,0.1738,1,1,0,0.01,0.00,0.55,-0.05,0.00,0.00,0.15,209,30
6244,0.0,0.7,1.2,0.006,0.012,-1.019,4.9,-4.0,0.0,0.0205,-0.0167,-0.0001,420,497,557,481,0.00,0.01,2.61,0.15,0.1751,1,1,0,0.01,0.00,0.55,-0.05,0.00,0.00,0.15,209,30
6254,0.1,-2.7,0.1,0.038,0.003,-1.020,4.9,-4.0,0.0,0.0203,-0.0132,0.0000,424,502,553,476,0.00,0.01,2.61,0.15,0.1751,1,1,0,0.01,0.00,0.55,-0.05,0.00,0.00,0.15,209,30
6264,-0.2,1.7,-1.6,0.007,0.008,-1.003,4.9,-4.0,0.0,0.0208,-0.0177,0.0001,417,495,562,482,0.00,0.01,2.61,0.15,0.1751,1,1,0,0.01,0.00,0.55,-0.05,0.00,0.00,0.15,209,30
6275,0.0,0.9,1.1,0.004,0.004,-1.008,4.9,-4.0,0.0,0.0204,-0.0163,-0.0001,420,498,557,480,0.00,0.01,2.61,0.15,0.1751,1,1,0,0.01,0.00,0.55,-0.05,0.00,0.00,0.15,209,30
6285,0.9,-0.9,1.2,0.024,0.017,-1.005,4.9,-4.0,0.0,0.0196,-0.0149,-0.0001,423,497,554,481,0.00,0.01,2.61,0.15,0.1751,1,1,0,0.01,0.00,0.55,-0.05,0.00,0.00,0.15,209,30
6295,0.2,0.5,-2.2,0.015,-0.009,-1.009,4.9,-4.0,0.0,0.0203,-0.0165,0.0002,420,496,559,480,0.00,0.01,2.61,0.15,0.1751,1,1,0,0.01,0.00,0.55,-0.05,0.00,0.00,0.15,209,30
6305,-0.4,-0.6,0.0,0.018,0.014,-1.013,4.9,-4.0,0.0,0.0209,-0.0153,0.0000,420,500,557,478,0.00,0.01,2.61,0.15,0.1751,1,1,0,0.01,0.00,0.55,-0.05,0.00,0.00,0.15,209,30
6315,0.4,0.9,1.9,0.002,0.013,-1.015,4.9,-4.0,0.0,0.0200,-0.0169,-0.0001,418,495,559,483,0.00,0.01,2.61,0.15,0.1751,1,1,0,0.01,0.00,0.55,-0.05,0.00,0.00,0.15,209,30
6345,0.3,1.7,2.3,0.012,0.012,-1.017,4.9,-4.0,0.0,0.0202,-0.0178,-0.0002,416,494,563,486,0.00,0.01,2.61,0.15,0.1757,1,1,0,0.01,0.00,0.55,-0.05,0.00,0.00,0.15,209,30
6355,0.0,0.7,-1.3,-0.001,0.003,-1.027,4.9,-4.0,0.0,0.0205,-0.0167,0.0001,421,498,559,481,0.00,0.01,2.61,0.15,0.1757,1,1,0,0.01,0.00,0.55,-0.05,0.00,0.00,0.15,209,30
6365,0.1,-3.0,-0.6,0.025,-0.006,-1.005,4.9,-4.0,0.0,0.0203,-0.0128,0.0000,427,504,553,476,0.00,0.01,2.61,0.15,0.1757,1,1,0,0.01,0.00,0.55,-0.05,0.00,0.00,0.15,209,30
6375,0.0,1.4,1.5,0.017,0.013,-1.015,4.9,-4.0,0.0,0.0205,-0.0174,-0.0001,417,496,563,485,0.00,0.01,2.61,0.15,0.1757,1,1,0,0.01,0.00,0.55,-0.05,0.00,0.00,0.15,209,30
6385,0.3,-0.2,-1.4,0.011,0.018,-1.023,4.9,-4.0,0.0,0.0202,-0.0157,0.0001,423,498,557,481,0.00,0.01,2.61,0.15,0.1757,1,1,0,0.01,0.00,0.55,-0.05,0.00,0.00,0.15,209,30
6396,0.2,-1.3,-0.6,0.000,0.005,-1.021,4.9,-4.0,0.0,0.0203,-0.0147,0.0000,424,500,556,479,0.00,0.01,2.61,0.15,0.1757,1,1,0,0.01,0.00,0.55,-0.05,0.00,0.00,0.15,209,30
6406,0.0,1.0,0.2,0.004,0.006,-1.007,4.9,-4.0,0.0,0.0206,-0.0171,0.0000,421,500,563,485,0.00,0.01,2.61,0.15,0.1769,1,1,0,0.01,0.00,0.55,-0.05,0.00,0.00,0.15,209,30
6416,-0.3,-2.8,-0.3,0.028,0.010,-1.027,4.9,-4.0,0.0,0.0210,-0.0131,0.0000,428,506,556,478,0.00,0.01,2.61,0.15,0.1769,1,1,0,0.01,0.00,0.55,-0.05,0.00,0.00,0.15,208,30
6426,0.3,0.8,-0.2,0.002,-0.002,-1.013,4.9,-4.0,0.0,0.0204,-0.0172,0.0000,434,511,576,499,0.00,0.01,2.61,0.15,0.1836,1,1,0,0.01,0.00,0.55,-0.05,0.00,0.00,0.15,208,30
6436,0.1,2.0,-0.8,0.002,0.029,-1.024,4.9,-4.0,0.0,0.0204,-0.0181,0.0000,433,510,577,500,0.00,0.01,2.61,0.15,0.1836,1,1,0,0.01,0.00,0.55,-0.05,0.00,0.00,0.15,208,30
6446,0.0,-5.1,0.6,0.031,0.007,-1.021,4.9,-4.0,0.0,0.0204,-0.0106,0.0000,446,523,563,487,0.00,0.01,2.61,0.15,0.1836,1,1,0,0.01,0.00,0.55,-0.05,0.00,0.00,0.15,208,30
6456,-0.2,1.3,1.1,0.011,-0.003,-1.015,4.9,-4.0,0.0,0.0207,-0.0175,0.0000,432,510,577,500,0.00,0.01,2.61,0.15,0.1836,1,1,0,0.01,0.00,0.55,-0.05,0.00,0.00,0.15,208,30
6466,0.2,2.8,-1.7,-0.006,0.009,-1.019,4.9,-4.0,0.0,0.0204,-0.0189,0.0001,431,508,579,501,0.00,0.01,2.61,0.15,0.1836,1,1,0,0.01,0.00,0.55,-0.05,0.00,0.00,0.15,208,30
6476,0.3,-4.2,0.0,0.029,0.016,-1.024,4.9,-4.0,0.0,0.0201,-0.0115,0.0000,445,521,565,489,0.00,0.01,2.61,0.15,0.1836,1,1,0,0.01,0.00,0.55,-0.05,0.00,0.00,0.15,207,30
6486,0.1,1.5,1.6,0.004,-0.001,-1.007,4.9,-4.0,0.0,0.0205,-0.0175,-0.0001,433,511,576,499,0.00,0.01,2.61,0.15,0.1836,1,1,0,0.01,0.00,0.55,-0.05,0.00,0.00,0.15,207,30
6496,-0.8,0.0,-1.5,0.015,0.007,-1.015,4.9,-4.0,0.0,0.0215,-0.0160,0.0001,434,515,576,494,0.00,0.01,2.61,0.15,0.1836,1,1,0,0.01,0.00,0.55,-0.05,0.00,0.00,0.15,207,30
6507,0.7,-2.2,-0.5,0.030,0.013,-1.029,4.9,-4.0,0.0,0.0200,-0.0140,0.0000,440,516,569,494,0.00,0.01,2.61,0.15,0.1836,1,1,0,0.01,0.00,0.55,-0.05,0.00,0.00,0.15,207,30
6517,-0.2,4.3,1.6,-0.014,-0.003,-1.013,4.9,-4.0,0.0,0.0208,-0.0204,-0.0001,428,507,582,504,0.00,0.01,2.61,0.15,0.1836,1,1,0,0.01,0.00,0.55,-0.05,0.00,0.00,0.15,207,30
6527,0.0,-2.7,0.0,0.022,0.018,-1.014,4.9,-3.9,0.0,0.0207,-0.0133,0.0000,441,520,569,490,0.00,0.01,2.61,0.15,0.1836,1,1,0,0.01,0.00,0.55,-0.05,0.00,0.00,0.15,207,30
6537,0.1,-2.3,-1.5,0.044,-0.001,-1.010,4.9,-4.0,0.0,0.0207,-0.0144,0.0001,439,517,571,493,0.00,0.01,2.61,0.15,0.1836,1,1,0,0.01,0.00,0.55,-0.05,0.00,0.00,0.15,207,30
6547,0.2,4.6,1.6,-0.010,-0.001,-1.003,4.9,-4.0,0.0,0.0204,-0.0207,-0.0001,427,505,582,505,0.00,0.01,2.61,0.15,0.1836,1,1,0,0.01,0.00,0.55,-0.05,0.00,0.00,0.15,207,30
6557,0.0,-1.7,-0.1,0.023,0.022,-1.008,4.9,-4.0,0.0,0.0206,-0.0143,0.0000,440,517,570,492,0.00,0.01,2.61,0.15,0.1836,1,1,0,0.01,0.00,0.55,-0.05,0.00,0.00,0.14,207,30
6567,0.9,-1.2,-0.9,0.028,0.000,-1.015,4.9,-4.0,0.0,0.0196,-0.0149,0.0000,440,513,570,497,0.00,0.01,2.61,0.15,0.1836,1,1,0,0.01,0.00,0.55,-0.05,0.00,0.00,0.15,207,30
6577,0.4,2.9,1.7,0.000,0.000,-1.025,4.9,-4.0,0.0,0.0201,-0.0191,-0.0001,429,507,580,503,0.00,0.01,2.61,0.15,0.1836,1,1,0,0.01,0.00,0.55,-0.05,0.00,0.00,0.15,207,30
6587,-0.6,-1.5,-1.2,0.019,0.017,-1.006,4.9,-4.0,0.0,0.0213,-0.0145,0.0001,456,536,589,508,0.00,0.01,2.61,0.15,0.1928,1,1,0,0.01,0.00,0.55,-0.05,0.00,0.00,0.15,207,30
6597,0.0,-0.5,-2.0,0.026,0.000,-1.002,4.8,-4.0,0.0,0.0206,-0.0155,0.0002,454,530,591,514,0.00,0.01,2.61,0.15,0.1928,1,1,0,0.01,0.00,0.55,-0.05,0.00,0.00,0.15,207,30
6607,0.8,3.2,2.3,-0.006,0.017,-1.025,4.9,-4.0,0.0,0.0198,-0.0196,-0.0002,447,523,596,522,0.00,0.01,2.61,0.15,0.1928,1,1,0,0.01,0.00,0.55,-0.05,0.00,0.00,0.15,207,30
6618,-0.2,-3.8,0.0,0.007,0.011,-1.023,4.9,-3.9,0.0,0.0209,-0.0122,0.0000,461,541,583,503,0.00,0.01,2.61,0.15,0.1928,1,1,0,0.01,0.00,0.55,-0.05,0.00,0.00,0.15,208,30
6628,-0.2,-1.3,-0.7,0.038,0.000,-0.995,4.9,-4.0,0.0,0.0209,-0.0154,0.0000,453,531,592,513,0.00,0.01,2.61,0.15,0.1928,1,1,0,0.01,0.00,0.55,-0.05,0.00,0.00,0.15,208,30
6638,0.6,3.2,1.1,0.000,0.009,-1.003,4.9,-4.0,0.0,0.0200,-0.0194,0.0000,447,523,597,522,0.00,0.01,2.61,0.15,0.1928,1,1,0,0.01,0.00,0.55,-0.05,0.00,0.00,0.16,208,30
6648,0.4,-1.3,0.0,0.013,0.023,-1.014,4.9,-4.0,0.0,0.0202,-0.0147,0.0000,458,534,587,510,0.00,0.01,2.61,0.15,0.1928,1,1,0,0.01,0.00,0.55,-0.05,0.00,0.00,0.15,208,30
6658,-0.4,-1.0,0.0,0.024,0.019,-1.021,4.9,-4.0,0.0,0.0210,-0.0152,0.0000,454,533,591,511,0.00,0.01,2.61,0.15,0.1928,1,1,0,0.01,0.00,0.55,-0.05,0.00,0.00,0.15,208,30
6668,0.8,0.7,0.4,0.015,0.003,-1.026,4.9,-4.0,0.0,0.0199,-0.0169,0.0000,453,529,593,518,0.00,0.01,2.61,0.15,0.1934,1,1,0,0.01,0.00,0.55,-0.05,0.00,0.00,0.15,207,30
6678,-0.5,0.1,-0.7,0.009,-0.015,-1.009,4.9,-4.0,0.0,0.0214,-0.0163,0.0000,452,534,595,512,0.00,0.01,2.61,0.15,0.1934,1,1,0,0.01,0.00,0.55,-0.05,0.00,0.00,0.15,207,30
6688,-0.9,-0.8,-0.5,0.032,0.010,-1.019,4.9,-4.0,0.0,0.0216,-0.0155,0.0000,453,533,594,513,0.00,0.01,2.61,0.15,0.1934,1,1,0,0.01,0.00,0.55,-0.05,0.00,0.00,0.15,207,30
6698,1.0,1.3,0.7,0.007,0.012,-1.010,4.8,-4.0,0.0,0.0197,-0.0174,0.0000,453,527,593,520,0.00,0.01,2.61,0.15,0.1934,1,1,0,0.01,0.00,0.55,-0.05,0.00,0.00,0.16,207,30
6708,0.5,0.2,0.4,-0.004,0.001,-1.009,4.9,-4.0,0.0,0.0203,-0.0160,0.0000,455,532,592,515,0.00,0.01,2.61,0.15,0.1934,1,1,0,0.01,0.00,0.55,-0.05,0.00,0.00,0.16,207,30
6718,-1.0,-2.7,-0.9,0.029,0.001,-1.021,4.9,-4.0,0.0,0.0218,-0.0133,0.0000,457,540,590,507,0.00,0.01,2.61,0.15,0.1934,1,1,0,0.01,0.00,0.55,-0.05,0.00,0.00,0.16,208,30
6729,1.1,-0.4,1.8,0.025,0.003,-1.013,4.8,-4.0,0.0,0.0195,-0.0157,-0.0001,456,529,590,518,0.00,0.01,2.61,0.15,0.1934,1,1,0,0.01,0.00,0.55,-0.05,0.00,0.00,0.16,208,30
6739,1.5,2.7,-0.3,-0.006,0.000,-1.011,4.9,-4.0,0.0,0.0194,-0.0189,0.0000,451,525,596,522,0.00,0.01,2.61,0.15,0.1934,1,1,0,0.01,0.00,0.55,-0.05,0.00,0.00,0.16,208,30
6749,-1.3,-0.8,-2.1,0.002,0.003,-1.022,4.9,-4.0,0.0,0.0220,-0.0153,0.0002,472,554,610,526,0.00,0.01,2.61,0.15,0.2025,1,1,0,0.01,0.00,0.55,-0.05,0.00,0.00,0.15,208,30
6759,-0.2,-1.6,2.8,0.032,0.012,-1.001,4.8,-4.0,0.0,0.0209,-0.0148,-0.0002,472,552,608,530,0.00,0.01,2.61,0.15,0.2025,1,1,0,0.01,0.00,0.55,-0.05,0.00,0.00,0.15,208,30
6769,1.1,1.7,0.0,0.000,0.000,-1.020,4.9,-4.0,0.0,0.0195,-0.0179,0.0000,470,543,612,538,0.00,0.01,2.61,0.15,0.2025,1,1,0,0.01,0.00,0.55,-0.05,0.00,0.00,0.15,208,30
6779,-1.0,-1.1,-3.8,0.013,0.000,-1.025,4.9,-4.0,0.0,0.0218,-0.0150,0.0003,472,553,611,526,0.00,0.01,2.61,0.15,0.2025,1,1,0,0.01,0.00,0.55,-0.05,0.00,0.00,0.15,208,30
6789,-0.7,-0.9,1.9,0.030,0.006,-1.007,4.8,-4.0,0.0,0.0213,-0.0154,-0.0002,472,552,611,533,0.00,0.01,2.61,0.15,0.2031,1,1,0,0.01,0.00,0.55,-0.05,0.00,0.00,0.15,208,30
6799,1.5,1.4,2.3,0.004,0.016,-1.019,4.8,-4.0,0.0,0.0191,-0.0176,-0.0002,473,544,610,540,0.00,0.01,2.61,0.15,0.2031,1,1,0,0.01,0.00,0.55,-0.05,0.00,0.00,0.15,208,30
6809,0.2,0.3,-3.1,0.001,0.009,-1.018,4.9,-4.0,0.0,0.0206,-0.0164,0.0003,472,550,613,532,0.00,0.01,2.61,0.15,0.2031,1,1,0,0.01,0.00,0.55,-0.05,0.00,0.00,0.16,208,30
6819,-1.9,-1.7,-1.0,0.030,0.006,-1.012,4.9,-4.0,0.0,0.0226,-0.0144,0.0000,472,557,612,527,0.00,0.01,2.61,0.15,0.2031,1,1,0,0.01,0.00,0.55,-0.05,0.00,0.00,0.16,208,30
6830,0.9,0.2,4.6,0.015,-0.002,-1.015,4.8,-4.0,0.0,0.0198,-0.0164,-0.0004,474,549,608,536,0.00,0.01,2.61,0.15,0.2031,1,1,0,0.01,0.00,0.55,-0.05,0.00,0.00,0.15,208,30
6840,1.7,1.2,-1.8,-0.004,0.002,-1.012,4.9,-4.0,0.0,0.0192,-0.0173,0.0002,473,545,612,537,0.00,0.01,2.61,0.15,0.2031,1,1,0,0.01,0.00,0.55,-0.05,0.00,0.00,0.15,208,30
6850,-0.7,-0.3,-4.0,0.011,0.023,-1.000,4.9,-4.0,0.0,0.0215,-0.0159,0.0004,472,554,613,529,0.00,0.01,2.61,0.15,0.2031,1,1,0,0.01,0.00,0.55,-0.05,0.00,0.00,0.15,208,30
6860,-0.1,-1.3,5.3,0.018,0.012,-1.014,4.9,-4.0,0.0,0.0209,-0.0148,-0.0005,473,554,609,532,0.00,0.01,2.61,0.15,0.2031,1,1,0,0.01,0.00,0.55,-0.05,0.00,0.00,0.15,208,30
6870,0.9,-0.1,1.7,0.010,0.011,-1.008,4.9,-4.0,0.0,0.0200,-0.0162,0.0000,472,549,611,535,0.00,0.01,2.61,0.15,0.2031,1,1,0,0.01,0.00,0.55,-0.05,0.00,0.00,0.15,208,30
6880,-1.5,-0.1,-6.7,0.018,-0.014,-1.002,4.9,-4.0,0.0,0.0223,-0.0161,0.0006,470,552,616,529,0.00,0.01,2.61,0.15,0.2031,1,1,0,0.01,0.00,0.55,-0.05,0.00,0.00,0.15,208,30
6890,-0.8,-0.4,2.1,0.026,0.006,-1.024,4.8,-4.0,0.0,0.0216,-0.0157,-0.0002,471,552,612,533,0.00,0.01,2.61,0.15,0.2031,1,1,0,0.01,0.00,0.55,-0.05,0.00,0.00,0.15,208,30
6900,1.7,1.1,4.5,0.006,0.022,-1.009,4.8,-4.0,0.0,0.0190,-0.0174,-0.0004,472,545,610,540,0.00,0.01,2.61,0.15,0.2031,1,1,0,0.01,0.00,0.55,-0.05,0.00,0.00,0.16,208,30
6910,0.5,0.5,-4.5,0.004,0.003,-1.027,4.9,-4.0,0.0,0.0202,-0.0167,0.0004,475,551,615,535,0.00,0.01,2.61,0.15,0.2043,1,1,0,0.01,0.00,0.55,-0.05,0.00,0.00,0.16,207,30
6920,-1.0,-1.7,-1.9,0.025,0.014,-1.013,4.9,-4.0,0.0,0.0218,-0.0143,0.0001,476,559,612,529,0.00,0.01,2.61,0.15,0.2043,1,1,0,0.01,0.00,0.55,-0.05,0.00,0.00,0.15,207,30
6930,0.2,-0.6,5.5,0.017,0.008,-1.012,4.8,-4.0,0.0,0.0206,-0.0156,-0.0005,474,552,612,538,0.00,0.01,2.61,0.15,0.2043,1,1,0,0.01,0.00,0.55,-0.05,0.00,0.00,0.15,207,30
6941,0.1,0.6,-0.8,0.007,-0.010,-1.007,4.9,-4.0,0.0,0.0207,-0.0169,0.0001,474,552,617,538,0.00,0.01,2.61,0.15,0.2050,1,1,0,0.01,0.00,0.55,-0.05,0.00,0.00,0.15,207,30
6951,-0.5,0.7,-4.8,0.014,0.003,-1.016,4.9,-4.0,0.0,0.0213,-0.0169,0.0004,474,553,618,536,0.00,0.01,2.61,0.15,0.2050,1,1,0,0.01,0.00,0.55,-0.05,0.00,0.00,0.16,207,30
6961,0.9,-0.7,3.9,0.016,0.017,-1.033,4.9,-4.0,0.0,0.0198,-0.0155,-0.0003,493,569,626,553,0.00,0.01,2.61,0.15,0.2129,1,1,0,0.01,0.00,0.55,-0.05,0.00,0.00,0.15,207,30
6971,1.4,0.5,2.8,0.017,0.012,-1.001,4.9,-4.0,0.0,0.0194,-0.0169,-0.0002,490,566,630,555,0.00,0.01,2.61,0.15,0.2129,1,1,0,0.01,0.00,0.55,-0.05,0.00,0.00,0.15,207,30
6981,-1.3,0.6,-4.2,0.009,-0.011,-1.014,4.9,-4.0,0.0,0.0222,-0.0169,0.0004,487,569,633,547,0.00,0.01,2.61,0.15,0.2123,1,1,0,0.01,0.00,0.55,-0.05,0.00,0.00,0.15,207,30
6991,-0.6,-1.0,-0.7,0.022,0.000,-1.015,4.8,-4.0,0.0,0.0214,-0.0152,0.0000,490,570,628,548,0.00,0.01,2.61,0.15,0.2123,1,1,0,0.01,0.00,0.55,-0.05,0.00,0.00,0.15,207,30
7001,1.8,0.1,4.2,0.013,0.006,-1.017,4.8,-4.0,0.0,0.0189,-0.0165,-0.0004,491,563,626,556,0.00,0.01,2.61,0.15,0.2123,1,1,0,0.01,0.00,0.55,-0.05,0.00,0.00,0.15,207,30
7011,0.4,1.9,-1.8,0.000,0.025,-1.004,4.9,-4.0,0.0,0.0205,-0.0181,0.0002,486,564,633,553,0.00,0.01,2.61,0.15,0.2123,1,1,0,0.01,0.00,0.55,-0.05,0.00,0.00,0.16,207,30
7021,-0.7,0.3,-2.1,0.003,-0.005,-1.030,4.8,-4.0,0.0,0.0216,-0.0166,0.0002,489,570,630,548,0.00,0.01,2.61,0.15,0.2123,1,1,0,0.01,0.00,0.55,-0.05,0.00,0.00,0.16,207,30
7031,1.6,-1.2,2.7,0.027,0.028,-1.006,4.8,-4.0,0.0,0.0189,-0.0147,-0.0002,495,568,622,551,0.00,0.01,2.61,0.15,0.2123,1,1,0,0.01,0.00,0.55,-0.05,0.00,0.00,0.16,207,30
7041,0.7,-0.3,1.0,0.012,0.003,-1.020,4.8,-4.0,0.0,0.0202,-0.0159,0.0000,491,569,629,552,0.00,0.01,2.61,0.15,0.2129,1,1,0,0.01,0.00,0.55,-0.05,0.00,0.00,0.15,207,30
7051,-2.3,0.6,-2.6,0.013,-0.025,-1.026,4.9,-4.0,0.0,0.0232,-0.0169,0.0002,485,572,637,547,0.00,0.01,2.61,0.15,0.2129,1,1,0,0.01,0.00,0.55,-0.05,0.00,0.00,0.15,207,30
7062,0.0,0.1,0.9,0.008,0.003,-1.020,4.8,-4.0,0.0,0.0203,-0.0160,-0.0001,492,568,628,553,0.00,0.01,2.61,0.15,0.2129,1,1,0,0.01,0.00,0.55,-0.05,0.00,0.00,0.15,207,30
7072,2.6,-1.3,1.3,0.025,0.031,-0.999,4.8,-4.0,0.0,0.0181,-0.0149,-0.0001,497,566,623,555,0.00,0.01,2.61,0.15,0.2129,1,1,0,0.01,0.00,0.55,-0.05,0.00,0.00,0.16,207,30
7082,0.8,0.0,-1.6,0.015,0.012,-1.035,4.9,-4.0,0.0,0.0200,-0.0163,0.0001,490,567,631,552,0.00,0.01,2.61,0.15,0.2129,1,1,0,0.01,0.00,0.55,-0.05,0.00,0.00,0.16,207,30
7102,-1.0,-1.3,1.7,0.009,-0.007,-1.008,4.8,-4.0,0.0,0.0219,-0.0149,-0.0001,492,573,628,548,0.00,0.01,2.61,0.15,0.2129,1,1,0,0.01,0.00,0.55,-0.05,0.00,0.00,0.15,207,30
7112,1.4,-3.2,-0.5,0.033,0.017,-1.015,4.8,-4.0,0.0,0.0194,-0.0131,0.0000,498,571,623,549,0.00,0.01,2.61,0.15,0.2129,1,1,0,0.01,0.00,0.55,-0.05,0.00,0.00,0.15,207,30
7122,-0.2,1.6,-1.3,0.021,-0.004,-1.005,4.9,-4.0,0.0,0.0212,-0.0187,0.0001,487,567,640,559,0.00,0.01,2.61,0.15,0.2147,1,1,0,0.01,0.00,0.55,-0.05,0.00,0.00,0.15,207,30
7132,-0.7,2.2,0.9,-0.005,0.001,-1.006,4.8,-4.0,0.0,0.0216,-0.0185,0.0000,488,570,639,558,0.00,0.01,2.61,0.15,0.2147,1,1,0,0.01,0.00,0.55,-0.05,0.00,0.00,0.15,207,30
7142,0.9,-1.6,0.3,0.006,0.014,-1.030,4.8,-4.0,0.0,0.0197,-0.0144,0.0000,499,574,628,554,0.00,0.01,2.61,0.15,0.2147,1,1,0,0.01,0.00,0.55,-0.05,0.00,0.00,0.15,207,30
7152,1.1,-2.1,-0.2,0.029,0.027,-1.023,4.9,-4.0,0.0,0.0200,-0.0143,0.0000,496,574,631,553,0.00,0.01,2.61,0.15,0.2147,1,1,0,0.01,0.00,0.55,-0.05,0.00,0.00,0.15,207,30
7162,-1.8,1.4,0.7,0.011,-0.001,-0.992,4.9,-4.0,0.0,0.0228,-0.0178,0.0000,485,573,642,555,0.00,0.01,2.61,0.15,0.2147,1,1,0,0.01,0.00,0.55,-0.05,0.00,0.00,0.15,207,30
7173,-1.6,0.4,0.0,-0.003,-0.013,-1.027,4.8,-4.0,0.0,0.0224,-0.0167,0.0000,491,575,636,552,0.00,0.01,2.61,0.15,0.2147,1,1,0,0.01,0.00,0.55,-0.05,0.00,0.00,0.16,207,30
7183,0.5,-1.6,-1.0,0.021,0.006,-1.017,4.8,-4.0,0.0,0.0204,-0.0147,0.0001,498,573,630,554,0.00,0.01,2.61,0.15,0.2147,1,1,0,0.01,0.00,0.55,-0.05,0.00,0.00,0.15,207,30
7193,2.0,-0.1,1.1,0.018,0.024,-1.002,4.8,-4.0,0.0,0.0188,-0.0162,-0.0001,497,569,630,559,0.00,0.01,2.61,0.15,0.2147,1,1,0,0.01,0.00,0.55,-0.05,0.00,0.00,0.15,207,30
7203,0.2,2.5,-0.4,-0.001,0.016,-1.005,4.9,-4.0,0.0,0.0211,-0.0187,0.0000,488,569,639,558,0.00,0.01,2.61,0.15,0.2147,1,1,0,0.01,0.00,0.55,-0.05,0.00,0.00,0.15,207,30
7213,-0.6,0.8,-0.7,-0.003,0.001,-1.046,4.9,-4.0,0.0,0.0216,-0.0172,0.0000,492,574,635,553,0.00,0.01,2.61,0.15,0.2147,1,1,0,0.01,0.00,0.55,-0.05,0.00,0.00,0.15,207,30
7223,-0.6,-2.4,-0.6,0.028,-0.005,-0.999,4.9,-4.0,0.0,0.0216,-0.0138,0.0000,500,581,632,551,0.00,0.01,2.61,0.15,0.2159,1,1,0,0.01,0.00,0.55,-0.05,0.00,0.00,0.15,207,30
7233,0.2,-0.5,2.3,0.024,0.009,-1.008,4.9,-4.0,0.0,0.0206,-0.0159,-0.0002,496,575,635,558,0.00,0.01,2.61,0.15,0.2159,1,1,0,0.01,0.00,0.55,-0.05,0.00,0.00,0.15,207,30
7243,-0.4,1.7,-0.2,0.010,0.008,-1.022,4.9,-4.0,0.0,0.0214,-0.0181,0.0000,491,571,641,560,0.00,0.01,2.61,0.15,0.2159,1,1,0,0.01,0.00,0.55,-0.05,0.00,0.00,0.15,207,30
7253,0.2,0.7,-2.2,0.000,0.004,-1.024,4.9,-4.0,0.0,0.0207,-0.0171,0.0002,496,573,636,558,0.00,0.01,2.61,0.15,0.2159,1,1,0,0.01,0.00,0.55,-0.05,0.00,0.00,0.15,207,30
7263,1.5,-1.4,0.9,0.027,0.009,-1.013,4.9,-4.0,0.0,0.0193,-0.0146,0.0000,504,577,632,559,0.00,0.01,2.61,0.15,0.2172,1,1,0,0.01,0.00,0.55,-0.05,0.00,0.00,0.15,207,30
7273,0.7,0.4,1.3,0.012,0.033,-1.027,4.9,-4.0,0.0,0.0203,-0.0168,-0.0001,497,575,639,562,0.00,0.01,2.61,0.15,0.2172,1,1,0,0.01,0.00,0.55,-0.05,0.00,0.00,0.16,207,30
7283,-0.9,0.5,-1.2,0.000,0.008,-1.020,4.9,-4.0,0.0,0.0223,-0.0168,0.0001,508,592,656,571,0.00,0.01,2.61,0.15,0.2245,1,1,0,0.01,0.00,0.55,-0.05,0.00,0.00,0.16,208,30
7294,-1.4,-1.0,-1.3,0.017,-0.005,-1.007,4.9,-4.0,0.0,0.0223,-0.0150,0.0001,512,596,652,568,0.00,0.01,2.61,0.15,0.2245,1,1,0,0.01,0.00,0.55,-0.05,0.00,0.00,0.15,208,30
7304,0.2,-1.6,1.2,0.027,-0.007,-1.013,4.9,-4.0,0.0,0.0206,-0.0148,-0.0001,515,593,649,572,0.00,0.01,2.61,0.15,0.2245,1,1,0,0.01,0.00,0.55,-0.05,0.00,0.00,0.15,208,30
7314,1.1,0.0,-0.1,0.016,0.018,-1.026,4.9,-4.0,0.0,0.0198,-0.0166,0.0000,513,588,651,576,0.00,0.01,2.61,0.15,0.2245,1,1,0,0.01,0.00,0.55,-0.05,0.00,0.00,0.16,208,30
7324,1.1,1.1,-0.3,-0.008,0.004,-1.013,4.9,-4.0,0.0,0.0199,-0.0175,0.0000,528,602,667,592,0.00,0.01,2.61,0.15,0.2324,1,1,0,0.01,0.00,0.55,-0.05,0.00,0.00,0.16,208,30
7334,0.8,-0.1,0.0,0.009,0.015,-1.012,4.8,-4.0,0.0,0.0201,-0.0162,0.0000,528,605,666,590,0.00,0.01,2.61,0.15,0.2324,1,1,0,0.01,0.00,0.55,-0.05,0.00,0.00,0.15,208,30
7344,0.4,-0.5,0.0,0.007,0.021,-1.035,4.9,-4.0,0.0,0.0206,-0.0154,0.0000,529,607,665,587,0.00,0.01,2.61,0.15,0.2324,1,1,0,0.01,0.00,0.55,-0.05,0.00,0.00,0.15,208,30
7354,-0.5,-0.3,-0.6,0.024,0.003,-1.003,4.9,-4.0,0.0,0.0216,-0.0160,0.0000,526,609,669,585,0.00,0.01,2.61,0.15,0.2324,1,1,0,0.01,0.00,0.55,-0.05,0.00,0.00,0.15,208,30
7364,-1.9,0.1,1.5,0.016,-0.007,-1.016,4.9,-4.0,0.0,0.0230,-0.0165,-0.0001,522,610,672,585,0.00,0.01,2.61,0.15,0.2324,1,1,0,0.01,0.00,0.55,-0.05,0.00,0.00,0.15,208,30
7374,-2.0,-0.2,-0.1,0.012,-0.022,-1.034,4.8,-4.0,0.0,0.0227,-0.0160,0.0000,526,609,669,585,0.00,0.01,2.61,0.15,0.2324,1,1,0,0.01,0.00,0.55,-0.05,0.00,0.00,0.15,208,30
7384,1.2,-0.8,-1.3,0.018,-0.002,-1.009,4.8,-4.0,0.0,0.0197,-0.0155,0.0001,531,603,664,590,0.00,0.01,2.61,0.15,0.2324,1,1,0,0.01,0.00,0.55,-0.05,0.00,0.00,0.15,209,30
7394,2.6,0.2,0.0,0.022,0.020,-1.000,4.9,-4.0,0.0,0.0186,-0.0170,0.0000,530,600,664,594,0.00,0.01,2.61,0.15,0.2324,1,1,0,0.01,0.00,0.55,-0.05,0.00,0.00,0.15,209,30
7405,1.3,1.7,0.7,0.014,0.031,-1.002,4.9,-4.0,0.0,0.0199,-0.0182,0.0000,525,601,669,594,0.00,0.01,2.61,0.15,0.2324,1,1,0,0.01,0.00,0.55,-0.05,0.00,0.00,0.15,210,30
7415,0.2,0.4,-0.5,-0.001,0.031,-1.022,4.9,-4.0,0.0,0.0208,-0.0169,0.0000,525,605,669,589,0.00,0.01,2.61,0.15,0.2324,1,1,0,0.01,0.00,0.55,-0.05,0.00,0.00,0.16,210,30
7425,-1.6,-0.2,0.0,0.009,-0.012,-1.020,4.9,-4.0,0.0,0.0228,-0.0158,0.0000,524,610,670,584,0.00,0.01,2.61,0.16,0.2324,1,1,0,0.01,0.00,0.55,-0.05,0.00,0.00,0.16,210,30
7435,-1.0,-2.0,0.9,0.024,-0.001,-1.020,4.9,-4.0,0.0,0.0221,-0.0143,0.0000,528,612,666,583,0.00,0.01,2.61,0.16,0.2324,1,1,0,0.01,0.00,0.55,-0.05,0.00,0.00,0.15,210,30
7445,0.6,0.5,-0.6,0.005,0.018,-1.008,4.9,-4.0,0.0,0.0204,-0.0169,0.0000,526,603,668,590,0.00,0.01,2.61,0.16,0.2324,1,1,0,0.01,0.00,0.55,-0.05,0.00,0.00,0.16,210,30
7455,0.6,-0.5,-0.7,0.018,0.000,-1.006,4.9,-4.0,0.0,0.0207,-0.0157,0.0000,528,606,666,587,0.00,0.01,2.61,0.16,0.2324,1,1,0,0.01,0.00,0.55,-0.05,0.00,0.00,0.16,210,30
7465,-1.5,-1.0,1.0,0.020,-0.009,-1.028,4.9,-4.0,0.0,0.0227,-0.0154,0.0000,525,611,669,584,0.00,0.01,2.61,0.16,0.2324,1,1,0,0.01,0.00,0.55,-0.05,0.00,0.00,0.16,210,30
7475,-1.0,0.5,0.5,0.014,-0.012,-1.025,4.9,-4.0,0.0,0.0218,-0.0172,0.0000,523,606,671,588,0.00,0.01,2.61,0.16,0.2324,1,1,0,0.01,0.00,0.55,-0.05,0.00,0.00,0.15,210,30
7485,2.5,-0.5,-1.2,0.010,0.014,-1.022,4.8,-4.0,0.0,0.0184,-0.0157,0.0001,533,602,662,592,0.00,0.01,2.61,0.16,0.2324,1,1,0,0.01,0.00,0.55,-0.05,0.00,0.00,0.15,209,30
7495,2.4,0.6,-0.2,0.009,0.033,-1.007,4.9,-4.0,0.0,0.0186,-0.0170,0.0000,530,600,665,594,0.00,0.01,2.61,0.16,0.2324,1,1,0,0.01,0.00,0.55,-0.05,0.00,0.00,0.15,208,30
7505,-0.3,0.9,0.8,0.015,0.010,-1.023,4.9,-4.0,0.0,0.0218,-0.0174,0.0000,523,606,671,589,0.00,0.01,2.61,0.16,0.2324,1,1,0,0.01,0.00,0.55,-0.05,0.00,0.00,0.15,208,30
7515,-2.2,0.4,0.1,0.008,0.001,-1.029,4.9,-4.0,0.0,0.0233,-0.0169,0.0000,522,611,672,583,0.00,0.01,2.61,0.16,0.2324,1,1,0,0.01,0.00,0.55,-0.05,0.00,0.00,0.15,208,30
7526,-0.8,-1.0,-1.1,0.017,-0.012,-1.023,4.9,-4.0,0.0,0.0220,-0.0154,0.0001,527,609,668,585,0.00,0.01,2.61,0.16,0.2324,1,1,0,0.01,0.00,0.55,-0.05,0.00,0.00,0.15,208,30
7536,0.2,-1.3,1.5,0.020,-0.006,-1.015,4.9,-4.0,0.0,0.0207,-0.0152,-0.0001,529,608,665,587,0.00,0.01,2.61,0.16,0.2324,1,1,0,0.01,0.00,0.55,-0.05,0.00,0.00,0.15,208,30
7546,0.6,0.3,0.8,0.010,0.036,-0.997,4.9,-4.0,0.0,0.0205,-0.0168,0.0000,526,603,668,591,0.00,0.01,2.61,0.16,0.2324,1,1,0,0.01,0.00,0.55,-0.05,0.00,0.00,0.15,208,30
7556,0.4,0.4,-2.0,0.012,0.008,-1.016,4.9,-4.0,0.0,0.0207,-0.0168,0.0002,525,603,670,590,0.00,0.01,2.61,0.16,0.2324,1,1,0,0.01,0.00,0.55,-0.05,0.00,0.00,0.15,208,30
7566,-1.6,-0.4,-0.3,0.035,-0.003,-0.997,4.9,-4.0,0.0,0.0229,-0.0163,0.0000,523,610,671,585,0.00,0.01,2.61,0.16,0.2324,1,1,0,0.01,0.00,0.55,-0.05,0.00,0.00,0.15,208,30
7576,-1.0,0.6,1.5,0.012,0.000,-1.018,4.9,-4.0,0.0,0.0222,-0.0171,-0.0001,523,606,670,589,0.00,0.01,2.61,0.16,0.2324,1,1,0,0.01,0.00,0.55,-0.05,0.00,0.00,0.15,208,30
7586,2.9,0.1,-0.7,0.000,0.023,-1.020,4.9,-4.0,0.0,0.0182,-0.0166,0.0000,532,600,662,594,0.00,0.01,2.61,0.16,0.2324,1,1,0,0.01,0.00,0.55,-0.05,0.00,0.00,0.15,208,30
7596,2.5,-0.6,-1.5,0.007,0.036,-1.008,4.9,-4.0,0.0,0.0187,-0.0158,0.0001,531,603,664,591,0.00,0.01,2.61,0.16,0.2324,1,1,0,0.01,0.00,0.55,-0.05,0.00,0.00,0.15,208,30
7606,-1.3,-0.2,1.0,0.005,0.009,-1.026,4.9,-4.0,0.0,0.0226,-0.0162,0.0000,523,611,671,584,0.00,0.01,2.61,0.16,0.2324,1,1,0,0.01,0.00,0.55,-0.05,0.00,0.00,0.15,208,30
7616,-1.8,0.0,0.9,0.007,0.004,-1.006,4.9,-4.0,0.0,0.0230,-0.0162,0.0000,523,610,671,584,0.00,0.01,2.61,0.16,0.2324,1,1,0,0.01,0.00,0.55,-0.05,0.00,0.00,0.16,208,30
7627,-0.4,-1.0,-1.9,0.034,-0.024,-0.999,4.9,-4.0,0.0,0.0216,-0.0154,0.0002,528,608,667,585,0.00,0.01,2.61,0.16,0.2324,1,1,0,0.01,0.00,0.55,-0.05,0.00,0.00,0.16,208,30
7637,-0.3,-0.2,1.1,0.028,-0.012,-1.023,4.9,-4.0,0.0,0.0210,-0.0162,-0.0001,526,606,667,588,0.00,0.01,2.61,0.16,0.2324,1,1,0,0.01,0.00,0.55,-0.05,0.00,0.00,0.16,208,30
7647,0.9,0.2,1.3,0.012,0.017,-1.033,4.9,-4.0,0.0,0.0201,-0.0171,-0.0001,526,602,668,592,0.00,0.01,2.61,0.16,0.2324,1,1,0,0.01,0.00,0.55,-0.05,0.00,0.00,0.16,208,30
7657,0.9,1.9,-1.3,0.000,0.009,-1.017,4.9,-4.0,0.0,0.0203,-0.0185,0.0001,524,601,671,593,0.00,0.01,2.61,0.16,0.2324,1,1,0,0.01,0.00,0.55,-0.05,0.00,0.00,0.16,208,30
7667,-0.5,0.0,-0.4,0.020,-0.016,-1.006,4.9,-4.0,0.0,0.0218,-0.0161,0.0000,525,608,669,586,0.00,0.01,2.61,0.16,0.2324,1,1,0,0.01,0.00,0.55,-0.05,0.00,0.00,0.16,208,30
7677,-0.3,-0.5,0.1,0.021,-0.001,-1.010,4.9,-4.0,0.0,0.0213,-0.0160,0.0000,527,607,667,588,0.00,0.01,2.61,0.16,0.2324,1,1,0,0.01,0.00,0.55,-0.05,0.00,0.00,0.15,208,30
7687,1.6,0.7,1.0,0.004,0.023,-1.015,4.9,-4.0,0.0,0.0195,-0.0172,0.0000,529,604,669,595,0.00,0.01,2.61,0.16,0.2336,1,1,0,0.01,0.00,0.55,-0.05,0.00,0.00,0.15,208,30
7697,1.1,-1.2,-0.9,0.005,0.021,-1.032,4.9,-4.0,0.0,0.0205,-0.0154,0.0001,532,609,668,590,0.00,0.01,2.61,0.16,0.2336,1,1,0,0.01,0.00,0.55,-0.05,0.00,0.00,0.15,208,30
7707,-1.9,0.3,0.3,0.014,0.006,-0.991,4.9,-4.0,0.0,0.0234,-0.0170,0.0000,522,612,677,587,0.00,0.01,2.61,0.16,0.2336,1,1,0,0.01,0.00,0.55,-0.05,0.00,0.00,0.15,208,30
7717,-2.1,0.0,1.0,0.010,-0.003,-1.018,4.9,-4.0,0.0,0.0234,-0.0166,0.0000,524,612,674,587,0.00,0.01,2.61,0.16,0.2336,1,1,0,0.01,0.00,0.55,-0.05,0.00,0.00,0.15,208,30
7727,-0.1,-0.7,-1.9,0.022,-0.020,-0.997,4.9,-4.0,0.0,0.0209,-0.0157,0.0002,531,609,669,589,0.00,0.01,2.61,0.16,0.2336,1,1,0,0.01,0.00,0.55,-0.05,0.00,0.00,0.15,208,30
7737,1.1,-0.4,1.0,0.026,0.015,-1.014,4.9,-4.0,0.0,0.0201,-0.0160,0.0000,530,607,669,593,0.00,0.01,2.61,0.16,0.2336,1,1,0,0.01,0.00,0.55,-0.05,0.00,0.00,0.15,208,30
7748,1.0,0.6,1.3,0.018,0.024,-1.019,4.9,-4.0,0.0,0.0202,-0.0171,-0.0001,550,626,690,614,0.00,0.01,2.61,0.16,0.2446,1,1,0,0.01,0.00,0.55,-0.05,0.00,0.00,0.15,208,30
7758,0.9,0.6,-1.0,-0.001,0.013,-1.007,4.9,-4.0,0.0,0.0202,-0.0171,0.0001,550,626,691,614,0.00,0.01,2.61,0.16,0.2446,1,1,0,0.01,0.00,0.55,-0.05,0.00,0.00,0.15,208,30
7768,0.3,-1.0,-1.2,0.017,0.003,-1.013,4.9,-4.0,0.0,0.0209,-0.0155,0.0001,552,630,689,609,0.00,0.01,2.61,0.16,0.2446,1,1,0,0.01,0.00,0.55,-0.05,0.00,0.00,0.15,208,30
7778,0.0,-0.6,0.9,0.030,-0.003,-1.013,4.9,-4.0,0.0,0.0212,-0.0159,0.0000,549,630,691,610,0.00,0.01,2.61,0.16,0.2446,1,1,0,0.01,0.00,0.55,-0.05,0.00,0.00,0.15,208,30
7788,1.0,0.3,0.1,0.011,0.028,-1.014,4.9,-4.0,0.0,0.0201,-0.0172,0.0000,549,626,691,615,0.00,0.01,2.61,0.16,0.2446,1,1,0,0.01,0.00,0.55,-0.05,0.00,0.00,0.15,208,30
7798,0.3,-0.3,-1.2,0.003,0.020,-1.008,4.9,-4.0,0.0,0.0209,-0.0161,0.0001,549,629,691,610,0.00,0.01,2.61,0.16,0.2446,1,1,0,0.01,0.00,0.55,-0.05,0.00,0.00,0.15,208,30
7808,-2.0,-1.2,0.5,0.023,-0.008,-1.025,4.9,-4.0,0.0,0.0235,-0.0155,0.0000,560,649,708,619,0.00,0.01,2.61,0.16,0.2519,1,1,0,0.01,0.00,0.55,-0.05,0.00,0.00,0.15,208,30
7818,-2.1,0.1,2.0,0.022,-0.007,-0.983,4.9,-4.0,0.0,0.0234,-0.0167,-0.0001,558,646,710,622,0.00,0.01,2.61,0.16,0.2519,1,1,0,0.01,0.00,0.55,-0.05,0.00,0.00,0.15,208,30
7828,0.3,0.7,-1.5,0.017,-0.006,-1.004,4.8,-4.0,0.0,0.0205,-0.0173,0.0002,563,640,706,627,0.00,0.01,2.61,0.16,0.2519,1,1,0,0.01,0.00,0.55,-0.05,0.00,0.00,0.16,208,30
7838,0.9,0.0,-0.9,0.016,-0.006,-1.014,4.9,-4.0,0.0,0.0202,-0.0165,0.0001,565,640,703,627,0.00,0.01,2.61,0.16,0.2519,1,1,0,0.01,0.00,0.55,-0.05,0.00,0.00,0.16,208,30
7848,0.5,-0.7,2.0,0.019,0.014,-1.011,4.9,-4.0,0.0,0.0207,-0.0159,-0.0001,564,643,703,625,0.00,0.01,2.61,0.16,0.2519,1,1,0,0.01,0.00,0.55,-0.05,0.00,0.00,0.15,208,30
7879,-0.9,-0.1,1.5,0.019,-0.024,-1.009,4.9,-4.0,0.0,0.0222,-0.0164,-0.0001,561,645,707,624,0.00,0.01,2.61,0.16,0.2519,1,1,0,0.01,0.00,0.55,-0.05,0.00,0.00,0.16,208,30
7909,1.9,1.3,0.1,-0.004,0.039,-1.023,4.9,-4.0,0.0,0.0197,-0.0180,0.0000,562,637,705,631,0.00,0.01,2.61,0.16,0.2519,1,1,0,0.01,0.00,0.55,-0.05,0.00,0.00,0.16,208,30
7919,-1.1,-0.6,0.3,0.003,0.019,-0.997,4.9,-4.0,0.0,0.0227,-0.0159,0.0000,561,647,707,621,0.00,0.01,2.61,0.16,0.2519,1,1,0,0.01,0.00,0.55,-0.05,0.00,0.00,0.16,208,30
7929,-2.1,-0.7,0.2,0.023,-0.011,-1.012,4.9,-4.0,0.0,0.0236,-0.0161,0.0000,559,648,709,620,0.00,0.01,2.61,0.16,0.2519,1,1,0,0.01,0.00,0.55,-0.05,0.00,0.00,0.16,208,30
7939,-2.0,0.3,-0.2,0.025,-0.032,-1.012,4.9,-4.0,0.0,0.0232,-0.0170,0.0000,558,645,710,623,0.00,0.01,2.61,0.16,0.2519,1,1,0,0.01,0.00,0.55,-0.05,0.00,0.00,0.15,208,30
7949,0.5,0.4,0.8,0.010,-0.007,-1.016,4.8,-4.0,0.0,0.0207,-0.0171,0.0000,565,643,708,630,0.00,0.01,2.61,0.16,0.2532,1,1,0,0.01,0.00,0.55,-0.05,0.00,0.00,0.15,208,30
7960,2.4,0.4,-0.8,0.007,0.031,-0.999,4.9,-4.0,0.0,0.0188,-0.0172,0.0001,568,639,705,633,0.00,0.01,2.61,0.16,0.2532,1,1,0,0.01,0.00,0.55,-0.05,0.00,0.00,0.16,208,30
7970,2.5,-0.2,-0.7,0.008,0.040,-1.023,4.9,-4.0,0.0,0.0190,-0.0164,0.0000,569,642,704,631,0.00,0.01,2.61,0.16,0.2532,1,1,0,0.01,0.00,0.55,-0.05,0.00,0.00,0.16,208,30
7980,-0.5,0.0,0.4,0.017,0.024,-0.999,4.9,-4.0,0.0,0.0219,-0.0167,0.0000,562,647,710,626,0.00,0.01,2.61,0.16,0.2532,1,1,0,0.01,0.00,0.55,-0.05,0.00,0.00,0.15,208,30
7990,-3.7,0.0,0.7,0.024,-0.012,-0.991,4.9,-4.0,0.0,0.0253,-0.0169,0.0000,556,652,716,620,0.00,0.01,2.61,0.16,0.2532,1,1,0,0.01,0.00,0.55,-0.05,0.00,0.00,0.15,208,30
8000,-3.0,-0.9,-0.3,0.022,-0.030,-1.015,4.9,-4.0,0.0,0.0243,-0.0157,0.0000,561,651,712,622,0.00,0.01,2.61,0.16,0.2532,1,1,0,0.01,0.00,0.55,-0.05,0.00,0.00,0.15,208,30
8010,-1.1,-1.4,-0.1,0.028,-0.034,-1.007,4.8,-4.0,0.0,0.0217,-0.0155,0.0000,568,650,709,627,0.00,0.01,2.61,0.16,0.2544,1,1,0,0.01,0.00,0.55,-0.05,0.00,0.00,0.15,208,30
8020,3.2,0.1,0.5,0.017,0.017,-1.008,4.8,-4.0,0.0,0.0177,-0.0170,0.0000,573,638,704,639,0.00,0.01,2.61,0.16,0.2544,1,1,0,0.01,0.00,0.55,-0.05,0.00,0.00,0.16,208,30
8030,5.2,1.4,0.3,-0.007,0.048,-1.010,4.9,-4.0,0.0,0.0160,-0.0181,0.0000,586,649,718,656,0.00,0.01,2.61,0.16,0.2617,1,1,0,0.01,0.00,0.55,-0.05,0.00,0.00,0.16,208,30
8040,2.5,-0.1,-1.5,0.008,0.059,-1.036,4.9,-4.0,0.0,0.0189,-0.0164,0.0001,582,659,723,645,0.00,0.01,2.61,0.16,0.2617,1,1,0,0.01,0.00,0.55,-0.05,0.00,0.00,0.16,208,30
8050,-1.9,-2.3,0.8,0.025,0.000,-1.012,4.9,-4.0,0.0,0.0233,-0.0142,0.0000,578,671,726,635,0.00,0.01,2.61,0.16,0.2617,1,1,0,0.01,0.00,0.55,-0.05,0.00,0.00,0.16,208,30
8060,-4.6,-1.8,1.3,0.034,-0.028,-1.010,4.9,-4.0,0.0,0.0264,-0.0154,-0.0001,572,673,732,633,0.00,0.01,2.61,0.16,0.2617,1,1,0,0.01,0.00,0.55,-0.05,0.00,0.00,0.15,208,30
8071,-2.6,0.1,-0.5,0.024,-0.046,-1.004,4.9,-4.0,0.0,0.0237,-0.0169,0.0000,577,663,728,641,0.00,0.01,2.61,0.16,0.2617,1,1,0,0.01,0.00,0.55,-0.05,0.00,0.00,0.15,208,30
8081,1.8,1.2,0.0,0.013,0.000,-1.012,4.8,-4.0,0.0,0.0195,-0.0179,0.0000,583,654,722,651,0.00,0.01,2.61,0.16,0.2617,1,1,0,0.01,0.00,0.55,-0.05,0.00,0.00,0.16,208,30
8091,4.0,0.3,-0.4,0.000,0.026,-1.020,4.9,-4.0,0.0,0.0171,-0.0168,0.0000,589,652,716,652,0.00,0.01,2.61,0.16,0.2617,1,1,0,0.01,0.00,0.55,-0.05,0.00,0.00,0.15,208,30
8101,4.9,0.5,-0.3,0.000,0.051,-1.021,4.9,-4.0,0.0,0.0165,-0.0172,0.0000,589,653,716,652,0.00,0.01,2.61,0.16,0.2617,1,1,0,0.01,0.00,0.55,-0.05,0.00,0.00,0.15,208,30
8111,1.7,0.4,-0.1,-0.011,0.052,-1.010,4.9,-4.0,0.0,0.0196,-0.0171,0.0000,582,662,723,643,0.00,0.01,2.61,0.16,0.2617,1,1,0,0.01,0.00,0.55,-0.05,0.00,0.00,0.15,208,30
8121,-3.3,-1.1,0.5,0.008,0.016,-1.027,4.9,-4.0,0.0,0.0251,-0.0153,0.0000,575,672,730,633,0.00,0.01,2.61,0.16,0.2617,1,1,0,0.01,0.00,0.55,-0.05,0.00,0.00,0.15,208,30
8131,-4.9,-1.6,0.0,0.025,-0.036,-1.024,4.9,-4.0,0.0,0.0264,-0.0150,0.0000,574,674,730,631,0.00,0.01,2.61,0.16,0.2617,1,1,0,0.01,0.00,0.55,-0.05,0.00,0.00,0.15,208,30
8141,-3.2,-0.4,-0.3,0.026,-0.045,-1.002,4.8,-4.0,0.0,0.0241,-0.0165,0.0000,576,666,729,639,0.00,0.01,2.61,0.16,0.2617,1,1,0,0.01,0.00,0.55,-0.05,0.00,0.00,0.16,209,30
8151,0.1,1.1,0.8,0.022,-0.030,-0.976,4.8,-4.0,0.0,0.0205,-0.0181,0.0000,580,656,724,649,0.00,0.01,2.61,0.16,0.2617,1,1,0,0.01,0.00,0.55,-0.05,0.00,0.00,0.16,209,30
8161,4.7,2.5,0.5,0.004,0.031,-0.993,4.8,-4.0,0.0,0.0166,-0.0193,0.0000,587,649,722,661,0.00,0.01,2.61,0.16,0.2629,1,1,0,0.01,0.00,0.55,-0.05,0.00,0.00,0.15,209,30
8171,5.4,1.5,-1.4,-0.004,0.065,-1.010,4.9,-4.0,0.0,0.0167,-0.0181,0.0001,588,653,722,656,0.00,0.01,2.61,0.16,0.2629,1,1,0,0.01,0.00,0.55,-0.05,0.00,0.00,0.15,209,30
8182,2.2,-0.5,0.4,0.000,0.058,-1.021,4.9,-3.9,0.0,0.0199,-0.0158,0.0000,588,666,725,648,0.00,0.01,2.61,0.16,0.2641,1,1,0,0.01,0.00,0.55,-0.05,0.00,0.00,0.15,209,30
8192,-2.9,-1.7,0.1,0.013,0.014,-1.017,4.9,-4.0,0.0,0.0244,-0.0149,0.0000,581,677,733,636,0.00,0.01,2.61,0.16,0.2641,1,1,0,0.01,0.00,0.55,-0.05,0.00,0.00,0.15,209,30
8202,-5.4,-2.9,-0.4,0.030,-0.020,-1.021,4.9,-4.0,0.0,0.0270,-0.0140,0.0000,579,681,735,633,0.00,0.01,2.61,0.15,0.2641,1,1,0,0.01,0.00,0.55,-0.05,0.00,0.00,0.15,209,30
8212,-4.3,-1.6,0.3,0.034,-0.040,-1.037,4.9,-4.0,0.0,0.0251,-0.0154,0.0000,580,673,733,641,0.00,0.01,2.61,0.15,0.2641,1,1,0,0.01,0.00,0.55,-0.05,0.00,0.00,0.15,209,30
8222,-0.1,0.9,0.4,0.012,-0.019,-1.030,4.8,-4.0,0.0,0.0216,-0.0177,0.0000,597,674,742,666,0.00,0.01,2.61,0.15,0.2708,1,1,0,0.01,0.00,0.55,-0.05,0.00,0.00,0.15,209,30
8232,2.4,1.0,-0.1,0.017,0.013,-0.992,4.8,-4.0,0.0,0.0188,-0.0177,0.0000,602,671,737,668,0.00,0.01,2.61,0.15,0.2708,1,1,0,0.01,0.00,0.55,-0.05,0.00,0.00,0.15,209,30
8242,3.6,0.9,-0.4,0.002,0.038,-1.014,4.9,-4.0,0.0,0.0178,-0.0176,0.0000,603,670,736,669,0.00,0.01,2.61,0.15,0.2708,1,1,0,0.01,0.00,0.55,-0.05,0.00,0.00,0.16,209,30
8252,2.6,0.2,0.6,-0.003,0.051,-1.020,4.9,-3.9,0.0,0.0193,-0.0163,0.0000,602,677,737,662,0.00,0.01,2.61,0.15,0.2708,1,1,0,0.01,0.00,0.55,-0.05,0.00,0.00,0.16,209,30
8262,-0.2,-0.3,0.6,0.019,0.023,-0.987,4.9,-4.0,0.0,0.0220,-0.0162,0.0000,597,682,743,657,0.00,0.01,2.61,0.15,0.2708,1,1,0,0.01,0.00,0.55,-0.05,0.00,0.00,0.15,209,30
8272,-2.4,-1.2,-0.2,0.024,-0.010,-0.991,4.9,-4.0,0.0,0.0243,-0.0157,0.0000,593,686,746,653,0.00,0.01,2.61,0.15,0.2708,1,1,0,0.01,0.00,0.55,-0.05,0.00,0.00,0.15,209,30
8282,-2.7,-1.3,1.0,0.020,-0.024,-1.012,4.9,-4.0,0.0,0.0243,-0.0154,0.0000,595,688,746,654,0.00,0.01,2.61,0.15,0.2715,1,1,0,0.01,0.00,0.55,-0.05,0.00,0.00,0.15,209,30
8292,-2.1,-0.7,-0.7,0.020,-0.031,-0.995,4.9,-4.0,0.0,0.0233,-0.0160,0.0001,597,684,746,657,0.00,0.01,2.61,0.15,0.2715,1,1,0,0.01,0.00,0.55,-0.05,0.00,0.00,0.15,209,30
8302,0.0,0.0,0.1,0.028,-0.007,-1.009,4.9,-4.0,0.0,0.0213,-0.0167,0.0000,599,678,742,663,0.00,0.01,2.61,0.15,0.2715,1,1,0,0.01,0.00,0.55,-0.05,0.00,0.00,0.16,209,30
8313,1.8,0.7,0.6,0.014,0.020,-1.026,4.9,-4.0,0.0,0.0196,-0.0174,0.0000,602,674,740,668,0.00,0.01,2.61,0.15,0.2715,1,1,0,0.01,0.00,0.55,-0.05,0.00,0.00,0.16,209,30
8323,2.2,0.8,-0.8,0.013,0.031,-1.014,4.9,-3.9,0.0,0.0193,-0.0174,0.0001,602,675,740,666,0.00,0.01,2.61,0.15,0.2715,1,1,0,0.01,0.00,0.55,-0.05,0.00,0.00,0.16,209,30
8333,0.5,0.8,-0.5,0.007,0.014,-0.986,4.9,-3.9,0.0,0.0214,-0.0170,0.0000,599,681,743,661,0.00,0.01,2.61,0.15,0.2715,1,1,0,0.01,0.00,0.55,-0.05,0.00,0.00,0.16,209,30
8343,-1.1,-0.6,0.1,0.019,0.001,-1.011,4.9,-3.9,0.0,0.0227,-0.0161,0.0000,599,684,743,657,0.00,0.01,2.61,0.15,0.2715,1,1,0,0.01,0.00,0.55,-0.05,0.00,0.00,0.16,209,30
8353,-0.8,-1.3,0.1,0.019,0.000,-1.016,4.9,-4.0,0.0,0.0222,-0.0153,0.0000,600,684,742,658,0.00,0.01,2.61,0.15,0.2715,1,1,0,0.01,0.00,0.55,-0.05,0.00,0.00,0.16,209,30
8363,-0.9,-0.6,0.1,0.015,0.000,-1.007,4.9,-4.0,0.0,0.0225,-0.0161,0.0000,597,682,744,660,0.00,0.01,2.61,0.15,0.2715,1,1,0,0.01,0.00,0.55,-0.05,0.00,0.00,0.16,209,30
8373,-0.8,-0.1,0.1,0.014,-0.004,-1.031,4.9,-4.0,0.0,0.0223,-0.0165,0.0000,597,680,745,662,0.00,0.01,2.61,0.15,0.2715,1,1,0,0.01,0.00,0.55,-0.05,0.00,0.00,0.16,209,30
8383,0.0,-0.9,1.1,0.013,0.009,-1.034,4.9,-4.0,0.0,0.0214,-0.0158,-0.0001,601,681,740,661,0.00,0.01,2.61,0.16,0.2715,1,1,0,0.01,0.00,0.55,-0.05,0.00,0.00,0.16,209,30
8393,-0.5,0.4,-0.7,0.012,0.002,-1.008,4.9,-4.0,0.0,0.0218,-0.0167,0.0000,599,681,743,660,0.00,0.01,2.61,0.16,0.2715,1,1,0,0.01,0.00,0.55,-0.05,0.00,0.00,0.16,209,30
8403,0.0,0.0,-0.5,0.017,0.006,-1.038,4.9,-4.0,0.0,0.0214,-0.0166,0.0000,599,680,743,662,0.00,0.01,2.61,0.16,0.2715,1,1,0,0.01,0.00,0.55,-0.05,0.00,0.00,0.15,209,30
8414,1.1,0.1,-0.2,0.011,0.018,-1.021,4.9,-4.0,0.0,0.0203,-0.0169,0.0000,601,677,740,665,0.00,0.01,2.61,0.16,0.2715,1,1,0,0.01,0.00,0.55,-0.05,0.00,0.00,0.15,208,30
8424,1.2,0.5,-0.5,0.004,0.017,-1.018,4.9,-4.0,0.0,0.0202,-0.0173,0.0000,600,676,742,665,0.00,0.01,2.61,0.15,0.2715,1,1,0,0.01,0.00,0.55,-0.05,0.00,0.00,0.15,208,30
8434,0.0,-0.7,0.0,0.008,0.006,-1.016,4.9,-4.0,0.0,0.0216,-0.0160,0.0000,599,682,743,660,0.00,0.01,2.61,0.15,0.2715,1,1,0,0.01,0.00,0.55,-0.05,0.00,0.00,0.16,208,30
8444,-1.9,-1.6,-1.0,0.015,-0.006,-1.026,4.9,-4.0,0.0,0.0235,-0.0151,0.0001,598,685,744,656,0.00,0.01,2.61,0.15,0.2715,1,1,0,0.01,0.00,0.55,-0.05,0.00,0.00,0.16,208,30
8454,-1.5,-1.4,0.4,0.020,-0.008,-1.022,4.9,-4.0,0.0,0.0227,-0.0154,0.0000,599,684,743,658,0.00,0.01,2.61,0.16,0.2715,1,1,0,0.01,0.00,0.55,-0.05,0.00,0.00,0.16,208,30
8464,-0.7,-0.6,1.8,0.011,0.001,-1.035,4.9,-4.0,0.0,0.0221,-0.0163,-0.0001,602,686,748,666,0.00,0.01,2.61,0.16,0.2739,1,1,0,0.01,0.00,0.55,-0.05,0.00,0.00,0.16,208,30
8474,0.4,-0.1,-0.9,0.010,0.000,-1.038,4.9,-4.0,0.0,0.0207,-0.0169,0.0001,604,681,747,669,0.00,0.01,2.61,0.16,0.2739,1,1,0,0.01,0.00,0.55,-0.05,0.00,0.00,0.15,208,30
8484,2.1,1.0,0.8,0.006,0.006,-1.010,4.9,-4.0,0.0,0.0189,-0.0180,0.0000,606,677,745,674,0.00,0.01,2.61,0.16,0.2739,1,1,0,0.01,0.00,0.55,-0.05,0.00,0.00,0.15,208,30
8494,2.2,0.9,-0.5,0.003,0.023,-1.000,4.9,-4.0,0.0,0.0193,-0.0178,0.0000,605,678,746,672,0.00,0.01,2.61,0.16,0.2739,1,1,0,0.01,0.00,0.55,-0.05,0.00,0.00,0.15,208,30
8504,2.0,-0.7,-0.5,0.005,0.030,-1.022,4.9,-4.0,0.0,0.0195,-0.0160,0.0000,620,696,759,682,0.00,0.01,2.61,0.16,0.2812,1,1,0,0.01,0.00,0.55,-0.05,0.00,0.00,0.15,208,30
8514,0.9,-1.2,1.1,0.005,0.019,-1.031,4.9,-4.0,0.0,0.0209,-0.0157,0.0000,620,699,758,680,0.00,0.01,2.61,0.16,0.2812,1,1,0,0.01,0.00,0.55,-0.05,0.00,0.00,0.15,208,30
8524,-0.4,-0.8,-0.6,0.012,0.010,-1.023,4.9,-4.0,0.0,0.0221,-0.0159,0.0000,616,700,763,678,0.00,0.01,2.61,0.15,0.2812,1,1,0,0.01,0.00,0.55,-0.05,0.00,0.00,0.15,209,30
8534,-2.0,-1.4,-1.0,0.021,-0.001,-1.041,4.9,-4.0,0.0,0.0237,-0.0154,0.0001,614,705,764,674,0.00,0.01,2.61,0.15,0.2812,1,1,0,0.01,0.00,0.55,-0.05,0.00,0.00,0.16,209,30
8545,-2.9,0.1,0.1,0.022,-0.025,-1.006,4.9,-4.0,0.0,0.0245,-0.0169,0.0000,611,704,768,675,0.00,0.01,2.61,0.15,0.2812,1,1,0,0.01,0.00,0.55,-0.05,0.00,0.00,0.16,209,30
8555,-2.3,-0.1,0.4,0.021,-0.035,-1.007,4.9,-4.0,0.0,0.0239,-0.0166,0.0000,613,700,766,678,0.00,0.01,2.61,0.15,0.2812,1,1,0,0.01,0.00,0.55,-0.05,0.00,0.00,0.15,209,30
8565,-1.0,-0.3,0.2,0.016,-0.016,-1.030,4.8,-4.0,0.0,0.0216,-0.0169,0.0000,616,698,762,680,0.00,0.01,2.61,0.15,0.2812,1,1,0,0.01,0.00,0.55,-0.05,0.00,0.00,0.16,209,30
8575,0.9,0.6,0.0,0.013,0.006,-1.020,4.8,-4.0,0.0,0.0206,-0.0175,0.0000,619,692,760,686,0.00,0.01,2.61,0.15,0.2812,1,1,0,0.01,0.00,0.55,-0.05,0.00,0.00,0.16,209,30
8585,2.4,0.3,0.9,-0.001,0.026,-1.044,4.9,-4.0,0.0,0.0191,-0.0172,0.0000,621,693,757,686,0.00,0.01,2.61,0.15,0.2812,1,1,0,0.01,0.00,0.55,-0.05,0.00,0.00,0.16,209,30
8595,2.6,0.6,-0.1,-0.003,0.027,-1.006,4.9,-4.0,0.0,0.0189,-0.0173,0.0000,621,693,758,686,0.00,0.01,2.61,0.15,0.2812,1,1,0,0.01,0.00,0.55,-0.05,0.00,0.00,0.16,209,30
8605,1.4,-0.6,-1.0,0.003,0.011,-0.995,4.9,-4.0,0.0,0.0201,-0.0162,0.0001,620,696,759,682,0.00,0.01,2.61,0.15,0.2812,1,1,0,0.01,0.00,0.55,-0.05,0.00,0.00,0.16,209,30
8615,1.1,-1.0,0.5,-0.002,0.004,-1.032,4.9,-4.0,0.0,0.0206,-0.0158,0.0000,620,699,758,680,0.00,0.01,2.61,0.15,0.2812,1,1,0,0.01,0.00,0.55,-0.05,0.00,0.00,0.15,209,30
8625,0.6,-0.2,-0.1,0.005,0.007,-1.016,4.9,-4.0,0.0,0.0210,-0.0166,0.0000,618,698,761,681,0.00,0.01,2.61,0.15,0.2812,1,1,0,0.01,0.00,0.55,-0.05,0.00,0.00,0.15,209,30
8646,-1.2,0.1,-0.8,0.010,0.010,-1.011,4.9,-4.0,0.0,0.0235,-0.0162,0.0001,617,705,767,678,0.00,0.01,2.61,0.15,0.2824,1,1,0,0.01,0.00,0.55,-0.05,0.00,0.00,0.16,209,30
8676,-3.2,-1.6,0.2,0.038,-0.030,-1.011,4.9,-4.0,0.0,0.0242,-0.0156,0.0000,618,710,769,678,0.00,0.01,2.61,0.16,0.2837,1,1,0,0.01,0.00,0.55,-0.05,0.00,0.00,0.16,209,30
8686,-0.3,-0.3,-0.8,0.035,-0.012,-1.016,4.8,-4.0,0.0,0.0220,-0.0165,0.0001,621,701,767,686,0.00,0.01,2.61,0.16,0.2837,1,1,0,0.01,0.00,0.55,-0.05,0.00,0.00,0.16,209,30
8696,1.8,2.0,0.3,0.020,-0.001,-1.001,4.8,-4.0,0.0,0.0196,-0.0189,0.0000,623,695,765,693,0.00,0.01,2.61,0.16,0.2837,1,1,0,0.01,0.00,0.55,-0.05,0.00,0.00,0.16,208,30
8706,2.7,2.3,0.7,0.002,0.023,-0.989,4.8,-4.0,0.0,0.0189,-0.0192,0.0000,623,696,767,695,0.00,0.01,2.61,0.16,0.2843,1,1,0,0.01,0.00,0.55,-0.05,0.00,0.00,0.15,208,30
8716,2.0,0.3,-0.3,0.002,0.016,-1.013,4.9,-4.0,0.0,0.0195,-0.0173,0.0000,625,700,765,690,0.00,0.01,2.61,0.16,0.2843,1,1,0,0.01,0.00,0.55,-0.05,0.00,0.00,0.16,208,30
8726,0.0,0.5,-0.8,0.005,0.019,-1.009,4.9,-4.0,0.0,0.0217,-0.0174,0.0000,622,704,769,686,0.00,0.01,2.61,0.16,0.2843,1,1,0,0.01,0.00,0.55,-0.05,0.00,0.00,0.16,208,30
8736,0.3,-0.4,1.2,0.009,0.016,-1.024,4.9,-4.0,0.0,0.0215,-0.0163,-0.0001,623,706,767,685,0.00,0.01,2.61,0.16,0.2843,1,1,0,0.01,0.00,0.55,-0.05,0.00,0.00,0.16,208,30
8746,0.3,-0.3,-0.5,0.012,0.015,-1.016,4.9,-4.0,0.0,0.0214,-0.0165,0.0000,624,706,767,684,0.00,0.01,2.61,0.16,0.2843,1,1,0,0.01,0.00,0.55,-0.05,0.00,0.00,0.16,208,30
8756,0.3,0.0,-0.1,0.012,0.016,-0.997,4.9,-4.0,0.0,0.0217,-0.0173,0.0000,621,703,769,687,0.00,0.01,2.61,0.16,0.2843,1,1,0,0.01,0.00,0.55,-0.05,0.00,0.00,0.15,208,30
8767,0.0,-1.1,1.1,0.008,0.022,-1.033,4.9,-4.0,0.0,0.0218,-0.0158,-0.0001,622,707,768,684,0.00,0.01,2.61,0.16,0.2843,1,1,0,0.01,0.00,0.55,-0.05,0.00,0.00,0.15,208,30
8777,-2.3,-1.2,-0.6,0.017,0.009,-1.018,4.9,-4.0,0.0,0.0241,-0.0157,0.0000,619,710,771,680,0.00,0.01,2.61,0.16,0.2843,1,1,0,0.01,0.00,0.55,-0.05,0.00,0.00,0.16,208,30
8787,-2.3,-0.9,0.0,0.030,-0.002,-1.019,4.9,-4.0,0.0,0.0242,-0.0162,0.0000,618,710,772,680,0.00,0.01,2.61,0.16,0.2843,1,1,0,0.01,0.00,0.55,-0.05,0.00,0.00,0.16,208,30
8797,-1.9,0.0,0.6,0.023,-0.013,-1.018,4.9,-4.0,0.0,0.0236,-0.0168,0.0000,620,708,770,683,0.00,0.01,2.61,0.16,0.2843,1,1,0,0.01,0.00,0.55,-0.05,0.00,0.00,0.16,208,30
8807,-0.6,0.2,0.3,0.024,-0.005,-1.004,4.9,-4.0,0.0,0.0224,-0.0172,0.0000,622,706,772,689,0.00,0.01,2.61,0.16,0.2855,1,1,0,0.01,0.00,0.55,-0.05,0.00,0.00,0.16,208,30
8817,1.3,0.0,-0.3,0.014,0.013,-1.026,4.9,-4.0,0.0,0.0202,-0.0170,0.0000,627,703,768,692,0.00,0.01,2.61,0.16,0.2855,1,1,0,0.01,0.00,0.55,-0.05,0.00,0.00,0.16,208,30
8827,1.8,0.4,-0.5,0.006,0.025,-1.014,4.9,-4.0,0.0,0.0198,-0.0173,0.0000,627,702,768,692,0.00,0.01,2.61,0.16,0.2855,1,1,0,0.01,0.00,0.55,-0.05,0.00,0.00,0.16,208,30
8837,1.6,-0.4,0.0,0.005,0.034,-1.020,4.9,-4.0,0.0,0.0203,-0.0165,0.0000,627,705,767,690,0.00,0.01,2.61,0.16,0.2855,1,1,0,0.01,0.00,0.55,-0.05,0.00,0.00,0.16,207,30
8847,0.3,-0.1,-0.8,0.002,0.015,-1.007,4.9,-4.0,0.0,0.0215,-0.0167,0.0001,626,708,771,688,0.00,0.01,2.61,0.16,0.2861,1,1,0,0.01,0.00,0.55,-0.05,0.00,0.00,0.16,207,30
8857,0.0,-0.9,-0.2,0.012,0.001,-1.012,4.9,-4.0,0.0,0.0217,-0.0160,0.0000,625,709,772,688,0.00,0.01,2.61,0.16,0.2861,1,1,0,0.01,0.00,0.55,-0.05,0.00,0.00,0.16,207,30
8867,0.0,-1.1,-0.1,0.019,0.001,-1.023,4.9,-4.0,0.0,0.0217,-0.0159,0.0000,627,709,770,688,0.00,0.01,2.61,0.16,0.2861,1,1,0,0.01,0.00,0.55,-0.05,0.00,0.00,0.16,208,30
8878,0.1,0.4,-0.6,0.014,0.007,-1.000,4.9,-4.0,0.0,0.0216,-0.0174,0.0000,624,708,773,689,0.00,0.01,2.61,0.16,0.2861,1,1,0,0.01,0.00,0.55,-0.05,0.00,0.00,0.16,208,30
8888,0.2,0.3,0.0,0.006,0.013,-1.004,4.9,-4.0,0.0,0.0217,-0.0171,0.0000,640,723,787,704,0.00,0.01,2.61,0.16,0.2940,1,1,0,0.01,0.00,0.55,-0.05,0.00,0.00,0.16,208,30
8898,-1.0,0.5,-0.1,0.006,0.010,-0.990,4.9,-4.0,0.0,0.0229,-0.0173,0.0000,639,725,788,702,0.00,0.01,2.61,0.16,0.2940,1,1,0,0.01,0.00,0.55,-0.05,0.00,0.00,0.16,208,30
8908,-1.5,-0.8,-0.1,0.019,0.001,-1.022,4.9,-4.0,0.0,0.0233,-0.0161,0.0000,639,727,788,700,0.00,0.01,2.61,0.16,0.2940,1,1,0,0.01,0.00,0.55,-0.05,0.00,0.00,0.16,208,30
8918,-1.9,-1.2,0.0,0.020,-0.017,-1.020,4.9,-4.0,0.0,0.0234,-0.0152,0.0000,641,729,786,698,0.00,0.01,2.61,0.16,0.2940,1,1,0,0.01,0.00,0.55,-0.05,0.00,0.00,0.16,208,30
8928,-0.8,0.3,-0.3,0.015,-0.013,-1.009,4.9,-4.0,0.0,0.0226,-0.0174,0.0000,640,722,788,705,0.00,0.01,2.61,0.16,0.2940,1,1,0,0.01,0.00,0.55,-0.05,0.00,0.00,0.16,208,30
8938,0.8,-0.3,1.1,0.014,-0.007,-1.002,4.9,-4.0,0.0,0.0209,-0.0167,0.0000,643,720,784,707,0.00,0.01,2.61,0.16,0.2940,1,1,0,0.01,0.00,0.55,-0.05,0.00,0.00,0.16,208,30
8948,1.9,0.1,0.0,0.019,0.019,-1.034,4.9,-4.0,0.0,0.0196,-0.0174,0.0000,643,717,784,710,0.00,0.01,2.61,0.16,0.2940,1,1,0,0.01,0.00,0.55,-0.05,0.00,0.00,0.16,208,30
8958,1.7,0.6,-0.2,0.008,0.023,-1.018,4.9,-4.0,0.0,0.0200,-0.0176,0.0000,643,718,784,709,0.00,0.01,2.61,0.16,0.2940,1,1,0,0.01,0.00,0.55,-0.05,0.00,0.00,0.16,208,30
8968,0.8,0.2,0.4,0.004,0.016,-1.002,4.9,-4.0,0.0,0.0209,-0.0173,0.0000,641,720,786,707,0.00,0.01,2.61,0.16,0.2940,1,1,0,0.01,0.00,0.55,-0.05,0.00,0.00,0.16,208,30
8978,0.0,-0.9,-0.5,0.017,0.002,-1.014,4.9,-4.0,0.0,0.0216,-0.0163,0.0000,642,723,786,704,0.00,0.01,2.61,0.16,0.2940,1,1,0,0.01,0.00,0.55,-0.05,0.00,0.00,0.16,208,30
8988,-0.2,-0.6,1.0,0.019,0.000,-1.015,4.9,-4.0,0.0,0.0221,-0.0165,0.0000,640,724,787,704,0.00,0.01,2.61,0.16,0.2940,1,1,0,0.01,0.00,0.55,-0.05,0.00,0.00,0.16,208,30
8999,0.9,-0.3,-0.4,0.016,-0.001,-1.010,4.9,-4.0,0.0,0.0208,-0.0167,0.0000,643,720,784,706,0.00,0.01,2.61,0.16,0.2940,1,1,0,0.01,0.00,0.55,-0.05,0.00,0.00,0.16,208,30
9009,2.0,1.7,-0.7,0.009,0.006,-0.980,4.9,-4.0,0.0,0.0197,-0.0187,0.0000,641,715,786,711,0.00,0.01,2.61,0.16,0.2940,1,1,0,0.01,0.00,0.55,-0.05,0.00,0.00,0.16,208,30
9019,2.3,1.2,1.3,0.002,0.031,-1.019,4.9,-4.0,0.0,0.0196,-0.0181,-0.0001,642,717,785,710,0.00,0.01,2.61,0.16,0.2940,1,1,0,0.01,0.00,0.55,-0.05,0.00,0.00,0.15,208,30
9029,1.4,1.1,-0.9,0.017,0.030,-1.010,4.9,-4.0,0.0,0.0204,-0.0181,0.0001,641,720,786,706,0.00,0.01,2.61,0.16,0.2940,1,1,0,0.01,0.00,0.55,-0.05,0.00,0.00,0.16,208,30
9039,0.0,0.5,-0.3,0.005,0.022,-1.019,4.9,-4.0,0.0,0.0224,-0.0169,0.0000,639,724,788,703,0.00,0.01,2.61,0.16,0.2940,1,1,0,0.01,0.00,0.55,-0.05,0.00,0.00,0.16,208,30
9049,-1.6,-0.5,0.6,0.011,0.011,-0.990,4.9,-4.0,0.0,0.0237,-0.0162,0.0000,638,729,789,698,0.00,0.01,2.61,0.16,0.2940,1,1,0,0.01,0.00,0.55,-0.05,0.00,0.00,0.16,208,30
9059,-2.3,-2.1,-0.5,0.022,-0.001,-1.045,4.9,-4.0,0.0,0.0244,-0.0147,0.0000,639,732,788,694,0.00,0.01,2.61,0.16,0.2940,1,1,0,0.01,0.00,0.55,-0.05,0.00,0.00,0.16,208,30
9069,-1.6,-2.1,-1.0,0.028,-0.011,-1.010,4.9,-4.0,0.0,0.0237,-0.0148,0.0001,641,730,787,696,0.00,0.01,2.61,0.16,0.2940,1,1,0,0.01,0.00,0.55,-0.05,0.00,0.00,0.16,208,30
9079,-0.4,-0.5,0.1,0.019,0.006,-1.012,4.9,-4.0,0.0,0.0223,-0.0165,0.0000,639,724,788,703,0.00,0.01,2.61,0.16,0.2940,1,1,0,0.01,0.00,0.55,-0.05,0.00,0.00,0.16,208,30
9089,-0.5,-0.5,0.9,0.016,0.016,-0.999,4.9,-4.0,0.0,0.0226,-0.0168,0.0000,641,727,790,705,0.00,0.01,2.61,0.16,0.2953,1,1,0,0.01,0.00,0.55,-0.05,0.00,0.00,0.16,208,30
9099,-0.6,-1.0,-1.5,0.020,0.015,-1.031,4.9,-4.0,0.0,0.0225,-0.0160,0.0001,642,727,790,704,0.00,0.01,2.61,0.16,0.2953,1,1,0,0.01,0.00,0.55,-0.05,0.00,0.00,0.16,208,30
9110,-1.9,-0.2,-0.4,0.014,-0.006,-1.010,4.9,-4.0,0.0,0.0238,-0.0168,0.0000,640,729,792,703,0.00,0.01,2.61,0.16,0.2953,1,1,0,0.01,0.00,0.55,-0.05,0.00,0.00,0.16,208,30
9120,-2.4,-0.4,1.1,0.017,-0.012,-1.004,4.9,-4.0,0.0,0.0242,-0.0167,0.0000,639,729,793,702,0.00,0.01,2.61,0.16,0.2953,1,1,0,0.01,0.00,0.55,-0.05,0.00,0.00,0.16,208,30
9130,-2.2,-0.3,-1.5,0.026,-0.021,-1.007,4.9,-4.0,0.0,0.0241,-0.0167,0.0001,655,741,808,719,0.00,0.01,2.61,0.16,0.3032,1,1,0,0.01,0.00,0.55,-0.05,0.00,0.00,0.16,208,30
9140,0.0,-0.2,0.1,0.029,-0.011,-1.027,4.9,-4.0,0.0,0.0214,-0.0173,0.0000,657,737,804,724,0.00,0.01,2.61,0.16,0.3032,1,1,0,0.01,0.00,0.55,-0.05,0.00,0.00,0.16,208,30
9150,1.1,0.9,1.2,0.020,-0.006,-0.994,4.9,-4.0,0.0,0.0208,-0.0181,-0.0001,658,734,803,728,0.00,0.01,2.61,0.16,0.3032,1,1,0,0.01,0.00,0.55,-0.05,0.00,0.00,0.16,208,30
9160,2.0,1.5,-0.4,0.007,0.012,-1.013,4.9,-4.0,0.0,0.0198,-0.0186,0.0000,657,731,804,730,0.00,0.01,2.61,0.16,0.3032,1,1,0,0.01,0.00,0.55,-0.05,0.00,0.00,0.16,209,30
9170,1.1,1.0,-0.2,0.022,0.013,-1.020,4.9,-4.0,0.0,0.0206,-0.0181,0.0000,659,737,805,727,0.00,0.01,2.61,0.16,0.3038,1,1,0,0.01,0.00,0.55,-0.05,0.00,0.00,0.16,209,30
9180,0.7,1.1,0.5,0.009,0.009,-1.008,4.9,-4.0,0.0,0.0212,-0.0182,0.0000,658,738,806,726,0.00,0.01,2.61,0.16,0.3038,1,1,0,0.01,0.00,0.55,-0.05,0.00,0.00,0.16,209,30
9190,-0.7,0.5,1.1,0.015,0.004,-0.999,4.9,-4.0,0.0,0.0227,-0.0179,-0.0001,655,741,809,723,0.00,0.01,2.61,0.16,0.3038,1,1,0,0.01,0.00,0.55,-0.05,0.00,0.00,0.16,209,30
9200,0.0,0.4,-0.3,0.022,-0.001,-1.026,4.9,-4.0,0.0,0.0219,-0.0175,0.0000,657,739,807,724,0.00,0.01,2.61,0.16,0.3038,1,1,0,0.01,0.00,0.55,-0.05,0.00,0.00,0.16,209,30
9211,0.2,1.5,-0.9,0.019,0.001,-0.992,4.9,-4.0,0.0,0.0216,-0.0187,0.0001,656,737,808,727,0.00,0.01,2.61,0.16,0.3038,1,1,0,0.01,0.00,0.55,-0.05,0.00,0.00,0.16,209,30
9221,0.9,0.2,0.9,0.024,0.006,-1.029,4.9,-4.0,0.0,0.0209,-0.0174,0.0000,659,738,804,726,0.00,0.01,2.61,0.16,0.3038,1,1,0,0.01,0.00,0.55,-0.05,0.00,0.00,0.16,209,30
9231,1.9,1.2,-0.8,0.016,0.018,-1.007,4.9,-4.0,0.0,0.0200,-0.0184,0.0000,659,736,805,727,0.00,0.01,2.61,0.16,0.3038,1,1,0,0.01,0.00,0.55,-0.05,0.00,0.00,0.16,209,30
9241,2.0,0.7,-0.7,0.011,0.006,-1.007,4.9,-4.0,0.0,0.0199,-0.0179,0.0000,660,736,804,728,0.00,0.01,2.61,0.16,0.3038,1,1,0,0.01,0.00,0.55,-0.05,0.00,0.00,0.16,208,30
9251,1.4,1.1,0.0,0.011,0.028,-0.986,4.9,-4.0,0.0,0.0206,-0.0181,0.0000,659,737,805,726,0.00,0.01,2.61,0.16,0.3038,1,1,0,0.01,0.00,0.55,-0.05,0.00,0.00,0.16,208,30
9261,1.0,1.3,0.1,-0.001,0.017,-1.033,4.9,-4.0,0.0,0.0209,-0.0185,0.0000,659,738,805,725,0.00,0.01,2.61,0.16,0.3038,1,1,0,0.01,0.00,0.55,-0.05,0.00,0.00,0.16,208,30
9271,0.9,1.0,0.1,0.004,0.013,-0.984,4.9,-4.0,0.0,0.0210,-0.0176,0.0000,659,739,804,725,0.00,0.01,2.61,0.16,0.3038,1,1,0,0.01,0.00,0.55,-0.05,0.00,0.00,0.16,208,30
9281,0.4,0.7,-0.6,0.012,0.004,-1.022,4.9,-4.0,0.0,0.0215,-0.0179,0.0000,662,744,809,727,0.00,0.01,2.61,0.16,0.3056,1,1,0,0.01,0.00,0.55,-0.05,0.00,0.00,0.16,208,30
9291,0.5,0.5,0.4,0.012,0.008,-1.019,4.9,-4.0,0.0,0.0216,-0.0175,0.0000,662,745,809,726,0.00,0.01,2.61,0.16,0.3056,1,1,0,0.01,0.00,0.55,-0.05,0.00,0.00,0.16,208,30
9301,-0.1,0.3,-0.7,0.011,0.000,-0.997,4.9,-4.0,0.0,0.0221,-0.0175,0.0000,663,745,808,726,0.00,0.01,2.61,0.16,0.3056,1,1,0,0.01,0.00,0.55,-0.05,0.00,0.00,0.16,208,30
9312,0.0,0.0,-1.9,0.009,0.005,-1.034,4.9,-4.0,0.0,0.0219,-0.0170,0.0002,663,745,808,725,0.00,0.01,2.61,0.16,0.3056,1,1,0,0.01,0.00,0.55,-0.05,0.00,0.00,0.16,208,30
9322,0.2,0.1,0.1,0.017,0.001,-0.990,4.9,-4.0,0.0,0.0218,-0.0169,0.0000,664,746,807,725,0.00,0.01,2.61,0.16,0.3056,1,1,0,0.01,0.00,0.55,-0.05,0.00,0.00,0.16,208,30
9332,0.6,0.6,0.7,0.010,0.008,-1.000,4.9,-4.0,0.0,0.0214,-0.0177,0.0000,663,744,808,727,0.00,0.01,2.61,0.16,0.3056,1,1,0,0.01,0.00,0.55,-0.05,0.00,0.00,0.16,208,30
9342,-0.1,0.0,-0.9,0.012,0.014,-1.008,4.9,-4.0,0.0,0.0222,-0.0171,0.0001,661,747,810,724,0.00,0.01,2.61,0.16,0.3056,1,1,0,0.01,0.00,0.55,-0.05,0.00,0.00,0.16,208,30
9352,0.0,0.0,0.0,0.014,0.009,-1.030,4.9,-4.0,0.0,0.0221,-0.0172,0.0000,662,745,808,725,0.00,0.01,2.61,0.16,0.3056,1,1,0,0.01,0.00,0.55,-0.05,0.00,0.00,0.16,208,30
9362,-0.5,0.1,-0.1,0.016,0.018,-0.989,4.9,-4.0,0.0,0.0225,-0.0173,0.0000,663,751,812,725,0.00,0.01,2.61,0.16,0.3068,1,1,0,0.01,0.00,0.55,-0.05,0.00,0.00,0.16,208,30
9372,-1.2,-0.6,-0.2,0.019,0.001,-1.040,4.9,-4.0,0.0,0.0233,-0.0163,0.0000,664,752,812,723,0.00,0.01,2.61,0.16,0.3068,1,1,0,0.01,0.00,0.55,-0.05,0.00,0.00,0.16,208,30
9382,-0.8,-0.6,-0.6,0.008,-0.002,-1.002,4.9,-4.0,0.0,0.0229,-0.0165,0.0000,667,754,814,726,0.00,0.01,2.61,0.16,0.3081,1,1,0,0.01,0.00,0.55,-0.05,0.00,0.00,0.16,208,30
9392,-1.4,-0.2,-0.2,0.009,-0.014,-1.000,4.9,-4.0,0.0,0.0231,-0.0164,0.0000,668,753,812,727,0.00,0.01,2.61,0.16,0.3081,1,1,0,0.01,0.00,0.55,-0.05,0.00,0.00,0.16,208,30
9402,-0.4,-0.7,0.1,0.015,-0.003,-1.020,4.9,-4.0,0.0,0.0225,-0.0164,0.0000,668,752,812,728,0.00,0.01,2.61,0.16,0.3081,1,1,0,0.01,0.00,0.55,-0.05,0.00,0.00,0.16,208,30
9412,-0.2,0.1,-0.5,0.009,-0.001,-1.008,4.9,-4.0,0.0,0.0222,-0.0173,0.0000,667,750,813,730,0.00,0.01,2.61,0.16,0.3081,1,1,0,0.01,0.00,0.55,-0.05,0.00,0.00,0.16,208,30
9423,-0.1,-0.2,1.1,0.011,-0.001,-1.012,4.9,-4.0,0.0,0.0218,-0.0169,0.0000,667,749,813,732,0.00,0.01,2.61,0.16,0.3081,1,1,0,0.01,0.00,0.55,-0.05,0.00,0.00,0.16,208,30
9433,-0.4,0.2,-0.4,0.016,0.005,-1.020,4.9,-4.0,0.0,0.0225,-0.0174,0.0000,666,749,814,730,0.00,0.01,2.61,0.16,0.3081,1,1,0,0.01,0.00,0.55,-0.05,0.00,0.00,0.16,208,30
9443,-0.6,-0.1,-0.7,0.011,0.001,-1.014,4.9,-4.0,0.0,0.0225,-0.0169,0.0000,667,751,815,731,0.00,0.01,2.61,0.16,0.3087,1,1,0,0.01,0.00,0.55,-0.05,0.00,0.00,0.16,208,30
9453,-1.3,-0.4,1.0,0.022,0.003,-0.987,4.9,-4.0,0.0,0.0234,-0.0166,0.0000,667,755,815,728,0.00,0.01,2.61,0.16,0.3087,1,1,0,0.01,0.00,0.55,-0.05,0.00,0.00,0.16,208,30
9463,-1.3,-0.2,-0.1,0.020,0.008,-1.027,4.9,-4.0,0.0,0.0234,-0.0170,0.0000,667,754,816,728,0.00,0.01,2.61,0.16,0.3087,1,1,0,0.01,0.00,0.55,-0.05,0.00,0.00,0.16,208,30
9473,-1.5,-0.3,-0.5,0.017,-0.005,-1.002,4.9,-4.0,0.0,0.0234,-0.0165,0.0000,667,754,816,728,0.00,0.01,2.61,0.16,0.3087,1,1,0,0.01,0.00,0.55,-0.05,0.00,0.00,0.16,208,30
9503,-0.4,-0.3,0.1,0.009,-0.010,-1.006,4.9,-4.0,0.0,0.0220,-0.0166,0.0000,687,768,830,749,0.00,0.01,2.61,0.16,0.3178,1,1,0,0.01,0.00,0.55,-0.05,0.00,0.00,0.16,208,30
9513,0.3,0.1,-0.6,0.009,-0.002,-1.019,4.9,-4.0,0.0,0.0217,-0.0174,0.0000,687,765,830,751,0.00,0.01,2.61,0.16,0.3178,1,1,0,0.01,0.00,0.55,-0.05,0.00,0.00,0.16,208,30
9523,0.5,0.0,0.0,0.011,0.000,-0.996,4.9,-4.0,0.0,0.0215,-0.0172,0.0000,686,767,830,750,0.00,0.01,2.61,0.16,0.3178,1,1,0,0.01,0.00,0.55,-0.05,0.00,0.00,0.16,208,30
9534,-0.5,0.2,0.8,0.009,-0.004,-1.018,4.9,-4.0,0.0,0.0225,-0.0175,0.0000,685,766,832,751,0.00,0.01,2.61,0.16,0.3178,1,1,0,0.01,0.00,0.55,-0.05,0.00,0.00,0.16,208,30
9544,0.0,0.4,-0.5,0.014,0.007,-1.023,4.9,-4.0,0.0,0.0221,-0.0177,0.0000,685,767,832,749,0.00,0.01,2.61,0.16,0.3178,1,1,0,0.01,0.00,0.55,-0.05,0.00,0.00,0.16,208,30
9554,-1.2,-0.1,1.1,0.013,0.002,-0.999,4.9,-4.0,0.0,0.0235,-0.0166,0.0000,684,772,833,745,0.00,0.01,2.61,0.16,0.3178,1,1,0,0.01,0.00,0.55,-0.05,0.00,0.00,0.16,208,30
9564,-1.6,0.5,-0.6,0.026,0.000,-1.014,4.9,-4.0,0.0,0.0237,-0.0177,0.0000,682,771,838,748,0.00,0.01,2.61,0.16,0.3184,1,1,0,0.01,0.00,0.55,-0.05,0.00,0.00,0.15,208,30
9574,-1.3,-0.1,0.2,0.022,0.003,-0.998,4.9,-4.0,0.0,0.0235,-0.0170,0.0000,683,772,836,747,0.00,0.01,2.61,0.16,0.3184,1,1,0,0.01,0.00,0.55,-0.05,0.00,0.00,0.16,208,30
9584,-1.6,-0.5,0.3,0.022,-0.005,-1.016,4.9,-4.0,0.0,0.0238,-0.0166,0.0000,685,773,834,746,0.00,0.01,2.61,0.16,0.3184,1,1,0,0.01,0.00,0.55,-0.05,0.00,0.00,0.16,208,30
9594,-0.6,0.0,0.0,0.011,-0.001,-1.020,4.9,-4.0,0.0,0.0225,-0.0172,0.0000,685,770,834,749,0.00,0.01,2.61,0.16,0.3184,1,1,0,0.01,0.00,0.55,-0.05,0.00,0.00,0.16,208,30
9604,-0.9,0.2,-0.8,0.015,-0.006,-0.994,4.9,-4.0,0.0,0.0230,-0.0175,0.0001,684,769,836,750,0.00,0.01,2.61,0.16,0.3184,1,1,0,0.01,0.00,0.55,-0.05,0.00,0.00,0.16,208,30
9614,-0.6,0.1,-0.4,0.016,-0.010,-1.021,4.9,-4.0,0.0,0.0226,-0.0176,0.0000,684,768,835,751,0.00,0.01,2.61,0.16,0.3184,1,1,0,0.01,0.00,0.55,-0.05,0.00,0.00,0.16,208,30
9624,-0.2,0.0,0.7,0.017,0.004,-1.016,4.9,-4.0,0.0,0.0222,-0.0175,0.0000,684,768,835,752,0.00,0.01,2.61,0.16,0.3184,1,1,0,0.01,0.00,0.55,-0.05,0.00,0.00,0.16,208,30
9634,-1.1,-0.3,0.1,0.022,-0.004,-1.023,4.9,-4.0,0.0,0.0232,-0.0169,0.0000,684,769,836,750,0.00,0.01,2.61,0.16,0.3184,1,1,0,0.01,0.00,0.55,-0.05,0.00,0.00,0.16,208,30
9644,-0.7,-0.4,-0.8,0.029,-0.002,-1.000,4.9,-4.0,0.0,0.0227,-0.0171,0.0000,702,787,852,767,0.00,0.01,2.61,0.16,0.3276,1,1,0,0.01,0.00,0.55,-0.05,0.00,0.00,0.16,208,30
9654,-1.0,0.2,2.7,0.022,0.011,-1.005,4.9,-4.0,0.0,0.0233,-0.0176,-0.0002,698,789,855,766,0.00,0.01,2.61,0.16,0.3276,1,1,0,0.01,0.00,0.55,-0.05,0.00,0.00,0.16,208,30
9665,-1.6,-1.0,-0.5,0.022,0.007,-1.015,4.9,-4.0,0.0,0.0238,-0.0162,0.0000,700,790,854,763,0.00,0.01,2.61,0.16,0.3276,1,1,0,0.01,0.00,0.55,-0.05,0.00,0.00,0.16,208,30
9675,-1.2,-1.1,-2.5,0.018,0.001,-1.014,4.9,-4.0,0.0,0.0234,-0.0164,0.0002,702,789,853,764,0.00,0.01,2.61,0.16,0.3276,1,1,0,0.01,0.00,0.55,-0.05,0.00,0.00,0.16,208,30
9685,0.0,-0.1,2.2,0.001,0.006,-1.014,4.9,-4.0,0.0,0.0222,-0.0172,-0.0002,702,790,853,767,0.00,0.01,2.61,0.16,0.3282,1,1,0,0.01,0.00,0.55,-0.05,0.00,0.00,0.16,208,30
9695,-0.7,-0.2,0.4,0.003,0.005,-1.004,4.9,-4.0,0.0,0.0233,-0.0167,0.0000,703,791,854,765,0.00,0.01,2.61,0.16,0.3282,1,1,0,0.01,0.00,0.55,-0.05,0.00,0.00,0.16,208,30
9705,-0.7,-0.3,-1.7,0.019,-0.003,-1.016,4.9,-4.0,0.0,0.0226,-0.0170,0.0001,703,788,853,768,0.00,0.01,2.61,0.16,0.3282,1,1,0,0.01,0.00,0.55,-0.05,0.00,0.00,0.16,208,30
9715,-0.4,0.3,0.8,0.009,0.011,-1.017,4.9,-4.0,0.0,0.0226,-0.0176,0.0000,701,789,854,767,0.00,0.01,2.61,0.16,0.3282,1,1,0,0.01,0.00,0.55,-0.05,0.00,0.00,0.16,208,30
9725,-0.8,-0.1,2.1,0.012,0.011,-0.996,4.9,-4.0,0.0,0.0235,-0.0168,-0.0001,717,807,869,780,0.00,0.01,2.61,0.16,0.3361,1,1,0,0.01,0.00,0.55,-0.05,0.00,0.00,0.16,208,30
9735,-0.8,-0.7,-1.4,0.017,0.006,-1.023,4.9,-4.0,0.0,0.0231,-0.0167,0.0001,718,805,869,781,0.00,0.01,2.61,0.16,0.3361,1,1,0,0.01,0.00,0.55,-0.05,0.00,0.00,0.16,208,30
9745,0.6,-0.4,-1.3,0.011,0.015,-1.021,4.9,-4.0,0.0,0.0215,-0.0169,0.0001,718,801,868,785,0.00,0.01,2.61,0.16,0.3361,1,1,0,0.01,0.00,0.55,-0.05,0.00,0.00,0.16,208,30
9755,1.1,-0.6,1.4,0.000,0.013,-1.018,4.9,-4.0,0.0,0.0211,-0.0166,-0.0001,720,803,865,783,0.00,0.01,2.61,0.16,0.3361,1,1,0,0.01,0.00,0.55,-0.05,0.00,0.00,0.16,208,30
9766,0.6,0.0,-0.4,0.003,0.000,-0.986,4.9,-4.0,0.0,0.0215,-0.0172,0.0000,721,801,866,785,0.00,0.01,2.61,0.16,0.3361,1,1,0,0.01,0.00,0.55,-0.05,0.00,0.00,0.16,208,30
9776,0.9,0.4,-2.5,0.015,0.009,-1.017,4.9,-4.0,0.0,0.0209,-0.0178,0.0002,721,799,866,787,0.00,0.01,2.61,0.16,0.3361,1,1,0,0.01,0.00,0.55,-0.05,0.00,0.00,0.16,208,30
9786,0.7,0.2,1.6,0.011,0.008,-1.019,4.9,-4.0,0.0,0.0212,-0.0176,-0.0001,719,800,866,787,0.00,0.01,2.61,0.16,0.3361,1,1,0,0.01,0.00,0.55,-0.05,0.00,0.00,0.16,208,30
9796,1.0,0.7,0.4,0.025,0.022,-1.001,4.9,-4.0,0.0,0.0211,-0.0181,0.0000,718,801,868,785,0.00,0.01,2.61,0.16,0.3361,1,1,0,0.01,0.00,0.55,-0.05,0.00,0.00,0.16,208,30
9806,-0.1,-0.1,-1.2,0.024,0.005,-1.013,4.9,-4.0,0.0,0.0223,-0.0172,0.0001,719,801,868,784,0.00,0.01,2.61,0.16,0.3361,1,1,0,0.01,0.00,0.55,-0.05,0.00,0.00,0.16,208,30
9816,0.5,-0.2,-0.3,0.025,0.001,-1.031,4.9,-4.0,0.0,0.0215,-0.0173,0.0000,719,799,867,787,0.00,0.01,2.61,0.16,0.3361,1,1,0,0.01,0.00,0.55,-0.05,0.00,0.00,0.16,208,30
9826,0.6,0.1,0.4,0.011,0.008,-1.018,4.9,-4.0,0.0,0.0216,-0.0175,0.0000,721,802,869,788,0.00,0.01,2.61,0.16,0.3374,1,1,0,0.01,0.00,0.55,-0.05,0.00,0.00,0.16,208,30
9836,0.3,-0.5,0.3,0.013,0.002,-1.005,4.9,-4.0,0.0,0.0219,-0.0169,0.0000,721,805,870,786,0.00,0.01,2.61,0.16,0.3374,1,1,0,0.01,0.00,0.55,-0.05,0.00,0.00,0.16,208,30
9846,-0.7,-0.2,-0.7,0.020,0.002,-1.010,4.9,-4.0,0.0,0.0229,-0.0171,0.0000,720,804,871,786,0.00,0.01,2.61,0.16,0.3374,1,1,0,0.01,0.00,0.55,-0.05,0.00,0.00,0.16,208,30
9856,-0.6,-0.6,1.4,0.021,-0.005,-0.998,4.9,-4.0,0.0,0.0224,-0.0169,-0.0001,721,804,869,787,0.00,0.01,2.61,0.16,0.3374,1,1,0,0.01,0.00,0.55,-0.05,0.00,0.00,0.16,208,30
9866,-0.1,0.0,0.5,0.025,0.010,-1.025,4.9,-4.0,0.0,0.0224,-0.0175,0.0000,719,804,871,787,0.00,0.01,2.61,0.16,0.3374,1,1,0,0.01,0.00,0.55,-0.05,0.00,0.00,0.16,208,30
9877,0.0,-0.2,-0.4,0.014,0.009,-1.018,4.9,-4.0,0.0,0.0222,-0.0172,0.0000,720,806,870,785,0.00,0.01,2.61,0.16,0.3374,1,1,0,0.01,0.00,0.55,-0.05,0.00,0.00,0.16,208,30
9887,0.4,-0.5,-0.2,0.005,0.002,-1.007,4.9,-4.0,0.0,0.0221,-0.0168,0.0000,722,807,871,786,0.00,0.01,2.61,0.16,0.3380,1,1,0,0.01,0.00,0.55,-0.05,0.00,0.00,0.16,209,30
9897,0.0,0.3,-0.1,0.009,-0.007,-1.010,4.9,-4.0,0.0,0.0223,-0.0177,0.0000,722,805,871,788,0.00,0.01,2.61,0.16,0.3380,1,1,0,0.01,0.00,0.55,-0.05,0.00,0.00,0.16,209,30
9907,0.4,-0.3,-0.2,0.011,0.014,-1.017,4.9,-4.0,0.0,0.0215,-0.0171,0.0000,723,805,870,788,0.00,0.01,2.61,0.16,0.3380,1,1,0,0.01,0.00,0.55,-0.05,0.00,0.00,0.16,209,30
9917,0.2,0.2,-0.4,0.014,0.015,-1.014,4.9,-4.0,0.0,0.0222,-0.0176,0.0000,721,807,873,785,0.00,0.01,2.61,0.16,0.3380,1,1,0,0.01,0.00,0.55,-0.05,0.00,0.00,0.16,209,30
9927,-0.3,-0.1,0.8,0.012,0.008,-0.999,4.9,-4.0,0.0,0.0226,-0.0173,0.0000,720,808,872,786,0.00,0.01,2.61,0.16,0.3380,1,1,0,0.01,0.00,0.55,-0.05,0.00,0.00,0.16,209,30
9937,0.3,-0.2,0.3,0.019,0.008,-1.021,4.9,-4.0,0.0,0.0218,-0.0172,0.0000,723,805,870,788,0.00,0.01,2.61,0.16,0.3380,1,1,0,0.01,0.00,0.55,-0.05,0.00,0.00,0.16,209,30
9947,0.7,0.4,-1.4,0.014,0.009,-1.013,4.9,-4.0,0.0,0.0215,-0.0179,0.0001,736,817,885,803,0.00,0.01,2.61,0.16,0.3453,1,1,0,0.01,0.00,0.55,-0.05,0.00,0.00,0.16,209,30
9957,1.1,0.7,0.1,0.005,0.007,-1.015,4.9,-4.0,0.0,0.0214,-0.0181,0.0000,735,818,886,803,0.00,0.01,2.61,0.16,0.3453,1,1,0,0.01,0.00,0.55,-0.05,0.00,0.00,0.16,209,30
9967,0.8,0.5,0.7,0.012,0.013,-1.012,4.8,-4.0,0.0,0.0214,-0.0180,0.0000,735,818,886,802,0.00,0.01,2.61,0.16,0.3453,1,1,0,0.01,0.00,0.55,-0.05,0.00,0.00,0.16,209,30
9978,-0.2,0.2,-0.3,0.022,0.007,-0.985,4.8,-4.0,0.0,0.0221,-0.0176,0.0000,736,818,885,803,0.00,0.01,2.61,0.16,0.3453,1,1,0,0.01,0.00,0.55,-0.05,0.00,0.00,0.16,209,30
9988,0.4,0.0,1.0,0.031,0.016,-1.002,4.8,-4.0,0.0,0.0217,-0.0176,0.0000,734,816,886,805,0.00,0.01,2.61,0.16,0.3453,1,1,0,0.01,0.00,0.55,-0.05,0.00,0.00,0.16,209,30
9998,0.2,0.0,-0.6,0.021,0.006,-1.033,4.8,-4.0,0.0,0.0220,-0.0174,0.0000,735,818,886,802,0.00,0.01,2.61,0.16,0.3453,1,1,0,0.01,0.00,0.55,-0.05,0.00,0.00,0.16,209,30
10008,0.4,-0.3,0.6,0.001,0.009,-1.022,4.8,-4.0,0.0,0.0219,-0.0172,0.0000,736,820,885,801,0.00,0.01,2.61,0.16,0.3453,1,1,0,0.01,0.00,0.55,-0.05,0.00,0.00,0.16,208,30
10018,-0.3,0.0,0.4,0.009,0.000,-0.999,4.8,-4.0,0.0,0.0227,-0.0174,0.0000,735,821,886,799,0.00,0.01,2.61,0.16,0.3453,1,1,0,0.01,0.00,0.55,-0.05,0.00,0.00,0.16,208,30
10028,-2.0,-0.4,-0.7,0.016,-0.015,-0.997,4.8,-4.0,0.0,0.0244,-0.0170,0.0000,737,825,891,802,0.00,0.01,2.61,0.16,0.3471,1,1,0,0.01,0.00,0.55,-0.05,0.00,0.00,0.16,208,30
10038,-0.7,-0.2,0.8,0.017,0.010,-1.015,4.9,-4.0,0.0,0.0229,-0.0172,0.0000,738,824,889,804,0.00,0.01,2.61,0.16,0.3471,1,1,0,0.01,0.00,0.55,-0.05,0.00,0.00,0.16,208,30
10048,-0.1,0.0,-0.1,0.022,0.017,-1.015,4.9,-4.0,0.0,0.0225,-0.0174,0.0000,738,824,890,804,0.00,0.01,2.61,0.16,0.3471,1,1,0,0.01,0.00,0.55,-0.05,0.00,0.00,0.16,208,30
10058,0.0,-0.5,-1.1,0.005,0.003,-1.028,4.9,-4.0,0.0,0.0223,-0.0167,0.0001,740,825,888,802,0.00,0.01,2.61,0.16,0.3471,1,1,0,0.01,0.00,0.55,-0.05,0.00,0.00,0.16,208,30
10068,0.8,0.1,0.4,0.000,0.009,-1.015,4.9,-4.0,0.0,0.0217,-0.0175,0.0000,738,825,890,802,0.00,0.01,2.61,0.16,0.3471,1,1,0,0.01,0.00,0.55,-0.05,0.00,0.00,0.16,208,30
10078,0.0,0.9,1.1,0.008,0.006,-0.986,4.9,-4.0,0.0,0.0223,-0.0185,-0.0001,738,823,890,805,0.00,0.01,2.61,0.16,0.3471,1,1,0,0.01,0.00,0.55,-0.05,0.00,0.00,0.16,208,30
10089,0.0,0.0,0.3,0.019,0.007,-0.997,4.9,-4.0,0.0,0.0221,-0.0179,0.0000,738,820,890,807,0.00,0.01,2.61,0.16,0.3471,1,1,0,0.01,0.00,0.55,-0.05,0.00,0.00,0.16,207,30
10099,0.8,0.1,-0.7,0.035,0.025,-1.009,4.9,-4.0,0.0,0.0215,-0.0180,0.0000,737,820,890,808,0.00,0.01,2.61,0.16,0.3471,1,1,0,0.01,0.00,0.55,-0.05,0.00,0.00,0.16,207,30
10109,1.1,0.0,0.6,0.011,0.014,-1.026,4.8,-4.0,0.0,0.0211,-0.0175,0.0000,741,821,886,807,0.00,0.01,2.61,0.16,0.3471,1,1,0,0.01,0.00,0.55,-0.05,0.00,0.00,0.16,207,30
10119,0.9,0.1,-0.4,0.001,0.013,-1.017,4.8,-4.0,0.0,0.0213,-0.0175,0.0000,741,821,887,806,0.00,0.01,2.61,0.16,0.3471,1,1,0,0.01,0.00,0.55,-0.05,0.00,0.00,0.16,207,30
10129,-0.3,0.8,-0.7,0.007,-0.003,-1.011,4.9,-4.0,0.0,0.0227,-0.0183,0.0000,739,823,889,804,0.00,0.01,2.61,0.16,0.3471,1,1,0,0.01,0.00,0.55,-0.05,0.00,0.00,0.16,207,30
10139,-1.3,-0.5,1.4,0.016,0.005,-1.014,4.9,-4.0,0.0,0.0236,-0.0170,-0.0001,736,825,891,803,0.00,0.01,2.61,0.16,0.3471,1,1,0,0.01,0.00,0.55,-0.05,0.00,0.00,0.16,207,30
10149,-1.1,-1.2,0.0,0.021,0.013,-1.011,4.9,-4.0,0.0,0.0235,-0.0163,0.0000,739,827,891,803,0.00,0.01,2.61,0.16,0.3477,1,1,0,0.01,0.00,0.55,-0.05,0.00,0.00,0.16,207,30
10159,-1.4,-0.6,-0.3,0.021,0.003,-1.016,4.9,-4.0,0.0,0.0238,-0.0168,0.0000,738,828,891,802,0.00,0.01,2.61,0.16,0.3477,1,1,0,0.01,0.00,0.55,-0.05,0.00,0.00,0.16,208,30
10169,-0.4,-0.4,0.0,0.002,0.000,-1.012,4.9,-4.0,0.0,0.0227,-0.0170,0.0000,739,826,890,804,0.00,0.01,2.61,0.16,0.3477,1,1,0,0.01,0.00,0.55,-0.05,0.00,0.00,0.16,208,30
10179,0.4,1.4,1.3,0.003,0.000,-1.011,4.9,-4.0,0.0,0.0220,-0.0189,-0.0001,737,825,892,805,0.00,0.01,2.61,0.16,0.3477,1,1,0,0.01,0.00,0.55,-0.05,0.00,0.00,0.16,207,30
10189,-0.4,0.4,-0.3,0.006,0.001,-1.017,4.9,-4.0,0.0,0.0229,-0.0180,0.0000,738,825,892,804,0.00,0.01,2.61,0.16,0.3477,1,1,0,0.01,0.00,0.55,-0.05,0.00,0.00,0.16,207,30
10200,0.4,0.0,-1.4,0.012,0.005,-1.008,4.9,-4.0,0.0,0.0221,-0.0175,0.0001,739,823,891,806,0.00,0.01,2.61,0.16,0.3477,1,1,0,0.01,0.00,0.55,-0.05,0.00,0.00,0.16,207,30
10210,1.0,-0.2,1.3,0.020,0.028,-1.005,4.9,-4.0,0.0,0.0214,-0.0173,-0.0001,740,823,889,807,0.00,0.01,2.61,0.16,0.3477,1,1,0,0.01,0.00,0.55,-0.05,0.00,0.00,0.16,208,30
10220,0.5,0.2,-0.3,0.015,0.009,-1.007,4.9,-4.0,0.0,0.0217,-0.0177,0.0000,744,823,887,807,0.00,0.01,2.61,0.16,0.3477,1,1,0,0.01,0.00,0.55,-0.05,0.00,0.00,0.16,208,30
10230,0.9,1.2,-0.3,0.014,0.006,-0.990,4.9,-4.0,0.0,0.0213,-0.0188,0.0000,740,821,890,808,0.00,0.01,2.61,0.16,0.3477,1,1,0,0.01,0.00,0.55,-0.05,0.00,0.00,0.16,208,30
10240,0.0,0.2,1.5,0.014,0.014,-1.028,4.9,-4.0,0.0,0.0225,-0.0178,-0.0001,738,824,891,807,0.00,0.01,2.61,0.16,0.3477,1,1,0,0.01,0.00,0.55,-0.05,0.00,0.00,0.16,208,30
10250,-1.1,-0.9,0.8,0.016,0.006,-1.013,4.9,-4.0,0.0,0.0234,-0.0166,0.0000,739,826,891,804,0.00,0.01,2.61,0.16,0.3477,1,1,0,0.01,0.00,0.55,-0.05,0.00,0.00,0.16,208,30
10260,-0.6,-1.0,-0.7,0.018,0.011,-1.011,4.9,-4.0,0.0,0.0232,-0.0165,0.0000,739,827,891,803,0.00,0.01,2.61,0.16,0.3477,1,1,0,0.01,0.00,0.55,-0.05,0.00,0.00,0.16,208,30
10270,-0.6,-0.4,0.3,0.010,0.009,-1.010,4.9,-4.0,0.0,0.0231,-0.0171,0.0000,739,827,891,803,0.00,0.01,2.61,0.16,0.3477,1,1,0,0.01,0.00,0.55,-0.05,0.00,0.00,0.16,208,30
10280,-0.7,0.0,1.2,0.012,-0.007,-1.000,4.9,-4.0,0.0,0.0226,-0.0177,-0.0001,740,824,890,806,0.00,0.01,2.61,0.16,0.3477,1,1,0,0.01,0.00,0.55,-0.05,0.00,0.00,0.16,208,30
10290,0.0,0.6,-0.3,0.012,0.006,-1.031,4.9,-4.0,0.0,0.0224,-0.0182,0.0000,736,824,894,805,0.00,0.01,2.61,0.16,0.3477,1,1,0,0.01,0.00,0.55,-0.05,0.00,0.00,0.16,208,30
10300,0.0,0.4,-1.1,0.006,0.005,-1.028,4.9,-4.0,0.0,0.0229,-0.0176,0.0000,738,826,892,803,0.00,0.01,2.61,0.16,0.3477,1,1,0,0.01,0.00,0.55,-0.05,0.00,0.00,0.16,208,30
10310,0.1,-0.3,2.1,0.006,0.015,-0.995,4.9,-4.0,0.0,0.0223,-0.0170,-0.0001,740,826,889,804,0.00,0.01,2.61,0.16,0.3477,1,1,0,0.01,0.00,0.55,-0.05,0.00,0.00,0.16,208,30
10321,0.3,-0.2,-0.7,0.028,0.029,-0.999,4.9,-4.0,0.0,0.0222,-0.0173,0.0001,740,824,891,805,0.00,0.01,2.61,0.16,0.3477,1,1,0,0.01,0.00,0.55,-0.05,0.00,0.00,0.15,208,30
10331,0.3,0.4,-2.1,0.008,0.011,-1.015,4.9,-4.0,0.0,0.0220,-0.0180,0.0002,741,822,890,807,0.00,0.01,2.61,0.16,0.3477,1,1,0,0.01,0.00,0.55,-0.05,0.00,0.00,0.15,208,30
10341,0.9,0.2,1.4,0.014,0.006,-1.012,4.9,-4.0,0.0,0.0212,-0.0182,-0.0001,740,821,890,809,0.00,0.01,2.61,0.16,0.3502,1,1,0,0.01,0.00,0.55,-0.05,0.00,0.00,0.15,208,30
10351,0.2,0.1,0.1,0.023,0.011,-1.033,4.9,-4.0,0.0,0.0222,-0.0177,0.0000,743,828,896,811,0.00,0.01,2.61,0.16,0.3502,1,1,0,0.01,0.00,0.55,-0.05,0.00,0.00,0.15,208,30
10361,-0.1,0.0,-0.2,0.004,0.014,-1.017,4.9,-4.0,0.0,0.0226,-0.0175,0.0000,744,830,895,809,0.00,0.01,2.61,0.16,0.3502,1,1,0,0.01,0.00,0.55,-0.05,0.00,0.00,0.15,208,30
10371,0.1,0.2,0.9,0.012,0.012,-1.006,4.9,-4.0,0.0,0.0225,-0.0179,0.0000,743,829,896,810,0.00,0.01,2.61,0.16,0.3502,1,1,0,0.01,0.00,0.55,-0.05,0.00,0.00,0.15,209,30
10381,-0.8,-1.1,1.6,0.018,0.010,-1.017,4.9,-4.0,0.0,0.0233,-0.0164,-0.0001,745,832,894,808,0.00,0.01,2.61,0.16,0.3502,1,1,0,0.01,0.00,0.55,-0.05,0.00,0.00,0.15,208,30
10391,-0.7,-1.0,-0.9,0.007,-0.002,-1.014,4.9,-4.0,0.0,0.0232,-0.0165,0.0001,745,830,894,809,0.00,0.01,2.61,0.16,0.3502,1,1,0,0.01,0.00,0.55,-0.05,0.00,0.00,0.15,208,30
10401,0.3,0.1,-1.2,0.009,0.004,-1.029,4.9,-4.0,0.0,0.0221,-0.0178,0.0001,743,828,896,810,0.00,0.01,2.61,0.16,0.3502,1,1,0,0.01,0.00,0.55,-0.05,0.00,0.00,0.15,208,30
10411,-0.9,0.8,1.5,0.014,0.008,-1.011,4.9,-4.0,0.0,0.0234,-0.0184,-0.0001,742,831,896,808,0.00,0.01,2.61,0.15,0.3502,1,1,0,0.01,0.00,0.55,-0.05,0.00,0.00,0.15,208,30
10421,-0.1,0.1,-0.4,0.017,0.012,-1.001,4.9,-4.0,0.0,0.0229,-0.0176,0.0000,743,831,897,808,0.00,0.01,2.61,0.15,0.3502,1,1,0,0.01,0.00,0.55,-0.05,0.00,0.00,0.15,208,30
10432,0.6,-0.2,-1.6,0.009,0.016,-1.025,4.9,-4.0,0.0,0.0220,-0.0172,0.0001,745,830,895,809,0.00,0.01,2.61,0.15,0.3502,1,1,0,0.01,0.00,0.55,-0.05,0.00,0.00,0.15,208,30
10442,-0.1,-0.1,0.9,0.008,0.006,-1.001,4.9,-4.0,0.0,0.0226,-0.0175,0.0000,743,829,896,810,0.00,0.01,2.61,0.15,0.3502,1,1,0,0.01,0.00,0.55,-0.05,0.00,0.00,0.16,208,30
10452,0.6,0.0,-0.1,0.010,0.008,-0.996,4.9,-4.0,0.0,0.0217,-0.0175,0.0000,745,827,895,811,0.00,0.01,2.61,0.15,0.3502,1,1,0,0.01,0.00,0.55,-0.05,0.00,0.00,0.15,208,30
10462,0.5,0.8,0.4,0.022,0.018,-1.017,4.9,-4.0,0.0,0.0219,-0.0184,0.0000,744,828,895,812,0.00,0.01,2.61,0.15,0.3502,1,1,0,0.01,0.00,0.55,-0.05,0.00,0.00,0.15,208,30
10472,-0.1,0.5,0.9,0.028,0.014,-1.007,4.9,-4.0,0.0,0.0227,-0.0183,0.0000,741,827,897,812,0.00,0.01,2.61,0.15,0.3502,1,1,0,0.01,0.00,0.55,-0.05,0.00,0.00,0.15,208,30
10482,0.5,-1.0,0.4,0.017,0.018,-1.028,4.9,-4.0,0.0,0.0220,-0.0167,0.0000,745,828,894,811,0.00,0.01,2.61,0.15,0.3502,1,1,0,0.01,0.00,0.55,-0.05,0.00,0.00,0.15,208,30
10492,0.6,-0.8,0.3,0.010,0.005,-1.008,4.9,-4.0,0.0,0.0219,-0.0167,0.0000,747,831,893,808,0.00,0.01,2.61,0.15,0.3502,1,1,0,0.01,0.00,0.55,-0.05,0.00,0.00,0.15,208,30
10502,-1.1,0.3,-0.6,0.002,-0.007,-0.999,4.9,-4.0,0.0,0.0234,-0.0175,0.0000,744,830,895,809,0.00,0.01,2.61,0.15,0.3502,1,1,0,0.01,0.00,0.55,-0.05,0.00,0.00,0.15,208,30
10512,-1.1,-0.5,0.4,0.014,-0.007,-0.999,4.9,-4.0,0.0,0.0237,-0.0171,0.0000,743,831,896,808,0.00,0.01,2.61,0.15,0.3502,1,1,0,0.01,0.00,0.55,-0.05,0.00,0.00,0.15,209,30
10522,-1.0,-0.1,0.0,0.035,0.011,-1.017,4.9,-4.0,0.0,0.0236,-0.0175,0.0000,742,832,899,810,0.00,0.01,2.61,0.15,0.3508,1,1,0,0.01,0.00,0.55,-0.05,0.00,0.00,0.15,209,30
10532,-0.7,-1.0,-0.1,0.015,0.008,-1.032,4.9,-4.0,0.0,0.0233,-0.0166,0.0000,744,832,897,809,0.00,0.01,2.61,0.15,0.3508,1,1,0,0.01,0.00,0.55,-0.05,0.00,0.00,0.15,209,30
10542,0.6,-0.5,0.1,0.009,0.017,-1.008,4.9,-4.0,0.0,0.0220,-0.0169,0.0000,746,834,895,807,0.00,0.01,2.61,0.15,0.3508,1,1,0,0.01,0.00,0.55,-0.05,0.00,0.00,0.15,209,30
10552,0.7,1.7,-0.3,-0.005,0.000,-1.004,4.9,-4.0,0.0,0.0219,-0.0194,0.0000,743,829,899,812,0.00,0.01,2.61,0.15,0.3508,1,1,0,0.01,0.00,0.55,-0.05,0.00,0.00,0.15,209,30
10563,0.0,0.4,0.5,0.003,0.008,-1.023,4.9,-4.0,0.0,0.0223,-0.0182,0.0000,746,830,900,817,0.00,0.01,2.61,0.15,0.3520,1,1,0,0.01,0.00,0.55,-0.05,0.00,0.00,0.16,209,30
10573,0.7,-0.5,0.9,0.009,0.032,-1.029,4.9,-4.0,0.0,0.0219,-0.0171,0.0000,747,832,898,814,0.00,0.01,2.61,0.15,0.3520,1,1,0,0.01,0.00,0.55,-0.05,0.00,0.00,0.16,209,30
10583,0.8,-0.7,-0.5,0.026,0.022,-1.010,4.9,-4.0,0.0,0.0217,-0.0169,0.0000,764,845,913,830,0.00,0.01,2.61,0.15,0.3599,1,1,0,0.01,0.00,0.55,-0.05,0.00,0.00,0.16,209,30
10593,0.3,-0.2,-0.1,0.010,0.006,-1.012,4.9,-4.0,0.0,0.0216,-0.0174,0.0000,765,845,911,831,0.00,0.01,2.61,0.15,0.3599,1,1,0,0.01,0.00,0.55,-0.05,0.00,0.00,0.16,209,30
10603,0.0,0.9,-0.1,0.014,0.004,-1.000,4.9,-4.0,0.0,0.0225,-0.0186,0.0000,761,846,915,830,0.00,0.01,2.61,0.15,0.3599,1,1,0,0.01,0.00,0.55,-0.05,0.00,0.00,0.15,209,30
10613,-1.3,0.0,0.5,0.017,0.001,-1.043,4.9,-4.0,0.0,0.0240,-0.0177,0.0000,759,850,917,827,0.00,0.01,2.61,0.15,0.3599,1,1,0,0.01,0.00,0.55,-0.05,0.00,0.00,0.15,209,30
10623,-0.9,-0.3,-0.3,0.015,0.005,-1.002,4.9,-4.0,0.0,0.0236,-0.0173,0.0000,761,852,915,823,0.00,0.01,2.61,0.15,0.3599,1,1,0,0.01,0.00,0.55,-0.05,0.00,0.00,0.15,209,30
10633,0.3,0.5,-1.0,0.007,-0.001,-0.998,4.9,-4.0,0.0,0.0223,-0.0182,0.0001,762,849,914,827,0.00,0.01,2.61,0.15,0.3599,1,1,0,0.01,0.00,0.55,-0.05,0.00,0.00,0.15,209,30
10643,0.7,0.8,1.2,-0.004,0.004,-1.002,4.9,-4.0,0.0,0.0222,-0.0181,-0.0001,762,848,914,829,0.00,0.01,2.61,0.15,0.3599,1,1,0,0.01,0.00,0.55,-0.05,0.00,0.00,0.15,209,30
10653,0.7,0.5,-0.5,0.000,0.005,-1.014,4.9,-4.0,0.0,0.0218,-0.0182,0.0000,761,846,916,830,0.00,0.01,2.61,0.15,0.3599,1,1,0,0.01,0.00,0.55,-0.05,0.00,0.00,0.15,209,30
10664,0.4,-0.4,0.1,0.017,0.015,-0.998,4.9,-4.0,0.0,0.0221,-0.0173,0.0000,763,846,912,830,0.00,0.01,2.61,0.15,0.3599,1,1,0,0.01,0.00,0.55,-0.05,0.00,0.00,0.16,208,30
10674,0.5,0.4,1.8,0.032,0.017,-0.967,4.9,-4.0,0.0,0.0220,-0.0182,-0.0001,762,845,913,831,0.00,0.01,2.61,0.15,0.3599,1,1,0,0.01,0.00,0.55,-0.05,0.00,0.00,0.16,208,30
10684,-0.3,-0.7,-1.3,0.044,0.004,-1.016,4.9,-4.0,0.0,0.0229,-0.0171,0.0001,761,845,915,830,0.00,0.01,2.61,0.15,0.3599,1,1,0,0.01,0.00,0.55,-0.05,0.00,0.00,0.16,208,30
10694,-0.8,-0.6,-0.6,0.008,-0.010,-1.022,4.9,-4.0,0.0,0.0235,-0.0170,0.0000,763,847,913,829,0.00,0.01,2.61,0.15,0.3599,1,1,0,0.01,0.00,0.55,-0.05,0.00,0.00,0.15,208,30
10704,-0.6,1.1,1.4,0.003,-0.004,-1.011,4.9,-4.0,0.0,0.0233,-0.0187,-0.0001,761,848,914,828,0.00,0.01,2.61,0.15,0.3599,1,1,0,0.01,0.00,0.55,-0.05,0.00,0.00,0.15,208,30
10714,-0.3,1.1,0.3,0.017,0.003,-1.000,4.9,-4.0,0.0,0.0231,-0.0189,0.0000,759,848,917,828,0.00,0.01,2.61,0.15,0.3599,1,1,0,0.01,0.00,0.55,-0.05,0.00,0.00,0.15,208,30
10724,0.2,-0.4,-0.8,0.023,0.011,-1.016,4.9,-4.0,0.0,0.0224,-0.0173,0.0000,765,851,918,831,0.00,0.01,2.61,0.15,0.3618,1,1,0,0.01,0.00,0.55,-0.05,0.00,0.00,0.15,208,30
10734,1.0,0.3,-1.2,0.004,-0.001,-1.015,4.9,-4.0,0.0,0.0216,-0.0180,0.0001,767,850,916,833,0.00,0.01,2.61,0.15,0.3618,1,1,0,0.01,0.00,0.55,-0.05,0.00,0.00,0.15,208,30
10744,0.9,0.9,0.9,0.017,-0.001,-0.970,4.9,-4.0,0.0,0.0217,-0.0187,0.0000,784,866,931,850,0.00,0.01,2.61,0.15,0.3703,1,1,0,0.01,0.00,0.55,-0.05,0.00,0.00,0.15,208,30
10754,0.1,0.2,0.0,0.037,0.014,-1.015,4.9,-4.0,0.0,0.0225,-0.0182,0.0000,780,865,935,850,0.00,0.01,2.61,0.15,0.3703,1,1,0,0.01,0.00,0.55,-0.05,0.00,0.00,0.15,208,30
10764,0.0,-0.8,-0.7,0.030,0.013,-1.011,4.9,-4.0,0.0,0.0228,-0.0168,0.0000,782,866,934,848,0.00,0.01,2.61,0.15,0.3703,1,1,0,0.01,0.00,0.55,-0.05,0.00,0.00,0.15,208,30
10774,0.1,-1.4,1.9,0.010,0.007,-0.992,4.9,-4.0,0.0,0.0226,-0.0163,-0.0001,784,870,930,846,0.00,0.01,2.61,0.15,0.3703,1,1,0,0.01,0.00,0.55,-0.05,0.00,0.00,0.15,208,30
10785,-0.4,0.8,0.2,0.003,-0.006,-0.971,4.9,-4.0,0.0,0.0233,-0.0184,0.0000,780,868,936,847,0.00,0.01,2.61,0.15,0.3703,1,1,0,0.01,0.00,0.55,-0.05,0.00,0.00,0.15,208,30
10795,-0.6,-0.6,-1.6,0.014,0.003,-1.039,4.9,-4.0,0.0,0.0235,-0.0172,0.0001,779,869,937,846,0.00,0.01,2.61,0.15,0.3703,1,1,0,0.01,0.00,0.55,-0.05,0.00,0.00,0.16,208,30
10805,-0.1,-0.5,0.2,0.018,0.015,-1.013,4.9,-4.0,0.0,0.0228,-0.0172,0.0000,781,869,934,846,0.00,0.01,2.61,0.15,0.3703,1,1,0,0.01,0.00,0.55,-0.05,0.00,0.00,0.15,208,30
10815,0.1,0.0,-0.5,0.014,0.008,-0.996,4.9,-4.0,0.0,0.0225,-0.0179,0.0001,782,866,934,849,0.00,0.01,2.61,0.15,0.3703,1,1,0,0.01,0.00,0.55,-0.05,0.00,0.00,0.15,208,30
10825,0.2,-0.4,-1.3,0.018,0.002,-1.010,4.9,-4.0,0.0,0.0225,-0.0175,0.0001,782,866,934,849,0.00,0.01,2.61,0.15,0.3703,1,1,0,0.01,0.00,0.55,-0.05,0.00,0.00,0.15,208,30
10835,-0.3,0.0,1.0,0.009,0.005,-1.021,4.9,-4.0,0.0,0.0232,-0.0179,0.0000,780,867,936,848,0.00,0.01,2.61,0.15,0.3703,1,1,0,0.01,0.00,0.55,-0.05,0.00,0.00,0.15,208,30
10845,-1.0,0.8,-0.5,0.020,0.013,-0.985,4.9,-4.0,0.0,0.0237,-0.0184,0.0000,782,870,938,849,0.00,0.01,2.61,0.15,0.3715,1,1,0,0.01,0.00,0.55,-0.05,0.00,0.00,0.15,208,30
10855,-0.2,-1.9,0.6,0.016,0.014,-1.032,4.9,-4.0,0.0,0.0230,-0.0158,0.0000,783,870,936,850,0.00,0.01,2.61,0.15,0.3715,1,1,0,0.01,0.00,0.55,-0.05,0.00,0.00,0.15,208,30
10865,0.4,-0.2,-0.2,-0.008,-0.006,-1.019,4.9,-4.0,0.0,0.0221,-0.0169,0.0000,787,870,933,849,0.00,0.01,2.61,0.15,0.3715,1,1,0,0.01,0.00,0.55,-0.05,0.00,0.00,0.15,208,30
10875,0.1,1.8,-0.5,0.003,-0.003,-0.994,4.9,-4.0,0.0,0.0226,-0.0197,0.0000,781,867,939,852,0.00,0.01,2.61,0.15,0.3715,1,1,0,0.01,0.00,0.55,-0.05,0.00,0.00,0.15,208,30
10885,0.1,0.4,1.2,0.028,0.014,-1.006,4.9,-4.0,0.0,0.0226,-0.0182,-0.0001,782,870,940,853,0.00,0.01,2.61,0.15,0.3721,1,1,0,0.01,0.00,0.55,-0.05,0.00,0.00,0.15,208,30
10895,0.5,-0.4,-0.1,0.015,0.024,-1.038,4.9,-4.0,0.0,0.0222,-0.0173,0.0000,786,870,936,852,0.00,0.01,2.61,0.15,0.3721,1,1,0,0.01,0.00,0.55,-0.05,0.00,0.00,0.15,208,30
10906,0.0,-0.2,0.9,0.014,-0.009,-0.986,4.9,-4.0,0.0,0.0226,-0.0173,0.0000,786,871,936,851,0.00,0.01,2.61,0.15,0.3721,1,1,0,0.01,0.00,0.55,-0.05,0.00,0.00,0.15,208,30
10916,-0.4,0.6,-0.7,0.007,-0.001,-1.003,4.9,-4.0,0.0,0.0232,-0.0185,0.0000,783,868,940,854,0.00,0.01,2.61,0.15,0.3721,1,1,0,0.01,0.00,0.55,-0.05,0.00,0.00,0.15,208,30
10926,-0.3,-0.5,-0.5,0.026,0.001,-1.018,4.9,-4.0,0.0,0.0231,-0.0172,0.0000,785,872,937,850,0.00,0.01,2.61,0.15,0.3721,1,1,0,0.01,0.00,0.55,-0.05,0.00,0.00,0.15,208,30
10936,0.0,-0.7,1.7,0.023,0.013,-1.003,4.9,-4.0,0.0,0.0228,-0.0171,-0.0001,786,873,936,850,0.00,0.01,2.61,0.15,0.3721,1,1,0,0.01,0.00,0.55,-0.05,0.00,0.00,0.15,208,30
10946,0.0,0.3,-1.2,0.013,-0.006,-1.008,4.9,-4.0,0.0,0.0229,-0.0182,0.0001,784,870,938,852,0.00,0.01,2.61,0.15,0.3721,1,1,0,0.01,0.00,0.55,-0.05,0.00,0.00,0.15,208,30
10956,0.1,0.5,-1.3,0.006,-0.008,-1.016,4.9,-4.0,0.0,0.0226,-0.0184,0.0001,784,868,939,854,0.00,0.01,2.61,0.15,0.3721,1,1,0,0.01,0.00,0.55,-0.05,0.00,0.00,0.15,208,30
10966,-0.1,0.5,1.1,0.024,0.008,-0.993,4.9,-4.0,0.0,0.0229,-0.0183,0.0000,786,872,940,855,0.00,0.01,2.61,0.15,0.3733,1,1,0,0.01,0.00,0.55,-0.05,0.00,0.00,0.15,208,30
10976,0.0,-0.2,0.1,0.026,0.025,-1.019,4.9,-4.0,0.0,0.0227,-0.0175,0.0000,786,872,941,855,0.00,0.01,2.61,0.15,0.3733,1,1,0,0.01,0.00,0.55,-0.05,0.00,0.00,0.15,208,30
10986,-0.2,-2.4,-0.1,0.025,0.013,-1.030,4.9,-4.0,0.0,0.0228,-0.0153,0.0000,807,893,952,866,0.00,0.01,2.61,0.15,0.3819,1,1,0,0.01,0.00,0.55,-0.05,0.00,0.00,0.15,208,30
10996,-1.1,0.4,-1.4,0.011,-0.014,-0.994,4.9,-4.0,0.0,0.0240,-0.0183,0.0001,802,890,957,869,0.00,0.01,2.61,0.15,0.3819,1,1,0,0.01,0.00,0.55,-0.05,0.00,0.00,0.15,208,30
11006,-1.1,1.0,1.3,0.007,-0.009,-1.013,4.9,-4.0,0.0,0.0239,-0.0189,-0.0001,797,889,962,871,0.00,0.01,2.61,0.15,0.3819,1,1,0,0.01,0.00,0.55,-0.05,0.00,0.00,0.15,208,30
11016,0.5,-1.2,0.0,0.016,0.030,-1.023,4.9,-4.0,0.0,0.0222,-0.0167,0.0000,805,890,954,869,0.00,0.01,2.61,0.15,0.3819,1,1,0,0.01,0.00,0.55,-0.05,0.00,0.00,0.15,208,30
11027,0.3,1.2,-2.2,0.018,0.003,-0.977,4.9,-4.0,0.0,0.0222,-0.0188,0.0002,804,886,956,872,0.00,0.01,2.61,0.15,0.3819,1,1,0,0.01,0.00,0.55,-0.05,0.00,0.00,0.15,208,30
11037,0.1,-0.1,0.9,0.012,0.008,-1.033,4.9,-4.0,0.0,0.0227,-0.0177,0.0000,801,887,957,872,0.00,0.01,2.61,0.15,0.3819,1,1,0,0.01,0.00,0.55,-0.05,0.00,0.00,0.15,208,30
11047,0.0,-1.0,0.4,0.030,0.019,-1.002,4.9,-4.0,0.0,0.0229,-0.0168,0.0000,804,891,955,868,0.00,0.01,2.61,0.15,0.3819,1,1,0,0.01,0.00,0.55,-0.05,0.00,0.00,0.15,208,30
11057,-0.2,-0.3,-0.6,0.021,0.005,-0.992,4.9,-4.0,0.0,0.0232,-0.0175,0.0000,802,890,957,868,0.00,0.01,2.61,0.15,0.3819,1,1,0,0.01,0.00,0.55,-0.05,0.00,0.00,0.15,208,30
11067,0.1,0.0,1.4,-0.003,-0.024,-1.020,4.9,-4.0,0.0,0.0227,-0.0178,-0.0001,816,903,970,884,0.00,0.01,2.61,0.15,0.3892,1,1,0,0.01,0.00,0.55,-0.05,0.00,0.00,0.15,208,30
11077,-0.6,2.1,-1.1,-0.001,-0.012,-1.009,4.9,-4.0,0.0,0.0235,-0.0199,0.0001,812,900,975,886,0.00,0.01,2.61,0.15,0.3892,1,1,0,0.01,0.00,0.55,-0.05,0.00,0.00,0.15,209,30
11087,0.9,-0.3,-0.2,0.036,0.036,-0.992,4.9,-4.0,0.0,0.0219,-0.0175,0.0000,815,900,971,887,0.00,0.01,2.61,0.15,0.3892,1,1,0,0.01,0.00,0.55,-0.05,0.00,0.00,0.15,209,30
11097,0.2,-2.2,0.6,0.027,0.017,-1.009,4.9,-4.0,0.0,0.0219,-0.0152,0.0000,824,906,963,881,0.00,0.01,2.61,0.15,0.3892,1,1,0,0.01,0.00,0.55,-0.05,0.00,0.00,0.15,209,30
11107,-0.8,0.2,-1.1,-0.004,-0.007,-1.005,4.9,-4.0,0.0,0.0235,-0.0181,0.0001,817,903,970,883,0.00,0.01,2.61,0.15,0.3892,1,1,0,0.01,0.00,0.55,-0.05,0.00,0.00,0.15,209,30
11117,-0.1,-0.4,0.9,0.016,0.026,-1.018,4.9,-4.0,0.0,0.0230,-0.0175,0.0000,815,904,971,882,0.00,0.01,2.61,0.15,0.3892,1,1,0,0.01,0.00,0.55,-0.05,0.00,0.00,0.15,209,30
11127,1.1,-0.2,-1.1,0.031,0.022,-0.989,4.9,-4.0,0.0,0.0217,-0.0173,0.0001,819,902,968,885,0.00,0.01,2.61,0.15,0.3892,1,1,0,0.01,0.00,0.55,-0.05,0.00,0.00,0.15,209,30
11138,1.1,0.6,0.6,0.000,0.010,-1.030,4.9,-4.0,0.0,0.0217,-0.0186,0.0000,816,900,970,887,0.00,0.01,2.61,0.15,0.3892,1,1,0,0.01,0.00,0.55,-0.05,0.00,0.00,0.15,209,30
11148,-0.5,-0.6,0.7,0.022,0.009,-1.020,4.9,-4.0,0.0,0.0235,-0.0173,0.0000,816,904,971,882,0.00,0.01,2.61,0.15,0.3892,1,1,0,0.01,0.00,0.55,-0.05,0.00,0.00,0.15,209,30
11158,-0.2,-1.3,-1.2,0.033,0.014,-0.987,4.9,-4.0,0.0,0.0233,-0.0166,0.0001,817,905,970,881,0.00,0.01,2.61,0.15,0.3892,1,1,0,0.01,0.00,0.55,-0.05,0.00,0.00,0.15,209,30
11168,-0.5,0.3,0.3,-0.010,-0.032,-1.026,4.9,-4.0,0.0,0.0235,-0.0177,0.0000,816,905,970,882,0.00,0.01,2.61,0.15,0.3892,1,1,0,0.01,0.00,0.55,-0.05,0.00,0.00,0.15,209,30
11178,-1.4,2.7,1.6,-0.001,-0.019,-1.003,4.9,-4.0,0.0,0.0244,-0.0207,-0.0001,809,900,977,887,0.00,0.01,2.61,0.15,0.3892,1,1,0,0.01,0.00,0.55,-0.05,0.00,0.00,0.15,209,30
11188,1.0,-0.7,-1.8,0.043,0.038,-1.008,4.9,-4.1,0.0,0.0223,-0.0179,0.0002,818,901,970,885,0.00,0.01,2.61,0.15,0.3892,1,1,0,0.01,0.00,0.55,-0.05,0.00,0.00,0.16,209,30
11198,0.6,-1.4,-0.1,0.022,0.016,-0.993,4.9,-4.0,0.0,0.0223,-0.0164,0.0000,822,904,964,883,0.00,0.01,2.61,0.15,0.3892,1,1,0,0.01,0.00,0.55,-0.05,0.00,0.00,0.15,209,30
11208,-0.4,-0.1,1.0,-0.004,0.000,-1.000,4.9,-4.0,0.0,0.0233,-0.0177,0.0000,817,905,972,885,0.00,0.01,2.61,0.15,0.3898,1,1,0,0.01,0.00,0.55,-0.05,0.00,0.00,0.15,209,30
11218,-0.2,-0.4,0.2,0.015,0.020,-1.024,4.9,-4.0,0.0,0.0233,-0.0173,0.0000,817,906,971,883,0.00,0.01,2.61,0.15,0.3898,1,1,0,0.01,0.00,0.55,-0.05,0.00,0.00,0.15,209,30
11228,1.0,-0.3,-1.9,0.023,0.027,-0.991,4.9,-4.1,0.0,0.0219,-0.0176,0.0002,818,902,972,886,0.00,0.01,2.61,0.15,0.3898,1,1,0,0.01,0.00,0.55,-0.05,0.00,0.00,0.15,209,30
11238,1.5,0.4,-0.5,0.007,0.000,-1.025,4.9,-4.0,0.0,0.0215,-0.0181,0.0000,820,901,970,888,0.00,0.01,2.61,0.15,0.3898,1,1,0,0.01,0.00,0.55,-0.05,0.00,0.00,0.15,209,30
11248,-0.7,1.0,1.9,0.023,0.000,-1.011,4.9,-4.0,0.0,0.0237,-0.0190,-0.0001,816,906,977,888,0.00,0.01,2.61,0.15,0.3910,1,1,0,0.01,0.00,0.55,-0.05,0.00,0.00,0.15,209,30
11259,0.0,-1.8,-0.2,0.021,0.025,-1.038,4.9,-4.0,0.0,0.0229,-0.0161,0.0000,822,909,972,884,0.00,0.01,2.61,0.15,0.3910,1,1,0,0.01,0.00,0.55,-0.05,0.00,0.00,0.15,209,30
11269,-0.7,-0.2,-0.3,-0.008,-0.024,-1.009,4.9,-4.0,0.0,0.0238,-0.0177,0.0000,820,909,974,884,0.00,0.01,2.61,0.15,0.3910,1,1,0,0.01,0.00,0.55,-0.05,0.00,0.00,0.15,209,30
11279,-1.4,1.7,1.3,-0.004,-0.028,-0.999,4.9,-4.0,0.0,0.0245,-0.0198,-0.0001,813,906,980,888,0.00,0.01,2.61,0.15,0.3910,1,1,0,0.01,0.00,0.55,-0.05,0.00,0.00,0.15,209,30
11289,0.1,0.0,-1.7,0.024,0.026,-1.026,4.9,-4.1,0.0,0.0228,-0.0180,0.0001,820,906,976,888,0.00,0.01,2.61,0.15,0.3917,1,1,0,0.01,0.00,0.55,-0.05,0.00,0.00,0.15,209,30
11299,0.9,-1.9,-1.1,0.031,0.018,-0.981,4.9,-4.0,0.0,0.0217,-0.0159,0.0001,827,909,969,887,0.00,0.01,2.61,0.15,0.3917,1,1,0,0.01,0.00,0.55,-0.05,0.00,0.00,0.15,209,30
11309,-0.6,-0.6,2.2,-0.010,-0.007,-1.034,4.9,-4.0,0.0,0.0236,-0.0174,-0.0002,822,909,973,888,0.00,0.01,2.61,0.15,0.3917,1,1,0,0.01,0.00,0.55,-0.05,0.00,0.00,0.15,209,30
11319,-1.4,0.6,-0.5,0.016,0.003,-0.981,4.9,-4.0,0.0,0.0244,-0.0184,0.0000,817,909,979,886,0.00,0.01,2.61,0.15,0.3917,1,1,0,0.01,0.00,0.55,-0.05,0.00,0.00,0.15,209,30
11329,1.4,-1.3,-0.5,0.023,0.036,-1.020,4.9,-4.1,0.0,0.0215,-0.0168,0.0000,825,906,971,889,0.00,0.01,2.61,0.15,0.3917,1,1,0,0.01,0.00,0.55,-0.05,0.00,0.00,0.15,209,30
11339,0.9,0.7,-0.1,0.007,-0.009,-0.990,4.9,-4.0,0.0,0.0220,-0.0188,0.0000,823,905,973,891,0.00,0.01,2.61,0.15,0.3917,1,1,0,0.01,0.00,0.55,-0.05,0.00,0.00,0.15,209,30
11349,-0.3,0.6,1.6,0.018,0.011,-1.012,4.9,-4.0,0.0,0.0236,-0.0190,-0.0001,816,906,979,890,0.00,0.01,2.61,0.15,0.3917,1,1,0,0.01,0.00,0.55,-0.05,0.00,0.00,0.15,209,30
11359,0.8,-1.7,0.5,0.028,0.032,-1.037,4.9,-4.0,0.0,0.0222,-0.0162,0.0000,823,909,972,887,0.00,0.01,2.61,0.15,0.3917,1,1,0,0.01,0.00,0.55,-0.05,0.00,0.00,0.15,209,30
11370,0.2,0.6,-1.3,-0.005,-0.015,-1.004,4.9,-4.0,0.0,0.0229,-0.0182,0.0001,825,912,980,893,0.00,0.01,2.61,0.15,0.3941,1,1,0,0.01,0.00,0.55,-0.05,0.00,0.00,0.15,209,30
11380,-0.1,0.9,0.2,-0.006,-0.018,-1.036,4.9,-4.0,0.0,0.0235,-0.0191,0.0000,822,911,983,894,0.00,0.01,2.61,0.15,0.3941,1,1,0,0.01,0.00,0.55,-0.05,0.00,0.00,0.15,209,30
11390,0.5,0.4,-0.1,0.032,0.033,-0.998,4.9,-4.0,0.0,0.0224,-0.0185,0.0000,837,925,996,907,0.00,0.01,2.61,0.15,0.4014,1,1,0,0.01,0.00,0.55,-0.05,0.00,0.00,0.15,209,30
11400,0.9,-1.8,0.3,0.024,0.024,-1.029,4.9,-4.0,0.0,0.0223,-0.0161,0.0000,844,928,989,905,0.00,0.01,2.61,0.15,0.4014,1,1,0,0.01,0.00,0.55,-0.05,0.00,0.00,0.16,209,30
11410,-0.9,0.6,-0.1,-0.007,-0.019,-1.014,4.9,-4.0,0.0,0.0239,-0.0183,0.0000,837,927,996,905,0.00,0.01,2.61,0.15,0.4014,1,1,0,0.01,0.00,0.55,-0.05,0.00,0.00,0.15,209,30
11420,-0.9,0.2,-0.3,0.017,0.003,-1.035,4.9,-4.0,0.0,0.0240,-0.0183,0.0000,834,927,999,905,0.00,0.01,2.61,0.15,0.4014,1,1,0,0.01,0.00,0.55,-0.05,0.00,0.00,0.15,209,30
11430,0.3,-1.0,-1.0,0.016,-0.003,-1.013,4.9,-4.0,0.0,0.0227,-0.0170,0.0001,842,929,991,903,0.00,0.01,2.61,0.15,0.4014,1,1,0,0.01,0.00,0.55,-0.05,0.00,0.00,0.15,209,30
11440,-0.1,1.7,0.7,-0.013,-0.028,-1.003,4.9,-4.0,0.0,0.0232,-0.0198,0.0000,835,923,998,909,0.00,0.01,2.61,0.15,0.4014,1,1,0,0.01,0.00,0.55,-0.05,0.00,0.00,0.15,209,30
11450,-0.5,0.1,0.0,0.038,0.014,-1.018,4.9,-4.0,0.0,0.0241,-0.0187,0.0000,834,926,998,907,0.00,0.01,2.61,0.15,0.4014,1,1,0,0.01,0.00,0.55,-0.05,0.00,0.00,0.15,209,30
11460,0.6,-1.3,0.1,0.024,0.025,-1.012,4.9,-4.0,0.0,0.0225,-0.0165,0.0000,843,928,990,905,0.00,0.01,2.61,0.15,0.4014,1,1,0,0.01,0.00,0.55,-0.05,0.00,0.00,0.15,209,30
11470,-0.6,0.3,-1.6,0.003,-0.031,-1.009,4.9,-4.0,0.0,0.0237,-0.0184,0.0001,841,929,997,908,0.00,0.01,2.61,0.15,0.4026,1,1,0,0.01,0.00,0.55,-0.05,0.00,0.00,0.15,209,30
11481,-0.6,1.2,0.9,0.023,0.007,-1.005,5.0,-4.0,0.0,0.0245,-0.0192,0.0000,836,929,1001,909,0.00,0.01,2.61,0.15,0.4026,1,1,0,0.01,0.00,0.55,-0.05,0.00,0.00,0.15,209,30
11491,1.0,-1.5,0.2,0.031,0.026,-1.027,4.9,-4.0,0.0,0.0222,-0.0167,0.0000,845,929,992,908,0.00,0.01,2.61,0.15,0.4026,1,1,0,0.01,0.00,0.55,-0.05,0.00,0.00,0.15,209,30
11501,-0.2,0.1,-0.9,-0.010,-0.021,-1.008,4.9,-4.0,0.0,0.0233,-0.0182,0.0001,842,929,996,908,0.00,0.01,2.61,0.15,0.4026,1,1,0,0.01,0.00,0.55,-0.05,0.00,0.00,0.15,209,30
11511,-1.2,0.3,1.3,0.015,0.001,-1.025,4.9,-4.0,0.0,0.0245,-0.0184,-0.0001,837,931,1000,907,0.00,0.01,2.61,0.15,0.4026,1,1,0,0.01,0.00,0.55,-0.05,0.00,0.00,0.15,209,30
11521,0.2,-0.6,-0.2,0.020,0.004,-1.002,4.9,-4.0,0.0,0.0229,-0.0173,0.0000,860,947,1012,925,0.00,0.01,2.61,0.15,0.4118,1,1,0,0.01,0.00,0.55,-0.05,0.00,0.00,0.15,209,30
11531,0.0,0.9,-1.5,-0.008,-0.029,-1.028,4.9,-4.0,0.0,0.0232,-0.0191,0.0001,858,944,1014,928,0.00,0.01,2.61,0.15,0.4118,1,1,0,0.01,0.00,0.55,-0.05,0.00,0.00,0.15,209,30
11541,-1.3,1.1,1.5,0.030,0.011,-1.003,4.9,-4.1,0.0,0.0250,-0.0199,-0.0001,851,946,1021,927,0.00,0.01,2.61,0.15,0.4118,1,1,0,0.01,0.00,0.55,-0.05,0.00,0.00,0.15,209,30
11551,1.3,-3.9,0.5,0.041,0.053,-1.028,4.9,-4.0,0.0,0.0221,-0.0142,0.0000,866,951,1006,921,0.00,0.01,2.61,0.15,0.4118,1,1,0,0.01,0.00,0.55,-0.05,0.00,0.00,0.15,209,30
11561,0.1,0.7,-1.0,-0.025,-0.032,-1.007,4.9,-4.0,0.0,0.0231,-0.0179,0.0001,860,947,1013,924,0.00,0.01,2.61,0.15,0.4118,1,1,0,0.01,0.00,0.55,-0.05,0.00,0.00,0.15,209,30
11571,-0.7,3.2,-0.2,0.017,-0.021,-1.026,4.9,-4.1,0.0,0.0243,-0.0219,0.0000,848,940,1024,931,0.00,0.01,2.61,0.15,0.4118,1,1,0,0.01,0.00,0.55,-0.05,0.00,0.00,0.15,209,30
11581,1.4,-2.0,0.8,0.034,0.049,-1.012,4.9,-4.0,0.0,0.0217,-0.0160,0.0000,862,946,1010,926,0.00,0.01,2.61,0.15,0.4118,1,1,0,0.01,0.00,0.55,-0.05,0.00,0.00,0.16,209,30
11592,-0.4,-1.0,0.9,0.001,-0.019,-1.021,4.9,-4.0,0.0,0.0235,-0.0169,0.0000,861,949,1010,923,0.00,0.01,2.61,0.15,0.4118,1,1,0,0.01,0.00,0.55,-0.05,0.00,0.00,0.16,209,30
11602,-0.6,2.1,-1.2,0.014,-0.002,-1.004,4.9,-4.1,0.0,0.0248,-0.0207,0.0001,850,943,1022,928,0.00,0.01,2.61,0.15,0.4118,1,1,0,0.01,0.00,0.55,-0.05,0.00,0.00,0.16,209,30
11612,1.8,-1.0,1.0,0.020,0.029,-1.017,4.9,-4.0,0.0,0.0212,-0.0170,0.0000,862,945,1009,928,0.00,0.01,2.61,0.15,0.4118,1,1,0,0.01,0.00,0.55,-0.05,0.00,0.00,0.16,209,30
11622,0.6,0.1,0.2,0.011,0.008,-1.005,4.9,-4.1,0.0,0.0225,-0.0183,0.0000,859,943,1013,929,0.00,0.01,2.61,0.15,0.4118,1,1,0,0.01,0.00,0.55,-0.05,0.00,0.00,0.16,209,30
11632,0.0,-1.0,0.1,0.033,0.038,-1.012,4.9,-4.0,0.0,0.0235,-0.0175,0.0000,858,947,1014,925,0.00,0.01,2.61,0.15,0.4118,1,1,0,0.01,0.00,0.55,-0.05,0.00,0.00,0.15,209,30
11642,1.4,-1.3,-0.2,-0.002,0.001,-1.004,4.9,-4.0,0.0,0.0217,-0.0168,0.0000,864,946,1008,926,0.00,0.01,2.61,0.15,0.4118,1,1,0,0.01,0.00,0.55,-0.05,0.00,0.00,0.15,209,30
11652,-1.1,3.7,-1.4,-0.014,-0.049,-1.000,4.9,-4.1,0.0,0.0241,-0.0218,0.0001,851,940,1022,932,0.00,0.01,2.61,0.15,0.4118,1,1,0,0.01,0.00,0.55,-0.05,0.00,0.00,0.15,209,30
11662,0.6,-0.4,0.1,0.055,0.065,-1.012,4.9,-4.1,0.0,0.0224,-0.0182,0.0000,858,943,1016,931,0.00,0.01,2.61,0.15,0.4124,1,1,0,0.01,0.00,0.55,-0.05,0.00,0.00,0.15,209,30
11672,0.2,-4.4,0.7,0.024,0.023,-0.985,4.9,-4.0,0.0,0.0229,-0.0136,0.0000,869,955,1005,919,0.00,0.01,2.61,0.15,0.4124,1,1,0,0.01,0.00,0.55,-0.05,0.00,0.00,0.16,209,30
11682,-1.9,1.8,-0.2,-0.013,-0.048,-1.022,4.9,-4.0,0.0,0.0244,-0.0194,0.0000,854,947,1020,927,0.00,0.01,2.61,0.15,0.4124,1,1,0,0.01,0.00,0.55,-0.05,0.00,0.00,0.16,209,30
11692,1.2,0.6,-0.3,0.024,0.031,-0.993,4.9,-4.1,0.0,0.0219,-0.0188,0.0000,859,943,1016,931,0.00,0.01,2.61,0.15,0.4124,1,1,0,0.01,0.00,0.55,-0.05,0.00,0.00,0.16,209,30
11702,0.8,-1.1,1.5,0.021,0.004,-1.024,4.9,-4.1,0.0,0.0222,-0.0169,-0.0001,879,962,1025,943,0.00,0.01,2.61,0.15,0.4203,1,1,0,0.01,0.00,0.55,-0.05,0.00,0.00,0.16,209,30
11713,-2.3,-0.1,0.2,0.002,-0.019,-0.986,4.9,-4.1,0.0,0.0257,-0.0179,0.0000,869,967,1035,937,0.00,0.01,2.61,0.15,0.4203,1,1,0,0.01,0.00,0.55,-0.05,0.00,0.00,0.16,209,30
11723,0.0,-1.0,-0.9,0.024,0.009,-1.032,4.9,-4.1,0.0,0.0231,-0.0171,0.0001,876,963,1029,940,0.00,0.01,2.61,0.15,0.4203,1,1,0,0.01,0.00,0.55,-0.05,0.00,0.00,0.16,209,30
11733,1.1,1.8,-0.5,-0.004,-0.009,-1.011,4.9,-4.1,0.0,0.0222,-0.0200,0.0000,872,956,1032,948,0.00,0.01,2.61,0.15,0.4203,1,1,0,0.01,0.00,0.55,-0.05,0.00,0.00,0.15,209,30
11743,-1.0,0.2,1.8,0.037,0.041,-1.007,4.9,-4.1,0.0,0.0245,-0.0188,-0.0001,870,963,1034,941,0.00,0.01,2.61,0.15,0.4203,1,1,0,0.01,0.00,0.55,-0.05,0.00,0.00,0.16,209,30
11753,1.7,-3.1,-1.0,0.028,0.039,-1.015,4.9,-4.0,0.0,0.0215,-0.0148,0.0001,883,965,1021,939,0.00,0.01,2.61,0.15,0.4203,1,1,0,0.01,0.00,0.55,-0.05,0.00,0.00,0.16,209,30
11763,-0.5,2.9,-0.4,-0.034,-0.056,-1.009,4.9,-4.0,0.0,0.0235,-0.0208,0.0000,870,958,1034,946,0.00,0.01,2.61,0.15,0.4203,1,1,0,0.01,0.00,0.55,-0.05,0.00,0.00,0.16,209,30
11773,0.0,1.8,1.4,0.042,0.033,-1.012,4.9,-4.1,0.0,0.0231,-0.0200,-0.0001,869,956,1035,948,0.00,0.01,2.61,0.15,0.4203,1,1,0,0.01,0.00,0.55,-0.05,0.00,0.00,0.15,209,30
11783,0.6,-3.6,-1.2,0.034,0.033,-0.993,4.9,-4.0,0.0,0.0227,-0.0144,0.0001,880,964,1025,940,0.00,0.01,2.61,0.15,0.4203,1,1,0,0.01,0.00,0.55,-0.05,0.00,0.00,0.15,209,30
11793,-2.1,1.1,1.4,-0.002,-0.041,-1.008,4.9,-4.0,0.0,0.0251,-0.0188,-0.0001,874,964,1029,940,0.00,0.01,2.61,0.15,0.4203,1,1,0,0.01,0.00,0.55,-0.05,0.00,0.00,0.16,209,30
11803,1.0,0.7,-1.1,0.026,0.024,-1.007,4.9,-4.1,0.0,0.0222,-0.0190,0.0001,870,958,1035,946,0.00,0.01,2.61,0.15,0.4203,1,1,0,0.01,0.00,0.55,-0.05,0.00,0.00,0.16,209,30
11814,0.4,-0.7,-0.7,0.015,0.003,-1.005,4.9,-4.0,0.0,0.0228,-0.0174,0.0000,878,962,1027,942,0.00,0.01,2.61,0.15,0.4203,1,1,0,0.01,0.00,0.55,-0.05,0.00,0.00,0.16,209,30
11824,-0.3,1.3,1.9,0.010,-0.004,-1.024,4.9,-4.1,0.0,0.0236,-0.0195,-0.0001,869,963,1034,942,0.00,0.01,2.61,0.15,0.4203,1,1,0,0.01,0.00,0.55,-0.05,0.00,0.00,0.16,209,30
11834,0.8,-0.3,-0.5,0.015,0.018,-0.993,4.9,-4.0,0.0,0.0227,-0.0178,0.0000,875,962,1030,942,0.00,0.01,2.61,0.15,0.4203,1,1,0,0.01,0.00,0.55,-0.05,0.00,0.00,0.16,209,30
11844,-0.2,0.3,-1.7,0.007,-0.009,-1.028,4.9,-4.0,0.0,0.0235,-0.0186,0.0001,889,974,1046,959,0.00,0.01,2.61,0.15,0.4283,1,1,0,0.01,0.00,0.55,-0.05,0.00,0.00,0.16,209,30
11854,0.5,-0.2,0.5,0.026,0.054,-1.020,4.9,-4.1,0.0,0.0227,-0.0179,0.0000,883,977,1051,958,0.00,0.01,2.61,0.15,0.4283,1,1,0,0.01,0.00,0.55,-0.05,0.00,0.00,0.16,209,30
11864,0.7,-2.3,0.4,-0.007,-0.012,-1.005,4.9,-4.0,0.0,0.0222,-0.0156,0.0000,899,979,1035,955,0.00,0.01,2.61,0.15,0.4283,1,1,0,0.01,0.00,0.55,-0.05,0.00,0.00,0.15,209,30
11874,-1.9,2.1,-0.5,-0.005,-0.049,-1.007,4.9,-4.0,0.0,0.0252,-0.0203,0.0000,886,975,1049,959,0.00,0.01,2.61,0.15,0.4283,1,1,0,0.01,0.00,0.55,-0.05,0.00,0.00,0.16,209,30
11884,0.8,-0.2,-0.7,0.031,0.042,-1.009,4.9,-4.1,0.0,0.0226,-0.0182,0.0000,884,974,1050,959,0.00,0.01,2.61,0.15,0.4283,1,1,0,0.01,0.00,0.55,-0.05,0.00,0.00,0.16,209,30
11894,0.1,-1.6,2.3,0.012,0.011,-1.033,4.9,-4.0,0.0,0.0231,-0.0165,-0.0002,893,977,1040,957,0.00,0.01,2.61,0.15,0.4283,1,1,0,0.01,0.00,0.55,-0.05,0.00,0.00,0.16,209,30
11904,0.5,0.8,-1.1,0.013,0.016,-1.000,4.9,-4.1,0.0,0.0235,-0.0193,0.0001,884,979,1050,955,0.00,0.01,2.61,0.15,0.4283,1,1,0,0.01,0.00,0.55,-0.05,0.00,0.00,0.16,209,30
11915,0.3,-1.1,-1.7,0.018,0.011,-1.000,4.9,-4.0,0.0,0.0229,-0.0170,0.0001,892,980,1043,954,0.00,0.01,2.61,0.15,0.4283,1,1,0,0.01,0.00,0.55,-0.05,0.00,0.00,0.16,209,30
11925,-1.8,0.9,2.9,0.005,-0.025,-1.029,4.9,-4.0,0.0,0.0241,-0.0189,-0.0002,891,976,1044,961,0.00,0.01,2.61,0.15,0.4289,1,1,0,0.01,0.00,0.55,-0.05,0.00,0.00,0.16,209,30
11935,0.3,-0.9,-1.3,0.020,0.030,-1.002,4.9,-4.0,0.0,0.0235,-0.0178,0.0001,888,978,1049,958,0.00,0.01,2.61,0.15,0.4289,1,1,0,0.01,0.00,0.55,-0.05,0.00,0.00,0.16,209,30
11945,-0.4,-0.2,-1.0,0.004,-0.020,-1.025,4.9,-4.0,0.0,0.0237,-0.0179,0.0001,893,979,1043,957,0.00,0.01,2.61,0.15,0.4289,1,1,0,0.01,0.00,0.55,-0.05,0.00,0.00,0.16,209,30
11955,0.1,1.8,1.5,0.022,0.017,-1.018,4.9,-4.0,0.0,0.0231,-0.0201,-0.0001,884,976,1052,961,0.00,0.01,2.61,0.15,0.4289,1,1,0,0.01,0.00,0.55,-0.05,0.00,0.00,0.16,209,30
11965,1.4,-2.7,-0.7,0.022,0.043,-0.986,4.9,-4.0,0.0,0.0222,-0.0154,0.0000,909,995,1055,969,0.00,0.01,2.61,0.15,0.4362,1,1,0,0.01,0.00,0.55,-0.05,0.00,0.00,0.16,209,30
11975,-1.0,0.8,-0.6,0.007,-0.040,-1.016,4.9,-4.0,0.0,0.0243,-0.0191,0.0000,908,992,1056,972,0.00,0.01,2.61,0.15,0.4362,1,1,0,0.01,0.00,0.55,-0.05,0.00,0.00,0.16,209,30
11985,0.5,1.5,0.0,0.024,0.028,-1.021,4.9,-4.0,0.0,0.0228,-0.0203,0.0000,898,987,1066,977,0.00,0.01,2.61,0.15,0.4362,1,1,0,0.01,0.00,0.55,-0.05,0.00,0.00,0.16,209,30
11995,-0.3,-0.8,-0.2,0.006,0.009,-1.020,4.9,-4.0,0.0,0.0237,-0.0174,0.0000,905,993,1059,971,0.00,0.01,2.61,0.15,0.4362,1,1,0,0.01,0.00,0.55,-0.05,0.00,0.00,0.16,209,30
12005,-0.2,-0.3,0.6,0.025,0.005,-1.016,4.9,-4.0,0.0,0.0236,-0.0179,0.0000,903,993,1061,971,0.00,0.01,2.61,0.15,0.4362,1,1,0,0.01,0.00,0.55,-0.05,0.00,0.00,0.16,209,30
12015,1.7,0.7,-0.9,0.000,0.000,-0.990,4.9,-4.0,0.0,0.0219,-0.0183,0.0001,907,992,1058,972,0.00,0.01,2.61,0.16,0.4362,1,1,0,0.01,0.00,0.55,-0.05,0.00,0.00,0.16,209,30
12025,-1.8,1.8,1.6,0.010,-0.010,-1.006,4.9,-4.0,0.0,0.0252,-0.0201,-0.0001,901,994,1069,978,0.00,0.01,2.61,0.16,0.4380,1,1,0,0.01,0.00,0.55,-0.05,0.00,0.00,0.16,209,30
12036,0.4,-2.3,-0.4,0.040,0.046,-1.017,4.9,-4.0,0.0,0.0228,-0.0158,0.0000,911,994,1061,976,0.00,0.01,2.61,0.16,0.4380,1,1,0,0.01,0.00,0.55,-0.05,0.00,0.00,0.16,209,30
12046,0.3,0.8,-1.7,-0.011,-0.020,-1.015,4.9,-4.0,0.0,0.0232,-0.0182,0.0002,909,997,1063,973,0.00,0.01,2.61,0.16,0.4380,1,1,0,0.01,0.00,0.55,-0.05,0.00,0.00,0.16,209,30
12056,0.0,1.0,0.9,0.031,0.020,-1.021,4.9,-4.1,0.0,0.0233,-0.0193,0.0000,900,992,1071,980,0.00,0.01,2.61,0.16,0.4380,1,1,0,0.01,0.00,0.55,-0.05,0.00,0.00,0.16,209,30
12066,1.6,-3.0,0.0,0.022,0.033,-1.017,4.9,-4.0,0.0,0.0217,-0.0152,0.0000,917,997,1054,974,0.00,0.01,2.61,0.16,0.4380,1,1,0,0.01,0.00,0.55,-0.05,0.00,0.00,0.15,209,30
12076,-0.6,3.0,-0.1,-0.022,-0.046,-1.005,4.9,-4.0,0.0,0.0242,-0.0205,0.0000,904,996,1068,975,0.00,0.01,2.61,0.16,0.4380,1,1,0,0.01,0.00,0.55,-0.05,0.00,0.00,0.16,209,30
12086,-0.2,-0.5,-0.8,0.040,0.013,-1.012,4.9,-4.1,0.0,0.0236,-0.0177,0.0001,918,1005,1084,996,0.00,0.01,2.61,0.16,0.4460,1,1,0,0.01,0.00,0.55,-0.05,0.00,0.00,0.16,209,30
12096,0.5,-2.2,0.5,0.022,0.034,-1.049,4.9,-4.0,0.0,0.0227,-0.0160,0.0000,926,1012,1074,989,0.00,0.01,2.61,0.16,0.4460,1,1,0,0.01,0.00,0.55,-0.05,0.00,0.00,0.16,209,30
12106,1.1,0.8,1.0,-0.010,-0.013,-1.007,4.9,-4.0,0.0,0.0222,-0.0191,0.0000,923,1012,1078,989,0.00,0.01,2.61,0.16,0.4460,1,1,0,0.01,0.00,0.55,-0.05,0.00,0.00,0.16,209,30
12116,-1.8,2.3,-1.3,0.002,-0.012,-1.007,4.9,-4.0,0.0,0.0250,-0.0209,0.0001,916,1007,1086,994,0.00,0.01,2.61,0.16,0.4460,1,1,0,0.01,0.00,0.55,-0.05,0.00,0.00,0.16,209,30
12126,-0.1,-2.1,-0.2,0.046,0.043,-1.018,4.9,-4.0,0.0,0.0234,-0.0167,0.0000,921,1010,1080,992,0.00,0.01,2.61,0.16,0.4460,1,1,0,0.01,0.00,0.55,-0.05,0.00,0.00,0.16,209,30
12137,2.0,-0.6,2.5,-0.005,-0.011,-0.997,4.9,-4.0,0.0,0.0213,-0.0176,-0.0002,930,1014,1071,987,0.00,0.01,2.61,0.16,0.4460,1,1,0,0.01,0.00,0.55,-0.05,0.00,0.00,0.16,209,30
12147,-1.2,3.3,-1.9,0.006,-0.011,-1.003,4.9,-4.0,0.0,0.0250,-0.0222,0.0002,911,1006,1091,994,0.00,0.01,2.61,0.16,0.4460,1,1,0,0.01,0.00,0.55,-0.05,0.00,0.00,0.16,209,30
12157,0.3,-4.1,0.3,0.043,0.045,-1.009,4.9,-4.0,0.0,0.0230,-0.0141,0.0000,928,1012,1072,989,0.00,0.01,2.61,0.16,0.4460,1,1,0,0.01,0.00,0.55,-0.05,0.00,0.00,0.16,209,30
12167,-0.7,2.5,0.2,-0.019,-0.061,-1.014,4.9,-4.0,0.0,0.0238,-0.0199,0.0000,924,1012,1077,989,0.00,0.01,2.61,0.16,0.4460,1,1,0,0.01,0.00,0.55,-0.05,0.00,0.00,0.16,209,30
12177,0.8,0.6,-1.5,0.026,0.056,-1.015,4.9,-4.1,0.0,0.0234,-0.0203,0.0001,913,1005,1088,995,0.00,0.01,2.61,0.16,0.4460,1,1,0,0.01,0.00,0.55,-0.05,0.00,0.00,0.16,208,30
12187,0.0,-4.4,1.5,0.026,0.030,-1.001,4.9,-4.0,0.0,0.0233,-0.0138,-0.0001,932,1016,1069,986,0.00,0.01,2.61,0.16,0.4460,1,1,0,0.01,0.00,0.55,-0.05,0.00,0.00,0.15,208,30
12197,-0.3,2.5,-1.5,-0.015,-0.061,-1.008,4.9,-4.0,0.0,0.0232,-0.0203,0.0001,924,1007,1078,994,0.00,0.01,2.61,0.16,0.4460,1,1,0,0.01,0.00,0.55,-0.05,0.00,0.00,0.16,208,30
12207,-0.1,1.1,1.3,0.011,0.018,-1.024,4.9,-4.0,0.0,0.0236,-0.0198,-0.0001,914,1008,1086,993,0.00,0.01,2.61,0.16,0.4460,1,1,0,0.01,0.00,0.55,-0.05,0.00,0.00,0.16,208,30
12217,0.9,-3.0,0.8,0.043,0.053,-0.999,4.9,-4.0,0.0,0.0224,-0.0153,0.0000,923,1015,1078,986,0.00,0.01,2.61,0.16,0.4460,1,1,0,0.01,0.00,0.55,-0.05,0.00,0.00,0.16,208,30
12227,0.0,0.3,0.0,-0.016,-0.048,-0.991,4.9,-4.0,0.0,0.0224,-0.0177,0.0000,929,1009,1072,992,0.00,0.01,2.61,0.16,0.4460,1,1,0,0.01,0.00,0.55,-0.05,0.00,0.00,0.16,208,30
12237,-1.2,2.8,0.2,0.022,0.010,-1.024,4.9,-4.0,0.0,0.0248,-0.0218,0.0000,911,1005,1090,996,0.00,0.01,2.61,0.16,0.4460,1,1,0,0.01,0.00,0.55,-0.05,0.00,0.00,0.16,208,30
12247,2.1,-4.1,-0.8,0.039,0.070,-1.010,4.9,-4.0,0.0,0.0212,-0.0142,0.0001,926,1016,1076,985,0.00,0.01,2.61,0.16,0.4460,1,1,0,0.01,0.00,0.55,-0.05,0.00,0.00,0.16,208,30
12258,-1.7,2.1,0.1,-0.019,-0.060,-1.001,4.9,-4.0,0.0,0.0244,-0.0193,0.0000,923,1011,1078,990,0.00,0.01,2.61,0.16,0.4460,1,1,0,0.01,0.00,0.55,-0.05,0.00,0.00,0.16,208,30
12268,0.4,-0.2,-0.7,0.046,0.048,-1.021,4.9,-4.0,0.0,0.0229,-0.0187,0.0001,916,1003,1085,997,0.00,0.01,2.61,0.16,0.4460,1,1,0,0.01,0.00,0.55,-0.05,0.00,0.00,0.16,208,30
12278,0.8,-2.7,0.0,0.005,0.012,-1.023,4.9,-4.0,0.0,0.0226,-0.0155,0.0000,931,1016,1070,985,0.00,0.01,2.61,0.16,0.4460,1,1,0,0.01,0.00,0.55,-0.05,0.00,0.00,0.16,208,30
12288,-0.9,3.7,1.1,-0.025,-0.042,-1.006,4.9,-4.0,0.0,0.0250,-0.0217,-0.0001,915,1010,1088,993,0.00,0.01,2.61,0.16,0.4466,1,1,0,0.01,0.00,0.55,-0.05,0.00,0.00,0.16,208,30
12298,-0.2,-1.4,-0.1,0.038,0.056,-1.019,4.9,-4.0,0.0,0.0236,-0.0169,0.0000,922,1008,1081,995,0.00,0.01,2.61,0.16,0.4466,1,1,0,0.01,0.00,0.55,-0.05,0.00,0.00,0.16,208,30
12308,1.6,-2.1,1.6,0.027,0.020,-0.995,4.9,-4.0,0.0,0.0218,-0.0157,-0.0001,943,1028,1085,1002,0.00,0.01,2.61,0.16,0.4533,1,1,0,0.01,0.00,0.55,-0.05,0.00,0.00,0.16,208,30
12318,-0.3,2.1,-0.9,-0.027,-0.059,-0.994,4.9,-4.0,0.0,0.0239,-0.0203,0.0001,933,1023,1096,1005,0.00,0.01,2.61,0.16,0.4533,1,1,0,0.01,0.00,0.55,-0.05,0.00,0.00,0.16,208,30
12328,-2.1,1.0,-0.6,0.033,0.041,-1.028,4.9,-4.0,0.0,0.0256,-0.0194,0.0000,926,1021,1103,1007,0.00,0.01,2.61,0.16,0.4533,1,1,0,0.01,0.00,0.55,-0.05,0.00,0.00,0.15,208,30
12338,2.3,-3.7,1.2,0.037,0.028,-0.999,4.9,-4.0,0.0,0.0205,-0.0145,-0.0001,946,1026,1082,1004,0.00,0.01,2.61,0.16,0.4533,1,1,0,0.01,0.00,0.55,-0.05,0.00,0.00,0.16,209,30
12348,-1.1,3.5,0.0,-0.017,-0.036,-1.020,4.9,-4.0,0.0,0.0246,-0.0220,0.0000,930,1024,1099,1004,0.00,0.01,2.61,0.16,0.4533,1,1,0,0.01,0.00,0.55,-0.05,0.00,0.00,0.16,209,30
12359,0.5,-2.0,-1.0,0.041,0.056,-1.009,4.9,-4.0,0.0,0.0234,-0.0170,0.0001,932,1024,1097,1004,0.00,0.01,2.61,0.16,0.4533,1,1,0,0.01,0.00,0.55,-0.05,0.00,0.00,0.16,209,30
12369,-1.1,-0.5,1.3,-0.008,-0.032,-1.009,4.9,-4.0,0.0,0.0235,-0.0165,-0.0001,943,1027,1085,1002,0.00,0.01,2.61,0.16,0.4533,1,1,0,0.01,0.00,0.55,-0.05,0.00,0.00,0.16,209,30
12379,0.3,2.9,-1.4,0.026,0.004,-1.019,4.9,-4.0,0.0,0.0231,-0.0214,0.0001,927,1015,1102,1013,0.00,0.01,2.61,0.16,0.4533,1,1,0,0.01,0.00,0.55,-0.05,0.00,0.00,0.16,209,30
12389,1.7,-3.2,2.3,0.020,0.065,-1.021,4.9,-4.0,0.0,0.0218,-0.0151,-0.0002,941,1030,1087,999,0.00,0.01,2.61,0.16,0.4533,1,1,0,0.01,0.00,0.55,-0.05,0.00,0.00,0.16,209,30
12399,0.1,1.2,-0.4,-0.012,-0.055,-0.987,4.9,-4.0,0.0,0.0232,-0.0187,0.0000,938,1024,1090,1004,0.00,0.01,2.61,0.16,0.4533,1,1,0,0.01,0.00,0.55,-0.05,0.00,0.00,0.16,209,30
12409,-1.9,1.3,-0.5,0.007,-0.005,-1.023,4.9,-4.0,0.0,0.0255,-0.0197,0.0000,933,1026,1105,1011,0.00,0.01,2.61,0.16,0.4557,1,1,0,0.01,0.00,0.55,-0.05,0.00,0.00,0.16,209,30
12419,1.8,-2.1,1.3,0.049,0.081,-1.006,4.9,-4.0,0.0,0.0217,-0.0162,-0.0001,941,1031,1096,1008,0.00,0.01,2.61,0.16,0.4557,1,1,0,0.01,0.00,0.55,-0.05,0.00,0.00,0.16,209,30
12429,0.5,0.5,-1.1,-0.019,-0.029,-0.978,4.9,-4.0,0.0,0.0223,-0.0178,0.0001,946,1029,1092,1008,0.00,0.01,2.61,0.16,0.4557,1,1,0,0.01,0.00,0.55,-0.05,0.00,0.00,0.16,209,30
12439,-1.9,2.3,2.3,0.012,-0.006,-1.010,4.9,-4.0,0.0,0.0255,-0.0207,-0.0002,929,1029,1108,1009,0.00,0.01,2.61,0.16,0.4557,1,1,0,0.01,0.00,0.55,-0.05,0.00,0.00,0.16,209,30
12449,0.5,-2.8,-1.9,0.045,0.036,-0.986,4.9,-4.0,0.0,0.0230,-0.0156,0.0002,945,1030,1094,1007,0.00,0.01,2.61,0.16,0.4557,1,1,0,0.01,0.00,0.55,-0.05,0.00,0.00,0.16,209,30
12459,-0.3,2.3,-0.6,0.004,-0.016,-1.012,4.9,-4.0,0.0,0.0237,-0.0205,0.0000,938,1025,1100,1012,0.00,0.01,2.61,0.16,0.4557,1,1,0,0.01,0.00,0.55,-0.05,0.00,0.00,0.16,209,30
12469,1.4,-0.9,1.0,0.031,0.029,-1.013,4.9,-4.0,0.0,0.0221,-0.0175,0.0000,941,1028,1097,1010,0.00,0.01,2.61,0.16,0.4557,1,1,0,0.01,0.00,0.55,-0.05,0.00,0.00,0.16,209,30
12479,-1.3,0.0,-0.9,-0.004,-0.014,-1.002,4.9,-4.0,0.0,0.0250,-0.0177,0.0001,940,1033,1098,1005,0.00,0.01,2.61,0.16,0.4557,1,1,0,0.01,0.00,0.55,-0.05,0.00,0.00,0.16,209,30
12490,0.0,1.0,-1.2,0.020,-0.007,-1.000,4.9,-4.0,0.0,0.0236,-0.0195,0.0001,952,1037,1114,1028,0.00,0.01,2.61,0.16,0.4630,1,1,0,0.01,0.00,0.55,-0.05,0.00,0.00,0.16,209,30
12500,0.3,-1.5,2.2,0.031,0.045,-1.033,4.9,-4.0,0.0,0.0232,-0.0172,-0.0002,955,1044,1110,1022,0.00,0.01,2.61,0.16,0.4630,1,1,0,0.01,0.00,0.55,-0.05,0.00,0.00,0.16,209,30
12510,1.8,0.4,-1.2,-0.001,-0.014,-0.996,4.9,-4.0,0.0,0.0217,-0.0185,0.0001,958,1041,1108,1024,0.00,0.01,2.61,0.16,0.4630,1,1,0,0.01,0.00,0.55,-0.05,0.00,0.00,0.16,209,30
12520,-2.5,1.9,2.0,-0.001,-0.009,-1.026,4.9,-4.0,0.0,0.0263,-0.0202,-0.0001,947,1044,1119,1022,0.00,0.01,2.61,0.16,0.4630,1,1,0,0.01,0.00,0.55,-0.05,0.00,0.00,0.16,209,30
12530,1.5,-2.7,-1.5,0.046,0.048,-1.001,4.9,-4.0,0.0,0.0222,-0.0158,0.0001,958,1045,1113,1025,0.00,0.01,2.61,0.16,0.4643,1,1,0,0.01,0.00,0.55,-0.05,0.00,0.00,0.16,209,30
12540,-1.0,-0.2,1.0,-0.007,-0.032,-1.012,4.9,-4.0,0.0,0.0246,-0.0182,0.0000,960,1046,1110,1024,0.00,0.01,2.61,0.16,0.4643,1,1,0,0.01,0.00,0.55,-0.05,0.00,0.00,0.16,209,30
12550,0.4,0.9,-0.4,0.018,0.019,-1.009,4.9,-4.0,0.0,0.0234,-0.0199,0.0000,951,1042,1119,1029,0.00,0.01,2.61,0.16,0.4643,1,1,0,0.01,0.00,0.55,-0.05,0.00,0.00,0.15,209,30
12560,0.6,-1.0,-1.1,0.016,0.020,-1.022,4.9,-4.0,0.0,0.0232,-0.0173,0.0001,957,1047,1113,1022,0.00,0.01,2.61,0.16,0.4643,1,1,0,0.01,0.00,0.55,-0.05,0.00,0.00,0.15,209,30
12570,0.7,0.1,1.5,0.014,0.002,-1.002,4.9,-4.0,0.0,0.0228,-0.0186,-0.0001,957,1045,1113,1026,0.00,0.01,2.61,0.16,0.4643,1,1,0,0.01,0.00,0.55,-0.05,0.00,0.00,0.15,210,30
12580,-1.1,-1.1,-1.2,0.000,-0.011,-1.011,4.9,-4.0,0.0,0.0244,-0.0175,0.0001,957,1045,1114,1024,0.00,0.01,2.61,0.16,0.4655,1,1,0,0.01,0.00,0.55,-0.05,0.00,0.00,0.16,210,30
12590,0.3,0.3,-0.5,0.029,0.011,-1.000,4.9,-4.0,0.0,0.0232,-0.0188,0.0000,957,1046,1118,1029,0.00,0.01,2.61,0.16,0.4655,1,1,0,0.01,0.00,0.55,-0.05,0.00,0.00,0.16,210,30
12601,0.0,0.6,3.1,0.002,0.013,-1.032,4.9,-4.0,0.0,0.0236,-0.0191,-0.0002,956,1044,1118,1031,0.00,0.01,2.61,0.16,0.4655,1,1,0,0.01,0.00,0.55,-0.05,0.00,0.00,0.16,210,30
12611,1.5,-1.8,-2.0,0.032,0.038,-0.976,4.9,-4.0,0.0,0.0230,-0.0164,0.0001,961,1052,1115,1023,0.00,0.01,2.61,0.16,0.4655,1,1,0,0.01,0.00,0.55,-0.05,0.00,0.00,0.16,210,30
12621,-1.3,1.4,0.2,-0.009,-0.046,-1.004,4.9,-4.0,0.0,0.0247,-0.0196,0.0000,960,1047,1115,1028,0.00,0.01,2.61,0.16,0.4655,1,1,0,0.01,0.00,0.55,-0.05,0.00,0.00,0.16,210,30
12631,-0.3,-0.3,0.8,0.029,0.049,-1.011,4.9,-4.0,0.0,0.0240,-0.0182,0.0000,950,1046,1124,1029,0.00,0.01,2.61,0.16,0.4655,1,1,0,0.01,0.00,0.55,-0.05,0.00,0.00,0.16,210,30
12641,1.1,-1.8,-0.5,0.028,0.015,-1.001,4.9,-4.0,0.0,0.0216,-0.0162,0.0001,968,1047,1107,1027,0.00,0.01,2.61,0.16,0.4655,1,1,0,0.01,0.00,0.55,-0.05,0.00,0.00,0.16,210,30
12651,-0.4,2.5,0.3,0.003,-0.020,-1.019,4.9,-4.0,0.0,0.0241,-0.0210,0.0000,952,1045,1123,1030,0.00,0.01,2.61,0.16,0.4655,1,1,0,0.01,0.00,0.55,-0.05,0.00,0.00,0.16,210,30
12661,-0.1,-0.6,-0.9,0.016,0.031,-1.007,4.9,-4.0,0.0,0.0238,-0.0179,0.0001,956,1048,1119,1026,0.00,0.01,2.61,0.16,0.4752,1,1,0,0.01,0.00,0.55,-0.05,0.00,0.00,0.16,210,30
12671,1.0,-0.8,1.3,0.021,0.016,-0.989,4.9,-4.0,0.0,0.0229,-0.0171,-0.0001,980,1069,1131,1043,0.00,0.01,2.61,0.16,0.4752,1,1,0,0.01,0.00,0.55,-0.05,0.00,0.00,0.16,210,30
12681,-0.6,0.8,-1.2,-0.002,-0.020,-1.016,4.9,-4.0,0.0,0.0243,-0.0193,0.0001,975,1061,1137,1050,0.00,0.01,2.61,0.16,0.4752,1,1,0,0.01,0.00,0.55,-0.05,0.00,0.00,0.16,210,30
12691,-0.3,-0.8,-1.4,0.026,0.027,-1.011,4.9,-4.0,0.0,0.0243,-0.0180,0.0001,974,1067,1138,1044,0.00,0.01,2.61,0.16,0.4752,1,1,0,0.01,0.00,0.55,-0.05,0.00,0.00,0.16,210,30
12701,1.1,1.0,2.0,0.009,0.001,-1.010,4.9,-4.0,0.0,0.0223,-0.0196,-0.0001,977,1061,1134,1051,0.00,0.01,2.61,0.16,0.4752,1,1,0,0.01,0.00,0.55,-0.05,0.00,0.00,0.16,210,30
12712,0.4,-1.5,-0.9,0.028,0.043,-1.001,4.9,-4.0,0.0,0.0232,-0.0170,0.0001,976,1069,1136,1042,0.00,0.01,2.61,0.16,0.4752,1,1,0,0.01,0.00,0.55,-0.05,0.00,0.00,0.16,210,30
12722,-0.3,1.9,1.0,-0.015,-0.042,-1.016,4.9,-4.0,0.0,0.0235,-0.0193,0.0000,979,1065,1133,1046,0.00,0.01,2.61,0.16,0.4752,1,1,0,0.01,0.00,0.55,-0.05,0.00,0.00,0.16,210,30
12732,-0.3,-0.7,-0.3,0.041,0.048,-0.975,4.9,-4.0,0.0,0.0244,-0.0186,0.0000,970,1065,1142,1047,0.00,0.01,2.61,0.16,0.4752,1,1,0,0.01,0.00,0.55,-0.05,0.00,0.00,0.16,210,30
12742,1.0,-2.6,0.6,0.019,0.010,-0.993,4.9,-4.0,0.0,0.0226,-0.0158,0.0000,985,1068,1126,1043,0.00,0.01,2.61,0.16,0.4752,1,1,0,0.01,0.00,0.55,-0.05,0.00,0.00,0.16,210,30
12752,-1.1,1.8,-0.5,0.014,-0.020,-0.987,4.9,-4.0,0.0,0.0246,-0.0206,0.0000,970,1063,1141,1049,0.00,0.01,2.61,0.16,0.4752,1,1,0,0.01,0.00,0.55,-0.05,0.00,0.00,0.15,210,30
12762,0.2,-1.0,-0.9,0.041,0.046,-1.014,4.9,-4.0,0.0,0.0235,-0.0175,0.0001,976,1066,1136,1045,0.00,0.01,2.61,0.16,0.4752,1,1,0,0.01,0.00,0.55,-0.05,0.00,0.00,0.15,210,30
12772,2.2,-0.7,1.0,0.019,0.008,-0.996,4.9,-4.0,0.0,0.0214,-0.0175,-0.0001,983,1066,1128,1046,0.00,0.01,2.61,0.16,0.4752,1,1,0,0.01,0.00,0.55,-0.05,0.00,0.00,0.15,210,30
12782,-2.6,2.0,-0.2,0.004,-0.027,-1.015,4.9,-4.0,0.0,0.0260,-0.0205,0.0000,971,1065,1141,1046,0.00,0.01,2.61,0.16,0.4752,1,1,0,0.01,0.00,0.55,-0.05,0.00,0.00,0.16,210,30
12792,2.4,-1.7,-0.5,0.033,0.040,-1.008,4.9,-4.0,0.0,0.0218,-0.0168,0.0000,979,1067,1133,1044,0.00,0.01,2.61,0.16,0.4752,1,1,0,0.01,0.00,0.55,-0.05,0.00,0.00,0.16,210,30
12802,-1.2,1.3,1.4,-0.003,-0.020,-1.024,4.9,-4.0,0.0,0.0244,-0.0193,-0.0001,978,1066,1136,1048,0.00,0.01,2.61,0.16,0.4758,1,1,0,0.01,0.00,0.55,-0.05,0.00,0.00,0.16,210,30
12812,0.9,-1.2,-1.1,0.017,0.030,-0.988,4.9,-4.0,0.0,0.0228,-0.0173,0.0001,979,1069,1135,1045,0.00,0.01,2.61,0.16,0.4758,1,1,0,0.01,0.00,0.55,-0.05,0.00,0.00,0.16,210,30
12823,-1.3,2.6,0.9,0.013,-0.033,-1.023,4.9,-4.0,0.0,0.0244,-0.0211,0.0000,991,1080,1157,1069,0.00,0.01,2.61,0.16,0.4850,1,1,0,0.01,0.00,0.55,-0.05,0.00,0.00,0.16,210,30
12833,2.1,-3.4,0.0,0.053,0.078,-1.005,4.9,-4.0,0.0,0.0218,-0.0157,0.0000,998,1085,1150,1064,0.00,0.01,2.61,0.16,0.4850,1,1,0,0.01,0.00,0.55,-0.05,0.00,0.00,0.16,210,30
12843,-0.3,1.1,-0.1,-0.006,-0.050,-1.030,4.9,-4.0,0.0,0.0240,-0.0197,0.0000,998,1083,1150,1066,0.00,0.01,2.61,0.16,0.4850,1,1,0,0.01,0.00,0.55,-0.05,0.00,0.00,0.16,210,30
12853,0.0,0.7,-0.8,0.030,0.027,-1.008,4.9,-4.0,0.0,0.0241,-0.0202,0.0001,988,1081,1161,1067,0.00,0.01,2.61,0.16,0.4850,1,1,0,0.01,0.00,0.55,-0.05,0.00,0.00,0.16,210,30
12863,1.3,-1.4,1.3,0.020,0.029,-1.052,4.9,-4.0,0.0,0.0223,-0.0171,-0.0001,999,1085,1149,1064,0.00,0.01,2.61,0.16,0.4850,1,1,0,0.01,0.00,0.55,-0.05,0.00,0.00,0.16,210,30
12873,-0.1,1.2,-1.3,-0.013,-0.031,-0.992,4.9,-4.0,0.0,0.0233,-0.0189,0.0001,998,1084,1151,1064,0.00,0.01,2.61,0.16,0.4850,1,1,0,0.01,0.00,0.55,-0.05,0.00,0.00,0.16,210,30
12883,-0.4,0.0,0.8,0.032,0.041,-1.030,4.9,-4.0,0.0,0.0242,-0.0185,0.0000,987,1087,1162,1061,0.00,0.01,2.61,0.16,0.4850,1,1,0,0.01,0.00,0.55,-0.05,0.00,0.00,0.16,210,30
12893,2.8,-1.9,-0.9,0.007,-0.004,-0.977,4.8,-4.0,0.0,0.0208,-0.0166,0.0001,1007,1082,1142,1066,0.00,0.01,2.61,0.16,0.4850,1,1,0,0.01,0.00,0.55,-0.05,0.00,0.00,0.16,210,30
12903,-2.1,0.4,0.6,0.003,0.009,-1.028,4.9,-4.0,0.0,0.0268,-0.0195,0.0000,985,1088,1163,1061,0.00,0.01,2.61,0.16,0.4850,1,1,0,0.01,0.00,0.55,-0.05,0.00,0.00,0.16,210,30
12913,0.9,-0.2,-1.3,0.007,-0.007,-1.005,4.9,-4.0,0.0,0.0225,-0.0179,0.0001,1000,1082,1150,1066,0.00,0.01,2.61,0.16,0.4850,1,1,0,0.01,0.00,0.55,-0.05,0.00,0.00,0.16,209,30
12924,-0.8,-1.5,0.7,0.039,0.042,-1.007,4.9,-4.0,0.0,0.0246,-0.0170,0.0000,991,1089,1159,1063,0.00,0.01,2.61,0.16,0.4856,1,1,0,0.01,0.00,0.55,-0.05,0.00,0.00,0.16,209,30
12934,0.3,0.0,0.2,-0.022,-0.035,-1.011,4.8,-4.0,0.0,0.0223,-0.0178,0.0000,1002,1084,1149,1067,0.00,0.01,2.61,0.16,0.4856,1,1,0,0.01,0.00,0.55,-0.05,0.00,0.00,0.16,209,30
12944,-1.3,1.2,-1.2,0.031,0.015,-1.030,4.9,-4.0,0.0,0.0250,-0.0198,0.0001,985,1082,1166,1069,0.00,0.01,2.61,0.16,0.4856,1,1,0,0.01,0.00,0.55,-0.05,0.00,0.00,0.16,209,30
12954,1.4,-2.3,2.1,0.020,0.020,-1.037,4.8,-4.0,0.0,0.0217,-0.0159,-0.0002,1005,1086,1145,1065,0.00,0.01,2.61,0.16,0.4856,1,1,0,0.01,0.00,0.55,-0.05,0.00,0.00,0.16,209,30
12964,-0.1,2.3,-2.3,0.008,-0.039,-0.987,4.8,-4.0,0.0,0.0238,-0.0208,0.0002,994,1082,1157,1068,0.00,0.01,2.61,0.16,0.4856,1,1,0,0.01,0.00,0.55,-0.05,0.00,0.00,0.15,209,30
12974,-0.7,0.3,1.3,0.023,0.044,-1.046,4.9,-4.0,0.0,0.0244,-0.0189,-0.0001,989,1086,1161,1066,0.00,0.01,2.61,0.16,0.4856,1,1,0,0.01,0.00,0.55,-0.05,0.00,0.00,0.15,209,30
12984,1.9,-1.9,-1.8,0.020,-0.005,-0.983,4.8,-3.9,0.0,0.0214,-0.0156,0.0002,1007,1086,1145,1063,0.00,0.01,2.61,0.16,0.4856,1,1,0,0.01,0.00,0.55,-0.05,0.00,0.00,0.15,209,30
12994,-2.5,2.5,1.3,-0.009,-0.009,-1.030,4.9,-4.0,0.0,0.0262,-0.0211,-0.0001,987,1085,1164,1066,0.00,0.01,2.61,0.16,0.4856,1,1,0,0.01,0.00,0.55,-0.05,0.00,0.00,0.16,209,30
13004,2.8,-2.6,-1.1,0.023,0.023,-0.973,4.8,-3.9,0.0,0.0208,-0.0159,0.0001,1004,1086,1148,1064,0.00,0.01,2.61,0.16,0.4856,1,1,0,0.01,0.00,0.55,-0.05,0.00,0.00,0.16,209,30
13014,-1.8,1.1,1.4,0.015,0.005,-1.046,4.8,-4.0,0.0,0.0257,-0.0202,-0.0001,988,1085,1162,1066,0.00,0.01,2.61,0.16,0.4856,1,1,0,0.01,0.00,0.55,-0.05,0.00,0.00,0.16,209,30
13024,0.9,-1.7,-1.1,-0.006,-0.007,-0.971,4.8,-3.9,0.0,0.0227,-0.0166,0.0001,1005,1090,1151,1065,0.00,0.01,2.61,0.16,0.4868,1,1,0,0.01,0.00,0.55,-0.05,0.00,0.00,0.16,209,30
13034,-1.6,2.1,1.1,0.027,0.014,-1.014,4.9,-4.0,0.0,0.0254,-0.0207,0.0000,986,1085,1169,1071,0.00,0.01,2.61,0.16,0.4868,1,1,0,0.01,0.00,0.55,-0.05,0.00,0.00,0.16,209,30
13045,1.6,-4.0,-0.7,0.002,0.026,-1.011,4.8,-3.9,0.0,0.0216,-0.0143,0.0000,1010,1091,1146,1064,0.00,0.01,2.61,0.16,0.4868,1,1,0,0.01,0.00,0.55,-0.05,0.00,0.00,0.16,209,30
13055,-1.6,2.4,0.2,0.004,-0.033,-1.000,4.8,-4.0,0.0,0.0254,-0.0212,0.0000,991,1085,1164,1070,0.00,0.01,2.61,0.16,0.4868,1,1,0,0.01,0.00,0.55,-0.05,0.00,0.00,0.16,209,30
13065,0.2,-0.7,0.9,0.021,0.046,-1.036,4.8,-4.0,0.0,0.0235,-0.0178,0.0000,997,1084,1159,1072,0.00,0.01,2.61,0.16,0.4868,1,1,0,0.01,0.00,0.55,-0.05,0.00,0.00,0.16,209,30
13075,1.7,-1.8,-2.7,0.029,-0.006,-0.987,4.8,-3.9,0.0,0.0217,-0.0163,0.0002,1006,1088,1150,1067,0.00,0.01,2.61,0.16,0.4868,1,1,0,0.01,0.00,0.55,-0.05,0.00,0.00,0.16,209,30
13085,-2.4,3.6,3.9,-0.015,-0.021,-1.049,4.8,-4.0,0.0,0.0262,-0.0223,-0.0003,989,1085,1168,1074,0.00,0.01,2.61,0.16,0.4874,1,1,0,0.01,0.00,0.55,-0.05,0.00,0.00,0.16,209,30
13095,3.0,-3.7,-3.0,0.049,0.054,-0.975,4.8,-3.9,0.0,0.0208,-0.0149,0.0003,1009,1090,1150,1066,0.00,0.01,2.61,0.16,0.4874,1,1,0,0.01,0.00,0.55,-0.05,0.00,0.00,0.16,209,30
13105,-1.7,2.3,3.3,-0.012,-0.035,-1.063,4.8,-4.0,0.0,0.0253,-0.0208,-0.0003,995,1088,1161,1071,0.00,0.01,2.61,0.16,0.4874,1,1,0,0.01,0.00,0.55,-0.05,0.00,0.00,0.16,209,30
13115,1.2,-1.8,-2.5,0.011,0.018,-0.966,4.8,-4.0,0.0,0.0225,-0.0167,0.0002,1003,1093,1156,1064,0.00,0.01,2.61,0.16,0.4874,1,1,0,0.01,0.00,0.55,-0.05,0.00,0.00,0.15,209,30
13125,-0.7,3.2,0.8,0.013,0.005,-1.044,4.8,-4.0,0.0,0.0245,-0.0216,0.0000,993,1085,1165,1073,0.00,0.01,2.61,0.16,0.4874,1,1,0,0.01,0.00,0.55,-0.05,0.00,0.00,0.15,209,30
13135,2.1,-4.7,-1.3,0.006,0.030,-0.984,4.8,-4.0,0.0,0.0217,-0.0138,0.0001,1011,1093,1148,1064,0.00,0.01,2.61,0.16,0.4874,1,1,0,0.01,0.00,0.55,-0.05,0.00,0.00,0.15,209,30
13145,-1.6,3.6,1.1,0.003,-0.025,-1.028,4.8,-4.0,0.0,0.0255,-0.0223,0.0000,988,1086,1169,1072,0.00,0.01,2.61,0.16,0.4874,1,1,0,0.01,0.00,0.55,-0.05,0.00,0.00,0.16,209,30
13156,0.9,-3.7,0.7,0.015,0.044,-0.977,4.8,-4.0,0.0,0.0229,-0.0153,0.0000,1005,1092,1153,1065,0.00,0.01,2.61,0.16,0.4874,1,1,0,0.01,0.00,0.55,-0.05,0.00,0.00,0.16,209,30
13166,-0.4,0.7,-2.3,0.010,-0.026,-0.989,4.8,-4.0,0.0,0.0243,-0.0194,0.0002,1000,1091,1163,1071,0.00,0.01,2.61,0.16,0.4887,1,1,0,0.01,0.00,0.55,-0.05,0.00,0.00,0.16,209,30
13176,-1.4,0.9,0.8,-0.003,-0.003,-1.043,4.8,-4.0,0.0,0.0248,-0.0207,0.0000,995,1087,1167,1075,0.00,0.01,2.61,0.16,0.4887,1,1,0,0.01,0.00,0.55,-0.05,0.00,0.00,0.16,209,30
13186,2.1,-3.4,-0.2,0.053,0.045,-0.990,4.8,-4.0,0.0,0.0217,-0.0153,0.0000,1009,1092,1153,1070,0.00,0.01,2.61,0.16,0.4887,1,1,0,0.01,0.00,0.55,-0.05,0.00,0.00,0.16,209,30
13196,-2.0,4.5,0.0,-0.016,-0.045,-1.032,4.8,-4.0,0.0,0.0259,-0.0233,0.0000,995,1085,1168,1077,0.00,0.01,2.61,0.16,0.4887,1,1,0,0.01,0.00,0.55,-0.05,0.00,0.00,0.16,209,30
13206,1.4,-2.3,-2.6,0.046,0.048,-0.990,4.8,-4.0,0.0,0.0230,-0.0170,0.0002,1004,1092,1159,1070,0.00,0.01,2.61,0.16,0.4887,1,1,0,0.01,0.00,0.55,-0.05,0.00,0.00,0.16,209,30
13216,-0.6,1.9,4.3,-0.004,-0.018,-1.055,4.8,-4.0,0.0,0.0242,-0.0204,-0.0004,1001,1089,1160,1075,0.00,0.01,2.61,0.16,0.4887,1,1,0,0.01,0.00,0.55,-0.05,0.00,0.00,0.15,209,30
13226,0.2,-1.5,-3.1,0.019,0.012,-0.958,4.8,-3.9,0.0,0.0235,-0.0169,0.0003,1005,1095,1158,1066,0.00,0.01,2.61,0.16,0.4887,1,1,0,0.01,0.00,0.55,-0.05,0.00,0.00,0.16,209,30
13236,-0.1,2.7,2.2,0.017,-0.006,-1.053,4.8,-4.0,0.0,0.0239,-0.0215,-0.0002,995,1087,1167,1076,0.00,0.01,2.61,0.16,0.4887,1,1,0,0.01,0.00,0.55,-0.05,0.00,0.00,0.16,209,30
13246,1.5,-3.6,-1.7,0.020,0.033,-0.987,4.8,-4.0,0.0,0.0223,-0.0150,0.0001,1012,1096,1155,1070,0.00,0.01,2.61,0.16,0.4899,1,1,0,0.01,0.00,0.55,-0.05,0.00,0.00,0.16,209,30
13256,-0.4,2.9,1.5,-0.001,-0.018,-1.011,4.8,-4.0,0.0,0.0244,-0.0208,-0.0001,1000,1093,1167,1074,0.00,0.01,2.61,0.16,0.4899,1,1,0,0.01,0.00,0.55,-0.05,0.00,0.00,0.16,209,30
13267,0.1,-1.9,-0.5,0.010,0.031,-1.009,4.8,-4.0,0.0,0.0238,-0.0169,0.0000,1004,1095,1163,1071,0.00,0.01,2.61,0.16,0.4899,1,1,0,0.01,0.00,0.55,-0.05,0.00,0.00,0.16,209,30
13277,1.8,-1.3,-1.1,0.012,0.022,-0.977,4.8,-4.0,0.0,0.0220,-0.0173,0.0001,1008,1095,1160,1072,0.00,0.01,2.61,0.16,0.4899,1,1,0,0.01,0.00,0.55,-0.05,0.00,0.00,0.16,209,30
13287,-2.3,1.1,1.8,-0.021,-0.024,-1.009,4.8,-4.0,0.0,0.0259,-0.0196,-0.0001,999,1094,1167,1073,0.00,0.01,2.61,0.16,0.4899,1,1,0,0.01,0.00,0.55,-0.05,0.00,0.00,0.16,209,30
13297,1.5,-3.2,-1.2,0.050,0.066,-1.007,4.8,-4.0,0.0,0.0226,-0.0156,0.0001,1007,1097,1160,1070,0.00,0.01,2.61,0.16,0.4899,1,1,0,0.01,0.00,0.55,-0.05,0.00,0.00,0.16,209,30
13307,-1.3,1.6,0.0,-0.013,-0.042,-1.010,4.8,-4.0,0.0,0.0252,-0.0203,0.0000,1003,1090,1163,1077,0.00,0.01,2.61,0.16,0.4899,1,1,0,0.01,0.00,0.55,-0.05,0.00,0.00,0.16,209,30
13317,0.3,-1.8,0.4,0.030,0.036,-0.995,4.8,-4.0,0.0,0.0244,-0.0177,0.0000,1002,1096,1165,1071,0.00,0.01,2.61,0.16,0.4899,1,1,0,0.01,0.00,0.55,-0.05,0.00,0.00,0.16,209,30
13327,-0.2,0.9,-0.1,0.014,-0.005,-1.044,4.8,-4.0,0.0,0.0235,-0.0195,0.0000,1004,1090,1164,1076,0.00,0.01,2.61,0.16,0.4899,1,1,0,0.01,0.00,0.55,-0.05,0.00,0.00,0.15,209,30
13337,-0.6,-1.4,-2.5,0.019,0.012,-0.979,4.8,-4.0,0.0,0.0245,-0.0173,0.0002,1006,1095,1162,1071,0.00,0.01,2.61,0.15,0.4899,1,1,0,0.01,0.00,0.55,-0.05,0.00,0.00,0.15,209,30
13347,-0.6,2.8,2.9,0.015,-0.017,-1.032,4.8,-4.0,0.0,0.0245,-0.0217,-0.0002,995,1089,1171,1079,0.00,0.01,2.61,0.15,0.4899,1,1,0,0.01,0.00,0.55,-0.05,0.00,0.00,0.16,209,30
13357,0.8,-2.2,-1.7,0.028,0.036,-1.015,4.8,-4.0,0.0,0.0230,-0.0166,0.0002,1008,1095,1160,1071,0.00,0.01,2.61,0.15,0.4899,1,1,0,0.01,0.00,0.55,-0.05,0.00,0.00,0.16,209,30
13367,0.7,1.1,0.7,0.012,-0.009,-1.011,4.8,-3.9,0.0,0.0232,-0.0199,0.0000,1004,1092,1162,1075,0.00,0.01,2.61,0.15,0.4899,1,1,0,0.01,0.00,0.55,-0.05,0.00,0.00,0.15,209,30
13377,-1.1,1.5,0.0,0.002,-0.002,-1.011,4.8,-4.0,0.0,0.0249,-0.0202,0.0000,1000,1092,1167,1075,0.00,0.01,2.61,0.15,0.4899,1,1,0,0.01,0.00,0.55,-0.05,0.00,0.00,0.16,209,30
13388,2.7,-2.4,0.7,0.040,0.050,-1.011,4.8,-3.9,0.0,0.0214,-0.0164,0.0000,1009,1095,1157,1073,0.00,0.01,2.61,0.15,0.4899,1,1,0,0.01,0.00,0.55,-0.05,0.00,0.00,0.16,209,30
13398,-1.9,1.8,-0.7,-0.018,-0.057,-1.017,4.8,-3.9,0.0,0.0258,-0.0206,0.0000,1001,1094,1166,1072,0.00,0.01,2.61,0.15,0.4899,1,1,0,0.01,0.00,0.55,-0.05,0.00,0.00,0.15,209,30
13408,2.1,-0.8,-0.8,0.035,0.067,-0.982,4.8,-4.0,0.0,0.0230,-0.0188,0.0000,1002,1092,1166,1075,0.00,0.01,2.61,0.15,0.4899,1,1,0,0.01,0.00,0.55,-0.05,0.00,0.00,0.15,209,30
13418,-0.1,0.0,1.2,0.001,-0.022,-1.026,4.8,-3.9,0.0,0.0241,-0.0187,-0.0001,1009,1094,1158,1073,0.00,0.01,2.61,0.15,0.4899,1,1,0,0.01,0.00,0.55,-0.05,0.00,0.00,0.15,209,30
13428,-0.1,-0.8,0.0,0.012,0.012,-0.979,4.8,-4.0,0.0,0.0243,-0.0179,0.0000,1002,1096,1165,1070,0.00,0.01,2.61,0.15,0.4899,1,1,0,0.01,0.00,0.55,-0.05,0.00,0.00,0.15,209,30
13438,0.0,0.0,-0.4,0.020,0.017,-1.007,4.8,-4.0,0.0,0.0244,-0.0188,0.0000,1001,1094,1166,1073,0.00,0.01,2.61,0.15,0.4899,1,1,0,0.01,0.00,0.55,-0.05,0.00,0.00,0.16,209,30
13448,-0.2,-2.7,0.4,0.004,0.009,-1.016,4.8,-4.0,0.0,0.0243,-0.0161,0.0000,1007,1098,1161,1068,0.00,0.01,2.61,0.15,0.4899,1,1,0,0.01,0.00,0.55,-0.05,0.00,0.00,0.16,209,30
13458,-0.7,1.4,-0.5,0.005,0.000,-1.007,4.8,-4.0,0.0,0.0247,-0.0202,0.0000,998,1092,1169,1075,0.00,0.01,2.61,0.15,0.4899,1,1,0,0.01,0.00,0.55,-0.05,0.00,0.00,0.16,209,30
13468,-0.2,-0.9,-0.1,0.009,0.008,-1.009,4.8,-4.0,0.0,0.0241,-0.0179,0.0000,1004,1093,1164,1074,0.00,0.01,2.61,0.15,0.4899,1,1,0,0.01,0.00,0.55,-0.05,0.00,0.00,0.16,209,30
13478,1.3,-1.4,-0.2,0.023,0.010,-1.005,4.8,-4.0,0.0,0.0226,-0.0173,0.0000,1004,1093,1162,1074,0.00,0.01,2.61,0.15,0.4899,1,1,0,0.01,0.00,0.55,-0.05,0.00,0.00,0.16,209,30
13488,-2.2,3.6,0.4,0.000,-0.033,-1.041,4.8,-4.0,0.0,0.0260,-0.0224,0.0000,995,1089,1173,1078,0.00,0.01,2.61,0.15,0.4899,1,1,0,0.01,0.00,0.55,-0.05,0.00,0.00,0.16,209,30
13498,2.2,-3.6,-0.3,0.053,0.069,-0.986,4.8,-4.0,0.0,0.0219,-0.0155,0.0000,1007,1094,1159,1073,0.00,0.01,2.61,0.15,0.4899,1,1,0,0.01,0.00,0.55,-0.05,0.00,0.00,0.16,209,30
13509,-1.8,2.6,0.3,0.002,-0.056,-1.045,4.8,-3.9,0.0,0.0258,-0.0214,0.0000,1002,1092,1165,1074,0.00,0.01,2.61,0.15,0.4899,1,1,0,0.01,0.00,0.55,-0.05,0.00,0.00,0.15,209,30
13519,1.2,0.0,-0.3,0.033,0.042,-0.980,4.9,-4.0,0.0,0.0227,-0.0188,0.0000,1000,1091,1167,1076,0.00,0.01,2.61,0.15,0.4899,1,1,0,0.01,0.00,0.55,-0.05,0.00,0.00,0.15,209,30
13529,0.0,0.2,0.2,0.022,0.004,-1.040,4.8,-3.9,0.0,0.0237,-0.0181,0.0000,1007,1096,1162,1073,0.00,0.01,2.61,0.15,0.4905,1,1,0,0.01,0.00,0.55,-0.05,0.00,0.00,0.15,209,30
13539,0.0,0.2,-1.2,0.005,-0.005,-0.999,4.8,-4.0,0.0,0.0239,-0.0191,0.0001,1004,1094,1166,1074,0.00,0.01,2.61,0.15,0.4905,1,1,0,0.01,0.00,0.55,-0.05,0.00,0.00,0.15,209,30
13549,0.6,0.5,0.2,0.029,0.017,-0.994,4.8,-4.0,0.0,0.0234,-0.0193,0.0000,1003,1094,1166,1075,0.00,0.01,2.61,0.15,0.4905,1,1,0,0.01,0.00,0.55,-0.05,0.00,0.00,0.15,209,30
13559,1.0,-1.4,2.3,0.003,0.007,-1.034,4.8,-4.0,0.0,0.0229,-0.0173,-0.0001,1008,1095,1161,1074,0.00,0.01,2.61,0.15,0.4905,1,1,0,0.01,0.00,0.55,-0.05,0.00,0.00,0.16,209,30
13569,0.4,-0.3,-2.8,0.018,0.013,-0.971,4.8,-4.0,0.0,0.0235,-0.0185,0.0003,1005,1095,1165,1073,0.00,0.01,2.61,0.15,0.4905,1,1,0,0.01,0.00,0.55,-0.05,0.00,0.00,0.16,209,30
13579,-0.9,1.8,3.9,-0.011,0.000,-1.045,4.8,-4.0,0.0,0.0249,-0.0206,-0.0002,999,1093,1170,1077,0.00,0.01,2.61,0.15,0.4905,1,1,0,0.01,0.00,0.55,-0.05,0.00,0.00,0.16,209,30
13589,2.2,-4.2,-2.8,0.028,0.050,-0.961,4.8,-4.0,0.0,0.0218,-0.0145,0.0003,1013,1099,1161,1074,0.00,0.01,2.61,0.15,0.4917,1,1,0,0.01,0.00,0.55,-0.05,0.00,0.00,0.16,209,30
13599,-2.8,4.1,1.0,-0.034,-0.048,-1.062,4.8,-4.0,0.0,0.0268,-0.0226,0.0000,998,1096,1176,1078,0.00,0.01,2.61,0.15,0.4917,1,1,0,0.01,0.00,0.55,-0.05,0.00,0.00,0.16,209,30
13609,1.5,-4.0,-3.2,0.044,0.065,-0.950,4.8,-4.0,0.0,0.0227,-0.0153,0.0003,1008,1098,1166,1075,0.00,0.01,2.61,0.15,0.4917,1,1,0,0.01,0.00,0.55,-0.05,0.00,0.00,0.15,209,30
13619,-1.1,2.4,1.5,-0.011,-0.027,-1.055,4.8,-3.9,0.0,0.0252,-0.0213,-0.0001,1006,1096,1168,1078,0.00,0.01,2.61,0.15,0.4917,1,1,0,0.01,0.00,0.55,-0.05,0.00,0.00,0.15,209,30
13630,0.0,-1.6,0.2,0.004,0.023,-0.971,4.8,-4.0,0.0,0.0242,-0.0182,0.0000,1005,1097,1169,1077,0.00,0.01,2.61,0.15,0.4917,1,1,0,0.01,0.00,0.55,-0.05,0.00,0.00,0.16,208,30
13640,1.1,0.4,-1.4,0.033,0.008,-1.000,4.8,-4.0,0.0,0.0229,-0.0193,0.0001,1007,1094,1168,1079,0.00,0.01,2.61,0.15,0.4917,1,1,0,0.01,0.00,0.55,-0.05,0.00,0.00,0.16,207,30
13650,-0.4,-1.0,0.5,0.003,-0.001,-1.017,4.8,-4.0,0.0,0.0240,-0.0181,0.0000,1007,1096,1166,1078,0.00,0.01,2.61,0.15,0.4917,1,1,0,0.01,0.00,0.55,-0.05,0.00,0.00,0.16,207,30
13660,0.4,0.5,0.7,0.024,0.011,-0.994,4.8,-4.0,0.0,0.0236,-0.0194,0.0000,1004,1096,1170,1078,0.00,0.01,2.61,0.15,0.4917,1,1,0,0.01,0.00,0.55,-0.05,0.00,0.00,0.16,207,30
13670,-1.0,0.4,0.8,0.009,0.002,-1.020,4.8,-4.0,0.0,0.0250,-0.0193,0.0000,1006,1095,1170,1081,0.00,0.01,2.61,0.15,0.4923,1,1,0,0.01,0.00,0.55,-0.05,0.00,0.00,0.16,207,30
13680,0.9,-1.9,-2.3,0.035,-0.002,-0.987,4.8,-3.9,0.0,0.0230,-0.0166,0.0002,1014,1100,1163,1075,0.00,0.01,2.61,0.15,0.4923,1,1,0,0.01,0.00,0.55,-0.05,0.00,0.00,0.16,208,30
13690,-1.8,4.1,3.4,-0.002,-0.008,-1.046,4.8,-4.0,0.0,0.0254,-0.0230,-0.0002,997,1093,1178,1084,0.00,0.01,2.61,0.15,0.4923,1,1,0,0.01,0.00,0.55,-0.05,0.00,0.00,0.16,208,30
13700,2.7,-5.0,-3.3,0.040,0.041,-0.946,4.8,-3.9,0.0,0.0213,-0.0137,0.0003,1021,1102,1156,1073,0.00,0.01,2.61,0.15,0.4935,1,1,0,0.01,0.00,0.55,-0.04,0.00,0.00,0.16,208,30
13710,-2.2,5.1,1.9,-0.007,-0.045,-1.055,4.8,-4.0,0.0,0.0257,-0.0234,-0.0002,999,1096,1181,1086,0.00,0.01,2.61,0.15,0.4935,1,1,0,0.01,0.00,0.55,-0.05,0.00,0.00,0.15,208,30
13720,1.8,-3.5,-1.3,0.033,0.058,-0.957,4.8,-3.9,0.0,0.0223,-0.0153,0.0001,1017,1104,1165,1076,0.00,0.01,2.61,0.15,0.4935,1,1,0,0.01,0.00,0.55,-0.05,0.00,0.00,0.15,208,30
13730,0.0,2.1,1.7,0.014,-0.013,-1.012,4.8,-3.9,0.0,0.0240,-0.0210,-0.0001,1006,1097,1174,1085,0.00,0.01,2.61,0.15,0.4935,1,1,0,0.01,0.00,0.55,-0.05,0.00,0.00,0.16,208,30
13741,-0.8,-1.9,-2.6,0.005,0.007,-1.010,4.8,-3.9,0.0,0.0253,-0.0168,0.0003,1011,1106,1171,1074,0.00,0.01,2.61,0.15,0.4935,1,1,0,0.01,0.00,0.55,-0.05,0.00,0.00,0.16,208,30
13751,1.6,0.8,0.6,0.032,0.015,-0.988,4.8,-3.9,0.0,0.0226,-0.0199,0.0000,1010,1096,1171,1085,0.00,0.01,2.61,0.15,0.4935,1,1,0,0.01,0.00,0.55,-0.05,0.00,0.00,0.16,208,30
13761,-1.3,-1.9,2.6,-0.006,0.007,-1.024,4.8,-3.9,0.0,0.0254,-0.0169,-0.0002,1011,1107,1169,1075,0.00,0.01,2.61,0.15,0.4935,1,1,0,0.01,0.00,0.55,-0.05,0.00,0.00,0.16,208,30
13771,1.3,0.7,-2.5,0.011,-0.008,-1.005,4.8,-3.9,0.0,0.0231,-0.0194,0.0002,1013,1100,1174,1084,0.00,0.01,2.61,0.15,0.4948,1,1,0,0.01,0.00,0.55,-0.05,0.00,0.00,0.16,208,30
13781,-1.1,-0.9,1.9,0.014,0.037,-1.026,4.8,-4.0,0.0,0.0253,-0.0181,-0.0001,1009,1106,1175,1080,0.00,0.01,2.61,0.15,0.4948,1,1,0,0.01,0.00,0.55,-0.05,0.00,0.00,0.16,208,30
13791,1.8,-1.1,-0.1,0.005,-0.018,-0.978,4.8,-3.9,0.0,0.0222,-0.0177,0.0000,1019,1104,1166,1081,0.00,0.01,2.61,0.15,0.4948,1,1,0,0.01,0.00,0.55,-0.05,0.00,0.00,0.16,208,30
13801,-2.9,2.2,-0.7,0.015,0.011,-1.034,4.8,-4.0,0.0,0.0272,-0.0215,0.0000,998,1101,1188,1084,0.00,0.01,2.61,0.15,0.4948,1,1,0,0.01,0.00,0.55,-0.05,0.00,0.00,0.16,208,30
13811,3.0,-3.9,-0.7,0.015,0.022,-0.983,4.8,-3.9,0.0,0.0211,-0.0149,0.0001,1026,1105,1160,1080,0.00,0.01,2.61,0.15,0.4948,1,1,0,0.01,0.00,0.55,-0.05,0.00,0.00,0.16,208,30
13821,-2.3,2.8,0.6,0.003,-0.008,-0.988,4.8,-4.0,0.0,0.0265,-0.0219,0.0000,1001,1100,1184,1086,0.00,0.01,2.61,0.15,0.4948,1,1,0,0.01,0.00,0.55,-0.05,0.00,0.00,0.16,208,30
13831,0.4,-2.2,0.0,0.021,0.009,-1.023,4.8,-3.9,0.0,0.0237,-0.0167,0.0000,1015,1105,1171,1080,0.00,0.01,2.61,0.15,0.4948,1,1,0,0.01,0.00,0.55,-0.05,0.00,0.00,0.16,208,30
13841,0.0,0.5,0.0,0.018,0.019,-0.994,4.8,-4.0,0.0,0.0242,-0.0194,0.0000,1011,1100,1176,1088,0.00,0.01,2.61,0.15,0.4954,1,1,0,0.01,0.00,0.55,-0.05,0.00,0.00,0.16,208,30
13851,-1.0,0.0,0.0,0.005,-0.001,-1.026,4.9,-3.9,0.0,0.0252,-0.0190,0.0000,1011,1107,1177,1081,0.00,0.01,2.61,0.15,0.4954,1,1,0,0.01,0.00,0.55,-0.05,0.00,0.00,0.16,208,30
13862,1.1,-0.2,1.2,0.031,0.010,-0.995,4.8,-4.0,0.0,0.0227,-0.0190,-0.0001,1014,1101,1173,1088,0.00,0.01,2.61,0.15,0.4954,1,1,0,0.01,0.00,0.55,-0.05,0.00,0.00,0.15,208,30
13872,-1.0,-0.7,-0.5,0.010,0.006,-1.029,4.9,-3.9,0.0,0.0252,-0.0181,0.0000,1011,1108,1177,1079,0.00,0.01,2.61,0.15,0.4954,1,1,0,0.01,0.00,0.55,-0.05,0.00,0.00,0.15,208,30
13882,0.7,1.5,-2.1,0.007,-0.019,-0.988,4.8,-4.0,0.0,0.0234,-0.0205,0.0002,1013,1098,1175,1089,0.00,0.01,2.61,0.15,0.4954,1,1,0,0.01,0.00,0.55,-0.05,0.00,0.00,0.16,208,30
13892,-0.3,-1.2,2.6,0.041,0.050,-1.027,4.8,-4.0,0.0,0.0248,-0.0179,-0.0002,1010,1107,1176,1081,0.00,0.01,2.61,0.15,0.4954,1,1,0,0.01,0.00,0.55,-0.05,0.00,0.00,0.16,208,30
13902,0.2,0.9,-2.2,-0.009,-0.046,-1.012,4.8,-3.9,0.0,0.0231,-0.0193,0.0002,1019,1103,1175,1089,0.00,0.01,2.61,0.15,0.4966,1,1,0,0.01,0.00,0.55,-0.05,0.00,0.00,0.16,208,30
13912,-0.6,0.4,0.1,0.035,0.037,-1.006,4.8,-4.0,0.0,0.0248,-0.0194,0.0000,1008,1105,1184,1087,0.00,0.01,2.62,0.15,0.4966,1,1,0,0.01,0.00,0.55,-0.05,0.00,0.00,0.16,208,30
13922,1.7,-0.5,1.3,0.013,-0.002,-1.036,4.8,-3.9,0.0,0.0223,-0.0181,-0.0001,1021,1105,1171,1088,0.00,0.01,2.61,0.15,0.4966,1,1,0,0.01,0.00,0.55,-0.05,0.00,0.00,0.16,208,30
13932,-1.5,0.7,-1.9,0.011,-0.007,-0.989,4.8,-4.0,0.0,0.0258,-0.0197,0.0002,1010,1106,1183,1085,0.00,0.01,2.61,0.15,0.4966,1,1,0,0.01,0.00,0.55,-0.05,0.00,0.00,0.16,208,30
13942,1.4,0.0,2.5,0.030,0.021,-1.033,4.8,-3.9,0.0,0.0229,-0.0186,-0.0002,1018,1107,1175,1089,0.00,0.01,2.62,0.15,0.4972,1,1,0,0.01,0.00,0.55,-0.05,0.00,0.00,0.16,208,30
13952,-0.3,-0.6,-1.6,0.015,-0.003,-0.991,4.8,-3.9,0.0,0.0242,-0.0182,0.0002,1018,1108,1177,1086,0.00,0.01,2.61,0.15,0.4972,1,1,0,0.01,0.00,0.55,-0.05,0.00,0.00,0.16,208,30
13962,0.4,1.4,1.5,0.017,0.007,-1.019,4.9,-3.9,0.0,0.0237,-0.0204,-0.0001,1012,1106,1182,1089,0.00,0.01,2.62,0.15,0.4972,1,1,0,0.01,0.00,0.55,-0.05,0.00,0.00,0.16,208,30
13973,0.2,-1.5,-0.9,0.019,0.011,-1.004,4.8,-4.0,0.0,0.0236,-0.0174,0.0001,1020,1108,1175,1086,0.00,0.01,2.61,0.15,0.4972,1,1,0,0.01,0.00,0.55,-0.05,0.00,0.00,0.16,208,30
13983,1.4,-0.2,-0.3,0.017,0.022,-0.994,4.8,-3.9,0.0,0.0228,-0.0187,0.0000,1018,1106,1177,1088,0.00,0.01,2.62,0.15,0.4972,1,1,0,0.01,0.00,0.55,-0.05,0.00,0.00,0.16,208,30
13993,-1.3,0.9,1.7,-0.004,-0.018,-1.022,4.8,-3.9,0.0,0.0256,-0.0199,-0.0001,1014,1108,1181,1087,0.00,0.01,2.62,0.15,0.4972,1,1,0,0.01,0.00,0.55,-0.05,0.00,0.00,0.16,208,30
14003,2.9,-2.4,-1.1,0.029,0.054,-0.975,4.8,-4.0,0.0,0.0215,-0.0166,0.0001,1021,1108,1174,1086,0.00,0.01,2.62,0.15,0.4972,1,1,0,0.01,0.00,0.55,-0.05,0.00,0.00,0.16,208,30
14013,-1.8,1.7,0.0,-0.003,-0.040,-1.033,4.8,-3.9,0.0,0.0261,-0.0207,0.0000,1012,1109,1182,1085,0.00,0.01,2.61,0.15,0.4972,1,1,0,0.01,0.00,0.55,-0.05,0.00,0.00,0.16,208,30
14023,1.3,-1.1,0.6,0.018,0.035,-0.994,4.8,-4.0,0.0,0.0238,-0.0186,0.0000,1015,1108,1180,1087,0.00,0.01,2.61,0.15,0.4972,1,1,0,0.01,0.00,0.55,-0.05,0.00,0.00,0.16,208,30
14033,0.1,-0.3,-1.4,0.002,0.003,-1.005,4.8,-3.9,0.0,0.0238,-0.0181,0.0001,1020,1108,1175,1086,0.00,0.01,2.61,0.15,0.4972,1,1,0,0.01,0.00,0.55,-0.05,0.00,0.00,0.16,208,30
14043,-0.5,0.0,1.8,-0.012,-0.011,-1.023,4.8,-3.9,0.0,0.0247,-0.0189,-0.0001,1013,1109,1181,1086,0.00,0.01,2.62,0.15,0.4972,1,1,0,0.01,0.00,0.55,-0.05,0.00,0.00,0.16,208,30
14053,1.7,-1.2,-0.2,0.031,0.047,-0.982,4.8,-3.9,0.0,0.0228,-0.0182,0.0000,1018,1106,1177,1089,0.00,0.01,2.61,0.15,0.4972,1,1,0,0.01,0.00,0.55,-0.05,0.00,0.00,0.16,208,30
14063,-1.1,-0.1,0.9,-0.024,-0.011,-1.048,4.8,-3.9,0.0,0.0254,-0.0188,0.0000,1015,1111,1180,1084,0.00,0.01,2.62,0.15,0.4972,1,1,0,0.01,0.00,0.55,-0.05,0.00,0.00,0.15,208,30
14073,0.8,-0.3,-2.6,0.013,0.011,-0.983,4.8,-4.0,0.0,0.0238,-0.0189,0.0002,1016,1106,1179,1088,0.00,0.01,2.62,0.15,0.4972,1,1,0,0.01,0.00,0.55,-0.05,0.00,0.00,0.15,208,30
14084,-1.3,-0.2,3.1,0.010,0.023,-1.043,4.8,-3.9,0.0,0.0256,-0.0187,-0.0002,1012,1112,1181,1084,0.00,0.01,2.62,0.15,0.4972,1,1,0,0.01,0.00,0.55,-0.05,0.00,0.00,0.15,208,30
14094,0.9,-2.2,-3.3,0.004,-0.014,-0.961,4.8,-3.9,0.0,0.0233,-0.0167,0.0003,1024,1108,1172,1085,0.00,0.01,2.61,0.15,0.4972,1,1,0,0.01,0.00,0.55,-0.05,0.00,0.00,0.15,208,30
14104,-2.0,2.3,1.6,0.016,0.017,-1.044,4.8,-4.0,0.0,0.0268,-0.0220,-0.0001,1005,1107,1189,1089,0.00,0.01,2.62,0.15,0.4972,1,1,0,0.01,0.00,0.55,-0.05,0.00,0.00,0.15,208,30
14114,1.5,-3.5,-1.6,0.008,0.009,-0.989,4.8,-3.9,0.0,0.0227,-0.0154,0.0001,1026,1110,1169,1084,0.00,0.01,2.61,0.15,0.4972,1,1,0,0.01,0.00,0.55,-0.04,0.00,0.00,0.15,208,30
14124,-2.1,2.6,1.1,0.010,-0.003,-1.010,4.8,-3.9,0.0,0.0264,-0.0216,0.0000,1006,1106,1188,1089,0.00,0.01,2.62,0.15,0.4972,1,1,0,0.01,0.00,0.55,-0.05,0.00,0.00,0.15,208,30
14134,1.2,-2.2,-1.0,0.012,0.028,-1.040,4.8,-3.9,0.0,0.0231,-0.0174,0.0001,1021,1108,1174,1086,0.00,0.01,2.61,0.15,0.4972,1,1,0,0.01,0.00,0.55,-0.05,0.00,0.00,0.15,208,30
14144,-0.1,0.0,-0.2,0.017,-0.011,-0.981,4.8,-3.9,0.0,0.0242,-0.0189,0.0000,1017,1107,1178,1088,0.00,0.01,2.62,0.15,0.4972,1,1,0,0.01,0.00,0.55,-0.04,0.00,0.00,0.15,208,30
14154,-0.9,0.4,1.9,0.017,0.013,-1.009,4.8,-3.9,0.0,0.0254,-0.0197,-0.0001,1010,1108,1184,1087,0.00,0.01,2.62,0.15,0.4972,1,1,0,0.01,0.00,0.55,-0.05,0.00,0.00,0.15,208,30
14164,0.7,-0.5,-2.0,0.037,0.003,-1.008,4.8,-3.9,0.0,0.0235,-0.0184,0.0002,1019,1106,1177,1087,0.00,0.01,2.61,0.15,0.4972,1,1,0,0.01,0.00,0.55,-0.04,0.00,0.00,0.15,208,30
14174,-0.6,0.6,0.1,0.025,0.015,-1.019,4.8,-4.0,0.0,0.0249,-0.0197,0.0000,1012,1107,1182,1088,0.00,0.01,2.62,0.15,0.4972,1,1,0,0.01,0.00,0.55,-0.04,0.00,0.00,0.15,208,30
14184,-0.4,1.0,-0.2,0.010,-0.024,-1.004,4.8,-3.9,0.0,0.0247,-0.0201,0.0000,1014,1106,1181,1088,0.00,0.01,2.62,0.15,0.4972,1,1,0,0.01,0.00,0.55,-0.04,0.00,0.00,0.15,208,30
14194,0.9,-0.9,1.6,0.048,0.042,-1.010,4.8,-4.0,0.0,0.0235,-0.0184,-0.0001,1016,1107,1178,1089,0.00,0.01,2.62,0.15,0.4972,1,1,0,0.01,0.00,0.55,-0.04,0.00,0.00,0.15,208,30
14205,-0.5,0.0,-2.1,-0.008,-0.037,-1.035,4.8,-3.9,0.0,0.0248,-0.0191,0.0002,1019,1108,1177,1085,0.00,0.01,2.62,0.15,0.4972,1,1,0,0.01,0.00,0.55,-0.05,0.00,0.00,0.15,208,30
14215,0.6,0.7,-1.4,0.040,0.037,-0.981,4.8,-4.0,0.0,0.0244,-0.0210,0.0000,1012,1104,1183,1091,0.00,0.01,2.62,0.15,0.4972,1,1,0,0.01,0.00,0.55,-0.05,0.00,0.00,0.15,208,30
14225,-0.1,-1.6,1.7,0.005,-0.010,-1.053,4.8,-3.9,0.0,0.0238,-0.0162,-0.0001,1021,1112,1173,1083,0.00,0.01,2.62,0.15,0.4972,1,1,0,0.01,0.00,0.55,-0.05,0.00,0.00,0.15,208,30
14235,-1.0,1.1,0.0,0.009,-0.007,-1.003,4.8,-4.0,0.0,0.0254,-0.0203,0.0000,1010,1106,1185,1088,0.00,0.01,2.62,0.15,0.4972,1,1,0,0.01,0.00,0.55,-0.05,0.00,0.00,0.15,208,30
14245,1.4,-0.8,-1.4,0.031,0.028,-1.001,4.8,-3.9,0.0,0.0228,-0.0176,0.0001,1026,1111,1179,1092,0.00,0.01,2.62,0.15,0.4996,1,1,0,0.01,0.00,0.55,-0.05,0.00,0.00,0.15,208,30
14255,0.0,0.9,4.2,-0.011,-0.023,-1.038,4.8,-4.0,0.0,0.0243,-0.0200,-0.0003,1018,1110,1184,1095,0.00,0.01,2.62,0.15,0.4996,1,1,0,0.01,0.00,0.55,-0.05,0.00,0.00,0.15,208,30
14265,0.7,-0.5,-2.3,0.038,0.034,-0.995,4.9,-4.0,0.0,0.0236,-0.0185,0.0002,1022,1111,1182,1092,0.00,0.01,2.62,0.15,0.4996,1,1,0,0.01,0.00,0.55,-0.04,0.00,0.00,0.15,208,30
14275,0.1,1.2,0.1,-0.004,-0.003,-1.036,4.8,-4.0,0.0,0.0235,-0.0200,0.0000,1020,1109,1184,1095,0.00,0.01,2.62,0.15,0.4996,1,1,0,0.01,0.00,0.55,-0.05,0.00,0.00,0.15,208,30
14285,0.9,-1.9,-0.2,0.030,0.016,-0.969,4.9,-4.0,0.0,0.0234,-0.0172,0.0000,1026,1115,1178,1089,0.00,0.01,2.62,0.15,0.4996,1,1,0,0.01,0.00,0.55,-0.04,0.00,0.00,0.15,208,30
14295,-1.2,2.7,2.5,-0.011,-0.018,-1.075,4.9,-4.0,0.0,0.0256,-0.0219,-0.0002,1012,1110,1191,1095,0.00,0.01,2.62,0.15,0.4996,1,1,0,0.01,0.00,0.55,-0.05,0.00,0.00,0.15,208,30
14305,2.0,-5.4,-5.3,0.030,0.031,-0.936,4.8,-3.9,0.0,0.0224,-0.0137,0.0005,1051,1134,1187,1101,0.00,0.01,2.62,0.15,0.5082,1,1,0,0.01,0.00,0.55,-0.04,0.00,0.00,0.15,208,30
14315,-0.8,5.2,3.9,-0.013,-0.022,-1.048,4.8,-4.0,0.0,0.0252,-0.0244,-0.0003,1026,1121,1209,1116,0.00,0.01,2.62,0.15,0.5082,1,1,0,0.01,0.00,0.55,-0.05,0.00,0.00,0.15,208,30
14326,1.5,-4.1,-1.6,0.021,0.044,-1.001,4.9,-4.0,0.0,0.0230,-0.0155,0.0002,1045,1132,1191,1104,0.00,0.01,2.62,0.15,0.5082,1,1,0,0.01,0.00,0.55,-0.05,0.00,0.00,0.15,208,30
14336,0.0,1.7,1.0,0.005,-0.017,-0.994,4.8,-4.0,0.0,0.0243,-0.0205,0.0000,1035,1126,1200,1110,0.00,0.01,2.62,0.15,0.5082,1,1,0,0.01,0.00,0.55,-0.05,0.00,0.00,0.15,208,30
14346,-0.2,-1.7,-0.5,0.022,0.026,-1.030,4.9,-4.0,0.0,0.0246,-0.0173,0.0000,1035,1132,1201,1104,0.00,0.01,2.62,0.15,0.5082,1,1,0,0.01,0.00,0.55,-0.05,0.00,0.00,0.15,208,30
14356,1.0,1.8,1.6,0.008,-0.019,-1.004,4.8,-4.0,0.0,0.0228,-0.0203,-0.0001,1036,1123,1199,1113,0.00,0.01,2.62,0.15,0.5082,1,1,0,0.01,0.00,0.55,-0.05,0.00,0.00,0.15,208,30
14366,-0.1,-2.3,-1.8,0.019,0.037,-0.989,4.9,-4.0,0.0,0.0246,-0.0168,0.0002,1053,1149,1214,1117,0.00,0.01,2.62,0.15,0.5161,1,1,0,0.01,0.00,0.55,-0.05,0.00,0.00,0.15,208,30
14376,0.0,2.9,1.1,0.002,-0.023,-1.072,4.8,-4.0,0.0,0.0239,-0.0220,0.0000,1046,1137,1220,1130,0.00,0.01,2.62,0.15,0.5161,1,1,0,0.01,0.00,0.55,-0.05,0.00,0.00,0.15,208,30
14386,1.1,-3.5,0.2,0.038,0.052,-0.945,4.9,-3.9,0.0,0.0234,-0.0155,0.0000,1059,1148,1207,1118,0.00,0.01,2.62,0.15,0.5161,1,1,0,0.01,0.00,0.55,-0.04,0.00,0.00,0.15,208,30
14396,-1.1,4.4,1.6,-0.005,-0.017,-1.085,4.9,-4.0,0.0,0.0256,-0.0236,-0.0001,1040,1137,1226,1130,0.00,0.01,2.62,0.15,0.5161,1,1,0,0.01,0.00,0.55,-0.05,0.00,0.00,0.15,208,30
14406,1.0,-3.4,-5.2,0.044,0.030,-0.947,4.8,-3.9,0.0,0.0230,-0.0156,0.0005,1061,1146,1207,1118,0.00,0.01,2.62,0.15,0.5161,1,1,0,0.01,0.00,0.55,-0.04,0.00,0.00,0.15,208,30
14416,-0.5,3.3,4.4,-0.014,-0.011,-1.055,4.9,-4.0,0.0,0.0249,-0.0225,-0.0004,1043,1138,1221,1129,0.00,0.01,2.62,0.15,0.5161,1,1,0,0.01,0.00,0.55,-0.05,0.00,0.00,0.15,208,30
14426,-0.2,-3.0,-2.0,0.038,0.003,-1.031,4.9,-4.0,0.0,0.0247,-0.0161,0.0002,1056,1148,1211,1116,0.00,0.01,2.62,0.15,0.5161,1,1,0,0.01,0.00,0.55,-0.05,0.00,0.00,0.15,208,30
14437,-0.4,2.8,-1.0,0.003,-0.013,-0.947,4.8,-4.0,0.0,0.0243,-0.0217,0.0000,1046,1138,1220,1128,0.00,0.01,2.62,0.15,0.5161,1,1,0,0.01,0.00,0.55,-0.05,0.00,0.00,0.15,208,30
14447,0.5,-3.2,2.2,0.034,0.028,-1.050,4.9,-4.0,0.0,0.0243,-0.0160,-0.0001,1057,1151,1213,1120,0.00,0.01,2.62,0.15,0.5173,1,1,0,0.01,0.00,0.55,-0.05,0.00,0.00,0.15,208,30
14457,-0.9,3.2,0.8,-0.004,-0.025,-0.999,4.8,-4.0,0.0,0.0254,-0.0224,0.0000,1046,1140,1224,1131,0.00,0.01,2.62,0.15,0.5173,1,1,0,0.01,0.00,0.55,-0.05,0.00,0.00,0.15,208,30
14467,2.1,-3.5,-1.4,0.016,0.030,-0.962,4.9,-3.9,0.0,0.0226,-0.0154,0.0001,1063,1150,1209,1119,0.00,0.01,2.62,0.15,0.5173,1,1,0,0.01,0.00,0.55,-0.05,0.00,0.00,0.15,208,30
14477,-1.5,2.6,1.0,0.018,0.010,-1.081,4.8,-4.0,0.0,0.0260,-0.0219,0.0000,1042,1140,1228,1131,0.00,0.01,2.62,0.15,0.5173,1,1,0,0.01,0.00,0.55,-0.05,0.00,0.00,0.15,208,30
14487,1.3,-2.5,-0.1,0.004,-0.026,-0.958,4.9,-3.9,0.0,0.0231,-0.0160,0.0000,1063,1151,1208,1119,0.00,0.01,2.62,0.15,0.5173,1,1,0,0.01,0.00,0.55,-0.04,0.00,0.00,0.15,208,30
14497,-0.4,1.3,-0.2,0.017,0.061,-0.982,4.9,-4.0,0.0,0.0249,-0.0206,0.0000,1044,1141,1227,1130,0.00,0.01,2.62,0.15,0.5173,1,1,0,0.01,0.00,0.55,-0.05,0.00,0.00,0.15,208,30
14507,-0.2,-0.1,-0.4,0.000,-0.050,-1.083,4.9,-3.9,0.0,0.0245,-0.0171,0.0001,1073,1165,1231,1137,0.00,0.01,2.62,0.15,0.5259,1,1,0,0.01,0.00,0.55,-0.05,0.00,0.00,0.15,208,30
14517,0.2,-1.2,-1.0,0.028,0.046,-0.928,4.9,-4.0,0.0,0.0242,-0.0193,0.0000,1067,1158,1236,1145,0.00,0.01,2.62,0.15,0.5259,1,1,0,0.01,0.00,0.55,-0.05,0.00,0.00,0.15,207,30
14527,1.2,1.5,3.3,0.002,-0.005,-1.082,4.9,-3.9,0.0,0.0232,-0.0207,-0.0003,1071,1159,1227,1140,0.00,0.01,2.62,0.15,0.5247,1,1,0,0.01,0.00,0.55,-0.05,0.00,0.00,0.15,207,30
14538,-2.1,-0.3,-2.9,0.027,0.019,-1.002,4.9,-4.0,0.0,0.0265,-0.0201,0.0003,1062,1161,1238,1136,0.00,0.01,2.62,0.15,0.5247,1,1,0,0.01,0.00,0.55,-0.05,0.00,0.00,0.15,207,30
14548,2.2,0.3,1.5,0.001,-0.008,-0.971,4.8,-4.0,0.0,0.0221,-0.0191,-0.0001,1075,1159,1227,1145,0.00,0.01,2.62,0.15,0.5259,1,1,0,0.01,0.00,0.55,-0.05,0.00,0.00,0.15,207,30
14558,-2.3,-1.8,-0.1,0.040,0.026,-1.064,4.9,-4.0,0.0,0.0269,-0.0174,0.0000,1063,1167,1240,1135,0.00,0.01,2.62,0.15,0.5259,1,1,0,0.01,0.00,0.55,-0.05,0.00,0.00,0.15,207,30
14568,0.5,2.7,0.0,-0.009,-0.029,-1.000,4.8,-4.0,0.0,0.0230,-0.0211,0.0000,1068,1155,1235,1148,0.00,0.01,2.62,0.15,0.5259,1,1,0,0.01,0.00,0.55,-0.05,0.00,0.00,0.15,207,30
14578,-0.1,-3.8,-1.2,0.023,0.045,-0.949,4.9,-4.0,0.0,0.0252,-0.0153,0.0001,1074,1170,1229,1132,0.00,0.01,2.62,0.15,0.5259,1,1,0,0.01,0.00,0.55,-0.04,0.00,0.00,0.15,207,30
14588,-0.2,4.5,0.9,0.003,-0.011,-1.107,4.9,-4.0,0.0,0.0248,-0.0238,0.0000,1059,1153,1244,1150,0.00,0.01,2.62,0.15,0.5259,1,1,0,0.01,0.00,0.55,-0.05,0.00,0.00,0.15,207,30
14598,1.4,-4.4,-0.7,0.014,0.013,-0.934,4.9,-3.9,0.0,0.0231,-0.0144,0.0001,1081,1169,1222,1134,0.00,0.01,2.62,0.15,0.5259,1,1,0,0.01,0.00,0.55,-0.04,0.00,0.00,0.15,207,30
14608,-0.4,2.8,0.2,-0.001,0.033,-0.995,4.9,-4.0,0.0,0.0249,-0.0221,0.0000,1060,1156,1242,1147,0.00,0.01,2.62,0.15,0.5259,1,1,0,0.01,0.00,0.55,-0.05,0.00,0.00,0.15,207,30
14618,0.6,-2.4,-0.6,0.026,-0.019,-1.107,4.9,-3.9,0.0,0.0239,-0.0159,0.0001,1077,1167,1226,1136,0.00,0.01,2.62,0.15,0.5259,1,1,0,0.01,0.00,0.55,-0.04,0.00,0.00,0.15,207,30
14628,-1.1,1.7,0.8,0.005,0.015,-0.924,4.9,-4.0,0.0,0.0256,-0.0212,0.0000,1062,1159,1240,1144,0.00,0.01,2.62,0.15,0.5259,1,1,0,0.01,0.00,0.55,-0.05,0.00,0.00,0.15,207,30
14638,1.8,-1.9,-0.1,0.016,0.002,-1.034,4.9,-4.0,0.0,0.0227,-0.0173,0.0000,1077,1163,1226,1140,0.00,0.01,2.62,0.15,0.5259,1,1,0,0.01,0.00,0.55,-0.04,0.00,0.00,0.15,207,30
14648,-2.6,0.2,-0.7,0.026,-0.008,-1.070,4.9,-4.0,0.0,0.0275,-0.0203,0.0001,1061,1165,1242,1138,0.00,0.01,2.62,0.15,0.5259,1,1,0,0.01,0.00,0.55,-0.05,0.00,0.00,0.15,207,30
14659,3.1,0.1,1.6,-0.002,0.020,-0.916,4.9,-4.0,0.0,0.0213,-0.0191,-0.0001,1076,1157,1226,1146,0.00,0.01,2.62,0.15,0.5259,1,1,0,0.01,0.00,0.55,-0.04,0.00,0.00,0.15,207,30
14669,-1.7,-1.4,-0.8,0.015,0.024,-1.066,4.9,-4.0,0.0,0.0264,-0.0178,0.0001,1066,1167,1237,1135,0.00,0.01,2.62,0.15,0.5259,1,1,0,0.01,0.00,0.55,-0.05,0.00,0.00,0.15,207,30
14679,0.1,0.8,-0.4,0.019,-0.028,-1.023,4.9,-4.0,0.0,0.0237,-0.0198,0.0000,1069,1159,1234,1144,0.00,0.01,2.62,0.15,0.5259,1,1,0,0.01,0.00,0.55,-0.05,0.00,0.00,0.15,207,30
14689,1.0,-1.9,0.4,0.014,0.042,-0.940,4.9,-4.0,0.0,0.0235,-0.0173,0.0000,1074,1168,1233,1140,0.00,0.01,2.62,0.15,0.5271,1,1,0,0.01,0.00,0.55,-0.04,0.00,0.00,0.15,207,30
14699,-0.5,1.1,0.1,0.020,-0.003,-1.067,4.9,-4.0,0.0,0.0248,-0.0206,0.0000,1068,1162,1240,1146,0.00,0.01,2.62,0.15,0.5271,1,1,0,0.01,0.00,0.55,-0.05,0.00,0.00,0.15,207,30
14709,1.0,-2.4,-0.8,0.023,-0.001,-1.001,4.9,-4.0,0.0,0.0235,-0.0168,0.0001,1078,1167,1230,1140,0.00,0.01,2.62,0.15,0.5271,1,1,0,0.01,0.00,0.55,-0.04,0.00,0.00,0.15,207,30
14719,-1.3,2.3,-0.6,0.015,0.000,-0.943,4.9,-4.0,0.0,0.0260,-0.0216,0.0000,1064,1160,1244,1147,0.00,0.01,2.62,0.15,0.5271,1,1,0,0.01,0.00,0.55,-0.05,0.00,0.00,0.15,207,30
14729,1.9,-3.1,1.9,0.028,0.026,-1.065,4.9,-4.0,0.0,0.0228,-0.0162,-0.0001,1079,1168,1230,1142,0.00,0.01,2.62,0.15,0.5277,1,1,0,0.01,0.00,0.55,-0.05,0.00,0.00,0.15,208,30
14739,-3.2,2.0,-0.7,0.014,-0.024,-1.019,4.9,-4.0,0.0,0.0279,-0.0213,0.0000,1062,1167,1248,1143,0.00,0.01,2.62,0.15,0.5277,1,1,0,0.01,0.00,0.55,-0.05,0.00,0.00,0.15,208,30
14749,3.6,-0.9,-2.4,0.010,0.028,-0.915,4.9,-4.0,0.0,0.0217,-0.0184,0.0001,1079,1161,1231,1149,0.00,0.01,2.62,0.15,0.5277,1,1,0,0.01,0.00,0.55,-0.05,0.00,0.00,0.15,208,30
14760,-3.1,-0.6,4.5,0.025,0.002,-1.141,4.9,-4.0,0.0,0.0278,-0.0186,-0.0004,1065,1173,1243,1139,0.00,0.01,2.62,0.15,0.5277,1,1,0,0.01,0.00,0.55,-0.05,0.00,0.00,0.15,208,30
14770,2.6,0.2,-3.1,0.006,-0.007,-0.913,4.8,-4.0,0.0,0.0209,-0.0190,0.0003,1082,1160,1234,1153,0.00,0.01,2.62,0.15,0.5289,1,1,0,0.01,0.00,0.55,-0.05,0.00,0.00,0.15,208,30
14780,-1.3,-0.3,-0.3,0.015,0.034,-1.022,4.9,-4.0,0.0,0.0262,-0.0190,0.0000,1071,1171,1243,1143,0.00,0.01,2.62,0.15,0.5289,1,1,0,0.01,0.00,0.55,-0.05,0.00,0.00,0.15,208,30
14790,0.2,1.1,0.9,0.023,-0.018,-1.073,4.9,-4.0,0.0,0.0244,-0.0204,0.0000,1073,1164,1241,1150,0.00,0.01,2.62,0.15,0.5289,1,1,0,0.01,0.00,0.55,-0.05,0.00,0.00,0.15,208,30
14800,0.4,-1.3,-1.3,0.011,0.026,-0.934,4.9,-4.0,0.0,0.0246,-0.0183,0.0000,1076,1169,1239,1145,0.00,0.01,2.62,0.15,0.5289,1,1,0,0.01,0.00,0.55,-0.04,0.00,0.00,0.15,208,30
14810,-1.0,0.1,-0.3,0.025,-0.016,-1.021,4.9,-4.0,0.0,0.0256,-0.0191,0.0000,1074,1170,1241,1144,0.00,0.01,2.62,0.15,0.5289,1,1,0,0.01,0.00,0.55,-0.05,0.00,0.00,0.15,208,30
14820,0.5,-1.3,0.1,0.034,0.022,-1.042,4.9,-4.0,0.0,0.0241,-0.0179,0.0000,1075,1169,1239,1146,0.00,0.01,2.62,0.15,0.5289,1,1,0,0.01,0.00,0.55,-0.04,0.00,0.00,0.15,208,30
14830,-1.5,1.8,2.5,-0.003,-0.020,-0.989,4.9,-4.0,0.0,0.0257,-0.0203,0.0000,1085,1182,1259,1162,0.00,0.01,2.62,0.15,0.5369,1,1,0,0.01,0.00,0.55,-0.04,0.00,0.00,0.15,208,30
14840,3.9,-3.3,-5.2,0.017,0.049,-0.951,4.9,-4.0,0.0,0.0207,-0.0160,0.0005,1100,1181,1245,1162,0.00,0.01,2.62,0.15,0.5369,1,1,0,0.01,0.00,0.55,-0.04,0.00,0.00,0.15,208,30
14850,-3.8,3.4,3.4,0.010,-0.027,-1.147,4.9,-4.0,0.0,0.0286,-0.0229,-0.0003,1074,1183,1269,1162,0.00,0.01,2.62,0.15,0.5369,1,1,0,0.01,0.00,0.55,-0.05,0.00,0.00,0.15,208,30
14860,4.0,-3.4,-0.5,0.016,0.029,-0.847,4.8,-3.9,0.0,0.0203,-0.0156,0.0000,1105,1181,1239,1163,0.00,0.01,2.62,0.15,0.5369,1,1,0,0.01,0.00,0.55,-0.04,0.00,0.00,0.15,208,30
14871,-2.4,1.6,0.6,0.016,0.021,-1.099,4.9,-4.0,0.0,0.0271,-0.0210,0.0000,1078,1185,1266,1160,0.00,0.01,2.62,0.15,0.5369,1,1,0,0.01,0.00,0.55,-0.05,0.00,0.00,0.15,208,30
14881,0.1,-2.5,-1.1,0.030,-0.035,-1.047,4.9,-3.9,0.0,0.0242,-0.0163,0.0002,1096,1187,1249,1157,0.00,0.01,2.62,0.15,0.5369,1,1,0,0.01,0.00,0.55,-0.05,0.00,0.00,0.15,208,30
14891,0.2,1.1,0.3,-0.010,0.038,-0.887,4.9,-4.0,0.0,0.0250,-0.0214,0.0000,1081,1179,1262,1166,0.00,0.01,2.62,0.15,0.5369,1,1,0,0.01,0.00,0.55,-0.04,0.00,0.00,0.15,208,30
14901,0.8,-0.1,1.5,0.010,-0.007,-1.103,4.9,-3.9,0.0,0.0238,-0.0191,-0.0001,1094,1183,1250,1162,0.00,0.01,2.62,0.15,0.5369,1,1,0,0.01,0.00,0.55,-0.05,0.00,0.00,0.15,208,30
14911,1.4,-3.0,-4.6,0.036,0.030,-0.968,4.9,-4.0,0.0,0.0237,-0.0177,0.0003,1094,1183,1251,1160,0.00,0.01,2.62,0.15,0.5369,1,1,0,0.01,0.00,0.55,-0.04,0.00,0.00,0.15,208,30
14921,-2.4,5.6,5.3,-0.009,-0.029,-1.048,4.9,-4.0,0.0,0.0271,-0.0250,-0.0005,1077,1179,1266,1167,0.00,0.01,2.62,0.15,0.5369,1,1,0,0.01,0.00,0.55,-0.05,0.00,0.00,0.15,208,30
14931,2.7,-6.0,-6.1,0.021,0.032,-0.890,4.8,-3.9,0.0,0.0219,-0.0132,0.0006,1107,1187,1240,1155,0.00,0.01,2.62,0.15,0.5369,1,1,0,0.01,0.00,0.55,-0.04,0.00,0.00,0.15,208,30
14941,-2.3,4.5,5.5,0.011,-0.007,-1.200,4.9,-4.0,0.0,0.0274,-0.0243,-0.0005,1072,1179,1270,1167,0.00,0.01,2.62,0.15,0.5369,1,1,0,0.01,0.00,0.55,-0.05,0.00,0.00,0.15,208,30
14951,0.5,-2.2,-2.5,0.012,-0.022,-0.882,4.8,-3.9,0.0,0.0242,-0.0171,0.0002,1102,1184,1244,1158,0.00,0.01,2.62,0.15,0.5369,1,1,0,0.01,0.00,0.55,-0.04,0.00,0.00,0.15,208,30
14961,1.5,1.6,1.9,0.004,0.062,-0.965,4.9,-4.0,0.0,0.0249,-0.0227,-0.0003,1083,1178,1263,1170,0.00,0.01,2.62,0.15,0.5375,1,1,0,0.01,0.00,0.55,-0.05,0.00,0.00,0.15,208,30
14971,-0.9,-0.9,1.3,0.032,-0.036,-1.159,4.8,-3.9,0.0,0.0252,-0.0177,0.0000,1096,1188,1251,1158,0.00,0.01,2.62,0.15,0.5375,1,1,0,0.01,0.00,0.55,-0.05,0.00,0.00,0.15,208,30
14982,2.0,-1.6,-5.0,0.015,0.021,-0.848,4.9,-4.0,0.0,0.0226,-0.0177,0.0005,1095,1180,1254,1165,0.00,0.01,2.62,0.15,0.5375,1,1,0,0.01,0.00,0.55,-0.05,0.00,0.00,0.15,208,30
14992,-2.7,4.5,5.8,0.007,-0.002,-1.079,4.8,-4.0,0.0,0.0265,-0.0223,-0.0005,1080,1182,1265,1166,0.00,0.01,2.62,0.15,0.5375,1,1,0,0.01,0.00,0.55,-0.05,0.00,0.00,0.15,208,30
15002,1.7,-6.7,-5.1,0.034,0.011,-0.995,4.9,-4.0,0.0,0.0231,-0.0127,0.0005,1105,1191,1244,1153,0.00,0.01,2.62,0.15,0.5375,1,1,0,0.01,0.00,0.55,-0.05,0.00,0.00,0.15,209,30
15012,-2.2,5.3,1.3,0.014,0.015,-1.027,4.9,-4.0,0.0,0.0272,-0.0252,-0.0001,1072,1177,1274,1171,0.00,0.01,2.62,0.15,0.5375,1,1,0,0.01,0.00,0.55,-0.05,0.00,0.00,0.15,210,30
15022,1.6,-3.1,-0.4,-0.005,-0.006,-0.910,4.9,-3.9,0.0,0.0229,-0.0154,0.0001,1104,1189,1243,1157,0.00,0.01,2.62,0.15,0.5375,1,1,0,0.01,0.00,0.55,-0.05,0.00,0.00,0.15,210,30
15032,0.7,-0.3,0.0,0.030,0.075,-1.105,4.9,-4.0,0.0,0.0240,-0.0191,0.0000,1083,1180,1263,1167,0.00,0.01,2.62,0.15,0.5375,1,1,0,0.01,0.00,0.55,-0.05,0.00,0.00,0.15,210,30
15042,-1.6,2.3,1.6,0.006,-0.059,-1.067,4.9,-3.9,0.0,0.0253,-0.0198,0.0000,1094,1187,1257,1164,0.00,0.01,2.62,0.15,0.5387,1,1,0,0.01,0.00,0.55,-0.05,0.00,0.00,0.15,210,30
15052,2.7,-3.5,-2.8,0.002,0.065,-0.852,4.9,-4.0,0.0,0.0222,-0.0164,0.0002,1100,1185,1253,1166,0.00,0.01,2.62,0.15,0.5387,1,1,0,0.01,0.00,0.55,-0.05,0.00,0.00,0.15,210,30
15062,-3.4,4.2,3.8,0.020,-0.030,-1.155,4.9,-4.0,0.0,0.0282,-0.0237,-0.0003,1097,1203,1283,1180,0.00,0.01,2.62,0.15,0.5466,1,1,0,0.01,0.00,0.55,-0.05,0.00,0.00,0.15,210,30
15072,2.6,-7.0,-1.6,0.029,0.006,-0.974,4.9,-4.0,0.0,0.0226,-0.0138,0.0002,1122,1207,1260,1174,0.00,0.01,2.62,0.15,0.5466,1,1,0,0.01,0.00,0.55,-0.05,0.00,0.00,0.15,210,30
15082,-2.1,6.2,-1.5,0.001,0.026,-0.953,4.9,-4.0,0.0,0.0269,-0.0257,0.0001,1090,1193,1291,1188,0.00,0.01,2.62,0.15,0.5466,1,1,0,0.01,0.00,0.55,-0.05,0.00,0.00,0.15,210,30
15093,2.9,-3.8,2.2,0.007,0.007,-1.028,4.9,-3.9,0.0,0.0215,-0.0136,-0.0001,1125,1207,1256,1174,0.00,0.01,2.62,0.15,0.5466,1,1,0,0.01,0.00,0.55,-0.05,0.00,0.00,0.15,210,30
15103,-1.5,0.2,-1.5,0.041,0.020,-1.074,4.9,-4.0,0.0,0.0270,-0.0218,0.0000,1099,1200,1283,1181,0.00,0.01,2.62,0.15,0.5466,1,1,0,0.01,0.00,0.55,-0.05,0.00,0.00,0.15,210,30
15113,-0.6,3.2,2.1,-0.017,-0.017,-0.950,4.9,-3.9,0.0,0.0248,-0.0213,-0.0001,1107,1199,1274,1183,0.00,0.01,2.62,0.15,0.5466,1,1,0,0.01,0.00,0.55,-0.05,0.00,0.00,0.15,210,30
15123,1.3,-4.0,-3.6,0.022,0.037,-0.951,4.9,-4.0,0.0,0.0234,-0.0153,0.0003,1116,1205,1267,1175,0.00,0.01,2.62,0.15,0.5466,1,1,0,0.01,0.00,0.55,-0.05,0.00,0.00,0.15,210,30
15133,-2.0,2.7,3.4,0.029,0.010,-1.180,4.9,-4.0,0.0,0.0269,-0.0220,-0.0002,1098,1201,1283,1182,0.00,0.01,2.62,0.15,0.5466,1,1,0,0.01,0.00,0.55,-0.05,0.00,0.00,0.15,210,30
15143,1.5,-3.0,-2.4,-0.003,-0.004,-0.877,4.9,-4.0,0.0,0.0232,-0.0164,0.0002,1117,1202,1266,1178,0.00,0.01,2.62,0.15,0.5466,1,1,0,0.01,0.00,0.55,-0.05,0.00,0.00,0.15,210,30
15153,-0.6,3.2,1.0,0.013,0.014,-0.979,4.9,-4.0,0.0,0.0263,-0.0227,-0.0001,1098,1198,1283,1184,0.00,0.01,2.62,0.15,0.5466,1,1,0,0.01,0.00,0.55,-0.05,0.00,0.00,0.15,209,30
15163,0.1,-2.1,-0.2,0.007,0.009,-1.058,4.9,-3.9,0.0,0.0247,-0.0173,0.0000,1114,1205,1268,1176,0.00,0.01,2.62,0.15,0.5466,1,1,0,0.01,0.00,0.55,-0.05,0.00,0.00,0.15,209,30
15173,0.7,-1.1,1.0,0.032,-0.004,-1.061,4.9,-4.0,0.0,0.0253,-0.0202,0.0000,1104,1200,1277,1181,0.00,0.01,2.62,0.15,0.5466,1,1,0,0.01,0.00,0.55,-0.05,0.00,0.00,0.15,209,30
15183,-1.7,3.6,-0.5,-0.001,0.010,-0.909,4.9,-4.0,0.0,0.0261,-0.0227,0.0000,1104,1198,1280,1185,0.00,0.01,2.62,0.15,0.5472,1,1,0,0.01,0.00,0.55,-0.05,0.00,0.00,0.15,209,30
15193,2.7,-3.9,0.2,0.000,0.026,-1.004,4.9,-4.0,0.0,0.0221,-0.0155,0.0000,1120,1206,1264,1178,0.00,0.01,2.62,0.15,0.5472,1,1,0,0.01,0.00,0.55,-0.05,0.00,0.00,0.15,209,30
15204,-2.4,0.8,-0.3,0.061,-0.007,-1.157,4.9,-4.0,0.0,0.0275,-0.0207,0.0000,1099,1203,1285,1180,0.00,0.01,2.62,0.15,0.5472,1,1,0,0.01,0.00,0.55,-0.05,0.00,0.00,0.15,209,30
15214,2.1,-0.4,0.2,-0.032,0.025,-0.851,4.9,-3.9,0.0,0.0227,-0.0190,0.0000,1114,1199,1270,1184,0.00,0.01,2.62,0.15,0.5472,1,1,0,0.01,0.00,0.55,-0.05,0.00,0.00,0.15,209,30
15224,-1.1,0.8,0.0,0.025,0.004,-1.037,4.9,-4.0,0.0,0.0260,-0.0203,0.0000,1104,1203,1279,1180,0.00,0.01,2.62,0.15,0.5472,1,1,0,0.01,0.00,0.55,-0.05,0.00,0.00,0.15,209,30
15234,-0.1,-2.5,-1.0,0.036,0.004,-1.086,4.9,-3.9,0.0,0.0250,-0.0168,0.0001,1113,1207,1271,1176,0.00,0.01,2.62,0.15,0.5472,1,1,0,0.01,0.00,0.55,-0.05,0.00,0.00,0.15,209,30
15244,-0.2,1.2,0.4,0.013,-0.009,-0.959,4.9,-4.0,0.0,0.0251,-0.0208,0.0000,1103,1199,1280,1185,0.00,0.01,2.62,0.15,0.5472,1,1,0,0.01,0.00,0.55,-0.05,0.00,0.00,0.15,209,30
15254,0.0,2.0,2.0,0.002,0.006,-0.969,4.9,-3.9,0.0,0.0251,-0.0199,0.0000,1107,1202,1277,1182,0.00,0.01,2.62,0.15,0.5472,1,1,0,0.01,0.00,0.55,-0.05,0.00,0.00,0.15,209,30
15264,2.0,-3.7,-3.0,0.010,0.042,-1.000,4.9,-4.0,0.0,0.0227,-0.0158,0.0003,1119,1203,1266,1179,0.00,0.01,2.62,0.15,0.5472,1,1,0,0.01,0.00,0.55,-0.05,0.00,0.00,0.15,209,30
15274,-0.9,1.7,4.1,0.043,-0.031,-1.161,4.9,-4.0,0.0,0.0259,-0.0212,-0.0003,1101,1201,1281,1184,0.00,0.01,2.62,0.15,0.5472,1,1,0,0.01,0.00,0.55,-0.05,0.00,0.00,0.15,209,30
15284,-1.0,0.0,-3.1,-0.005,0.011,-0.858,4.9,-3.9,0.0,0.0245,-0.0188,0.0004,1114,1205,1278,1184,0.00,0.01,2.62,0.15,0.5491,1,1,0,0.01,0.00,0.55,-0.05,0.00,0.00,0.15,209,30
15294,1.3,-0.2,0.5,0.000,0.019,-1.033,4.9,-4.0,0.0,0.0240,-0.0191,0.0000,1112,1206,1278,1184,0.00,0.01,2.62,0.15,0.5491,1,1,0,0.01,0.00,0.55,-0.05,0.00,0.00,0.15,209,30
15304,-1.5,-1.5,1.3,0.050,-0.007,-1.165,4.9,-3.9,0.0,0.0264,-0.0179,-0.0001,1111,1211,1279,1180,0.00,0.01,2.62,0.15,0.5491,1,1,0,0.01,0.00,0.55,-0.05,0.00,0.00,0.15,209,30
15315,1.4,0.0,-0.5,-0.009,0.020,-0.865,4.9,-4.0,0.0,0.0234,-0.0197,0.0000,1113,1201,1278,1189,0.00,0.01,2.62,0.15,0.5491,1,1,0,0.01,0.00,0.55,-0.05,0.00,0.00,0.15,209,30
15325,-1.3,3.0,-1.5,0.006,-0.001,-1.003,4.9,-3.9,0.0,0.0263,-0.0225,0.0001,1104,1203,1287,1187,0.00,0.01,2.62,0.15,0.5491,1,1,0,0.01,0.00,0.55,-0.05,0.00,0.00,0.16,209,30
15335,0.8,-4.3,1.3,0.012,0.020,-1.094,4.9,-3.9,0.0,0.0246,-0.0145,0.0000,1121,1214,1269,1176,0.00,0.01,2.62,0.15,0.5491,1,1,0,0.01,0.00,0.55,-0.05,0.00,0.00,0.16,209,30
15345,0.0,0.7,-1.4,0.025,0.012,-0.996,4.9,-4.0,0.0,0.0250,-0.0203,0.0001,1107,1201,1284,1189,0.00,0.01,2.62,0.15,0.5491,1,1,0,0.01,0.00,0.55,-0.05,0.00,0.00,0.16,209,30
15355,-0.7,3.3,2.0,-0.010,-0.011,-0.989,4.9,-3.9,0.0,0.0255,-0.0224,-0.0001,1107,1203,1283,1188,0.00,0.01,2.62,0.15,0.5491,1,1,0,0.01,0.00,0.55,-0.05,0.00,0.00,0.16,209,30
15365,0.7,-4.2,-2.8,0.028,0.029,-0.962,4.9,-3.9,0.0,0.0241,-0.0153,0.0003,1138,1227,1288,1197,0.00,0.01,2.62,0.15,0.5582,1,1,0,0.01,0.00,0.55,-0.05,0.00,0.00,0.16,209,30
15375,0.3,1.2,3.6,0.033,-0.005,-1.143,4.9,-4.0,0.0,0.0246,-0.0208,-0.0003,1124,1221,1300,1205,0.00,0.01,2.62,0.15,0.5582,1,1,0,0.01,0.00,0.55,-0.05,0.00,0.00,0.16,209,30
15385,-1.0,0.0,-1.4,0.003,-0.004,-0.951,4.9,-3.9,0.0,0.0252,-0.0193,0.0002,1129,1223,1297,1201,0.00,0.01,2.62,0.15,0.5582,1,1,0,0.01,0.00,0.55,-0.05,0.00,0.00,0.16,209,30
15395,1.9,0.1,-1.2,-0.002,0.014,-0.899,4.9,-3.9,0.0,0.0230,-0.0197,0.0001,1132,1219,1294,1205,0.00,0.01,2.62,0.15,0.5582,1,1,0,0.01,0.00,0.55,-0.05,0.00,0.00,0.17,209,30
15405,-1.6,-0.3,1.0,0.028,0.011,-1.147,4.9,-3.9,0.0,0.0267,-0.0191,0.0000,1126,1227,1298,1198,0.00,0.01,2.62,0.15,0.5582,1,1,0,0.01,0.00,0.55,-0.05,0.00,0.00,0.16,209,30
15416,1.5,-2.5,0.9,0.012,0.007,-1.019,4.9,-4.0,0.0,0.0238,-0.0174,0.0000,1135,1225,1291,1200,0.00,0.01,2.62,0.15,0.5582,1,1,0,0.01,0.00,0.55,-0.05,0.00,0.00,0.16,209,30
15426,-0.9,3.5,-3.2,0.024,0.017,-0.894,4.9,-4.0,0.0,0.0259,-0.0231,0.0003,1120,1216,1306,1208,0.00,0.01,2.62,0.15,0.5582,1,1,0,0.01,0.00,0.55,-0.05,0.00,0.00,0.16,209,30
15436,0.3,0.1,1.7,-0.010,0.001,-1.063,4.9,-3.9,0.0,0.0247,-0.0180,-0.0001,1132,1225,1293,1200,0.00,0.01,2.62,0.15,0.5582,1,1,0,0.01,0.00,0.55,-0.05,0.00,0.00,0.16,209,30
15446,-0.2,-4.1,-0.9,0.038,-0.002,-1.043,4.9,-3.9,0.0,0.0252,-0.0159,0.0001,1134,1228,1292,1196,0.00,0.01,2.62,0.15,0.5582,1,1,0,0.01,0.00,0.55,-0.05,0.00,0.00,0.16,209,30
15456,1.5,2.0,0.6,0.018,0.014,-1.005,4.9,-4.0,0.0,0.0236,-0.0219,0.0000,1125,1216,1300,1209,0.00,0.01,2.62,0.15,0.5582,1,1,0,0.01,0.00,0.55,-0.05,0.00,0.00,0.16,209,30
15466,-2.5,1.2,1.1,-0.004,-0.006,-0.985,4.9,-3.9,0.0,0.0267,-0.0202,0.0000,1124,1225,1301,1200,0.00,0.01,2.62,0.15,0.5582,1,1,0,0.01,0.00,0.55,-0.05,0.00,0.00,0.16,209,30
15476,2.4,-1.9,-0.7,0.009,-0.001,-0.974,4.9,-3.9,0.0,0.0226,-0.0176,0.0000,1137,1223,1288,1202,0.00,0.01,2.62,0.15,0.5582,1,1,0,0.01,0.00,0.55,-0.05,0.00,0.00,0.16,209,30
15486,-1.3,-0.6,-0.6,0.039,0.026,-1.093,4.9,-3.9,0.0,0.0268,-0.0197,0.0000,1124,1226,1301,1199,0.00,0.01,2.62,0.15,0.5582,1,1,0,0.01,0.00,0.55,-0.05,0.00,0.00,0.16,209,30
15496,1.4,0.7,2.4,-0.009,-0.016,-1.003,4.9,-3.9,0.0,0.0233,-0.0201,-0.0001,1131,1219,1293,1206,0.00,0.01,2.62,0.15,0.5582,1,1,0,0.01,0.00,0.55,-0.05,0.00,0.00,0.16,209,30
15506,-0.8,-0.2,-3.3,0.026,0.010,-0.892,4.9,-3.9,0.0,0.0259,-0.0193,0.0003,1127,1224,1300,1200,0.00,0.01,2.62,0.16,0.5582,1,1,0,0.01,0.00,0.55,-0.05,0.00,0.00,0.16,209,30
15516,0.7,0.9,1.8,-0.006,0.025,-1.083,4.9,-3.9,0.0,0.0243,-0.0191,-0.0002,1130,1223,1294,1203,0.00,0.01,2.62,0.16,0.5582,1,1,0,0.01,0.00,0.55,-0.05,0.00,0.00,0.16,209,30
15527,-0.5,-4.2,0.0,0.036,0.000,-1.072,4.9,-3.9,0.0,0.0256,-0.0153,0.0000,1132,1229,1294,1196,0.00,0.01,2.62,0.16,0.5582,1,1,0,0.01,0.00,0.55,-0.05,0.00,0.00,0.16,209,30
15537,1.0,3.4,-0.8,0.011,0.001,-0.949,4.9,-3.9,0.0,0.0238,-0.0235,0.0000,1123,1213,1302,1212,0.00,0.01,2.62,0.16,0.5582,1,1,0,0.01,0.00,0.55,-0.05,0.00,0.00,0.16,209,30
15547,-1.5,-0.5,1.5,-0.012,0.017,-0.968,4.9,-3.9,0.0,0.0265,-0.0178,0.0000,1129,1229,1296,1196,0.00,0.01,2.62,0.16,0.5582,1,1,0,0.01,0.00,0.55,-0.05,0.00,0.00,0.16,209,30
15557,2.4,-2.3,-0.7,0.029,-0.015,-1.075,4.9,-3.9,0.0,0.0223,-0.0170,0.0000,1138,1222,1287,1203,0.00,0.01,2.62,0.16,0.5582,1,1,0,0.01,0.00,0.55,-0.05,0.00,0.00,0.16,209,30
15567,-0.9,-0.1,0.9,0.031,0.019,-1.065,4.9,-3.9,0.0,0.0262,-0.0198,0.0000,1123,1224,1302,1201,0.00,0.01,2.62,0.16,0.5582,1,1,0,0.01,0.00,0.55,-0.05,0.00,0.00,0.16,209,30
15577,-0.3,2.2,0.3,-0.018,-0.011,-0.919,4.9,-3.9,0.0,0.0250,-0.0217,0.0000,1126,1218,1299,1207,0.00,0.01,2.62,0.16,0.5582,1,1,0,0.01,0.00,0.55,-0.05,0.00,0.00,0.16,209,30
15587,0.8,-2.4,-2.2,0.023,-0.001,-0.997,4.9,-3.9,0.0,0.0243,-0.0171,0.0002,1134,1227,1292,1197,0.00,0.01,2.62,0.16,0.5582,1,1,0,0.01,0.00,0.55,-0.05,0.00,0.00,0.16,209,30
15597,-0.2,0.6,1.4,0.018,0.027,-1.061,4.9,-3.9,0.0,0.0251,-0.0203,-0.0001,1126,1221,1298,1205,0.00,0.01,2.62,0.16,0.5582,1,1,0,0.01,0.00,0.55,-0.05,0.00,0.00,0.16,209,30
15607,0.7,-2.2,1.0,0.013,-0.009,-1.040,4.9,-3.9,0.0,0.0243,-0.0173,0.0000,1132,1225,1293,1199,0.00,0.01,2.62,0.16,0.5582,1,1,0,0.01,0.00,0.55,-0.05,0.00,0.00,0.16,209,30
15617,-1.0,2.9,-2.2,0.017,-0.008,-0.926,4.9,-3.9,0.0,0.0261,-0.0225,0.0002,1121,1218,1305,1206,0.00,0.01,2.62,0.16,0.5582,1,1,0,0.01,0.00,0.55,-0.05,0.00,0.00,0.16,209,30
15627,0.6,-1.6,0.5,-0.011,0.034,-1.004,4.9,-3.9,0.0,0.0246,-0.0168,0.0000,1134,1227,1291,1198,0.00,0.01,2.62,0.16,0.5582,1,1,0,0.01,0.00,0.55,-0.05,0.00,0.00,0.16,209,30
15637,0.5,-1.8,-0.3,0.048,-0.012,-1.093,4.9,-3.9,0.0,0.0244,-0.0180,0.0000,1131,1223,1294,1202,0.00,0.01,2.62,0.16,0.5582,1,1,0,0.01,0.00,0.55,-0.05,0.00,0.00,0.16,209,30
15648,-0.4,1.8,2.1,0.017,0.017,-0.992,4.9,-3.9,0.0,0.0255,-0.0214,-0.0001,1123,1222,1304,1206,0.00,0.01,2.62,0.16,0.5588,1,1,0,0.01,0.00,0.55,-0.05,0.00,0.00,0.16,209,30
15658,-0.8,2.0,-1.8,-0.023,0.024,-0.897,4.9,-3.9,0.0,0.0257,-0.0214,0.0002,1127,1222,1301,1205,0.00,0.01,2.62,0.16,0.5588,1,1,0,0.01,0.00,0.55,-0.05,0.00,0.00,0.16,209,30
15668,2.3,-3.1,2.1,0.031,-0.025,-1.115,4.9,-3.9,0.0,0.0228,-0.0164,-0.0001,1140,1229,1287,1200,0.00,0.01,2.62,0.16,0.5588,1,1,0,0.01,0.00,0.55,-0.05,0.00,0.00,0.16,209,30
15678,-1.8,-0.8,0.2,0.033,0.030,-1.035,4.9,-3.9,0.0,0.0269,-0.0202,0.0000,1125,1226,1303,1201,0.00,0.01,2.62,0.16,0.5588,1,1,0,0.01,0.00,0.55,-0.05,0.00,0.00,0.16,208,30
15688,0.9,1.5,-0.3,-0.019,-0.005,-0.960,4.9,-3.9,0.0,0.0242,-0.0208,0.0000,1129,1221,1298,1206,0.00,0.01,2.62,0.16,0.5588,1,1,0,0.01,0.00,0.55,-0.05,0.00,0.00,0.16,208,30
15698,0.0,0.4,-1.9,0.037,-0.005,-0.995,4.9,-3.9,0.0,0.0251,-0.0200,0.0002,1129,1224,1300,1203,0.00,0.01,2.62,0.16,0.5588,1,1,0,0.01,0.00,0.55,-0.05,0.00,0.00,0.16,208,30
15708,0.8,-0.5,2.6,-0.004,0.022,-1.019,4.9,-3.9,0.0,0.0241,-0.0185,-0.0002,1133,1225,1294,1203,0.00,0.01,2.62,0.16,0.5588,1,1,0,0.01,0.00,0.55,-0.05,0.00,0.00,0.16,208,30
15718,-0.7,-1.1,-3.2,0.030,0.003,-1.052,4.9,-3.9,0.0,0.0261,-0.0190,0.0003,1128,1225,1301,1201,0.00,0.01,2.62,0.16,0.5588,1,1,0,0.01,0.00,0.55,-0.05,0.00,0.00,0.16,208,30
15728,1.0,1.7,1.8,0.002,-0.007,-0.987,4.9,-3.9,0.0,0.0241,-0.0213,-0.0001,1130,1223,1301,1210,0.00,0.01,2.62,0.16,0.5600,1,1,0,0.01,0.00,0.55,-0.05,0.00,0.00,0.16,208,30
15738,-0.7,0.0,-2.0,0.005,0.037,-0.916,4.9,-3.9,0.0,0.0255,-0.0196,0.0002,1131,1227,1302,1204,0.00,0.01,2.62,0.16,0.5600,1,1,0,0.01,0.00,0.55,-0.05,0.00,0.00,0.16,208,30
15748,1.5,-0.7,2.4,0.022,-0.009,-1.131,4.9,-3.9,0.0,0.0236,-0.0188,-0.0002,1136,1227,1295,1206,0.00,0.01,2.62,0.16,0.5600,1,1,0,0.01,0.00,0.55,-0.05,0.00,0.00,0.16,208,30
15759,-1.6,-1.4,-0.8,0.036,0.002,-1.035,4.9,-3.9,0.0,0.0270,-0.0184,0.0001,1129,1232,1304,1200,0.00,0.01,2.62,0.16,0.5600,1,1,0,0.01,0.00,0.55,-0.05,0.00,0.00,0.16,208,30
15769,1.9,2.0,-1.4,-0.028,0.019,-0.852,4.9,-3.9,0.0,0.0227,-0.0215,0.0001,1133,1218,1300,1213,0.00,0.01,2.62,0.16,0.5600,1,1,0,0.01,0.00,0.55,-0.05,0.00,0.00,0.16,208,30
15779,-0.8,-2.2,1.5,0.042,-0.015,-1.115,4.9,-3.9,0.0,0.0260,-0.0173,-0.0001,1134,1233,1298,1199,0.00,0.01,2.62,0.16,0.5600,1,1,0,0.01,0.00,0.55,-0.05,0.00,0.00,0.16,208,30
15789,0.5,-0.4,-0.3,0.014,0.019,-1.047,4.9,-3.9,0.0,0.0246,-0.0199,0.0000,1134,1227,1303,1209,0.00,0.01,2.62,0.16,0.5613,1,1,0,0.01,0.00,0.55,-0.05,0.00,0.00,0.16,208,30
15799,0.4,0.4,-0.7,0.004,0.012,-0.955,4.9,-3.9,0.0,0.0247,-0.0201,0.0001,1132,1227,1305,1209,0.00,0.01,2.62,0.16,0.5613,1,1,0,0.01,0.00,0.55,-0.05,0.00,0.00,0.16,208,30
15809,-0.7,2.9,0.4,0.011,-0.016,-1.009,4.9,-3.9,0.0,0.0259,-0.0226,0.0000,1129,1225,1308,1212,0.00,0.01,2.62,0.16,0.5613,1,1,0,0.01,0.00,0.55,-0.05,0.00,0.00,0.16,208,30
15819,0.1,-4.7,0.3,0.016,0.024,-0.978,4.9,-3.9,0.0,0.0253,-0.0148,0.0000,1142,1238,1294,1198,0.00,0.01,2.62,0.16,0.5613,1,1,0,0.01,0.00,0.55,-0.05,0.00,0.00,0.16,208,30
15829,0.7,0.8,-1.9,0.031,0.010,-1.044,4.9,-3.9,0.0,0.0244,-0.0205,0.0002,1131,1224,1305,1213,0.00,0.01,2.62,0.16,0.5613,1,1,0,0.01,0.00,0.55,-0.05,0.00,0.00,0.16,208,30
15839,-0.6,0.7,2.1,0.013,-0.007,-1.067,4.9,-3.9,0.0,0.0260,-0.0202,-0.0001,1131,1231,1305,1207,0.00,0.01,2.62,0.16,0.5613,1,1,0,0.01,0.00,0.56,-0.05,0.00,0.00,0.16,208,30
15849,-0.4,0.4,-0.7,-0.002,0.011,-0.845,4.9,-3.9,0.0,0.0247,-0.0200,0.0000,1134,1227,1303,1209,0.00,0.01,2.62,0.16,0.5613,1,1,0,0.01,0.00,0.56,-0.05,0.00,0.00,0.16,208,30
15859,1.6,-1.3,2.0,0.016,0.017,-1.095,4.9,-3.9,0.0,0.0236,-0.0183,-0.0001,1137,1232,1299,1206,0.00,0.01,2.62,0.16,0.5613,1,1,0,0.01,0.00,0.56,-0.05,0.00,0.00,0.16,208,30
15870,-1.5,-0.1,-1.2,0.035,0.006,-1.104,4.9,-3.9,0.0,0.0263,-0.0203,0.0001,1147,1245,1323,1223,0.00,0.01,2.62,0.16,0.5698,1,1,0,0.01,0.00,0.55,-0.05,0.00,0.00,0.16,208,30
15880,1.1,0.4,0.7,-0.005,0.013,-0.865,4.9,-3.9,0.0,0.0242,-0.0201,0.0000,1150,1243,1318,1227,0.00,0.01,2.62,0.16,0.5698,1,1,0,0.01,0.00,0.56,-0.05,0.00,0.00,0.16,208,30
15890,-1.1,2.2,-0.7,0.013,0.011,-1.008,4.9,-3.9,0.0,0.0265,-0.0219,0.0000,1143,1244,1326,1225,0.00,0.01,2.62,0.16,0.5698,1,1,0,0.01,0.00,0.56,-0.05,0.00,0.00,0.16,208,30
15900,1.6,-3.0,-0.3,0.000,0.001,-1.083,4.9,-3.9,0.0,0.0230,-0.0153,0.0000,1162,1249,1307,1220,0.00,0.01,2.62,0.16,0.5698,1,1,0,0.01,0.00,0.56,-0.05,0.00,0.00,0.16,208,30
15910,-0.4,-2.5,-1.8,0.040,0.016,-0.971,4.9,-4.0,0.0,0.0257,-0.0172,0.0002,1147,1245,1322,1224,0.00,0.01,2.62,0.16,0.5698,1,1,0,0.01,0.00,0.56,-0.05,0.00,0.00,0.16,208,30
15920,0.7,4.5,1.9,0.008,0.005,-1.031,4.9,-3.9,0.0,0.0249,-0.0238,-0.0002,1142,1237,1326,1233,0.00,0.01,2.62,0.16,0.5698,1,1,0,0.01,0.00,0.55,-0.05,0.00,0.00,0.16,208,30
15930,-1.0,-1.4,0.8,0.005,0.011,-0.977,4.9,-3.9,0.0,0.0263,-0.0182,0.0000,1152,1250,1317,1219,0.00,0.01,2.62,0.16,0.5698,1,1,0,0.01,0.00,0.56,-0.05,0.00,0.00,0.16,208,30
15940,1.7,0.0,-3.3,0.013,-0.004,-0.952,4.9,-3.9,0.0,0.0234,-0.0198,0.0003,1154,1241,1316,1227,0.00,0.01,2.62,0.16,0.5698,1,1,0,0.01,0.00,0.56,-0.05,0.00,0.00,0.16,208,30
15950,-0.2,-2.1,4.1,0.031,0.023,-1.127,4.9,-4.0,0.0,0.0263,-0.0185,-0.0004,1149,1250,1318,1220,0.00,0.01,2.62,0.16,0.5698,1,1,0,0.01,0.00,0.56,-0.05,0.00,0.00,0.16,208,30
15960,-1.2,2.0,-0.1,0.004,-0.014,-0.990,4.9,-4.0,0.0,0.0260,-0.0217,0.0000,1145,1242,1324,1227,0.00,0.01,2.62,0.16,0.5698,1,1,0,0.01,0.00,0.56,-0.05,0.00,0.00,0.16,208,30
15971,0.7,-0.5,-3.4,0.009,0.003,-0.896,4.9,-3.9,0.0,0.0247,-0.0191,0.0003,1152,1245,1318,1223,0.00,0.01,2.62,0.16,0.5698,1,1,0,0.01,0.00,0.56,-0.05,0.00,0.00,0.16,208,30
15981,-0.1,0.7,1.7,0.005,0.022,-1.055,4.9,-3.9,0.0,0.0255,-0.0199,-0.0002,1148,1245,1320,1224,0.00,0.01,2.62,0.16,0.5698,1,1,0,0.01,0.00,0.56,-0.05,0.00,0.00,0.16,208,30
15991,0.7,-3.9,1.7,0.009,0.003,-1.087,4.9,-3.9,0.0,0.0246,-0.0157,-0.0001,1159,1251,1310,1218,0.00,0.01,2.62,0.16,0.5698,1,1,0,0.01,0.00,0.56,-0.05,0.00,0.00,0.16,208,30
16001,0.0,0.6,-2.6,0.042,-0.003,-0.968,4.9,-4.0,0.0,0.0257,-0.0222,0.0003,1145,1241,1330,1231,0.00,0.01,2.62,0.16,0.5710,1,1,0,0.01,0.00,0.56,-0.05,0.00,0.00,0.16,208,30
16011,0.0,3.1,1.8,-0.017,0.020,-0.974,4.9,-3.9,0.0,0.0253,-0.0225,-0.0001,1147,1244,1325,1230,0.00,0.01,2.62,0.16,0.5710,1,1,0,0.01,0.00,0.56,-0.05,0.00,0.00,0.16,208,30
16021,-0.7,-2.2,-0.3,0.005,-0.003,-1.015,4.9,-3.9,0.0,0.0260,-0.0175,0.0000,1157,1252,1317,1221,0.00,0.01,2.62,0.16,0.5710,1,1,0,0.01,0.00,0.56,-0.05,0.00,0.00,0.16,208,30
16031,1.6,-1.6,-1.7,0.033,0.000,-1.035,4.9,-4.0,0.0,0.0237,-0.0182,0.0001,1155,1246,1319,1227,0.00,0.01,2.62,0.16,0.5710,1,1,0,0.01,0.00,0.56,-0.05,0.00,0.00,0.16,208,30
16041,-0.3,0.3,0.7,0.023,0.043,-1.052,4.9,-4.0,0.0,0.0257,-0.0201,0.0000,1147,1246,1327,1227,0.00,0.01,2.62,0.16,0.5710,1,1,0,0.01,0.00,0.56,-0.05,0.00,0.00,0.16,208,30
16051,-1.3,2.7,0.6,-0.011,-0.008,-0.968,4.9,-3.9,0.0,0.0260,-0.0219,0.0000,1148,1245,1325,1229,0.00,0.01,2.62,0.16,0.5710,1,1,0,0.01,0.00,0.56,-0.05,0.00,0.00,0.16,208,30
16061,1.3,-2.2,-0.9,0.018,-0.001,-0.969,4.9,-3.9,0.0,0.0239,-0.0175,0.0001,1159,1253,1317,1222,0.00,0.01,2.62,0.16,0.5716,1,1,0,0.01,0.00,0.56,-0.05,0.00,0.00,0.16,208,30
16071,-0.5,0.7,-2.1,0.010,0.032,-1.029,4.9,-3.9,0.0,0.0258,-0.0205,0.0002,1150,1247,1326,1228,0.00,0.01,2.62,0.16,0.5716,1,1,0,0.01,0.00,0.56,-0.05,0.00,0.00,0.16,208,30
16082,0.4,-2.9,4.3,0.006,0.005,-1.091,4.9,-3.9,0.0,0.0246,-0.0169,-0.0003,1158,1252,1316,1225,0.00,0.01,2.62,0.16,0.5716,1,1,0,0.01,0.00,0.56,-0.05,0.00,0.00,0.16,208,30
16092,0.1,1.0,-1.7,0.043,-0.016,-0.960,5.0,-4.0,0.0,0.0252,-0.0209,0.0002,1147,1243,1330,1232,0.00,0.01,2.62,0.16,0.5716,1,1,0,0.01,0.00,0.56,-0.05,0.00,0.00,0.17,208,30
16102,0.0,3.3,-1.5,-0.021,0.025,-0.922,4.9,-3.9,0.0,0.0252,-0.0227,0.0001,1152,1246,1324,1229,0.00,0.01,2.62,0.16,0.5716,1,1,0,0.01,0.00,0.56,-0.05,0.00,0.00,0.17,208,30
16112,-0.6,-3.1,1.0,0.017,0.003,-1.055,4.9,-3.9,0.0,0.0256,-0.0161,0.0000,1159,1255,1316,1221,0.00,0.01,2.62,0.16,0.5716,1,1,0,0.01,0.00,0.56,-0.05,0.00,0.00,0.16,208,30
16122,1.5,-1.9,0.6,0.052,-0.014,-1.068,4.9,-4.0,0.0,0.0238,-0.0184,0.0000,1156,1247,1319,1229,0.00,0.01,2.62,0.16,0.5716,1,1,0,0.01,0.00,0.56,-0.05,0.00,0.00,0.16,208,30
16132,-1.0,1.5,-0.4,0.007,0.035,-0.959,5.0,-4.0,0.0,0.0264,-0.0214,0.0000,1145,1246,1331,1230,0.00,0.01,2.62,0.16,0.5716,1,1,0,0.01,0.00,0.56,-0.05,0.00,0.00,0.16,208,30
16142,-1.1,3.4,-1.9,-0.013,-0.003,-0.964,4.9,-3.9,0.0,0.0259,-0.0222,0.0001,1152,1247,1329,1232,0.00,0.01,2.62,0.16,0.5729,1,1,0,0.01,0.00,0.56,-0.05,0.00,0.00,0.16,208,30
16152,1.8,-3.2,1.8,0.027,-0.014,-1.049,5.0,-3.9,0.0,0.0235,-0.0165,-0.0001,1164,1255,1316,1225,0.00,0.01,2.62,0.16,0.5729,1,1,0,0.01,0.00,0.56,-0.05,0.00,0.00,0.16,208,30
16162,-0.7,0.5,-1.6,0.016,0.033,-0.994,4.9,-4.0,0.0,0.0261,-0.0210,0.0001,1152,1250,1331,1232,0.00,0.01,2.62,0.16,0.5735,1,1,0,0.01,0.00,0.56,-0.05,0.00,0.00,0.16,208,30
16172,0.5,-1.0,-0.5,0.003,0.011,-1.058,4.9,-3.9,0.0,0.0248,-0.0187,0.0000,1159,1253,1324,1229,0.00,0.01,2.62,0.16,0.5735,1,1,0,0.01,0.00,0.56,-0.05,0.00,0.00,0.16,208,30
16182,-0.2,1.6,0.6,0.040,-0.026,-0.995,4.9,-4.0,0.0,0.0256,-0.0214,0.0000,1166,1263,1347,1250,0.00,0.01,2.62,0.16,0.5814,1,1,0,0.01,0.00,0.56,-0.05,0.00,0.00,0.16,208,30
16192,-0.1,1.7,2.5,-0.025,0.029,-0.911,4.9,-3.9,0.0,0.0253,-0.0203,-0.0001,1172,1267,1340,1246,0.00,0.01,2.62,0.16,0.5814,1,1,0,0.01,0.00,0.56,-0.05,0.00,0.00,0.16,209,30
16203,0.0,-3.2,-3.2,0.020,0.028,-1.053,4.9,-3.9,0.0,0.0254,-0.0164,0.0003,1177,1273,1337,1239,0.00,0.01,2.62,0.16,0.5814,1,1,0,0.01,0.00,0.56,-0.05,0.00,0.00,0.17,209,30
16213,1.3,-0.8,2.0,0.050,-0.038,-1.121,4.9,-4.0,0.0,0.0241,-0.0190,-0.0001,1172,1264,1340,1250,0.00,0.01,2.62,0.16,0.5814,1,1,0,0.01,0.00,0.56,-0.05,0.00,0.00,0.16,209,30
16223,-0.3,1.1,1.6,0.010,0.032,-0.924,5.0,-4.0,0.0,0.0260,-0.0213,-0.0001,1164,1265,1348,1248,0.00,0.01,2.62,0.16,0.5814,1,1,0,0.01,0.00,0.56,-0.05,0.00,0.00,0.16,209,30
16233,-1.0,2.8,-2.8,-0.021,0.026,-0.932,4.9,-3.9,0.0,0.0264,-0.0227,0.0003,1167,1265,1346,1247,0.00,0.01,2.62,0.16,0.5814,1,1,0,0.01,0.00,0.56,-0.05,0.00,0.00,0.16,209,30
16243,0.6,-3.2,-0.2,0.034,-0.036,-1.084,4.9,-3.9,0.0,0.0243,-0.0159,0.0000,1181,1272,1332,1241,0.00,0.01,2.62,0.16,0.5814,1,1,0,0.01,0.00,0.56,-0.05,0.00,0.00,0.16,209,30
16253,0.5,0.6,0.0,0.032,0.028,-0.963,4.9,-4.0,0.0,0.0250,-0.0208,0.0000,1166,1263,1347,1250,0.00,0.01,2.62,0.16,0.5814,1,1,0,0.01,0.00,0.56,-0.05,0.00,0.00,0.16,209,30
16263,0.0,0.0,0.1,-0.014,0.042,-1.011,4.9,-3.9,0.0,0.0254,-0.0198,0.0000,1172,1268,1340,1245,0.00,0.01,2.62,0.16,0.5814,1,1,0,0.01,0.00,0.56,-0.05,0.00,0.00,0.16,209,30
16273,-0.3,-0.9,-0.9,0.039,-0.011,-1.092,4.9,-4.0,0.0,0.0261,-0.0199,0.0001,1168,1267,1345,1245,0.00,0.01,2.62,0.16,0.5814,1,1,0,0.01,0.00,0.56,-0.05,0.00,0.00,0.16,208,30
16283,0.0,3.9,1.8,0.010,-0.025,-0.943,4.9,-3.9,0.0,0.0254,-0.0238,-0.0001,1166,1262,1346,1252,0.00,0.01,2.62,0.16,0.5814,1,1,0,0.01,0.00,0.56,-0.05,0.00,0.00,0.16,209,30
16293,0.0,-1.3,0.0,-0.015,0.045,-0.910,4.9,-3.9,0.0,0.0253,-0.0181,0.0000,1177,1272,1336,1240,0.00,0.01,2.62,0.16,0.5814,1,1,0,0.01,0.00,0.56,-0.05,0.00,0.00,0.16,209,30
16304,0.2,-1.8,-2.4,0.038,-0.004,-1.103,4.9,-3.9,0.0,0.0252,-0.0181,0.0002,1174,1268,1339,1244,0.00,0.01,2.62,0.16,0.5814,1,1,0,0.01,0.00,0.56,-0.05,0.00,0.00,0.16,209,30
16314,0.9,-1.7,1.2,0.043,-0.017,-1.100,4.9,-3.9,0.0,0.0245,-0.0181,0.0000,1170,1265,1342,1249,0.00,0.01,2.62,0.16,0.5814,1,1,0,0.01,0.00,0.56,-0.05,0.00,0.00,0.16,209,30
16324,-1.2,2.5,3.3,-0.005,0.039,-0.885,4.9,-4.0,0.0,0.0272,-0.0231,-0.0002,1162,1267,1354,1251,0.00,0.01,2.62,0.16,0.5826,1,1,0,0.01,0.00,0.56,-0.05,0.00,0.00,0.16,209,30
16334,0.0,1.6,-3.4,0.000,0.003,-0.977,4.9,-3.9,0.0,0.0253,-0.0207,0.0003,1176,1270,1342,1246,0.00,0.01,2.62,0.16,0.5826,1,1,0,0.01,0.00,0.56,-0.05,0.00,0.00,0.16,209,30
16344,0.2,-2.1,-1.0,0.037,-0.018,-1.090,4.9,-3.9,0.0,0.0252,-0.0177,0.0001,1177,1272,1340,1245,0.00,0.01,2.62,0.16,0.5826,1,1,0,0.01,0.00,0.56,-0.05,0.00,0.00,0.16,209,30
16354,0.2,0.9,1.7,-0.002,0.023,-0.956,4.9,-3.9,0.0,0.0252,-0.0206,-0.0001,1172,1268,1345,1250,0.00,0.01,2.62,0.16,0.5826,1,1,0,0.01,0.00,0.56,-0.05,0.00,0.00,0.16,209,30
16364,0.8,-3.1,-0.5,0.009,0.034,-1.040,4.9,-3.9,0.0,0.0246,-0.0167,0.0000,1178,1273,1342,1246,0.00,0.01,2.62,0.16,0.5832,1,1,0,0.01,0.00,0.56,-0.05,0.00,0.00,0.16,209,30
16374,-0.2,1.2,-0.7,0.049,-0.021,-1.067,4.9,-4.0,0.0,0.0260,-0.0223,0.0000,1167,1266,1352,1254,0.00,0.01,2.62,0.16,0.5832,1,1,0,0.01,0.00,0.56,-0.05,0.00,0.00,0.16,209,30
16384,0.2,2.7,2.2,-0.011,0.010,-0.940,4.9,-3.9,0.0,0.0252,-0.0223,-0.0001,1173,1268,1347,1252,0.00,0.01,2.62,0.16,0.5832,1,1,0,0.01,0.00,0.56,-0.05,0.00,0.00,0.16,209,30
16394,-0.7,-1.0,-0.9,0.006,0.018,-0.932,4.9,-3.9,0.0,0.0262,-0.0188,0.0001,1178,1274,1343,1245,0.00,0.01,2.62,0.16,0.5832,1,1,0,0.01,0.00,0.56,-0.05,0.00,0.00,0.16,209,30
16404,0.7,-1.5,-1.4,0.032,-0.009,-1.106,4.9,-3.9,0.0,0.0246,-0.0183,0.0001,1181,1274,1343,1250,0.00,0.01,2.62,0.16,0.5845,1,1,0,0.01,0.00,0.56,-0.05,0.00,0.00,0.16,209,30
16414,0.3,-1.3,2.6,0.026,0.013,-1.083,4.9,-3.9,0.0,0.0253,-0.0189,-0.0002,1174,1273,1349,1252,0.00,0.01,2.62,0.16,0.5845,1,1,0,0.01,0.00,0.56,-0.05,0.00,0.00,0.16,209,30
16425,-0.8,2.0,-0.2,-0.001,0.018,-0.881,4.9,-4.0,0.0,0.0263,-0.0220,0.0000,1184,1282,1366,1267,0.00,0.01,2.62,0.16,0.5912,1,1,0,0.01,0.00,0.56,-0.05,0.00,0.00,0.16,209,30
16435,0.3,0.0,-2.2,0.008,0.002,-1.021,4.9,-3.9,0.0,0.0250,-0.0195,0.0002,1192,1285,1359,1264,0.00,0.01,2.62,0.16,0.5912,1,1,0,0.01,0.00,0.56,-0.05,0.00,0.00,0.16,209,30
16445,-0.2,0.9,-1.5,0.016,0.002,-1.011,4.9,-3.9,0.0,0.0258,-0.0208,0.0001,1187,1284,1363,1265,0.00,0.01,2.62,0.16,0.5912,1,1,0,0.01,0.00,0.56,-0.05,0.00,0.00,0.16,209,30
16455,0.5,-1.5,4.1,-0.010,0.021,-0.977,4.9,-3.9,0.0,0.0249,-0.0183,-0.0003,1196,1290,1352,1261,0.00,0.01,2.62,0.16,0.5912,1,1,0,0.01,0.00,0.56,-0.05,0.00,0.00,0.16,209,30
16465,0.8,-3.6,-2.7,0.039,0.007,-1.052,4.9,-3.9,0.0,0.0247,-0.0163,0.0003,1194,1288,1357,1261,0.00,0.01,2.62,0.16,0.5912,1,1,0,0.01,0.00,0.56,-0.05,0.00,0.00,0.16,209,30
16475,0.0,1.5,-0.7,0.028,0.005,-1.040,4.9,-3.9,0.0,0.0259,-0.0226,0.0000,1181,1281,1368,1269,0.00,0.01,2.62,0.16,0.5912,1,1,0,0.01,0.00,0.56,-0.05,0.00,0.00,0.16,209,30
16485,-1.1,1.9,4.1,-0.011,0.009,-0.995,4.9,-3.9,0.0,0.0267,-0.0219,-0.0003,1185,1286,1363,1264,0.00,0.01,2.62,0.16,0.5912,1,1,0,0.01,0.00,0.56,-0.05,0.00,0.00,0.16,209,30
16495,-0.5,-0.2,-2.6,0.006,-0.001,-0.927,4.9,-3.9,0.0,0.0261,-0.0197,0.0002,1190,1287,1361,1261,0.00,0.01,2.62,0.16,0.5912,1,1,0,0.01,0.00,0.56,-0.05,0.00,0.00,0.17,209,30
16505,0.6,-1.0,-2.0,0.020,-0.004,-1.016,4.9,-3.9,0.0,0.0246,-0.0179,0.0001,1195,1287,1355,1262,0.00,0.01,2.62,0.16,0.5912,1,1,0,0.01,0.00,0.56,-0.05,0.00,0.00,0.16,209,30
16515,0.3,-1.4,3.4,0.023,0.022,-1.085,4.9,-3.9,0.0,0.0252,-0.0185,-0.0003,1190,1287,1358,1263,0.00,0.01,2.62,0.16,0.5912,1,1,0,0.01,0.00,0.56,-0.05,0.00,0.00,0.16,209,30
16525,0.2,-0.5,-0.9,0.010,0.015,-0.997,4.9,-3.9,0.0,0.0253,-0.0194,0.0001,1190,1284,1360,1265,0.00,0.01,2.62,0.16,0.5912,1,1,0,0.01,0.00,0.56,-0.05,0.00,0.00,0.16,209,30
16535,0.6,-0.8,-1.4,0.032,-0.015,-1.015,4.9,-3.9,0.0,0.0252,-0.0196,0.0001,1190,1285,1360,1264,0.00,0.01,2.62,0.16,0.5912,1,1,0,0.01,0.00,0.56,-0.05,0.00,0.00,0.16,209,30
16545,-0.2,4.6,-0.4,0.015,0.006,-0.964,4.9,-3.9,0.0,0.0258,-0.0246,0.0000,1193,1292,1386,1287,0.00,0.01,2.62,0.16,0.5991,1,1,0,0.01,0.00,0.56,-0.05,0.00,0.00,0.16,209,30
16556,-0.8,1.1,1.7,-0.042,0.020,-0.988,4.9,-3.9,0.0,0.0264,-0.0210,-0.0001,1203,1302,1376,1278,0.00,0.01,2.62,0.16,0.5991,1,1,0,0.01,0.00,0.56,-0.05,0.00,0.00,0.16,209,30
16566,0.5,-5.3,-1.8,0.028,-0.014,-1.037,4.9,-3.9,0.0,0.0248,-0.0146,0.0002,1216,1309,1365,1270,0.00,0.01,2.62,0.16,0.5991,1,1,0,0.01,0.00,0.56,-0.05,0.00,0.00,0.15,209,30
16576,0.8,-0.1,-2.1,0.038,-0.006,-1.005,4.9,-4.0,0.0,0.0247,-0.0198,0.0002,1203,1295,1378,1284,0.00,0.01,2.62,0.16,0.5991,1,1,0,0.01,0.00,0.56,-0.05,0.00,0.00,0.15,209,30
16586,0.4,0.4,3.4,0.007,0.037,-1.051,4.9,-3.9,0.0,0.0251,-0.0204,-0.0003,1202,1300,1376,1281,0.00,0.01,2.62,0.16,0.5991,1,1,0,0.01,0.00,0.56,-0.05,0.00,0.00,0.15,209,30
16596,-1.0,0.1,0.1,0.010,0.023,-1.015,4.9,-3.9,0.0,0.0267,-0.0202,0.0000,1200,1301,1379,1278,0.00,0.01,2.62,0.16,0.5991,1,1,0,0.01,0.00,0.56,-0.05,0.00,0.00,0.15,209,30
16606,-0.5,1.4,0.2,0.014,-0.027,-0.961,4.9,-3.9,0.0,0.0261,-0.0214,0.0000,1200,1298,1379,1282,0.00,0.01,2.62,0.16,0.5991,1,1,0,0.01,0.00,0.56,-0.05,0.00,0.00,0.15,209,30
16616,0.3,0.8,0.9,0.021,-0.010,-0.968,4.9,-3.9,0.0,0.0248,-0.0202,0.0000,1204,1299,1375,1281,0.00,0.01,2.62,0.16,0.5991,1,1,0,0.01,0.00,0.56,-0.05,0.00,0.00,0.15,209,30
16626,0.0,0.9,-2.5,-0.009,0.038,-0.991,4.9,-3.9,0.0,0.0256,-0.0206,0.0002,1204,1300,1377,1279,0.00,0.01,2.62,0.16,0.5991,1,1,0,0.01,0.00,0.56,-0.05,0.00,0.00,0.15,209,30
16636,0.1,-4.3,0.6,-0.002,0.014,-1.084,4.9,-3.9,0.0,0.0254,-0.0156,0.0000,1214,1310,1365,1270,0.00,0.01,2.62,0.16,0.5991,1,1,0,0.01,0.00,0.56,-0.05,0.00,0.00,0.15,209,30
16646,1.2,-5.0,1.5,0.060,-0.020,-1.064,4.9,-4.0,0.0,0.0243,-0.0174,0.0000,1211,1303,1369,1277,0.00,0.01,2.62,0.16,0.5991,1,1,0,0.01,0.00,0.56,-0.05,0.00,0.00,0.15,209,30
16656,0.4,5.0,-1.8,0.025,0.018,-0.941,4.9,-4.0,0.0,0.0252,-0.0263,0.0001,1191,1287,1390,1292,0.00,0.01,2.62,0.16,0.5991,1,1,0,0.01,0.00,0.56,-0.05,0.00,0.00,0.15,209,30
16666,-0.6,2.8,1.1,-0.031,0.043,-1.017,4.9,-3.9,0.0,0.0262,-0.0228,0.0000,1204,1304,1380,1280,0.00,0.01,2.62,0.16,0.6003,1,1,0,0.01,0.00,0.56,-0.05,0.00,0.00,0.15,209,30
16677,-1.4,-2.6,-0.2,0.008,-0.018,-1.005,4.9,-3.9,0.0,0.0267,-0.0170,0.0000,1209,1310,1375,1274,0.00,0.01,2.62,0.16,0.6003,1,1,0,0.01,0.00,0.56,-0.05,0.00,0.00,0.15,209,30
16687,0.2,0.1,0.6,0.033,-0.038,-0.958,4.9,-3.9,0.0,0.0251,-0.0203,0.0000,1208,1301,1379,1285,0.00,0.01,2.62,0.16,0.6009,1,1,0,0.01,0.00,0.56,-0.05,0.00,0.00,0.15,209,30
16697,1.0,-0.1,-0.6,0.011,0.027,-1.020,4.9,-3.9,0.0,0.0245,-0.0197,0.0000,1210,1303,1377,1283,0.00,0.01,2.62,0.16,0.6009,1,1,0,0.01,0.00,0.56,-0.05,0.00,0.00,0.15,209,30
16707,0.0,-1.2,-1.1,0.005,0.049,-1.062,4.9,-3.9,0.0,0.0261,-0.0187,0.0001,1222,1321,1392,1293,0.00,0.01,2.62,0.16,0.6082,1,1,0,0.01,0.00,0.56,-0.05,0.00,0.00,0.15,209,30
16717,-0.5,-2.8,2.5,0.024,-0.014,-1.066,4.9,-3.9,0.0,0.0261,-0.0171,-0.0002,1225,1323,1388,1292,0.00,0.01,2.62,0.16,0.6082,1,1,0,0.01,0.00,0.56,-0.05,0.00,0.00,0.15,209,30
16727,1.3,0.1,-0.7,0.057,-0.029,-1.000,4.9,-4.0,0.0,0.0243,-0.0210,0.0001,1219,1310,1396,1303,0.00,0.01,2.62,0.16,0.6082,1,1,0,0.01,0.00,0.56,-0.05,0.00,0.00,0.15,209,30
16737,-0.2,7.5,-0.9,-0.004,0.030,-0.894,4.9,-4.0,0.0,0.0262,-0.0275,0.0001,1206,1306,1409,1307,0.00,0.01,2.62,0.16,0.6082,1,1,0,0.01,0.00,0.56,-0.05,0.00,0.00,0.15,209,30
16747,-1.3,1.1,0.7,-0.038,0.027,-1.002,4.9,-3.9,0.0,0.0270,-0.0211,0.0000,1220,1322,1394,1292,0.00,0.01,2.62,0.16,0.6082,1,1,0,0.01,0.00,0.56,-0.05,0.00,0.00,0.15,209,30
16757,-0.5,-7.2,0.2,0.031,-0.019,-1.054,4.9,-3.9,0.0,0.0261,-0.0128,0.0000,1234,1331,1380,1283,0.00,0.01,2.62,0.15,0.6082,1,1,0,0.01,0.00,0.56,-0.05,0.00,0.00,0.15,209,30
16767,1.5,-0.1,-1.9,0.050,-0.024,-0.977,4.9,-4.0,0.0,0.0239,-0.0206,0.0002,1222,1311,1395,1305,0.00,0.01,2.62,0.15,0.6089,1,1,0,0.01,0.00,0.56,-0.05,0.00,0.00,0.15,209,30
16777,1.4,3.1,-0.7,0.001,0.036,-1.032,4.9,-4.0,0.0,0.0241,-0.0232,0.0000,1219,1311,1398,1305,0.00,0.01,2.62,0.15,0.6089,1,1,0,0.01,0.00,0.56,-0.05,0.00,0.00,0.15,209,30
16788,-0.1,-1.3,1.6,-0.005,0.055,-1.049,4.9,-3.9,0.0,0.0263,-0.0184,-0.0001,1223,1323,1393,1294,0.00,0.01,2.62,0.15,0.6089,1,1,0,0.01,0.00,0.56,-0.05,0.00,0.00,0.15,209,30
16798,-1.0,-1.5,0.0,0.024,0.008,-1.035,4.9,-4.0,0.0,0.0267,-0.0189,0.0000,1221,1322,1395,1295,0.00,0.01,2.62,0.15,0.6089,1,1,0,0.01,0.00,0.56,-0.05,0.00,0.00,0.15,209,30
16808,0.5,0.1,-0.1,0.049,-0.043,-1.018,4.9,-4.0,0.0,0.0245,-0.0213,0.0000,1222,1314,1395,1302,0.00,0.01,2.62,0.15,0.6089,1,1,0,0.01,0.00,0.56,-0.05,0.00,0.00,0.15,209,30
16818,0.5,5.1,1.6,0.011,0.007,-0.903,4.9,-4.0,0.0,0.0253,-0.0253,-0.0001,1212,1310,1404,1307,0.00,0.01,2.62,0.15,0.6089,1,1,0,0.01,0.00,0.56,-0.05,0.00,0.00,0.15,209,30
16828,-1.9,3.3,-1.3,-0.036,0.045,-0.949,4.9,-3.9,0.0,0.0275,-0.0234,0.0001,1223,1326,1399,1295,0.00,0.01,2.62,0.15,0.6101,1,1,0,0.01,0.00,0.56,-0.05,0.00,0.00,0.15,209,30
16838,0.0,-7.9,-1.3,0.012,-0.004,-1.106,4.9,-3.9,0.0,0.0256,-0.0121,0.0001,1242,1336,1380,1284,0.00,0.01,2.62,0.15,0.6101,1,1,0,0.01,0.00,0.56,-0.05,0.00,0.00,0.15,209,30
16848,0.9,-4.5,0.6,0.054,-0.018,-1.042,4.8,-4.0,0.0,0.0244,-0.0181,0.0000,1230,1322,1391,1299,0.00,0.01,2.62,0.15,0.6101,1,1,0,0.01,0.00,0.56,-0.05,0.00,0.00,0.15,209,30
16858,1.4,3.8,-0.3,0.024,0.012,-0.993,4.9,-4.0,0.0,0.0241,-0.0240,0.0000,1215,1310,1406,1311,0.00,0.01,2.62,0.15,0.6101,1,1,0,0.01,0.00,0.56,-0.05,0.00,0.00,0.15,209,30
16868,-0.4,0.3,1.3,-0.012,0.042,-1.035,4.9,-4.0,0.0,0.0261,-0.0204,-0.0001,1224,1324,1399,1300,0.00,0.01,2.62,0.15,0.6107,1,1,0,0.01,0.00,0.56,-0.05,0.00,0.00,0.15,209,30
16878,-1.0,-1.0,-1.3,0.016,0.021,-1.002,4.9,-4.0,0.0,0.0268,-0.0196,0.0001,1224,1325,1400,1298,0.00,0.01,2.62,0.15,0.6107,1,1,0,0.01,0.00,0.56,-0.05,0.00,0.00,0.15,209,30
16888,-0.2,1.2,0.7,0.036,-0.029,-1.008,4.9,-4.0,0.0,0.0259,-0.0214,0.0000,1235,1333,1415,1318,0.00,0.01,2.62,0.15,0.6180,1,1,0,0.01,0.00,0.56,-0.05,0.00,0.00,0.15,209,30
16898,0.8,2.2,1.1,0.023,-0.024,-0.977,4.9,-4.0,0.0,0.0247,-0.0223,0.0000,1237,1330,1414,1321,0.00,0.01,2.62,0.15,0.6180,1,1,0,0.01,0.00,0.56,-0.05,0.00,0.00,0.15,209,30
16909,-0.2,3.0,0.0,-0.027,0.031,-0.915,4.9,-3.9,0.0,0.0261,-0.0227,0.0000,1235,1335,1417,1316,0.00,0.01,2.62,0.15,0.6180,1,1,0,0.01,0.00,0.56,-0.05,0.00,0.00,0.15,209,30
16919,-1.2,-2.7,-0.2,-0.015,0.025,-1.024,4.8,-3.9,0.0,0.0269,-0.0173,0.0000,1246,1345,1405,1306,0.00,0.01,2.62,0.15,0.6180,1,1,0,0.01,0.00,0.56,-0.05,0.00,0.00,0.15,209,30
16929,1.8,-7.5,-1.5,0.042,-0.006,-1.119,4.8,-4.0,0.0,0.0238,-0.0125,0.0001,1257,1345,1395,1306,0.00,0.01,2.62,0.15,0.6180,1,1,0,0.01,0.00,0.56,-0.05,0.00,0.00,0.15,209,30
16939,1.7,-0.8,0.0,0.049,-0.002,-1.010,4.8,-4.0,0.0,0.0241,-0.0203,0.0000,1237,1330,1414,1321,0.00,0.01,2.62,0.15,0.6180,1,1,0,0.01,0.00,0.56,-0.05,0.00,0.00,0.15,209,30
16949,0.1,3.9,2.5,0.005,0.020,-1.010,4.9,-4.0,0.0,0.0255,-0.0241,-0.0002,1230,1328,1420,1324,0.00,0.01,2.62,0.15,0.6180,1,1,0,0.01,0.00,0.56,-0.05,0.00,0.00,0.15,209,30
16959,-0.6,0.0,-0.5,-0.005,0.021,-1.050,4.8,-3.9,0.0,0.0266,-0.0192,0.0001,1239,1339,1413,1311,0.00,0.01,2.62,0.15,0.6180,1,1,0,0.01,0.00,0.56,-0.05,0.00,0.00,0.15,209,30
16969,-0.2,-2.0,-2.3,0.022,0.010,-0.975,4.8,-4.0,0.0,0.0257,-0.0185,0.0002,1241,1337,1411,1313,0.00,0.01,2.62,0.15,0.6180,1,1,0,0.01,0.00,0.56,-0.05,0.00,0.00,0.15,209,30
16979,-0.5,3.2,-0.2,0.030,-0.022,-0.972,4.8,-4.0,0.0,0.0261,-0.0240,0.0000,1231,1330,1420,1321,0.00,0.01,2.62,0.15,0.6180,1,1,0,0.01,0.00,0.56,-0.05,0.00,0.00,0.15,209,30
16989,-0.1,2.7,0.3,0.009,-0.014,-1.011,4.8,-3.9,0.0,0.0259,-0.0229,0.0000,1237,1334,1416,1319,0.00,0.01,2.62,0.15,0.6186,1,1,0,0.01,0.00,0.56,-0.05,0.00,0.00,0.15,209,30
16999,0.0,0.9,0.5,-0.009,0.003,-0.944,4.8,-3.9,0.0,0.0257,-0.0199,0.0000,1242,1339,1412,1314,0.00,0.01,2.62,0.15,0.6186,1,1,0,0.01,0.00,0.56,-0.05,0.00,0.00,0.15,209,30
17010,-0.8,0.0,-0.9,-0.011,0.020,-0.963,4.8,-3.9,0.0,0.0264,-0.0194,0.0001,1242,1341,1412,1312,0.00,0.01,2.62,0.15,0.6186,1,1,0,0.01,0.00,0.56,-0.05,0.00,0.00,0.15,209,30
17020,0.3,-5.0,0.3,0.021,-0.002,-1.085,4.8,-3.9,0.0,0.0253,-0.0150,0.0000,1252,1344,1401,1309,0.00,0.01,2.62,0.15,0.6186,1,1,0,0.01,0.00,0.56,-0.05,0.00,0.00,0.15,209,30
17030,1.9,-3.2,-0.4,0.050,0.009,-1.042,4.8,-4.0,0.0,0.0238,-0.0189,0.0000,1263,1353,1425,1335,0.00,0.01,2.62,0.15,0.6278,1,1,0,0.01,0.00,0.56,-0.05,0.00,0.00,0.15,209,30
17040,0.7,3.3,-1.3,0.014,0.033,-1.004,4.8,-4.0,0.0,0.0252,-0.0240,0.0001,1249,1346,1440,1341,0.00,0.01,2.62,0.15,0.6278,1,1,0,0.01,0.00,0.56,-0.05,0.00,0.00,0.15,209,30
17050,-0.4,0.4,2.3,0.000,0.024,-1.067,4.9,-3.9,0.0,0.0261,-0.0205,-0.0002,1257,1358,1430,1331,0.00,0.01,2.62,0.15,0.6278,1,1,0,0.01,0.00,0.56,-0.05,0.00,0.00,0.15,209,30
17060,-0.3,-2.1,1.8,0.025,0.001,-1.006,4.8,-4.0,0.0,0.0264,-0.0186,0.0000,1259,1359,1429,1329,0.00,0.01,2.62,0.15,0.6278,1,1,0,0.01,0.00,0.56,-0.05,0.00,0.00,0.15,209,30
17070,-0.5,1.8,-3.4,0.029,-0.005,-0.935,4.8,-4.0,0.0,0.0262,-0.0231,0.0004,1250,1347,1439,1339,0.00,0.01,2.62,0.15,0.6278,1,1,0,0.01,0.00,0.56,-0.05,0.00,0.00,0.15,209,30
17080,-0.5,5.6,0.5,0.022,-0.016,-0.982,4.8,-3.9,0.0,0.0259,-0.0251,-0.0001,1250,1347,1438,1341,0.00,0.01,2.62,0.15,0.6278,1,1,0,0.01,0.00,0.56,-0.05,0.00,0.00,0.15,209,30
17090,0.0,2.8,2.1,-0.004,0.012,-1.024,4.9,-3.9,0.0,0.0257,-0.0230,-0.0001,1260,1358,1427,1330,0.00,0.01,2.62,0.15,0.6278,1,1,0,0.01,0.00,0.56,-0.05,0.00,0.00,0.15,208,30
17100,-0.2,-0.1,-0.5,-0.021,0.028,-0.952,4.9,-3.9,0.0,0.0261,-0.0194,0.0001,1262,1361,1427,1327,0.00,0.01,2.62,0.15,0.6278,1,1,0,0.01,0.00,0.56,-0.05,0.00,0.00,0.15,208,30
17110,-1.0,-2.0,-0.9,-0.003,-0.019,-0.987,4.9,-3.9,0.0,0.0265,-0.0176,0.0001,1262,1361,1428,1328,0.00,0.01,2.62,0.15,0.6284,1,1,0,0.01,0.00,0.56,-0.05,0.00,0.00,0.15,208,30
17121,-0.1,-3.0,0.8,0.022,-0.029,-1.028,4.9,-3.9,0.0,0.0259,-0.0170,0.0000,1266,1360,1424,1330,0.00,0.01,2.62,0.15,0.6284,1,1,0,0.01,0.00,0.56,-0.05,0.00,0.00,0.15,208,30
17131,1.1,-2.7,0.5,0.030,0.000,-0.978,4.9,-4.0,0.0,0.0241,-0.0186,0.0000,1263,1353,1428,1337,0.00,0.01,2.62,0.15,0.6284,1,1,0,0.01,0.00,0.56,-0.05,0.00,0.00,0.15,208,30
17141,1.2,1.2,-2.7,0.012,0.031,-1.009,4.9,-4.0,0.0,0.0245,-0.0214,0.0002,1271,1364,1445,1350,0.00,0.01,2.62,0.15,0.6351,1,1,0,0.01,0.00,0.56,-0.05,0.00,0.00,0.15,208,30
17151,-0.1,-0.9,1.6,-0.008,0.038,-1.099,4.9,-3.9,0.0,0.0259,-0.0192,-0.0001,1274,1375,1440,1342,0.00,0.01,2.62,0.15,0.6351,1,1,0,0.01,0.00,0.56,-0.05,0.00,0.00,0.15,208,30
17161,0.2,-8.0,1.8,0.017,0.026,-1.086,4.8,-3.9,0.0,0.0254,-0.0123,-0.0001,1283,1378,1432,1337,0.00,0.01,2.62,0.15,0.6351,1,1,0,0.01,0.00,0.56,-0.05,0.00,0.00,0.15,208,30
17171,0.9,-4.4,-1.7,0.051,-0.006,-1.011,4.9,-4.0,0.0,0.0249,-0.0157,0.0002,1271,1366,1445,1349,0.00,0.01,2.62,0.15,0.6351,1,1,0,0.01,0.00,0.56,-0.05,0.00,0.00,0.15,208,30
17181,0.4,3.7,0.2,0.043,-0.017,-1.018,4.9,-4.0,0.0,0.0253,-0.0241,0.0000,1257,1356,1458,1359,0.00,0.01,2.62,0.15,0.6351,1,1,0,0.01,0.00,0.56,-0.05,0.00,0.00,0.15,208,30
17191,0.1,4.9,1.2,0.030,0.000,-1.010,4.9,-4.0,0.0,0.0257,-0.0253,0.0000,1262,1360,1453,1356,0.00,0.01,2.62,0.15,0.6351,1,1,0,0.01,0.00,0.56,-0.05,0.00,0.00,0.15,208,30
17201,0.4,3.1,-1.4,0.008,0.043,-0.980,4.9,-4.0,0.0,0.0254,-0.0233,0.0001,1267,1365,1449,1350,0.00,0.01,2.62,0.15,0.6351,1,1,0,0.01,0.00,0.56,-0.05,0.00,0.00,0.15,207,30
17211,-0.5,1.9,-0.4,-0.008,0.045,-0.985,4.9,-3.9,0.0,0.0270,-0.0209,0.0000,1268,1372,1447,1344,0.00,0.01,2.62,0.15,0.6351,1,1,0,0.01,0.00,0.56,-0.05,0.00,0.00,0.15,207,30
17222,-1.8,-0.6,1.7,-0.001,-0.001,-1.040,4.9,-3.9,0.0,0.0277,-0.0195,-0.0001,1273,1376,1442,1340,0.00,0.01,2.62,0.15,0.6351,1,1,0,0.01,0.00,0.56,-0.05,0.00,0.00,0.15,207,30
17232,-0.1,-2.8,2.3,0.035,-0.033,-1.006,4.9,-4.0,0.0,0.0257,-0.0176,-0.0001,1274,1370,1441,1346,0.00,0.01,2.62,0.15,0.6351,1,1,0,0.01,0.00,0.56,-0.05,0.00,0.00,0.15,207,30
17242,0.7,4.5,-2.0,0.038,-0.033,-0.903,4.9,-4.0,0.0,0.0250,-0.0254,0.0002,1260,1355,1456,1359,0.00,0.01,2.62,0.15,0.6351,1,1,0,0.01,0.00,0.56,-0.05,0.00,0.00,0.15,207,30
17252,-0.3,8.9,-1.5,0.001,-0.002,-0.928,4.9,-4.0,0.0,0.0262,-0.0292,0.0001,1259,1358,1457,1357,0.00,0.01,2.62,0.15,0.6351,1,1,0,0.01,0.00,0.56,-0.05,0.00,0.00,0.15,207,30
17262,-0.5,2.2,1.0,-0.024,0.018,-1.000,4.9,-3.9,0.0,0.0262,-0.0182,0.0000,1279,1378,1436,1338,0.00,0.01,2.62,0.15,0.6351,1,1,0,0.01,0.00,0.56,-0.05,0.00,0.00,0.15,207,30
17272,-0.4,-6.5,-1.1,-0.023,0.036,-1.009,4.9,-3.9,0.0,0.0262,-0.0111,0.0001,1289,1387,1427,1328,0.00,0.01,2.62,0.15,0.6351,1,1,0,0.01,0.00,0.56,-0.05,0.00,0.00,0.15,207,30
17282,-0.8,-6.0,-1.1,0.000,0.028,-1.009,4.9,-4.0,0.0,0.0267,-0.0142,0.0001,1279,1378,1437,1337,0.00,0.01,2.62,0.15,0.6351,1,1,0,0.01,0.00,0.56,-0.05,0.00,0.00,0.15,207,30
17292,0.0,-3.7,1.8,0.030,-0.013,-1.064,4.9,-4.0,0.0,0.0257,-0.0169,-0.0001,1274,1369,1441,1347,0.00,0.01,2.62,0.15,0.6351,1,1,0,0.01,0.00,0.56,-0.05,0.00,0.00,0.15,208,30
17302,1.8,-1.0,-0.7,0.044,-0.029,-1.028,4.9,-4.0,0.0,0.0236,-0.0212,0.0001,1271,1360,1445,1355,0.00,0.01,2.62,0.15,0.6351,1,1,0,0.01,0.00,0.56,-0.05,0.00,0.00,0.15,208,30
17312,1.9,2.5,-0.5,0.017,0.023,-0.971,4.9,-4.0,0.0,0.0239,-0.0228,0.0000,1266,1359,1449,1356,0.00,0.01,2.62,0.15,0.6351,1,1,0,0.01,0.00,0.56,-0.05,0.00,0.00,0.15,208,30
17322,0.5,2.2,1.0,-0.012,0.069,-1.016,4.9,-4.0,0.0,0.0260,-0.0213,0.0000,1269,1369,1446,1347,0.00,0.01,2.62,0.15,0.6351,1,1,0,0.01,0.00,0.56,-0.05,0.00,0.00,0.15,208,30
17332,-0.4,-5.7,0.4,-0.007,0.042,-1.126,4.9,-3.9,0.0,0.0263,-0.0139,0.0000,1283,1383,1433,1333,0.00,0.01,2.62,0.15,0.6351,1,1,0,0.01,0.00,0.56,-0.05,0.00,0.00,0.15,208,30
17342,-0.4,-8.8,-1.3,0.039,0.009,-1.070,4.9,-4.0,0.0,0.0263,-0.0114,0.0001,1284,1382,1442,1342,0.00,0.01,2.62,0.15,0.6375,1,1,0,0.01,0.00,0.56,-0.05,0.00,0.00,0.15,208,30
17353,0.0,0.1,-0.5,0.058,-0.014,-0.990,4.9,-4.1,0.0,0.0255,-0.0247,0.0000,1263,1359,1462,1366,0.00,0.01,2.62,0.15,0.6375,1,1,0,0.01,0.00,0.56,-0.05,0.00,0.00,0.15,208,30
17363,0.4,6.9,2.0,0.051,-0.033,-0.989,4.9,-4.1,0.0,0.0254,-0.0273,-0.0001,1258,1355,1466,1370,0.00,0.01,2.62,0.15,0.6375,1,1,0,0.01,0.00,0.56,-0.05,0.00,0.00,0.15,208,30
17373,0.6,6.8,0.1,0.021,-0.003,-0.990,4.9,-4.0,0.0,0.0253,-0.0272,0.0000,1266,1364,1459,1361,0.00,0.01,2.62,0.15,0.6375,1,1,0,0.01,0.00,0.56,-0.05,0.00,0.00,0.15,208,30
17383,-0.1,3.5,-2.1,-0.008,0.040,-0.951,4.9,-4.0,0.0,0.0263,-0.0233,0.0002,1273,1374,1452,1350,0.00,0.01,2.62,0.15,0.6375,1,1,0,0.01,0.00,0.56,-0.05,0.00,0.00,0.15,208,30
17393,-1.3,0.7,2.1,-0.020,0.037,-0.972,4.9,-4.0,0.0,0.0273,-0.0210,-0.0001,1276,1381,1448,1345,0.00,0.01,2.62,0.15,0.6375,1,1,0,0.01,0.00,0.56,-0.05,0.00,0.00,0.15,208,30
17403,-1.8,-3.1,1.4,0.007,0.000,-1.034,4.9,-4.0,0.0,0.0277,-0.0162,0.0000,1280,1385,1445,1341,0.00,0.01,2.62,0.15,0.6375,1,1,0,0.01,0.00,0.56,-0.05,0.00,0.00,0.15,208,30
17413,-0.7,-3.1,-1.8,0.037,-0.044,-0.991,4.9,-4.0,0.0,0.0260,-0.0186,0.0002,1278,1376,1447,1348,0.00,0.01,2.62,0.15,0.6375,1,1,0,0.01,0.00,0.56,-0.05,0.00,0.00,0.15,208,30
17423,0.2,3.1,0.8,0.039,-0.043,-0.889,4.9,-4.1,0.0,0.0257,-0.0236,0.0000,1279,1375,1473,1378,0.00,0.01,2.62,0.15,0.6449,1,1,0,0.01,0.00,0.56,-0.05,0.00,0.00,0.15,208,30
17433,-0.2,8.2,0.5,0.000,-0.009,-0.925,4.9,-4.0,0.0,0.0261,-0.0281,0.0000,1281,1379,1472,1374,0.00,0.01,2.62,0.15,0.6449,1,1,0,0.01,0.00,0.56,-0.05,0.00,0.00,0.15,208,30
17443,0.0,0.5,-0.3,-0.035,0.021,-1.018,4.9,-3.9,0.0,0.0260,-0.0193,0.0000,1296,1394,1456,1358,0.00,0.01,2.62,0.15,0.6449,1,1,0,0.01,0.00,0.56,-0.05,0.00,0.00,0.15,208,30
17453,-0.1,-5.9,-0.2,-0.026,0.038,-1.006,4.9,-4.0,0.0,0.0261,-0.0144,0.0000,1305,1401,1448,1351,0.00,0.01,2.62,0.15,0.6449,1,1,0,0.01,0.00,0.56,-0.05,0.00,0.00,0.15,208,30
17464,-0.4,-5.2,-0.4,-0.017,0.018,-1.002,4.9,-4.0,0.0,0.0264,-0.0153,0.0001,1296,1396,1457,1356,0.00,0.01,2.62,0.15,0.6449,1,1,0,0.01,0.00,0.56,-0.05,0.00,0.00,0.15,208,30
17474,-0.6,-3.8,-1.2,0.013,-0.002,-1.017,4.9,-4.1,0.0,0.0265,-0.0169,0.0001,1293,1392,1460,1360,0.00,0.01,2.62,0.15,0.6449,1,1,0,0.01,0.00,0.56,-0.05,0.00,0.00,0.15,208,30
17484,0.1,-1.8,0.0,0.037,-0.018,-1.023,4.9,-4.1,0.0,0.0258,-0.0185,0.0000,1290,1384,1462,1368,0.00,0.01,2.62,0.15,0.6449,1,1,0,0.01,0.00,0.56,-0.05,0.00,0.00,0.15,208,30
17494,0.8,0.2,-1.9,0.030,-0.023,-0.978,4.9,-4.1,0.0,0.0247,-0.0221,0.0002,1287,1379,1466,1373,0.00,0.01,2.62,0.15,0.6449,1,1,0,0.01,0.00,0.56,-0.05,0.00,0.00,0.15,208,30
17504,0.7,3.0,2.9,0.006,0.023,-0.956,4.9,-4.0,0.0,0.0253,-0.0234,-0.0002,1283,1381,1468,1373,0.00,0.01,2.62,0.15,0.6449,1,1,0,0.01,0.00,0.56,-0.05,0.00,0.00,0.15,208,30
17514,-0.1,0.6,0.0,-0.014,0.024,-1.038,4.9,-4.0,0.0,0.0262,-0.0210,0.0000,1292,1391,1461,1361,0.00,0.01,2.62,0.15,0.6449,1,1,0,0.01,0.00,0.56,-0.05,0.00,0.00,0.15,208,30
17524,0.1,-6.9,0.0,-0.002,0.022,-1.066,4.9,-4.0,0.0,0.0255,-0.0122,0.0000,1305,1401,1447,1352,0.00,0.01,2.62,0.15,0.6449,1,1,0,0.01,0.00,0.56,-0.05,0.00,0.00,0.15,208,30
17534,0.7,-8.4,0.5,0.025,0.031,-1.043,4.9,-4.0,0.0,0.0253,-0.0119,0.0000,1302,1396,1450,1357,0.00,0.01,2.62,0.15,0.6449,1,1,0,0.01,0.00,0.56,-0.05,0.00,0.00,0.15,208,30
17544,0.5,-3.9,-2.0,0.036,0.005,-1.049,4.9,-4.1,0.0,0.0254,-0.0173,0.0002,1290,1386,1468,1370,0.00,0.01,2.62,0.15,0.6461,1,1,0,0.01,0.00,0.56,-0.05,0.00,0.00,0.15,208,30
17554,0.7,0.5,-2.0,0.049,-0.009,-1.063,4.9,-4.1,0.0,0.0252,-0.0215,0.0002,1289,1384,1469,1373,0.00,0.01,2.62,0.15,0.6461,1,1,0,0.01,0.00,0.56,-0.05,0.00,0.00,0.15,208,30
17564,1.1,0.7,-0.3,0.031,-0.006,-1.047,4.9,-4.0,0.0,0.0249,-0.0212,0.0000,1291,1384,1466,1373,0.00,0.01,2.62,0.15,0.6461,1,1,0,0.01,0.00,0.56,-0.05,0.00,0.00,0.15,208,30
17574,1.4,0.6,0.8,0.018,0.012,-1.015,4.9,-4.0,0.0,0.0247,-0.0216,0.0000,1290,1385,1467,1373,0.00,0.01,2.62,0.15,0.6461,1,1,0,0.01,0.00,0.56,-0.05,0.00,0.00,0.15,208,30
17585,0.6,0.4,0.9,0.006,0.035,-1.007,4.9,-4.0,0.0,0.0256,-0.0209,0.0000,1289,1388,1468,1369,0.00,0.01,2.62,0.15,0.6461,1,1,0,0.01,0.00,0.56,-0.05,0.00,0.00,0.15,208,30
17595,-0.2,-0.9,-1.3,0.011,0.025,-1.048,4.9,-4.0,0.0,0.0263,-0.0194,0.0001,1292,1392,1466,1364,0.00,0.01,2.62,0.15,0.6461,1,1,0,0.01,0.00,0.56,-0.05,0.00,0.00,0.15,208,30
17605,0.0,-4.8,1.5,0.024,0.003,-1.081,4.9,-4.0,0.0,0.0257,-0.0168,-0.0001,1298,1395,1463,1367,0.00,0.01,2.62,0.15,0.6473,1,1,0,0.01,0.00,0.56,-0.05,0.00,0.00,0.15,208,30
17615,1.2,-3.4,-0.4,0.049,0.006,-1.017,4.9,-4.1,0.0,0.0248,-0.0171,0.0000,1294,1388,1468,1374,0.00,0.01,2.62,0.15,0.6473,1,1,0,0.01,0.00,0.56,-0.05,0.00,0.00,0.15,208,30
17625,0.9,2.7,-2.0,0.052,0.010,-1.019,4.9,-4.1,0.0,0.0254,-0.0261,0.0002,1295,1391,1495,1398,0.00,0.01,2.62,0.15,0.6546,1,1,0,0.01,0.00,0.56,-0.05,0.00,0.00,0.15,208,30
17635,0.8,4.1,0.8,0.035,0.015,-1.083,4.9,-4.0,0.0,0.0253,-0.0249,0.0000,1298,1396,1490,1394,0.00,0.01,2.62,0.15,0.6546,1,1,0,0.01,0.00,0.56,-0.05,0.00,0.00,0.15,208,30
17645,0.7,1.9,0.7,0.017,0.019,-1.087,4.9,-4.0,0.0,0.0253,-0.0224,0.0000,1305,1402,1484,1388,0.00,0.01,2.62,0.15,0.6546,1,1,0,0.01,0.00,0.56,-0.05,0.00,0.00,0.15,208,30
17655,1.2,-1.2,0.1,0.017,0.026,-1.038,4.9,-4.0,0.0,0.0249,-0.0193,0.0000,1309,1405,1480,1384,0.00,0.01,2.62,0.15,0.6546,1,1,0,0.01,0.00,0.56,-0.05,0.00,0.00,0.15,208,30
17665,0.1,-1.1,0.0,0.031,0.021,-1.022,4.9,-4.1,0.0,0.0259,-0.0193,0.0000,1304,1404,1486,1385,0.00,0.01,2.62,0.15,0.6546,1,1,0,0.01,0.00,0.56,-0.05,0.00,0.00,0.15,208,30
17675,-0.2,0.1,0.0,0.034,0.002,-1.046,4.9,-4.1,0.0,0.0266,-0.0227,0.0000,1299,1400,1491,1389,0.00,0.01,2.62,0.15,0.6546,1,1,0,0.01,0.00,0.56,-0.05,0.00,0.00,0.15,208,30
17686,-0.1,0.3,0.0,0.035,-0.007,-1.058,4.9,-4.0,0.0,0.0261,-0.0218,0.0000,1303,1401,1487,1388,0.00,0.01,2.62,0.15,0.6546,1,1,0,0.01,0.00,0.56,-0.05,0.00,0.00,0.14,208,30
17696,0.9,1.3,-1.3,0.041,-0.006,-1.023,4.9,-4.1,0.0,0.0251,-0.0218,0.0001,1302,1396,1488,1393,0.00,0.01,2.62,0.15,0.6546,1,1,0,0.01,0.00,0.56,-0.05,0.00,0.00,0.15,208,30
17706,1.4,3.0,0.2,0.032,0.017,-1.005,4.9,-4.1,0.0,0.0251,-0.0254,0.0000,1299,1394,1490,1395,0.00,0.01,2.62,0.15,0.6546,1,1,0,0.01,0.00,0.56,-0.05,0.00,0.00,0.15,208,30
17716,1.0,4.5,0.1,0.026,0.031,-1.040,4.9,-4.0,0.0,0.0251,-0.0251,0.0000,1297,1396,1492,1393,0.00,0.01,2.62,0.15,0.6546,1,1,0,0.01,0.00,0.56,-0.05,0.00,0.00,0.15,208,30
17726,0.3,2.1,-2.1,0.012,0.029,-1.087,4.9,-4.0,0.0,0.0259,-0.0223,0.0002,1305,1405,1484,1384,0.00,0.01,2.62,0.15,0.6546,1,1,0,0.01,0.00,0.56,-0.05,0.00,0.00,0.15,208,30
17736,0.7,-3.5,3.2,0.002,0.043,-1.091,4.9,-4.0,0.0,0.0253,-0.0169,-0.0003,1312,1412,1476,1379,0.00,0.01,2.62,0.15,0.6546,1,1,0,0.01,0.00,0.56,-0.05,0.00,0.00,0.15,208,30
17746,0.6,-4.8,1.8,0.022,0.038,-1.041,4.9,-4.0,0.0,0.0257,-0.0175,-0.0001,1309,1408,1480,1382,0.00,0.01,2.62,0.15,0.6546,1,1,0,0.01,0.00,0.56,-0.05,0.00,0.00,0.15,208,30
17756,0.0,-2.4,-2.5,0.040,0.000,-1.031,4.9,-4.1,0.0,0.0262,-0.0180,0.0002,1302,1402,1488,1386,0.00,0.01,2.62,0.15,0.6546,1,1,0,0.01,0.00,0.56,-0.05,0.00,0.00,0.15,208,30
17766,-0.5,0.5,0.0,0.045,-0.005,-1.054,4.9,-4.1,0.0,0.0267,-0.0221,0.0000,1298,1399,1496,1395,0.00,0.01,2.62,0.15,0.6558,1,1,0,0.01,0.00,0.56,-0.05,0.00,0.00,0.15,208,30
17776,0.0,2.5,0.9,0.046,-0.021,-1.042,4.9,-4.0,0.0,0.0261,-0.0249,0.0000,1300,1399,1493,1395,0.00,0.01,2.62,0.15,0.6558,1,1,0,0.01,0.00,0.56,-0.05,0.00,0.00,0.15,208,30
17787,1.1,2.1,-2.0,0.051,-0.013,-1.005,4.9,-4.0,0.0,0.0250,-0.0227,0.0002,1303,1397,1492,1396,0.00,0.01,2.62,0.15,0.6558,1,1,0,0.01,0.00,0.56,-0.05,0.00,0.00,0.15,208,30
17797,1.3,5.3,-0.4,0.037,0.011,-0.998,4.9,-4.0,0.0,0.0249,-0.0269,0.0000,1298,1394,1496,1400,0.00,0.01,2.62,0.15,0.6558,1,1,0,0.01,0.00,0.56,-0.05,0.00,0.00,0.15,208,30
17807,1.0,5.1,0.7,0.015,0.037,-1.047,4.9,-4.0,0.0,0.0253,-0.0254,0.0000,1304,1401,1494,1397,0.00,0.01,2.62,0.15,0.6571,1,1,0,0.01,0.00,0.56,-0.05,0.00,0.00,0.15,208,30
17817,0.6,-1.3,0.6,0.008,0.044,-1.098,4.9,-3.9,0.0,0.0255,-0.0191,0.0000,1317,1416,1481,1382,0.00,0.01,2.62,0.15,0.6571,1,1,0,0.01,0.00,0.56,-0.05,0.00,0.00,0.16,208,30
17827,0.6,-5.1,-0.4,0.005,0.044,-1.088,4.9,-4.0,0.0,0.0260,-0.0154,0.0000,1321,1419,1478,1379,0.00,0.01,2.62,0.15,0.6571,1,1,0,0.01,0.00,0.56,-0.05,0.00,0.00,0.16,208,30
17837,0.5,-6.5,1.4,0.035,0.044,-1.063,4.9,-4.0,0.0,0.0259,-0.0158,-0.0001,1315,1415,1483,1384,0.00,0.01,2.62,0.15,0.6571,1,1,0,0.01,0.00,0.56,-0.05,0.00,0.00,0.16,208,30
17847,-0.7,-2.2,0.2,0.051,0.005,-1.046,4.9,-4.1,0.0,0.0269,-0.0183,0.0000,1305,1407,1496,1394,0.00,0.01,2.62,0.15,0.6577,1,1,0,0.01,0.00,0.56,-0.05,0.00,0.00,0.16,208,30
17857,-0.1,1.8,-1.3,0.062,-0.031,-1.048,4.9,-4.1,0.0,0.0262,-0.0256,0.0001,1303,1401,1499,1399,0.00,0.01,2.62,0.15,0.6577,1,1,0,0.01,0.00,0.56,-0.05,0.00,0.00,0.16,208,30
17867,0.8,2.7,0.7,0.060,-0.033,-1.036,4.9,-4.0,0.0,0.0253,-0.0233,0.0000,1303,1399,1498,1403,0.00,0.01,2.62,0.15,0.6577,1,1,0,0.01,0.00,0.56,-0.05,0.00,0.00,0.16,208,30
17877,1.7,5.1,-0.3,0.041,0.000,-0.987,4.9,-4.0,0.0,0.0244,-0.0257,0.0000,1304,1396,1498,1405,0.00,0.01,2.62,0.15,0.6577,1,1,0,0.01,0.00,0.56,-0.05,0.00,0.00,0.16,208,30
17887,1.6,5.5,-0.1,0.027,0.017,-0.987,4.9,-4.0,0.0,0.0251,-0.0255,0.0000,1305,1399,1496,1401,0.00,0.01,2.62,0.15,0.6577,1,1,0,0.01,0.00,0.56,-0.05,0.00,0.00,0.15,208,30
17898,0.8,3.4,-0.4,0.011,0.039,-1.047,4.9,-4.0,0.0,0.0253,-0.0239,0.0000,1310,1409,1491,1391,0.00,0.01,2.62,0.15,0.6577,1,1,0,0.01,0.00,0.56,-0.05,0.00,0.00,0.16,208,30
17908,0.4,-2.0,-0.2,-0.002,0.048,-1.082,4.9,-3.9,0.0,0.0263,-0.0166,0.0000,1319,1419,1482,1382,0.00,0.01,2.62,0.15,0.6577,1,1,0,0.01,0.00,0.56,-0.05,0.00,0.00,0.16,208,30
17918,0.4,-8.4,-0.2,-0.001,0.049,-1.104,4.9,-3.9,0.0,0.0260,-0.0119,0.0000,1327,1427,1474,1374,0.00,0.01,2.62,0.15,0.6577,1,1,0,0.01,0.00,0.56,-0.05,0.00,0.00,0.16,208,30
17928,0.0,-8.2,1.8,0.008,0.059,-1.071,4.9,-4.0,0.0,0.0262,-0.0131,-0.0001,1318,1420,1487,1386,0.00,0.01,2.62,0.15,0.6589,1,1,0,0.01,0.00,0.56,-0.05,0.00,0.00,0.16,208,30
17938,-0.4,-3.1,-0.8,0.047,0.005,-1.063,4.9,-4.1,0.0,0.0267,-0.0214,0.0001,1312,1412,1494,1393,0.00,0.01,2.62,0.15,0.6589,1,1,0,0.01,0.00,0.56,-0.05,0.00,0.00,0.16,208,30
17948,-0.6,-0.2,0.4,0.072,-0.037,-1.082,4.9,-4.1,0.0,0.0269,-0.0204,0.0000,1320,1421,1515,1415,0.00,0.01,2.62,0.15,0.6668,1,1,0,0.01,0.00,0.56,-0.05,0.00,0.00,0.16,208,30
17958,1.1,3.1,-1.5,0.075,-0.061,-1.029,4.9,-4.0,0.0,0.0251,-0.0237,0.0001,1323,1416,1513,1419,0.00,0.01,2.62,0.15,0.6668,1,1,0,0.01,0.00,0.56,-0.05,0.00,0.00,0.16,208,30
17968,1.7,4.9,-0.5,0.054,-0.025,-1.002,4.9,-4.0,0.0,0.0243,-0.0269,0.0000,1321,1413,1515,1422,0.00,0.01,2.62,0.15,0.6668,1,1,0,0.01,0.00,0.56,-0.05,0.00,0.00,0.16,208,30
17978,1.6,5.8,0.7,0.041,0.003,-0.992,4.9,-4.0,0.0,0.0246,-0.0264,0.0000,1321,1416,1514,1420,0.00,0.01,2.62,0.15,0.6668,1,1,0,0.01,0.00,0.56,-0.05,0.00,0.00,0.15,208,30
17988,1.2,5.2,-1.6,0.019,0.020,-1.022,4.9,-3.9,0.0,0.0249,-0.0258,0.0001,1324,1418,1512,1416,0.00,0.01,2.62,0.15,0.6668,1,1,0,0.01,0.00,0.56,-0.05,0.00,0.00,0.16,208,30
17998,1.2,0.0,-1.7,-0.007,0.029,-1.055,4.9,-3.9,0.0,0.0251,-0.0170,0.0001,1338,1433,1498,1402,0.00,0.01,2.62,0.15,0.6668,1,1,0,0.01,0.00,0.56,-0.05,0.00,0.00,0.16,208,30
18009,0.9,-5.4,2.3,-0.021,0.046,-1.074,4.9,-3.9,0.0,0.0253,-0.0150,-0.0001,1347,1444,1488,1392,0.00,0.01,2.62,0.15,0.6668,1,1,0,0.01,0.00,0.56,-0.05,0.00,0.00,0.16,208,30
18019,0.9,-10.3,0.8,-0.023,0.060,-1.065,4.9,-3.9,0.0,0.0253,-0.0101,0.0000,1350,1447,1485,1389,0.00,0.01,2.62,0.15,0.6668,1,1,0,0.01,0.00,0.56,-0.05,0.00,0.00,0.16,208,30
18029,0.4,-10.4,-0.9,-0.011,0.066,-1.038,4.9,-4.0,0.0,0.0259,-0.0104,0.0001,1348,1445,1491,1392,0.00,0.01,2.62,0.15,0.6674,1,1,0,0.01,0.00,0.56,-0.05,0.00,0.00,0.16,208,30
18039,-0.7,-7.1,-0.8,0.005,0.027,-1.050,4.9,-4.0,0.0,0.0270,-0.0134,0.0001,1337,1439,1501,1398,0.00,0.01,2.62,0.15,0.6674,1,1,0,0.01,0.00,0.56,-0.05,0.00,0.00,0.16,208,30
18049,-1.7,-6.3,-0.4,0.013,0.000,-1.056,4.9,-4.0,0.0,0.0276,-0.0160,0.0000,1337,1441,1501,1397,0.00,0.01,2.62,0.15,0.6674,1,1,0,0.01,0.00,0.56,-0.05,0.00,0.00,0.16,208,30
18059,-0.9,-6.0,-0.7,0.044,-0.025,-1.015,4.9,-4.0,0.0,0.0272,-0.0145,0.0001,1335,1432,1503,1405,0.00,0.01,2.62,0.15,0.6674,1,1,0,0.01,0.00,0.56,-0.05,0.00,0.00,0.16,208,30
18069,0.1,-0.6,-0.3,0.054,-0.040,-0.977,4.9,-4.0,0.0,0.0261,-0.0199,0.0000,1327,1421,1511,1417,0.00,0.01,2.62,0.15,0.6674,1,1,0,0.01,0.00,0.56,-0.05,0.00,0.00,0.16,208,30
18079,0.0,4.2,-0.2,0.043,-0.046,-0.933,4.9,-4.0,0.0,0.0256,-0.0262,0.0000,1321,1418,1517,1420,0.00,0.01,2.62,0.15,0.6674,1,1,0,0.01,0.00,0.56,-0.05,0.00,0.00,0.16,208,30
18089,-0.3,7.4,-0.5,0.032,-0.044,-0.925,4.9,-4.0,0.0,0.0266,-0.0281,0.0000,1337,1435,1538,1439,0.00,0.01,2.62,0.15,0.6772,1,1,0,0.01,0.00,0.56,-0.05,0.00,0.00,0.16,208,30
18099,0.5,8.4,-0.7,0.015,-0.029,-0.961,4.9,-3.9,0.0,0.0253,-0.0258,0.0000,1341,1436,1534,1438,0.00,0.01,2.62,0.15,0.6772,1,1,0,0.01,0.00,0.56,-0.05,0.00,0.00,0.16,208,30
18109,-0.1,4.7,0.4,-0.014,-0.015,-0.966,4.9,-3.9,0.0,0.0262,-0.0240,0.0000,1348,1447,1526,1428,0.00,0.01,2.62,0.15,0.6772,1,1,0,0.01,0.00,0.56,-0.05,0.00,0.00,0.16,208,30
18119,0.0,2.6,0.3,-0.019,0.007,-0.966,4.9,-3.9,0.0,0.0263,-0.0208,0.0000,1353,1452,1521,1422,0.00,0.01,2.62,0.15,0.6772,1,1,0,0.01,0.00,0.56,-0.05,0.00,0.00,0.16,208,30
18130,0.5,1.1,1.2,-0.029,0.045,-0.958,4.9,-3.9,0.0,0.0257,-0.0217,0.0000,1351,1449,1524,1426,0.00,0.01,2.62,0.15,0.6772,1,1,0,0.01,0.00,0.56,-0.05,0.00,0.00,0.16,208,30
18140,-0.7,1.3,2.0,-0.040,0.042,-0.992,4.9,-3.9,0.0,0.0273,-0.0210,-0.0001,1348,1453,1526,1422,0.00,0.01,2.62,0.15,0.6772,1,1,0,0.01,0.00,0.56,-0.05,0.00,0.00,0.16,208,30
18150,-0.7,-0.1,-0.4,-0.030,0.040,-1.001,4.9,-3.9,0.0,0.0271,-0.0204,0.0000,1349,1453,1525,1421,0.00,0.01,2.62,0.16,0.6772,1,1,0,0.01,0.00,0.56,-0.05,0.00,0.00,0.16,208,30
18160,-0.3,-1.5,2.5,-0.021,0.039,-1.056,4.9,-4.0,0.0,0.0270,-0.0176,-0.0002,1352,1455,1521,1420,0.00,0.01,2.62,0.16,0.6772,1,1,0,0.01,0.00,0.56,-0.05,0.00,0.00,0.16,208,30
18170,0.0,-5.4,0.8,-0.006,0.049,-1.092,4.9,-4.0,0.0,0.0263,-0.0151,0.0000,1357,1459,1517,1416,0.00,0.01,2.62,0.16,0.6772,1,1,0,0.01,0.00,0.56,-0.05,0.00,0.00,0.16,208,30
18180,0.7,-7.9,-0.7,0.005,0.044,-1.066,4.9,-4.0,0.0,0.0257,-0.0130,0.0001,1357,1456,1518,1418,0.00,0.01,2.62,0.16,0.6772,1,1,0,0.01,0.00,0.56,-0.05,0.00,0.00,0.16,208,30
18190,-0.1,-5.7,0.2,0.021,0.033,-1.037,4.9,-4.1,0.0,0.0269,-0.0187,0.0000,1351,1453,1524,1422,0.00,0.01,2.62,0.16,0.6772,1,1,0,0.01,0.00,0.56,-0.05,0.00,0.00,0.16,208,30
18200,-0.3,-3.3,-0.3,0.040,0.026,-1.052,4.9,-4.1,0.0,0.0267,-0.0173,0.0000,1343,1445,1532,1429,0.00,0.01,2.62,0.16,0.6772,1,1,0,0.01,0.00,0.56,-0.05,0.00,0.00,0.16,208,30
18210,0.0,-1.5,-2.8,0.042,0.003,-1.056,4.9,-4.1,0.0,0.0265,-0.0222,0.0003,1348,1447,1532,1431,0.00,0.01,2.62,0.16,0.6784,1,1,0,0.01,0.00,0.56,-0.05,0.00,0.00,0.16,207,30
18220,0.0,-1.0,-0.4,0.046,-0.015,-1.065,4.9,-4.1,0.0,0.0262,-0.0196,0.0000,1348,1446,1531,1434,0.00,0.01,2.62,0.16,0.6784,1,1,0,0.01,0.00,0.56,-0.05,0.00,0.00,0.16,207,30
18231,1.0,-1.4,0.0,0.033,-0.006,-1.051,4.9,-4.0,0.0,0.0248,-0.0213,0.0000,1350,1443,1529,1436,0.00,0.01,2.62,0.16,0.6784,1,1,0,0.01,0.00,0.56,-0.05,0.00,0.00,0.16,207,30
18241,1.1,-1.1,-1.0,0.029,-0.003,-1.004,4.9,-4.0,0.0,0.0252,-0.0195,0.0001,1353,1446,1527,1433,0.00,0.01,2.62,0.16,0.6784,1,1,0,0.01,0.00,0.56,-0.05,0.00,0.00,0.16,207,30
18251,0.5,1.1,-2.0,0.026,-0.012,-0.964,4.9,-4.0,0.0,0.0256,-0.0223,0.0002,1362,1457,1548,1451,0.00,0.01,2.62,0.16,0.6863,1,1,0,0.01,0.00,0.56,-0.05,0.00,0.00,0.16,207,30
18261,0.2,3.2,2.0,0.018,0.005,-0.953,4.9,-4.0,0.0,0.0259,-0.0242,-0.0001,1361,1458,1548,1452,0.00,0.01,2.62,0.16,0.6863,1,1,0,0.01,0.00,0.56,-0.05,0.00,0.00,0.16,207,30
18271,-0.3,5.3,-1.1,0.015,-0.019,-0.951,4.9,-4.0,0.0,0.0267,-0.0260,0.0001,1359,1459,1551,1450,0.00,0.01,2.62,0.16,0.6863,1,1,0,0.01,0.00,0.56,-0.05,0.00,0.00,0.16,207,30
18281,-1.0,5.5,-4.3,0.005,-0.015,-0.990,4.9,-4.0,0.0,0.0270,-0.0241,0.0004,1364,1464,1549,1446,0.00,0.01,2.62,0.16,0.6870,1,1,0,0.01,0.00,0.56,-0.05,0.00,0.00,0.16,207,30
18291,-0.6,2.8,3.4,-0.010,0.007,-0.996,4.9,-4.0,0.0,0.0268,-0.0204,-0.0004,1366,1468,1544,1445,0.00,0.01,2.62,0.16,0.6870,1,1,0,0.01,0.00,0.56,-0.05,0.00,0.00,0.15,207,30
18301,0.0,0.8,2.9,-0.001,0.012,-0.997,4.9,-4.0,0.0,0.0264,-0.0216,-0.0002,1370,1470,1540,1442,0.00,0.01,2.62,0.16,0.6870,1,1,0,0.01,0.00,0.56,-0.05,0.00,0.00,0.16,207,30
18311,0.8,-0.6,-2.9,0.016,0.033,-1.010,4.9,-4.0,0.0,0.0258,-0.0199,0.0003,1369,1469,1543,1441,0.00,0.01,2.62,0.16,0.6870,1,1,0,0.01,0.00,0.56,-0.05,0.00,0.00,0.16,208,30
18321,0.7,-0.4,1.7,0.018,0.034,-1.025,4.9,-4.0,0.0,0.0258,-0.0203,-0.0001,1367,1467,1543,1445,0.00,0.01,2.62,0.16,0.6870,1,1,0,0.01,0.00,0.56,-0.05,0.00,0.00,0.16,208,30
18331,0.4,-0.1,1.7,0.017,0.036,-1.043,4.9,-4.0,0.0,0.0259,-0.0206,-0.0001,1364,1466,1547,1446,0.00,0.01,2.62,0.16,0.6870,1,1,0,0.01,0.00,0.56,-0.05,0.00,0.00,0.16,208,30
18341,0.6,-1.2,-2.4,0.027,0.034,-1.071,4.9,-4.0,0.0,0.0258,-0.0195,0.0002,1368,1468,1544,1442,0.00,0.01,2.62,0.16,0.6870,1,1,0,0.01,0.00,0.56,-0.05,0.00,0.00,0.16,208,30
18351,0.0,-2.2,-0.6,0.011,0.010,-1.088,4.9,-4.0,0.0,0.0264,-0.0181,0.0000,1372,1471,1540,1440,0.00,0.01,2.62,0.16,0.6870,1,1,0,0.01,0.00,0.56,-0.05,0.00,0.00,0.16,209,30
18362,0.0,-5.6,2.6,0.004,0.027,-1.073,4.9,-4.0,0.0,0.0265,-0.0150,-0.0002,1376,1476,1535,1436,0.00,0.01,2.62,0.16,0.6870,1,1,0,0.01,0.00,0.56,-0.05,0.00,0.00,0.16,208,30
18372,0.3,-9.0,1.0,-0.004,0.012,-1.019,4.9,-4.0,0.0,0.0258,-0.0118,0.0000,1384,1480,1528,1432,0.00,0.01,2.62,0.16,0.6870,1,1,0,0.01,0.00,0.56,-0.05,0.00,0.00,0.16,208,30
18382,0.0,-5.4,-1.6,-0.001,0.009,-0.984,4.9,-4.1,0.0,0.0264,-0.0157,0.0002,1377,1475,1540,1440,0.00,0.01,2.62,0.16,0.6882,1,1,0,0.01,0.00,0.56,-0.05,0.00,0.00,0.16,208,30
18392,-0.5,-2.8,1.3,-0.004,0.003,-0.949,4.9,-4.0,0.0,0.0268,-0.0182,-0.0001,1369,1471,1546,1446,0.00,0.01,2.62,0.16,0.6882,1,1,0,0.01,0.00,0.56,-0.05,0.00,0.00,0.16,208,30
18402,-1.3,-0.7,2.2,0.017,-0.009,-0.935,4.9,-4.1,0.0,0.0278,-0.0214,-0.0001,1380,1485,1566,1461,0.00,0.01,2.62,0.16,0.6961,1,1,0,0.01,0.00,0.56,-0.05,0.00,0.00,0.16,208,30
18412,-1.8,1.5,-2.0,0.023,-0.015,-0.957,4.9,-4.1,0.0,0.0282,-0.0224,0.0002,1374,1481,1573,1464,0.00,0.01,2.62,0.16,0.6961,1,1,0,0.01,0.00,0.56,-0.05,0.00,0.00,0.16,208,30
18422,-1.9,1.6,1.0,0.024,-0.024,-1.007,4.9,-4.1,0.0,0.0285,-0.0237,-0.0001,1374,1482,1572,1464,0.00,0.01,2.62,0.16,0.6961,1,1,0,0.01,0.00,0.56,-0.05,0.00,0.00,0.16,208,30
18432,-1.4,0.0,3.9,0.033,-0.018,-1.022,4.9,-4.1,0.0,0.0279,-0.0214,-0.0003,1377,1484,1568,1464,0.00,0.01,2.62,0.16,0.6961,1,1,0,0.01,0.00,0.56,-0.05,0.00,0.00,0.16,208,30
18442,-0.3,-0.3,-1.3,0.048,-0.005,-1.044,4.9,-4.1,0.0,0.0268,-0.0205,0.0001,1380,1481,1567,1464,0.00,0.01,2.62,0.16,0.6961,1,1,0,0.01,0.00,0.56,-0.05,0.00,0.00,0.16,208,30
18452,0.6,-2.1,-0.5,0.057,0.001,-1.047,4.9,-4.1,0.0,0.0257,-0.0231,0.0000,1381,1478,1565,1468,0.00,0.01,2.62,0.16,0.6961,1,1,0,0.01,0.00,0.56,-0.05,0.00,0.00,0.16,208,30
18463,1.4,-0.8,1.4,0.060,-0.006,-1.020,4.9,-4.1,0.0,0.0249,-0.0214,-0.0001,1380,1475,1566,1472,0.00,0.01,2.62,0.16,0.6961,1,1,0,0.01,0.00,0.56,-0.05,0.00,0.00,0.16,208,30
18473,0.0,-1.0,-1.7,0.060,-0.016,-0.975,4.9,-4.1,0.0,0.0264,-0.0198,0.0002,1382,1480,1565,1465,0.00,0.01,2.62,0.16,0.6961,1,1,0,0.01,0.00,0.56,-0.05,0.00,0.00,0.16,208,30
18483,-1.0,0.6,-1.1,0.058,-0.037,-0.952,4.9,-4.1,0.0,0.0270,-0.0241,0.0001,1396,1498,1590,1487,0.00,0.01,2.62,0.16,0.7065,1,1,0,0.01,0.00,0.56,-0.05,0.00,0.00,0.16,208,30
18493,-2.4,1.8,1.1,0.044,-0.050,-0.943,4.9,-4.0,0.0,0.0287,-0.0234,0.0000,1393,1501,1592,1484,0.00,0.01,2.62,0.16,0.7065,1,1,0,0.01,0.00,0.56,-0.05,0.00,0.00,0.16,208,30
18503,-2.5,2.8,0.3,0.037,-0.052,-0.946,4.9,-4.0,0.0,0.0290,-0.0237,0.0000,1393,1502,1592,1484,0.00,0.01,2.62,0.16,0.7065,1,1,0,0.01,0.00,0.56,-0.05,0.00,0.00,0.16,208,30
18513,-1.6,3.1,1.4,0.034,-0.037,-0.973,4.8,-4.1,0.0,0.0276,-0.0252,0.0000,1392,1497,1592,1488,0.00,0.01,2.62,0.16,0.7065,1,1,0,0.01,0.00,0.56,-0.05,0.00,0.00,0.16,208,30
18523,-0.8,0.8,-0.7,0.039,-0.017,-1.028,4.8,-4.1,0.0,0.0273,-0.0217,0.0001,1397,1499,1593,1490,0.00,0.01,2.62,0.16,0.7077,1,1,0,0.01,0.00,0.56,-0.05,0.00,0.00,0.16,208,30
18533,0.0,-2.3,1.2,0.047,0.009,-1.070,4.8,-4.1,0.0,0.0265,-0.0198,-0.0001,1402,1503,1588,1487,0.00,0.01,2.62,0.16,0.7077,1,1,0,0.01,0.00,0.56,-0.05,0.00,0.00,0.16,208,30
18543,0.1,-6.0,-0.1,0.042,0.018,-1.072,4.8,-4.1,0.0,0.0262,-0.0148,0.0000,1405,1505,1585,1485,0.00,0.01,2.62,0.16,0.7077,1,1,0,0.01,0.00,0.56,-0.05,0.00,0.00,0.15,208,30
18553,0.0,-8.1,-2.6,0.021,0.017,-1.017,4.8,-4.1,0.0,0.0264,-0.0165,0.0003,1409,1507,1582,1482,0.00,0.01,2.62,0.16,0.7077,1,1,0,0.01,0.00,0.56,-0.05,0.00,0.00,0.15,208,30
18563,-0.9,-7.7,1.3,0.011,0.012,-0.963,4.8,-4.1,0.0,0.0274,-0.0139,0.0000,1412,1517,1577,1473,0.00,0.01,2.62,0.16,0.7077,1,1,0,0.01,0.00,0.56,-0.05,0.00,0.00,0.15,208,30
18574,-1.0,-4.6,1.4,0.011,0.018,-0.916,4.8,-4.1,0.0,0.0275,-0.0162,-0.0001,1406,1511,1584,1479,0.00,0.01,2.62,0.16,0.7077,1,1,0,0.01,0.00,0.56,-0.05,0.00,0.00,0.16,208,30
18584,-0.7,-2.1,-0.8,0.004,0.039,-0.955,4.8,-4.1,0.0,0.0281,-0.0203,0.0001,1417,1524,1606,1497,0.00,0.01,2.62,0.16,0.7162,1,1,0,0.01,0.00,0.56,-0.05,0.00,0.00,0.16,208,30
18594,-0.3,-1.6,0.4,0.004,0.055,-1.004,4.9,-4.1,0.0,0.0268,-0.0193,0.0000,1416,1523,1606,1499,0.00,0.01,2.62,0.16,0.7162,1,1,0,0.01,0.00,0.56,-0.05,0.00,0.00,0.16,208,30
18604,0.2,-2.6,1.5,0.008,0.061,-1.085,4.9,-4.1,0.0,0.0262,-0.0183,-0.0001,1419,1523,1603,1500,0.00,0.01,2.62,0.16,0.7162,1,1,0,0.01,0.00,0.56,-0.05,0.00,0.00,0.16,208,30
18614,1.1,-6.3,-1.2,-0.007,0.067,-1.100,4.8,-4.1,0.0,0.0258,-0.0148,0.0001,1432,1531,1591,1491,0.00,0.01,2.62,0.16,0.7162,1,1,0,0.01,0.00,0.56,-0.05,0.00,0.00,0.16,208,30
18624,-0.1,-7.3,-2.4,-0.028,0.048,-1.076,4.8,-4.0,0.0,0.0266,-0.0134,0.0002,1437,1539,1586,1482,0.00,0.01,2.62,0.16,0.7162,1,1,0,0.01,0.00,0.56,-0.05,0.00,0.00,0.16,208,30
18634,-1.1,-4.1,0.6,-0.054,0.036,-1.008,4.9,-4.0,0.0,0.0276,-0.0151,0.0000,1438,1542,1584,1480,0.00,0.01,2.62,0.16,0.7162,1,1,0,0.01,0.00,0.56,-0.05,0.00,0.00,0.15,208,30
18644,-0.1,-0.5,1.4,-0.049,0.023,-0.980,4.9,-4.0,0.0,0.0266,-0.0202,-0.0001,1437,1537,1590,1490,0.00,0.01,2.62,0.16,0.7175,1,1,0,0.01,0.00,0.56,-0.05,0.00,0.00,0.15,208,30
18654,0.5,2.2,-0.9,-0.027,0.030,-1.020,4.9,-4.0,0.0,0.0261,-0.0192,0.0000,1432,1532,1595,1495,0.00,0.01,2.62,0.16,0.7175,1,1,0,0.01,0.00,0.56,-0.05,0.00,0.00,0.16,208,30
18665,1.4,2.0,2.4,-0.006,0.016,-1.110,4.9,-4.0,0.0,0.0251,-0.0229,-0.0002,1431,1528,1594,1501,0.00,0.01,2.63,0.16,0.7175,1,1,0,0.01,0.00,0.56,-0.05,0.00,0.00,0.16,208,30
18675,1.3,0.0,0.5,0.011,0.005,-1.126,4.9,-4.0,0.0,0.0249,-0.0203,0.0000,1432,1525,1594,1502,0.00,0.01,2.62,0.16,0.7175,1,1,0,0.01,0.00,0.56,-0.05,0.00,0.00,0.16,208,30
18685,1.7,-2.0,-2.6,0.016,-0.008,-1.045,4.8,-4.0,0.0,0.0241,-0.0166,0.0002,1441,1531,1591,1499,0.00,0.01,2.62,0.16,0.7187,1,1,0,0.01,0.00,0.56,-0.05,0.00,0.00,0.16,208,30
18695,0.4,1.2,1.0,0.029,-0.044,-0.930,4.8,-4.0,0.0,0.0261,-0.0221,0.0000,1432,1526,1599,1505,0.00,0.01,2.63,0.16,0.7187,1,1,0,0.01,0.00,0.56,-0.05,0.00,0.00,0.16,209,30
18705,-0.3,4.8,2.1,0.035,-0.049,-0.893,4.8,-4.1,0.0,0.0269,-0.0257,-0.0001,1434,1533,1622,1524,0.00,0.01,2.63,0.16,0.7254,1,1,0,0.01,0.00,0.56,-0.05,0.00,0.00,0.16,209,30
18715,-0.5,7.3,-1.4,0.052,-0.034,-0.918,4.8,-4.1,0.0,0.0268,-0.0287,0.0001,1424,1524,1634,1532,0.00,0.01,2.63,0.16,0.7254,1,1,0,0.01,0.00,0.56,-0.05,0.00,0.00,0.16,208,30
18725,0.1,5.9,-1.7,0.078,-0.022,-1.012,4.9,-4.1,0.0,0.0264,-0.0269,0.0002,1421,1521,1636,1535,0.00,0.01,2.63,0.16,0.7254,1,1,0,0.01,0.00,0.56,-0.05,0.00,0.00,0.15,208,30
18735,0.5,2.5,1.0,0.077,-0.003,-1.057,4.9,-4.2,0.0,0.0260,-0.0235,0.0000,1424,1524,1632,1533,0.00,0.01,2.63,0.16,0.7254,1,1,0,0.01,0.00,0.56,-0.05,0.00,0.00,0.15,208,30
18745,-0.5,-2.2,-2.1,0.065,-0.017,-0.996,4.9,-4.1,0.0,0.0271,-0.0199,0.0002,1436,1537,1622,1519,0.00,0.01,2.62,0.16,0.7254,1,1,0,0.01,0.00,0.56,-0.05,0.00,0.00,0.16,208,30
18755,-1.3,-0.4,-2.8,0.021,-0.013,-0.902,4.9,-4.1,0.0,0.0279,-0.0205,0.0003,1433,1536,1625,1519,0.00,0.01,2.63,0.16,0.7254,1,1,0,0.01,0.00,0.56,-0.05,0.00,0.00,0.16,208,30
18765,-0.9,1.5,3.2,-0.003,0.023,-0.884,4.9,-4.1,0.0,0.0283,-0.0237,-0.0002,1429,1537,1626,1520,0.00,0.01,2.63,0.16,0.7254,1,1,0,0.01,0.00,0.56,-0.05,0.00,0.00,0.16,208,30
18775,0.0,1.2,2.5,0.012,0.036,-0.971,4.9,-4.1,0.0,0.0269,-0.0228,-0.0002,1431,1535,1625,1522,0.00,0.01,2.63,0.16,0.7254,1,1,0,0.01,0.00,0.56,-0.05,0.00,0.00,0.16,208,30
18786,0.8,-1.2,-2.9,0.008,0.043,-1.087,4.9,-4.1,0.0,0.0257,-0.0197,0.0003,1436,1537,1621,1519,0.00,0.01,2.63,0.16,0.7254,1,1,0,0.01,0.00,0.56,-0.05,0.00,0.00,0.16,208,30
18796,0.8,-3.1,0.8,0.003,0.042,-1.082,4.8,-4.1,0.0,0.0260,-0.0177,0.0000,1445,1544,1611,1513,0.00,0.01,2.63,0.16,0.7254,1,1,0,0.01,0.00,0.56,-0.05,0.00,0.00,0.16,208,30
18806,-0.2,-1.7,1.1,-0.022,0.018,-0.988,4.9,-4.0,0.0,0.0268,-0.0191,0.0000,1448,1550,1609,1506,0.00,0.01,2.63,0.16,0.7254,1,1,0,0.01,0.00,0.56,-0.05,0.00,0.00,0.16,208,30
18816,0.0,2.0,0.0,-0.019,0.001,-0.928,4.9,-4.0,0.0,0.0268,-0.0194,0.0000,1445,1547,1612,1510,0.00,0.01,2.63,0.16,0.7254,1,1,0,0.01,0.00,0.56,-0.05,0.00,0.00,0.16,208,30
18826,0.3,5.4,-0.2,0.006,0.005,-1.011,4.9,-4.0,0.0,0.0263,-0.0246,0.0000,1437,1537,1622,1522,0.00,0.01,2.63,0.16,0.7260,1,1,0,0.01,0.00,0.56,-0.05,0.00,0.00,0.16,208,30
18836,0.4,4.9,-0.4,0.036,0.009,-1.102,4.9,-4.0,0.0,0.0263,-0.0246,0.0000,1436,1536,1623,1523,0.00,0.01,2.63,0.16,0.7260,1,1,0,0.01,0.00,0.56,-0.05,0.00,0.00,0.16,208,30
18846,-0.3,0.6,-2.5,0.038,-0.004,-1.143,4.8,-4.1,0.0,0.0264,-0.0212,0.0002,1441,1539,1618,1519,0.00,0.01,2.63,0.16,0.7260,1,1,0,0.01,0.00,0.56,-0.05,0.00,0.00,0.16,208,30
18856,-0.6,-0.7,-3.1,0.027,-0.015,-1.056,4.8,-4.0,0.0,0.0273,-0.0202,0.0003,1445,1544,1615,1514,0.00,0.01,2.63,0.16,0.7260,1,1,0,0.01,0.00,0.56,-0.05,0.00,0.00,0.16,208,30
18866,-1.4,1.0,0.5,0.008,-0.018,-0.960,4.8,-4.0,0.0,0.0280,-0.0220,0.0000,1443,1544,1616,1514,0.00,0.01,2.63,0.16,0.7260,1,1,0,0.01,0.00,0.56,-0.05,0.00,0.00,0.16,208,30
18876,-1.7,2.2,2.2,0.007,-0.024,-0.952,4.9,-4.0,0.0,0.0281,-0.0220,-0.0001,1435,1541,1624,1518,0.00,0.01,2.63,0.16,0.7260,1,1,0,0.01,0.00,0.56,-0.05,0.00,0.00,0.16,208,30
18886,-0.5,0.3,-1.4,0.033,0.002,-1.056,4.8,-4.1,0.0,0.0271,-0.0213,0.0001,1435,1537,1624,1521,0.00,0.01,2.63,0.16,0.7260,1,1,0,0.01,0.00,0.56,-0.05,0.00,0.00,0.16,208,30
18896,0.4,-3.6,0.4,0.025,0.008,-1.108,4.8,-4.1,0.0,0.0261,-0.0174,0.0000,1445,1543,1614,1516,0.00,0.01,2.63,0.16,0.7260,1,1,0,0.01,0.00,0.56,-0.05,0.00,0.00,0.16,208,30
18907,-0.2,-6.0,1.4,0.005,0.015,-1.064,4.8,-4.1,0.0,0.0265,-0.0164,0.0000,1467,1567,1629,1529,0.00,0.01,2.63,0.16,0.7358,1,1,0,0.01,0.00,0.56,-0.05,0.00,0.00,0.16,208,30
18917,-0.4,-5.7,-1.4,-0.018,-0.001,-0.958,4.9,-4.1,0.0,0.0270,-0.0153,0.0002,1468,1568,1629,1527,0.00,0.01,2.63,0.16,0.7358,1,1,0,0.01,0.00,0.56,-0.05,0.00,0.00,0.16,209,30
18927,-0.3,-2.8,1.8,-0.029,0.011,-0.897,4.9,-4.1,0.0,0.0270,-0.0181,-0.0001,1462,1565,1633,1531,0.00,0.01,2.63,0.16,0.7358,1,1,0,0.01,0.00,0.56,-0.05,0.00,0.00,0.16,209,30
18937,0.8,-1.6,3.7,-0.006,0.031,-0.985,4.9,-4.1,0.0,0.0263,-0.0207,-0.0003,1458,1559,1636,1538,0.00,0.01,2.63,0.16,0.7358,1,1,0,0.01,0.00,0.56,-0.05,0.00,0.00,0.16,209,30
18947,1.5,-4.7,0.0,0.020,0.053,-1.114,4.9,-4.1,0.0,0.0252,-0.0172,0.0000,1463,1559,1633,1537,0.00,0.01,2.63,0.16,0.7358,1,1,0,0.01,0.00,0.56,-0.05,0.00,0.00,0.16,209,30
18957,2.6,-7.5,-3.1,0.022,0.037,-1.119,4.8,-4.1,0.0,0.0239,-0.0134,0.0003,1476,1565,1621,1530,0.00,0.01,2.63,0.16,0.7358,1,1,0,0.01,0.00,0.56,-0.05,0.00,0.00,0.16,209,30
18967,0.3,-3.3,-0.5,-0.011,0.005,-0.974,4.8,-4.1,0.0,0.0258,-0.0169,0.0001,1467,1564,1629,1531,0.00,0.01,2.63,0.16,0.7358,1,1,0,0.01,0.00,0.56,-0.05,0.00,0.00,0.16,209,30
18977,-0.2,0.3,1.2,-0.003,-0.012,-0.904,4.9,-4.1,0.0,0.0268,-0.0212,0.0000,1458,1559,1638,1537,0.00,0.01,2.63,0.16,0.7358,1,1,0,0.01,0.00,0.56,-0.05,0.00,0.00,0.16,209,30
18987,0.4,1.3,0.8,0.032,-0.003,-0.990,4.9,-4.1,0.0,0.0260,-0.0239,0.0000,1453,1552,1642,1544,0.00,0.01,2.63,0.16,0.7358,1,1,0,0.01,0.00,0.56,-0.05,0.00,0.00,0.16,209,30
18997,0.9,0.3,-0.9,0.037,0.005,-1.079,4.8,-4.1,0.0,0.0256,-0.0224,0.0001,1454,1550,1642,1546,0.00,0.01,2.63,0.16,0.7358,1,1,0,0.01,0.00,0.56,-0.05,0.00,0.00,0.16,209,30
19007,-0.1,-2.3,-0.2,0.025,-0.009,-1.019,4.9,-4.1,0.0,0.0268,-0.0187,0.0000,1459,1557,1637,1539,0.00,0.01,2.63,0.16,0.7358,1,1,0,0.01,0.00,0.56,-0.05,0.00,0.00,0.16,209,30
19017,-0.8,1.1,0.9,0.002,-0.022,-0.854,4.9,-4.1,0.0,0.0275,-0.0224,0.0000,1453,1557,1643,1539,0.00,0.01,2.63,0.16,0.7358,1,1,0,0.01,0.00,0.56,-0.05,0.00,0.00,0.16,209,30
19028,-0.5,3.2,2.3,0.012,0.003,-0.847,4.9,-4.1,0.0,0.0277,-0.0264,-0.0001,1445,1551,1650,1546,0.00,0.01,2.63,0.16,0.7358,1,1,0,0.01,0.00,0.56,-0.05,0.00,0.00,0.16,209,30
19038,1.3,0.0,1.0,0.027,0.039,-1.035,4.9,-4.1,0.0,0.0253,-0.0211,0.0000,1454,1552,1642,1544,0.00,0.01,2.63,0.16,0.7358,1,1,0,0.01,0.00,0.56,-0.05,0.00,0.00,0.16,209,30
19048,1.6,-5.0,-2.3,0.026,0.047,-1.138,4.8,-4.1,0.0,0.0251,-0.0171,0.0002,1463,1559,1633,1537,0.00,0.01,2.63,0.16,0.7358,1,1,0,0.01,0.00,0.56,-0.05,0.00,0.00,0.16,209,30
19058,0.8,-5.2,0.0,0.006,0.036,-1.038,4.8,-4.1,0.0,0.0257,-0.0169,0.0000,1467,1565,1629,1531,0.00,0.01,2.63,0.16,0.7358,1,1,0,0.01,0.00,0.56,-0.05,0.00,0.00,0.16,209,30
19068,1.0,0.6,0.0,-0.016,0.016,-0.893,4.8,-4.0,0.0,0.0256,-0.0217,0.0000,1460,1557,1637,1538,0.00,0.01,2.63,0.16,0.7358,1,1,0,0.01,0.00,0.56,-0.05,0.00,0.00,0.16,209,30
19078,1.5,3.5,0.2,0.006,0.008,-0.904,4.8,-4.0,0.0,0.0252,-0.0246,0.0000,1454,1550,1642,1546,0.00,0.01,2.63,0.16,0.7358,1,1,0,0.01,0.00,0.56,-0.05,0.00,0.00,0.16,209,30
19088,1.1,3.9,1.6,0.038,0.004,-1.023,4.8,-4.1,0.0,0.0255,-0.0253,-0.0001,1453,1551,1646,1550,0.00,0.01,2.63,0.16,0.7370,1,1,0,0.01,0.00,0.56,-0.05,0.00,0.00,0.16,209,30
19098,0.7,2.9,-1.2,0.050,-0.007,-1.056,4.8,-4.1,0.0,0.0259,-0.0240,0.0001,1456,1552,1645,1548,0.00,0.01,2.63,0.16,0.7370,1,1,0,0.01,0.00,0.56,-0.05,0.00,0.00,0.16,209,30
19108,-0.6,2.9,-1.5,0.040,-0.037,-0.927,4.8,-4.1,0.0,0.0268,-0.0239,0.0002,1455,1555,1647,1544,0.00,0.01,2.63,0.16,0.7370,1,1,0,0.01,0.00,0.56,-0.05,0.00,0.00,0.16,209,30
19118,-1.4,7.1,1.4,0.020,-0.040,-0.831,4.8,-4.1,0.0,0.0281,-0.0283,-0.0001,1444,1551,1657,1550,0.00,0.01,2.63,0.16,0.7370,1,1,0,0.01,0.00,0.56,-0.05,0.00,0.00,0.16,209,30
19128,-0.7,6.0,1.2,0.046,0.002,-0.926,4.8,-4.1,0.0,0.0282,-0.0301,-0.0001,1452,1560,1673,1567,0.00,0.01,2.63,0.16,0.7437,1,1,0,0.01,0.00,0.56,-0.05,0.00,0.00,0.16,209,30
19138,1.1,-0.4,-0.3,0.058,0.049,-1.094,4.8,-4.1,0.0,0.0259,-0.0222,0.0000,1465,1566,1661,1560,0.00,0.01,2.63,0.16,0.7437,1,1,0,0.01,0.00,0.56,-0.05,0.00,0.00,0.16,209,30
19149,1.7,-5.6,-3.4,0.023,0.047,-1.103,4.8,-4.1,0.0,0.0250,-0.0154,0.0003,1480,1577,1648,1548,0.00,0.01,2.63,0.16,0.7437,1,1,0,0.01,0.00,0.56,-0.05,0.00,0.00,0.16,209,30
19159,0.7,-2.1,1.7,-0.032,0.019,-0.919,4.8,-4.0,0.0,0.0261,-0.0175,0.0000,1480,1579,1646,1547,0.00,0.01,2.63,0.16,0.7437,1,1,0,0.01,0.00,0.56,-0.05,0.00,0.00,0.16,209,30
19169,1.2,2.7,1.5,-0.020,0.017,-0.852,4.8,-4.0,0.0,0.0260,-0.0221,0.0000,1472,1570,1654,1556,0.00,0.01,2.63,0.16,0.7437,1,1,0,0.01,0.00,0.56,-0.05,0.00,0.00,0.16,210,30
19179,2.0,4.1,-1.4,0.027,0.017,-1.005,4.8,-4.0,0.0,0.0247,-0.0253,0.0001,1469,1562,1657,1563,0.00,0.01,2.63,0.16,0.7437,1,1,0,0.01,0.00,0.56,-0.05,0.00,0.00,0.16,210,30
19189,0.7,1.9,-0.1,0.052,-0.021,-1.072,4.8,-4.0,0.0,0.0258,-0.0233,0.0000,1470,1567,1656,1559,0.00,0.01,2.63,0.16,0.7437,1,1,0,0.01,0.00,0.56,-0.05,0.00,0.00,0.16,210,30
19199,-1.7,4.4,-0.4,0.042,-0.036,-0.957,4.8,-4.0,0.0,0.0282,-0.0254,0.0001,1464,1568,1662,1558,0.00,0.01,2.63,0.16,0.7437,1,1,0,0.01,0.00,0.56,-0.05,0.00,0.00,0.16,210,30
19209,-1.3,6.6,0.5,0.035,-0.036,-0.834,4.8,-4.1,0.0,0.0281,-0.0278,0.0000,1459,1566,1673,1566,0.00,0.01,2.63,0.16,0.7455,1,1,0,0.01,0.00,0.56,-0.05,0.00,0.00,0.16,210,30
19219,0.0,3.5,1.1,0.035,0.018,-0.945,4.9,-4.1,0.0,0.0281,-0.0287,-0.0001,1459,1566,1674,1568,0.00,0.01,2.63,0.16,0.7455,1,1,0,0.01,0.00,0.56,-0.05,0.00,0.00,0.16,210,30
19229,1.9,-4.4,-1.0,0.035,0.070,-1.112,4.8,-4.1,0.0,0.0254,-0.0197,0.0000,1473,1572,1659,1560,0.00,0.01,2.63,0.16,0.7455,1,1,0,0.01,0.00,0.56,-0.05,0.00,0.00,0.16,210,30
19239,2.0,-7.9,-1.0,-0.003,0.053,-1.048,4.8,-4.0,0.0,0.0247,-0.0131,0.0001,1494,1587,1640,1545,0.00,0.01,2.63,0.16,0.7455,1,1,0,0.01,0.00,0.56,-0.05,0.00,0.00,0.16,210,30
19249,0.7,-0.6,0.6,-0.034,0.003,-0.851,4.8,-4.0,0.0,0.0259,-0.0179,0.0000,1484,1581,1649,1551,0.00,0.01,2.63,0.16,0.7455,1,1,0,0.01,0.00,0.56,-0.05,0.00,0.00,0.16,210,30
19260,1.5,5.6,1.7,-0.004,-0.007,-0.863,4.8,-4.0,0.0,0.0252,-0.0268,-0.0001,1469,1565,1664,1568,0.00,0.01,2.63,0.16,0.7455,1,1,0,0.01,0.00,0.56,-0.05,0.00,0.00,0.16,210,30
19270,1.5,3.8,0.7,0.056,-0.010,-1.074,4.8,-4.1,0.0,0.0252,-0.0250,0.0000,1470,1565,1662,1568,0.00,0.01,2.63,0.16,0.7455,1,1,0,0.01,0.00,0.56,-0.05,0.00,0.00,0.16,210,30
19280,-0.6,1.3,-3.2,0.081,-0.028,-1.077,4.8,-4.0,0.0,0.0264,-0.0240,0.0003,1472,1570,1662,1561,0.00,0.01,2.63,0.16,0.7455,1,1,0,0.01,0.00,0.56,-0.05,0.00,0.00,0.16,210,30
19290,-1.5,2.4,1.0,0.042,-0.033,-0.887,4.8,-4.0,0.0,0.0284,-0.0236,0.0000,1482,1589,1681,1574,0.00,0.01,2.63,0.16,0.7535,1,1,0,0.01,0.00,0.56,-0.05,0.00,0.00,0.16,210,30
19300,-0.8,3.6,1.5,0.027,-0.004,-0.839,4.9,-4.1,0.0,0.0276,-0.0248,-0.0001,1477,1585,1685,1578,0.00,0.01,2.63,0.16,0.7535,1,1,0,0.01,0.00,0.56,-0.05,0.00,0.00,0.16,210,30
19310,1.8,-3.3,0.1,0.016,0.051,-1.040,4.8,-4.1,0.0,0.0251,-0.0192,0.0000,1490,1588,1672,1575,0.00,0.01,2.63,0.16,0.7535,1,1,0,0.01,0.00,0.56,-0.05,0.00,0.00,0.16,210,30
19320,2.3,-8.8,-1.0,-0.003,0.054,-1.106,4.8,-4.0,0.0,0.0245,-0.0123,0.0001,1511,1602,1652,1560,0.00,0.01,2.63,0.16,0.7535,1,1,0,0.01,0.00,0.56,-0.05,0.00,0.00,0.16,210,30
19330,1.0,-1.9,0.6,-0.022,0.000,-0.923,4.8,-4.0,0.0,0.0249,-0.0161,0.0000,1504,1598,1659,1564,0.00,0.01,2.63,0.16,0.7535,1,1,0,0.01,0.00,0.56,-0.05,0.00,0.00,0.16,210,30
19340,0.2,4.5,2.1,0.019,-0.025,-0.888,4.9,-4.0,0.0,0.0266,-0.0257,-0.0001,1486,1587,1676,1576,0.00,0.01,2.63,0.16,0.7535,1,1,0,0.01,0.00,0.56,-0.05,0.00,0.00,0.16,210,30
19350,0.0,1.5,0.4,0.063,-0.014,-1.113,4.8,-4.1,0.0,0.0264,-0.0251,-0.0001,1484,1584,1679,1579,0.00,0.01,2.63,0.16,0.7535,1,1,0,0.01,0.00,0.56,-0.05,0.00,0.00,0.16,210,30
19361,-1.5,-4.4,-2.5,0.053,-0.006,-1.160,4.8,-4.1,0.0,0.0284,-0.0167,0.0002,1492,1595,1672,1567,0.00,0.01,2.63,0.16,0.7535,1,1,0,0.01,0.00,0.56,-0.05,0.00,0.00,0.16,210,30
19371,-1.3,-4.1,-0.3,-0.018,0.001,-0.923,4.9,-4.0,0.0,0.0284,-0.0169,0.0001,1517,1623,1690,1582,0.00,0.01,2.63,0.16,0.7651,1,1,0,0.01,0.00,0.56,-0.05,0.00,0.00,0.16,210,30
19381,0.4,-1.9,3.3,-0.036,0.035,-0.902,4.9,-4.1,0.0,0.0266,-0.0193,-0.0003,1514,1618,1691,1590,0.00,0.01,2.63,0.16,0.7651,1,1,0,0.01,0.00,0.56,-0.05,0.00,0.00,0.16,210,30
19391,2.1,-5.6,0.1,-0.011,0.054,-1.144,4.8,-4.0,0.0,0.0247,-0.0155,0.0000,1524,1619,1682,1589,0.00,0.01,2.63,0.16,0.7651,1,1,0,0.01,0.00,0.56,-0.05,0.00,0.00,0.16,210,30
19401,-1.0,-3.9,-2.7,0.017,0.002,-1.141,4.8,-4.0,0.0,0.0266,-0.0149,0.0002,1548,1648,1705,1604,0.00,0.01,2.63,0.16,0.7773,1,1,0,0.01,0.00,0.56,-0.05,0.00,0.00,0.15,210,30
19411,-2.1,4.8,0.0,0.017,-0.028,-0.944,4.9,-4.0,0.0,0.0290,-0.0260,0.0000,1530,1639,1723,1614,0.00,0.01,2.63,0.16,0.7773,1,1,0,0.01,0.00,0.56,-0.05,0.00,0.00,0.15,210,30
19421,-0.6,2.8,1.8,0.028,0.012,-1.029,4.9,-4.1,0.0,0.0281,-0.0255,-0.0001,1523,1632,1729,1622,0.00,0.01,2.63,0.16,0.7773,1,1,0,0.01,0.00,0.56,-0.05,0.00,0.00,0.15,210,30
19431,-1.0,-3.8,-2.2,0.004,0.029,-1.087,4.9,-4.0,0.0,0.0281,-0.0175,0.0002,1539,1645,1714,1607,0.00,0.01,2.63,0.16,0.7773,1,1,0,0.01,0.00,0.56,-0.05,0.00,0.00,0.16,210,30
19441,-0.2,1.2,0.0,-0.018,0.009,-0.878,4.9,-4.0,0.0,0.0272,-0.0224,0.0000,1538,1644,1715,1608,0.00,0.01,2.63,0.16,0.7773,1,1,0,0.01,0.00,0.56,-0.05,0.00,0.00,0.16,210,30
19451,1.5,6.4,2.4,0.029,0.006,-0.916,4.9,-4.1,0.0,0.0255,-0.0274,-0.0002,1526,1623,1726,1630,0.00,0.01,2.63,0.16,0.7773,1,1,0,0.01,0.00,0.56,-0.05,0.00,0.00,0.16,210,30
19461,0.0,0.2,-2.3,0.065,0.001,-1.149,4.9,-4.1,0.0,0.0267,-0.0223,0.0002,1532,1631,1722,1621,0.00,0.01,2.63,0.16,0.7773,1,1,0,0.01,0.00,0.56,-0.05,0.00,0.00,0.16,210,30
19472,-1.4,-0.9,-1.7,0.007,-0.030,-0.941,4.9,-4.0,0.0,0.0285,-0.0202,0.0002,1535,1640,1719,1611,0.00,0.01,2.63,0.16,0.7773,1,1,0,0.01,0.00,0.56,-0.05,0.00,0.00,0.16,210,30
19482,0.6,1.4,4.3,-0.003,0.002,-0.815,4.9,-4.1,0.0,0.0269,-0.0241,-0.0003,1530,1633,1723,1623,0.00,0.01,2.63,0.16,0.7779,1,1,0,0.01,0.00,0.56,-0.05,0.00,0.00,0.16,210,30
19492,1.7,-3.6,0.7,0.012,0.046,-1.110,4.9,-4.1,0.0,0.0251,-0.0175,0.0000,1540,1635,1714,1621,0.00,0.01,2.63,0.16,0.7779,1,1,0,0.01,0.00,0.56,-0.05,0.00,0.00,0.15,210,30
19502,-0.4,-4.2,-2.4,0.011,0.007,-1.120,4.9,-4.0,0.0,0.0269,-0.0160,0.0002,1547,1647,1709,1607,0.00,0.01,2.63,0.16,0.7779,1,1,0,0.01,0.00,0.56,-0.05,0.00,0.00,0.15,210,30
19512,-0.8,0.5,0.4,0.025,-0.018,-1.004,4.9,-4.0,0.0,0.0277,-0.0215,0.0000,1536,1640,1719,1615,0.00,0.01,2.63,0.16,0.7779,1,1,0,0.01,0.00,0.56,-0.05,0.00,0.00,0.16,210,30
19522,-0.1,-1.9,0.5,0.016,0.017,-1.077,4.9,-4.0,0.0,0.0271,-0.0192,0.0000,1539,1642,1716,1614,0.00,0.01,2.63,0.16,0.7779,1,1,0,0.01,0.00,0.56,-0.05,0.00,0.00,0.16,210,30
19532,-0.7,0.0,-0.4,-0.008,0.012,-0.955,4.9,-4.0,0.0,0.0280,-0.0189,0.0001,1539,1644,1717,1610,0.00,0.01,2.63,0.16,0.7779,1,1,0,0.01,0.00,0.56,-0.05,0.00,0.00,0.16,210,30
19542,1.4,4.7,0.0,0.004,0.018,-0.901,4.9,-4.0,0.0,0.0258,-0.0256,0.0000,1534,1633,1726,1626,0.00,0.01,2.63,0.16,0.7791,1,1,0,0.01,0.00,0.56,-0.05,0.00,0.00,0.16,210,30
19552,1.5,1.4,0.0,0.056,0.024,-1.132,4.9,-4.0,0.0,0.0254,-0.0226,0.0000,1536,1632,1723,1628,0.00,0.01,2.63,0.16,0.7791,1,1,0,0.01,0.00,0.56,-0.05,0.00,0.00,0.16,210,30
19562,-2.4,-0.5,-1.8,0.024,-0.025,-1.022,4.9,-4.0,0.0,0.0287,-0.0200,0.0003,1538,1646,1723,1613,0.00,0.01,2.63,0.16,0.7791,1,1,0,0.01,0.00,0.56,-0.05,0.00,0.00,0.16,210,30
19572,-1.2,4.7,1.9,0.002,-0.038,-0.742,4.9,-4.0,0.0,0.0286,-0.0258,-0.0001,1527,1637,1732,1622,0.00,0.01,2.63,0.16,0.7791,1,1,0,0.01,0.00,0.56,-0.05,0.00,0.00,0.16,210,30
19582,1.1,1.6,3.2,0.002,0.029,-0.960,4.9,-4.1,0.0,0.0258,-0.0229,-0.0002,1531,1632,1731,1634,0.00,0.01,2.63,0.16,0.7803,1,1,0,0.01,0.00,0.56,-0.05,0.00,0.00,0.16,210,30
19593,0.9,-5.9,-3.0,0.009,0.049,-1.200,4.9,-4.0,0.0,0.0260,-0.0152,0.0003,1549,1645,1715,1619,0.00,0.01,2.63,0.16,0.7803,1,1,0,0.01,0.00,0.56,-0.05,0.00,0.00,0.16,210,30
19603,0.0,-1.6,-0.7,0.011,0.004,-1.036,4.9,-4.0,0.0,0.0267,-0.0180,0.0002,1548,1648,1717,1615,0.00,0.01,2.63,0.16,0.7803,1,1,0,0.01,0.00,0.56,-0.05,0.00,0.00,0.16,210,30
19613,-0.6,0.2,1.7,0.020,-0.009,-1.022,4.9,-4.0,0.0,0.0276,-0.0215,-0.0001,1540,1643,1723,1621,0.00,0.01,2.63,0.16,0.7803,1,1,0,0.01,0.00,0.56,-0.05,0.00,0.00,0.15,210,30
19623,-1.2,-2.4,-0.7,0.001,-0.003,-1.060,4.9,-4.0,0.0,0.0282,-0.0188,0.0001,1545,1651,1720,1613,0.00,0.01,2.63,0.16,0.7803,1,1,0,0.01,0.00,0.56,-0.05,0.00,0.00,0.15,210,30
19633,0.0,1.5,0.2,0.000,0.022,-0.930,4.9,-4.0,0.0,0.0279,-0.0211,0.0000,1539,1645,1725,1619,0.00,0.01,2.63,0.16,0.7803,1,1,0,0.01,0.00,0.56,-0.05,0.00,0.00,0.16,210,30
19643,1.6,0.5,0.5,0.032,0.034,-1.077,4.9,-4.0,0.0,0.0253,-0.0218,0.0000,1541,1639,1723,1625,0.00,0.01,2.63,0.16,0.7803,1,1,0,0.01,0.00,0.56,-0.05,0.00,0.00,0.16,210,30
19653,0.4,-2.1,-3.7,0.028,0.005,-1.114,4.9,-4.0,0.0,0.0265,-0.0191,0.0004,1549,1646,1717,1617,0.00,0.01,2.63,0.16,0.7803,1,1,0,0.01,0.00,0.56,-0.05,0.00,0.00,0.16,210,30
19663,-0.7,5.0,1.3,0.010,-0.052,-0.794,4.9,-4.0,0.0,0.0278,-0.0236,0.0000,1553,1658,1748,1643,0.00,0.01,2.63,0.16,0.7901,1,1,0,0.01,0.00,0.56,-0.05,0.00,0.00,0.16,209,30
19673,0.5,5.5,3.8,0.022,0.004,-0.854,4.9,-4.1,0.0,0.0266,-0.0276,-0.0003,1544,1648,1755,1654,0.00,0.01,2.63,0.16,0.7901,1,1,0,0.01,0.00,0.56,-0.05,0.00,0.00,0.16,209,30
19683,1.3,-6.2,-2.6,0.013,0.054,-1.181,4.9,-4.1,0.0,0.0255,-0.0177,0.0001,1569,1665,1733,1635,0.00,0.01,2.63,0.16,0.7901,1,1,0,0.01,0.00,0.56,-0.05,0.00,0.00,0.16,209,30
19693,0.2,-2.0,-0.7,0.004,-0.004,-1.023,4.9,-4.0,0.0,0.0264,-0.0177,0.0001,1570,1668,1732,1632,0.00,0.01,2.63,0.16,0.7901,1,1,0,0.01,0.00,0.56,-0.05,0.00,0.00,0.15,209,30
19703,-1.2,1.3,1.5,0.039,-0.037,-1.027,4.9,-4.0,0.0,0.0283,-0.0227,-0.0001,1557,1661,1746,1643,0.00,0.01,2.63,0.16,0.7907,1,1,0,0.01,0.00,0.56,-0.05,0.00,0.00,0.15,209,30
19714,-1.8,-2.5,-1.7,0.021,0.010,-1.059,4.9,-4.0,0.0,0.0289,-0.0182,0.0001,1563,1672,1741,1631,0.00,0.01,2.63,0.16,0.7907,1,1,0,0.01,0.00,0.56,-0.05,0.00,0.00,0.15,209,30
19724,0.0,1.7,1.5,-0.013,0.033,-0.928,4.9,-4.0,0.0,0.0274,-0.0225,-0.0001,1578,1685,1767,1660,0.00,0.01,2.63,0.16,0.8017,1,1,0,0.01,0.00,0.56,-0.05,0.00,0.00,0.15,209,30
19734,2.1,-0.8,0.0,0.023,0.023,-1.090,4.9,-4.0,0.0,0.0249,-0.0204,0.0000,1587,1680,1758,1665,0.00,0.01,2.63,0.16,0.8017,1,1,0,0.01,0.00,0.56,-0.05,0.00,0.00,0.16,209,30
19744,-1.3,0.6,-2.7,0.035,-0.035,-0.987,4.9,-4.0,0.0,0.0275,-0.0202,0.0003,1583,1686,1763,1658,0.00,0.01,2.63,0.16,0.8017,1,1,0,0.01,0.00,0.56,-0.05,0.00,0.00,0.16,209,30
19754,-0.1,5.4,4.2,0.008,-0.003,-0.793,4.9,-4.0,0.0,0.0279,-0.0274,-0.0003,1567,1675,1777,1671,0.00,0.01,2.63,0.16,0.8017,1,1,0,0.01,0.00,0.56,-0.05,0.00,0.00,0.16,209,30
19764,2.0,-3.5,0.7,0.001,0.063,-1.105,4.9,-4.0,0.0,0.0250,-0.0178,0.0000,1587,1682,1757,1663,0.00,0.01,2.63,0.16,0.8017,1,1,0,0.01,0.00,0.56,-0.05,0.00,0.00,0.16,209,30
19774,-0.4,-4.1,-3.3,0.008,0.007,-1.143,4.9,-3.9,0.0,0.0274,-0.0162,0.0003,1594,1694,1752,1649,0.00,0.01,2.63,0.16,0.8017,1,1,0,0.01,0.00,0.56,-0.05,0.00,0.00,0.16,209,30
19784,-1.5,4.4,1.1,0.046,-0.029,-0.961,5.0,-4.0,0.0,0.0287,-0.0257,0.0000,1574,1682,1773,1665,0.00,0.01,2.63,0.16,0.8023,1,1,0,0.01,0.00,0.56,-0.05,0.00,0.00,0.16,209,30
19804,2.2,2.4,0.0,-0.006,0.026,-0.888,5.0,-4.0,0.0,0.0255,-0.0217,0.0001,1599,1696,1778,1681,0.00,0.01,2.63,0.16,0.8102,1,1,0,0.01,0.00,0.56,-0.05,0.00,0.00,0.16,209,30
19845,0.1,-4.8,-1.9,0.020,0.018,-1.222,4.9,-4.0,0.0,0.0271,-0.0164,0.0002,1608,1706,1769,1671,0.00,0.01,2.63,0.16,0.8102,1,1,0,0.01,0.00,0.56,-0.05,0.00,0.00,0.16,209,30
19855,-1.7,2.1,-0.3,0.037,-0.034,-0.987,5.0,-3.9,0.0,0.0290,-0.0234,0.0000,1593,1703,1785,1674,0.00,0.01,2.63,0.16,0.8102,1,1,0,0.01,0.00,0.56,-0.05,0.00,0.00,0.16,209,30
19865,0.0,2.4,1.8,0.015,0.014,-0.876,5.0,-4.0,0.0,0.0280,-0.0257,-0.0001,1587,1693,1790,1685,0.00,0.01,2.63,0.16,0.8102,1,1,0,0.01,0.00,0.56,-0.05,0.00,0.00,0.16,209,30
19875,2.5,-4.2,-1.9,-0.015,0.031,-1.013,4.9,-4.0,0.0,0.0244,-0.0170,0.0002,1610,1701,1768,1675,0.00,0.01,2.63,0.16,0.8102,1,1,0,0.01,0.00,0.56,-0.05,0.00,0.00,0.16,209,30
19885,0.0,4.1,1.4,0.022,-0.027,-0.989,4.9,-4.0,0.0,0.0271,-0.0255,-0.0001,1593,1694,1788,1688,0.00,0.01,2.63,0.16,0.8114,1,1,0,0.01,0.00,0.56,-0.05,0.00,0.00,0.16,209,30
19895,-2.4,-4.7,0.2,0.034,0.017,-1.160,4.9,-4.0,0.0,0.0296,-0.0192,0.0000,1598,1710,1783,1671,0.00,0.01,2.63,0.16,0.8114,1,1,0,0.01,0.00,0.56,-0.05,0.00,0.00,0.16,209,30
19905,1.0,-1.7,-2.3,-0.018,0.048,-0.941,4.9,-3.9,0.0,0.0261,-0.0195,0.0002,1609,1713,1775,1667,0.00,0.01,2.63,0.16,0.8114,1,1,0,0.01,0.00,0.56,-0.05,0.00,0.00,0.16,209,30
19915,1.3,5.6,0.7,0.032,-0.021,-0.960,4.9,-4.0,0.0,0.0254,-0.0271,0.0000,1593,1688,1788,1694,0.00,0.01,2.63,0.16,0.8114,1,1,0,0.01,0.00,0.56,-0.05,0.00,0.00,0.16,209,30
19925,-1.9,0.2,1.4,0.043,-0.024,-1.044,4.9,-4.0,0.0,0.0287,-0.0229,0.0000,1593,1702,1788,1680,0.00,0.01,2.63,0.16,0.8114,1,1,0,0.01,0.00,0.56,-0.05,0.00,0.00,0.16,209,30
19935,2.2,-1.0,0.1,-0.013,0.025,-0.855,4.9,-4.0,0.0,0.0249,-0.0204,0.0000,1601,1698,1782,1683,0.00,0.01,2.63,0.16,0.8114,1,1,0,0.01,0.00,0.56,-0.05,0.00,0.00,0.16,209,30
19945,0.5,-3.5,-1.8,-0.001,0.023,-1.154,4.9,-4.0,0.0,0.0262,-0.0176,0.0001,1609,1706,1773,1676,0.00,0.01,2.63,0.16,0.8114,1,1,0,0.01,0.00,0.56,-0.05,0.00,0.00,0.16,209,30
19955,-2.0,3.2,0.2,0.033,-0.022,-1.091,4.9,-4.0,0.0,0.0292,-0.0239,0.0000,1594,1704,1788,1678,0.00,0.01,2.63,0.16,0.8114,1,1,0,0.01,0.00,0.56,-0.05,0.00,0.00,0.16,209,30
19966,0.4,0.5,-0.2,0.030,0.019,-0.982,4.9,-4.0,0.0,0.0267,-0.0219,0.0000,1595,1698,1787,1683,0.00,0.01,2.63,0.16,0.8114,1,1,0,0.01,0.00,0.56,-0.05,0.00,0.00,0.16,209,30
19976,1.6,-2.5,-0.5,-0.019,0.029,-0.921,4.9,-4.0,0.0,0.0259,-0.0173,0.0001,1609,1707,1773,1674,0.00,0.01,2.63,0.16,0.8114,1,1,0,0.01,0.00,0.56,-0.05,0.00,0.00,0.16,209,30
19986,0.4,5.3,3.5,0.027,-0.029,-0.904,4.9,-4.0,0.0,0.0264,-0.0269,-0.0003,1591,1690,1789,1693,0.00,0.01,2.63,0.16,0.8114,1,1,0,0.01,0.00,0.56,-0.05,0.00,0.00,0.16,209,30
19996,-2.8,-4.9,-1.4,0.036,0.010,-1.182,4.9,-4.1,0.0,0.0300,-0.0165,0.0001,1596,1706,1786,1676,0.00,0.01,2.63,0.16,0.8114,1,1,0,0.01,0.00,0.56,-0.05,0.00,0.00,0.16,209,30
20006,0.9,-3.0,-0.3,-0.020,0.042,-0.960,4.9,-4.0,0.0,0.0278,-0.0160,0.0001,1609,1714,1775,1669,0.00,0.01,2.63,0.16,0.8120,1,1,0,0.01,0.00,0.56,-0.05,0.00,0.00,0.16,209,30
20016,1.6,2.4,0.3,0.019,-0.006,-0.990,4.8,-4.0,0.0,0.0252,-0.0235,0.0000,1602,1696,1782,1688,0.00,0.01,2.63,0.16,0.8120,1,1,0,0.01,0.00,0.56,-0.05,0.00,0.00,0.16,209,30
20026,-2.0,1.0,-1.7,0.043,-0.016,-1.040,4.9,-4.0,0.0,0.0292,-0.0225,0.0002,1595,1705,1790,1678,0.00,0.01,2.63,0.16,0.8120,1,1,0,0.01,0.00,0.56,-0.05,0.00,0.00,0.16,209,30
20036,2.0,1.2,2.2,-0.009,0.014,-0.831,4.9,-4.0,0.0,0.0260,-0.0237,0.0000,1598,1696,1786,1688,0.00,0.01,2.63,0.16,0.8120,1,1,0,0.01,0.00,0.56,-0.05,0.00,0.00,0.16,209,30
20046,1.0,-3.3,0.1,-0.011,0.029,-1.075,4.9,-4.0,0.0,0.0262,-0.0180,0.0000,1609,1705,1774,1680,0.00,0.01,2.63,0.16,0.8120,1,1,0,0.01,0.00,0.56,-0.05,0.00,0.00,0.16,209,30
20056,-2.0,2.4,-0.5,0.041,-0.010,-1.077,4.9,-4.0,0.0,0.0293,-0.0227,0.0001,1594,1704,1791,1679,0.00,0.01,2.63,0.16,0.8120,1,1,0,0.01,0.00,0.56,-0.05,0.00,0.00,0.15,209,30
20066,-0.6,-2.3,-0.9,0.037,0.024,-1.122,4.9,-4.0,0.0,0.0281,-0.0196,0.0001,1601,1708,1788,1680,0.00,0.01,2.63,0.16,0.8133,1,1,0,0.01,0.00,0.56,-0.05,0.00,0.00,0.15,209,30
20077,1.3,-0.3,0.4,-0.021,0.024,-0.893,4.9,-4.0,0.0,0.0259,-0.0211,0.0000,1611,1713,1778,1676,0.00,0.01,2.63,0.16,0.8133,1,1,0,0.01,0.00,0.56,-0.05,0.00,0.00,0.16,209,30
20087,1.4,7.4,1.9,0.037,-0.019,-0.882,4.9,-4.0,0.0,0.0248,-0.0293,-0.0002,1592,1686,1796,1703,0.00,0.01,2.63,0.16,0.8133,1,1,0,0.01,0.00,0.56,-0.05,0.00,0.00,0.16,209,30
20097,-2.7,-4.0,-2.3,0.033,0.003,-1.180,5.0,-4.1,0.0,0.0300,-0.0184,0.0002,1599,1711,1790,1677,0.00,0.01,2.63,0.16,0.8133,1,1,0,0.01,0.00,0.56,-0.05,0.00,0.00,0.16,209,30
20107,0.5,-2.2,1.5,-0.024,0.025,-0.931,5.0,-4.0,0.0,0.0268,-0.0192,-0.0001,1608,1712,1781,1677,0.00,0.01,2.63,0.16,0.8133,1,1,0,0.01,0.00,0.56,-0.05,0.00,0.00,0.16,209,30
20117,0.0,0.8,-1.3,0.024,0.011,-1.081,4.9,-4.0,0.0,0.0261,-0.0220,0.0000,1603,1702,1786,1687,0.00,0.01,2.63,0.16,0.8133,1,1,0,0.01,0.00,0.56,-0.05,0.00,0.00,0.16,209,30
20127,-1.7,0.0,-2.5,0.040,0.000,-1.087,5.0,-4.0,0.0,0.0293,-0.0212,0.0003,1602,1712,1793,1680,0.00,0.01,2.63,0.16,0.8145,1,1,0,0.01,0.00,0.56,-0.05,0.00,0.00,0.16,208,30
20137,1.6,1.2,2.9,0.003,0.009,-0.845,4.9,-4.0,0.0,0.0257,-0.0227,-0.0002,1603,1702,1789,1692,0.00,0.01,2.63,0.16,0.8145,1,1,0,0.01,0.00,0.56,-0.05,0.00,0.00,0.16,208,30
20147,0.4,-0.4,0.9,-0.009,0.010,-0.953,4.9,-4.0,0.0,0.0262,-0.0210,-0.0001,1607,1707,1786,1687,0.00,0.01,2.63,0.16,0.8145,1,1,0,0.01,0.00,0.56,-0.05,0.00,0.00,0.16,208,30
20157,0.0,1.2,-0.7,0.043,-0.009,-1.105,4.9,-4.0,0.0,0.0273,-0.0227,0.0001,1601,1703,1792,1690,0.00,0.01,2.63,0.16,0.8145,1,1,0,0.01,0.00,0.56,-0.05,0.00,0.00,0.16,208,30
20167,-0.6,-6.2,-1.8,0.020,0.012,-1.249,4.9,-4.0,0.0,0.0279,-0.0152,0.0002,1614,1719,1780,1674,0.00,0.01,2.63,0.16,0.8145,1,1,0,0.01,0.00,0.56,-0.05,0.00,0.00,0.16,208,30
20177,1.2,1.6,1.4,-0.018,0.019,-0.829,4.9,-3.9,0.0,0.0272,-0.0189,0.0000,1609,1712,1784,1681,0.00,0.01,2.63,0.16,0.8145,1,1,0,0.01,0.00,0.56,-0.05,0.00,0.00,0.16,208,30
20188,1.4,5.8,1.5,0.038,-0.003,-0.961,4.8,-4.0,0.0,0.0258,-0.0274,-0.0001,1595,1690,1798,1703,0.00,0.01,2.63,0.16,0.8145,1,1,0,0.01,0.00,0.56,-0.05,0.00,0.00,0.16,208,30
20198,-1.7,-5.3,-3.0,0.016,0.000,-1.092,4.9,-4.0,0.0,0.0292,-0.0176,0.0003,1609,1718,1786,1674,0.00,0.01,2.63,0.16,0.8145,1,1,0,0.01,0.00,0.56,-0.05,0.00,0.00,0.16,208,30
20208,1.6,1.0,3.5,-0.006,0.014,-0.858,4.9,-4.0,0.0,0.0257,-0.0219,-0.0003,1610,1709,1789,1692,0.00,0.01,2.63,0.16,0.8163,1,1,0,0.01,0.00,0.56,-0.05,0.00,0.00,0.16,208,30
20218,-0.7,-1.9,-2.2,0.034,0.015,-1.204,4.8,-4.0,0.0,0.0276,-0.0197,0.0002,1611,1712,1790,1688,0.00,0.01,2.63,0.16,0.8163,1,1,0,0.01,0.00,0.56,-0.05,0.00,0.00,0.16,208,30
20228,-0.1,-0.2,-3.1,0.028,0.000,-1.073,4.9,-4.0,0.0,0.0282,-0.0197,0.0004,1625,1730,1807,1698,0.00,0.01,2.63,0.16,0.8242,1,1,0,0.01,0.00,0.56,-0.05,0.00,0.00,0.16,208,30
20238,1.2,1.5,1.1,-0.003,0.007,-0.827,4.9,-4.0,0.0,0.0260,-0.0230,0.0000,1622,1721,1808,1709,0.00,0.01,2.63,0.16,0.8242,1,1,0,0.01,0.00,0.56,-0.05,0.00,0.00,0.16,208,30
20248,0.2,1.9,1.5,0.002,0.000,-0.919,4.9,-4.0,0.0,0.0267,-0.0227,-0.0001,1621,1723,1808,1708,0.00,0.01,2.63,0.16,0.8242,1,1,0,0.01,0.00,0.56,-0.05,0.00,0.00,0.16,208,30
20258,-0.9,-2.2,0.2,0.051,-0.006,-1.202,4.9,-4.1,0.0,0.0283,-0.0193,0.0000,1619,1722,1811,1708,0.00,0.01,2.63,0.16,0.8242,1,1,0,0.01,0.00,0.56,-0.05,0.00,0.00,0.15,208,30
20268,-1.7,-5.1,-3.7,-0.005,0.022,-1.108,4.9,-4.0,0.0,0.0291,-0.0162,0.0004,1631,1741,1801,1688,0.00,0.01,2.63,0.16,0.8242,1,1,0,0.01,0.00,0.56,-0.05,0.00,0.00,0.16,208,30
20278,2.9,5.3,3.4,0.012,0.016,-0.849,4.9,-4.0,0.0,0.0250,-0.0250,-0.0002,1620,1716,1809,1716,0.00,0.01,2.63,0.16,0.8242,1,1,0,0.01,0.00,0.56,-0.05,0.00,0.00,0.16,208,30
20288,-2.5,-1.6,-0.9,0.034,-0.017,-1.123,4.9,-4.0,0.0,0.0299,-0.0199,0.0001,1620,1726,1811,1704,0.00,0.01,2.63,0.16,0.8242,1,1,0,0.01,0.00,0.57,-0.05,0.00,0.00,0.16,208,30
20299,1.0,0.5,-0.9,-0.009,0.003,-0.827,4.9,-4.0,0.0,0.0263,-0.0220,0.0001,1624,1726,1807,1704,0.00,0.01,2.63,0.16,0.8242,1,1,0,0.01,0.00,0.56,-0.05,0.00,0.00,0.16,208,30
20309,1.1,-0.5,1.1,0.010,0.026,-1.073,4.9,-4.0,0.0,0.0253,-0.0226,-0.0003,1624,1721,1805,1710,0.00,0.01,2.63,0.16,0.8242,1,1,0,0.01,0.00,0.56,-0.05,0.00,0.00,0.16,208,30
20319,-2.5,-2.0,-2.0,0.039,0.006,-1.174,4.9,-4.0,0.0,0.0299,-0.0194,0.0002,1623,1736,1808,1693,0.00,0.01,2.63,0.16,0.8242,1,1,0,0.01,0.00,0.56,-0.05,0.00,0.00,0.16,208,30
20329,0.9,1.2,0.9,0.014,-0.006,-0.833,4.9,-4.0,0.0,0.0265,-0.0228,0.0000,1621,1722,1809,1708,0.00,0.01,2.63,0.16,0.8242,1,1,0,0.01,0.00,0.56,-0.05,0.00,0.00,0.16,208,30
20339,1.2,0.0,-0.9,-0.010,0.008,-0.924,4.9,-4.0,0.0,0.0260,-0.0215,0.0001,1625,1724,1805,1706,0.00,0.01,2.63,0.16,0.8242,1,1,0,0.01,0.00,0.56,-0.05,0.00,0.00,0.16,208,30
20349,0.2,1.1,2.6,0.030,-0.009,-1.081,4.9,-4.0,0.0,0.0271,-0.0227,-0.0002,1619,1721,1810,1710,0.00,0.01,2.63,0.16,0.8242,1,1,0,0.01,0.00,0.56,-0.05,0.00,0.00,0.16,208,30
20359,-3.2,-5.3,-0.8,0.003,0.028,-1.128,4.9,-4.0,0.0,0.0310,-0.0162,0.0001,1626,1743,1805,1687,0.00,0.01,2.63,0.16,0.8242,1,1,0,0.01,0.00,0.57,-0.05,0.00,0.00,0.16,208,30
20369,4.1,1.6,-1.2,0.002,0.034,-0.882,4.9,-4.0,0.0,0.0244,-0.0211,0.0002,1648,1739,1820,1727,0.00,0.01,2.63,0.16,0.8340,1,1,0,0.01,0.00,0.56,-0.05,0.00,0.00,0.16,208,30
20379,-1.8,0.2,0.2,0.049,-0.044,-1.096,4.9,-4.0,0.0,0.0292,-0.0218,0.0000,1638,1744,1829,1723,0.00,0.01,2.63,0.16,0.8340,1,1,0,0.01,0.00,0.57,-0.05,0.00,0.00,0.16,208,30
20389,-0.1,1.0,3.6,-0.015,0.017,-0.839,4.9,-4.0,0.0,0.0291,-0.0220,-0.0002,1636,1747,1830,1721,0.00,0.01,2.63,0.16,0.8340,1,1,0,0.01,0.00,0.57,-0.05,0.00,0.00,0.16,208,30
20399,0.9,-1.8,-1.6,0.013,0.028,-1.109,4.8,-4.0,0.0,0.0254,-0.0206,0.0000,1647,1742,1821,1724,0.00,0.01,2.63,0.16,0.8340,1,1,0,0.01,0.00,0.56,-0.05,0.00,0.00,0.16,208,30
20410,-2.0,0.2,-3.1,0.039,-0.015,-1.124,4.9,-4.0,0.0,0.0298,-0.0213,0.0003,1638,1751,1830,1714,0.00,0.01,2.63,0.16,0.8340,1,1,0,0.01,0.00,0.57,-0.05,0.00,0.00,0.16,208,30
20420,2.6,1.0,2.8,-0.001,0.020,-0.838,4.9,-4.0,0.0,0.0254,-0.0237,-0.0001,1640,1737,1826,1731,0.00,0.01,2.63,0.16,0.8340,1,1,0,0.01,0.00,0.57,-0.05,0.00,0.00,0.16,208,30
20430,0.0,-0.6,0.5,-0.001,0.005,-0.975,4.9,-4.0,0.0,0.0273,-0.0209,0.0000,1644,1746,1823,1721,0.00,0.01,2.63,0.16,0.8340,1,1,0,0.01,0.00,0.56,-0.05,0.00,0.00,0.17,208,30
20440,-2.2,0.2,-0.8,0.046,0.001,-1.110,4.9,-4.0,0.0,0.0294,-0.0235,0.0000,1633,1744,1834,1722,0.00,0.01,2.63,0.16,0.8340,1,1,0,0.01,0.00,0.57,-0.05,0.00,0.00,0.17,208,30
20450,0.0,-3.9,-1.1,-0.010,0.052,-1.053,4.9,-3.9,0.0,0.0289,-0.0163,0.0001,1664,1773,1835,1726,0.00,0.01,2.63,0.16,0.8425,1,1,0,0.01,0.00,0.57,-0.05,0.00,0.00,0.16,208,30
20460,1.4,4.0,1.8,0.031,-0.018,-0.920,4.9,-4.0,0.0,0.0260,-0.0256,-0.0001,1654,1750,1844,1750,0.00,0.01,2.63,0.16,0.8425,1,1,0,0.01,0.00,0.56,-0.05,0.00,0.00,0.16,208,30
20470,-3.8,-1.8,-0.4,0.018,-0.037,-0.996,4.9,-4.0,0.0,0.0313,-0.0197,0.0000,1652,1769,1848,1730,0.00,0.01,2.63,0.16,0.8425,1,1,0,0.01,0.00,0.57,-0.05,0.00,0.00,0.16,208,30
20480,3.5,0.5,0.7,-0.024,0.067,-0.965,4.9,-4.0,0.0,0.0249,-0.0218,-0.0001,1661,1756,1838,1744,0.00,0.01,2.63,0.16,0.8425,1,1,0,0.01,0.00,0.56,-0.05,0.00,0.00,0.16,208,30
20490,-3.2,-1.6,-1.8,0.055,-0.031,-1.272,4.9,-4.0,0.0,0.0307,-0.0199,0.0002,1657,1768,1843,1730,0.00,0.01,2.63,0.16,0.8425,1,1,0,0.01,0.00,0.56,-0.05,0.00,0.00,0.16,208,30
20500,3.0,1.3,1.1,-0.002,0.028,-0.806,4.9,-4.0,0.0,0.0262,-0.0229,0.0000,1657,1756,1843,1743,0.00,0.01,2.63,0.16,0.8425,1,1,0,0.01,0.00,0.57,-0.05,0.00,0.00,0.16,208,30
20510,0.0,-3.0,0.5,-0.009,0.000,-0.958,4.9,-4.0,0.0,0.0269,-0.0184,0.0000,1668,1766,1836,1738,0.00,0.01,2.63,0.16,0.8438,1,1,0,0.01,0.00,0.56,-0.05,0.00,0.00,0.16,208,30
20520,-1.3,2.6,0.0,0.048,-0.002,-1.096,4.9,-4.0,0.0,0.0296,-0.0246,0.0000,1649,1761,1855,1742,0.00,0.01,2.63,0.16,0.8438,1,1,0,0.01,0.00,0.57,-0.05,0.00,0.00,0.16,208,30
20531,1.2,-4.5,-1.7,-0.004,0.053,-1.057,4.9,-4.0,0.0,0.0265,-0.0169,0.0002,1668,1770,1836,1733,0.00,0.01,2.63,0.16,0.8438,1,1,0,0.01,0.00,0.57,-0.05,0.00,0.00,0.16,208,30
20541,0.7,5.5,2.5,0.021,-0.044,-0.861,4.9,-3.9,0.0,0.0267,-0.0271,-0.0002,1658,1754,1846,1751,0.00,0.01,2.63,0.16,0.8438,1,1,0,0.01,0.00,0.56,-0.05,0.00,0.00,0.16,209,30
20551,-3.0,-3.1,0.0,0.014,0.013,-1.076,4.9,-4.0,0.0,0.0306,-0.0211,0.0000,1654,1770,1850,1734,0.00,0.01,2.63,0.16,0.8438,1,1,0,0.01,0.00,0.56,-0.05,0.00,0.00,0.16,209,30
20561,3.9,0.3,-0.4,-0.007,0.050,-1.029,4.9,-3.9,0.0,0.0237,-0.0212,0.0000,1681,1774,1850,1757,0.00,0.01,2.63,0.16,0.8511,1,1,0,0.01,0.00,0.56,-0.05,0.00,0.00,0.16,209,30
20571,-2.6,0.5,-0.4,0.054,-0.050,-1.086,4.9,-4.0,0.0,0.0301,-0.0221,0.0000,1670,1775,1861,1757,0.00,0.01,2.63,0.16,0.8511,1,1,0,0.01,0.00,0.56,-0.05,0.00,0.00,0.16,209,30
20581,3.3,-0.4,1.9,-0.026,0.057,-0.787,4.9,-4.0,0.0,0.0263,-0.0211,0.0000,1676,1776,1856,1756,0.00,0.01,2.63,0.16,0.8511,1,1,0,0.01,0.00,0.56,-0.05,0.00,0.00,0.16,209,30
20591,-1.2,-1.0,-1.0,0.015,-0.032,-1.083,4.8,-3.9,0.0,0.0278,-0.0203,0.0000,1679,1777,1852,1755,0.00,0.01,2.63,0.16,0.8511,1,1,0,0.01,0.00,0.56,-0.05,0.00,0.00,0.16,209,30
20601,0.5,2.3,-0.9,0.034,0.045,-1.096,4.9,-4.0,0.0,0.0294,-0.0247,0.0001,1664,1774,1869,1756,0.00,0.01,2.63,0.16,0.8511,1,1,0,0.01,0.00,0.57,-0.05,0.00,0.00,0.16,209,30
20611,1.7,-3.8,0.0,-0.010,0.024,-0.928,4.8,-3.9,0.0,0.0253,-0.0174,0.0000,1687,1780,1845,1751,0.00,0.01,2.63,0.16,0.8511,1,1,0,0.01,0.00,0.57,-0.05,0.00,0.00,0.16,209,30
20621,-2.8,5.0,1.3,0.032,-0.047,-0.918,4.9,-4.0,0.0,0.0303,-0.0266,-0.0001,1658,1772,1873,1760,0.00,0.01,2.63,0.16,0.8511,1,1,0,0.01,0.00,0.57,-0.05,0.00,0.00,0.16,209,30
20631,-0.2,-5.9,-1.5,0.000,0.056,-1.151,4.9,-4.0,0.0,0.0289,-0.0172,0.0000,1679,1788,1853,1744,0.00,0.01,2.63,0.16,0.8511,1,1,0,0.01,0.00,0.57,-0.05,0.00,0.00,0.16,209,30
20642,2.9,4.4,0.8,0.035,-0.009,-0.938,4.8,-3.9,0.0,0.0245,-0.0260,0.0000,1681,1769,1856,1767,0.00,0.01,2.63,0.16,0.8523,1,1,0,0.01,0.00,0.57,-0.05,0.00,0.00,0.16,209,30
20652,-3.7,-1.9,-0.2,0.018,-0.018,-1.000,4.9,-4.0,0.0,0.0313,-0.0196,0.0000,1669,1787,1868,1749,0.00,0.01,2.63,0.16,0.8523,1,1,0,0.01,0.00,0.57,-0.05,0.00,0.00,0.16,209,30
20662,4.3,-0.3,1.9,-0.010,0.035,-0.938,4.8,-3.9,0.0,0.0234,-0.0198,-0.0001,1686,1775,1850,1762,0.00,0.01,2.63,0.16,0.8523,1,1,0,0.01,0.00,0.56,-0.05,0.00,0.00,0.16,209,30
20672,-5.6,1.0,-2.8,0.059,-0.025,-1.197,4.9,-3.9,0.0,0.0331,-0.0227,0.0003,1663,1785,1874,1750,0.00,0.01,2.63,0.16,0.8523,1,1,0,0.01,0.00,0.57,-0.05,0.00,0.00,0.16,209,30
20682,5.1,-1.5,1.1,-0.021,0.060,-0.852,4.9,-3.9,0.0,0.0228,-0.0202,0.0000,1686,1777,1855,1764,0.00,0.01,2.63,0.16,0.8535,1,1,0,0.01,0.00,0.57,-0.05,0.00,0.00,0.16,209,30
20692,-2.9,0.5,0.6,0.017,-0.059,-0.938,4.8,-3.9,0.0,0.0297,-0.0217,0.0000,1678,1784,1862,1758,0.00,0.01,2.63,0.16,0.8535,1,1,0,0.01,0.00,0.57,-0.05,0.00,0.00,0.17,209,30
20702,0.4,-0.2,-0.1,0.031,0.061,-1.156,4.9,-4.0,0.0,0.0271,-0.0214,0.0000,1686,1794,1880,1772,0.00,0.01,2.63,0.16,0.8602,1,1,0,0.01,0.00,0.57,-0.05,0.00,0.00,0.16,209,30
20712,2.2,-2.5,-1.0,-0.008,0.014,-0.990,4.9,-3.9,0.0,0.0244,-0.0167,0.0001,1705,1797,1861,1768,0.00,0.01,2.63,0.16,0.8602,1,1,0,0.01,0.00,0.57,-0.05,0.00,0.00,0.16,209,30
20722,-0.6,4.0,2.5,0.039,-0.033,-0.922,4.9,-4.0,0.0,0.0282,-0.0257,-0.0002,1678,1784,1888,1783,0.00,0.01,2.63,0.16,0.8602,1,1,0,0.01,0.00,0.57,-0.05,0.00,0.00,0.16,209,30
20732,0.9,-5.9,-1.7,-0.024,0.046,-1.076,4.9,-3.9,0.0,0.0266,-0.0156,0.0002,1702,1806,1864,1760,0.00,0.01,2.63,0.16,0.8602,1,1,0,0.01,0.00,0.57,-0.05,0.00,0.00,0.16,209,30
20742,1.5,5.5,-0.3,0.053,-0.016,-1.016,4.8,-3.9,0.0,0.0254,-0.0272,0.0000,1686,1779,1880,1787,0.00,0.01,2.63,0.16,0.8602,1,1,0,0.01,0.00,0.57,-0.05,0.00,0.00,0.16,209,30
20753,-2.0,-4.2,0.2,-0.016,0.034,-0.999,4.9,-3.9,0.0,0.0296,-0.0173,0.0000,1688,1808,1879,1757,0.00,0.01,2.63,0.16,0.8602,1,1,0,0.01,0.00,0.57,-0.05,0.00,0.00,0.16,209,30
20763,1.0,3.1,1.8,0.019,-0.020,-0.924,4.8,-3.9,0.0,0.0237,-0.0236,-0.0002,1694,1785,1873,1784,0.00,0.01,2.63,0.16,0.8608,1,1,0,0.01,0.00,0.57,-0.05,0.00,0.00,0.16,209,30
20773,-3.1,-1.0,-3.1,0.039,0.031,-1.192,5.0,-4.0,0.0,0.0318,-0.0210,0.0003,1680,1805,1890,1762,0.00,0.01,2.63,0.16,0.8608,1,1,0,0.01,0.00,0.57,-0.05,0.00,0.00,0.16,209,30
20783,4.1,-1.7,1.3,-0.011,0.009,-0.862,4.9,-3.9,0.0,0.0234,-0.0198,-0.0001,1706,1788,1862,1780,0.00,0.01,2.63,0.16,0.8608,1,1,0,0.01,0.00,0.57,-0.05,0.00,0.00,0.16,209,30
20793,-4.1,3.5,0.7,0.040,-0.040,-1.012,5.0,-3.9,0.0,0.0324,-0.0252,0.0000,1675,1798,1893,1771,0.00,0.01,2.63,0.16,0.8608,1,1,0,0.01,0.00,0.57,-0.05,0.00,0.00,0.16,209,30
20803,3.2,-4.9,-1.2,-0.021,0.084,-1.152,4.9,-3.9,0.0,0.0244,-0.0166,0.0001,1717,1813,1881,1785,0.00,0.01,2.63,0.16,0.8688,1,1,0,0.01,0.00,0.57,-0.05,0.00,0.00,0.16,209,30
20813,-0.5,5.7,0.0,0.046,-0.049,-0.864,4.9,-3.9,0.0,0.0281,-0.0274,0.0000,1697,1802,1901,1796,0.00,0.01,2.63,0.16,0.8688,1,1,0,0.01,0.00,0.57,-0.05,0.00,0.00,0.16,209,30
20823,-1.1,-6.2,0.4,-0.018,0.028,-1.074,4.9,-4.0,0.0,0.0288,-0.0154,0.0000,1709,1819,1890,1780,0.00,0.01,2.63,0.16,0.8688,1,1,0,0.01,0.00,0.57,-0.05,0.00,0.00,0.16,209,30
20833,2.0,4.6,-0.3,0.032,0.000,-0.917,4.9,-3.9,0.0,0.0256,-0.0263,0.0000,1709,1805,1889,1794,0.00,0.01,2.63,0.16,0.8688,1,1,0,0.01,0.00,0.57,-0.05,0.00,0.00,0.16,209,30
20843,-2.6,-3.7,-1.7,0.019,0.013,-1.167,5.0,-4.0,0.0,0.0310,-0.0204,0.0002,1702,1819,1897,1779,0.00,0.01,2.63,0.16,0.8688,1,1,0,0.01,0.00,0.57,-0.05,0.00,0.00,0.16,209,30
20854,4.6,1.8,3.6,-0.012,0.006,-0.785,4.9,-3.9,0.0,0.0229,-0.0235,-0.0003,1718,1802,1880,1798,0.00,0.01,2.63,0.16,0.8688,1,1,0,0.01,0.00,0.57,-0.05,0.00,0.00,0.16,209,30
20864,-5.2,-0.5,-2.1,0.036,0.007,-1.237,4.9,-4.0,0.0,0.0340,-0.0221,0.0001,1696,1824,1908,1779,0.00,0.01,2.63,0.16,0.8700,1,1,0,0.01,0.00,0.57,-0.05,0.00,0.00,0.16,209,30
20874,6.5,-0.8,-0.1,-0.010,0.050,-0.885,4.9,-3.9,0.0,0.0207,-0.0208,0.0000,1723,1802,1880,1801,0.00,0.01,2.63,0.16,0.8700,1,1,0,0.01,0.00,0.57,-0.05,0.00,0.00,0.16,209,30
20884,-5.2,1.4,1.0,0.035,-0.057,-1.035,4.9,-3.9,0.0,0.0329,-0.0231,0.0000,1698,1819,1905,1784,0.00,0.01,2.63,0.16,0.8700,1,1,0,0.01,0.00,0.57,-0.05,0.00,0.00,0.16,209,30
20894,2.8,-3.5,-0.5,-0.011,0.073,-1.057,4.9,-3.9,0.0,0.0253,-0.0187,0.0000,1718,1814,1885,1789,0.00,0.01,2.63,0.16,0.8700,1,1,0,0.01,0.00,0.57,-0.05,0.00,0.00,0.16,209,30
20904,-1.3,4.6,-0.3,0.046,-0.049,-0.948,4.9,-3.9,0.0,0.0290,-0.0263,0.0000,1701,1808,1902,1794,0.00,0.01,2.63,0.16,0.8700,1,1,0,0.01,0.00,0.57,-0.05,0.00,0.00,0.16,209,30
20914,-0.7,-5.3,0.0,-0.032,0.037,-1.080,4.9,-4.0,0.0,0.0284,-0.0163,0.0000,1711,1819,1892,1784,0.00,0.01,2.63,0.16,0.8700,1,1,0,0.01,0.00,0.57,-0.05,0.00,0.00,0.16,208,30
20924,1.7,5.4,0.3,0.033,0.000,-0.904,4.9,-3.9,0.0,0.0259,-0.0265,0.0000,1706,1804,1897,1799,0.00,0.01,2.63,0.16,0.8700,1,1,0,0.01,0.00,0.57,-0.05,0.00,0.00,0.16,208,30
20934,-2.5,-4.8,-2.0,0.013,0.020,-1.192,5.0,-4.0,0.0,0.0302,-0.0169,0.0002,1706,1822,1898,1780,0.00,0.01,2.63,0.16,0.8700,1,1,0,0.01,0.00,0.57,-0.05,0.00,0.00,0.16,208,30
20944,3.5,2.9,3.2,0.001,-0.012,-0.753,5.0,-3.9,0.0,0.0237,-0.0241,-0.0002,1714,1802,1888,1802,0.00,0.01,2.63,0.16,0.8700,1,1,0,0.01,0.00,0.57,-0.05,0.00,0.00,0.16,208,30
20954,-5.2,-2.5,-2.0,0.031,0.014,-1.254,5.0,-3.9,0.0,0.0341,-0.0198,0.0001,1698,1827,1906,1776,0.00,0.01,2.63,0.16,0.8700,1,1,0,0.01,0.00,0.57,-0.05,0.00,0.00,0.16,208,30
20965,5.9,0.9,0.0,0.002,0.019,-0.808,5.0,-3.9,0.0,0.0210,-0.0224,0.0000,1721,1800,1883,1802,0.00,0.01,2.63,0.16,0.8700,1,1,0,0.01,0.00,0.57,-0.05,0.00,0.00,0.16,208,30
20975,-5.4,0.3,1.4,0.023,-0.035,-1.106,5.0,-3.9,0.0,0.0331,-0.0220,-0.0001,1697,1823,1906,1781,0.00,0.01,2.63,0.16,0.8700,1,1,0,0.01,0.00,0.57,-0.05,0.00,0.00,0.16,208,30
20985,4.5,-2.7,0.0,-0.013,0.047,-0.963,5.0,-3.9,0.0,0.0232,-0.0189,0.0000,1722,1812,1885,1796,0.00,0.01,2.63,0.16,0.8712,1,1,0,0.01,0.00,0.57,-0.05,0.00,0.00,0.16,208,30
20995,-1.6,3.3,-1.8,0.049,-0.021,-1.044,5.0,-3.9,0.0,0.0294,-0.0251,0.0002,1702,1812,1907,1794,0.00,0.01,2.63,0.16,0.8712,1,1,0,0.01,0.00,0.57,-0.05,0.00,0.00,0.16,208,30
21005,0.1,-3.9,1.4,-0.028,0.022,-0.948,5.0,-3.9,0.0,0.0272,-0.0187,-0.0001,1717,1820,1890,1788,0.00,0.01,2.63,0.16,0.8712,1,1,0,0.01,0.00,0.57,-0.05,0.00,0.00,0.16,208,30
21015,0.7,4.1,0.2,0.043,-0.006,-0.961,5.0,-3.9,0.0,0.0271,-0.0254,0.0000,1706,1810,1901,1798,0.00,0.01,2.63,0.16,0.8712,1,1,0,0.01,0.00,0.57,-0.05,0.00,0.00,0.16,208,30
21025,-0.1,-4.5,-2.5,0.006,0.034,-1.220,5.0,-3.9,0.0,0.0280,-0.0171,0.0002,1715,1822,1896,1787,0.00,0.01,2.63,0.16,0.8718,1,1,0,0.01,0.00,0.57,-0.05,0.00,0.00,0.16,208,30
21035,2.2,3.7,2.9,0.005,-0.014,-0.705,5.0,-3.9,0.0,0.0241,-0.0241,-0.0001,1713,1805,1896,1805,0.00,0.01,2.63,0.16,0.8718,1,1,0,0.01,0.00,0.57,-0.05,0.00,0.00,0.16,208,30
21045,-4.1,-1.8,-1.7,0.021,0.017,-1.299,5.0,-3.9,0.0,0.0320,-0.0198,0.0002,1702,1829,1909,1781,0.00,0.01,2.63,0.16,0.8718,1,1,0,0.01,0.00,0.57,-0.05,0.00,0.00,0.16,208,30
21055,5.6,0.6,-0.2,-0.008,0.034,-0.786,4.9,-3.9,0.0,0.0221,-0.0223,0.0000,1723,1804,1887,1806,0.00,0.01,2.63,0.16,0.8718,1,1,0,0.01,0.00,0.57,-0.05,0.00,0.00,0.16,208,30
21065,-6.0,-0.9,0.6,0.029,-0.036,-1.135,5.0,-3.9,0.0,0.0341,-0.0215,0.0000,1702,1831,1912,1783,0.00,0.01,2.63,0.16,0.8730,1,1,0,0.01,0.00,0.57,-0.06,0.00,0.00,0.16,208,30
21075,4.0,-0.9,0.7,-0.008,0.056,-0.926,5.0,-3.9,0.0,0.0237,-0.0207,0.0000,1722,1814,1892,1801,0.00,0.01,2.63,0.16,0.8730,1,1,0,0.01,0.00,0.57,-0.05,0.00,0.00,0.16,208,30
21085,-1.3,2.3,-1.0,0.041,-0.024,-1.098,5.0,-3.9,0.0,0.0292,-0.0240,0.0001,1707,1817,1908,1797,0.00,0.01,2.63,0.16,0.8730,1,1,0,0.01,0.00,0.57,-0.05,0.00,0.00,0.16,208,30
21096,0.4,-3.5,0.9,-0.016,0.016,-0.888,5.0,-3.9,0.0,0.0271,-0.0186,0.0000,1721,1823,1894,1791,0.00,0.01,2.63,0.16,0.8730,1,1,0,0.01,0.00,0.57,-0.06,0.00,0.00,0.16,208,30
21106,0.3,3.7,0.2,0.048,-0.004,-1.080,5.0,-3.9,0.0,0.0275,-0.0254,0.0000,1708,1813,1906,1802,0.00,0.01,2.63,0.16,0.8730,1,1,0,0.01,0.00,0.57,-0.06,0.00,0.00,0.16,208,30
21116,-1.3,-4.0,-2.3,-0.008,0.024,-1.016,5.0,-3.9,0.0,0.0293,-0.0176,0.0002,1718,1830,1898,1784,0.00,0.01,2.63,0.16,0.8730,1,1,0,0.01,0.00,0.57,-0.06,0.00,0.00,0.16,208,30
21126,1.3,3.8,2.3,0.024,-0.019,-0.854,5.0,-3.9,0.0,0.0258,-0.0255,-0.0002,1725,1820,1914,1820,0.00,0.01,2.63,0.16,0.8798,1,1,0,0.01,0.00,0.57,-0.06,0.00,0.00,0.16,208,30
21136,-2.7,-3.3,-2.7,0.021,0.031,-1.259,5.1,-3.9,0.0,0.0307,-0.0184,0.0003,1723,1846,1918,1793,0.00,0.01,2.63,0.16,0.8798,1,1,0,0.01,0.00,0.57,-0.06,0.00,0.00,0.16,208,30
21146,4.2,1.9,1.2,0.011,0.000,-0.807,5.0,-3.9,0.0,0.0208,-0.0233,0.0000,1736,1815,1903,1825,0.00,0.01,2.63,0.16,0.8798,1,1,0,0.01,0.00,0.57,-0.05,0.00,0.00,0.16,208,30
21156,-5.2,-0.6,0.5,0.025,-0.022,-1.143,5.1,-3.9,0.0,0.0341,-0.0210,0.0000,1714,1846,1926,1793,0.00,0.01,2.63,0.16,0.8798,1,1,0,0.01,0.00,0.57,-0.06,0.00,0.00,0.16,208,30
21166,3.3,-0.5,-1.5,0.003,0.037,-0.939,5.0,-3.9,0.0,0.0245,-0.0211,0.0001,1737,1824,1903,1816,0.00,0.01,2.63,0.16,0.8798,1,1,0,0.01,0.00,0.57,-0.05,0.00,0.00,0.16,208,30
21176,-2.2,1.5,0.8,0.029,-0.018,-1.069,5.1,-3.9,0.0,0.0313,-0.0234,0.0000,1716,1835,1924,1805,0.00,0.01,2.63,0.16,0.8798,1,1,0,0.01,0.00,0.57,-0.06,0.00,0.00,0.16,208,30
21186,0.9,-2.0,0.6,-0.020,0.016,-0.886,5.1,-3.9,0.0,0.0267,-0.0194,0.0000,1736,1836,1908,1809,0.00,0.01,2.63,0.16,0.8810,1,1,0,0.01,0.00,0.57,-0.06,0.00,0.00,0.16,208,30
21196,-0.3,1.1,-1.4,0.063,0.007,-1.181,5.1,-3.9,0.0,0.0287,-0.0240,0.0001,1723,1831,1922,1813,0.00,0.01,2.63,0.16,0.8810,1,1,0,0.01,0.00,0.57,-0.06,0.00,0.00,0.16,208,30
21207,2.2,-0.9,0.6,-0.044,0.015,-0.786,5.1,-3.9,0.0,0.0258,-0.0200,0.0000,1737,1836,1908,1808,0.00,0.01,2.63,0.16,0.8810,1,1,0,0.01,0.00,0.57,-0.06,0.00,0.00,0.16,208,30
21217,-3.9,1.1,1.1,0.061,-0.025,-1.232,5.1,-3.9,0.0,0.0319,-0.0229,0.0000,1718,1835,1926,1810,0.00,0.01,2.63,0.16,0.8810,1,1,0,0.01,0.00,0.57,-0.06,0.00,0.00,0.16,208,30
21227,6.3,-0.6,-1.4,-0.025,0.086,-0.808,5.1,-3.9,0.0,0.0247,-0.0195,0.0003,1761,1853,1928,1834,0.00,0.01,2.63,0.16,0.8926,1,1,0,0.01,0.00,0.57,-0.06,0.00,0.00,0.16,208,30
21237,-5.9,0.1,0.3,0.057,-0.101,-1.118,5.0,-3.9,0.0,0.0326,-0.0222,0.0000,1745,1857,1943,1831,0.00,0.01,2.63,0.16,0.8926,1,1,0,0.01,0.00,0.57,-0.06,0.00,0.00,0.16,208,30
21247,6.6,0.7,0.5,-0.026,0.138,-0.902,5.1,-3.9,0.0,0.0213,-0.0225,0.0000,1758,1848,1931,1841,0.00,0.01,2.63,0.16,0.8926,1,1,0,0.01,0.00,0.57,-0.06,0.00,0.00,0.16,208,30
21257,-6.7,-0.2,-0.8,0.056,-0.107,-1.108,5.1,-3.9,0.0,0.0315,-0.0215,0.0001,1744,1863,1945,1825,0.00,0.01,2.63,0.16,0.8926,1,1,0,0.01,0.00,0.57,-0.06,0.00,0.00,0.16,208,30
21267,6.1,-0.3,0.6,-0.031,0.089,-0.892,5.1,-3.9,0.0,0.0225,-0.0218,0.0000,1769,1861,1944,1853,0.00,0.01,2.63,0.16,0.8993,1,1,0,0.01,0.00,0.57,-0.06,0.00,0.00,0.16,208,30
21277,-3.8,1.4,-2.1,0.060,-0.050,-1.134,5.1,-3.9,0.0,0.0321,-0.0230,0.0002,1754,1874,1960,1839,0.00,0.01,2.63,0.16,0.8993,1,1,0,0.01,0.00,0.57,-0.06,0.00,0.00,0.16,208,30
21287,3.4,-2.3,1.5,-0.039,0.046,-0.887,5.0,-3.9,0.0,0.0243,-0.0194,-0.0001,1773,1866,1940,1849,0.00,0.01,2.63,0.16,0.8993,1,1,0,0.01,0.00,0.57,-0.06,0.00,0.00,0.16,208,30
21297,-3.0,3.1,0.8,0.071,-0.024,-1.127,5.1,-3.9,0.0,0.0311,-0.0249,0.0000,1750,1868,1963,1846,0.00,0.01,2.63,0.16,0.8993,1,1,0,0.01,0.00,0.57,-0.06,0.00,0.00,0.16,208,30
21307,4.3,-2.9,-1.8,-0.037,0.044,-0.887,5.1,-3.9,0.0,0.0242,-0.0174,0.0002,1778,1869,1936,1843,0.00,0.01,2.63,0.16,0.8993,1,1,0,0.01,0.00,0.57,-0.06,0.00,0.00,0.16,208,30
21318,-5.2,1.9,2.1,0.057,-0.055,-1.094,5.1,-3.9,0.0,0.0328,-0.0245,-0.0002,1749,1868,1964,1847,0.00,0.01,2.63,0.16,0.8993,1,1,0,0.01,0.00,0.57,-0.06,0.00,0.00,0.16,208,30
21328,7.5,-0.5,-0.4,-0.012,0.082,-0.910,5.1,-3.9,0.0,0.0204,-0.0212,0.0000,1778,1861,1936,1852,0.00,0.01,2.63,0.16,0.8993,1,1,0,0.01,0.00,0.57,-0.06,0.00,0.00,0.16,208,30
21338,-8.5,-1.9,-0.4,0.031,-0.085,-1.102,5.1,-3.9,0.0,0.0345,-0.0210,0.0000,1752,1882,1962,1831,0.00,0.01,2.63,0.16,0.8993,1,1,0,0.01,0.00,0.57,-0.06,0.00,0.00,0.16,208,30
21348,8.4,2.2,0.6,-0.001,0.098,-0.921,5.0,-3.9,0.0,0.0196,-0.0237,0.0000,1774,1853,1939,1861,0.00,0.01,2.63,0.16,0.8993,1,1,0,0.01,0.00,0.57,-0.06,0.00,0.00,0.16,208,30
21358,-6.7,-1.7,-0.6,0.023,-0.055,-1.117,5.1,-3.9,0.0,0.0349,-0.0201,0.0000,1750,1886,1964,1827,0.00,0.01,2.63,0.16,0.8993,1,1,0,0.01,0.00,0.57,-0.06,0.00,0.00,0.16,208,30
21368,4.0,0.6,0.5,0.002,0.018,-0.911,5.0,-3.9,0.0,0.0205,-0.0220,0.0000,1778,1856,1939,1862,0.00,0.01,2.63,0.16,0.9005,1,1,0,0.01,0.00,0.57,-0.06,0.00,0.00,0.16,208,30
21378,-0.1,0.0,-0.8,0.021,0.044,-1.080,5.2,-3.9,0.0,0.0321,-0.0225,0.0001,1749,1882,1970,1836,0.00,0.01,2.63,0.16,0.9005,1,1,0,0.01,0.00,0.57,-0.06,0.00,0.00,0.16,208,30
21388,-2.9,-1.2,0.9,0.016,-0.062,-0.931,5.0,-3.9,0.0,0.0293,-0.0199,0.0000,1774,1872,1944,1846,0.00,0.01,2.63,0.16,0.9005,1,1,0,0.01,0.00,0.57,-0.06,0.00,0.00,0.16,208,30
21398,3.0,0.5,-0.1,0.017,0.079,-1.101,5.1,-3.9,0.0,0.0265,-0.0230,0.0000,1758,1870,1960,1849,0.00,0.01,2.63,0.16,0.9005,1,1,0,0.01,0.00,0.57,-0.06,0.00,0.00,0.16,208,30
21408,-3.0,0.8,-1.3,0.033,-0.078,-0.911,5.0,-3.9,0.0,0.0310,-0.0226,0.0001,1765,1873,1954,1845,0.00,0.01,2.63,0.16,0.9005,1,1,0,0.01,0.00,0.57,-0.06,0.00,0.00,0.16,208,30
21418,2.0,-2.7,1.5,-0.013,0.088,-1.099,5.0,-3.9,0.0,0.0282,-0.0211,-0.0002,1765,1873,1952,1846,0.00,0.01,2.63,0.16,0.9005,1,1,0,0.01,0.00,0.57,-0.06,0.00,0.00,0.16,208,30
21429,-0.7,4.1,-0.1,0.055,-0.053,-0.936,5.0,-3.9,0.0,0.0287,-0.0259,0.0000,1759,1863,1960,1855,0.00,0.01,2.63,0.16,0.9005,1,1,0,0.01,0.00,0.57,-0.06,0.00,0.00,0.16,208,30
21439,0.3,-3.7,-0.9,-0.050,0.051,-1.014,5.0,-3.9,0.0,0.0295,-0.0175,0.0001,1770,1881,1948,1836,0.00,0.01,2.63,0.16,0.9005,1,1,0,0.01,0.00,0.57,-0.06,0.00,0.00,0.16,208,30
21449,-0.8,3.4,0.0,0.081,-0.039,-1.052,5.0,-3.9,0.0,0.0281,-0.0259,0.0000,1760,1861,1960,1860,0.00,0.01,2.63,0.16,0.9011,1,1,0,0.01,0.00,0.57,-0.06,0.00,0.00,0.16,208,30
21459,3.7,-2.3,1.6,-0.070,0.072,-0.911,5.1,-3.9,0.0,0.0243,-0.0195,-0.0001,1775,1875,1945,1846,0.00,0.01,2.63,0.16,0.9011,1,1,0,0.01,0.00,0.57,-0.06,0.00,0.00,0.16,208,30
21469,-7.5,0.7,-1.8,0.070,-0.086,-1.096,5.0,-3.9,0.0,0.0328,-0.0237,0.0001,1754,1877,1967,1843,0.00,0.01,2.63,0.16,0.9011,1,1,0,0.01,0.00,0.57,-0.06,0.00,0.00,0.16,208,30
21479,10.0,-0.5,1.0,-0.020,0.093,-0.926,5.0,-3.9,0.0,0.0179,-0.0212,0.0000,1786,1856,1935,1865,0.00,0.01,2.63,0.16,0.9011,1,1,0,0.01,0.00,0.57,-0.06,0.00,0.00,0.16,208,30
21489,-9.6,0.6,0.0,0.036,-0.093,-1.031,5.0,-3.9,0.0,0.0378,-0.0224,0.0000,1747,1889,1974,1831,0.00,0.01,2.63,0.16,0.9011,1,1,0,0.01,0.00,0.57,-0.06,0.00,0.00,0.16,208,30
21499,7.6,-0.8,-1.2,0.006,0.077,-1.019,4.9,-3.9,0.0,0.0194,-0.0210,0.0001,1785,1856,1936,1865,0.00,0.01,2.63,0.16,0.9011,1,1,0,0.01,0.00,0.57,-0.06,0.00,0.00,0.16,208,30
21509,-3.6,1.5,1.5,0.013,-0.027,-0.975,5.0,-3.9,0.0,0.0317,-0.0234,-0.0001,1754,1882,1971,1844,0.00,0.01,2.63,0.16,0.9023,1,1,0,0.01,0.00,0.57,-0.06,0.00,0.00,0.16,208,30
21519,0.0,-1.4,-1.0,0.018,0.009,-1.024,5.0,-3.9,0.0,0.0259,-0.0194,0.0000,1777,1875,1948,1850,0.00,0.01,2.63,0.16,0.9023,1,1,0,0.01,0.00,0.57,-0.06,0.00,0.00,0.16,208,30
21529,0.7,0.4,-0.4,0.007,0.015,-1.023,5.0,-3.9,0.0,0.0278,-0.0230,0.0000,1763,1871,1963,1854,0.00,0.01,2.63,0.16,0.9023,1,1,0,0.01,0.00,0.57,-0.06,0.00,0.00,0.16,208,30
21540,-1.0,1.5,0.4,0.024,-0.023,-0.916,5.0,-3.8,0.0,0.0291,-0.0234,0.0000,1772,1878,1953,1847,0.00,0.01,2.63,0.16,0.9023,1,1,0,0.01,0.00,0.57,-0.06,0.00,0.00,0.16,208,30
21550,0.9,-4.6,0.0,0.003,0.050,-1.166,5.0,-3.9,0.0,0.0277,-0.0203,0.0000,1772,1877,1954,1848,0.00,0.01,2.63,0.16,0.9023,1,1,0,0.01,0.00,0.57,-0.06,0.00,0.00,0.16,208,30
21560,1.5,4.5,0.4,0.029,-0.033,-0.796,4.9,-3.9,0.0,0.0260,-0.0258,0.0000,1769,1865,1956,1860,0.00,0.01,2.63,0.16,0.9023,1,1,0,0.01,0.00,0.57,-0.06,0.00,0.00,0.16,208,30
21570,-1.7,-4.0,-1.2,0.002,0.054,-1.238,5.0,-3.9,0.0,0.0298,-0.0178,0.0001,1764,1888,1962,1837,0.00,0.01,2.63,0.16,0.9023,1,1,0,0.01,0.00,0.57,-0.06,0.00,0.00,0.15,208,30
21580,-0.4,1.8,1.9,0.035,-0.054,-0.833,4.9,-3.9,0.0,0.0242,-0.0238,-0.0001,1771,1863,1953,1862,0.00,0.01,2.63,0.16,0.9023,1,1,0,0.01,0.00,0.57,-0.06,0.00,0.00,0.16,208,30
21590,1.6,-1.1,-0.6,-0.007,0.078,-1.127,5.0,-3.9,0.0,0.0282,-0.0203,0.0001,1767,1886,1961,1841,0.00,0.01,2.63,0.16,0.9029,1,1,0,0.01,0.00,0.57,-0.06,0.00,0.00,0.16,208,30
21600,-5.2,0.2,-2.1,0.049,-0.080,-0.941,4.9,-3.9,0.0,0.0333,-0.0221,0.0002,1768,1870,1960,1857,0.00,0.01,2.63,0.16,0.9029,1,1,0,0.01,0.00,0.57,-0.06,0.00,0.00,0.16,208,30
21610,6.1,0.2,2.8,-0.013,0.093,-1.021,5.0,-3.9,0.0,0.0245,-0.0214,-0.0002,1776,1870,1950,1858,0.00,0.01,2.63,0.16,0.9029,1,1,0,0.01,0.00,0.57,-0.06,0.00,0.00,0.15,209,30
21620,-5.2,0.7,-1.9,0.051,-0.056,-1.009,5.0,-3.9,0.0,0.0327,-0.0225,0.0002,1760,1883,1969,1844,0.00,0.01,2.63,0.16,0.9029,1,1,0,0.01,0.00,0.57,-0.06,0.00,0.00,0.15,208,30
21630,3.7,-2.5,-0.2,-0.010,0.042,-0.972,4.9,-3.9,0.0,0.0243,-0.0194,0.0000,1786,1873,1946,1859,0.00,0.01,2.63,0.16,0.9042,1,1,0,0.01,0.00,0.57,-0.06,0.00,0.00,0.15,208,30
21640,-1.2,3.4,1.0,0.040,0.000,-1.073,5.0,-3.9,0.0,0.0317,-0.0261,0.0000,1757,1877,1975,1855,0.00,0.01,2.63,0.16,0.9042,1,1,0,0.01,0.00,0.57,-0.06,0.00,0.00,0.15,208,30
21650,0.0,-3.8,-0.9,0.000,0.010,-0.927,4.9,-3.8,0.0,0.0271,-0.0174,0.0001,1782,1884,1951,1847,0.00,0.01,2.63,0.16,0.9042,1,1,0,0.01,0.00,0.57,-0.06,0.00,0.00,0.15,208,30
21661,-0.4,1.0,0.9,0.037,0.024,-1.178,5.0,-3.9,0.0,0.0287,-0.0239,0.0000,1778,1888,1984,1875,0.00,0.01,2.63,0.16,0.9121,1,1,0,0.01,0.00,0.57,-0.06,0.00,0.00,0.15,208,30
21671,2.9,1.6,-0.9,0.009,0.018,-0.846,5.0,-3.8,0.0,0.0260,-0.0207,0.0001,1793,1891,1970,1871,0.00,0.01,2.63,0.16,0.9121,1,1,0,0.01,0.00,0.57,-0.06,0.00,0.00,0.16,208,30
21681,-4.8,-3.1,1.2,-0.002,-0.024,-1.194,4.9,-3.9,0.0,0.0330,-0.0188,0.0000,1781,1905,1980,1858,0.00,0.01,2.63,0.16,0.9121,1,1,0,0.01,0.00,0.57,-0.06,0.00,0.00,0.16,208,30
21691,5.4,3.8,-0.9,0.044,0.042,-0.870,4.9,-3.9,0.0,0.0218,-0.0258,0.0000,1791,1873,1971,1888,0.00,0.01,2.63,0.16,0.9121,1,1,0,0.01,0.00,0.57,-0.06,0.00,0.00,0.16,208,30
21701,-4.4,-4.3,0.1,-0.021,-0.008,-1.108,5.0,-3.9,0.0,0.0336,-0.0172,0.0000,1783,1914,1979,1848,0.00,0.01,2.63,0.16,0.9121,1,1,0,0.01,0.00,0.57,-0.06,0.00,0.00,0.16,208,30
21711,-0.5,2.1,0.2,0.044,-0.017,-0.974,4.9,-3.9,0.0,0.0286,-0.0241,0.0000,1784,1883,1978,1879,0.00,0.01,2.63,0.16,0.9121,1,1,0,0.01,0.00,0.57,-0.06,0.00,0.00,0.16,208,30
21721,6.3,-0.6,0.7,-0.016,0.067,-0.994,5.0,-3.9,0.0,0.0251,-0.0203,0.0000,1796,1891,1968,1873,0.00,0.01,2.63,0.16,0.9127,1,1,0,0.01,0.00,0.57,-0.06,0.00,0.00,0.16,208,30
21731,-7.9,0.4,-1.6,0.038,-0.073,-1.044,5.0,-3.9,0.0,0.0361,-0.0224,0.0001,1775,1905,1990,1859,0.00,0.01,2.63,0.16,0.9127,1,1,0,0.01,0.00,0.57,-0.06,0.00,0.00,0.16,208,30
21741,5.6,-1.6,0.2,0.000,0.052,-0.944,4.9,-3.9,0.0,0.0202,-0.0208,0.0000,1805,1881,1960,1883,0.00,0.01,2.63,0.16,0.9127,1,1,0,0.01,0.00,0.57,-0.06,0.00,0.00,0.16,208,30
21751,-1.6,1.1,2.0,0.014,-0.005,-1.104,5.0,-3.9,0.0,0.0298,-0.0231,-0.0001,1775,1901,1989,1864,0.00,0.01,2.63,0.16,0.9127,1,1,0,0.01,0.00,0.57,-0.06,0.00,0.00,0.16,208,30
21761,0.8,-0.7,-3.3,0.020,0.008,-0.900,4.9,-3.9,0.0,0.0273,-0.0212,0.0003,1813,1907,1982,1886,0.00,0.01,2.63,0.16,0.9206,1,1,0,0.01,0.00,0.57,-0.06,0.00,0.00,0.16,208,30
21772,-0.1,-1.5,2.4,-0.002,0.022,-1.160,5.0,-4.0,0.0,0.0284,-0.0226,-0.0002,1800,1909,1993,1887,0.00,0.01,2.63,0.16,0.9206,1,1,0,0.01,0.00,0.57,-0.06,0.00,0.00,0.16,208,30
21782,2.5,4.1,-0.3,0.043,-0.005,-0.819,5.0,-3.9,0.0,0.0256,-0.0261,0.0000,1800,1902,1995,1892,0.00,0.01,2.63,0.16,0.9206,1,1,0,0.01,0.00,0.57,-0.06,0.00,0.00,0.16,208,30
21792,-3.6,-6.4,-0.5,-0.005,0.005,-1.143,5.0,-3.9,0.0,0.0318,-0.0155,0.0000,1807,1925,1987,1869,0.00,0.01,2.63,0.16,0.9206,1,1,0,0.01,0.00,0.57,-0.06,0.00,0.00,0.15,208,30
21802,2.1,4.1,0.1,0.043,0.000,-0.979,4.9,-4.0,0.0,0.0254,-0.0269,0.0000,1798,1892,1996,1903,0.00,0.01,2.63,0.16,0.9206,1,1,0,0.01,0.00,0.57,-0.06,0.00,0.00,0.15,208,30
21812,2.5,-0.5,0.7,-0.010,0.039,-0.931,5.0,-3.9,0.0,0.0256,-0.0214,0.0000,1806,1918,1988,1876,0.00,0.01,2.63,0.16,0.9206,1,1,0,0.01,0.00,0.57,-0.06,0.00,0.00,0.15,208,30
21822,-6.6,-1.4,-1.1,0.035,-0.043,-1.161,5.0,-3.9,0.0,0.0344,-0.0211,0.0001,1793,1917,2001,1877,0.00,0.01,2.63,0.16,0.9206,1,1,0,0.01,0.00,0.57,-0.06,0.00,0.00,0.16,208,30
21832,8.2,1.0,-0.1,0.002,0.061,-0.851,4.9,-3.9,0.0,0.0193,-0.0228,0.0000,1817,1891,1977,1904,0.00,0.01,2.63,0.16,0.9206,1,1,0,0.01,0.00,0.57,-0.06,0.00,0.00,0.16,208,30
21842,-3.9,-0.1,1.4,0.013,-0.004,-1.133,5.0,-3.9,0.0,0.0322,-0.0219,-0.0001,1806,1946,2025,1885,0.00,0.01,2.63,0.15,0.9304,1,1,0,0.01,0.00,0.57,-0.06,0.00,0.00,0.16,208,30
21852,-2.5,-0.9,-2.1,0.020,-0.058,-0.914,4.9,-3.9,0.0,0.0289,-0.0213,0.0002,1827,1922,2005,1908,0.00,0.01,2.63,0.15,0.9304,1,1,0,0.01,0.00,0.57,-0.06,0.00,0.00,0.16,208,30
21862,4.7,0.0,1.3,0.007,0.088,-1.066,5.0,-3.9,0.0,0.0271,-0.0217,-0.0001,1823,1926,2008,1906,0.00,0.01,2.63,0.15,0.9304,1,1,0,0.01,0.00,0.57,-0.06,0.00,0.00,0.16,208,30
21872,-4.3,0.7,0.0,0.027,-0.079,-0.976,5.0,-3.9,0.0,0.0326,-0.0228,0.0000,1813,1931,2018,1900,0.00,0.01,2.63,0.15,0.9304,1,1,0,0.01,0.00,0.57,-0.06,0.00,0.00,0.15,209,30
21882,1.3,-1.2,-0.7,0.005,0.059,-0.982,5.0,-3.9,0.0,0.0268,-0.0208,0.0001,1829,1927,2003,1904,0.00,0.01,2.63,0.15,0.9304,1,1,0,0.01,0.00,0.57,-0.06,0.00,0.00,0.15,209,30
21893,2.2,0.0,0.5,0.015,0.014,-1.154,5.0,-4.0,0.0,0.0265,-0.0231,0.0000,1816,1921,2015,1911,0.00,0.01,2.63,0.15,0.9304,1,1,0,0.01,0.00,0.57,-0.06,0.00,0.00,0.15,209,30
21903,-1.2,2.7,0.5,0.020,-0.051,-0.783,5.0,-3.9,0.0,0.0295,-0.0247,0.0000,1816,1929,2015,1903,0.00,0.01,2.63,0.15,0.9304,1,1,0,0.01,0.00,0.57,-0.06,0.00,0.00,0.15,209,30
21913,-1.2,-4.7,-0.8,0.003,0.054,-1.160,5.0,-3.9,0.0,0.0293,-0.0181,0.0000,1826,1937,2006,1894,0.00,0.01,2.63,0.15,0.9304,1,1,0,0.01,0.00,0.57,-0.06,0.00,0.00,0.15,209,30
21923,0.3,1.9,1.2,0.021,-0.026,-0.979,4.9,-4.0,0.0,0.0279,-0.0240,0.0000,1820,1915,2011,1917,0.00,0.01,2.63,0.15,0.9304,1,1,0,0.01,0.00,0.57,-0.06,0.00,0.00,0.15,209,30
21933,5.7,1.5,-0.7,0.008,0.060,-0.910,5.0,-3.9,0.0,0.0258,-0.0217,0.0001,1826,1923,2006,1908,0.00,0.01,2.63,0.15,0.9304,1,1,0,0.01,0.00,0.57,-0.06,0.00,0.00,0.16,209,30
21943,-8.5,-3.2,0.6,0.022,-0.048,-1.131,4.9,-3.9,0.0,0.0363,-0.0190,0.0000,1815,1946,2020,1890,0.00,0.01,2.63,0.15,0.9316,1,1,0,0.01,0.00,0.57,-0.06,0.00,0.00,0.16,209,30
21953,7.6,2.8,-0.3,0.022,0.038,-0.925,4.9,-4.0,0.0,0.0205,-0.0249,0.0000,1834,1904,2002,1932,0.00,0.01,2.63,0.15,0.9316,1,1,0,0.01,0.00,0.57,-0.06,0.00,0.00,0.16,209,30
21963,-0.4,-0.4,0.4,-0.013,0.042,-0.991,5.0,-3.9,0.0,0.0341,-0.0198,0.0000,1832,1961,2036,1907,0.00,0.01,2.63,0.15,0.9402,1,1,0,0.01,0.00,0.57,-0.06,0.00,0.00,0.15,209,30
21973,-6.6,-1.2,-0.8,0.043,-0.095,-1.095,4.9,-3.9,0.0,0.0323,-0.0218,0.0001,1836,1946,2032,1922,0.00,0.01,2.63,0.15,0.9402,1,1,0,0.01,0.00,0.57,-0.06,0.00,0.00,0.15,209,30
21983,7.6,0.5,1.5,-0.005,0.105,-0.897,4.9,-3.9,0.0,0.0205,-0.0226,-0.0001,1853,1930,2014,1938,0.00,0.01,2.63,0.15,0.9402,1,1,0,0.01,0.00,0.57,-0.06,0.00,0.00,0.15,209,30
21993,-0.9,-0.1,-0.2,0.025,0.007,-1.127,5.0,-3.9,0.0,0.0337,-0.0226,0.0001,1828,1955,2041,1913,0.00,0.01,2.63,0.15,0.9402,1,1,0,0.01,0.00,0.57,-0.06,0.00,0.00,0.15,209,30
22004,-6.0,0.3,-0.5,0.025,-0.115,-0.857,4.9,-3.9,0.0,0.0343,-0.0224,0.0000,1834,1954,2035,1914,0.00,0.01,2.63,0.15,0.9402,1,1,0,0.01,0.00,0.57,-0.06,0.00,0.00,0.15,209,30
22014,6.4,-1.9,-0.2,-0.003,0.128,-1.087,4.9,-3.9,0.0,0.0219,-0.0213,0.0000,1852,1935,2016,1933,0.00,0.01,2.63,0.15,0.9402,1,1,0,0.01,0.00,0.57,-0.06,0.00,0.00,0.15,209,30
22024,-3.4,1.8,0.5,0.023,-0.068,-1.005,5.0,-3.9,0.0,0.0321,-0.0242,0.0000,1827,1949,2041,1919,0.00,0.01,2.63,0.15,0.9402,1,1,0,0.01,0.00,0.57,-0.06,0.00,0.00,0.16,209,30
22034,2.0,0.6,-1.8,0.026,0.022,-0.888,4.9,-3.9,0.0,0.0262,-0.0227,0.0002,1845,1942,2024,1925,0.00,0.01,2.63,0.15,0.9402,1,1,0,0.01,0.00,0.57,-0.06,0.00,0.00,0.16,209,30
22044,-4.3,-3.8,0.7,-0.003,0.015,-1.127,4.9,-3.9,0.0,0.0324,-0.0188,0.0000,1853,1976,2047,1925,0.00,0.01,2.63,0.15,0.9493,1,1,1,0.01,0.00,0.57,-0.06,0.00,0.00,0.16,209,30
22054,2.5,1.7,0.0,0.025,-0.013,-0.999,4.9,-4.0,0.0,0.0257,-0.0239,0.0000,1857,1943,2046,1959,0.00,0.01,2.63,0.15,0.9493,1,1,0,0.01,0.00,0.57,-0.06,0.00,0.00,0.15,209,30
22064,2.9,1.2,0.5,0.008,0.052,-0.916,5.0,-3.9,0.0,0.0254,-0.0233,0.0000,1857,1966,2046,1937,0.00,0.01,2.63,0.15,0.9493,1,1,0,0.01,0.00,0.57,-0.06,0.00,0.00,0.15,209,30
22074,-8.1,-3.8,-0.8,0.019,-0.052,-1.119,4.9,-3.9,0.0,0.0343,-0.0196,0.0001,1843,1972,2047,1917,0.00,0.01,2.63,0.15,0.9493,1,1,1,0.01,0.00,0.57,-0.06,0.00,0.00,0.15,208,30
22084,3.3,1.9,0.6,0.026,0.014,-0.991,4.9,-3.9,0.0,0.0248,-0.0241,0.0000,1863,1947,2040,1956,0.00,0.01,2.63,0.15,0.9493,1,1,0,0.01,0.00,0.57,-0.06,0.00,0.00,0.15,208,30
22094,6.9,-0.3,0.6,-0.034,0.108,-0.919,5.0,-3.9,0.0,0.0261,-0.0211,0.0000,1862,1961,2041,1942,0.00,0.01,2.63,0.15,0.9493,1,1,0,0.01,0.00,0.57,-0.06,0.00,0.00,0.15,208,30
22105,-9.5,0.6,-0.9,0.052,-0.126,-1.139,4.9,-3.9,0.0,0.0378,-0.0228,0.0001,1815,1961,2047,1900,0.00,0.01,2.63,0.15,0.9499,1,1,1,0.01,0.00,0.57,-0.06,0.00,0.00,0.15,208,30
22115,2.8,-1.7,-0.8,0.010,0.020,-0.884,4.8,-3.9,0.0,0.0252,-0.0204,0.0001,1873,1953,2032,1951,0.00,0.01,2.63,0.15,0.9499,1,1,0,0.01,0.00,0.57,-0.06,0.00,0.00,0.16,208,30
22125,7.4,0.5,1.3,-0.003,0.131,-1.090,4.9,-3.9,0.0,0.0262,-0.0233,-0.0001,1859,1958,2046,1947,0.00,0.01,2.63,0.15,0.9499,1,1,0,0.01,0.00,0.57,-0.06,0.00,0.00,0.15,208,30
22135,-8.0,0.5,0.1,0.024,-0.126,-0.971,4.9,-3.9,0.0,0.0363,-0.0227,0.0000,1831,1962,2047,1915,0.00,0.01,2.63,0.15,0.9499,1,1,1,0.01,0.00,0.57,-0.06,0.00,0.00,0.15,208,30
22145,3.8,0.0,-1.8,0.022,0.073,-0.977,4.8,-3.9,0.0,0.0242,-0.0221,0.0002,1869,1955,2037,1950,0.00,0.01,2.63,0.15,0.9499,1,1,0,0.01,0.00,0.57,-0.06,0.00,0.00,0.15,208,30
22155,0.0,-2.9,1.2,-0.015,0.030,-1.104,4.9,-3.9,0.0,0.0286,-0.0195,-0.0001,1858,1969,2047,1936,0.00,0.01,2.63,0.15,0.9499,1,1,0,0.01,0.00,0.57,-0.06,0.00,0.00,0.15,208,30
22165,0.9,3.7,0.6,0.040,-0.031,-0.967,4.8,-3.9,0.0,0.0272,-0.0259,0.0000,1846,1947,2047,1946,0.00,0.01,2.63,0.15,0.9579,1,1,1,0.01,0.00,0.57,-0.06,0.00,0.00,0.15,208,30
22175,0.2,-1.1,-0.4,0.014,0.019,-0.902,4.9,-3.9,0.0,0.0293,-0.0178,0.0001,1869,1979,2047,1936,0.00,0.01,2.63,0.15,0.9579,1,1,1,0.01,0.00,0.57,-0.06,0.00,0.00,0.15,208,30
22185,-3.5,-3.7,-0.9,0.015,0.004,-1.149,4.8,-4.0,0.0,0.0309,-0.0201,0.0000,1852,1963,2047,1935,0.00,0.01,2.63,0.15,0.9579,1,1,1,0.01,0.00,0.57,-0.06,0.00,0.00,0.16,208,30
22195,4.3,2.8,1.3,0.021,0.000,-0.929,4.8,-3.9,0.0,0.0237,-0.0250,-0.0001,1867,1953,2047,1962,0.00,0.01,2.63,0.15,0.9579,1,1,1,0.01,0.00,0.57,-0.06,0.00,0.00,0.16,208,30
22205,2.7,-0.4,-0.1,-0.007,0.076,-0.927,4.9,-3.9,0.0,0.0301,-0.0202,0.0001,1857,1970,2047,1933,0.00,0.01,2.63,0.15,0.9579,1,1,1,0.01,0.00,0.57,-0.06,0.00,0.00,0.16,208,30
22215,-9.8,-1.9,-0.5,0.048,-0.118,-1.196,4.8,-3.9,0.0,0.0370,-0.0204,0.0000,1837,1967,2047,1917,0.00,0.01,2.63,0.15,0.9579,1,1,1,0.01,0.00,0.57,-0.06,0.00,0.00,0.16,208,30
22226,8.1,0.4,0.0,0.004,0.082,-0.868,4.8,-4.0,0.0,0.0198,-0.0226,0.0000,1891,1955,2044,1980,0.00,0.01,2.63,0.15,0.9579,1,1,1,0.01,0.00,0.57,-0.06,0.00,0.00,0.16,208,30
22236,3.7,0.8,0.9,-0.001,0.086,-1.015,5.0,-3.9,0.0,0.0321,-0.0215,0.0000,1844,1966,2047,1925,0.00,0.01,2.63,0.15,0.9579,1,1,1,0.01,0.00,0.57,-0.06,0.00,0.00,0.16,208,30
22246,-11.0,-1.3,-1.0,0.042,-0.159,-1.032,4.8,-3.9,0.0,0.0380,-0.0209,0.0001,1836,1966,2047,1916,0.00,0.01,2.63,0.15,0.9579,1,1,1,0.01,0.00,0.57,-0.06,0.00,0.00,0.15,208,30
22256,7.7,0.7,0.2,0.015,0.103,-0.978,4.8,-3.9,0.0,0.0203,-0.0229,0.0000,1890,1959,2045,1976,0.00,0.01,2.63,0.15,0.9579,1,1,1,0.01,0.00,0.57,-0.06,0.00,0.00,0.15,209,30
22266,1.6,-0.8,0.7,-0.024,0.025,-1.029,4.9,-4.0,0.0,0.0266,-0.0213,0.0000,1851,1965,2047,1933,0.00,0.01,2.63,0.15,0.9591,1,1,1,0.01,0.00,0.58,-0.06,0.00,0.00,0.15,209,30
22276,-6.8,2.5,-0.5,0.067,-0.098,-0.998,4.9,-3.9,0.0,0.0347,-0.0247,0.0001,1822,1953,2047,1915,0.00,0.01,2.63,0.15,0.9591,1,1,1,0.01,0.00,0.58,-0.06,0.00,0.00,0.15,209,30
22286,3.6,-3.0,-0.3,-0.003,0.043,-0.932,4.8,-3.9,0.0,0.0245,-0.0191,0.0000,1893,1978,2047,1962,0.00,0.01,2.63,0.15,0.9591,1,1,1,0.01,0.00,0.57,-0.06,0.00,0.00,0.15,209,30
22296,2.6,-0.3,-0.1,-0.002,0.065,-1.140,4.8,-4.0,0.0,0.0264,-0.0225,0.0000,1849,1957,2047,1940,0.00,0.01,2.63,0.15,0.9591,1,1,1,0.01,0.00,0.58,-0.06,0.00,0.00,0.16,209,30
22306,-3.2,2.8,0.8,0.041,-0.083,-0.916,4.8,-3.9,0.0,0.0314,-0.0249,0.0000,1847,1957,2047,1936,0.00,0.01,2.63,0.15,0.9597,1,1,1,0.01,0.00,0.58,-0.06,0.00,0.00,0.16,209,30
22316,4.3,-0.6,-0.7,0.007,0.073,-0.929,4.9,-3.9,0.0,0.0256,-0.0197,0.0001,1875,1972,2047,1950,0.00,0.01,2.63,0.15,0.9597,1,1,1,0.01,0.00,0.58,-0.06,0.00,0.00,0.16,209,30
22326,-6.5,-2.9,0.1,0.002,-0.039,-1.146,4.8,-3.9,0.0,0.0344,-0.0197,0.0000,1843,1968,2047,1922,0.00,0.01,2.63,0.15,0.9597,1,1,1,0.01,0.00,0.58,-0.06,0.00,0.00,0.16,209,30
22337,5.5,3.2,-0.1,0.036,0.026,-0.900,4.8,-3.9,0.0,0.0226,-0.0254,0.0000,1870,1947,2047,1969,0.00,0.01,2.63,0.15,0.9597,1,1,1,0.01,0.00,0.58,-0.06,0.00,0.00,0.16,209,30
22347,2.3,0.2,1.0,-0.007,0.066,-0.951,4.9,-3.9,0.0,0.0320,-0.0194,0.0000,1853,1974,2047,1926,0.00,0.01,2.63,0.15,0.9676,1,1,1,0.01,0.00,0.57,-0.06,0.00,0.00,0.15,209,30
22357,-10.8,-3.8,-1.2,0.024,-0.101,-1.104,4.8,-3.9,0.0,0.0370,-0.0195,0.0001,1840,1966,2047,1920,0.00,0.01,2.63,0.15,0.9676,1,1,1,0.01,0.00,0.58,-0.06,0.00,0.00,0.15,209,30
22367,8.1,2.5,0.3,0.019,0.076,-0.960,4.7,-3.9,0.0,0.0199,-0.0247,0.0000,1888,1954,2047,1982,0.00,0.01,2.63,0.15,0.9676,1,1,1,0.01,0.00,0.57,-0.06,0.00,0.00,0.16,209,30
22377,5.9,-0.7,0.6,-0.025,0.068,-0.953,4.9,-3.9,0.0,0.0292,-0.0207,0.0000,1858,1969,2047,1936,0.00,0.01,2.63,0.15,0.9676,1,1,1,0.01,0.00,0.58,-0.06,0.00,0.00,0.16,209,30
22387,-12.6,0.6,-0.3,0.064,-0.111,-1.090,4.8,-3.9,0.0,0.0409,-0.0228,0.0000,1809,1960,2047,1895,0.00,0.01,2.63,0.15,0.9676,1,1,1,0.01,0.00,0.58,-0.06,0.00,0.00,0.16,209,30
22397,8.0,-2.7,-0.1,-0.002,0.049,-0.939,4.7,-3.9,0.0,0.0199,-0.0193,0.0000,1912,1973,2047,1985,0.00,0.01,2.63,0.15,0.9676,1,1,1,0.01,0.00,0.57,-0.06,0.00,0.00,0.16,209,30
22407,5.7,0.2,0.8,-0.008,0.120,-1.069,4.9,-3.9,0.0,0.0302,-0.0231,0.0000,1845,1960,2047,1933,0.00,0.01,2.63,0.15,0.9688,1,1,1,0.01,0.00,0.58,-0.06,0.00,0.00,0.16,209,30
22417,-11.2,1.6,-0.1,0.051,-0.165,-0.967,4.8,-3.9,0.0,0.0394,-0.0237,0.0000,1816,1958,2047,1903,0.00,0.01,2.63,0.15,0.9688,1,1,1,0.01,0.00,0.58,-0.06,0.00,0.00,0.16,208,30
22427,6.0,-0.8,-1.0,0.017,0.085,-0.981,4.7,-3.9,0.0,0.0209,-0.0208,0.0001,1896,1970,2047,1973,0.00,0.01,2.63,0.15,0.9688,1,1,1,0.01,0.00,0.58,-0.06,0.00,0.00,0.15,208,30
22437,0.4,-2.7,1.1,-0.048,0.063,-1.114,4.8,-3.9,0.0,0.0299,-0.0203,0.0000,1857,1970,2047,1934,0.00,0.01,2.63,0.15,0.9688,1,1,1,0.01,0.00,0.58,-0.06,0.00,0.00,0.15,208,30
22448,-1.9,3.3,0.1,0.076,-0.079,-0.955,4.8,-3.9,0.0,0.0280,-0.0263,0.0000,1842,1947,2047,1941,0.00,0.01,2.63,0.15,0.9688,1,1,1,0.01,0.00,0.58,-0.06,0.00,0.00,0.15,208,30
22458,2.5,-0.2,-0.4,-0.025,0.061,-0.937,4.8,-3.9,0.0,0.0261,-0.0207,0.0000,1872,1976,2047,1943,0.00,0.01,2.63,0.15,0.9688,1,1,1,0.01,0.00,0.58,-0.06,0.00,0.00,0.16,208,30
22468,-4.3,-4.0,-0.6,0.006,0.000,-1.134,4.8,-4.0,0.0,0.0324,-0.0181,0.0000,1849,1971,2047,1924,0.00,0.01,2.63,0.15,0.9694,1,1,1,0.01,0.00,0.58,-0.06,0.00,0.00,0.16,208,30
22478,1.4,3.5,1.4,0.047,-0.019,-0.962,4.7,-3.9,0.0,0.0235,-0.0259,-0.0001,1860,1950,2047,1959,0.00,0.01,2.63,0.15,0.9694,1,1,1,0.01,0.00,0.58,-0.06,0.00,0.00,0.16,208,30
22488,6.2,0.1,-0.3,-0.023,0.069,-0.926,4.8,-3.9,0.0,0.0219,-0.0223,0.0000,1864,1970,2047,1939,0.00,0.01,2.63,0.15,0.9792,1,1,1,0.01,0.00,0.58,-0.06,0.00,0.00,0.16,208,30
22498,-11.4,-2.0,-2.0,0.032,-0.053,-1.133,4.8,-3.9,0.0,0.0402,-0.0201,0.0002,1819,1969,2047,1896,0.00,0.01,2.63,0.15,0.9792,1,1,1,0.01,0.00,0.58,-0.06,0.00,0.00,0.16,208,30
22508,4.6,0.7,0.9,0.019,-0.009,-0.940,4.7,-4.0,0.0,0.0209,-0.0233,0.0000,1892,1957,2047,1983,0.00,0.01,2.63,0.15,0.9792,1,1,1,0.01,0.00,0.58,-0.06,0.00,0.00,0.15,208,30
22518,8.7,1.0,1.4,-0.018,0.151,-0.998,4.9,-3.9,0.0,0.0194,-0.0232,-0.0001,1869,1963,2047,1954,0.00,0.01,2.63,0.15,0.9792,1,1,1,0.01,0.00,0.58,-0.06,0.00,0.00,0.15,208,30
22528,-13.1,-1.7,-2.2,0.033,-0.172,-1.037,4.8,-3.9,0.0,0.0399,-0.0209,0.0003,1817,1967,2047,1895,0.00,0.01,2.63,0.15,0.9792,1,1,1,0.01,0.00,0.58,-0.06,0.00,0.00,0.15,209,30
22538,2.7,1.0,-0.6,0.065,0.045,-0.998,4.7,-3.9,0.0,0.0252,-0.0232,0.0000,1895,1961,2047,1981,0.00,0.01,2.63,0.15,0.9792,1,1,1,0.01,0.00,0.58,-0.06,0.00,0.00,0.15,209,30
22548,6.4,-1.6,2.6,-0.075,0.139,-1.015,4.8,-3.9,0.0,0.0216,-0.0204,-0.0002,1874,1970,2047,1952,0.00,0.01,2.64,0.15,0.9792,1,1,1,0.01,0.00,0.58,-0.06,0.00,0.00,0.15,209,30
22559,-7.6,2.4,-1.3,0.085,-0.127,-1.019,4.9,-3.9,0.0,0.0364,-0.0249,0.0001,1815,1952,2047,1909,0.00,0.01,2.63,0.15,0.9792,1,1,1,0.01,0.00,0.58,-0.06,0.00,0.00,0.16,209,30
22569,0.7,-1.0,-1.1,0.003,0.003,-0.945,4.7,-3.9,0.0,0.0273,-0.0211,0.0001,1897,1977,2047,1966,0.00,0.01,2.64,0.15,0.9792,1,1,1,0.01,0.00,0.58,-0.06,0.00,0.00,0.16,209,30
22579,5.4,-2.0,1.5,-0.035,0.102,-1.107,4.9,-4.0,0.0,0.0264,-0.0223,-0.0001,1863,1963,2047,1948,0.00,0.01,2.64,0.15,0.9792,1,1,1,0.01,0.00,0.58,-0.06,0.00,0.00,0.16,208,30
22589,-5.9,3.4,0.8,0.057,-0.084,-0.935,4.8,-3.9,0.0,0.0339,-0.0256,0.0000,1828,1952,2047,1923,0.00,0.01,2.64,0.15,0.9884,1,1,1,0.01,0.00,0.58,-0.06,0.00,0.00,0.16,208,30
22599,5.4,-0.5,-1.3,0.005,0.045,-0.959,4.8,-3.9,0.0,0.0227,-0.0215,0.0001,1887,1974,2047,1958,0.00,0.01,2.64,0.15,0.9884,1,1,1,0.01,0.00,0.58,-0.06,0.00,0.00,0.16,208,30
22609,-5.4,-3.2,-0.1,-0.011,0.012,-1.123,4.8,-3.9,0.0,0.0344,-0.0191,0.0000,1839,1971,2047,1914,0.00,0.01,2.64,0.15,0.9884,1,1,1,0.01,0.00,0.58,-0.06,0.00,0.00,0.16,208,30
22619,3.0,2.9,0.1,0.045,-0.023,-0.948,4.7,-4.0,0.0,0.0235,-0.0258,0.0000,1866,1946,2047,1967,0.00,0.01,2.64,0.15,0.9884,1,1,1,0.01,0.00,0.58,-0.06,0.00,0.00,0.16,208,30
22629,4.8,1.0,0.3,-0.005,0.089,-0.975,4.9,-3.9,0.0,0.0233,-0.0231,0.0000,1865,1967,2047,1945,0.00,0.01,2.64,0.15,0.9884,1,1,1,0.01,0.00,0.58,-0.06,0.00,0.00,0.16,208,30
22639,-10.3,-4.1,-0.9,0.006,-0.102,-1.067,4.8,-4.0,0.0,0.0371,-0.0196,0.0001,1832,1972,2047,1906,0.00,0.01,2.64,0.15,0.9884,1,1,1,0.01,0.00,0.58,-0.06,0.00,0.00,0.16,208,30
22649,2.7,2.3,0.0,0.077,0.029,-0.996,4.7,-3.9,0.0,0.0253,-0.0245,0.0000,1882,1954,2047,1976,0.00,0.01,2.64,0.15,0.9884,1,1,1,0.01,0.00,0.58,-0.06,0.00,0.00,0.16,209,30
22659,7.2,-1.0,1.1,-0.061,0.129,-0.962,4.9,-3.9,0.0,0.0209,-0.0211,0.0000,1875,1968,2047,1954,0.00,0.01,2.64,0.15,0.9884,1,1,1,0.01,0.00,0.58,-0.06,0.00,0.00,0.16,209,30
22670,-9.9,0.5,-1.3,0.051,-0.090,-1.067,4.9,-3.9,0.0,0.0402,-0.0227,0.0002,1810,1961,2047,1894,0.00,0.01,2.64,0.15,0.9981,1,1,1,0.01,0.00,0.58,-0.06,0.00,0.00,0.16,209,30
22680,0.0,-1.2,0.3,0.023,0.000,-0.928,4.8,-3.9,0.0,0.0280,-0.0209,0.0000,1898,1970,2047,1976,0.00,0.01,2.64,0.15,0.9981,1,1,1,0.01,0.00,0.58,-0.06,0.00,0.00,0.16,209,30
22690,9.5,-0.7,0.8,-0.030,0.123,-1.073,4.9,-4.0,0.0,0.0200,-0.0217,0.0000,1853,1961,2047,1940,0.00,0.01,2.64,0.15,0.9981,1,1,1,0.01,0.00,0.58,-0.06,0.00,0.00,0.16,209,30
22700,-9.8,1.1,-0.9,0.047,-0.112,-0.948,4.9,-3.9,0.0,0.0378,-0.0228,0.0002,1818,1960,2047,1903,0.00,0.01,2.64,0.15,0.9981,1,1,1,0.01,0.00,0.58,-0.06,0.00,0.00,0.16,209,30
22710,2.9,-0.1,-0.3,0.034,0.032,-0.985,4.8,-3.9,0.0,0.0225,-0.0211,0.0000,1891,1970,2047,1968,0.00,0.01,2.64,0.15,0.9981,1,1,1,0.01,0.00,0.58,-0.06,0.00,0.00,0.16,209,30
22720,2.5,-2.7,2.2,-0.048,0.070,-1.093,4.9,-3.9,0.0,0.0285,-0.0206,-0.0001,1850,1965,2047,1932,0.00,0.01,2.64,0.15,0.9981,1,1,1,0.01,0.00,0.58,-0.06,0.00,0.00,0.16,209,30
22730,-2.4,3.0,-1.4,0.067,-0.056,-0.951,4.9,-3.9,0.0,0.0302,-0.0256,0.0001,1838,1948,2047,1936,0.00,0.01,2.64,0.15,0.9981,1,1,1,0.01,0.00,0.58,-0.06,0.00,0.00,0.16,209,30
22740,1.7,0.2,0.5,0.012,0.025,-0.949,4.9,-3.9,0.0,0.0264,-0.0223,0.0000,1875,1977,2047,1945,0.00,0.01,2.64,0.15,0.9981,1,1,1,0.01,0.00,0.58,-0.06,0.00,0.00,0.16,209,30
22750,-1.3,-4.4,-0.5,-0.029,0.024,-1.142,4.9,-4.0,0.0,0.0302,-0.0201,0.0001,1849,1962,2047,1933,0.00,0.01,2.64,0.15,0.9987,1,1,1,0.01,0.00,0.58,-0.06,0.00,0.00,0.16,209,30
22760,0.0,3.5,-0.6,0.075,-0.035,-0.950,4.8,-3.9,0.0,0.0265,-0.0263,0.0000,1853,1948,2047,1952,0.00,0.01,2.64,0.15,0.9987,1,1,1,0.01,0.00,0.58,-0.06,0.00,0.00,0.16,210,30
22770,5.1,-0.1,0.5,-0.026,0.079,-0.944,4.9,-3.9,0.0,0.0230,-0.0220,0.0000,1868,1972,2047,1942,0.00,0.01,2.64,0.15,0.9987,1,1,1,0.01,0.00,0.58,-0.06,0.00,0.00,0.16,210,30
22780,-8.1,-2.0,0.2,0.028,-0.061,-1.120,4.9,-3.9,0.0,0.0367,-0.0207,0.0000,1830,1969,2047,1908,0.00,0.01,2.64,0.15,0.9987,1,1,1,0.01,0.00,0.58,-0.06,0.00,0.00,0.15,210,30
22791,3.7,0.3,-0.6,0.041,0.023,-0.904,4.7,-3.9,0.0,0.0220,-0.0230,0.0000,1887,1957,2047,1977,0.00,0.01,2.64,0.15,0.9987,1,1,1,0.01,0.00,0.58,-0.06,0.00,0.00,0.15,210,30
22801,9.6,2.2,0.9,-0.005,0.115,-1.025,4.9,-3.9,0.0,0.0202,-0.0240,0.0000,1853,1964,2047,1936,0.00,0.01,2.64,0.15,0.9987,1,1,1,0.01,0.00,0.58,-0.06,0.00,0.00,0.16,210,30
22811,-11.8,-1.8,0.1,0.015,-0.111,-0.996,4.8,-3.9,0.0,0.0393,-0.0207,0.0001,1820,1968,2047,1898,0.00,0.01,2.64,0.15,0.9987,1,1,1,0.01,0.00,0.58,-0.06,0.00,0.00,0.16,210,30
22821,2.3,0.9,-1.4,0.050,0.023,-0.988,4.7,-3.9,0.0,0.0257,-0.0231,0.0001,1887,1960,2047,1974,0.00,0.01,2.64,0.15,1.0000,1,1,1,0.01,0.00,0.58,-0.06,0.00,0.00,0.16,210,30
22831,6.1,-1.4,1.0,-0.047,0.087,-1.034,4.9,-3.9,0.0,0.0258,-0.0211,0.0000,1856,1965,2047,1938,0.00,0.01,2.64,0.15,1.0000,1,1,1,0.01,0.00,0.58,-0.06,0.00,0.00,0.16,210,30
22841,-5.8,2.3,-0.6,0.048,-0.064,-0.991,4.9,-3.9,0.0,0.0346,-0.0246,0.0001,1823,1953,2047,1915,0.00,0.01,2.64,0.15,1.0000,1,1,1,0.01,0.00,0.58,-0.06,0.00,0.00,0.16,210,30
22851,-0.8,-0.7,0.4,0.028,0.000,-0.948,4.8,-3.9,0.0,0.0290,-0.0213,0.0000,1886,1977,2047,1957,0.00,0.01,2.64,0.15,1.0000,1,1,1,0.01,0.00,0.58,-0.06,0.00,0.00,0.16,210,30
22861,4.9,-2.7,-0.3,-0.032,0.108,-1.138,4.8,-3.9,0.0,0.0238,-0.0201,0.0000,1853,1959,2047,1941,0.00,0.01,2.64,0.15,1.0000,1,1,1,0.01,0.00,0.58,-0.06,0.00,0.00,0.16,210,30
22871,-4.0,3.2,0.3,0.060,-0.090,-0.902,4.8,-3.9,0.0,0.0322,-0.0254,0.0000,1833,1954,2047,1925,0.00,0.01,2.64,0.15,1.0000,1,1,1,0.01,0.00,0.58,-0.06,0.00,0.00,0.16,210,30
22881,2.4,-0.6,0.0,0.019,0.033,-0.935,4.8,-3.9,0.0,0.0247,-0.0197,0.0000,1882,1975,2047,1953,0.00,0.01,2.64,0.16,1.0000,1,1,1,0.01,0.00,0.58,-0.06,0.00,0.00,0.16,210,30
22891,-2.3,-3.1,-0.5,-0.019,0.006,-1.158,4.8,-3.9,0.0,0.0309,-0.0194,0.0000,1846,1963,2047,1930,0.00,0.01,2.64,0.16,1.0000,1,1,1,0.01,0.00,0.58,-0.06,0.00,0.00,0.16,210,30
22902,1.8,2.4,-1.1,0.038,-0.014,-0.909,4.7,-3.9,0.0,0.0261,-0.0246,0.0001,1860,1947,2047,1959,0.00,0.01,2.64,0.16,1.0000,1,1,1,0.01,0.00,0.58,-0.06,0.00,0.00,0.16,210,30
22912,3.0,2.2,2.3,0.013,0.057,-0.996,4.9,-3.9,0.0,0.0295,-0.0213,-0.0001,1851,1974,2047,1925,0.00,0.01,2.64,0.16,1.0000,1,1,1,0.01,0.00,0.58,-0.06,0.00,0.00,0.16,210,30
22922,-8.1,-4.8,-1.0,-0.001,-0.058,-1.049,4.8,-3.9,0.0,0.0357,-0.0179,0.0001,1846,1973,2047,1918,0.00,0.01,2.64,0.16,1.0000,1,1,1,0.01,0.00,0.58,-0.06,0.00,0.00,0.16,210,30
22932,3.8,3.0,-0.5,0.045,0.032,-0.983,4.7,-3.9,0.0,0.0242,-0.0252,0.0000,1872,1950,2047,1970,0.00,0.01,2.64,0.16,1.0000,1,1,1,0.01,0.00,0.58,-0.06,0.00,0.00,0.16,210,30
22942,5.0,-0.3,2.5,-0.023,0.059,-0.975,4.9,-3.9,0.0,0.0274,-0.0207,-0.0001,1865,1969,2047,1944,0.00,0.01,2.64,0.16,1.0000,1,1,1,0.01,0.00,0.58,-0.06,0.00,0.00,0.16,210,30
22952,-6.4,0.2,-1.0,0.035,-0.065,-1.076,4.9,-3.9,0.0,0.0358,-0.0224,0.0001,1828,1962,2047,1912,0.00,0.01,2.64,0.16,1.0000,1,1,1,0.01,0.00,0.58,-0.06,0.00,0.00,0.16,210,30
22962,1.5,-0.9,-1.7,0.027,-0.005,-0.915,4.7,-3.9,0.0,0.0265,-0.0211,0.0002,1891,1967,2047,1971,0.00,0.01,2.64,0.16,1.0000,1,1,1,0.01,0.00,0.58,-0.06,0.00,0.00,0.16,210,30
22972,8.9,0.1,2.1,-0.028,0.132,-1.115,4.8,-3.9,0.0,0.0240,-0.0230,-0.0001,1869,1961,2047,1957,0.00,0.01,2.64,0.16,1.0000,1,1,1,0.01,0.00,0.58,-0.06,0.00,0.00,0.16,210,30
22982,-7.8,0.7,0.4,0.040,-0.139,-0.922,4.8,-3.9,0.0,0.0360,-0.0228,0.0000,1826,1963,2047,1909,0.00,0.01,2.64,0.16,1.0000,1,1,1,0.01,0.00,0.58,-0.06,0.00,0.00,0.16,210,30
22992,1.4,-0.2,-2.6,0.042,0.027,-0.961,4.7,-3.9,0.0,0.0251,-0.0215,0.0002,1881,1966,2047,1960,0.00,0.01,2.64,0.16,1.0000,1,1,1,0.01,0.00,0.58,-0.06,0.00,0.00,0.16,210,30
23002,2.2,-2.3,1.8,-0.033,0.051,-1.132,4.8,-3.9,0.0,0.0268,-0.0200,-0.0001,1860,1969,2047,1939,0.00,0.01,2.64,0.16,1.0000,1,1,1,0.01,0.00,0.58,-0.06,0.00,0.00,0.16,210,30
23013,-1.5,2.6,0.8,0.050,-0.052,-0.912,4.8,-3.9,0.0,0.0296,-0.0248,0.0000,1841,1951,2047,1937,0.00,0.01,2.64,0.16,1.0000,1,1,1,0.01,0.00,0.58,-0.06,0.00,0.00,0.16,210,30
23023,0.3,0.3,-0.3,0.027,0.031,-0.963,4.8,-3.9,0.0,0.0284,-0.0197,0.0000,1865,1972,2047,1939,0.00,0.01,2.64,0.16,1.0000,1,1,1,0.01,0.00,0.58,-0.06,0.00,0.00,0.16,210,30
23033,-0.9,-4.6,-0.9,-0.014,0.006,-1.112,4.8,-3.9,0.0,0.0277,-0.0203,0.0001,1865,1970,2047,1942,0.00,0.01,2.64,0.16,1.0000,1,1,1,0.01,0.00,0.58,-0.06,0.00,0.00,0.16,210,30
23043,2.3,4.8,0.8,0.034,0.008,-0.960,4.8,-3.9,0.0,0.0258,-0.0270,0.0000,1848,1946,2047,1950,0.00,0.01,2.64,0.16,1.0000,1,1,1,0.01,0.00,0.58,-0.06,0.00,0.00,0.16,210,30
23053,1.7,-0.4,0.4,-0.007,0.013,-0.939,4.8,-3.9,0.0,0.0271,-0.0208,0.0000,1865,1974,2047,1938,0.00,0.01,2.64,0.16,1.0000,1,1,1,0.01,0.00,0.58,-0.06,0.00,0.00,0.16,210,30
23063,-6.1,-1.8,-0.9,0.029,-0.027,-1.123,4.8,-3.9,0.0,0.0330,-0.0214,0.0000,1841,1966,2047,1922,0.00,0.01,2.64,0.16,1.0000,1,1,1,0.01,0.00,0.58,-0.06,0.00,0.00,0.16,210,30
23073,3.2,0.3,-0.3,0.020,0.007,-0.907,4.7,-3.9,0.0,0.0248,-0.0225,0.0000,1880,1958,2047,1969,0.00,0.01,2.64,0.16,1.0000,1,1,1,0.01,0.00,0.58,-0.06,0.00,0.00,0.16,210,30
23083,4.4,1.3,0.7,0.002,0.084,-1.049,4.9,-3.9,0.0,0.0237,-0.0235,0.0000,1857,1961,2047,1943,0.00,0.01,2.64,0.16,1.0000,1,1,1,0.01,0.00,0.58,-0.06,0.00,0.00,0.16,209,30
23093,-9.2,-1.8,-0.4,0.007,-0.130,-1.009,4.8,-3.9,0.0,0.0351,-0.0203,0.0001,1837,1970,2047,1914,0.00,0.01,2.64,0.16,1.0000,1,1,1,0.01,0.00,0.58,-0.06,0.00,0.00,0.16,209,30
23103,4.6,0.8,-0.7,0.048,0.097,-0.966,4.7,-3.9,0.0,0.0233,-0.0229,0.0001,1885,1958,2047,1974,0.00,0.01,2.64,0.16,1.0000,1,1,1,0.01,0.00,0.58,-0.06,0.00,0.00,0.16,209,30
23113,3.6,-0.8,2.0,-0.028,0.064,-1.068,4.8,-3.9,0.0,0.0283,-0.0210,-0.0001,1860,1968,2047,1940,0.00,0.01,2.64,0.16,1.0000,1,1,1,0.01,0.00,0.58,-0.06,0.00,0.00,0.15,209,30
23123,-4.6,1.4,-0.3,0.030,-0.071,-0.975,4.8,-3.9,0.0,0.0328,-0.0236,0.0000,1832,1956,2047,1923,0.00,0.01,2.64,0.16,1.0000,1,1,1,0.01,0.00,0.58,-0.06,0.00,0.00,0.15,209,30
23134,0.0,-0.4,0.1,0.021,0.027,-0.964,4.8,-3.9,0.0,0.0281,-0.0216,0.0000,1869,1969,2047,1947,0.00,0.01,2.64,0.16,1.0000,1,1,1,0.01,0.00,0.58,-0.06,0.00,0.00,0.15,209,30
23144,3.3,-2.5,0.4,-0.005,0.053,-1.119,4.8,-4.0,0.0,0.0259,-0.0220,0.0000,1865,1964,2047,1949,0.00,0.01,2.64,0.16,1.0000,1,1,1,0.01,0.00,0.58,-0.06,0.00,0.00,0.16,209,30
23154,-0.6,3.7,0.0,0.039,-0.031,-0.950,4.8,-3.9,0.0,0.0293,-0.0255,0.0000,1843,1954,2047,1935,0.00,0.01,2.64,0.16,1.0000,1,1,1,0.01,0.00,0.58,-0.06,0.00,0.00,0.16,209,30
23164,0.7,-1.6,-0.5,0.007,0.024,-0.958,4.8,-3.9,0.0,0.0273,-0.0204,0.0000,1871,1973,2047,1944,0.00,0.01,2.64,0.16,1.0000,1,1,1,0.01,0.00,0.58,-0.06,0.00,0.00,0.16,209,30
23174,-2.2,-2.5,0.1,0.000,0.008,-1.153,4.8,-3.9,0.0,0.0299,-0.0214,0.0000,1853,1966,2047,1934,0.00,0.01,2.64,0.16,1.0000,1,1,1,0.01,0.00,0.58,-0.06,0.00,0.00,0.16,209,30
23184,3.5,2.1,-0.7,0.016,-0.008,-0.896,4.8,-3.9,0.0,0.0245,-0.0243,0.0001,1864,1952,2047,1958,0.00,0.01,2.64,0.16,1.0000,1,1,1,0.01,0.00,0.58,-0.06,0.00,0.00,0.15,209,30
23194,-0.3,1.5,0.6,0.023,0.049,-1.012,4.9,-3.9,0.0,0.0286,-0.0236,0.0000,1844,1963,2047,1928,0.00,0.01,2.64,0.16,1.0000,1,1,1,0.01,0.00,0.58,-0.06,0.00,0.00,0.16,210,30
23204,-8.0,-4.1,-0.1,0.008,-0.088,-1.090,4.8,-3.9,0.0,0.0326,-0.0192,0.0000,1851,1974,2047,1923,0.00,0.01,2.64,0.16,1.0000,1,1,1,0.01,0.00,0.58,-0.06,0.00,0.00,0.16,209,30
23214,7.0,2.2,-0.5,0.037,0.090,-0.939,4.8,-3.9,0.0,0.0210,-0.0243,0.0000,1878,1951,2047,1974,0.00,0.01,2.64,0.16,1.0000,1,1,1,0.01,0.00,0.58,-0.06,0.00,0.00,0.16,209,30
23224,2.3,0.0,1.2,-0.018,0.040,-0.985,4.9,-3.9,0.0,0.0273,-0.0216,0.0000,1853,1969,2047,1932,0.00,0.01,2.64,0.16,1.0000,1,1,1,0.01,0.00,0.58,-0.06,0.00,0.00,0.15,210,30
23234,-7.2,-0.3,-0.5,0.043,-0.099,-1.074,4.9,-3.9,0.0,0.0337,-0.0224,0.0001,1835,1962,2047,1919,0.00,0.01,2.64,0.16,1.0000,1,1,1,0.01,0.00,0.58,-0.06,0.00,0.00,0.15,210,30
23244,2.2,-0.6,-0.3,0.005,0.044,-0.927,4.8,-3.9,0.0,0.0258,-0.0215,0.0000,1879,1967,2047,1959,0.00,0.01,2.64,0.16,1.0000,1,1,1,0.01,0.00,0.58,-0.06,0.00,0.00,0.16,210,30
23255,5.3,0.0,0.4,-0.008,0.075,-1.082,4.9,-3.9,0.0,0.0268,-0.0233,0.0000,1857,1959,2047,1946,0.00,0.01,2.64,0.16,1.0000,1,1,1,0.01,0.00,0.58,-0.06,0.00,0.00,0.16,210,30
23265,-7.9,1.3,0.0,0.029,-0.097,-0.956,4.9,-3.9,0.0,0.0363,-0.0232,0.0000,1827,1961,2047,1912,0.00,0.01,2.64,0.16,1.0000,1,1,1,0.01,0.00,0.58,-0.06,0.00,0.00,0.16,210,30
23275,3.6,-1.3,-1.1,0.020,0.047,-0.957,4.8,-3.9,0.0,0.0245,-0.0208,0.0001,1883,1968,2047,1961,0.00,0.01,2.64,0.16,1.0000,1,1,1,0.01,0.00,0.58,-0.06,0.00,0.00,0.16,210,30
23285,0.3,-1.3,0.6,-0.003,0.042,-1.138,4.9,-3.9,0.0,0.0293,-0.0217,0.0000,1854,1965,2047,1936,0.00,0.01,2.64,0.16,1.0000,1,1,1,0.01,0.00,0.58,-0.06,0.00,0.00,0.16,210,30
23295,1.2,2.9,-0.7,0.027,-0.041,-0.901,4.8,-4.0,0.0,0.0265,-0.0252,0.0001,1854,1951,2047,1948,0.00,0.01,2.64,0.16,1.0000,1,1,1,0.01,0.00,0.58,-0.06,0.00,0.00,0.16,210,30
23305,0.3,-0.1,0.9,0.020,0.054,-0.972,4.9,-3.9,0.0,0.0278,-0.0219,0.0000,1859,1971,2047,1936,0.00,0.01,2.64,0.16,1.0000,1,1,1,0.01,0.00,0.58,-0.06,0.00,0.00,0.16,210,30
23315,-4.0,-4.9,0.2,-0.006,-0.035,-1.133,4.8,-4.0,0.0,0.0313,-0.0180,0.0000,1861,1971,2047,1936,0.00,0.01,2.64,0.16,1.0000,1,1,1,0.01,0.00,0.58,-0.06,0.00,0.00,0.16,210,30
23325,6.5,4.4,-0.5,0.033,0.050,-0.915,4.8,-3.9,0.0,0.0213,-0.0267,0.0000,1865,1947,2047,1964,0.00,0.01,2.64,0.16,1.0000,1,1,1,0.01,0.00,0.58,-0.06,0.00,0.00,0.16,210,30
23335,0.3,-0.6,0.6,-0.016,0.020,-0.935,4.9,-3.9,0.0,0.0317,-0.0193,0.0000,1854,1974,2047,1927,0.00,0.01,2.64,0.16,1.0000,1,1,1,0.01,0.00,0.58,-0.06,0.00,0.00,0.16,210,30
23345,-6.6,-1.2,0.2,0.054,-0.068,-1.153,4.8,-3.9,0.0,0.0340,-0.0212,0.0000,1843,1964,2047,1927,0.00,0.01,2.64,0.16,1.0000,1,1,1,0.01,0.00,0.58,-0.06,0.00,0.00,0.16,210,30
23355,5.9,0.0,-0.5,-0.003,0.046,-0.900,4.8,-3.9,0.0,0.0221,-0.0222,0.0000,1892,1963,2047,1976,0.00,0.01,2.64,0.16,1.0000,1,1,1,0.01,0.00,0.58,-0.06,0.00,0.00,0.16,210,30
23366,5.2,0.8,-0.6,0.009,0.074,-1.023,5.0,-3.9,0.0,0.0293,-0.0229,0.0001,1849,1960,2047,1936,0.00,0.01,2.64,0.16,1.0000,1,1,1,0.01,0.00,0.58,-0.06,0.00,0.00,0.16,210,30
23376,-11.1,-0.5,0.6,0.027,-0.128,-1.023,4.9,-3.9,0.0,0.0385,-0.0213,0.0000,1833,1967,2047,1912,0.00,0.01,2.64,0.16,1.0000,1,1,1,0.01,0.00,0.58,-0.06,0.00,0.00,0.16,209,30
23386,7.7,-0.2,-0.5,0.019,0.080,-0.964,4.8,-3.9,0.0,0.0203,-0.0218,0.0000,1895,1963,2047,1979,0.00,0.01,2.64,0.16,1.0000,1,1,1,0.01,0.00,0.58,-0.06,0.00,0.00,0.16,209,30
23396,2.5,-0.4,1.0,-0.011,0.061,-1.052,4.9,-3.9,0.0,0.0306,-0.0218,0.0000,1849,1965,2047,1931,0.00,0.01,2.64,0.16,1.0000,1,1,1,0.01,0.00,0.58,-0.06,0.00,0.00,0.16,209,30
23406,-4.9,1.1,-0.4,0.046,-0.099,-0.982,4.9,-3.9,0.0,0.0331,-0.0233,0.0000,1843,1957,2047,1932,0.00,0.01,2.64,0.16,1.0000,1,1,1,0.01,0.00,0.58,-0.06,0.00,0.00,0.16,209,30
23416,1.2,0.2,0.2,0.010,0.055,-0.937,4.9,-3.9,0.0,0.0262,-0.0207,0.0000,1869,1969,2047,1948,0.00,0.01,2.64,0.16,1.0000,1,1,1,0.01,0.00,0.58,-0.06,0.00,0.00,0.15,209,30
23426,-0.3,-3.4,0.0,0.001,0.030,-1.130,4.9,-4.0,0.0,0.0288,-0.0193,0.0000,1858,1968,2047,1937,0.00,0.01,2.64,0.16,1.0000,1,1,1,0.01,0.00,0.58,-0.06,0.00,0.00,0.15,209,30
23436,0.2,4.8,0.3,0.051,-0.052,-0.925,4.9,-3.9,0.0,0.0279,-0.0270,0.0000,1846,1949,2047,1944,0.00,0.01,2.64,0.16,1.0000,1,1,1,0.01,0.00,0.58,-0.06,0.00,0.00,0.15,209,30
23446,1.3,-1.9,0.0,-0.019,0.041,-0.915,4.9,-3.9,0.0,0.0284,-0.0184,0.0000,1870,1977,2047,1939,0.00,0.01,2.64,0.16,1.0000,1,1,1,0.01,0.00,0.58,-0.06,0.00,0.00,0.15,209,30
23456,-5.8,-2.2,-0.8,0.039,-0.011,-1.181,4.9,-3.9,0.0,0.0337,-0.0206,0.0001,1841,1963,2047,1924,0.00,0.01,2.64,0.16,1.0000,1,1,1,0.01,0.00,0.58,-0.06,0.00,0.00,0.15,209,30
23466,4.8,2.1,0.3,0.004,0.008,-0.878,4.8,-3.9,0.0,0.0233,-0.0242,0.0000,1874,1955,2047,1966,0.00,0.01,2.64,0.16,1.0000,1,1,1,0.01,0.00,0.58,-0.06,0.00,0.00,0.16,209,30
23476,3.3,0.8,0.3,0.005,0.061,-0.986,5.0,-3.9,0.0,0.0309,-0.0214,0.0000,1849,1966,2047,1930,0.00,0.01,2.64,0.16,1.0000,1,1,1,0.01,0.00,0.58,-0.06,0.00,0.00,0.16,209,30
23487,-10.9,-3.5,-0.4,0.023,-0.106,-1.100,4.8,-3.9,0.0,0.0391,-0.0185,0.0000,1846,1972,2047,1921,0.00,0.01,2.64,0.16,1.0000,1,1,1,0.01,0.00,0.58,-0.06,0.00,0.00,0.16,209,30
23497,10.6,2.5,0.2,0.022,0.085,-0.964,4.8,-3.9,0.0,0.0174,-0.0247,0.0000,1893,1952,2047,1989,0.00,0.01,2.64,0.16,1.0000,1,1,1,0.01,0.00,0.58,-0.06,0.00,0.00,0.16,209,30
23507,1.3,-0.2,1.3,-0.020,0.069,-0.966,5.0,-3.9,0.0,0.0343,-0.0205,0.0000,1840,1969,2047,1917,0.00,0.01,2.64,0.16,1.0000,1,1,1,0.01,0.00,0.58,-0.06,0.00,0.00,0.16,209,30
23517,-10.8,-0.5,-1.7,0.043,-0.134,-1.084,4.9,-3.9,0.0,0.0374,-0.0220,0.0002,1822,1963,2047,1905,0.00,0.01,2.64,0.16,1.0000,1,1,1,0.01,0.00,0.58,-0.06,0.00,0.00,0.15,209,30
23527,6.4,-0.4,0.2,0.004,0.068,-0.943,4.8,-3.9,0.0,0.0217,-0.0216,0.0000,1894,1967,2047,1974,0.00,0.01,2.64,0.16,1.0000,1,1,1,0.01,0.00,0.58,-0.06,0.00,0.00,0.15,209,30
23537,5.3,-0.9,1.1,-0.018,0.113,-1.045,5.0,-3.9,0.0,0.0285,-0.0229,0.0000,1853,1961,2047,1939,0.00,0.01,2.64,0.16,1.0000,1,1,1,0.01,0.00,0.58,-0.06,0.00,0.00,0.16,209,30
23547,-8.2,2.2,0.0,0.073,-0.171,-0.994,4.9,-3.9,0.0,0.0365,-0.0243,0.0000,1821,1957,2047,1910,0.00,0.01,2.64,0.16,1.0000,1,1,1,0.01,0.00,0.58,-0.06,0.00,0.00,0.16,209,30
23557,5.8,-2.1,-0.7,-0.007,0.096,-0.941,4.8,-3.9,0.0,0.0223,-0.0199,0.0001,1895,1973,2047,1968,0.00,0.01,2.64,0.16,1.0000,1,1,1,0.01,0.00,0.58,-0.06,0.00,0.00,0.16,209,30
23567,-0.6,-0.5,-0.1,0.003,0.044,-1.144,4.9,-3.9,0.0,0.0319,-0.0227,0.0000,1840,1961,2047,1926,0.00,0.01,2.64,0.16,1.0000,1,1,1,0.01,0.00,0.58,-0.06,0.00,0.00,0.16,209,30
23577,-0.7,2.2,0.2,0.038,-0.074,-0.921,4.8,-3.9,0.0,0.0289,-0.0243,0.0000,1851,1953,2047,1944,0.00,0.01,2.64,0.16,1.0000,1,1,1,0.01,0.00,0.58,-0.06,0.00,0.00,0.16,209,30
23587,2.7,0.7,0.5,-0.004,0.073,-0.990,4.9,-3.9,0.0,0.0255,-0.0228,0.0000,1863,1968,2047,1943,0.00,0.01,2.64,0.16,1.0000,1,1,1,0.01,0.00,0.58,-0.06,0.00,0.00,0.16,209,30
23597,-6.0,-4.9,-0.6,0.010,-0.035,-1.102,4.9,-3.9,0.0,0.0319,-0.0199,0.0000,1851,1971,2047,1926,0.00,0.01,2.64,0.16,1.0000,1,1,1,0.01,0.00,0.58,-0.06,0.00,0.00,0.16,209,30
23608,6.0,4.3,0.5,0.038,0.023,-0.985,4.9,-3.9,0.0,0.0221,-0.0265,0.0000,1869,1946,2047,1970,0.00,0.01,2.64,0.16,1.0000,1,1,1,0.01,0.00,0.58,-0.06,0.00,0.00,0.16,209,30
23618,0.0,-1.7,0.6,-0.028,0.033,-0.938,5.0,-3.9,0.0,0.0282,-0.0203,0.0000,1855,1975,2047,1926,0.00,0.01,2.64,0.16,1.0000,1,1,1,0.01,0.00,0.58,-0.06,0.00,0.00,0.16,209,30
23628,-10.4,-1.4,-1.8,0.052,-0.079,-1.150,5.0,-3.9,0.0,0.0350,-0.0224,0.0001,1830,1962,2047,1914,0.00,0.01,2.64,0.16,1.0000,1,1,1,0.01,0.00,0.58,-0.06,0.00,0.00,0.15,209,30
23638,7.3,0.9,-0.3,0.007,0.030,-0.922,4.9,-3.9,0.0,0.0209,-0.0230,0.0000,1894,1960,2047,1981,0.00,0.01,2.64,0.16,1.0000,1,1,1,0.01,0.00,0.58,-0.06,0.00,0.00,0.15,209,30
23648,6.1,0.7,1.1,-0.022,0.143,-0.991,5.1,-3.9,0.0,0.0306,-0.0227,0.0000,1845,1961,2047,1931,0.00,0.01,2.64,0.16,1.0000,1,1,1,0.01,0.00,0.58,-0.06,0.00,0.00,0.15,209,30
23658,-14.7,-0.8,0.0,0.059,-0.220,-1.062,5.0,-3.9,0.0,0.0432,-0.0212,0.0000,1824,1969,2047,1901,0.00,0.01,2.64,0.16,1.0000,1,1,1,0.01,0.00,0.58,-0.06,0.00,0.00,0.16,209,30
23668,9.8,-0.2,-1.3,0.000,0.142,-0.956,5.0,-3.9,0.0,0.0183,-0.0218,0.0001,1906,1963,2047,1989,0.00,0.01,2.64,0.16,1.0000,1,1,1,0.01,0.00,0.58,-0.06,0.00,0.00,0.16,209,30
23678,2.0,-0.6,1.3,-0.029,0.067,-1.028,5.2,-3.9,0.0,0.0334,-0.0216,0.0000,1839,1965,2047,1921,0.00,0.01,2.64,0.16,1.0000,1,1,1,0.01,0.00,0.58,-0.06,0.00,0.00,0.16,209,30
23688,-9.1,1.9,-0.5,0.063,-0.127,-0.981,5.1,-3.9,0.0,0.0376,-0.0240,0.0000,1833,1955,2047,1923,0.00,0.01,2.64,0.16,1.0000,1,1,1,0.01,0.00,0.58,-0.06,0.00,0.00,0.15,209,30
23698,4.7,-0.7,0.1,0.009,0.074,-0.976,5.0,-3.9,0.0,0.0219,-0.0197,0.0000,1890,1973,2047,1964,0.00,0.01,2.64,0.16,1.0000,1,1,1,0.01,0.00,0.58,-0.06,0.00,0.00,0.15,209,30
23708,1.9,-3.8,-0.1,-0.017,0.051,-1.065,5.1,-3.9,0.0,0.0283,-0.0197,0.0000,1852,1965,2047,1933,0.00,0.01,2.64,0.16,1.0000,1,1,1,0.01,0.00,0.58,-0.06,0.00,0.00,0.15,209,30
23719,-2.7,4.8,0.5,0.067,-0.056,-1.004,5.0,-3.9,0.0,0.0307,-0.0271,0.0000,1842,1950,2047,1939,0.00,0.01,2.64,0.16,1.0000,1,1,1,0.01,0.00,0.58,-0.06,0.00,0.00,0.16,209,30
23729,3.2,-2.1,-0.6,-0.020,0.039,-0.909,5.0,-3.8,0.0,0.0262,-0.0179,0.0001,1880,1979,2047,1947,0.00,0.01,2.64,0.16,1.0000,1,1,1,0.01,0.00,0.58,-0.06,0.00,0.00,0.16,209,30
23739,-5.2,-2.6,-0.3,0.017,0.005,-1.161,5.1,-3.9,0.0,0.0336,-0.0195,0.0000,1837,1963,2047,1921,0.00,0.01,2.64,0.16,1.0000,1,1,1,0.01,0.00,0.58,-0.06,0.00,0.00,0.16,209,30
23749,1.8,2.0,0.7,0.036,-0.051,-0.921,5.0,-3.9,0.0,0.0217,-0.0248,0.0000,1878,1954,2047,1972,0.00,0.01,2.64,0.16,1.0000,1,1,1,0.01,0.00,0.58,-0.06,0.00,0.00,0.16,209,30
23759,6.3,1.4,0.2,-0.015,0.123,-0.971,5.1,-3.8,0.0,0.0242,-0.0227,0.0000,1858,1967,2047,1937,0.00,0.01,2.64,0.16,1.0000,1,1,1,0.01,0.00,0.58,-0.06,0.00,0.00,0.16,209,30
23769,-13.1,-3.5,-1.1,0.035,-0.170,-1.089,5.0,-3.9,0.0,0.0415,-0.0185,0.0001,1830,1969,2047,1906,0.00,0.01,2.64,0.16,1.0000,1,1,1,0.01,0.00,0.58,-0.06,0.00,0.00,0.16,209,30
23779,7.3,2.0,0.4,0.042,0.071,-0.974,4.9,-3.9,0.0,0.0153,-0.0250,-0.0001,1899,1953,2047,1994,0.00,0.01,2.64,0.16,1.0000,1,1,1,0.01,0.00,0.58,-0.06,0.00,0.00,0.16,209,30
23789,7.2,-0.3,1.4,-0.046,0.100,-0.958,5.1,-3.8,0.0,0.0211,-0.0217,-0.0001,1853,1972,2047,1928,0.00,0.01,2.64,0.16,1.0000,1,1,1,0.01,0.00,0.58,-0.06,0.00,0.00,0.16,208,30
23799,-11.6,-0.1,-1.9,0.044,-0.118,-1.043,5.1,-3.9,0.0,0.0392,-0.0228,0.0002,1821,1958,2047,1909,0.00,0.01,2.64,0.16,1.0000,1,1,1,0.01,0.00,0.58,-0.06,0.00,0.00,0.16,208,30
23810,1.8,-0.1,0.1,0.034,0.006,-0.984,5.0,-3.8,0.0,0.0264,-0.0219,0.0000,1909,1972,2047,1985,0.00,0.01,2.64,0.16,1.0000,1,1,1,0.01,0.00,0.58,-0.06,0.00,0.00,0.15,208,30
23820,9.3,-1.8,1.2,-0.047,0.129,-1.005,5.1,-3.9,0.0,0.0203,-0.0207,0.0000,1853,1960,2047,1940,0.00,0.01,2.64,0.16,1.0000,1,1,1,0.01,0.00,0.58,-0.06,0.00,0.00,0.16,208,30
23830,-10.3,3.0,0.0,0.069,-0.107,-1.005,5.1,-3.8,0.0,0.0392,-0.0250,0.0000,1821,1959,2047,1908,0.00,0.01,2.64,0.16,1.0000,1,1,1,0.01,0.00,0.58,-0.07,0.00,0.00,0.16,208,30
23840,3.3,-1.7,-1.3,0.016,0.011,-0.927,5.0,-3.8,0.0,0.0249,-0.0203,0.0001,1900,1975,2047,1971,0.00,0.01,2.64,0.16,1.0000,1,1,1,0.01,0.00,0.58,-0.06,0.00,0.00,0.16,208,30
23850,2.3,-2.7,0.4,-0.032,0.107,-1.146,5.1,-3.9,0.0,0.0301,-0.0207,0.0000,1840,1964,2047,1924,0.00,0.01,2.64,0.16,1.0000,1,1,1,0.01,0.00,0.58,-0.06,0.00,0.00,0.16,208,30
23860,-2.9,2.3,0.5,0.050,-0.097,-0.922,5.0,-3.9,0.0,0.0303,-0.0247,0.0000,1847,1953,2047,1941,0.00,0.01,2.64,0.16,1.0000,1,1,1,0.01,0.00,0.58,-0.06,0.00,0.00,0.16,208,30
23870,5.0,1.5,0.0,0.001,0.102,-0.971,5.1,-3.8,0.0,0.0233,-0.0236,0.0000,1869,1971,2047,1944,0.00,0.01,2.64,0.16,1.0000,1,1,1,0.01,0.00,0.58,-0.06,0.00,0.00,0.16,208,30
23880,-6.6,-5.7,-0.6,-0.015,-0.038,-1.090,5.0,-3.9,0.0,0.0347,-0.0184,0.0001,1844,1968,2047,1922,0.00,0.01,2.64,0.16,1.0000,1,1,1,0.01,0.00,0.58,-0.06,0.00,0.00,0.16,208,30
23890,2.1,3.4,0.3,0.067,0.008,-0.998,5.0,-3.9,0.0,0.0261,-0.0255,0.0000,1865,1947,2047,1967,0.00,0.01,2.64,0.16,1.0000,1,1,1,0.01,0.00,0.58,-0.06,0.00,0.00,0.16,208,30
23900,5.9,-0.5,0.8,-0.043,0.074,-0.931,5.1,-3.8,0.0,0.0224,-0.0214,0.0000,1865,1976,2047,1936,0.00,0.01,2.64,0.16,1.0000,1,1,1,0.01,0.00,0.58,-0.06,0.00,0.00,0.16,208,30
23910,-7.9,-2.0,-1.3,0.023,-0.049,-1.081,5.1,-3.9,0.0,0.0377,-0.0207,0.0001,1824,1964,2047,1905,0.00,0.01,2.64,0.16,1.0000,1,1,1,0.01,0.00,0.58,-0.07,0.00,0.00,0.16,208,30
23920,2.2,0.3,0.6,0.036,-0.022,-0.974,4.9,-3.9,0.0,0.0260,-0.0224,0.0000,1897,1962,2047,1983,0.00,0.01,2.64,0.16,1.0000,1,1,1,0.01,0.00,0.58,-0.06,0.00,0.00,0.16,208,30
23931,11.9,0.2,1.1,-0.026,0.142,-0.987,5.0,-3.9,0.0,0.0224,-0.0225,0.0000,1857,1962,2047,1942,0.00,0.01,2.64,0.16,1.0000,1,1,1,0.01,0.00,0.58,-0.06,0.00,0.00,0.16,208,30
23941,-12.2,0.1,-1.4,0.043,-0.127,-1.031,5.0,-3.9,0.0,0.0407,-0.0222,0.0001,1808,1964,2047,1889,0.00,0.01,2.64,0.16,1.0000,1,1,1,0.01,0.00,0.58,-0.07,0.00,0.00,0.16,208,30
23951,3.6,-0.1,-0.9,0.038,0.010,-0.990,4.8,-3.9,0.0,0.0245,-0.0219,0.0001,1905,1965,2047,1986,0.00,0.01,2.64,0.16,1.0000,1,1,1,0.01,0.00,0.58,-0.06,0.00,0.00,0.16,208,30
23961,7.5,-1.2,2.2,-0.059,0.150,-1.061,5.0,-3.9,0.0,0.0269,-0.0212,-0.0001,1847,1966,2047,1929,0.00,0.01,2.64,0.16,1.0000,1,1,1,0.01,0.00,0.58,-0.06,0.00,0.00,0.16,208,30
23971,-7.5,1.8,-0.5,0.077,-0.149,-0.952,5.0,-3.9,0.0,0.0359,-0.0239,0.0000,1822,1953,2047,1915,0.00,0.01,2.64,0.16,1.0000,1,1,1,0.01,0.00,0.58,-0.07,0.00,0.00,0.16,208,30
23981,2.3,-0.2,-0.3,0.022,0.048,-0.978,5.0,-3.8,0.0,0.0259,-0.0218,0.0000,1886,1975,2047,1958,0.00,0.01,2.64,0.16,1.0000,1,1,1,0.01,0.00,0.58,-0.06,0.00,0.00,0.16,208,30
23991,2.0,-4.4,0.7,-0.049,0.067,-1.102,5.0,-3.9,0.0,0.0284,-0.0197,0.0000,1865,1972,2047,1940,0.00,0.01,2.64,0.16,1.0000,1,1,1,0.01,0.00,0.58,-0.06,0.00,0.00,0.16,208,30
24001,-2.6,4.0,0.7,0.071,-0.053,-0.967,5.0,-3.9,0.0,0.0309,-0.0261,0.0000,1835,1948,2047,1934,0.00,0.01,2.64,0.16,1.0000,1,1,1,0.01,0.00,0.58,-0.06,0.00,0.00,0.16,208,30
24011,3.3,-1.0,0.0,-0.008,0.024,-0.928,5.0,-3.8,0.0,0.0251,-0.0185,0.0000,1883,1980,2047,1949,0.00,0.01,2.64,0.16,1.0000,1,1,1,0.01,0.00,0.58,-0.06,0.00,0.00,0.15,208,30
24021,-3.5,-3.7,-1.6,0.000,0.027,-1.123,5.0,-3.9,0.0,0.0318,-0.0183,0.0002,1843,1969,2047,1920,0.00,0.01,2.64,0.16,1.0000,1,1,1,0.01,0.00,0.58,-0.06,0.00,0.00,0.15,208,30
24031,0.3,1.9,0.1,0.036,-0.034,-0.940,4.9,-3.9,0.0,0.0278,-0.0240,0.0000,1869,1953,2047,1963,0.00,0.01,2.64,0.16,1.0000,1,1,1,0.01,0.00,0.58,-0.06,0.00,0.00,0.15,208,30
24042,8.1,2.0,0.7,-0.005,0.092,-0.988,5.0,-3.8,0.0,0.0215,-0.0235,0.0000,1868,1963,2047,1952,0.00,0.01,2.64,0.16,1.0000,1,1,1,0.01,0.00,0.58,-0.06,0.00,0.00,0.15,208,30
24052,-10.5,-4.0,-0.2,0.001,-0.089,-1.050,5.0,-3.9,0.0,0.0389,-0.0180,0.0000,1829,1974,2047,1901,0.00,0.01,2.64,0.16,1.0000,1,1,1,0.01,0.00,0.58,-0.07,0.00,0.00,0.15,208,30
24062,2.0,1.0,-1.6,0.055,-0.001,-1.000,4.8,-3.9,0.0,0.0237,-0.0236,0.0001,1890,1953,2047,1984,0.00,0.01,2.64,0.16,1.0000,1,1,1,0.01,0.00,0.58,-0.06,0.00,0.00,0.15,208,30
24072,7.2,-0.5,1.9,-0.047,0.116,-0.991,5.0,-3.8,0.0,0.0229,-0.0210,-0.0001,1867,1970,2047,1944,0.00,0.01,2.64,0.16,1.0000,1,1,1,0.01,0.00,0.58,-0.07,0.00,0.00,0.16,209,30
24082,-8.7,-0.1,-0.4,0.045,-0.146,-1.030,5.0,-3.9,0.0,0.0370,-0.0219,0.0000,1819,1959,2047,1906,0.00,0.01,2.64,0.16,1.0000,1,1,1,0.01,0.00,0.59,-0.07,0.00,0.00,0.16,209,30
24092,-1.5,0.3,0.0,0.045,0.000,-0.966,4.9,-3.8,0.0,0.0237,-0.0213,0.0000,1876,1966,2047,1957,0.00,0.01,2.64,0.16,1.0000,1,1,1,0.01,0.00,0.58,-0.06,0.00,0.00,0.16,209,30
24102,9.7,-2.0,0.0,-0.042,0.128,-1.067,5.0,-3.9,0.0,0.0185,-0.0201,0.0000,1873,1962,2047,1958,0.00,0.01,2.64,0.16,1.0000,1,1,1,0.01,0.00,0.59,-0.06,0.00,0.00,0.16,209,30
24112,-6.8,2.8,0.4,0.062,-0.090,-0.946,5.0,-3.9,0.0,0.0352,-0.0249,0.0000,1816,1957,2047,1906,0.00,0.01,2.64,0.16,1.0000,1,1,1,0.01,0.00,0.59,-0.07,0.00,0.00,0.15,209,30
24122,-0.1,-1.3,0.2,0.021,0.001,-0.958,4.9,-3.8,0.0,0.0239,-0.0194,0.0000,1883,1974,2047,1956,0.00,0.01,2.64,0.16,1.0000,1,1,1,0.01,0.00,0.59,-0.06,0.00,0.00,0.15,209,30
24132,3.3,-2.5,-1.0,-0.021,0.078,-1.128,5.0,-3.9,0.0,0.0249,-0.0196,0.0001,1857,1965,2047,1938,0.00,0.01,2.64,0.15,1.0000,1,1,1,0.01,0.00,0.59,-0.06,0.00,0.00,0.15,209,30
24142,-2.3,2.5,-0.3,0.038,-0.059,-0.909,4.9,-3.9,0.0,0.0305,-0.0246,0.0000,1840,1952,2047,1935,0.00,0.01,2.64,0.15,1.0000,1,1,1,0.01,0.00,0.59,-0.06,0.00,0.00,0.16,209,30
24152,2.9,1.0,1.0,0.024,0.034,-0.981,4.9,-3.8,0.0,0.0267,-0.0204,0.0000,1869,1970,2047,1946,0.00,0.01,2.64,0.15,1.0000,1,1,1,0.01,0.00,0.59,-0.06,0.00,0.00,0.16,209,30
24163,-4.0,-5.5,-0.6,-0.029,-0.013,-1.086,4.9,-3.9,0.0,0.0322,-0.0165,0.0000,1858,1975,2047,1929,0.00,0.01,2.64,0.15,1.0000,1,1,1,0.01,0.00,0.59,-0.06,0.00,0.00,0.16,209,30
24173,3.2,4.5,-0.5,0.055,0.013,-0.975,4.9,-3.9,0.0,0.0249,-0.0266,0.0000,1854,1942,2047,1958,0.00,0.01,2.64,0.15,1.0000,1,1,1,0.01,0.00,0.59,-0.06,0.00,0.00,0.16,209,30
24183,3.5,0.4,2.2,-0.025,0.048,-0.950,5.0,-3.8,0.0,0.0284,-0.0200,-0.0001,1863,1971,2047,1940,0.00,0.01,2.64,0.16,1.0000,1,1,1,0.01,0.00,0.59,-0.06,0.00,0.00,0.16,209,30
24193,-7.0,-2.3,-1.7,0.026,-0.064,-1.109,4.9,-3.9,0.0,0.0353,-0.0197,0.0002,1837,1967,2047,1915,0.00,0.01,2.64,0.16,1.0000,1,1,1,0.01,0.00,0.59,-0.07,0.00,0.00,0.16,209,30
24203,-1.1,0.6,-0.8,0.041,-0.005,-0.948,4.8,-3.9,0.0,0.0273,-0.0229,0.0000,1870,1959,2047,1958,0.00,0.01,2.64,0.16,1.0000,1,1,1,0.01,0.00,0.59,-0.06,0.00,0.00,0.16,209,30
24213,9.0,1.1,1.4,-0.022,0.124,-1.046,5.0,-3.9,0.0,0.0207,-0.0232,-0.0001,1866,1960,2047,1954,0.00,0.01,2.64,0.16,1.0000,1,1,1,0.01,0.00,0.59,-0.06,0.00,0.00,0.16,209,30
24223,-10.5,-0.2,-0.3,0.029,-0.111,-0.977,5.0,-3.9,0.0,0.0389,-0.0218,0.0000,1817,1967,2047,1896,0.00,0.01,2.64,0.16,1.0000,1,1,1,0.01,0.00,0.59,-0.07,0.00,0.00,0.16,209,30
24233,2.7,-0.5,-2.4,0.033,0.048,-0.982,4.9,-3.9,0.0,0.0254,-0.0215,0.0002,1885,1964,2047,1967,0.00,0.01,2.64,0.16,1.0000,1,1,1,0.01,0.00,0.59,-0.06,0.00,0.00,0.15,209,30
24243,5.3,-0.2,2.2,-0.037,0.077,-1.079,5.0,-3.9,0.0,0.0229,-0.0218,-0.0001,1864,1965,2047,1948,0.00,0.01,2.64,0.16,1.0000,1,1,1,0.01,0.00,0.59,-0.07,0.00,0.00,0.15,209,30
24253,-6.5,1.4,-0.9,0.058,-0.089,-0.899,5.0,-3.9,0.0,0.0349,-0.0235,0.0001,1826,1957,2047,1914,0.00,0.01,2.64,0.15,1.0000,1,1,1,0.01,0.00,0.59,-0.06,0.00,0.00,0.16,209,30
24263,2.0,-1.6,0.0,0.008,0.055,-1.046,4.9,-3.8,0.0,0.0262,-0.0204,0.0000,1871,1970,2047,1948,0.00,0.01,2.64,0.15,1.0000,1,1,1,0.01,0.00,0.59,-0.06,0.00,0.00,0.16,209,30
24273,2.2,-2.2,0.3,-0.018,0.035,-1.078,4.9,-3.9,0.0,0.0264,-0.0207,0.0000,1833,1949,2047,1931,0.00,0.01,2.64,0.15,1.0000,1,1,1,0.01,0.00,0.59,-0.07,0.00,0.00,0.16,209,30
24283,-1.5,4.7,0.5,0.052,-0.033,-0.897,5.0,-3.9,0.0,0.0300,-0.0264,0.0000,1858,1968,2047,1937,0.00,0.01,2.64,0.15,1.0000,1,1,1,0.01,0.00,0.59,-0.06,0.00,0.00,0.15,209,30
24293,0.6,-4.3,-0.5,-0.014,0.030,-1.046,4.9,-3.8,0.0,0.0276,-0.0173,0.0001,1871,1975,2047,1942,0.00,0.01,2.64,0.15,1.0000,1,1,1,0.01,0.00,0.59,-0.06,0.00,0.00,0.15,209,30
24303,-0.6,-0.2,0.1,0.028,0.002,-1.062,4.9,-3.9,0.0,0.0287,-0.0226,0.0000,1848,1950,2047,1945,0.00,0.01,2.64,0.15,1.0000,1,1,1,0.01,0.00,0.59,-0.06,0.00,0.00,0.16,209,30
24313,4.8,2.4,-0.2,0.023,0.015,-0.893,4.9,-3.9,0.0,0.0232,-0.0242,0.0000,1872,1964,2047,1954,0.00,0.01,2.64,0.15,1.0000,1,1,1,0.01,0.00,0.59,-0.06,0.00,0.00,0.15,209,30
24323,-3.3,-0.8,0.0,-0.002,-0.008,-1.099,5.0,-3.9,0.0,0.0329,-0.0207,0.0000,1839,1972,2047,1913,0.00,0.01,2.64,0.15,1.0000,1,1,1,0.01,0.00,0.59,-0.07,0.00,0.00,0.15,209,30
24333,-2.1,-1.6,-0.8,0.026,-0.031,-0.968,4.8,-3.9,0.0,0.0284,-0.0211,0.0001,1875,1956,2047,1966,0.00,0.01,2.64,0.15,1.0000,1,1,1,0.01,0.00,0.59,-0.06,0.00,0.00,0.15,209,30
24343,9.9,2.9,1.6,0.008,0.106,-1.017,5.0,-3.8,0.0,0.0193,-0.0247,-0.0001,1872,1958,2047,1963,0.00,0.01,2.64,0.15,1.0000,1,1,1,0.01,0.00,0.59,-0.06,0.00,0.00,0.15,209,30
24353,-8.1,-2.4,-0.8,0.000,-0.083,-1.011,5.0,-3.9,0.0,0.0373,-0.0195,0.0001,1830,1972,2047,1903,0.00,0.01,2.64,0.15,1.0000,1,1,1,0.01,0.00,0.59,-0.07,0.00,0.00,0.15,209,30
24363,-2.1,0.8,-1.4,0.057,-0.009,-0.981,4.9,-3.9,0.0,0.0303,-0.0229,0.0001,1858,1959,2047,1945,0.00,0.01,2.64,0.15,1.0000,1,1,1,0.01,0.00,0.59,-0.06,0.00,0.00,0.16,209,30
24373,7.4,-0.7,1.8,-0.019,0.094,-1.023,4.9,-3.9,0.0,0.0219,-0.0213,-0.0001,1883,1967,2047,1965,0.00,0.01,2.64,0.15,1.0000,1,1,1,0.01,0.00,0.59,-0.06,0.00,0.00,0.16,209,30
24383,-1.9,2.5,0.2,0.003,-0.017,-1.032,5.0,-3.9,0.0,0.0303,-0.0246,0.0000,1827,1952,2047,1921,0.00,0.01,2.64,0.15,1.0000,1,1,1,0.01,0.00,0.59,-0.07,0.00,0.00,0.16,209,30
24394,-6.1,-1.1,-1.4,0.047,-0.055,-0.893,4.9,-3.8,0.0,0.0344,-0.0209,0.0001,1852,1972,2047,1926,0.00,0.01,2.64,0.15,1.0000,1,1,1,0.01,0.00,0.59,-0.06,0.00,0.00,0.16,209,30
24404,6.3,-1.2,0.7,-0.022,0.111,-1.164,5.0,-3.9,0.0,0.0225,-0.0224,-0.0001,1877,1963,2047,1962,0.00,0.01,2.64,0.15,1.0000,1,1,1,0.01,0.00,0.59,-0.06,0.00,0.00,0.16,209,30
24414,-2.8,2.0,0.3,0.015,-0.044,-0.956,5.0,-3.9,0.0,0.0319,-0.0242,0.0000,1834,1955,2047,1926,0.00,0.01,2.64,0.15,1.0000,1,1,1,0.01,0.00,0.59,-0.07,0.00,0.00,0.16,209,30
24424,0.2,0.9,-1.6,0.042,-0.005,-0.887,4.9,-3.8,0.0,0.0277,-0.0224,0.0002,1864,1966,2047,1944,0.00,0.01,2.64,0.15,1.0000,1,1,1,0.01,0.00,0.59,-0.06,0.00,0.00,0.15,209,30
24434,-1.9,-3.7,0.0,-0.023,0.022,-1.166,5.0,-3.9,0.0,0.0299,-0.0191,0.0000,1861,1975,2047,1934,0.00,0.01,2.64,0.15,1.0000,1,1,1,0.01,0.00,0.59,-0.06,0.00,0.00,0.16,209,30
24444,2.5,1.0,-0.3,0.022,0.004,-0.963,4.9,-3.9,0.0,0.0257,-0.0231,0.0000,1860,1952,2047,1954,0.00,0.01,2.64,0.15,1.0000,1,1,1,0.01,0.00,0.59,-0.06,0.00,0.00,0.16,209,30
24454,2.8,3.4,0.6,0.031,0.034,-0.942,5.0,-3.8,0.0,0.0265,-0.0247,0.0000,1852,1961,2047,1938,0.00,0.01,2.64,0.15,1.0000,1,1,1,0.01,0.00,0.59,-0.07,0.00,0.00,0.16,208,30
24464,-6.0,-4.4,-1.0,-0.004,-0.042,-1.084,5.0,-3.9,0.0,0.0342,-0.0177,0.0001,1851,1976,2047,1921,0.00,0.01,2.64,0.15,1.0000,1,1,1,0.01,0.00,0.59,-0.07,0.00,0.00,0.16,208,30
24474,1.3,1.0,0.0,0.038,0.015,-0.998,4.9,-3.9,0.0,0.0268,-0.0232,0.0000,1862,1956,2047,1954,0.00,0.01,2.64,0.15,1.0000,1,1,1,0.01,0.00,0.59,-0.06,0.00,0.00,0.16,208,30
24484,6.2,0.8,1.7,-0.006,0.062,-0.942,5.0,-3.8,0.0,0.0244,-0.0222,-0.0001,1870,1963,2047,1955,0.00,0.01,2.64,0.15,1.0000,1,1,1,0.01,0.00,0.59,-0.07,0.00,0.00,0.16,208,30
24494,-4.4,-0.2,-0.6,0.021,-0.025,-1.094,5.1,-3.8,0.0,0.0328,-0.0218,0.0000,1832,1965,2047,1913,0.00,0.01,2.64,0.15,1.0000,1,1,1,0.01,0.00,0.59,-0.07,0.00,0.00,0.16,208,30
24505,-5.0,-1.6,-1.3,0.029,-0.078,-0.912,4.9,-3.9,0.0,0.0314,-0.0204,0.0001,1865,1968,2047,1943,0.00,0.01,2.64,0.15,1.0000,1,1,1,0.01,0.00,0.59,-0.07,0.00,0.00,0.16,208,30
24515,9.2,0.4,0.9,-0.007,0.156,-1.077,5.0,-3.9,0.0,0.0215,-0.0230,-0.0001,1878,1961,2047,1966,0.00,0.01,2.64,0.15,1.0000,1,1,1,0.01,0.00,0.59,-0.07,0.00,0.00,0.15,208,30
24525,-4.4,0.0,1.1,0.006,-0.093,-0.998,5.0,-3.9,0.0,0.0328,-0.0221,0.0000,1828,1964,2047,1911,0.00,0.01,2.64,0.15,1.0000,1,1,1,0.01,0.00,0.59,-0.07,0.00,0.00,0.16,208,30
24535,-2.1,0.7,-2.2,0.055,-0.014,-0.900,4.9,-3.8,0.0,0.0274,-0.0220,0.0002,1860,1963,2047,1942,0.00,0.01,2.64,0.15,1.0000,1,1,1,0.01,0.00,0.59,-0.06,0.00,0.00,0.16,208,30
24545,1.8,-2.1,0.7,-0.019,0.067,-1.135,4.9,-3.9,0.0,0.0264,-0.0200,0.0000,1869,1970,2047,1946,0.00,0.01,2.64,0.15,1.0000,1,1,1,0.01,0.00,0.59,-0.07,0.00,0.00,0.15,208,30
24555,0.8,2.3,0.0,0.018,-0.021,-0.987,4.9,-3.9,0.0,0.0274,-0.0244,0.0000,1842,1947,2047,1941,0.00,0.01,2.64,0.15,1.0000,1,1,1,0.01,0.00,0.59,-0.07,0.00,0.00,0.15,208,30
24565,-1.2,1.9,0.3,0.033,0.002,-0.905,5.0,-3.8,0.0,0.0307,-0.0208,0.0000,1852,1968,2047,1931,0.00,0.01,2.64,0.15,1.0000,1,1,1,0.01,0.00,0.59,-0.07,0.00,0.00,0.15,208,30
24575,-1.0,-5.1,0.0,-0.004,0.010,-1.090,4.9,-3.8,0.0,0.0293,-0.0168,0.0000,1874,1976,2047,1944,0.00,0.01,2.64,0.15,1.0000,1,1,1,0.01,0.00,0.59,-0.07,0.00,0.00,0.16,209,30
24585,1.8,2.5,0.1,0.027,0.010,-1.040,4.9,-3.9,0.0,0.0253,-0.0260,0.0000,1853,1949,2047,1951,0.00,0.01,2.64,0.15,1.0000,1,1,1,0.01,0.00,0.59,-0.07,0.00,0.00,0.16,209,30
24595,3.6,1.2,0.2,0.006,0.029,-0.855,5.0,-3.8,0.0,0.0246,-0.0233,0.0000,1860,1967,2047,1939,0.00,0.01,2.64,0.15,1.0000,1,1,1,0.01,0.00,0.59,-0.07,0.00,0.00,0.16,209,30
24605,-6.6,-1.8,0.1,0.029,-0.022,-1.152,5.0,-3.8,0.0,0.0350,-0.0201,0.0000,1837,1970,2047,1914,0.00,0.01,2.64,0.15,1.0000,1,1,1,0.01,0.00,0.59,-0.07,0.00,0.00,0.16,209,30
24616,-0.4,-2.0,-0.8,0.004,-0.041,-0.947,4.9,-3.9,0.0,0.0233,-0.0215,0.0000,1877,1965,2047,1958,0.00,0.01,2.64,0.15,1.0000,1,1,1,0.01,0.00,0.59,-0.07,0.00,0.00,0.15,209,30
24626,8.1,2.4,0.4,0.016,0.129,-0.984,5.0,-3.8,0.0,0.0215,-0.0242,0.0000,1863,1958,2047,1953,0.00,0.01,2.64,0.15,1.0000,1,1,1,0.01,0.00,0.59,-0.07,0.00,0.00,0.15,209,30
24636,-8.0,-1.3,0.8,-0.001,-0.139,-1.054,4.9,-3.8,0.0,0.0363,-0.0207,0.0000,1835,1971,2047,1910,0.00,0.01,2.64,0.15,1.0000,1,1,1,0.01,0.00,0.59,-0.07,0.00,0.00,0.15,209,30
24646,0.1,-0.1,-2.0,0.046,0.014,-0.956,4.8,-3.8,0.0,0.0233,-0.0224,0.0001,1874,1961,2047,1958,0.00,0.01,2.64,0.15,1.0000,1,1,1,0.01,0.00,0.59,-0.07,0.00,0.00,0.16,209,30
24656,4.7,-0.5,1.1,-0.013,0.096,-1.034,4.9,-3.8,0.0,0.0243,-0.0214,0.0000,1866,1967,2047,1947,0.00,0.01,2.64,0.15,1.0000,1,1,1,0.01,0.00,0.59,-0.07,0.00,0.00,0.15,209,30
24666,-3.3,1.5,0.7,0.030,-0.064,-1.028,5.0,-3.9,0.0,0.0316,-0.0236,0.0000,1832,1956,2047,1923,0.00,0.01,2.64,0.15,1.0000,1,1,1,0.01,0.00,0.59,-0.07,0.00,0.00,0.15,209,30
24676,-2.4,0.3,-0.2,0.019,-0.016,-0.915,4.9,-3.8,0.0,0.0281,-0.0205,0.0000,1863,1969,2047,1940,0.00,0.01,2.64,0.15,1.0000,1,1,1,0.01,0.00,0.59,-0.07,0.00,0.00,0.15,209,30
24686,4.0,-2.8,-1.0,-0.002,0.071,-1.104,4.9,-3.9,0.0,0.0241,-0.0192,0.0001,1871,1964,2047,1953,0.00,0.01,2.64,0.15,1.0000,1,1,1,0.01,0.00,0.59,-0.07,0.00,0.00,0.16,209,30
24696,-0.7,1.9,1.6,0.021,-0.026,-1.039,4.9,-3.9,0.0,0.0293,-0.0242,-0.0001,1842,1955,2047,1934,0.00,0.01,2.64,0.15,1.0000,1,1,1,0.01,0.00,0.59,-0.07,0.00,0.00,0.16,209,30
24706,1.6,0.1,0.0,0.018,-0.006,-0.847,4.9,-3.8,0.0,0.0266,-0.0221,0.0000,1870,1971,2047,1946,0.00,0.01,2.64,0.15,1.0000,1,1,1,0.01,0.00,0.59,-0.07,0.00,0.00,0.16,209,30
24716,-2.8,-3.0,-1.5,0.022,0.031,-1.147,4.9,-3.8,0.0,0.0314,-0.0193,0.0001,1855,1973,2047,1928,0.00,0.01,2.64,0.15,1.0000,1,1,1,0.01,0.00,0.59,-0.07,0.00,0.00,0.16,209,30
24727,0.2,-0.5,-0.1,0.007,-0.041,-0.999,4.8,-3.9,0.0,0.0279,-0.0215,0.0000,1867,1955,2047,1959,0.00,0.01,2.64,0.15,1.0000,1,1,1,0.01,0.00,0.59,-0.07,0.00,0.00,0.15,209,30
24737,6.7,4.0,1.1,0.022,0.087,-0.892,5.0,-3.8,0.0,0.0227,-0.0257,0.0000,1857,1955,2047,1950,0.00,0.01,2.64,0.15,1.0000,1,1,1,0.01,0.00,0.59,-0.07,0.00,0.00,0.15,209,30
24747,-8.5,-3.6,-1.1,0.003,-0.078,-1.093,4.9,-3.8,0.0,0.0372,-0.0181,0.0001,1840,1978,2047,1908,0.00,0.01,2.64,0.15,1.0000,1,1,1,0.01,0.00,0.59,-0.07,0.00,0.00,0.16,209,30
24757,1.5,0.8,-1.6,0.035,0.003,-1.027,4.8,-3.9,0.0,0.0266,-0.0229,0.0002,1876,1953,2047,1970,0.00,0.01,2.64,0.15,1.0000,1,1,1,0.01,0.00,0.59,-0.07,0.00,0.00,0.15,209,30
24767,7.8,1.2,2.1,-0.016,0.090,-0.921,5.0,-3.8,0.0,0.0240,-0.0223,-0.0001,1872,1963,2047,1957,0.00,0.01,2.64,0.15,1.0000,1,1,1,0.01,0.00,0.59,-0.07,0.00,0.00,0.15,209,30
24777,-4.8,-0.4,0.1,0.022,-0.030,-1.075,5.0,-3.8,0.0,0.0357,-0.0217,0.0000,1825,1964,2047,1907,0.00,0.01,2.64,0.15,1.0000,1,1,1,0.01,0.00,0.59,-0.07,0.00,0.00,0.15,209,30
24787,-6.1,-0.7,-1.1,0.043,-0.072,-0.972,4.9,-3.8,0.0,0.0289,-0.0205,0.0001,1875,1970,2047,1952,0.00,0.01,2.64,0.15,1.0000,1,1,1,0.01,0.00,0.59,-0.07,0.00,0.00,0.16,209,30
24797,8.5,-0.4,0.3,-0.019,0.132,-0.992,4.9,-3.9,0.0,0.0196,-0.0216,0.0000,1877,1960,2047,1965,0.00,0.01,2.64,0.15,1.0000,1,1,1,0.01,0.00,0.59,-0.07,0.00,0.00,0.15,209,30
24807,-3.2,1.4,1.8,0.016,-0.028,-1.085,5.0,-3.8,0.0,0.0330,-0.0236,-0.0001,1823,1960,2047,1910,0.00,0.01,2.64,0.15,1.0000,1,1,1,0.01,0.00,0.59,-0.07,0.00,0.00,0.15,208,30
24818,-1.5,0.0,-1.7,0.034,-0.089,-0.872,4.9,-3.8,0.0,0.0271,-0.0215,0.0002,1875,1966,2047,1954,0.00,0.01,2.64,0.15,1.0000,1,1,1,0.01,0.00,0.59,-0.07,0.00,0.00,0.15,208,30
24828,3.0,-1.6,0.0,-0.018,0.127,-1.116,4.9,-3.8,0.0,0.0252,-0.0204,0.0000,1865,1970,2047,1943,0.00,0.01,2.64,0.15,1.0000,1,1,1,0.01,0.00,0.59,-0.07,0.00,0.00,0.16,208,30
24838,-1.6,0.4,1.0,0.024,-0.074,-1.015,4.9,-3.9,0.0,0.0298,-0.0225,0.0000,1848,1954,2047,1941,0.00,0.01,2.64,0.15,1.0000,1,1,1,0.01,0.00,0.59,-0.07,0.00,0.00,0.16,208,30
24848,3.0,3.7,-0.5,0.033,0.026,-0.888,4.9,-3.8,0.0,0.0262,-0.0236,0.0001,1858,1957,2047,1947,0.00,0.01,2.64,0.15,1.0000,1,1,1,0.01,0.00,0.59,-0.07,0.00,0.00,0.16,208,30
24858,-3.6,-5.2,-0.6,-0.013,0.010,-1.066,4.9,-3.8,0.0,0.0318,-0.0167,0.0000,1860,1980,2047,1926,0.00,0.01,2.64,0.15,1.0000,1,1,1,0.01,0.00,0.59,-0.07,0.00,0.00,0.16,208,30
24868,0.1,0.9,-0.3,0.043,-0.002,-1.077,4.9,-3.9,0.0,0.0252,-0.0252,0.0000,1858,1948,2047,1957,0.00,0.01,2.64,0.15,1.0000,1,1,1,0.01,0.00,0.59,-0.07,0.00,0.00,0.16,208,30
24878,6.5,1.5,0.8,-0.010,0.045,-0.867,4.9,-3.8,0.0,0.0223,-0.0230,0.0000,1872,1964,2047,1955,0.00,0.01,2.64,0.15,1.0000,1,1,1,0.01,0.00,0.59,-0.07,0.00,0.00,0.16,208,30
24888,-5.3,-2.0,-0.3,0.024,-0.007,-1.101,4.9,-3.8,0.0,0.0336,-0.0199,0.0000,1833,1970,2047,1909,0.00,0.01,2.64,0.15,1.0000,1,1,1,0.01,0.00,0.59,-0.07,0.00,0.00,0.16,208,30
24898,-3.2,-0.7,-0.1,0.029,-0.073,-1.022,4.8,-3.8,0.0,0.0246,-0.0216,0.0000,1886,1964,2047,1969,0.00,0.01,2.64,0.15,1.0000,1,1,1,0.01,0.00,0.59,-0.07,0.00,0.00,0.16,208,30
24908,12.5,1.8,0.2,-0.016,0.137,-0.931,4.9,-3.8,0.0,0.0171,-0.0242,0.0000,1879,1956,2047,1970,0.00,0.01,2.64,0.16,1.0000,1,1,1,0.01,0.00,0.59,-0.07,0.00,0.00,0.16,208,30
24918,-9.4,-0.6,1.4,0.013,-0.065,-1.057,5.0,-3.8,0.0,0.0377,-0.0214,-0.0001,1814,1968,2047,1893,0.00,0.01,2.64,0.16,1.0000,1,1,1,0.01,0.00,0.59,-0.07,0.00,0.00,0.16,208,30
24928,-3.0,-0.5,-1.3,0.047,-0.079,-0.983,4.8,-3.8,0.0,0.0241,-0.0219,0.0001,1873,1964,2047,1955,0.00,0.01,2.64,0.16,1.0000,1,1,1,0.01,0.00,0.59,-0.07,0.00,0.00,0.15,208,30
24939,8.2,-0.5,0.6,-0.029,0.181,-0.994,4.9,-3.8,0.0,0.0209,-0.0215,0.0000,1875,1966,2047,1957,0.00,0.01,2.64,0.16,1.0000,1,1,1,0.01,0.00,0.59,-0.07,0.00,0.00,0.15,208,30
24949,-3.5,-0.1,0.3,0.020,-0.052,-1.045,5.0,-3.8,0.0,0.0329,-0.0223,0.0000,1830,1959,2047,1917,0.00,0.01,2.64,0.16,1.0000,1,1,1,0.01,0.00,0.59,-0.07,0.00,0.00,0.15,208,30
24959,-1.8,1.9,-0.3,0.040,-0.034,-0.928,4.9,-3.8,0.0,0.0271,-0.0218,0.0000,1862,1964,2047,1944,0.00,0.01,2.64,0.16,1.0000,1,1,1,0.01,0.00,0.59,-0.07,0.00,0.00,0.15,208,30
24969,4.6,-4.3,-0.6,-0.044,0.104,-1.070,4.9,-3.8,0.0,0.0239,-0.0179,0.0000,1881,1975,2047,1952,0.00,0.01,2.64,0.16,1.0000,1,1,1,0.01,0.00,0.59,-0.07,0.00,0.00,0.15,208,30
24979,-1.9,2.0,0.1,0.053,-0.043,-1.058,4.9,-3.9,0.0,0.0302,-0.0241,0.0000,1837,1952,2047,1932,0.00,0.01,2.64,0.16,1.0000,1,1,1,0.01,0.00,0.59,-0.07,0.00,0.00,0.16,208,30
24989,3.6,1.6,1.3,0.002,0.003,-0.874,4.9,-3.8,0.0,0.0238,-0.0215,0.0000,1876,1966,2047,1957,0.00,0.01,2.64,0.16,1.0000,1,1,1,0.01,0.00,0.59,-0.07,0.00,0.00,0.16,208,30
24999,-1.5,-3.1,-0.9,0.001,0.050,-1.094,4.9,-3.8,0.0,0.0298,-0.0188,0.0001,1848,1975,2047,1920,0.00,0.01,2.64,0.16,1.0000,1,1,1,0.01,0.00,0.59,-0.07,0.00,0.00,0.16,208,30
25009,-3.5,-0.1,0.5,0.031,-0.065,-1.001,4.8,-3.8,0.0,0.0317,-0.0219,0.0000,1854,1960,2047,1941,0.00,0.01,2.64,0.16,1.0000,1,1,1,0.01,0.00,0.59,-0.07,0.00,0.00,0.16,208,30
25019,10.5,3.5,0.7,0.010,0.100,-0.927,4.9,-3.8,0.0,0.0183,-0.0252,0.0000,1876,1956,2047,1967,0.00,0.01,2.64,0.16,1.0000,1,1,1,0.01,0.00,0.59,-0.07,0.00,0.00,0.16,208,30
25029,-7.8,-3.3,-0.3,-0.005,-0.046,-1.046,4.9,-3.8,0.0,0.0362,-0.0186,0.0000,1833,1978,2047,1901,0.00,0.01,2.64,0.16,1.0000,1,1,1,0.01,0.00,0.59,-0.07,0.00,0.00,0.16,208,30
25039,-2.8,0.3,-1.1,0.063,-0.071,-1.062,4.8,-3.8,0.0,0.0238,-0.0238,0.0000,1867,1957,2047,1957,0.00,0.01,2.64,0.16,1.0000,1,1,1,0.01,0.00,0.59,-0.07,0.00,0.00,0.16,208,30
25049,10.1,0.5,1.6,-0.043,0.146,-0.916,4.9,-3.8,0.0,0.0189,-0.0222,-0.0001,1883,1966,2047,1964,0.00,0.01,2.64,0.16,1.0000,1,1,1,0.01,0.00,0.59,-0.07,0.00,0.00,0.16,208,30
25060,-6.6,-0.2,-1.4,0.037,-0.070,-1.065,4.9,-3.8,0.0,0.0349,-0.0217,0.0001,1821,1963,2047,1903,0.00,0.01,2.64,0.16,1.0000,1,1,1,0.01,0.00,0.59,-0.07,0.00,0.00,0.16,208,30
25070,-5.6,0.9,-1.0,0.051,-0.090,-0.997,4.8,-3.8,0.0,0.0272,-0.0215,0.0000,1863,1965,2047,1944,0.00,0.01,2.64,0.16,1.0000,1,1,1,0.01,0.00,0.59,-0.07,0.00,0.00,0.16,208,30
25080,10.6,-2.7,1.0,-0.040,0.154,-1.003,4.8,-3.8,0.0,0.0174,-0.0192,0.0000,1903,1972,2047,1979,0.00,0.01,2.64,0.16,1.0000,1,1,1,0.01,0.00,0.59,-0.07,0.00,0.00,0.16,208,30
25090,-7.0,2.1,0.1,0.042,-0.070,-1.041,4.9,-3.8,0.0,0.0353,-0.0242,0.0000,1811,1954,2047,1903,0.00,0.01,2.64,0.16,1.0000,1,1,1,0.01,0.00,0.59,-0.07,0.00,0.00,0.16,208,30
25100,-1.7,0.3,-1.0,0.036,-0.045,-0.918,4.8,-3.8,0.0,0.0282,-0.0219,0.0001,1873,1967,2047,1952,0.00,0.01,2.64,0.16,1.0000,1,1,1,0.01,0.00,0.59,-0.07,0.00,0.00,0.15,208,30
25110,4.6,-2.3,0.6,-0.019,0.105,-1.086,4.9,-3.8,0.0,0.0235,-0.0196,0.0000,1877,1973,2047,1951,0.00,0.01,2.64,0.16,1.0000,1,1,1,0.01,0.00,0.59,-0.07,0.00,0.00,0.15,208,30
25120,-4.8,-0.4,0.5,0.019,-0.056,-1.019,4.8,-3.8,0.0,0.0317,-0.0238,0.0000,1837,1957,2047,1927,0.00,0.01,2.64,0.16,1.0000,1,1,1,0.01,0.00,0.59,-0.07,0.00,0.00,0.15,207,30
25130,4.8,4.5,0.4,0.051,0.012,-0.926,4.8,-3.8,0.0,0.0231,-0.0235,0.0000,1870,1958,2047,1960,0.00,0.01,2.64,0.16,1.0000,1,1,1,0.01,0.00,0.59,-0.07,0.00,0.00,0.15,207,30
25140,-4.4,-4.8,0.0,-0.038,0.031,-1.047,4.8,-3.8,0.0,0.0326,-0.0171,0.0000,1843,1968,2047,1922,0.00,0.01,2.64,0.16,1.0000,1,1,1,0.01,0.00,0.59,-0.07,0.00,0.00,0.15,207,30
25150,-2.1,1.0,-1.3,0.061,-0.043,-1.089,4.8,-3.9,0.0,0.0265,-0.0255,0.0000,1862,1947,2047,1962,0.00,0.01,2.64,0.16,1.0000,1,1,1,0.01,0.00,0.59,-0.07,0.00,0.00,0.15,208,30
25160,7.8,2.3,1.2,-0.020,0.063,-0.848,4.8,-3.8,0.0,0.0202,-0.0244,0.0000,1868,1973,2047,1941,0.00,0.01,2.64,0.16,1.0000,1,1,1,0.01,0.00,0.59,-0.07,0.00,0.00,0.16,208,30
25171,-2.9,-2.2,-0.8,0.000,0.017,-1.084,4.9,-3.8,0.0,0.0330,-0.0197,0.0001,1828,1962,2047,1911,0.00,0.01,2.64,0.16,1.0000,1,1,1,0.01,0.00,0.59,-0.07,0.00,0.00,0.15,208,30
25181,-6.4,0.0,-1.0,0.046,-0.097,-1.015,4.7,-3.8,0.0,0.0276,-0.0222,0.0000,1890,1962,2047,1974,0.00,0.01,2.64,0.16,1.0000,1,1,1,0.01,0.00,0.59,-0.07,0.00,0.00,0.15,207,30
25191,12.9,1.0,0.5,-0.019,0.140,-0.958,4.8,-3.8,0.0,0.0150,-0.0231,0.0000,1854,1963,2047,1939,0.00,0.01,2.64,0.16,1.0000,1,1,1,0.01,0.00,0.59,-0.07,0.00,0.00,0.16,207,30
25201,-8.7,-0.8,1.1,0.026,-0.077,-1.045,4.9,-3.8,0.0,0.0369,-0.0212,0.0000,1823,1966,2047,1903,0.00,0.01,2.64,0.16,1.0000,1,1,1,0.01,0.00,0.59,-0.07,0.00,0.00,0.16,207,30
25211,-4.5,0.1,-0.8,0.061,-0.060,-0.984,4.7,-3.8,0.0,0.0300,-0.0222,0.0001,1899,1963,2047,1984,0.00,0.01,2.64,0.16,1.0000,1,1,1,0.01,0.00,0.59,-0.07,0.00,0.00,0.16,207,30
25221,10.0,-0.6,1.0,-0.025,0.139,-1.025,4.8,-3.8,0.0,0.0179,-0.0214,0.0000,1851,1966,2047,1932,0.00,0.01,2.64,0.16,1.0000,1,1,1,0.01,0.00,0.59,-0.07,0.00,0.00,0.16,207,30
25231,-3.9,0.0,0.4,0.001,-0.035,-1.014,4.8,-3.9,0.0,0.0334,-0.0225,0.0000,1823,1955,2047,1913,0.00,0.01,2.64,0.16,1.0000,1,1,1,0.01,0.00,0.59,-0.07,0.00,0.00,0.16,207,30
25241,-2.2,1.8,-0.4,0.066,-0.049,-0.974,4.7,-3.8,0.0,0.0291,-0.0232,0.0000,1890,1974,2047,1963,0.00,0.01,2.64,0.16,1.0000,1,1,1,0.01,0.00,0.59,-0.07,0.00,0.00,0.16,207,30
25251,4.7,-4.6,-0.1,-0.050,0.106,-1.018,4.7,-3.8,0.0,0.0231,-0.0173,0.0000,1855,1962,2047,1939,0.00,0.01,2.64,0.16,1.0000,1,1,1,0.01,0.00,0.59,-0.07,0.00,0.00,0.16,207,30
25261,-2.7,2.3,-0.9,0.057,-0.017,-1.077,4.7,-3.9,0.0,0.0322,-0.0258,0.0001,1832,1951,2047,1927,0.00,0.01,2.64,0.16,1.0000,1,1,1,0.01,0.00,0.59,-0.07,0.00,0.00,0.16,207,30
25271,0.1,1.8,0.2,0.036,-0.054,-0.827,4.7,-3.8,0.0,0.0279,-0.0238,0.0000,1885,1976,2047,1955,0.00,0.01,2.64,0.16,1.0000,1,1,1,0.01,0.00,0.59,-0.07,0.00,0.00,0.16,207,30
25282,2.1,-2.9,-0.2,-0.015,0.080,-1.129,4.8,-3.8,0.0,0.0291,-0.0189,0.0000,1837,1960,2047,1924,0.00,0.01,2.64,0.16,1.0000,1,1,1,0.01,0.00,0.59,-0.07,0.00,0.00,0.15,208,30
25292,-5.6,-0.8,-0.6,0.027,-0.067,-1.016,4.7,-3.9,0.0,0.0315,-0.0225,0.0000,1864,1952,2047,1958,0.00,0.01,2.64,0.16,1.0000,1,1,1,0.01,0.00,0.59,-0.07,0.00,0.00,0.16,208,30
25302,8.8,4.6,0.3,0.032,0.059,-0.947,4.7,-3.8,0.0,0.0196,-0.0258,0.0000,1860,1968,2047,1939,0.00,0.01,2.64,0.16,1.0000,1,1,1,0.01,0.00,0.59,-0.07,0.00,0.00,0.16,208,30
25312,-5.2,-3.2,1.7,-0.020,-0.011,-1.040,4.8,-3.8,0.0,0.0375,-0.0175,0.0000,1836,1977,2047,1906,0.00,0.01,2.64,0.16,1.0000,1,1,1,0.01,0.00,0.59,-0.07,0.00,0.00,0.16,208,30
25322,-5.6,-0.6,-2.1,0.059,-0.058,-1.033,4.7,-3.9,0.0,0.0296,-0.0228,0.0002,1880,1951,2047,1976,0.00,0.01,2.64,0.16,1.0000,1,1,1,0.01,0.00,0.59,-0.07,0.00,0.00,0.16,209,30
25332,9.8,1.6,1.6,0.007,0.096,-0.961,4.7,-3.8,0.0,0.0191,-0.0226,-0.0001,1848,1973,2047,1922,0.00,0.01,2.64,0.16,1.0000,1,1,1,0.01,0.00,0.59,-0.07,0.00,0.00,0.16,209,30
25342,-2.7,-0.9,0.6,-0.005,-0.010,-1.033,4.8,-3.9,0.0,0.0326,-0.0212,0.0000,1825,1962,2047,1908,0.00,0.01,2.64,0.16,1.0000,1,1,1,0.01,0.00,0.59,-0.07,0.00,0.00,0.16,209,30
25352,-7.9,0.7,-1.0,0.077,-0.099,-1.000,4.7,-3.8,0.0,0.0359,-0.0227,0.0001,1892,1968,2047,1971,0.00,0.01,2.64,0.16,1.0000,1,1,1,0.01,0.00,0.59,-0.07,0.00,0.00,0.16,209,30
25362,10.5,-2.6,-0.5,-0.035,0.132,-1.000,4.7,-3.8,0.0,0.0168,-0.0200,0.0000,1841,1959,2047,1928,0.00,0.01,2.64,0.16,1.0000,1,1,1,0.01,0.00,0.59,-0.07,0.00,0.00,0.16,209,30
25372,-1.2,1.1,0.4,0.006,0.007,-1.074,4.8,-3.9,0.0,0.0294,-0.0231,0.0000,1814,1960,2047,1900,0.00,0.01,2.64,0.16,1.0000,1,1,1,0.01,0.00,0.59,-0.07,0.00,0.00,0.16,209,30
25382,-6.5,1.0,-0.2,0.065,-0.113,-0.886,4.7,-3.8,0.0,0.0332,-0.0227,0.0000,1897,1971,2047,1973,0.00,0.01,2.64,0.16,1.0000,1,1,1,0.01,0.00,0.59,-0.07,0.00,0.00,0.16,209,30
25393,6.7,-1.8,-0.2,-0.024,0.127,-1.120,4.7,-3.8,0.0,0.0224,-0.0201,0.0000,1865,1967,2047,1945,0.00,0.01,2.64,0.16,1.0000,1,1,1,0.01,0.00,0.59,-0.07,0.00,0.00,0.16,209,30
25403,-2.6,-0.4,0.1,0.008,-0.036,-1.000,4.7,-3.9,0.0,0.0307,-0.0217,0.0000,1838,1952,2047,1932,0.00,0.01,2.64,0.16,1.0000,1,1,1,0.01,0.00,0.59,-0.07,0.00,0.00,0.16,209,30
25413,0.9,4.4,0.9,0.062,-0.011,-0.938,4.7,-3.8,0.0,0.0267,-0.0261,0.0000,1868,1966,2047,1950,0.00,0.01,2.64,0.16,1.0000,1,1,1,0.01,0.00,0.59,-0.07,0.00,0.00,0.16,209,30
25423,0.2,-4.7,0.0,-0.036,0.029,-1.048,4.7,-3.8,0.0,0.0289,-0.0165,0.0000,1865,1977,2047,1935,0.00,0.01,2.64,0.16,1.0000,1,1,1,0.01,0.00,0.59,-0.07,0.00,0.00,0.16,210,30
25433,-1.2,0.2,-1.2,0.039,-0.010,-1.066,4.7,-3.9,0.0,0.0292,-0.0224,0.0001,1847,1944,2047,1951,0.00,0.01,2.64,0.16,1.0000,1,1,1,0.01,0.00,0.59,-0.07,0.00,0.00,0.16,210,30
25443,4.2,3.1,1.8,0.011,0.015,-0.909,4.7,-3.8,0.0,0.0237,-0.0252,-0.0001,1868,1970,2047,1946,0.00,0.01,2.64,0.16,1.0000,1,1,1,0.01,0.00,0.59,-0.07,0.00,0.00,0.16,210,30
25453,-0.6,-2.6,-0.5,-0.015,0.021,-1.068,4.7,-3.8,0.0,0.0299,-0.0192,0.0001,1844,1968,2047,1921,0.00,0.01,2.64,0.16,1.0000,1,1,1,0.01,0.00,0.59,-0.07,0.00,0.00,0.16,210,30
25463,-6.5,-0.1,-1.7,0.055,-0.061,-1.029,4.6,-3.9,0.0,0.0345,-0.0219,0.0002,1866,1958,2047,1954,0.00,0.01,2.64,0.16,1.0000,1,1,1,0.01,0.00,0.59,-0.07,0.00,0.00,0.16,210,30
25473,10.4,1.7,0.7,-0.001,0.099,-0.936,4.6,-3.8,0.0,0.0169,-0.0239,0.0000,1873,1960,2047,1960,0.00,0.01,2.64,0.16,1.0000,1,1,1,0.01,0.00,0.59,-0.07,0.00,0.00,0.16,210,30
25483,-4.6,-0.8,0.6,-0.004,-0.013,-1.055,4.8,-3.8,0.0,0.0381,-0.0203,0.0000,1823,1970,2047,1898,0.00,0.01,2.64,0.16,1.0000,1,1,1,0.01,0.00,0.60,-0.07,0.00,0.00,0.16,209,30
25493,-7.2,-0.6,-2.4,0.069,-0.123,-0.953,4.6,-3.8,0.0,0.0351,-0.0214,0.0002,1879,1960,2047,1965,0.00,0.01,2.64,0.16,1.0000,1,1,1,0.01,0.00,0.60,-0.07,0.00,0.00,0.16,209,30
25503,9.8,0.0,1.5,-0.009,0.145,-1.055,4.6,-3.8,0.0,0.0191,-0.0217,-0.0002,1870,1968,2047,1951,0.00,0.01,2.64,0.16,1.0000,1,1,1,0.01,0.00,0.59,-0.07,0.00,0.00,0.16,209,30
25514,-1.8,-0.6,1.5,-0.017,-0.024,-1.006,4.7,-3.9,0.0,0.0298,-0.0214,-0.0001,1824,1959,2047,1910,0.00,0.01,2.64,0.16,1.0000,1,1,1,0.01,0.00,0.60,-0.07,0.00,0.00,0.16,209,30
25524,-4.9,1.8,-1.5,0.066,-0.058,-0.957,4.6,-3.8,0.0,0.0329,-0.0239,0.0001,1869,1967,2047,1949,0.00,0.01,2.64,0.16,1.0000,1,1,1,0.01,0.00,0.59,-0.07,0.00,0.00,0.16,209,30
25534,4.8,-4.1,1.4,-0.024,0.067,-1.054,4.6,-3.8,0.0,0.0218,-0.0181,-0.0001,1881,1971,2047,1958,0.00,0.01,2.64,0.16,1.0000,1,1,1,0.01,0.00,0.59,-0.07,0.00,0.00,0.16,209,30
25544,1.3,1.4,0.6,0.016,0.029,-1.063,4.7,-3.9,0.0,0.0266,-0.0236,0.0000,1827,1950,2047,1923,0.00,0.01,2.64,0.16,1.0000,1,1,1,0.01,0.00,0.60,-0.07,0.00,0.00,0.16,209,30
25554,-2.8,1.5,-0.5,0.032,-0.053,-0.877,4.6,-3.8,0.0,0.0308,-0.0235,0.0000,1874,1975,2047,1945,0.00,0.01,2.64,0.16,1.0000,1,1,1,0.01,0.00,0.60,-0.07,0.00,0.00,0.16,209,30
25564,1.6,-3.0,-1.0,-0.010,0.055,-1.098,4.6,-3.9,0.0,0.0269,-0.0194,0.0000,1859,1965,2047,1941,0.00,0.01,2.64,0.16,1.0000,1,1,1,0.01,0.00,0.60,-0.06,0.00,0.00,0.16,209,30
25574,-2.5,-0.3,0.5,0.009,-0.018,-1.044,4.6,-3.9,0.0,0.0304,-0.0217,0.0000,1853,1954,2047,1946,0.00,0.01,2.64,0.16,1.0000,1,1,1,0.01,0.00,0.60,-0.07,0.00,0.00,0.16,209,30
25584,5.0,3.2,-0.7,0.036,0.032,-0.880,4.6,-3.8,0.0,0.0229,-0.0251,0.0001,1862,1964,2047,1944,0.00,0.01,2.64,0.16,1.0000,1,1,1,0.01,0.00,0.60,-0.06,0.00,0.00,0.16,209,30
25594,-3.9,-1.8,0.4,-0.013,-0.008,-1.094,4.7,-3.8,0.0,0.0320,-0.0201,0.0000,1849,1977,2047,1918,0.00,0.01,2.64,0.16,1.0000,1,1,1,0.01,0.00,0.60,-0.07,0.00,0.00,0.16,209,30
25604,-4.2,-1.8,-0.6,0.034,-0.058,-1.014,4.6,-3.9,0.0,0.0272,-0.0227,0.0000,1869,1951,2047,1966,0.00,0.01,2.64,0.16,1.0000,1,1,1,0.01,0.00,0.60,-0.06,0.00,0.00,0.17,209,30
25615,8.1,2.7,1.3,0.022,0.097,-0.968,4.6,-3.9,0.0,0.0199,-0.0243,-0.0001,1864,1969,2047,1943,0.00,0.01,2.64,0.16,1.0000,1,1,1,0.01,0.00,0.60,-0.06,0.00,0.00,0.16,209,30
25625,-2.7,-1.6,-0.3,-0.010,-0.028,-1.025,4.7,-3.9,0.0,0.0308,-0.0204,0.0000,1835,1965,2047,1915,0.00,0.01,2.64,0.16,1.0000,1,1,1,0.01,0.00,0.60,-0.07,0.00,0.00,0.16,209,30
25635,-6.4,0.3,-0.4,0.050,-0.059,-1.011,4.6,-3.9,0.0,0.0307,-0.0225,0.0000,1870,1963,2047,1955,0.00,0.01,2.64,0.16,1.0000,1,1,1,0.01,0.00,0.60,-0.06,0.00,0.00,0.16,209,30
25645,7.0,-2.0,0.3,-0.010,0.080,-0.993,4.6,-3.9,0.0,0.0200,-0.0202,0.0000,1877,1964,2047,1960,0.00,0.01,2.64,0.16,1.0000,1,1,1,0.01,0.00,0.60,-0.06,0.00,0.00,0.16,209,30
25655,0.9,1.9,0.3,0.010,0.019,-1.074,4.7,-3.9,0.0,0.0270,-0.0241,0.0000,1821,1960,2047,1907,0.00,0.01,2.64,0.16,1.0000,1,1,1,0.01,0.00,0.60,-0.07,0.00,0.00,0.16,209,30
25665,-7.7,0.0,-1.0,0.045,-0.091,-0.896,4.6,-3.8,0.0,0.0325,-0.0209,0.0001,1873,1970,2047,1949,0.00,0.01,2.64,0.16,1.0000,1,1,1,0.01,0.00,0.60,-0.06,0.00,0.00,0.16,209,30
25675,6.0,-1.5,0.3,0.000,0.085,-1.101,4.6,-3.9,0.0,0.0215,-0.0206,0.0000,1868,1962,2047,1954,0.00,0.01,2.64,0.16,1.0000,1,1,1,0.01,0.00,0.60,-0.06,0.00,0.00,0.16,209,30
25685,-1.1,0.3,0.8,-0.012,-0.009,-1.040,4.7,-3.9,0.0,0.0292,-0.0224,0.0000,1837,1956,2047,1926,0.00,0.01,2.64,0.16,1.0000,1,1,1,0.01,0.00,0.60,-0.06,0.00,0.00,0.16,209,30
25695,-0.4,2.4,-1.1,0.059,-0.024,-0.860,4.7,-3.9,0.0,0.0282,-0.0233,0.0001,1863,1967,2047,1942,0.00,0.01,2.64,0.16,1.0000,1,1,1,0.01,0.00,0.60,-0.06,0.00,0.00,0.16,209,30
25705,-2.9,-3.5,0.9,-0.009,0.031,-1.097,4.7,-3.8,0.0,0.0310,-0.0185,0.0000,1864,1973,2047,1938,0.00,0.01,2.64,0.16,1.0000,1,1,1,0.01,0.00,0.60,-0.06,0.00,0.00,0.17,209,30
25715,0.1,-1.3,-0.2,0.005,0.007,-1.073,4.6,-3.9,0.0,0.0262,-0.0242,0.0000,1848,1944,2047,1951,0.00,0.01,2.64,0.16,1.0000,1,1,1,0.01,0.00,0.60,-0.06,0.00,0.00,0.16,209,30
25725,2.8,3.8,0.0,0.021,0.013,-0.883,4.7,-3.9,0.0,0.0257,-0.0252,0.0000,1860,1974,2047,1932,0.00,0.01,2.64,0.16,1.0000,1,1,1,0.01,0.00,0.60,-0.06,0.00,0.00,0.16,209,30
25736,-3.6,-3.1,0.4,-0.004,-0.019,-1.069,4.7,-3.9,0.0,0.0317,-0.0189,0.0000,1851,1972,2047,1926,0.00,0.01,2.64,0.16,1.0000,1,1,1,0.01,0.00,0.60,-0.06,0.00,0.00,0.16,209,30
25746,-3.2,-0.1,-0.4,0.035,-0.006,-1.048,4.7,-3.9,0.0,0.0277,-0.0232,0.0000,1867,1956,2047,1958,0.00,0.01,2.64,0.16,1.0000,1,1,1,0.01,0.00,0.60,-0.06,0.00,0.00,0.16,209,30
25756,7.6,0.3,0.0,0.000,0.068,-0.918,4.7,-3.9,0.0,0.0203,-0.0224,0.0000,1863,1965,2047,1945,0.00,0.01,2.64,0.16,1.0000,1,1,1,0.01,0.00,0.60,-0.06,0.00,0.00,0.16,209,30
25766,-1.7,0.8,0.3,0.004,0.008,-1.078,4.8,-3.9,0.0,0.0350,-0.0219,0.0000,1827,1968,2047,1905,0.00,0.01,2.64,0.16,1.0000,1,1,1,0.01,0.00,0.60,-0.06,0.00,0.00,0.16,209,30
25776,-6.8,-1.8,-0.8,0.027,-0.082,-0.958,4.7,-3.9,0.0,0.0332,-0.0203,0.0001,1882,1964,2047,1965,0.00,0.01,2.64,0.16,1.0000,1,1,1,0.01,0.00,0.60,-0.06,0.00,0.00,0.16,209,30
25786,9.8,0.7,-0.3,0.009,0.129,-1.031,4.7,-3.9,0.0,0.0182,-0.0228,0.0000,1871,1959,2047,1959,0.00,0.01,2.64,0.16,1.0000,1,1,1,0.01,0.00,0.60,-0.06,0.00,0.00,0.16,209,30
25796,-2.1,-0.2,1.7,-0.024,-0.030,-1.051,4.8,-3.9,0.0,0.0316,-0.0219,-0.0001,1829,1962,2047,1913,0.00,0.01,2.64,0.16,1.0000,1,1,1,0.01,0.00,0.60,-0.06,0.00,0.00,0.16,209,30
25806,-2.6,1.4,-1.5,0.061,-0.049,-0.914,4.7,-3.9,0.0,0.0288,-0.0228,0.0001,1868,1965,2047,1950,0.00,0.01,2.64,0.16,1.0000,1,1,1,0.01,0.00,0.60,-0.06,0.00,0.00,0.16,209,30
25816,1.1,-3.3,0.4,-0.019,0.074,-1.077,4.7,-3.9,0.0,0.0268,-0.0188,0.0000,1875,1973,2047,1949,0.00,0.01,2.64,0.16,1.0000,1,1,1,0.01,0.00,0.60,-0.06,0.00,0.00,0.16,209,30
25826,1.4,1.7,0.3,0.022,0.005,-1.078,4.8,-3.9,0.0,0.0266,-0.0239,0.0000,1836,1947,2047,1936,0.00,0.01,2.64,0.16,1.0000,1,1,1,0.01,0.00,0.60,-0.06,0.00,0.00,0.16,208,30
25836,-1.2,2.5,0.6,0.030,-0.032,-0.841,4.7,-3.9,0.0,0.0299,-0.0220,0.0000,1864,1976,2047,1935,0.00,0.01,2.64,0.16,1.0000,1,1,1,0.01,0.00,0.60,-0.06,0.00,0.00,0.16,208,30
25846,-2.7,-4.2,-1.5,0.004,0.022,-1.097,4.7,-3.9,0.0,0.0308,-0.0178,0.0001,1860,1970,2047,1936,0.00,0.01,2.64,0.16,1.0000,1,1,1,0.01,0.00,0.60,-0.06,0.00,0.00,0.16,208,30
25857,-0.9,0.3,0.3,0.017,-0.003,-1.065,4.7,-3.9,0.0,0.0282,-0.0231,0.0000,1857,1951,2047,1952,0.00,0.01,2.64,0.16,1.0000,1,1,1,0.01,0.00,0.60,-0.06,0.00,0.00,0.16,208,30
25867,5.9,2.2,0.1,0.015,0.049,-0.882,4.8,-3.9,0.0,0.0226,-0.0241,0.0000,1855,1965,2047,1937,0.00,0.01,2.64,0.16,1.0000,1,1,1,0.01,0.00,0.60,-0.06,0.00,0.00,0.16,208,30
25877,-5.7,-1.1,0.6,0.022,-0.015,-1.095,4.8,-3.9,0.0,0.0339,-0.0209,0.0000,1839,1974,2047,1912,0.00,0.01,2.64,0.16,1.0000,1,1,1,0.01,0.00,0.60,-0.06,0.00,0.00,0.16,208,30
25887,-2.3,-2.3,-2.2,0.016,-0.049,-1.008,4.7,-3.9,0.0,0.0283,-0.0203,0.0002,1883,1954,2047,1975,0.00,0.01,2.64,0.16,1.0000,1,1,1,0.01,0.00,0.60,-0.06,0.00,0.00,0.16,208,30
25897,9.5,2.7,1.1,0.017,0.114,-0.968,4.8,-3.9,0.0,0.0196,-0.0247,-0.0001,1859,1961,2047,1947,0.00,0.01,2.64,0.16,1.0000,1,1,1,0.01,0.00,0.60,-0.06,0.00,0.00,0.16,208,30
25907,-6.4,-1.8,1.5,-0.009,-0.059,-1.041,4.8,-3.9,0.0,0.0346,-0.0202,-0.0001,1835,1970,2047,1912,0.00,0.01,2.64,0.16,1.0000,1,1,1,0.01,0.00,0.60,-0.06,0.00,0.00,0.16,208,30
25917,-3.5,0.0,-1.7,0.052,-0.056,-1.013,4.7,-3.9,0.0,0.0273,-0.0222,0.0001,1869,1962,2047,1954,0.00,0.01,2.64,0.17,1.0000,1,1,1,0.01,0.00,0.60,-0.06,0.00,0.00,0.16,208,30
25927,6.3,-1.5,-0.1,-0.027,0.113,-0.973,4.8,-3.9,0.0,0.0212,-0.0206,0.0000,1876,1966,2047,1957,0.00,0.01,2.64,0.16,1.0000,1,1,1,0.01,0.00,0.60,-0.06,0.00,0.00,0.16,208,30
25937,-0.8,2.7,1.6,0.030,-0.018,-1.105,4.8,-3.9,0.0,0.0290,-0.0248,-0.0001,1820,1952,2047,1916,0.00,0.01,2.64,0.16,1.0000,1,1,1,0.01,0.00,0.60,-0.06,0.00,0.00,0.16,208,30
25947,-4.7,-0.1,-0.4,0.029,-0.068,-0.856,4.7,-3.8,0.0,0.0301,-0.0204,0.0001,1867,1972,2047,1941,0.00,0.01,2.64,0.16,1.0000,1,1,1,0.01,0.00,0.60,-0.06,0.00,0.00,0.16,208,30
25957,3.8,-2.6,-2.3,0.001,0.090,-1.087,4.7,-3.9,0.0,0.0239,-0.0198,0.0002,1869,1965,2047,1950,0.00,0.01,2.64,0.16,1.0000,1,1,1,0.01,0.00,0.60,-0.06,0.00,0.00,0.16,208,30
25967,-1.0,1.2,1.6,0.011,-0.038,-1.035,4.8,-3.9,0.0,0.0292,-0.0233,-0.0001,1845,1955,2047,1937,0.00,0.01,2.64,0.16,1.0000,1,1,1,0.01,0.00,0.60,-0.06,0.00,0.00,0.16,208,30
25978,3.2,2.3,0.0,0.027,0.011,-0.884,4.7,-3.9,0.0,0.0249,-0.0239,0.0000,1866,1965,2047,1948,0.00,0.01,2.64,0.16,1.0000,1,1,1,0.01,0.00,0.60,-0.06,0.00,0.00,0.16,208,30
25988,-6.3,-3.7,-0.6,0.003,-0.001,-1.090,4.7,-3.9,0.0,0.0342,-0.0177,0.0000,1853,1978,2047,1922,0.00,0.01,2.64,0.16,1.0000,1,1,1,0.01,0.00,0.60,-0.06,0.00,0.00,0.16,208,30
25998,0.8,-1.0,-0.9,0.025,-0.006,-1.041,4.7,-3.9,0.0,0.0271,-0.0211,0.0001,1868,1951,2047,1963,0.00,0.01,2.64,0.16,1.0000,1,1,1,0.01,0.00,0.60,-0.06,0.00,0.00,0.16,208,30
26008,6.1,4.2,2.6,0.016,0.065,-0.900,4.8,-3.9,0.0,0.0231,-0.0258,-0.0002,1851,1963,2047,1937,0.00,0.01,2.64,0.16,1.0000,1,1,1,0.01,0.00,0.60,-0.06,0.00,0.00,0.16,208,30
26018,-7.7,-3.1,-1.2,0.009,-0.060,-1.062,4.8,-3.9,0.0,0.0363,-0.0188,0.0001,1843,1971,2047,1916,0.00,0.01,2.64,0.17,1.0000,1,1,1,0.01,0.00,0.60,-0.06,0.00,0.00,0.16,208,30
26028,-0.4,0.8,-1.6,0.045,-0.022,-1.056,4.7,-3.9,0.0,0.0285,-0.0229,0.0001,1874,1957,2047,1964,0.00,0.01,2.64,0.17,1.0000,1,1,1,0.01,0.00,0.60,-0.06,0.00,0.00,0.16,208,30
26038,8.9,-0.4,1.5,-0.028,0.121,-0.898,4.8,-3.9,0.0,0.0196,-0.0217,-0.0001,1871,1966,2047,1953,0.00,0.01,2.64,0.17,1.0000,1,1,1,0.01,0.00,0.60,-0.06,0.00,0.00,0.16,208,30
26048,-6.5,1.3,0.4,0.037,-0.062,-1.109,4.8,-3.9,0.0,0.0362,-0.0234,0.0000,1817,1961,2047,1903,0.00,0.01,2.64,0.17,1.0000,1,1,1,0.01,0.00,0.60,-0.06,0.00,0.00,0.16,208,30
26058,-4.0,-2.0,-2.2,0.029,-0.093,-0.910,4.7,-3.9,0.0,0.0321,-0.0200,0.0002,1882,1971,2047,1956,0.00,0.01,2.64,0.17,1.0000,1,1,1,0.01,0.00,0.60,-0.06,0.00,0.00,0.16,208,30
26068,8.7,-0.2,0.4,-0.015,0.176,-1.059,4.8,-3.9,0.0,0.0222,-0.0230,-0.0001,1861,1958,2047,1951,0.00,0.01,2.64,0.17,1.0000,1,1,1,0.01,0.00,0.60,-0.06,0.00,0.00,0.16,208,30
26078,-4.9,0.4,2.0,0.020,-0.078,-1.018,4.8,-3.9,0.0,0.0331,-0.0226,-0.0001,1832,1963,2047,1916,0.00,0.01,2.64,0.17,1.0000,1,1,1,0.01,0.00,0.60,-0.07,0.00,0.00,0.16,208,30
26088,1.0,0.6,-1.6,0.044,0.007,-0.922,4.7,-3.9,0.0,0.0270,-0.0227,0.0002,1874,1965,2047,1954,0.00,0.01,2.64,0.17,1.0000,1,1,1,0.01,0.00,0.60,-0.06,0.00,0.00,0.16,208,30
26099,0.3,-3.0,0.0,-0.016,0.053,-1.070,4.7,-3.9,0.0,0.0289,-0.0191,0.0000,1860,1972,2047,1935,0.00,0.01,2.64,0.17,1.0000,1,1,1,0.01,0.00,0.60,-0.06,0.00,0.00,0.16,209,30
26109,0.5,1.1,0.9,0.034,-0.025,-1.048,4.7,-3.9,0.0,0.0274,-0.0233,0.0000,1850,1947,2047,1951,0.00,0.01,2.64,0.16,1.0000,1,1,1,0.01,0.00,0.60,-0.06,0.00,0.00,0.16,209,30
26119,2.3,3.4,1.2,0.011,0.015,-0.897,4.7,-3.9,0.0,0.0262,-0.0245,0.0000,1862,1972,2047,1937,0.00,0.01,2.64,0.16,1.0000,1,1,1,0.01,0.00,0.60,-0.06,0.00,0.00,0.16,209,30
26129,-5.8,-4.9,-2.4,0.007,0.003,-1.065,4.7,-3.9,0.0,0.0341,-0.0172,0.0002,1850,1972,2047,1922,0.00,0.01,2.64,0.16,1.0000,1,1,1,0.01,0.00,0.60,-0.06,0.00,0.00,0.16,209,30
26139,-1.1,1.4,0.3,0.049,-0.023,-1.089,4.7,-3.9,0.0,0.0291,-0.0236,0.0000,1860,1951,2047,1957,0.00,0.01,2.64,0.16,1.0000,1,1,1,0.01,0.00,0.60,-0.06,0.00,0.00,0.16,209,30
26149,8.9,1.9,1.2,-0.034,0.089,-0.841,4.8,-3.9,0.0,0.0221,-0.0230,0.0000,1868,1964,2047,1951,0.00,0.01,2.64,0.16,1.0000,1,1,1,0.01,0.00,0.60,-0.06,0.00,0.00,0.16,209,30
26159,-7.2,-1.1,-1.2,0.041,-0.039,-1.143,4.8,-3.9,0.0,0.0353,-0.0209,0.0001,1822,1970,2047,1897,0.00,0.01,2.64,0.16,1.0000,1,1,1,0.01,0.00,0.60,-0.06,0.00,0.00,0.16,209,30
26169,-1.9,-1.4,-1.2,0.031,-0.081,-0.986,4.6,-3.9,0.0,0.0299,-0.0206,0.0001,1886,1961,2047,1971,0.00,0.01,2.64,0.16,1.0000,1,1,1,0.01,0.00,0.60,-0.06,0.00,0.00,0.16,209,30
26179,12.5,1.9,1.9,-0.008,0.198,-0.961,4.7,-3.9,0.0,0.0205,-0.0237,-0.0001,1880,1958,2047,1970,0.00,0.01,2.64,0.16,1.0000,1,1,1,0.01,0.00,0.60,-0.06,0.00,0.00,0.16,209,30
26189,-9.0,-0.8,0.3,0.022,-0.101,-1.026,4.8,-3.9,0.0,0.0372,-0.0212,0.0000,1817,1967,2047,1895,0.00,0.01,2.64,0.16,1.0000,1,1,1,0.01,0.00,0.60,-0.07,0.00,0.00,0.16,209,30
26199,-0.4,0.5,-1.4,0.050,-0.011,-1.006,4.6,-3.9,0.0,0.0283,-0.0226,0.0001,1884,1963,2047,1968,0.00,0.01,2.64,0.16,1.0000,1,1,1,0.01,0.00,0.60,-0.06,0.00,0.00,0.16,209,30
26209,7.2,-2.0,1.1,-0.031,0.117,-0.986,4.7,-3.9,0.0,0.0236,-0.0203,-0.0001,1881,1970,2047,1958,0.00,0.01,2.64,0.16,1.0000,1,1,1,0.01,0.00,0.60,-0.06,0.00,0.00,0.16,209,30
26220,-5.0,2.3,0.6,0.049,-0.059,-1.048,4.7,-3.9,0.0,0.0338,-0.0249,0.0000,1820,1951,2047,1916,0.00,0.01,2.64,0.16,1.0000,1,1,1,0.01,0.00,0.60,-0.06,0.00,0.00,0.16,209,30
26230,-0.8,0.3,-0.5,0.027,-0.035,-0.915,4.6,-3.8,0.0,0.0288,-0.0224,0.0000,1880,1974,2047,1952,0.00,0.01,2.64,0.16,1.0000,1,1,1,0.01,0.00,0.60,-0.06,0.00,0.00,0.16,209,30
26240,3.2,-3.3,-1.3,-0.012,0.093,-1.078,4.7,-3.9,0.0,0.0264,-0.0202,0.0001,1871,1970,2047,1947,0.00,0.01,2.64,0.16,1.0000,1,1,1,0.01,0.00,0.60,-0.06,0.00,0.00,0.16,209,30
26250,-3.6,1.8,0.4,0.047,-0.056,-1.059,4.6,-3.9,0.0,0.0308,-0.0249,0.0000,1839,1951,2047,1935,0.00,0.01,2.64,0.16,1.0000,1,1,1,0.01,0.00,0.60,-0.06,0.00,0.00,0.16,208,30
26260,5.9,2.5,0.0,0.003,0.027,-0.853,4.6,-3.8,0.0,0.0219,-0.0240,0.0000,1876,1966,2047,1956,0.00,0.01,2.64,0.16,1.0000,1,1,1,0.01,0.00,0.60,-0.06,0.00,0.00,0.16,208,30
26270,-5.6,-3.8,-0.1,0.006,0.010,-1.127,4.7,-3.9,0.0,0.0348,-0.0180,0.0000,1842,1978,2047,1911,0.00,0.01,2.64,0.16,1.0000,1,1,1,0.01,0.00,0.60,-0.06,0.00,0.00,0.16,208,30
26280,-0.7,-0.1,-0.3,0.039,-0.070,-1.019,4.5,-3.9,0.0,0.0286,-0.0219,0.0000,1871,1951,2047,1967,0.00,0.01,2.64,0.16,1.0000,1,1,1,0.01,0.00,0.60,-0.06,0.00,0.00,0.16,208,30
26290,10.1,3.6,1.1,-0.005,0.131,-0.910,4.7,-3.9,0.0,0.0227,-0.0235,0.0000,1862,1966,2047,1944,0.00,0.01,2.64,0.16,1.0000,1,1,1,0.01,0.00,0.60,-0.06,0.00,0.00,0.16,208,30
26300,-9.8,-3.3,-1.0,0.011,-0.101,-1.079,4.7,-3.9,0.0,0.0388,-0.0187,0.0001,1827,1974,2047,1899,0.00,0.01,2.64,0.16,1.0000,1,1,1,0.01,0.00,0.60,-0.06,0.00,0.00,0.16,208,30
26310,-0.3,0.9,0.0,0.059,-0.014,-1.051,4.5,-3.9,0.0,0.0282,-0.0230,0.0000,1882,1958,2047,1972,0.00,0.01,2.64,0.16,1.0000,1,1,1,0.01,0.00,0.60,-0.06,0.00,0.00,0.16,208,30
26320,10.7,-0.7,1.4,-0.043,0.126,-0.924,4.7,-3.9,0.0,0.0209,-0.0211,0.0000,1873,1967,2047,1953,0.00,0.01,2.64,0.16,1.0000,1,1,1,0.01,0.00,0.60,-0.06,0.00,0.00,0.16,208,30
26331,-9.2,1.3,-1.2,0.056,-0.080,-1.070,4.7,-3.9,0.0,0.0385,-0.0235,0.0001,1807,1957,2047,1896,0.00,0.01,2.64,0.16,1.0000,1,1,1,0.01,0.00,0.60,-0.06,0.00,0.00,0.16,208,30
26341,-2.5,-0.6,-0.5,0.030,-0.061,-0.956,4.6,-3.8,0.0,0.0305,-0.0214,0.0000,1892,1972,2047,1967,0.00,0.01,2.64,0.16,1.0000,1,1,1,0.01,0.00,0.60,-0.06,0.00,0.00,0.16,208,30
26351,10.2,-1.7,0.4,-0.030,0.149,-1.040,4.7,-3.9,0.0,0.0216,-0.0218,0.0000,1863,1961,2047,1950,0.00,0.01,2.64,0.16,1.0000,1,1,1,0.01,0.00,0.60,-0.06,0.00,0.00,0.16,208,30
26361,-8.0,2.1,0.8,0.039,-0.095,-1.004,4.7,-3.9,0.0,0.0366,-0.0244,0.0000,1817,1955,2047,1909,0.00,0.01,2.64,0.16,1.0000,1,1,1,0.01,0.00,0.60,-0.06,0.00,0.00,0.16,208,30
26371,2.7,0.9,-1.4,0.038,0.002,-0.930,4.6,-3.8,0.0,0.0252,-0.0229,0.0001,1886,1967,2047,1965,0.00,0.01,2.64,0.16,1.0000,1,1,1,0.01,0.00,0.60,-0.06,0.00,0.00,0.16,208,30
26381,-0.8,-3.3,0.5,-0.036,0.063,-1.095,4.7,-3.9,0.0,0.0288,-0.0187,0.0000,1850,1972,2047,1925,0.00,0.01,2.64,0.16,1.0000,1,1,1,0.01,0.00,0.60,-0.06,0.00,0.00,0.16,208,30
26391,-1.8,1.9,0.2,0.063,-0.065,-0.994,4.6,-3.9,0.0,0.0268,-0.0262,0.0000,1846,1948,2047,1946,0.00,0.01,2.64,0.16,1.0000,1,1,1,0.01,0.00,0.60,-0.06,0.00,0.00,0.15,207,30
26401,4.5,1.1,0.8,0.000,0.056,-0.912,4.7,-3.8,0.0,0.0242,-0.0220,0.0000,1873,1972,2047,1948,0.00,0.01,2.64,0.16,1.0000,1,1,1,0.01,0.00,0.60,-0.06,0.00,0.00,0.16,207,30
26411,-6.4,-4.9,-1.2,-0.004,-0.021,-1.118,4.7,-3.9,0.0,0.0345,-0.0171,0.0001,1847,1978,2047,1915,0.00,0.01,2.64,0.16,1.0000,1,1,1,0.01,0.00,0.60,-0.06,0.00,0.00,0.16,207,30
26421,0.0,2.4,0.3,0.064,-0.029,-1.010,4.6,-3.9,0.0,0.0263,-0.0249,0.0000,1863,1951,2047,1960,0.00,0.01,2.64,0.16,1.0000,1,1,1,0.01,0.00,0.60,-0.06,0.00,0.00,0.16,207,30
26431,8.8,0.2,0.7,-0.033,0.091,-0.904,4.7,-3.9,0.0,0.0192,-0.0223,0.0000,1884,1965,2047,1965,0.00,0.01,2.64,0.16,1.0000,1,1,1,0.01,0.00,0.60,-0.06,0.00,0.00,0.16,207,30
26441,-8.7,-0.3,-1.1,0.033,-0.053,-1.088,4.8,-3.9,0.0,0.0396,-0.0214,0.0001,1816,1965,2047,1897,0.00,0.01,2.64,0.16,1.0000,1,1,1,0.01,0.00,0.60,-0.06,0.00,0.00,0.16,207,30
26451,-2.3,-0.8,-0.6,0.037,-0.052,-0.981,4.6,-3.9,0.0,0.0246,-0.0217,0.0000,1890,1963,2047,1974,0.00,0.01,2.64,0.16,1.0000,1,1,1,0.01,0.00,0.60,-0.06,0.00,0.00,0.15,208,30
26462,11.9,0.6,0.8,-0.028,0.147,-1.008,4.8,-3.9,0.0,0.0160,-0.0227,0.0000,1885,1962,2047,1971,0.00,0.01,2.64,0.16,1.0000,1,1,1,0.01,0.00,0.60,-0.06,0.00,0.00,0.16,208,30
26472,-12.0,-0.6,-0.1,0.022,-0.110,-0.989,4.8,-3.9,0.0,0.0411,-0.0215,0.0001,1810,1965,2047,1891,0.00,0.01,2.64,0.16,1.0000,1,1,1,0.01,0.00,0.60,-0.06,0.00,0.00,0.16,208,30
26482,0.7,0.8,-1.1,0.064,-0.018,-1.014,4.6,-3.9,0.0,0.0272,-0.0229,0.0001,1890,1964,2047,1973,0.00,0.01,2.64,0.16,1.0000,1,1,1,0.01,0.00,0.60,-0.06,0.00,0.00,0.16,208,30
26492,6.4,-2.4,2.0,-0.062,0.109,-1.009,4.8,-3.9,0.0,0.0216,-0.0196,-0.0001,1879,1972,2047,1956,0.00,0.01,2.64,0.16,1.0000,1,1,1,0.01,0.00,0.60,-0.06,0.00,0.00,0.16,208,30
26502,-5.1,2.9,-0.1,0.072,-0.083,-1.025,4.8,-3.9,0.0,0.0337,-0.0255,0.0000,1820,1949,2047,1918,0.00,0.01,2.64,0.16,1.0000,1,1,1,0.01,0.00,0.60,-0.06,0.00,0.00,0.16,208,30
26512,-0.1,0.3,0.2,0.014,-0.014,-0.900,4.7,-3.8,0.0,0.0281,-0.0224,0.0000,1871,1970,2047,1948,0.00,0.01,2.64,0.16,1.0000,1,1,1,0.01,0.00,0.60,-0.06,0.00,0.00,0.16,208,30
26522,2.9,-3.5,-0.2,-0.034,0.098,-1.141,4.8,-3.9,0.0,0.0252,-0.0186,0.0000,1870,1972,2047,1945,0.00,0.01,2.64,0.16,1.0000,1,1,1,0.01,0.00,0.60,-0.06,0.00,0.00,0.16,208,30
26532,-3.1,3.3,1.0,0.073,-0.085,-0.944,4.7,-3.9,0.0,0.0312,-0.0255,0.0000,1837,1950,2047,1935,0.00,0.01,2.64,0.16,1.0000,1,1,1,0.01,0.00,0.60,-0.06,0.00,0.00,0.16,208,30
26542,6.1,-0.5,-1.0,-0.015,0.090,-0.950,4.7,-3.9,0.0,0.0218,-0.0215,0.0001,1883,1970,2047,1959,0.00,0.01,2.64,0.16,1.0000,1,1,1,0.01,0.00,0.60,-0.06,0.00,0.00,0.16,208,30
26552,-8.2,-2.9,-0.8,0.005,-0.046,-1.123,4.8,-3.9,0.0,0.0367,-0.0192,0.0001,1835,1974,2047,1908,0.00,0.01,2.64,0.16,1.0000,1,1,1,0.01,0.00,0.60,-0.06,0.00,0.00,0.16,208,30
26562,5.1,2.7,0.1,0.049,0.022,-0.935,4.6,-3.9,0.0,0.0210,-0.0255,0.0000,1876,1955,2047,1968,0.00,0.01,2.64,0.16,1.0000,1,1,1,0.01,0.00,0.60,-0.06,0.00,0.00,0.16,208,30
26572,3.5,-0.3,1.1,-0.027,0.081,-0.992,4.8,-3.9,0.0,0.0269,-0.0208,0.0000,1833,1979,2047,1899,0.00,0.01,2.64,0.16,1.0000,1,1,1,0.01,0.00,0.60,-0.06,0.00,0.00,0.16,208,30
26582,-10.3,-1.9,-2.5,0.046,-0.128,-1.051,4.8,-3.9,0.0,0.0374,-0.0206,0.0002,1863,1955,2047,1954,0.00,0.01,2.64,0.16,1.0000,1,1,1,0.01,0.00,0.60,-0.06,0.00,0.00,0.16,208,30
26592,9.6,1.4,1.8,0.004,0.123,-0.989,4.6,-3.9,0.0,0.0173,-0.0233,-0.0001,1894,1965,2047,1978,0.00,0.01,2.64,0.16,1.0000,1,1,1,0.01,0.00,0.60,-0.06,0.00,0.00,0.16,208,30
26602,-0.2,-1.5,1.2,-0.029,0.007,-0.997,4.8,-3.9,0.0,0.0306,-0.0206,0.0000,1823,1966,2047,1903,0.00,0.01,2.64,0.16,1.0000,1,1,1,0.01,0.00,0.60,-0.06,0.00,0.00,0.16,208,30
26612,-10.2,1.2,-1.2,0.088,-0.130,-1.019,4.9,-3.9,0.0,0.0370,-0.0230,0.0001,1857,1965,2047,1938,0.00,0.01,2.64,0.16,1.0000,1,1,1,0.01,0.00,0.60,-0.06,0.00,0.00,0.16,208,30
26622,10.6,-2.5,0.5,-0.044,0.147,-0.994,4.8,-3.9,0.0,0.0169,-0.0203,0.0000,1906,1970,2047,1983,0.00,0.01,2.64,0.16,1.0000,1,1,1,0.01,0.00,0.60,-0.06,0.00,0.00,0.16,208,30
26632,-1.6,1.7,0.6,0.012,-0.012,-1.053,4.9,-3.9,0.0,0.0298,-0.0239,0.0000,1814,1953,2047,1908,0.00,0.01,2.64,0.16,1.0000,1,1,1,0.01,0.00,0.60,-0.06,0.00,0.00,0.16,208,30
26642,-6.2,0.9,-0.9,0.057,-0.085,-0.914,4.7,-3.9,0.0,0.0329,-0.0226,0.0001,1871,1968,2047,1948,0.00,0.01,2.64,0.16,1.0000,1,1,1,0.01,0.00,0.60,-0.06,0.00,0.00,0.15,208,30
26652,6.3,-2.5,-0.5,-0.017,0.107,-1.078,4.8,-3.9,0.0,0.0225,-0.0193,0.0000,1882,1973,2047,1956,0.00,0.01,2.64,0.16,1.0000,1,1,1,0.01,0.00,0.60,-0.06,0.00,0.00,0.16,208,30
26662,-4.4,-1.0,0.0,0.001,-0.041,-1.013,4.8,-4.0,0.0,0.0325,-0.0210,0.0000,1837,1957,2047,1926,0.00,0.01,2.64,0.16,1.0000,1,1,1,0.01,0.00,0.60,-0.06,0.00,0.00,0.16,207,30
26673,3.0,4.6,0.2,0.061,0.009,-0.945,4.8,-3.9,0.0,0.0242,-0.0251,0.0000,1866,1959,2047,1955,0.00,0.01,2.64,0.16,1.0000,1,1,1,0.01,0.00,0.60,-0.06,0.00,0.00,0.16,207,30
26683,-1.3,-4.3,0.0,-0.036,0.036,-1.017,4.8,-3.9,0.0,0.0295,-0.0177,0.0000,1858,1981,2047,1923,0.00,0.01,2.64,0.16,1.0000,1,1,1,0.01,0.00,0.60,-0.06,0.00,0.00,0.16,207,30
26693,-3.6,-0.7,-1.3,0.046,-0.033,-1.089,4.8,-4.0,0.0,0.0310,-0.0225,0.0001,1845,1948,2047,1944,0.00,0.01,2.64,0.16,1.0000,1,1,1,0.01,0.00,0.61,-0.06,0.00,0.00,0.16,207,30
26703,6.3,2.8,1.6,0.018,0.046,-0.893,4.8,-3.9,0.0,0.0214,-0.0245,-0.0001,1877,1964,2047,1960,0.00,0.01,2.64,0.16,1.0000,1,1,1,0.01,0.00,0.60,-0.06,0.00,0.00,0.16,207,30
26713,0.0,-1.7,0.0,-0.027,0.036,-1.068,4.8,-3.9,0.0,0.0280,-0.0204,0.0000,1843,1971,2047,1919,0.00,0.01,2.64,0.16,1.0000,1,1,1,0.01,0.00,0.60,-0.06,0.00,0.00,0.16,207,30
26723,-8.7,-1.2,-1.1,0.058,-0.103,-1.024,4.7,-3.9,0.0,0.0324,-0.0216,0.0000,1856,1963,2047,1940,0.00,0.01,2.64,0.16,1.0000,1,1,1,0.01,0.00,0.61,-0.06,0.00,0.00,0.16,207,30
26733,10.5,0.7,0.3,0.000,0.105,-0.970,4.7,-3.9,0.0,0.0174,-0.0229,0.0000,1889,1960,2047,1977,0.00,0.01,2.64,0.16,1.0000,1,1,1,0.01,0.00,0.60,-0.06,0.00,0.00,0.16,207,30
26743,-0.3,0.0,1.3,-0.016,0.020,-1.042,4.9,-3.9,0.0,0.0361,-0.0214,0.0000,1817,1967,2047,1897,0.00,0.01,2.64,0.16,1.0000,1,1,1,0.01,0.00,0.61,-0.06,0.00,0.00,0.15,207,30
26753,-9.0,-0.1,-2.3,0.053,-0.118,-0.967,4.7,-3.9,0.0,0.0371,-0.0220,0.0002,1865,1961,2047,1950,0.00,0.01,2.64,0.16,1.0000,1,1,1,0.01,0.00,0.61,-0.06,0.00,0.00,0.16,208,30
26763,8.8,0.0,1.2,0.004,0.106,-1.043,4.7,-3.9,0.0,0.0191,-0.0221,0.0000,1886,1968,2047,1967,0.00,0.01,2.64,0.16,1.0000,1,1,1,0.01,0.00,0.60,-0.06,0.00,0.00,0.16,208,30
26774,0.8,-1.2,0.9,-0.035,0.019,-1.028,4.8,-4.0,0.0,0.0316,-0.0223,0.0000,1831,1959,2047,1918,0.00,0.01,2.64,0.16,1.0000,1,1,1,0.01,0.00,0.61,-0.06,0.00,0.00,0.16,208,30
26784,-5.6,2.7,-1.2,0.078,-0.074,-0.950,4.7,-3.9,0.0,0.0337,-0.0249,0.0001,1855,1964,2047,1937,0.00,0.01,2.64,0.16,1.0000,1,1,1,0.01,0.00,0.61,-0.06,0.00,0.00,0.16,208,30
26794,2.8,-4.0,0.2,-0.027,0.053,-1.026,4.7,-3.9,0.0,0.0243,-0.0176,0.0000,1893,1980,2047,1960,0.00,0.01,2.64,0.16,1.0000,1,1,1,0.01,0.00,0.60,-0.06,0.00,0.00,0.16,208,30
26804,0.1,0.6,0.5,0.007,0.032,-1.111,4.7,-4.0,0.0,0.0302,-0.0250,0.0000,1830,1949,2047,1928,0.00,0.01,2.64,0.16,1.0000,1,1,1,0.01,0.00,0.61,-0.06,0.00,0.00,0.16,208,30
26814,-1.7,2.6,0.3,0.050,-0.069,-0.828,4.7,-3.9,0.0,0.0297,-0.0248,0.0000,1870,1968,2047,1948,0.00,0.01,2.64,0.16,1.0000,1,1,1,0.01,0.00,0.61,-0.06,0.00,0.00,0.16,208,30
26824,2.7,-1.9,-0.8,-0.015,0.070,-1.085,4.7,-3.9,0.0,0.0259,-0.0198,0.0001,1864,1973,2047,1938,0.00,0.01,2.64,0.16,1.0000,1,1,1,0.01,0.00,0.61,-0.06,0.00,0.00,0.16,208,30
# het
