t_s,gx,gy,gz,ax,ay,az,alt_m,climb_ms,vel_fwd,vel_right
0.011,0,0.1,0.1,0.011,0.01,-1.005,-0.97,0,0,0
0.021,0,0,0.1,0.011,0.01,-1.004,-0.97,0,0,0
0.032,-0.1,0,0.1,0.01,0.009,-1.004,-0.97,0,0,0
0.043,0,0,0.1,0.011,0.011,-1.005,-0.97,0,0,0
0.053,-0.1,0,0.1,0.012,0.01,-1.004,-0.97,0,0,0
0.064,0,0,0,0.011,0.009,-1.004,-0.97,0,0,0
0.075,0,0.1,0,0.012,0.01,-1.005,-0.97,0,0,0
0.085,0.1,0,0.1,0.012,0.009,-1.005,-0.97,0,0,0
0.091,0,0.1,-0.1,0.011,0.01,-1.004,-1.01,0,0,0
0.096,0,0.1,-0.1,0.012,0.01,-1.005,-1.01,0,0,0
0.101,0,0,-0.1,0.012,0.01,-1.005,-1.01,0,0,0
0.107,0,0,-0.3,0.011,0.01,-1.004,-1.01,0,0,0
0.112,0.1,0,-0.2,0.011,0.01,-1.004,-1.01,0,0,0
0.118,0,0.1,-0.3,0.011,0.011,-1.005,-1.01,0,0,0
0.123,0.1,0,-0.2,0.012,0.01,-1.004,-1.01,0,0,0
0.129,0.1,0,-0.1,0.011,0.011,-1.004,-1.01,0,0,0
0.134,0,0.1,-0.1,0.012,0.01,-1.003,-1.01,0,0,0
0.138,0,0,0,0.012,0.011,-1.003,-1.01,0,0,0
0.143,0.1,0.1,-0.1,0.012,0.011,-1.004,-1.01,0,0,0
0.147,0,0,0,0.012,0.011,-1.004,-1.01,0,0,0
0.152,0,0,0,0.012,0.01,-1.004,-1.01,0,0,0
0.156,0,0.2,0.1,0.012,0.01,-1.005,-1.01,0,0,0
0.160,0,0,0.2,0.011,0.01,-1.005,-1.01,0,0,0
0.165,0,0,0.1,0.011,0.01,-1.005,-1.01,0,0,0
0.169,0.1,0,0.2,0.011,0.011,-1.004,-1.01,0,0,0
0.174,0,0,0,0.011,0.011,-1.005,-1.01,0,0,0
0.178,0,0,0.1,0.011,0.011,-1.005,-1.01,0,0,0
0.182,0.1,0,0.1,0.011,0.01,-1.004,-1.01,0,0,0
0.188,0,0,0,0.012,0.011,-1.004,-1,-0.01,0,0
0.194,-0.1,0,0,0.011,0.01,-1.005,-1,-0.01,0,0
0.200,0,0.1,-0.1,0.012,0.009,-1.005,-1,-0.01,0,0
0.206,0,0,-0.1,0.011,0.009,-1.004,-1,-0.01,0,0
0.212,0.1,0.1,-0.2,0.011,0.009,-1.004,-1,-0.01,0,0
0.218,0,0,-0.2,0.01,0.009,-1.005,-1,-0.01,0,0
0.224,0,0,-0.1,0.011,0.011,-1.005,-1,-0.01,0,0
0.230,0.1,-0.1,-0.2,0.011,0.009,-1.005,-1,-0.01,0,0
0.235,0,0,-0.1,0.011,0.011,-1.005,-0.99,-0.01,0,0
0.239,0,0,-0.1,0.011,0.011,-1.004,-0.99,-0.01,0,0
0.243,0,0,-0.1,0.011,0.012,-1.005,-0.99,-0.01,0,0
0.247,0,0,0,0.011,0.011,-1.005,-0.99,-0.01,0,0
0.251,0,0.1,0.1,0.011,0.01,-1.006,-0.99,-0.01,0,0
0.256,0,0,0,0.011,0.011,-1.005,-0.99,-0.01,0,0
0.260,0.1,0,0.1,0.011,0.01,-1.005,-0.99,-0.01,0,0
0.264,0,0,0,0.012,0.009,-1.004,-0.99,-0.01,0,0
0.268,0,0,0.1,0.011,0.01,-1.004,-0.99,-0.01,0,0
0.272,0,0,0.1,0.012,0.011,-1.005,-0.99,-0.01,0,0
0.278,0,0,0.1,0.011,0.011,-1.005,-1,-0.01,0,0
0.284,0,0,0.1,0.011,0.009,-1.005,-1,-0.01,0,0
0.290,0.2,0,0,0.011,0.009,-1.004,-1,-0.01,0,0
0.297,0,0,0,0.011,0.011,-1.004,-1,-0.01,0,0
0.303,0.1,0.1,-0.1,0.012,0.01,-1.005,-1,-0.01,0,0
0.309,0.1,0.1,-0.2,0.011,0.01,-1.005,-1,-0.01,0,0
0.315,0,0.2,-0.1,0.01,0.009,-1.005,-1,-0.01,0,0
0.321,0,0,-0.1,0.01,0.01,-1.004,-1,-0.01,0,0
0.324,0,0,-0.2,0.009,0.009,-1.004,-1.02,-0.02,0,0
0.328,0,0.1,-0.1,0.01,0.011,-1.005,-1.02,-0.02,0,0
0.331,0,0,-0.3,0.011,0.011,-1.004,-1.02,-0.02,0,0
0.334,0,0.1,-0.1,0.011,0.011,-1.004,-1.02,-0.02,0,0
0.338,0,0.1,0,0.01,0.011,-1.005,-1.02,-0.02,0,0
0.341,0,0,0,0.011,0.01,-1.004,-1.02,-0.02,0,0
0.345,0.1,0,0,0.012,0.009,-1.004,-1.02,-0.02,0,0
0.348,0.1,-0.1,0,0.012,0.009,-1.005,-1.02,-0.02,0,0
0.352,0.1,0,0.1,0.011,0.01,-1.004,-1.02,-0.02,0,0
0.355,0,0.1,0.2,0.011,0.01,-1.004,-1.02,-0.02,0,0
0.358,0,0,0.1,0.011,0.01,-1.004,-1.02,-0.02,0,0
0.362,0,0,0.2,0.012,0.01,-1.004,-1.02,-0.02,0,0
0.365,0.1,0,0.1,0.011,0.009,-1.004,-1.02,-0.02,0,0
0.369,0,-0.1,0.1,0.011,0.01,-1.003,-1.02,-0.02,0,0
0.375,0.1,0.1,0,0.011,0.009,-1.003,-1.02,-0.02,0,0
0.382,0,-0.1,-0.1,0.01,0.009,-1.003,-1.02,-0.02,0,0
0.388,0,0,-0.1,0.011,0.01,-1.004,-1.02,-0.02,0,0
0.394,0,0,0,0.011,0.01,-1.004,-1.02,-0.02,0,0
0.401,0.1,0.1,-0.1,0.012,0.011,-1.003,-1.02,-0.02,0,0
0.407,0.1,-0.1,-0.1,0.013,0.01,-1.004,-1.02,-0.02,0,0
0.414,0.1,0.1,-0.2,0.013,0.01,-1.003,-1.02,-0.02,0,0
0.418,0,-0.1,-0.2,0.013,0.011,-1.005,-1.03,-0.02,0,0
0.422,0.2,0.1,-0.3,0.012,0.011,-1.004,-1.03,-0.02,0,0
0.427,0,0,-0.1,0.011,0.009,-1.004,-1.03,-0.02,0,0
0.431,0,0,-0.1,0.011,0.009,-1.003,-1.03,-0.02,0,0
0.435,0,0,0,0.011,0.01,-1.004,-1.03,-0.02,0,0
0.439,0,0,0,0.012,0.009,-1.005,-1.03,-0.02,0,0
0.444,0.1,0,0,0.01,0.009,-1.004,-1.03,-0.02,0,0
0.448,0.1,0,0.1,0.01,0.009,-1.004,-1.03,-0.02,0,0
0.452,0,0,0.1,0.01,0.009,-1.005,-1.03,-0.02,0,0
0.456,0,0,0,0.011,0.01,-1.004,-1.03,-0.02,0,0
0.461,-0.1,0,0.1,0.01,0.01,-1.003,-1.03,-0.02,0,0
0.468,0,0.1,0.1,0.012,0.01,-1.004,-1.03,-0.02,0,0
0.474,0,0.1,0.1,0.012,0.01,-1.004,-1.03,-0.02,0,0
0.481,0,0.1,0,0.012,0.01,-1.005,-1.03,-0.02,0,0
0.488,0,0,0,0.011,0.011,-1.005,-1.03,-0.02,0,0
0.495,-0.1,0,0,0.011,0.009,-1.005,-1.03,-0.02,0,0
0.502,0,0,-0.1,0.011,0.01,-1.005,-1.03,-0.02,0,0
0.509,0.1,0.1,-0.1,0.011,0.01,-1.006,-1.03,-0.02,0,0
0.514,0.1,0.2,-0.1,0.013,0.011,-1.005,-0.98,-0.02,0,0
0.518,0,0,-0.2,0.012,0.009,-1.005,-0.98,-0.02,0,0
0.522,0,0,-0.1,0.012,0.009,-1.006,-0.98,-0.02,0,0
0.527,0,0,-0.1,0.012,0.01,-1.006,-0.98,-0.02,0,0
0.531,0,0.1,-0.1,0.011,0.01,-1.006,-0.98,-0.02,0,0
0.536,-0.1,0,-0.1,0.011,0.01,-1.005,-0.98,-0.02,0,0
0.540,0,0.1,0,0.012,0.01,-1.005,-0.98,-0.02,0,0
0.545,0.1,0.1,0,0.011,0.009,-1.005,-0.98,-0.02,0,0
0.549,0,0,0,0.01,0.009,-1.005,-0.98,-0.02,0,0
0.553,-0.1,0,0,0.01,0.011,-1.004,-0.98,-0.02,0,0
0.558,0.1,0,0,0.009,0.01,-1.004,-0.98,-0.02,0,0
0.565,0,0,0.1,0.011,0.011,-1.005,-0.95,-0.02,0,0
0.571,0,0,0.1,0.011,0.011,-1.005,-0.95,-0.02,0,0
0.578,0.1,0,0.2,0.011,0.01,-1.005,-0.95,-0.02,0,0
0.585,0.1,0,0.1,0.012,0.011,-1.004,-0.95,-0.02,0,0
0.592,0,0,0.1,0.011,0.01,-1.004,-0.95,-0.02,0,0
0.599,0,0,0,0.011,0.01,-1.004,-0.95,-0.02,0,0
0.606,-0.1,0,0,0.011,0.01,-1.004,-0.95,-0.02,0,0
0.610,0.1,0,0,0.01,0.011,-1.005,-0.94,-0.02,0,0
0.613,0,0,-0.1,0.01,0.011,-1.005,-0.94,-0.02,0,0
0.617,0,0.1,-0.2,0.009,0.01,-1.005,-0.94,-0.02,0,0
0.621,0,0,-0.1,0.011,0.009,-1.005,-0.94,-0.02,0,0
0.625,0,0,-0.3,0.012,0.009,-1.005,-0.94,-0.02,0,0
0.629,0,0,-0.1,0.011,0.009,-1.005,-0.94,-0.02,0,0
0.632,0,0.1,-0.2,0.011,0.01,-1.005,-0.94,-0.02,0,0
0.636,0.1,0,0,0.012,0.01,-1.005,-0.94,-0.02,0,0
0.640,0,0.1,-0.1,0.012,0.01,-1.004,-0.94,-0.02,0,0
0.644,0.1,0.2,-0.1,0.012,0.009,-1.004,-0.94,-0.02,0,0
0.648,0.2,0,0,0.013,0.008,-1.004,-0.94,-0.02,0,0
0.655,0,0,0,0.011,0.009,-1.003,-0.95,-0.02,0,0
0.662,0,0,0,0.011,0.01,-1.002,-0.95,-0.02,0,0
0.669,0,0,0,0.011,0.01,-1.002,-0.95,-0.02,0,0
0.675,0,0,0,0.012,0.01,-1.002,-0.95,-0.02,0,0
0.682,0,0,0,0.012,0.01,-1.005,-0.95,-0.02,0,0
0.689,0,0.1,0.1,0.011,0.011,-1.005,-0.95,-0.02,0,0
0.696,0,0.1,0.2,0.011,0.012,-1.004,-0.95,-0.02,0,0
0.701,0,0,0.1,0.013,0.01,-1.004,-0.91,-0.02,0,0
0.705,0,-0.1,0,0.011,0.01,-1.004,-0.91,-0.02,0,0
0.710,0,0,0,0.012,0.011,-1.004,-0.91,-0.02,0,0
0.714,0,0,-0.1,0.012,0.011,-1.003,-0.91,-0.02,0,0
0.718,0,0,0,0.012,0.01,-1.003,-0.91,-0.02,0,0
0.723,0,0.1,-0.1,0.011,0.011,-1.003,-0.91,-0.02,0,0
0.727,0,0,-0.2,0.011,0.011,-1.002,-0.91,-0.02,0,0
0.732,0.1,-0.1,-0.1,0.01,0.011,-1.002,-0.91,-0.02,0,0
0.736,0,0,-0.1,0.01,0.011,-1.002,-0.91,-0.02,0,0
0.740,0,0.1,-0.1,0.011,0.011,-1.002,-0.91,-0.02,0,0
0.745,0.1,0,-0.1,0.011,0.011,-1.003,-0.91,-0.02,0,0
0.749,0,0,0,0.012,0.01,-1.002,-0.85,-0.02,0,0
0.753,0,0.1,0,0.011,0.011,-1.002,-0.85,-0.02,0,0
0.757,0,0,0,0.012,0.01,-1.003,-0.85,-0.02,0,0
0.761,0,0,0,0.011,0.01,-1.003,-0.85,-0.02,0,0
0.765,0,0,0.1,0.012,0.01,-1.003,-0.85,-0.02,0,0
0.769,0,-0.1,0.2,0.011,0.01,-1.003,-0.85,-0.02,0,0
0.772,0,0.1,0,0.01,0.009,-1.003,-0.85,-0.02,0,0
0.776,0,0,0.1,0.012,0.01,-1.003,-0.85,-0.02,0,0
0.780,0,0,0,0.011,0.011,-1.004,-0.85,-0.02,0,0
0.784,0,0.1,0,0.011,0.011,-1.004,-0.85,-0.02,0,0
0.788,0.1,0,0.1,0.012,0.01,-1.004,-0.85,-0.02,0,0
0.792,0,0.1,-0.1,0.012,0.01,-1.003,-0.85,-0.02,0,0
0.799,-0.1,0,-0.1,0.012,0.01,-1.003,-0.84,-0.02,0,0
0.806,0.1,0,0,0.011,0.01,-1.005,-0.84,-0.02,0,0
0.814,0.1,0,-0.1,0.011,0.009,-1.005,-0.84,-0.02,0,0
0.821,0,0.1,-0.1,0.01,0.01,-1.006,-0.84,-0.02,0,0
0.828,0.2,0,0,0.012,0.01,-1.005,-0.84,-0.02,0,0
0.835,0.1,-0.1,-0.3,0.012,0.011,-1.005,-0.84,-0.02,0,0
0.839,-0.1,0,-0.1,0.011,0.01,-1.005,-0.84,-0.02,0,0
0.842,0,0,0,0.011,0.01,-1.004,-0.84,-0.02,0,0
0.846,0,0.1,-0.1,0.011,0.009,-1.004,-0.84,-0.02,0,0
0.850,0,0.1,0.1,0.011,0.009,-1.005,-0.84,-0.02,0,0
0.854,0.1,0.1,0,0.011,0.01,-1.004,-0.84,-0.02,0,0
0.857,0.1,0,0,0.012,0.011,-1.005,-0.84,-0.02,0,0
0.861,0,-0.1,0,0.011,0.011,-1.005,-0.84,-0.02,0,0
0.865,0.1,0.1,0.1,0.011,0.01,-1.005,-0.84,-0.02,0,0
0.868,0,0.1,0.1,0.012,0.01,-1.005,-0.84,-0.02,0,0
0.872,0.1,0,0,0.013,0.01,-1.005,-0.84,-0.02,0,0
0.876,0,0,0.1,0.012,0.01,-1.005,-0.84,-0.02,0,0
0.880,0,0,0.1,0.012,0.01,-1.005,-0.84,-0.02,0,0
0.883,0.1,0,0,0.012,0.011,-1.005,-0.84,-0.02,0,0
0.889,0,0,0,0.01,0.011,-1.006,-0.89,-0.02,0,0
0.895,0,0,-0.1,0.01,0.011,-1.006,-0.89,-0.02,0,0
0.900,0,0,-0.1,0.01,0.011,-1.004,-0.89,-0.02,0,0
0.906,0,0,-0.1,0.01,0.01,-1.004,-0.89,-0.02,0,0
0.912,-0.1,0.1,-0.1,0.011,0.01,-1.005,-0.89,-0.02,0,0
0.917,0.1,0,0,0.012,0.01,-1.005,-0.89,-0.02,0,0
0.923,0,0,-0.1,0.011,0.01,-1.005,-0.89,-0.02,0,0
0.929,-0.1,0,-0.2,0.011,0.01,-1.006,-0.89,-0.02,0,0
0.935,0,0,-0.1,0.011,0.011,-1.007,-0.88,-0.02,0,0
0.942,0,0.1,-0.1,0.011,0.01,-1.007,-0.88,-0.02,0,0
0.948,0,0,-0.1,0.011,0.011,-1.006,-0.88,-0.02,0,0
0.955,0.1,0.1,0,0.011,0.011,-1.005,-0.88,-0.02,0,0
0.962,0,0,0,0.011,0.011,-1.005,-0.88,-0.02,0,0
0.968,0.1,0,0,0.011,0.01,-1.005,-0.88,-0.02,0,0
0.975,0,0,0,0.011,0.01,-1.006,-0.88,-0.02,0,0
0.981,0,0,0.1,0.01,0.01,-1.005,-0.88,-0.02,0,0
0.986,0.1,0,0,0.011,0.01,-1.005,-0.9,-0.02,0,0
0.990,0,0,0,0.01,0.01,-1.005,-0.9,-0.02,0,0
0.994,0,0.1,0.1,0.011,0.01,-1.005,-0.9,-0.02,0,0
0.999,0.1,0,0,0.012,0.009,-1.005,-0.9,-0.02,0,0
1.003,0,0,0.1,0.012,0.01,-1.005,-0.9,-0.02,0,0
1.007,0.1,0,0,0.012,0.009,-1.005,-0.9,-0.02,0,0
1.012,0,0.1,-0.1,0.011,0.01,-1.006,-0.9,-0.02,0,0
1.016,-0.1,0.1,0,0.011,0.01,-1.006,-0.9,-0.02,0,0
1.020,0,0,0,0.011,0.009,-1.006,-0.9,-0.02,0,0
1.025,0,0,-0.1,0.011,0.009,-1.006,-0.9,-0.02,0,0
1.031,0.1,0,0,0.011,0.008,-1.006,-0.93,-0.02,0,0
1.037,0.1,0,-0.1,0.011,0.01,-1.005,-0.93,-0.02,0,0
1.043,0.1,0,-0.1,0.011,0.011,-1.005,-0.93,-0.02,0,0
1.049,0,0,0,0.01,0.012,-1.005,-0.93,-0.02,0,0
1.054,0,0.1,0,0.012,0.012,-1.005,-0.93,-0.02,0,0
1.060,0.1,0.1,0,0.011,0.012,-1.004,-0.93,-0.02,0,0
1.066,0.1,0.1,0,0.011,0.011,-1.005,-0.93,-0.02,0,0
1.072,0,0,0,0.012,0.011,-1.005,-0.93,-0.02,0,0
1.078,0,0,0,0.011,0.011,-1.006,-0.94,-0.02,0,0
1.083,0.1,0.1,0.2,0.011,0.011,-1.005,-0.94,-0.02,0,0
1.088,0.1,0,0.1,0.011,0.01,-1.006,-0.94,-0.02,0,0
1.094,0,0,0,0.011,0.01,-1.005,-0.94,-0.02,0,0
1.099,-0.1,0.1,0,0.011,0.01,-1.005,-0.94,-0.02,0,0
1.105,0,0,0.1,0.01,0.01,-1.004,-0.94,-0.02,0,0
1.110,0,0,0.1,0.011,0.011,-1.004,-0.94,-0.02,0,0
1.116,0,-0.1,0,0.011,0.011,-1.005,-0.94,-0.02,0,0
1.121,0,0,-0.1,0.01,0.011,-1.006,-0.94,-0.02,0,0
1.124,0,0.1,0,0.012,0.01,-1.006,-0.95,-0.02,0,0
1.128,0,0,-0.1,0.011,0.01,-1.005,-0.95,-0.02,0,0
1.131,0,0.1,0,0.011,0.01,-1.006,-0.95,-0.02,0,0
1.134,0.1,0,-0.1,0.011,0.01,-1.006,-0.95,-0.02,0,0
1.137,-0.1,0,-0.1,0.011,0.009,-1.005,-0.95,-0.02,0,0
1.141,0,-0.1,-0.1,0.011,0.01,-1.006,-0.95,-0.02,0,0
1.144,0,0.1,-0.2,0.011,0.01,-1.005,-0.95,-0.02,0,0
1.147,0,0.1,0,0.011,0.01,-1.005,-0.95,-0.02,0,0
1.150,0,0,0,0.012,0.009,-1.006,-0.95,-0.02,0,0
1.154,0.1,0.1,-0.1,0.011,0.01,-1.006,-0.95,-0.02,0,0
1.157,0.2,0,0.1,0.012,0.009,-1.005,-0.95,-0.02,0,0
1.160,0,0.1,0,0.01,0.01,-1.006,-0.95,-0.02,0,0
1.164,0.1,0,0,0.011,0.009,-1.006,-0.95,-0.02,0,0
1.167,0,0,0,0.011,0.01,-1.005,-0.95,-0.02,0,0
1.170,0.1,0,0,0.011,0.01,-1.005,-0.95,-0.02,0,0
1.184,0.1,0,0.1,0.01,0.01,-1.005,-0.94,-0.01,0,0
1.197,0.1,0,0,0.011,0.01,-1.005,-0.94,-0.01,0,0
1.211,0,0,0,0.013,0.01,-1.005,-0.94,-0.01,0,0
1.215,0,0,0,0.012,0.01,-1.005,-0.92,-0.01,0,0
1.220,0.1,0.1,0,0.011,0.01,-1.005,-0.92,-0.01,0,0
1.224,0,0,0,0.011,0.011,-1.005,-0.92,-0.01,0,0
1.228,0.1,0.1,-0.1,0.012,0.011,-1.005,-0.92,-0.01,0,0
1.233,0,0,-0.2,0.012,0.011,-1.005,-0.92,-0.01,0,0
1.237,0,0.1,-0.1,0.012,0.01,-1.004,-0.92,-0.01,0,0
1.242,0,0,0,0.011,0.01,-1.005,-0.92,-0.01,0,0
1.246,0.1,0,-0.1,0.011,0.011,-1.005,-0.92,-0.01,0,0
1.250,0,0,0,0.011,0.01,-1.005,-0.92,-0.01,0,0
1.255,0,0,-0.1,0.012,0.009,-1.004,-0.92,-0.01,0,0
1.259,0.1,0.2,-0.1,0.011,0.01,-1.006,-0.92,-0.01,0,0
1.263,0,-0.1,-0.1,0.011,0.01,-1.006,-0.89,-0.01,0,0
1.267,0,0.1,0,0.01,0.01,-1.005,-0.89,-0.01,0,0
1.272,0,0,0,0.011,0.01,-1.005,-0.89,-0.01,0,0
1.276,0.1,0,0,0.011,0.01,-1.004,-0.89,-0.01,0,0
1.280,0,0,0,0.012,0.011,-1.005,-0.89,-0.01,0,0
1.284,0,0.1,0,0.012,0.01,-1.005,-0.89,-0.01,0,0
1.288,0.1,0,0,0.011,0.01,-1.004,-0.89,-0.01,0,0
1.293,0,0,0,0.011,0.01,-1.005,-0.89,-0.01,0,0
1.297,0.1,0,0,0.01,0.009,-1.004,-0.89,-0.01,0,0
1.301,0,0,0,0.011,0.01,-1.004,-0.89,-0.01,0,0
1.305,0,0,0,0.011,0.01,-1.004,-0.89,-0.01,0,0
1.309,0,0.1,0,0.011,0.01,-1.006,-0.84,-0.01,0,0
1.314,0.1,0,-0.1,0.011,0.01,-1.006,-0.84,-0.01,0,0
1.318,0,0,0,0.01,0.009,-1.005,-0.84,-0.01,0,0
1.322,0,0,-0.1,0.009,0.01,-1.005,-0.84,-0.01,0,0
1.326,0,0,0,0.01,0.01,-1.005,-0.84,-0.01,0,0
1.330,0.1,0.1,-0.1,0.01,0.009,-1.006,-0.84,-0.01,0,0
1.334,0,0.1,0,0.01,0.01,-1.006,-0.84,-0.01,0,0
1.338,0.1,0,-0.1,0.012,0.01,-1.005,-0.84,-0.01,0,0
1.342,0,0,0,0.012,0.01,-1.004,-0.84,-0.01,0,0
1.347,0,0.1,-0.1,0.012,0.011,-1.005,-0.84,-0.01,0,0
1.351,0.2,0,0,0.012,0.01,-1.004,-0.84,-0.01,0,0
1.357,0,0,0.1,0.011,0.01,-1.005,-0.82,-0.01,0,0
1.364,0.1,0,0,0.01,0.01,-1.005,-0.82,-0.01,0,0
1.371,0,0,0,0.011,0.009,-1.005,-0.82,-0.01,0,0
1.378,0,0,0,0.012,0.009,-1.006,-0.82,-0.01,0,0
1.385,0,0,-0.1,0.011,0.009,-1.005,-0.82,-0.01,0,0
1.391,0,0,0.1,0.012,0.01,-1.005,-0.82,-0.01,0,0
1.398,0,0,-0.1,0.012,0.01,-1.005,-0.82,-0.01,0,0
1.403,0,0,0,0.012,0.011,-1.005,-0.84,-0.01,0,0
1.407,0,0,0,0.011,0.01,-1.006,-0.84,-0.01,0,0
1.411,0,0,-0.1,0.011,0.011,-1.006,-0.84,-0.01,0,0
1.416,0,0,0,0.012,0.01,-1.006,-0.84,-0.01,0,0
1.420,0,0,0,0.011,0.01,-1.005,-0.84,-0.01,0,0
1.425,0,0,0,0.01,0.011,-1.005,-0.84,-0.01,0,0
1.429,0.1,0.1,-0.1,0.011,0.01,-1.004,-0.84,-0.01,0,0
1.433,0,0.1,0,0.012,0.009,-1.005,-0.84,-0.01,0,0
1.438,0,0,-0.1,0.011,0.01,-1.005,-0.84,-0.01,0,0
1.442,0,0,0,0.011,0.01,-1.005,-0.84,-0.01,0,0
1.447,0.1,0,-0.1,0.011,0.01,-1.005,-0.84,-0.01,0,0
1.454,0.1,0,0,0.011,0.011,-1.004,-0.87,-0.01,0,0
1.461,0.1,-0.1,0,0.012,0.01,-1.005,-0.87,-0.01,0,0
1.467,0,0,0.1,0.012,0.01,-1.005,-0.87,-0.01,0,0
1.474,0,0.2,0,0.012,0.01,-1.005,-0.87,-0.01,0,0
1.481,0,0.1,0,0.012,0.01,-1.005,-0.87,-0.01,0,0
1.488,0,0,0,0.011,0.01,-1.005,-0.87,-0.01,0,0
1.495,0,0,0,0.01,0.009,-1.005,-0.87,-0.01,0,0
1.500,0,0.1,0,0.009,0.01,-1.004,-0.88,-0.01,0,0
1.504,0,0,0,0.011,0.01,-1.004,-0.88,-0.01,0,0
1.509,0.2,0,0,0.012,0.011,-1.003,-0.88,-0.01,0,0
1.513,0,0,0,0.011,0.009,-1.004,-0.88,-0.01,0,0
1.518,-0.1,0,0,0.01,0.01,-1.005,-0.88,-0.01,0,0
1.522,0,-0.1,0,0.011,0.01,-1.005,-0.88,-0.01,0,0
1.527,0,0,0,0.012,0.01,-1.004,-0.88,-0.01,0,0
1.531,0.1,0.1,-0.1,0.012,0.01,-1.003,-0.88,-0.01,0,0
1.536,0,0,-0.1,0.011,0.01,-1.003,-0.88,-0.01,0,0
1.540,0,0,0,0.011,0.009,-1.004,-0.88,-0.01,0,0
1.545,0,0.1,-0.1,0.011,0.01,-1.004,-0.88,-0.01,0,0
1.551,0,0.1,0,0.012,0.009,-1.003,-0.88,-0.01,0,0
1.557,0,0.1,0,0.011,0.01,-1.003,-0.88,-0.01,0,0
1.563,0.1,0,0.1,0.012,0.009,-1.004,-0.88,-0.01,0,0
1.569,0,0,0,0.012,0.009,-1.002,-0.88,-0.01,0,0
1.575,0,0,0,0.012,0.009,-1.003,-0.88,-0.01,0,0
1.581,0,0,0,0.012,0.009,-1.003,-0.88,-0.01,0,0
1.587,0.1,0.1,0,0.012,0.009,-1.004,-0.88,-0.01,0,0
1.591,0,0,0,0.011,0.009,-1.003,-0.88,-0.01,0,0
1.596,0,0,0.1,0.011,0.009,-1.002,-0.88,-0.01,0,0
1.601,0,0,0,0.01,0.01,-1.002,-0.88,-0.01,0,0
1.606,0,0,0.1,0.011,0.01,-1.002,-0.88,-0.01,0,0
1.611,0,-0.1,0,0.011,0.01,-1.001,-0.88,-0.01,0,0
1.615,0,0,0,0.011,0.01,-1.001,-0.88,-0.01,0,0
1.620,0,0.1,-0.1,0.011,0.011,-1.003,-0.88,-0.01,0,0
1.625,0,0.1,-0.1,0.012,0.011,-1.002,-0.88,-0.01,0,0
1.630,0,0,0,0.011,0.011,-1.005,-0.88,-0.01,0,0
1.635,0,0,0,0.012,0.011,-1.004,-0.88,-0.01,0,0
1.641,0,-0.1,0,0.011,0.012,-1.003,-0.89,-0.01,0,0
1.647,0,0,0,0.011,0.011,-1.004,-0.89,-0.01,0,0
1.653,0,0.1,0,0.01,0.011,-1.003,-0.89,-0.01,0,0
1.659,0,0,-0.1,0.011,0.01,-1.003,-0.89,-0.01,0,0
1.665,0,0.1,0,0.01,0.011,-1.003,-0.89,-0.01,0,0
1.671,0,0,0,0.011,0.011,-1.002,-0.89,-0.01,0,0
1.677,0.1,0,0,0.011,0.01,-1.002,-0.89,-0.01,0,0
1.684,0.1,0.1,0.1,0.011,0.01,-1.001,-0.89,-0.01,0,0
1.687,0,0,0,0.01,0.011,-1.002,-0.86,-0.01,0,0
1.690,0,-0.1,0,0.011,0.01,-1.002,-0.86,-0.01,0,0
1.694,0.1,0.1,0,0.011,0.01,-1.003,-0.86,-0.01,0,0
1.697,0.1,0,-0.1,0.012,0.01,-1.003,-0.86,-0.01,0,0
1.700,0,0,0,0.01,0.011,-1.003,-0.86,-0.01,0,0
1.704,0,0,0,0.011,0.01,-1.003,-0.86,-0.01,0,0
1.707,0,0.1,0,0.011,0.011,-1.002,-0.86,-0.01,0,0
1.710,0.1,0,0,0.011,0.011,-1.003,-0.86,-0.01,0,0
1.714,0.2,0,0,0.012,0.01,-1.003,-0.86,-0.01,0,0
1.717,0,0,-0.1,0.011,0.01,-1.004,-0.86,-0.01,0,0
1.720,0.1,0,-0.1,0.012,0.01,-1.004,-0.86,-0.01,0,0
1.724,0,0,-0.1,0.011,0.01,-1.004,-0.86,-0.01,0,0
1.727,0,0.1,-0.1,0.012,0.009,-1.003,-0.86,-0.01,0,0
1.731,0,0.1,0,0.013,0.009,-1.003,-0.86,-0.01,0,0
1.741,0,0,0,0.012,0.007,-1.004,-0.86,-0.01,0,0
1.752,0,0,0,0.012,0.01,-1.003,-0.86,-0.01,0,0
1.763,0,0,0,0.011,0.009,-1.003,-0.86,-0.01,0,0
1.773,0,0,0,0.011,0.009,-1.003,-0.86,-0.01,0,0
1.777,0,0,0,0.012,0.01,-1.004,-0.81,-0.01,0,0
1.780,0,0,0,0.013,0.011,-1.004,-0.81,-0.01,0,0
1.784,0.1,0,0,0.012,0.01,-1.004,-0.81,-0.01,0,0
1.787,-0.1,0,0,0.011,0.011,-1.003,-0.81,-0.01,0,0
1.791,0,0,0,0.009,0.011,-1.002,-0.81,-0.01,0,0
1.794,0.1,0,0,0.011,0.009,-1.003,-0.81,-0.01,0,0
1.797,0,0,0,0.011,0.01,-1.003,-0.81,-0.01,0,0
1.801,0.1,0,-0.1,0.012,0.009,-1.004,-0.81,-0.01,0,0
1.804,0,0,0.1,0.012,0.009,-1.004,-0.81,-0.01,0,0
1.808,0,0,0.1,0.011,0.009,-1.004,-0.81,-0.01,0,0
1.811,0,0.1,0,0.011,0.01,-1.003,-0.81,-0.01,0,0
1.814,0,0.1,0,0.012,0.01,-1.004,-0.81,-0.01,0,0
1.818,0,0,-0.1,0.011,0.01,-1.003,-0.81,-0.01,0,0
1.821,0.2,0.1,-0.1,0.01,0.009,-1.004,-0.81,-0.01,0,0
1.828,0,0.1,0,0.011,0.011,-1.003,-0.79,-0.01,0,0
1.834,0,0,0,0.011,0.011,-1.004,-0.79,-0.01,0,0
1.841,0,0,-0.1,0.011,0.01,-1.004,-0.79,-0.01,0,0
1.847,0,0.1,0,0.012,0.01,-1.003,-0.79,-0.01,0,0
1.853,0,0.1,0.1,0.012,0.009,-1.003,-0.79,-0.01,0,0
1.860,0.1,0,0,0.012,0.011,-1.003,-0.79,-0.01,0,0
1.866,0.1,0.1,0,0.011,0.011,-1.002,-0.79,-0.01,0,0
1.871,0,0,0,0.01,0.01,-1.002,-0.78,-0.01,0,0
1.876,0,0.1,0.1,0.011,0.009,-1.002,-0.78,-0.01,0,0
1.880,0,0.1,0,0.011,0.008,-1.002,-0.78,-0.01,0,0
1.885,0,0,0,0.011,0.009,-1.002,-0.78,-0.01,0,0
1.890,0.1,0,0,0.012,0.009,-1.002,-0.78,-0.01,0,0
1.895,0.1,0,0,0.012,0.01,-1.003,-0.78,-0.01,0,0
1.900,0,0,0,0.011,0.01,-1.003,-0.78,-0.01,0,0
1.904,0,0,0,0.011,0.01,-1.004,-0.78,-0.01,0,0
1.909,0,0,0,0.011,0.01,-1.004,-0.78,-0.01,0,0
1.914,0,0,-0.1,0.011,0.009,-1.005,-0.78,-0.01,0,0
1.919,0,-0.1,-0.1,0.011,0.01,-1.005,-0.78,-0.01,0,0
1.924,0,0,0,0.01,0.011,-1.004,-0.78,-0.01,0,0
1.929,0,0,0,0.011,0.01,-1.004,-0.78,-0.01,0,0
1.934,0,0.1,-0.1,0.009,0.01,-1.004,-0.78,-0.01,0,0
1.940,0,0,0,0.01,0.01,-1.004,-0.78,-0.01,0,0
1.945,0,0,0,0.011,0.01,-1.002,-0.78,-0.01,0,0
1.950,0,0,-0.1,0.011,0.01,-1.003,-0.78,-0.01,0,0
1.956,0,0.1,0,0.012,0.01,-1.002,-0.78,-0.01,0,0
1.961,0,0.1,0,0.011,0.01,-1.002,-0.78,-0.01,0,0
1.966,0,0,0,0.01,0.01,-1.002,-0.77,-0.01,0,0
1.971,-0.1,0,-0.1,0.011,0.011,-1.002,-0.77,-0.01,0,0
1.975,0,0,0,0.011,0.011,-1.002,-0.77,-0.01,0,0
1.980,0.1,0.1,0,0.012,0.01,-1.002,-0.77,-0.01,0,0
1.985,0,0,0,0.011,0.011,-1.002,-0.77,-0.01,0,0
1.990,0,-0.1,0,0.012,0.01,-1.002,-0.77,-0.01,0,0
1.995,0.1,0,0,0.012,0.01,-1.002,-0.77,-0.01,0,0
2.000,0,0,0.1,0.011,0.011,-1.002,-0.77,-0.01,0,0
2.004,0.1,0,0,0.011,0.012,-1.002,-0.77,-0.01,0,0
2.009,0.1,0,0,0.011,0.01,-1.002,-0.77,-0.01,0,0
2.014,0.1,0,0,0.011,0.01,-1.002,-0.76,-0.01,0,0
2.019,0,0,-0.2,0.011,0.01,-1.003,-0.76,-0.01,0,0
2.024,0,0,0,0.013,0.009,-1.002,-0.76,-0.01,0,0
2.029,0,0,-0.1,0.013,0.009,-1.003,-0.76,-0.01,0,0
2.033,0,0,-0.1,0.011,0.01,-1.003,-0.76,-0.01,0,0
2.038,0,0,-0.1,0.01,0.01,-1.003,-0.76,-0.01,0,0
2.043,0.1,0,-0.2,0.011,0.01,-1.003,-0.76,-0.01,0,0
2.048,0.1,0,-0.1,0.01,0.009,-1.003,-0.76,-0.01,0,0
2.053,0.1,0,-0.1,0.011,0.01,-1.003,-0.76,-0.01,0,0
2.058,-0.1,0.1,-0.1,0.011,0.009,-1.004,-0.76,-0.01,0,0
2.064,0.1,0,0,0.012,0.01,-1.004,-0.76,-0.01,0,0
2.070,0,0,-0.1,0.011,0.01,-1.004,-0.76,-0.01,0,0
2.076,0,0.1,0.1,0.012,0.011,-1.004,-0.76,-0.01,0,0
2.082,0,0,-0.1,0.012,0.01,-1.003,-0.76,-0.01,0,0
2.088,0,0.1,0.1,0.01,0.011,-1.003,-0.76,-0.01,0,0
2.094,0,0,0.2,0.01,0.012,-1.003,-0.76,-0.01,0,0
2.100,0,0,0.1,0.01,0.011,-1.003,-0.76,-0.01,0,0
2.106,0,0,0,0.01,0.011,-1.004,-0.76,-0.01,0,0
2.110,0,0,0,0.009,0.011,-1.004,-0.77,-0.01,0,0
2.115,-0.1,0,0,0.01,0.01,-1.004,-0.77,-0.01,0,0
2.119,0,0.1,-0.1,0.011,0.01,-1.004,-0.77,-0.01,0,0
2.123,-0.1,0,0,0.013,0.009,-1.003,-0.77,-0.01,0,0
2.127,0.1,0,-0.1,0.012,0.009,-1.003,-0.77,-0.01,0,0
2.131,0,0,0,0.013,0.011,-1.002,-0.77,-0.01,0,0
2.135,0.1,0,0,0.012,0.009,-1.003,-0.77,-0.01,0,0
2.139,0,0.1,0,0.011,0.01,-1.003,-0.77,-0.01,0,0
2.144,-0.1,0,-0.1,0.012,0.01,-1.003,-0.77,-0.01,0,0
2.148,0,0,-0.1,0.011,0.01,-1.002,-0.77,-0.01,0,0
2.155,0,0,0,0.012,0.01,-1.002,-0.79,-0.01,0,0
2.162,0,0.1,0.1,0.012,0.011,-1.002,-0.79,-0.01,0,0
2.169,-0.1,0,-0.1,0.012,0.011,-1.003,-0.79,-0.01,0,0
2.176,0,0.1,0,0.011,0.011,-1.003,-0.79,-0.01,0,0
2.183,0,-0.1,0,0.011,0.01,-1.002,-0.79,-0.01,0,0
2.190,0.1,0,0,0.011,0.011,-1.003,-0.79,-0.01,0,0
2.197,0,0,0,0.011,0.01,-1.003,-0.79,-0.01,0,0
2.200,0,0,0,0.012,0.01,-1.003,-0.85,-0.01,0,0
2.203,0,0,0,0.012,0.009,-1.002,-0.85,-0.01,0,0
2.206,-0.1,0.1,-0.1,0.013,0.011,-1.002,-0.85,-0.01,0,0
2.209,0.1,0,0.1,0.011,0.009,-1.001,-0.85,-0.01,0,0
2.213,0,0,-0.1,0.01,0.011,-1.002,-0.85,-0.01,0,0
2.216,0,0,0,0.01,0.011,-1.003,-0.85,-0.01,0,0
2.219,0.1,0,0,0.011,0.011,-1.002,-0.85,-0.01,0,0
2.222,0,0.1,0,0.012,0.009,-1.003,-0.85,-0.01,0,0
2.225,0,0,-0.1,0.011,0.01,-1.003,-0.85,-0.01,0,0
2.228,-0.2,0,0,0.012,0.01,-1.004,-0.85,-0.01,0,0
2.232,0,0,-0.1,0.011,0.009,-1.005,-0.85,-0.01,0,0
2.235,0,0.1,0,0.011,0.01,-1.004,-0.85,-0.01,0,0
2.238,0,0.1,-0.1,0.011,0.011,-1.005,-0.85,-0.01,0,0
2.241,0,0.1,0,0.01,0.01,-1.005,-0.85,-0.01,0,0
2.244,0,0.1,0,0.01,0.009,-1.005,-0.85,-0.01,0,0
2.251,0,0,0,0.01,0.009,-1.005,-0.86,-0.01,0,0
2.257,0,0,-0.1,0.011,0.009,-1.004,-0.86,-0.01,0,0
2.264,0,-0.1,0.1,0.01,0.011,-1.005,-0.86,-0.01,0,0
2.270,0.1,0,0.1,0.01,0.011,-1.005,-0.86,-0.01,0,0
2.276,0,0,0,0.011,0.01,-1.005,-0.86,-0.01,0,0
2.283,0.1,0,0,0.012,0.009,-1.003,-0.86,-0.01,0,0
2.289,0.1,0,0,0.012,0.01,-1.004,-0.86,-0.01,0,0
2.293,0.1,0,0.1,0.011,0.01,-1.004,-0.84,-0.01,0,0
2.298,0.1,0.1,0,0.012,0.01,-1.005,-0.84,-0.01,0,0
2.302,0.1,0,0,0.011,0.01,-1.004,-0.84,-0.01,0,0
2.306,0,0,0,0.012,0.01,-1.004,-0.84,-0.01,0,0
2.311,0.1,0.1,0,0.012,0.011,-1.003,-0.84,-0.01,0,0
2.315,0,0,0,0.01,0.01,-1.004,-0.84,-0.01,0,0
2.319,0,0.1,-0.2,0.011,0.009,-1.004,-0.84,-0.01,0,0
2.323,0.1,0,0,0.011,0.011,-1.004,-0.84,-0.01,0,0
2.328,0,0.1,-0.1,0.011,0.01,-1.003,-0.84,-0.01,0,0
2.332,0,0,-0.2,0.01,0.01,-1.004,-0.84,-0.01,0,0
2.336,0,0,-0.1,0.01,0.01,-1.004,-0.84,-0.01,0,0
2.343,0,0,-0.1,0.01,0.01,-1.003,-0.83,-0.01,0,0
2.350,0,0.1,-0.1,0.011,0.011,-1.004,-0.83,-0.01,0,0
2.357,0,0,0,0.011,0.011,-1.003,-0.83,-0.01,0,0
2.364,0,0,0,0.01,0.01,-1.002,-0.83,-0.01,0,0
2.371,0,0,0,0.012,0.011,-1.004,-0.83,-0.01,0,0
2.377,0,0,0,0.011,0.011,-1.004,-0.83,-0.01,0,0
2.384,0,0,0,0.012,0.011,-1.004,-0.83,-0.01,0,0
2.389,0.1,0,0.1,0.01,0.011,-1.004,-0.81,-0.01,0,0
2.393,0,0.1,0,0.011,0.01,-1.003,-0.81,-0.01,0,0
2.397,0,0.1,-0.1,0.011,0.01,-1.004,-0.81,-0.01,0,0
2.402,0,0,0,0.011,0.01,-1.003,-0.81,-0.01,0,0
2.406,-0.1,0,0,0.011,0.011,-1.004,-0.81,-0.01,0,0
2.411,0,0.1,0,0.011,0.01,-1.003,-0.81,-0.01,0,0
2.415,0,-0.1,0,0.01,0.01,-1.003,-0.81,-0.01,0,0
2.419,0.1,-0.1,0,0.011,0.01,-1.004,-0.81,-0.01,0,0
2.424,0,0,-0.1,0.012,0.01,-1.005,-0.81,-0.01,0,0
2.428,0,0,0,0.011,0.011,-1.003,-0.81,-0.01,0,0
2.433,0,0,0,0.011,0.011,-1.003,-0.81,-0.01,0,0
2.440,0.2,0,-0.1,0.012,0.01,-1.003,-0.8,-0.01,0,0
2.447,0,0.1,0,0.013,0.01,-1.003,-0.8,-0.01,0,0
2.453,-0.1,0,0,0.012,0.01,-1.003,-0.8,-0.01,0,0
2.460,0,0,0,0.011,0.011,-1.003,-0.8,-0.01,0,0
2.467,0,0,0,0.011,0.01,-1.003,-0.8,-0.01,0,0
2.474,0,0.1,0.1,0.012,0.01,-1.004,-0.8,-0.01,0,0
2.481,-0.1,0,-0.1,0.011,0.01,-1.003,-0.8,-0.01,0,0
2.485,0,0,0,0.01,0.011,-1.003,-0.8,-0.01,0,0
2.489,0.2,0,0.1,0.011,0.01,-1.002,-0.8,-0.01,0,0
2.493,0,0,0.1,0.012,0.01,-1.002,-0.8,-0.01,0,0
2.497,0,0,0,0.011,0.009,-1.001,-0.8,-0.01,0,0
2.500,0.1,0,0.1,0.011,0.009,-1.001,-0.8,-0.01,0,0
2.504,0.1,0,0,0.012,0.01,-1.001,-0.8,-0.01,0,0
2.508,0.1,0,0.1,0.01,0.01,-1.001,-0.8,-0.01,0,0
2.512,-0.1,0,-0.1,0.012,0.009,-1.002,-0.8,-0.01,0,0
2.515,0,0.1,-0.1,0.011,0.009,-1.003,-0.8,-0.01,0,0
2.519,0,0,-0.1,0.012,0.009,-1.002,-0.8,-0.01,0,0
2.523,0.9,-0.1,0,0.01,0.009,-1.001,-0.8,-0.01,0,0
2.530,1.2,0,0.3,0.01,0.011,-1.002,-0.83,-0.01,0,0
2.537,0.5,-0.1,0.2,0.014,0.016,-1.005,-0.83,-0.01,0,0
2.544,0.9,-0.1,0.1,0.014,0.012,-1,-0.83,-0.01,0,0
2.550,0,0.2,0.4,0.007,0.007,-1.004,-0.83,-0.01,0,0
2.557,-0.4,0,0.3,0.01,0.005,-1.004,-0.83,-0.01,0,0
2.564,-0.2,-0.1,0,0.013,0.007,-0.998,-0.83,-0.01,0,0
2.571,0,0.3,0.3,0.01,0.013,-1.006,-0.83,-0.01,0,0
2.576,0.1,0,0,0.009,0.019,-1.004,-0.85,-0.01,0,0
2.581,-0.5,-0.8,-0.5,0.013,0.012,-1.002,-0.85,-0.01,0,0
2.586,-0.3,-0.5,-0.7,0.014,0.001,-0.996,-0.85,-0.01,0,0
2.591,-0.4,0.3,-1.2,0.01,-0.001,-1.006,-0.85,-0.01,0,0
2.596,-0.9,-0.1,-1.4,0.012,0.013,-1.005,-0.85,-0.01,0,0
2.600,-0.6,0,-1.4,0.01,0.016,-0.996,-0.85,-0.01,0,0
2.605,0.6,1.2,-0.7,0.006,0.008,-1.005,-0.85,-0.01,0,0
2.610,0.8,0,0,0.014,0.009,-0.991,-0.85,-0.01,0,0
2.615,-0.6,-0.2,1,0.009,0.01,-1.008,-0.85,-0.01,0,0
2.620,-0.8,-0.4,2.5,0.008,0.021,-1.003,-0.85,-0.01,0,0
2.624,-0.9,-0.2,3.2,0.016,0.012,-1.003,-0.9,0,0,0
2.629,-1.1,0,3.9,0.013,0.002,-0.998,-0.9,0,0,0
2.633,-0.7,0.4,4.5,0.006,0.01,-0.996,-0.9,0,0,0
2.637,-1.2,0.3,4.7,0.005,0.017,-1.006,-0.9,0,0,0
2.642,-0.1,0.4,4.6,0.011,0.017,-1.001,-0.9,0,0,0
2.646,1,0.7,4.7,0.017,0.007,-1.002,-0.9,0,0,0
2.650,1.9,0,4,0.014,0.006,-0.998,-0.9,0,0,0
2.655,1.5,-0.7,3.2,0.007,0.011,-1,-0.9,0,0,0
2.659,0.9,-0.9,2.7,0.007,0.012,-1.005,-0.9,0,0,0
2.663,0.7,-0.3,1.4,0.015,0.004,-1.005,-0.9,0,0,0
2.668,0.1,0,0.3,0.017,0,-1.002,-0.9,0,0,0
2.674,-0.6,0,-0.6,0.007,0.008,-0.999,-0.9,0,0,0
2.680,-1.1,0.2,-1.7,0.004,0.015,-1.002,-0.9,0,0,0
2.686,-0.3,0.4,-2.8,0.01,0.009,-1.005,-0.9,0,0,0
2.692,0.2,0.7,-3.8,0.017,0.006,-1.007,-0.9,0,0,0
2.699,0.2,0.1,-4.6,0.017,0.012,-1.002,-0.9,0,0,0
2.705,0,-0.7,-5,0.01,0.017,-1,-0.9,0,0,0
2.711,-0.4,-1,-5,0.01,0.012,-1.002,-0.9,0,0,0
2.715,-0.4,-0.1,-4.6,0.016,0.005,-1.007,-0.89,0,0,0
2.719,-0.6,0.4,-4.2,0.014,0.008,-1.005,-0.89,0,0,0
2.723,-0.6,0.5,-3.6,0.009,0.015,-1.002,-0.89,0,0,0
2.728,-0.3,0.8,-2.9,0.007,0.015,-0.999,-0.89,0,0,0
2.732,0.2,0.7,-2.1,0.011,0.011,-1.001,-0.89,0,0,0
2.736,0.5,0.7,-1.2,0.015,0.008,-1.004,-0.89,0,0,0
2.740,0.2,0,-0.4,0.013,0.012,-1.003,-0.89,0,0,0
2.744,-0.3,-0.6,0,0.009,0.014,-1.001,-0.89,0,0,0
2.748,0,-0.5,0.6,0.011,0.008,-0.999,-0.89,0,0,0
2.753,0.3,0,0.9,0.013,0.007,-1.002,-0.89,0,0,0
2.757,0.2,0.6,1.5,0.01,0.012,-1.006,-0.89,0,0,0
2.761,0.4,0.3,1.4,0.005,0.017,-1.004,-0.9,0,0,0
2.766,0.3,-0.1,0.3,0.008,0.017,-1.002,-0.9,0,0,0
2.771,0.7,-0.5,-0.7,0.015,0.012,-0.999,-0.9,0,0,0
2.775,1.2,-0.8,-1.7,0.018,0.006,-1.003,-0.9,0,0,0
2.780,1.2,-1.4,-2.6,0.015,0.006,-1.004,-0.9,0,0,0
2.785,0.9,-1.2,-2.9,0.01,0.01,-1.005,-0.9,0,0,0
2.789,0.7,0,-2.8,0.012,0.008,-1.002,-0.9,0,0,0
2.794,0.4,0.9,-2,0.013,0.005,-1.001,-0.9,0,0,0
2.799,0.2,1.3,-0.8,0.009,0.005,-1.005,-0.9,0,0,0
2.803,-0.1,1,0.4,0.006,0.009,-1.006,-0.9,0,0,0
2.808,0,0.4,1.8,0.01,0.01,-1.006,-0.9,0,0,0
2.815,0,-0.2,3.3,0.016,0.013,-1,-0.9,0,0,0
2.822,0,-0.8,4.6,0.016,0.013,-1,-0.9,0,0,0
2.828,0.2,-0.9,5.5,0.009,0.01,-1.002,-0.9,0,0,0
2.835,0,-0.5,5.9,0.006,0.006,-1.007,-0.9,0,0,0
2.842,-0.4,0.4,5.7,0.01,0.006,-1.006,-0.9,0,0,0
2.849,-0.7,1.5,5.4,0.013,0.008,-1.002,-0.9,0,0,0
2.856,-1.1,1.8,4.6,0.013,0.01,-1.002,-0.9,0,0,0
2.860,-1.1,1.5,3.5,0.009,0.009,-1.004,-0.88,0,0,0
2.864,-1.1,1,2.3,0.011,0.007,-1.006,-0.88,0,0,0
2.868,-0.8,0.4,1,0.014,0.007,-1.005,-0.88,0,0,0
2.872,-0.8,-0.4,-0.3,0.015,0.011,-1.002,-0.88,0,0,0
2.876,-0.8,-0.7,-1.2,0.013,0.011,-1.002,-0.88,0,0,0
2.880,-0.7,-0.8,-2.4,0.009,0.01,-1.005,-0.88,0,0,0
2.884,-0.4,0,-2.7,0.009,0.012,-1.008,-0.88,0,0,0
2.888,-0.4,0.5,-3.2,0.009,0.014,-1.007,-0.88,0,0,0
2.891,-0.1,1.2,-3.9,0.01,0.014,-1.006,-0.88,0,0,0
2.895,0,0.7,-3.5,0.009,0.015,-1.005,-0.88,0,0,0
2.899,0,0,-2.9,0.011,0.013,-1.007,-0.88,0,0,0
2.906,0.1,-0.8,-2.7,0.017,0.014,-1.011,-0.85,0,0,0
2.913,0.1,-1.4,-1.8,0.021,0.017,-1.01,-0.85,0,0,0
2.920,-0.1,-1.4,-1,0.018,0.018,-1.006,-0.85,0,0,0
2.927,0.4,-1,-0.6,0.012,0.013,-1.005,-0.85,0,0,0
2.933,0.6,-0.1,0,0.007,0.009,-1.003,-0.85,0,0,0
2.940,0.5,0.9,1,0.007,0.006,-1.01,-0.85,0,0,0
2.947,0.3,1,1.2,0.012,0.011,-1.01,-0.85,0,0,0
2.952,-0.1,0.5,1.4,0.015,0.013,-1.007,-0.84,0.01,0,0
2.956,-0.3,-0.4,1.6,0.019,0.014,-1.005,-0.84,0.01,0,0
2.960,-0.3,-1.4,1.2,0.022,0.015,-1.004,-0.84,0.01,0,0
2.965,-0.3,-1.7,0.7,0.021,0.012,-1.014,-0.84,0.01,0,0
2.969,-0.3,-2,0,0.028,0,-1.03,-0.84,0.01,0,0
2.973,0.7,-1.4,-0.6,0.039,-0.002,-1.047,-0.84,0.01,0,0
2.978,1.1,-0.4,-0.5,0.057,0.004,-1.048,-0.84,0.01,0,0
2.982,0.5,-1.9,-2.6,0.069,0.001,-1.057,-0.84,0.01,0,0
2.987,2.1,-2.1,-2.7,0.059,0.021,-1.085,-0.84,0.01,0,0
2.991,0.4,-3.4,-2.9,0.049,0.007,-1.106,-0.84,0.01,0,0
2.995,1.8,-4.2,-4.1,0.041,0.012,-1.105,-0.84,0.01,0,0
3.002,0.6,-6.3,-5,0.028,0.006,-1.088,-0.82,0.05,0,0
3.009,-3.5,-8.3,-6.2,0.035,-0.012,-1.091,-0.82,0.05,0,0
3.016,-1.4,-11.4,-4.8,0.026,0.01,-1.104,-0.82,0.05,0,0
3.023,-7.9,-14.6,-6.5,0.032,-0.034,-1.114,-0.82,0.05,0,0
3.030,-6.6,-18.5,-8.9,0.029,-0.018,-1.112,-0.82,0.05,0,0
3.036,-6.4,-21.3,-3.6,0.022,0.009,-1.137,-0.82,0.05,0,0
3.043,-7.1,-25.5,-9.8,0.029,-0.02,-1.145,-0.82,0.05,0,0
3.047,-3.1,-27.2,-7.3,0.02,0.01,-1.145,-0.81,0.11,-0.02,0.06
3.051,-2,-30.7,-8.4,0.013,0.009,-1.135,-0.81,0.11,-0.02,0.06
3.055,-2.3,-33.9,-6.3,0.011,-0.001,-1.137,-0.81,0.11,-0.02,0.06
3.059,-0.4,-36,-9.2,0.008,0.002,-1.136,-0.81,0.11,-0.02,0.06
3.063,-1.8,-40.1,-7.3,0.014,-0.011,-1.12,-0.81,0.11,-0.02,0.06
3.066,-4.4,-42.3,-5.4,0.017,-0.013,-1.107,-0.81,0.11,-0.02,0.06
3.070,-3.8,-45,-7.6,0.026,-0.004,-1.091,-0.81,0.11,-0.02,0.06
3.074,-7.8,-46.6,-5.2,0.03,-0.011,-1.086,-0.81,0.11,-0.02,0.06
3.078,-7,-48.7,-5.5,0.029,0.014,-1.076,-0.81,0.11,-0.02,0.06
3.082,-7,-49.7,-3.4,0.031,0.029,-1.072,-0.81,0.11,-0.02,0.06
3.086,-7.8,-49.9,-4.8,0.023,0.029,-1.068,-0.81,0.11,-0.02,0.06
3.091,-4.8,-50.4,-2.2,0.012,0.052,-1.067,-0.8,0.14,0,0.07
3.095,-5.5,-50.2,-2.6,0.001,0.048,-1.073,-0.8,0.14,0,0.07
3.100,-3.9,-49.7,-2.3,-0.009,0.043,-1.081,-0.8,0.14,0,0.07
3.105,-4,-48.6,-1.6,-0.027,0.044,-1.083,-0.8,0.14,0,0.07
3.110,-4.2,-48.2,-1.2,-0.041,0.033,-1.082,-0.8,0.14,0,0.07
3.115,-5.9,-45.9,-1,-0.068,0.023,-1.092,-0.8,0.14,0,0.07
3.119,-5.3,-44.5,-1,-0.082,0.023,-1.1,-0.8,0.14,0,0.07
3.124,-7.5,-43,-0.1,-0.095,0.006,-1.103,-0.8,0.14,0,0.07
3.129,-7.5,-40,0,-0.118,0.01,-1.105,-0.8,0.14,0,0.07
3.134,-7.2,-38.5,0.3,-0.132,0.01,-1.103,-0.8,0.14,0,0.07
3.141,-8.1,-36.2,0.3,-0.147,0.003,-1.111,-0.82,0.2,0,0.12
3.148,-5.5,-33.6,0.5,-0.17,0.021,-1.118,-0.82,0.2,0,0.12
3.155,-6.5,-31.5,-0.1,-0.181,0.017,-1.123,-0.82,0.2,0,0.12
3.161,-4.5,-29.3,-0.2,-0.193,0.023,-1.129,-0.82,0.2,0,0.12
3.168,-3.9,-26.4,-0.6,-0.202,0.03,-1.144,-0.82,0.2,0,0.12
3.175,-3.5,-23.5,0.2,-0.201,0.031,-1.161,-0.82,0.2,0,0.12
3.182,-2.2,-20.5,-0.4,-0.207,0.046,-1.175,-0.82,0.2,0,0.12
3.186,-1.8,-17.1,0.3,-0.21,0.054,-1.188,-0.82,0.29,0,0.02
3.190,-1.2,-14.4,-0.1,-0.208,0.062,-1.198,-0.82,0.29,0,0.02
3.193,-0.3,-10.2,0.3,-0.207,0.08,-1.21,-0.82,0.29,0,0.02
3.197,0,-7.4,0,-0.2,0.088,-1.212,-0.82,0.29,0,0.02
3.200,0.2,-3.1,-0.2,-0.192,0.098,-1.205,-0.82,0.29,0,0.02
3.204,1.1,0.5,-0.4,-0.187,0.108,-1.19,-0.82,0.29,0,0.02
3.208,0.7,4.1,-0.9,-0.174,0.104,-1.17,-0.82,0.29,0,0.02
3.211,1.3,8.3,-0.6,-0.169,0.103,-1.15,-0.82,0.29,0,0.02
3.215,1.3,11.8,-1.2,-0.16,0.094,-1.122,-0.82,0.29,0,0.02
3.218,0.7,15.1,-0.8,-0.151,0.079,-1.093,-0.82,0.29,0,0.02
3.222,1,18.6,-1.5,-0.144,0.068,-1.069,-0.82,0.29,0,0.02
3.226,0.1,21.9,-1.3,-0.133,0.047,-1.056,-0.82,0.29,0,0.02
3.229,0,24.5,-2.2,-0.121,0.029,-1.045,-0.82,0.29,0,0.02
3.238,0,27.8,-2.6,-0.116,0.017,-1.041,-0.79,0.31,0,0
3.247,-0.3,30,-3.4,-0.113,0.003,-1.04,-0.79,0.31,0,0
3.255,0.3,32.4,-3.9,-0.111,0,-1.048,-0.79,0.31,0,0
3.264,1.2,34.4,-4.2,-0.114,-0.002,-1.063,-0.79,0.31,0,0
3.273,1.8,36.1,-4.8,-0.114,-0.005,-1.079,-0.79,0.31,0,0
3.276,2.7,37.5,-4.5,-0.116,-0.004,-1.093,-0.77,0.39,0.03,0
3.280,3,38.6,-4.5,-0.118,-0.006,-1.111,-0.77,0.39,0.03,0
3.283,2.3,39.4,-4.3,-0.12,-0.01,-1.128,-0.77,0.39,0.03,0
3.287,1.9,39.9,-4.2,-0.124,-0.006,-1.141,-0.77,0.39,0.03,0
3.290,0.6,39.7,-3.9,-0.121,-0.007,-1.146,-0.77,0.39,0.03,0
3.294,-0.7,39.3,-3.9,-0.117,-0.003,-1.148,-0.77,0.39,0.03,0
3.297,-1.2,38.8,-3.5,-0.109,0,-1.148,-0.77,0.39,0.03,0
3.300,-2.9,36.9,-3.3,-0.098,0.002,-1.144,-0.77,0.39,0.03,0
3.304,-2.9,35.5,-3.2,-0.084,0.008,-1.135,-0.77,0.39,0.03,0
3.307,-3.1,33.6,-3.2,-0.067,0.01,-1.122,-0.77,0.39,0.03,0
3.311,-3.1,31.4,-3.1,-0.049,0.01,-1.111,-0.77,0.39,0.03,0
3.314,-2.6,29,-3.3,-0.032,0.011,-1.105,-0.77,0.39,0.03,0
3.318,-2.6,26.5,-3.4,-0.017,0.008,-1.102,-0.77,0.39,0.03,0
3.321,-2.4,23.7,-3.5,-0.004,0.002,-1.096,-0.77,0.39,0.03,0
3.327,-2.4,21.2,-3.4,0.005,-0.002,-1.094,-0.79,0.42,0.1,0.14
3.333,-3.1,18.4,-3.3,0.012,-0.009,-1.096,-0.79,0.42,0.1,0.14
3.338,-3.5,15.7,-2.9,0.017,-0.012,-1.1,-0.79,0.42,0.1,0.14
3.344,-3.8,12.9,-2.5,0.021,-0.013,-1.1,-0.79,0.42,0.1,0.14
3.350,-4.1,10.7,-2,0.023,-0.012,-1.098,-0.79,0.42,0.1,0.14
3.356,-3.7,8.4,-1.2,0.022,-0.005,-1.097,-0.79,0.42,0.1,0.14
3.361,-3.4,6.1,-0.6,0.022,0.001,-1.098,-0.79,0.42,0.1,0.14
3.367,-2.6,4.6,0.3,0.017,0.005,-1.1,-0.79,0.42,0.1,0.14
3.372,-2.1,2.6,1.4,0.011,0.01,-1.097,-0.79,0.46,0.03,-0.03
3.376,-1.5,1,1.8,0.001,0.008,-1.097,-0.79,0.46,0.03,-0.03
3.381,-1.4,-0.6,2.5,-0.009,0.006,-1.098,-0.79,0.46,0.03,-0.03
3.386,-1.4,-2.1,2.9,-0.017,0.005,-1.099,-0.79,0.46,0.03,-0.03
3.390,-1.7,-3.6,3.4,-0.023,0.001,-1.097,-0.79,0.46,0.03,-0.03
3.395,-1.8,-5.1,3.9,-0.029,-0.001,-1.096,-0.79,0.46,0.03,-0.03
3.400,-2.3,-6.3,4.3,-0.034,-0.003,-1.097,-0.79,0.46,0.03,-0.03
3.404,-2.6,-7.5,4.7,-0.038,-0.003,-1.1,-0.79,0.46,0.03,-0.03
3.409,-2.5,-8.5,4.9,-0.041,-0.001,-1.102,-0.79,0.46,0.03,-0.03
3.413,-2.5,-9.5,5,-0.042,0,-1.101,-0.79,0.46,0.03,-0.03
3.419,-2.2,-9.9,5,-0.043,0.003,-1.102,-0.78,0.5,-0.16,0.16
3.425,-1.8,-10.3,5,-0.045,0.007,-1.106,-0.78,0.5,-0.16,0.16
3.431,-1.8,-10.5,5.2,-0.046,0.008,-1.111,-0.78,0.5,-0.16,0.16
3.438,-1.7,-10.5,5.3,-0.054,0.013,-1.114,-0.78,0.5,-0.16,0.16
3.444,-1.7,-10.3,5.4,-0.061,0.016,-1.117,-0.78,0.5,-0.16,0.16
3.450,-1.8,-10.1,5.9,-0.068,0.019,-1.121,-0.78,0.5,-0.16,0.16
3.456,-1.7,-9.4,6.5,-0.073,0.025,-1.127,-0.78,0.5,-0.16,0.16
3.462,-1.7,-8.7,6.8,-0.076,0.031,-1.13,-0.78,0.5,-0.16,0.16
3.466,-1.3,-7.8,7.5,-0.079,0.038,-1.13,-0.8,0.55,0.09,0
3.471,-0.9,-6.7,7.9,-0.08,0.042,-1.127,-0.8,0.55,0.09,0
3.476,-0.3,-5.6,8.3,-0.08,0.045,-1.123,-0.8,0.55,0.09,0
3.481,0.1,-4.3,8.4,-0.08,0.047,-1.118,-0.8,0.55,0.09,0
3.485,0.7,-3.1,8.5,-0.082,0.046,-1.108,-0.8,0.55,0.09,0
3.490,0.9,-1.9,8.4,-0.079,0.042,-1.096,-0.8,0.55,0.09,0
3.495,0.7,-0.8,8.2,-0.076,0.038,-1.084,-0.8,0.55,0.09,0
3.500,0.4,0.4,7.6,-0.071,0.032,-1.074,-0.8,0.55,0.09,0
3.504,0,1.2,7.5,-0.065,0.028,-1.063,-0.8,0.55,0.09,0
3.509,-0.7,2.3,7,-0.059,0.024,-1.052,-0.8,0.55,0.09,0
3.515,-1.4,2.9,6.4,-0.05,0.021,-1.047,-0.79,0.56,0,0.05
3.521,-2,3.9,5.9,-0.042,0.022,-1.046,-0.79,0.56,0,0.05
3.528,-2.5,4.5,5.4,-0.035,0.025,-1.049,-0.79,0.56,0,0.05
3.534,-2.3,5.4,4.9,-0.032,0.029,-1.053,-0.79,0.56,0,0.05
3.540,-2.4,6,4.5,-0.031,0.034,-1.058,-0.79,0.56,0,0.05
3.546,-2.3,6.8,4.3,-0.035,0.039,-1.068,-0.79,0.56,0,0.05
3.552,-2.3,7.5,4.3,-0.041,0.045,-1.079,-0.79,0.56,0,0.05
3.558,-2,8.2,4.6,-0.045,0.051,-1.088,-0.79,0.56,0,0.05
3.563,-2,8.7,5,-0.049,0.057,-1.095,-0.75,0.61,-0.11,-0.05
3.568,-1.7,9.3,5.7,-0.052,0.063,-1.101,-0.75,0.61,-0.11,-0.05
3.573,-1.3,9.8,6.5,-0.052,0.068,-1.107,-0.75,0.61,-0.11,-0.05
3.578,-0.9,10.1,7.5,-0.051,0.072,-1.111,-0.75,0.61,-0.11,-0.05
3.583,-0.1,10.1,8.2,-0.05,0.077,-1.108,-0.75,0.61,-0.11,-0.05
3.588,0.6,10,8.6,-0.045,0.079,-1.104,-0.75,0.61,-0.11,-0.05
3.593,1.7,9.8,9.1,-0.037,0.079,-1.098,-0.75,0.61,-0.11,-0.05
3.598,3.1,9.3,9.5,-0.031,0.078,-1.091,-0.75,0.61,-0.11,-0.05
3.603,3.8,9,9.5,-0.021,0.073,-1.081,-0.75,0.61,-0.11,-0.05
3.608,4.9,8.6,9.2,-0.013,0.069,-1.07,-0.75,0.61,-0.11,-0.05
3.614,5.4,7.7,8.8,-0.004,0.062,-1.061,-0.66,0.64,-0.12,0.24
3.619,5.7,7.3,8.4,0.002,0.053,-1.054,-0.66,0.64,-0.12,0.24
3.625,5.9,6.5,7.8,0.009,0.045,-1.049,-0.66,0.64,-0.12,0.24
3.630,5.6,5.9,7.6,0.012,0.042,-1.045,-0.66,0.64,-0.12,0.24
3.636,5.4,5.3,7.3,0.012,0.036,-1.042,-0.66,0.64,-0.12,0.24
3.641,4.9,4.7,7,0.011,0.032,-1.041,-0.66,0.64,-0.12,0.24
3.646,4.9,4.1,7,0.006,0.031,-1.041,-0.66,0.64,-0.12,0.24
3.652,4.6,3.7,6.8,0,0.031,-1.04,-0.66,0.64,-0.12,0.24
3.657,4.8,3.2,6.9,-0.005,0.033,-1.039,-0.66,0.64,-0.12,0.24
3.663,4.8,2.8,7,-0.011,0.035,-1.039,-0.66,0.64,-0.12,0.24
3.668,5.1,2.3,7.4,-0.017,0.038,-1.04,-0.66,0.64,-0.12,0.24
3.672,5.7,2,8.2,-0.021,0.041,-1.04,-0.6,0.65,0.14,-0.14
3.676,5.8,1.6,8.6,-0.023,0.043,-1.039,-0.6,0.65,0.14,-0.14
3.680,6.2,1.2,9.1,-0.026,0.045,-1.038,-0.6,0.65,0.14,-0.14
3.684,6.6,0.7,9.5,-0.025,0.046,-1.036,-0.6,0.65,0.14,-0.14
3.687,7.1,0.1,10.1,-0.022,0.048,-1.038,-0.6,0.65,0.14,-0.14
3.691,7.4,-0.4,10.3,-0.015,0.05,-1.038,-0.6,0.65,0.14,-0.14
3.695,8,-1.1,10.8,-0.009,0.05,-1.038,-0.6,0.65,0.14,-0.14
3.699,8.3,-1.9,10.8,-0.002,0.048,-1.039,-0.6,0.65,0.14,-0.14
3.703,8.5,-2.7,10.6,0.003,0.044,-1.044,-0.6,0.65,0.14,-0.14
3.707,8.9,-3.6,10.4,0.01,0.043,-1.049,-0.6,0.65,0.14,-0.14
3.711,9.2,-4.1,10.2,0.015,0.04,-1.052,-0.6,0.65,0.14,-0.14
3.717,9,-5,9.8,0.018,0.037,-1.056,-0.58,0.67,-0.37,0
3.724,9,-5.6,9.4,0.016,0.033,-1.06,-0.58,0.67,-0.37,0
3.731,8.5,-6.1,8.6,0.01,0.03,-1.064,-0.58,0.67,-0.37,0
3.738,7.9,-6.7,8.1,0.004,0.026,-1.066,-0.58,0.67,-0.37,0
3.745,7.4,-7,7.6,-0.003,0.023,-1.064,-0.58,0.67,-0.37,0
3.752,7.1,-6.8,7.5,-0.011,0.02,-1.062,-0.58,0.67,-0.37,0
3.759,6.6,-6.7,7,-0.02,0.021,-1.058,-0.58,0.67,-0.37,0
3.762,6.5,-6.5,7,-0.028,0.023,-1.053,-0.61,0.69,-0.16,0
3.765,6.5,-6.2,6.9,-0.037,0.024,-1.045,-0.61,0.69,-0.16,0
3.769,7,-5.8,6.9,-0.042,0.025,-1.037,-0.61,0.69,-0.16,0
3.772,7.5,-5.3,7.1,-0.043,0.027,-1.031,-0.61,0.69,-0.16,0
3.776,8.2,-5,7.4,-0.041,0.028,-1.024,-0.61,0.69,-0.16,0
3.779,9.2,-4.5,7.6,-0.039,0.029,-1.02,-0.61,0.69,-0.16,0
3.782,10,-4.1,7.9,-0.035,0.028,-1.018,-0.61,0.69,-0.16,0
3.786,10.3,-4.2,8,-0.03,0.026,-1.019,-0.61,0.69,-0.16,0
3.789,10.9,-4.5,7.9,-0.025,0.023,-1.023,-0.61,0.69,-0.16,0
3.792,10.8,-4.8,7.8,-0.019,0.017,-1.028,-0.61,0.69,-0.16,0
3.796,10.7,-5.2,7.9,-0.013,0.009,-1.032,-0.61,0.69,-0.16,0
3.799,10.3,-5.6,7.7,-0.009,0.004,-1.038,-0.61,0.69,-0.16,0
3.802,10,-6.1,7.3,-0.007,0,-1.045,-0.61,0.69,-0.16,0
3.806,9.4,-6.7,6.6,-0.005,-0.006,-1.052,-0.61,0.69,-0.16,0
3.811,9,-7.1,5.5,-0.007,-0.008,-1.056,-0.62,0.7,-0.08,1.31
3.817,8.3,-7.3,4.3,-0.015,-0.011,-1.058,-0.62,0.7,-0.08,1.31
3.823,7.4,-7.8,3,-0.028,-0.014,-1.058,-0.62,0.7,-0.08,1.31
3.828,6.8,-8.1,1.7,-0.044,-0.016,-1.057,-0.62,0.7,-0.08,1.31
3.834,5.6,-8.4,0.4,-0.057,-0.018,-1.053,-0.62,0.7,-0.08,1.31
3.839,4.6,-8.6,-0.6,-0.067,-0.016,-1.047,-0.62,0.7,-0.08,1.31
3.845,3.6,-8.8,-1.5,-0.077,-0.015,-1.041,-0.62,0.7,-0.08,1.31
3.850,2.4,-8.8,-2.3,-0.081,-0.016,-1.036,-0.62,0.7,-0.08,1.31
3.855,1.5,-8.9,-3.2,-0.085,-0.015,-1.031,-0.63,0.72,0,0.09
3.860,0.7,-8.6,-3.6,-0.086,-0.011,-1.029,-0.63,0.72,0,0.09
3.865,0,-8.5,-3.9,-0.085,-0.007,-1.027,-0.63,0.72,0,0.09
3.870,-0.3,-8.5,-4.4,-0.082,-0.004,-1.028,-0.63,0.72,0,0.09
3.874,-0.3,-8.1,-4.3,-0.076,-0.002,-1.03,-0.63,0.72,0,0.09
3.879,-0.4,-8,-4.5,-0.068,0.001,-1.032,-0.63,0.72,0,0.09
3.884,-0.3,-7.6,-4.6,-0.06,0.003,-1.034,-0.63,0.72,0,0.09
3.889,-0.4,-7.2,-4.9,-0.053,0.003,-1.037,-0.63,0.72,0,0.09
3.894,-0.8,-6.9,-5.6,-0.045,0.003,-1.041,-0.63,0.72,0,0.09
3.898,-1.7,-6.4,-6.2,-0.036,0,-1.044,-0.63,0.72,0,0.09
3.904,-2.6,-5.8,-6.8,-0.028,-0.001,-1.045,-0.62,0.73,0.59,0.19
3.910,-3.6,-5.2,-7.6,-0.021,-0.003,-1.045,-0.62,0.73,0.59,0.19
3.916,-5,-4.6,-8.5,-0.018,-0.004,-1.046,-0.62,0.73,0.59,0.19
3.922,-6.1,-3.8,-9.5,-0.021,-0.004,-1.045,-0.62,0.73,0.59,0.19
3.928,-7,-3.4,-10.3,-0.026,-0.003,-1.042,-0.62,0.73,0.59,0.19
3.934,-7.6,-2.8,-11.2,-0.035,-0.002,-1.036,-0.62,0.73,0.59,0.19
3.940,-8.1,-1.9,-11.9,-0.047,0,-1.028,-0.62,0.73,0.59,0.19
3.946,-8.2,-1.6,-12.5,-0.059,0,-1.02,-0.62,0.73,0.59,0.19
3.950,-8.1,-1.2,-13.3,-0.071,-0.001,-1.01,-0.55,0.72,0.21,0
3.955,-7.9,-0.9,-14.1,-0.077,-0.002,-0.999,-0.55,0.72,0.21,0
3.959,-7.8,-0.6,-15,-0.079,-0.001,-0.988,-0.55,0.72,0.21,0
3.964,-7.5,-0.1,-15.6,-0.078,-0.001,-0.979,-0.55,0.72,0.21,0
3.968,-7.3,0.1,-15.9,-0.076,-0.003,-0.972,-0.55,0.72,0.21,0
3.973,-7.2,0.4,-15.9,-0.075,-0.002,-0.969,-0.55,0.72,0.21,0
3.977,-6.8,0.7,-15.5,-0.074,-0.001,-0.967,-0.55,0.72,0.21,0
3.982,-6.5,1,-14.7,-0.07,0,-0.968,-0.55,0.72,0.21,0
3.986,-6.2,1.2,-13.8,-0.066,0,-0.968,-0.55,0.72,0.21,0
3.990,-5.9,1.2,-12.6,-0.062,0,-0.971,-0.55,0.72,0.21,0
3.995,-5.7,1.5,-11.5,-0.055,0,-0.971,-0.55,0.72,0.21,0
4.002,-5.5,1.6,-10.6,-0.049,0,-0.971,-0.52,0.7,0.43,-0.21
4.009,-5.3,1.6,-10,-0.043,0.002,-0.97,-0.52,0.7,0.43,-0.21
4.016,-5.4,1.6,-9.1,-0.036,0.002,-0.968,-0.52,0.7,0.43,-0.21
4.023,-5.2,1.6,-8.6,-0.033,0.002,-0.962,-0.52,0.7,0.43,-0.21
4.029,-5.5,1.9,-8.5,-0.034,0.001,-0.955,-0.52,0.7,0.43,-0.21
4.036,-5.5,2,-8.2,-0.038,0,-0.947,-0.52,0.7,0.43,-0.21
4.043,-5.8,2.3,-8.2,-0.042,0,-0.94,-0.52,0.7,0.43,-0.21
4.047,-5.9,2.4,-7.9,-0.046,0,-0.932,-0.47,0.65,0.11,0.11
4.051,-5.7,2.5,-7.7,-0.054,0.001,-0.926,-0.47,0.65,0.11,0.11
4.055,-5.1,2.9,-7.6,-0.061,0.003,-0.919,-0.47,0.65,0.11,0.11
4.059,-4.5,3,-7.3,-0.067,0.007,-0.913,-0.47,0.65,0.11,0.11
4.062,-3.7,3.5,-6.9,-0.076,0.014,-0.911,-0.47,0.65,0.11,0.11
4.066,-2.6,3.5,-6.4,-0.082,0.018,-0.909,-0.47,0.65,0.11,0.11
4.070,-1.8,3.7,-5.7,-0.086,0.021,-0.909,-0.47,0.65,0.11,0.11
4.074,-1.4,3.5,-4.8,-0.087,0.021,-0.911,-0.47,0.65,0.11,0.11
4.078,-0.9,3.5,-3.8,-0.086,0.022,-0.917,-0.47,0.65,0.11,0.11
4.081,-0.7,3,-3.4,-0.083,0.022,-0.923,-0.47,0.65,0.11,0.11
4.085,-0.7,2.7,-2.7,-0.077,0.022,-0.93,-0.47,0.65,0.11,0.11
4.093,-0.4,2.3,-2.5,-0.07,0.025,-0.938,-0.42,0.64,1.06,0.11
4.102,-0.1,1.9,-2.5,-0.061,0.026,-0.945,-0.42,0.64,1.06,0.11
4.110,0,1.3,-2.8,-0.052,0.028,-0.951,-0.42,0.64,1.06,0.11
4.118,0,0.5,-3.2,-0.046,0.028,-0.954,-0.42,0.64,1.06,0.11
4.126,0,0.1,-3.8,-0.042,0.025,-0.955,-0.42,0.64,1.06,0.11
4.134,-0.1,-0.5,-4.3,-0.037,0.023,-0.951,-0.42,0.64,1.06,0.11
4.138,-0.8,-0.8,-4.8,-0.035,0.02,-0.944,-0.37,0.58,0,0.12
4.143,-1.3,-1.2,-5.4,-0.034,0.016,-0.935,-0.37,0.58,0,0.12
4.147,-2.2,-1.4,-5.6,-0.036,0.01,-0.925,-0.37,0.58,0,0.12
4.152,-3.1,-1.4,-5.7,-0.039,0.007,-0.911,-0.37,0.58,0,0.12
4.156,-3.9,-1.3,-5.3,-0.042,0.004,-0.9,-0.37,0.58,0,0.12
4.160,-4.4,-0.8,-4.8,-0.045,0.005,-0.89,-0.37,0.58,0,0.12
4.165,-4.7,-0.5,-4.6,-0.05,0.008,-0.884,-0.37,0.58,0,0.12
4.169,-4.8,0.1,-4.1,-0.055,0.012,-0.881,-0.37,0.58,0,0.12
4.174,-4.5,0.4,-4.1,-0.06,0.012,-0.885,-0.37,0.58,0,0.12
4.178,-4.5,0.9,-3.9,-0.065,0.017,-0.893,-0.37,0.58,0,0.12
4.182,-4.2,1.2,-3.6,-0.071,0.018,-0.906,-0.37,0.58,0,0.12
4.186,-4,1.2,-3.4,-0.075,0.02,-0.92,-0.29,0.54,0,0
4.189,-4,0.8,-3.4,-0.08,0.022,-0.938,-0.29,0.54,0,0
4.193,-3.9,0.5,-3.2,-0.083,0.024,-0.954,-0.29,0.54,0,0
4.196,-3.7,-0.1,-2.9,-0.085,0.025,-0.966,-0.29,0.54,0,0
4.200,-3.5,-0.8,-2.9,-0.087,0.026,-0.976,-0.29,0.54,0,0
4.203,-2.9,-1.4,-2.8,-0.087,0.028,-0.979,-0.29,0.54,0,0
4.207,-2.6,-2.3,-2.2,-0.086,0.031,-0.978,-0.29,0.54,0,0
4.210,-1.7,-2.9,-1.9,-0.084,0.034,-0.973,-0.29,0.54,0,0
4.214,-1.3,-3.4,-1.5,-0.077,0.036,-0.963,-0.29,0.54,0,0
4.217,-0.7,-3.8,-1.4,-0.07,0.036,-0.951,-0.29,0.54,0,0
4.221,-0.3,-3.7,-0.9,-0.06,0.035,-0.938,-0.29,0.54,0,0
4.224,-0.3,-3.7,-0.6,-0.05,0.032,-0.929,-0.29,0.54,0,0
4.228,-0.5,-3.4,-0.1,-0.042,0.03,-0.921,-0.29,0.54,0,0
4.231,-0.4,-2.9,0.1,-0.036,0.029,-0.916,-0.29,0.54,0,0
4.242,-0.6,-2.2,0.4,-0.031,0.027,-0.916,-0.26,0.53,0,0.83
4.252,-0.4,-1.7,0.9,-0.029,0.028,-0.923,-0.26,0.53,0,0.83
4.263,-0.7,-1.2,1,-0.033,0.028,-0.935,-0.26,0.53,0,0.83
4.273,-0.4,-0.8,1.1,-0.04,0.027,-0.951,-0.26,0.53,0,0.83
4.277,-0.8,-0.5,1,-0.048,0.026,-0.968,-0.22,0.51,0,0
4.280,-0.9,-0.5,1.4,-0.054,0.025,-0.986,-0.22,0.51,0,0
4.283,-1.2,-0.6,1.2,-0.06,0.023,-1.002,-0.22,0.51,0,0
4.287,-1.4,-0.8,1.4,-0.065,0.021,-1.016,-0.22,0.51,0,0
4.290,-1.7,-0.8,1.5,-0.07,0.02,-1.025,-0.22,0.51,0,0
4.294,-1.5,-0.9,1.9,-0.075,0.023,-1.026,-0.22,0.51,0,0
4.297,-1.3,-1.2,2.3,-0.08,0.025,-1.022,-0.22,0.51,0,0
4.301,-0.9,-1.3,2.4,-0.083,0.026,-1.01,-0.22,0.51,0,0
4.304,-0.3,-1.5,2.5,-0.082,0.028,-0.994,-0.22,0.51,0,0
4.307,0.4,-1.5,3.1,-0.074,0.031,-0.973,-0.22,0.51,0,0
4.311,1.3,-1.3,3.4,-0.065,0.036,-0.95,-0.22,0.51,0,0
4.314,2.6,-1,3.7,-0.053,0.041,-0.928,-0.22,0.51,0,0
4.318,3.7,-0.2,4.2,-0.04,0.047,-0.906,-0.22,0.51,0,0
4.321,4.9,0.5,4.3,-0.025,0.052,-0.887,-0.22,0.51,0,0
4.327,5.6,1.5,4.5,-0.011,0.055,-0.869,-0.21,0.45,0,0
4.334,6,2.7,4.7,0.002,0.056,-0.855,-0.21,0.45,0,0
4.340,6.3,4.2,5,0.014,0.055,-0.843,-0.21,0.45,0,0
4.347,5.9,5.7,5,0.025,0.051,-0.832,-0.21,0.45,0,0
4.353,5.6,7.3,5.3,0.033,0.049,-0.824,-0.21,0.45,0,0
4.360,5.1,8.8,5.3,0.038,0.047,-0.817,-0.21,0.45,0,0
4.366,4.7,10.1,5.4,0.038,0.045,-0.809,-0.21,0.45,0,0
4.371,4.4,11.7,5.3,0.036,0.041,-0.8,-0.21,0.33,0,-0.45
4.376,4.5,13.1,5.2,0.034,0.036,-0.79,-0.21,0.33,0,-0.45
4.381,4.9,14.3,5.3,0.029,0.032,-0.782,-0.21,0.33,0,-0.45
4.385,5.5,15.4,5.6,0.025,0.026,-0.776,-0.21,0.33,0,-0.45
4.390,6,16.3,5.9,0.02,0.022,-0.772,-0.21,0.33,0,-0.45
4.395,6.9,17.1,6.2,0.018,0.016,-0.772,-0.21,0.33,0,-0.45
4.400,7.8,18,6.7,0.015,0.013,-0.773,-0.21,0.33,0,-0.45
4.405,8.5,18.1,6.7,0.014,0.008,-0.777,-0.21,0.33,0,-0.45
4.410,9.2,18.7,7.2,0.013,0.005,-0.785,-0.21,0.33,0,-0.45
4.415,9.6,18.7,7.5,0.012,0.001,-0.796,-0.21,0.33,0,-0.45
4.419,10.1,18.7,7.9,0.01,-0.002,-0.808,-0.21,0.33,0,-0.45
4.425,10.3,18.6,8.4,0.007,-0.006,-0.823,-0.19,0.27,-0.15,0
4.431,10.4,18.6,8.9,0.005,-0.01,-0.837,-0.19,0.27,-0.15,0
4.437,10.5,18.2,9.1,0.006,-0.012,-0.851,-0.19,0.27,-0.15,0
4.443,10.4,18.2,9.3,0.008,-0.016,-0.865,-0.19,0.27,-0.15,0
4.449,10.2,18.2,9.4,0.008,-0.021,-0.877,-0.19,0.27,-0.15,0
4.455,9.6,18.1,9.2,0.009,-0.025,-0.887,-0.19,0.27,-0.15,0
4.461,8.9,18.1,8.9,0.009,-0.029,-0.893,-0.19,0.27,-0.15,0
4.465,8.4,18.2,8.8,0.012,-0.031,-0.895,-0.2,0.2,0,-0.15
4.470,7.7,18.3,8.3,0.013,-0.031,-0.894,-0.2,0.2,0,-0.15
4.474,7.2,18.4,7.9,0.015,-0.032,-0.891,-0.2,0.2,0,-0.15
4.479,6.7,18.5,7.3,0.015,-0.031,-0.886,-0.2,0.2,0,-0.15
4.483,6.5,18.6,7,0.017,-0.031,-0.878,-0.2,0.2,0,-0.15
4.487,6.2,18.6,6.1,0.017,-0.031,-0.871,-0.2,0.2,0,-0.15
4.492,6,18.4,5.5,0.016,-0.03,-0.863,-0.2,0.2,0,-0.15
4.496,5.9,18.2,5,0.013,-0.029,-0.857,-0.2,0.2,0,-0.15
4.500,5.7,17.8,4.8,0.011,-0.029,-0.852,-0.2,0.2,0,-0.15
4.505,5.8,17.2,4.3,0.009,-0.028,-0.849,-0.2,0.2,0,-0.15
4.509,5.1,16.8,4.2,0.008,-0.027,-0.846,-0.2,0.2,0,-0.15
4.516,4.8,16.1,4.2,0.01,-0.027,-0.845,-0.2,0.16,0,-0.32
4.523,4.3,15.5,4,0.011,-0.028,-0.848,-0.2,0.16,0,-0.32
4.530,3.6,14.7,4,0.013,-0.029,-0.852,-0.2,0.16,0,-0.32
4.537,3,14.3,4,0.013,-0.031,-0.859,-0.2,0.16,0,-0.32
4.544,2.3,13.4,3.9,0.011,-0.033,-0.869,-0.2,0.16,0,-0.32
4.551,1.5,12.8,3.9,0.008,-0.036,-0.879,-0.2,0.16,0,-0.32
4.558,1,11.9,3.7,0.004,-0.038,-0.89,-0.2,0.16,0,-0.32
4.562,0.9,11.5,3.7,0,-0.038,-0.901,-0.18,0.11,-0.16,-0.16
4.567,0.9,10.7,3.9,-0.003,-0.037,-0.912,-0.18,0.11,-0.16,-0.16
4.571,1.2,10.4,3.9,-0.005,-0.037,-0.92,-0.18,0.11,-0.16,-0.16
4.575,1.4,9.8,4.2,-0.008,-0.039,-0.925,-0.18,0.11,-0.16,-0.16
4.580,1.6,9.3,3.8,-0.012,-0.04,-0.926,-0.18,0.11,-0.16,-0.16
4.584,1.5,8.7,3.5,-0.014,-0.04,-0.923,-0.18,0.11,-0.16,-0.16
4.588,1.3,7.9,3,-0.012,-0.043,-0.919,-0.18,0.11,-0.16,-0.16
4.593,0.6,7.3,2.7,-0.009,-0.045,-0.911,-0.18,0.11,-0.16,-0.16
4.597,-0.1,6.6,2.7,-0.002,-0.047,-0.901,-0.18,0.11,-0.16,-0.16
4.602,-1.2,6.1,2.6,0.003,-0.05,-0.89,-0.18,0.11,-0.16,-0.16
4.606,-2.3,5.6,2.6,0.008,-0.053,-0.879,-0.18,0.11,-0.16,-0.16
4.612,-3.8,5.1,2.8,0.013,-0.056,-0.868,-0.16,0.06,0,0
4.618,-5.2,4.6,2.8,0.018,-0.057,-0.859,-0.16,0.06,0,0
4.624,-6.5,4,3.1,0.022,-0.057,-0.851,-0.16,0.06,0,0
4.630,-7.8,3.6,3.2,0.027,-0.056,-0.844,-0.16,0.06,0,0
4.636,-8.7,3.2,3.5,0.03,-0.053,-0.84,-0.16,0.06,0,0
4.642,-9.4,3.1,3.3,0.033,-0.048,-0.839,-0.16,0.06,0,0
4.648,-10,2.9,3.1,0.033,-0.042,-0.837,-0.16,0.06,0,0
4.652,-10.6,2.9,2.6,0.033,-0.037,-0.837,-0.09,0,0.16,0
4.657,-11.1,3.1,2.3,0.033,-0.033,-0.84,-0.09,0,0.16,0
4.661,-11.6,3.5,2.1,0.032,-0.029,-0.843,-0.09,0,0.16,0
4.666,-12,3.8,1.8,0.027,-0.024,-0.849,-0.09,0,0.16,0
4.670,-12.2,4,1.5,0.02,-0.016,-0.859,-0.09,0,0.16,0
4.674,-11.8,4.1,1.4,0.01,-0.004,-0.871,-0.09,0,0.16,0
4.679,-11.1,4.3,1.3,0,0.005,-0.882,-0.09,0,0.16,0
4.683,-10.3,4.1,1.2,-0.006,0.018,-0.895,-0.09,0,0.16,0
4.687,-9.4,3.7,1.3,-0.012,0.03,-0.906,-0.09,0,0.16,0
4.692,-8.4,3.2,1.6,-0.013,0.04,-0.914,-0.09,0,0.16,0
4.696,-7.5,2.7,1.7,-0.01,0.049,-0.919,-0.09,0,0.16,0
4.701,-7.2,1.8,2,-0.004,0.054,-0.924,-0.05,-0.03,0.16,0
4.705,-7,1.1,2.1,0.004,0.059,-0.928,-0.05,-0.03,0.16,0
4.710,-6.6,0.2,2.4,0.012,0.062,-0.932,-0.05,-0.03,0.16,0
4.714,-6.1,-0.5,2.5,0.021,0.063,-0.935,-0.05,-0.03,0.16,0
4.719,-5.3,-1.4,2.3,0.029,0.064,-0.941,-0.05,-0.03,0.16,0
4.723,-4.4,-2.3,1.9,0.036,0.064,-0.948,-0.05,-0.03,0.16,0
4.727,-2.6,-2.9,1.3,0.042,0.065,-0.956,-0.05,-0.03,0.16,0
4.732,-0.4,-3.6,0.7,0.046,0.069,-0.966,-0.05,-0.03,0.16,0
4.736,2.1,-3.9,-0.1,0.047,0.072,-0.978,-0.05,-0.03,0.16,0
4.741,4.9,-4.2,-1.3,0.045,0.075,-0.992,-0.05,-0.03,0.16,0
4.745,7.6,-4.3,-2.6,0.041,0.081,-1.007,-0.05,-0.03,0.16,0
4.750,10.3,-4.4,-3.7,0.038,0.085,-1.024,-0.03,0,-0.49,0.16
4.754,12.5,-4.2,-4.8,0.031,0.088,-1.039,-0.03,0,-0.49,0.16
4.759,14.2,-3.7,-5.9,0.024,0.09,-1.051,-0.03,0,-0.49,0.16
4.763,15.6,-3.5,-6.6,0.018,0.094,-1.059,-0.03,0,-0.49,0.16
4.767,16.8,-3.1,-7,0.01,0.097,-1.061,-0.03,0,-0.49,0.16
4.772,17.6,-2.3,-7.3,0.005,0.098,-1.059,-0.03,0,-0.49,0.16
4.776,18.1,-1.8,-7.7,0.001,0.099,-1.051,-0.03,0,-0.49,0.16
4.781,18.3,-1,-7.3,0,0.097,-1.04,-0.03,0,-0.49,0.16
4.785,18.5,-0.5,-7.2,-0.003,0.094,-1.024,-0.03,0,-0.49,0.16
4.790,18.7,0,-6.6,-0.002,0.089,-1.01,-0.03,0,-0.49,0.16
4.795,18.6,0.5,-6.2,0,0.082,-0.997,-0.04,-0.01,-0.32,0
4.801,18.7,0.8,-5.7,0.004,0.07,-0.986,-0.04,-0.01,-0.32,0
4.807,18.3,0.9,-5.2,0.009,0.056,-0.98,-0.04,-0.01,-0.32,0
4.812,17.6,1.1,-4.8,0.012,0.042,-0.978,-0.04,-0.01,-0.32,0
4.818,17.1,1,-4.4,0.015,0.027,-0.979,-0.04,-0.01,-0.32,0
4.824,16.1,1.4,-3.9,0.015,0.011,-0.982,-0.04,-0.01,-0.32,0
4.830,14.7,1.3,-3.4,0.014,-0.001,-0.987,-0.04,-0.01,-0.32,0
4.835,13.4,1.4,-3.1,0.01,-0.013,-0.992,-0.04,-0.01,-0.32,0
4.840,12,1.5,-2.9,0.003,-0.023,-0.999,-0.04,0,-0.32,0
4.844,10.5,1.7,-2.6,-0.003,-0.033,-1.007,-0.04,0,-0.32,0
4.848,8.9,1.7,-2.6,-0.011,-0.04,-1.015,-0.04,0,-0.32,0
4.853,7.2,1.8,-2.3,-0.017,-0.045,-1.023,-0.04,0,-0.32,0
4.857,5.9,2,-2,-0.022,-0.047,-1.027,-0.04,0,-0.32,0
4.862,4.9,2,-1.8,-0.024,-0.045,-1.029,-0.04,0,-0.32,0
4.866,4,2.1,-1.7,-0.022,-0.038,-1.029,-0.04,0,-0.32,0
4.870,3.5,2.3,-1.6,-0.018,-0.029,-1.027,-0.04,0,-0.32,0
4.875,3.1,2.1,-1.5,-0.009,-0.017,-1.023,-0.04,0,-0.32,0
4.879,2.6,2.4,-1.2,0.001,-0.006,-1.017,-0.04,0,-0.32,0
4.883,2.4,2.4,-0.9,0.014,0.006,-1.011,-0.04,0,-0.32,0
4.890,2,2.4,-0.5,0.028,0.016,-1.007,-0.04,0,0,0
4.897,1.2,2.4,-0.1,0.04,0.024,-1.002,-0.04,0,0,0
4.904,0.5,2.4,-0.1,0.049,0.032,-0.997,-0.04,0,0,0
4.911,-0.3,2.4,0.2,0.056,0.039,-0.995,-0.04,0,0,0
4.918,-0.9,2.5,0.1,0.062,0.045,-0.99,-0.04,0,0,0
4.925,-1.3,2.6,0.1,0.065,0.048,-0.985,-0.04,0,0,0
4.932,-1.4,2.6,0,0.068,0.051,-0.981,-0.04,0,0,0
4.937,-1.1,2.7,-0.3,0.07,0.052,-0.974,-0.01,-0.01,0,0
4.941,-0.9,3,-0.2,0.072,0.049,-0.971,-0.01,-0.01,0,0
4.945,-0.5,3.4,-0.7,0.073,0.044,-0.969,-0.01,-0.01,0,0
4.950,0,3.7,-1.2,0.072,0.037,-0.969,-0.01,-0.01,0,0
4.954,0.6,4.1,-1.7,0.067,0.03,-0.97,-0.01,-0.01,0,0
4.959,1,4.3,-2.3,0.062,0.023,-0.971,-0.01,-0.01,0,0
4.963,1.4,4.3,-3,0.055,0.017,-0.974,-0.01,-0.01,0,0
4.967,1.9,4.5,-3.9,0.043,0.011,-0.976,-0.01,-0.01,0,0
4.972,2.1,4,-5,0.031,0.008,-0.982,-0.01,-0.01,0,0
4.976,2.2,3.4,-6,0.019,0.006,-0.985,-0.01,-0.01,0,0
4.981,2.7,2.7,-7,0.011,0.006,-0.991,-0.01,-0.01,0,0
4.987,2.8,1.8,-7.9,0.004,0.007,-0.999,-0.01,0,0,0
4.993,2.9,0.7,-9,0,0.009,-1.007,-0.01,0,0,0
4.999,3.1,-0.2,-10,-0.002,0.011,-1.016,-0.01,0,0,0
5.005,2.9,-1.2,-10.4,-0.002,0.012,-1.025,-0.01,0,0,0
5.011,2.9,-2.5,-10.8,0,0.012,-1.033,-0.01,0,0,0
5.017,2.6,-3.6,-11.1,0.003,0.013,-1.042,-0.01,0,0,0
5.023,2.4,-4.8,-11.4,0.008,0.015,-1.047,-0.01,0,0,0
5.027,2.4,-5.6,-11.8,0.015,0.015,-1.048,-0.01,0,0,0
5.032,2.2,-6.6,-12,0.025,0.014,-1.046,-0.01,0,0,0
5.036,2.1,-7,-12.3,0.033,0.013,-1.041,-0.01,0,0,0
5.040,2.1,-7.4,-12.5,0.043,0.01,-1.032,-0.01,0,0,0
5.045,2.3,-7.5,-12.8,0.052,0.006,-1.019,-0.01,0,0,0
5.049,2.4,-7.2,-13,0.061,0.002,-1.005,-0.01,0,0,0
5.054,2.4,-6.9,-13.1,0.069,-0.003,-0.991,-0.01,0,0,0
5.058,2.4,-6.6,-12.9,0.077,-0.009,-0.977,-0.01,0,0,0
5.062,2.3,-6.1,-12.9,0.083,-0.017,-0.967,-0.01,0,0,0
5.067,2,-5.8,-12.8,0.088,-0.025,-0.957,-0.01,0,0,0
5.071,1.3,-5.5,-12.6,0.09,-0.033,-0.952,-0.01,0,0,0
5.077,0.9,-5.2,-12.5,0.093,-0.041,-0.946,0,-0.02,0,0.16
5.082,-0.1,-4.7,-12.3,0.095,-0.051,-0.942,0,-0.02,0,0.16
5.087,-1.2,-4.7,-12.2,0.097,-0.063,-0.938,0,-0.02,0,0.16
5.093,-2.3,-4.3,-12,0.095,-0.07,-0.935,0,-0.02,0,0.16
5.098,-3.3,-4.4,-12,0.087,-0.08,-0.933,0,-0.02,0,0.16
5.104,-4.2,-4.2,-11.8,0.079,-0.088,-0.932,0,-0.02,0,0.16
5.109,-4.7,-4.5,-11.4,0.067,-0.096,-0.937,0,-0.02,0,0.16
5.115,-4.9,-4.5,-11.4,0.053,-0.099,-0.943,0,-0.02,0,0.16
5.120,-4.8,-4.7,-11.2,0.036,-0.103,-0.956,0,-0.02,0,0.16
5.127,-4.4,-5,-10.9,0.018,-0.101,-0.97,0,-0.01,0,0
5.134,-3.9,-5.1,-10.6,0.001,-0.098,-0.986,0,-0.01,0,0
5.141,-3.3,-5.2,-10.3,-0.014,-0.093,-1.004,0,-0.01,0,0
5.148,-3,-5.5,-9.8,-0.029,-0.088,-1.021,0,-0.01,0,0
5.155,-2.7,-5.9,-9.2,-0.041,-0.081,-1.039,0,-0.01,0,0
5.162,-2.8,-5.9,-8.4,-0.052,-0.072,-1.054,0,-0.01,0,0
5.169,-2.9,-6.1,-7.6,-0.062,-0.064,-1.064,0,-0.01,0,0
5.172,-3.4,-6.1,-6.6,-0.068,-0.057,-1.069,0.03,0,0.16,0
5.175,-4.2,-6.1,-5.3,-0.074,-0.052,-1.067,0.03,0,0.16,0
5.178,-4.9,-5.9,-3.9,-0.074,-0.047,-1.062,0.03,0,0.16,0
5.181,-5.8,-5.6,-2.3,-0.069,-0.04,-1.054,0.03,0,0.16,0
5.185,-6.1,-5.3,-1.1,-0.064,-0.034,-1.044,0.03,0,0.16,0
5.188,-6.2,-4.8,0.1,-0.054,-0.028,-1.036,0.03,0,0.16,0
5.191,-6.1,-4.2,1.4,-0.041,-0.027,-1.026,0.03,0,0.16,0
5.194,-6.2,-3.5,2.2,-0.028,-0.03,-1.018,0.03,0,0.16,0
5.197,-6.3,-2.5,3,-0.013,-0.036,-1.012,0.03,0,0.16,0
5.200,-6.4,-1.6,3.4,0,-0.041,-1.008,0.03,0,0.16,0
5.203,-6.6,-0.4,3.7,0.013,-0.045,-1.005,0.03,0,0.16,0
5.207,-6.4,0.5,3.7,0.025,-0.047,-1.003,0.03,0,0.16,0
5.210,-6.3,1.7,3.4,0.035,-0.045,-1.001,0.03,0,0.16,0
5.213,-6.1,3,2.9,0.042,-0.042,-1,0.03,0,0.16,0
5.216,-5.8,4.1,2.5,0.049,-0.038,-0.997,0.03,0,0.16,0
5.230,-5.8,5.5,2.2,0.056,-0.032,-0.994,0.02,0,0.16,0
5.244,-6,6.9,2.2,0.06,-0.026,-0.991,0.02,0,0.16,0
5.259,-6.2,8.2,2.4,0.062,-0.02,-0.985,0.02,0,0.16,0
5.262,-6.9,9.3,2.5,0.063,-0.012,-0.978,0.03,0.02,0.16,-0.33
5.265,-7.6,10.3,2.9,0.058,-0.004,-0.973,0.03,0.02,0.16,-0.33
5.268,-8.3,11,3.2,0.05,0.002,-0.969,0.03,0.02,0.16,-0.33
5.272,-9.2,11.5,3.7,0.039,0.008,-0.97,0.03,0.02,0.16,-0.33
5.275,-9.9,11.5,4,0.029,0.013,-0.975,0.03,0.02,0.16,-0.33
5.278,-10.5,11.4,4.2,0.016,0.016,-0.985,0.03,0.02,0.16,-0.33
5.281,-11.1,11.1,4.2,0.004,0.018,-1,0.03,0.02,0.16,-0.33
5.285,-11.6,10.4,4.1,-0.006,0.019,-1.021,0.03,0.02,0.16,-0.33
5.288,-11.9,9.6,3.9,-0.016,0.018,-1.046,0.03,0.02,0.16,-0.33
5.291,-11.9,8.7,3.6,-0.026,0.016,-1.071,0.03,0.02,0.16,-0.33
5.295,-12.1,7.6,3,-0.036,0.011,-1.095,0.03,0.02,0.16,-0.33
5.298,-12.2,6.5,2.8,-0.041,0.006,-1.116,0.03,0.02,0.16,-0.33
5.301,-12,5.6,2.5,-0.043,0.003,-1.13,0.03,0.02,0.16,-0.33
5.304,-11.8,4.6,2.4,-0.042,0,-1.134,0.03,0.02,0.16,-0.33
5.308,-11.1,3.6,2.1,-0.036,0,-1.129,0.03,0.02,0.16,-0.33
5.314,-10.3,3,2.2,-0.026,0,-1.113,0.01,0.05,0.33,-0.16
5.320,-9,2.7,2.5,-0.011,0.001,-1.091,0.01,0.05,0.33,-0.16
5.327,-7.8,2.4,2.8,0.007,0.005,-1.065,0.01,0.05,0.33,-0.16
5.333,-6.2,2.4,3.1,0.029,0.009,-1.034,0.01,0.05,0.33,-0.16
5.340,-4.5,2.7,3.6,0.051,0.014,-1.002,0.01,0.05,0.33,-0.16
5.346,-2.9,3.1,3.9,0.072,0.019,-0.974,0.01,0.05,0.33,-0.16
5.352,-1.1,3.7,4.1,0.092,0.023,-0.947,0.01,0.05,0.33,-0.16
5.356,0.4,4.5,4.3,0.107,0.027,-0.928,0,0.01,0,-0.16
5.361,2.5,5.2,4.4,0.121,0.032,-0.912,0,0.01,0,-0.16
5.365,4.3,5.9,4.4,0.132,0.038,-0.903,0,0.01,0,-0.16
5.369,6,6.6,4.5,0.139,0.041,-0.903,0,0.01,0,-0.16
5.373,7.7,7.3,4.3,0.142,0.042,-0.907,0,0.01,0,-0.16
5.377,9.1,7.5,4.3,0.138,0.037,-0.916,0,0.01,0,-0.16
5.381,10.2,7.8,4.5,0.132,0.031,-0.931,0,0.01,0,-0.16
5.385,11,7.9,4.5,0.122,0.021,-0.947,0,0.01,0,-0.16
5.389,11.5,7.7,4.5,0.106,0.011,-0.963,0,0.01,0,-0.16
5.394,12,7.4,4.5,0.089,0,-0.98,0,0.01,0,-0.16
5.398,12.2,6.8,4.6,0.07,-0.008,-0.996,0,0.01,0,-0.16
5.405,12.4,6.3,4.2,0.05,-0.018,-1.01,-0.01,0.02,-0.33,-0.16
5.412,12.4,5.5,3.6,0.032,-0.027,-1.023,-0.01,0.02,-0.33,-0.16
5.419,12.3,4.6,3.2,0.012,-0.036,-1.033,-0.01,0.02,-0.33,-0.16
5.426,11.8,3.7,2.8,-0.001,-0.042,-1.04,-0.01,0.02,-0.33,-0.16
5.433,11.1,2.7,2,-0.012,-0.049,-1.044,-0.01,0.02,-0.33,-0.16
5.440,10.4,1.8,1.5,-0.019,-0.051,-1.046,-0.01,0.02,-0.33,-0.16
5.447,9.5,0.9,1,-0.024,-0.051,-1.044,-0.01,0.02,-0.33,-0.16
5.451,8.8,0.2,0.7,-0.027,-0.048,-1.042,0.02,0.03,0,0
5.456,8,-0.3,0.3,-0.028,-0.041,-1.035,0.02,0.03,0,0
5.460,7.3,-1,0.3,-0.023,-0.031,-1.028,0.02,0.03,0,0
5.464,6.7,-1.6,0.3,-0.017,-0.021,-1.019,0.02,0.03,0,0
5.469,6.2,-2,0.4,-0.008,-0.01,-1.013,0.02,0.03,0,0
5.473,5.9,-2.5,0.6,-0.001,0,-1.008,0.02,0.03,0,0
5.478,5.5,-3.1,0.7,0.008,0.007,-1.005,0.02,0.03,0,0
5.482,4.8,-3.1,0.8,0.016,0.012,-1.003,0.02,0.03,0,0
5.487,4.5,-3.4,0.9,0.024,0.015,-1.002,0.02,0.03,0,0
5.491,3.8,-3.6,1,0.034,0.015,-0.999,0.02,0.03,0,0
5.496,3.2,-3.7,1,0.043,0.015,-0.996,0.02,0.03,0,0
5.502,2.6,-3.6,1,0.05,0.014,-0.993,0.07,0.02,0,0
5.509,2,-3.6,1,0.055,0.008,-0.99,0.07,0.02,0,0
5.516,1.3,-3.1,0.9,0.057,0,-0.987,0.07,0.02,0,0
5.523,0.8,-3.1,0.9,0.058,-0.01,-0.985,0.07,0.02,0,0
5.530,0.1,-2.7,0.7,0.057,-0.021,-0.98,0.07,0.02,0,0
5.537,-0.3,-2.3,0.4,0.055,-0.028,-0.977,0.07,0.02,0,0
5.544,-0.6,-1.7,0,0.052,-0.035,-0.972,0.07,0.02,0,0
5.548,-0.9,-1.3,-0.6,0.045,-0.037,-0.968,0.08,0,0,0
5.551,-0.8,-0.9,-1,0.04,-0.037,-0.965,0.08,0,0,0
5.555,-0.8,-0.7,-1.5,0.035,-0.037,-0.963,0.08,0,0,0
5.559,-0.8,-0.3,-2,0.032,-0.033,-0.963,0.08,0,0,0
5.563,-0.8,0,-2.6,0.031,-0.031,-0.963,0.08,0,0,0
5.567,-1,0,-2.8,0.032,-0.026,-0.965,0.08,0,0,0
5.571,-1.4,0.1,-3.2,0.033,-0.017,-0.968,0.08,0,0,0
5.574,-1.7,0.1,-3.6,0.031,-0.009,-0.97,0.08,0,0,0
5.578,-2.3,0.1,-3.7,0.029,-0.001,-0.973,0.08,0,0,0
5.582,-2.9,0,-3.7,0.026,0.006,-0.977,0.08,0,0,0
5.586,-3.1,0,-3.7,0.022,0.013,-0.983,0.08,0,0,0
5.593,-3.1,-0.4,-3.6,0.017,0.02,-0.989,0.09,0,0,0
5.600,-3.3,-0.6,-3.7,0.01,0.027,-0.995,0.09,0,0,0
5.606,-3.1,-1,-3.5,0.004,0.03,-1.002,0.09,0,0,0
5.613,-3.2,-1.4,-3.2,0.002,0.031,-1.011,0.09,0,0,0
5.620,-3,-1.6,-3.1,0,0.029,-1.019,0.09,0,0,0
5.627,-2.9,-1.8,-2.7,-0.002,0.025,-1.026,0.09,0,0,0
5.634,-3.1,-1.7,-2.5,-0.004,0.017,-1.03,0.09,0,0,0
5.638,-3.4,-1.9,-2.3,-0.004,0.008,-1.034,0.1,0.01,0.16,0
5.643,-3.4,-2,-2.1,-0.005,0,-1.036,0.1,0.01,0.16,0
5.647,-3.3,-2,-2,-0.007,-0.006,-1.034,0.1,0.01,0.16,0
5.652,-2.8,-1.9,-2,-0.008,-0.012,-1.03,0.1,0.01,0.16,0
5.656,-2,-1.6,-2.3,-0.009,-0.018,-1.024,0.1,0.01,0.16,0
5.661,-1,-1.5,-2.4,-0.005,-0.021,-1.016,0.1,0.01,0.16,0
5.665,0,-0.9,-2.8,0,-0.023,-1.008,0.1,0.01,0.16,0
5.670,1,-0.6,-3.1,0.004,-0.025,-0.999,0.1,0.01,0.16,0
5.674,2,-0.3,-3.2,0.01,-0.024,-0.993,0.1,0.01,0.16,0
5.678,2.5,0,-3.4,0.016,-0.021,-0.989,0.1,0.01,0.16,0
5.683,3,0.4,-3.6,0.02,-0.019,-0.986,0.1,0.01,0.16,0
5.688,3.3,0.7,-3.8,0.025,-0.015,-0.983,0.1,0,0,0
5.693,3.5,0.9,-3.8,0.029,-0.01,-0.983,0.1,0,0,0
5.697,3.3,1.2,-3.7,0.033,-0.004,-0.985,0.1,0,0,0
5.702,3.4,1.5,-3.4,0.035,0,-0.986,0.1,0,0,0
5.707,3.2,1.5,-3.2,0.039,0.005,-0.986,0.1,0,0,0
5.712,3.1,1.7,-3.2,0.041,0.007,-0.987,0.1,0,0,0
5.717,3.1,1.8,-2.9,0.041,0.009,-0.99,0.1,0,0,0
5.722,3,2.1,-2.7,0.042,0.009,-0.992,0.1,0,0,0
5.727,2.9,2.1,-2.4,0.039,0.006,-0.994,0.1,0,0,0
5.731,2.7,2.1,-2.3,0.035,0.003,-0.995,0.1,0,0,0
5.737,2.8,2.1,-2,0.034,-0.001,-0.998,0.08,0,0,0
5.742,2.6,2,-1.7,0.031,-0.005,-1.001,0.08,0,0,0
5.747,2.9,1.8,-1.7,0.028,-0.013,-1.004,0.08,0,0,0
5.752,2.7,1.6,-1.8,0.026,-0.019,-1.008,0.08,0,0,0
5.758,2.6,1.9,-1.6,0.026,-0.025,-1.011,0.08,0,0,0
5.763,2.6,1.8,-2,0.024,-0.03,-1.014,0.08,0,0,0
5.768,2.4,1.6,-1.7,0.021,-0.034,-1.017,0.08,0,0,0
5.774,2.3,1.6,-1.8,0.019,-0.036,-1.02,0.08,0,0,0
5.778,2.2,1.5,-1.7,0.02,-0.038,-1.023,0.03,0.01,0,0
5.783,1.7,1.3,-1.5,0.021,-0.037,-1.026,0.03,0.01,0,0
5.788,1.4,1.2,-1.4,0.022,-0.037,-1.029,0.03,0.01,0,0
5.793,0.9,1,-1.2,0.024,-0.034,-1.03,0.03,0.01,0,0
5.798,0.5,0.9,-1.1,0.026,-0.034,-1.033,0.03,0.01,0,0
5.802,0,0.9,-1.2,0.027,-0.031,-1.034,0.03,0.01,0,0
5.807,-0.4,0.7,-0.7,0.027,-0.028,-1.033,0.03,0.01,0,0
5.812,-0.8,0.4,-0.6,0.028,-0.025,-1.032,0.03,0.01,0,0
5.817,-0.9,0.2,-0.2,0.03,-0.021,-1.029,0.03,0.01,0,0
5.822,-1.2,0.2,0,0.033,-0.018,-1.026,0.03,0.01,0,0
5.826,-1.2,0.1,0.2,0.034,-0.014,-1.023,-0.02,0.02,0,0
5.830,-1.1,0.3,0.4,0.038,-0.011,-1.021,-0.02,0.02,0,0
5.834,-0.9,0.3,0.6,0.041,-0.009,-1.019,-0.02,0.02,0,0
5.839,-0.7,0.2,0.5,0.043,-0.006,-1.018,-0.02,0.02,0,0
5.843,-0.4,0.1,0.4,0.045,-0.004,-1.018,-0.02,0.02,0,0
5.847,-0.3,0.1,0.3,0.046,-0.003,-1.019,-0.02,0.02,0,0
5.851,-0.1,0,0.3,0.047,-0.001,-1.019,-0.02,0.02,0,0
5.856,-0.2,0.1,0.3,0.049,-0.002,-1.019,-0.02,0.02,0,0
5.860,-0.2,0,0.3,0.048,-0.002,-1.018,-0.02,0.02,0,0
5.864,-0.3,0,0.1,0.049,0,-1.017,-0.02,0.02,0,0
5.868,-0.3,0.2,0,0.048,-0.002,-1.017,-0.02,0.02,0,0
5.873,-0.4,0.1,0.1,0.048,-0.002,-1.018,-0.04,0.02,0,0
5.877,-0.4,0,0.1,0.046,-0.004,-1.019,-0.04,0.02,0,0
5.881,-0.6,0,0,0.043,-0.004,-1.021,-0.04,0.02,0,0
5.885,-0.6,0,0,0.043,-0.007,-1.023,-0.04,0.02,0,0
5.889,-0.8,-0.1,-0.1,0.043,-0.008,-1.025,-0.04,0.02,0,0
5.893,-0.8,0,-0.4,0.043,-0.011,-1.025,-0.04,0.02,0,0
5.898,-1.1,0,-0.5,0.041,-0.013,-1.024,-0.04,0.02,0,0
5.902,-1,-0.1,-0.9,0.04,-0.013,-1.023,-0.04,0.02,0,0
5.906,-1,-0.1,-1,0.04,-0.013,-1.023,-0.04,0.02,0,0
5.910,-1.1,0,-1.4,0.038,-0.012,-1.022,-0.04,0.02,0,0
5.914,-0.9,0,-1.4,0.037,-0.011,-1.022,-0.04,0.02,0,0
5.921,-0.6,-0.1,-1.5,0.037,-0.009,-1.023,-0.04,0.03,0,0
5.928,-0.4,-0.1,-1.2,0.037,-0.005,-1.023,-0.04,0.03,0,0
5.934,-0.3,0,-1,0.037,-0.003,-1.024,-0.04,0.03,0,0
5.941,0,0,-0.9,0.037,0,-1.025,-0.04,0.03,0,0
5.948,0.3,0.2,-0.7,0.037,0.002,-1.024,-0.04,0.03,0,0
5.955,0.4,0.2,-0.2,0.038,0.003,-1.024,-0.04,0.03,0,0
5.961,0.4,0.1,0,0.041,0.002,-1.023,-0.04,0.03,0,0
5.966,0.6,0.3,0.1,0.042,0.003,-1.021,-0.03,0.03,0,0
5.970,0.5,0.5,0.1,0.042,0.001,-1.018,-0.03,0.03,0,0
5.974,0.7,0.6,0.3,0.042,0.001,-1.017,-0.03,0.03,0,0
5.979,0.9,0.5,0.3,0.043,0,-1.014,-0.03,0.03,0,0
5.983,0.9,0.6,0.6,0.045,-0.002,-1.012,-0.03,0.03,0,0
5.987,0.9,0.5,0.7,0.045,-0.004,-1.01,-0.03,0.03,0,0
5.992,0.8,0.7,0.6,0.046,-0.007,-1.008,-0.03,0.03,0,0
5.996,0.6,0.8,0.7,0.048,-0.011,-1.007,-0.03,0.03,0,0
6.000,0.5,1,0.4,0.047,-0.013,-1.007,-0.03,0.03,0,0
6.005,0.3,1,0.4,0.049,-0.015,-1.006,-0.03,0.03,0,0
6.009,0,0.9,0.2,0.049,-0.016,-1.007,-0.03,0.03,0,0
6.016,0,1.2,0,0.047,-0.018,-1.009,-0.03,0.03,0,0
6.023,-0.1,1,0,0.047,-0.019,-1.009,-0.03,0.03,0,0
6.030,-0.3,1,-0.3,0.046,-0.018,-1.01,-0.03,0.03,0,0
6.037,-0.6,1.2,-0.5,0.042,-0.018,-1.012,-0.03,0.03,0,0
6.044,-0.8,1.2,-0.4,0.041,-0.019,-1.013,-0.03,0.03,0,0
6.051,-1.2,1.2,-0.6,0.039,-0.016,-1.015,-0.03,0.03,0,0
6.058,-1.5,1.2,-0.7,0.039,-0.016,-1.017,-0.03,0.03,0,0
6.063,-1.9,1,-1,0.037,-0.013,-1.019,-0.03,0.04,0,0
6.068,-2.3,1,-0.9,0.036,-0.011,-1.018,-0.03,0.04,0,0
6.073,-2.6,0.9,-0.9,0.035,-0.01,-1.019,-0.03,0.04,0,0
6.078,-3.1,1,-0.8,0.033,-0.01,-1.021,-0.03,0.04,0,0
6.082,-3.6,0.9,-0.7,0.032,-0.01,-1.021,-0.03,0.04,0,0
6.087,-4,0.9,-0.7,0.032,-0.01,-1.021,-0.03,0.04,0,0
6.092,-4.7,0.9,-0.5,0.032,-0.012,-1.02,-0.03,0.04,0,0
6.097,-5.3,0.9,-0.4,0.033,-0.012,-1.02,-0.03,0.04,0,0
6.102,-5.5,0.9,-0.5,0.035,-0.013,-1.021,-0.03,0.04,0,0
6.106,-6,1,-0.7,0.035,-0.012,-1.02,-0.03,0.04,0,0
6.112,-6.4,0.9,-0.7,0.037,-0.012,-1.017,-0.01,0.04,0,0
6.118,-6.7,0.6,-0.9,0.04,-0.014,-1.016,-0.01,0.04,0,0
6.124,-7.1,0.9,-1,0.04,-0.014,-1.015,-0.01,0.04,0,0
6.130,-7.6,0.8,-1.3,0.039,-0.014,-1.012,-0.01,0.04,0,0
6.136,-8.2,0.6,-1.4,0.04,-0.013,-1.012,-0.01,0.04,0,0
6.142,-8.6,0.7,-1.6,0.041,-0.013,-1.011,-0.01,0.04,0,0
6.148,-9.1,0.7,-1.8,0.041,-0.013,-1.01,-0.01,0.04,0,0
6.152,-9.5,0.7,-1.9,0.041,-0.012,-1.009,0.03,0.04,0,0
6.157,-10,0.8,-2.1,0.041,-0.01,-1.009,0.03,0.04,0,0
6.161,-10.3,0.8,-2,0.039,-0.01,-1.008,0.03,0.04,0,0
6.165,-10.7,1,-1.9,0.039,-0.007,-1.008,0.03,0.04,0,0
6.170,-11,1.1,-1.8,0.038,-0.006,-1.007,0.03,0.04,0,0
6.174,-11.2,1,-1.8,0.038,-0.005,-1.007,0.03,0.04,0,0
6.179,-11.5,1.2,-1.7,0.039,-0.002,-1.007,0.03,0.04,0,0
6.183,-11.6,1.3,-1.7,0.04,0,-1.008,0.03,0.04,0,0
6.187,-11.9,1.4,-1.7,0.039,0.002,-1.008,0.03,0.04,0,0
6.192,-12.1,1.4,-1.6,0.04,0.003,-1.008,0.03,0.04,0,0
6.196,-12.5,1.6,-1.6,0.04,0.003,-1.007,0.03,0.04,0,0
6.203,-12.7,1.5,-1.7,0.039,0.004,-1.006,0.05,0.03,0.16,0
6.210,-13,1.6,-1.6,0.037,0.007,-1.005,0.05,0.03,0.16,0
6.217,-12.9,1.6,-1.4,0.035,0.007,-1.004,0.05,0.03,0.16,0
6.224,-13.3,1.8,-1.6,0.035,0.007,-1.004,0.05,0.03,0.16,0
6.231,-13.6,1.8,-1.5,0.034,0.008,-1.004,0.05,0.03,0.16,0
6.238,-13.8,1.4,-1.5,0.032,0.009,-1.005,0.05,0.03,0.16,0
6.245,-14.1,1.6,-1.7,0.03,0.011,-1.005,0.05,0.03,0.16,0
6.249,-14.2,1.6,-1.5,0.029,0.014,-1.007,0.04,0.04,0.16,-0.16
6.252,-14.5,1.3,-1.6,0.029,0.016,-1.009,0.04,0.04,0.16,-0.16
6.255,-14.5,1.2,-1.5,0.028,0.02,-1.011,0.04,0.04,0.16,-0.16
6.258,-14.5,1.3,-1.5,0.028,0.022,-1.013,0.04,0.04,0.16,-0.16
6.261,-14.5,1.2,-1.6,0.029,0.025,-1.015,0.04,0.04,0.16,-0.16
6.264,-14.5,1.1,-1.7,0.03,0.027,-1.018,0.04,0.04,0.16,-0.16
6.267,-14.5,1.2,-1.6,0.029,0.03,-1.019,0.04,0.04,0.16,-0.16
6.270,-14.4,1,-1.5,0.03,0.032,-1.021,0.04,0.04,0.16,-0.16
6.274,-14.7,1,-1.5,0.03,0.036,-1.022,0.04,0.04,0.16,-0.16
6.277,-14.7,0.9,-1.7,0.03,0.035,-1.021,0.04,0.04,0.16,-0.16
6.280,-14.9,1,-1.5,0.03,0.036,-1.02,0.04,0.04,0.16,-0.16
6.283,-15.2,1,-1.4,0.031,0.037,-1.018,0.04,0.04,0.16,-0.16
6.286,-15.5,1.1,-1.4,0.032,0.037,-1.015,0.04,0.04,0.16,-0.16
6.289,-15.6,1,-1.2,0.033,0.037,-1.012,0.04,0.04,0.16,-0.16
6.292,-15.9,1.2,-0.7,0.035,0.038,-1.01,0.04,0.04,0.16,-0.16
6.303,-16.4,1,-0.4,0.036,0.04,-1.009,0.03,0.04,0.16,0
6.314,-16.6,1.2,-0.1,0.039,0.042,-1.008,0.03,0.04,0.16,0
6.325,-16.8,1.2,0.1,0.039,0.043,-1.008,0.03,0.04,0.16,0
6.336,-17.3,1.2,0.4,0.041,0.04,-1.009,0.03,0.04,0.16,0
6.340,-17.7,1,0.7,0.041,0.041,-1.011,0.05,0.04,0.32,-0.16
6.344,-18.1,1.1,0.9,0.041,0.04,-1.011,0.05,0.04,0.32,-0.16
6.348,-18.5,1,1.2,0.04,0.04,-1.012,0.05,0.04,0.32,-0.16
6.352,-18.9,0.9,1.2,0.038,0.04,-1.012,0.05,0.04,0.32,-0.16
6.356,-19.2,0.9,1.5,0.035,0.04,-1.014,0.05,0.04,0.32,-0.16
6.360,-19.6,0.6,1.6,0.035,0.039,-1.016,0.05,0.04,0.32,-0.16
6.364,-19.8,0.5,1.7,0.034,0.04,-1.017,0.05,0.04,0.32,-0.16
6.368,-20.2,0.5,1.8,0.033,0.042,-1.016,0.05,0.04,0.32,-0.16
6.372,-20.5,0.2,1.8,0.034,0.046,-1.017,0.05,0.04,0.32,-0.16
6.376,-21.2,0,1.7,0.035,0.048,-1.018,0.05,0.04,0.32,-0.16
6.380,-21.6,0.1,2,0.034,0.051,-1.019,0.05,0.04,0.32,-0.16
6.384,-22.2,0,2.1,0.035,0.054,-1.02,0.05,0.04,0.32,-0.16
6.389,-22.8,-0.1,2.4,0.036,0.057,-1.022,0.06,0.05,0.32,0
6.394,-23.6,-0.1,2.5,0.036,0.062,-1.022,0.06,0.05,0.32,0
6.399,-24.6,-0.1,2.6,0.038,0.065,-1.022,0.06,0.05,0.32,0
6.404,-25.7,-0.2,2.7,0.04,0.069,-1.021,0.06,0.05,0.32,0
6.409,-26.4,-0.2,2.9,0.041,0.071,-1.02,0.06,0.05,0.32,0
6.415,-27.4,-0.3,3.1,0.043,0.075,-1.018,0.06,0.05,0.32,0
6.420,-28.2,-0.2,3.1,0.045,0.079,-1.018,0.06,0.05,0.32,0
6.425,-29.1,-0.5,3.3,0.047,0.08,-1.017,0.06,0.05,0.32,0
6.430,-29.4,-0.3,3.1,0.048,0.085,-1.018,0.06,0.05,0.32,0
6.434,-29.9,-0.4,3.1,0.049,0.089,-1.019,0.04,0.06,0.33,0
6.438,-30.1,-0.6,3.1,0.05,0.094,-1.022,0.04,0.06,0.33,0
6.442,-30.4,-0.9,2.8,0.05,0.099,-1.022,0.04,0.06,0.33,0
6.447,-30.5,-1.1,2.3,0.049,0.101,-1.024,0.04,0.06,0.33,0
6.451,-30.8,-1.3,2.2,0.049,0.103,-1.024,0.04,0.06,0.33,0
6.455,-31.3,-1.4,1.8,0.048,0.102,-1.023,0.04,0.06,0.33,0
6.459,-32.2,-1.4,1.5,0.048,0.1,-1.021,0.04,0.06,0.33,0
6.464,-33.2,-1.7,1.2,0.049,0.099,-1.017,0.04,0.06,0.33,0
6.468,-34.4,-1.9,0.9,0.047,0.096,-1.012,0.04,0.06,0.33,0
6.472,-36,-1.9,0.9,0.046,0.095,-1.004,0.04,0.06,0.33,0
6.476,-36.9,-1.9,0.7,0.045,0.092,-0.998,0.04,0.06,0.33,0
6.483,-38.3,-1.9,0.9,0.047,0.092,-0.991,0.02,0.04,0.32,0
6.491,-39.2,-1.8,0.9,0.048,0.095,-0.985,0.02,0.04,0.32,0
6.498,-40.5,-2,0.8,0.049,0.094,-0.981,0.02,0.04,0.32,0
6.505,-41.6,-1.7,0.9,0.05,0.094,-0.98,0.02,0.04,0.32,0
6.512,-42.9,-1.7,0.9,0.05,0.094,-0.979,0.02,0.04,0.32,0
6.519,-44.1,-1.7,1,0.049,0.095,-0.982,0.02,0.04,0.32,0
6.526,-45.4,-1.7,0.9,0.049,0.097,-0.985,0.02,0.04,0.32,0
6.530,-46.4,-1.6,0.5,0.045,0.102,-0.99,0.03,0.05,0.66,0
6.534,-47.1,-1.7,0.3,0.042,0.111,-0.995,0.03,0.05,0.66,0
6.539,-47.7,-1.7,0.1,0.039,0.119,-1.001,0.03,0.05,0.66,0
6.543,-48.2,-1.9,0,0.036,0.128,-1.006,0.03,0.05,0.66,0
6.547,-48.7,-1.9,-0.4,0.034,0.137,-1.011,0.03,0.05,0.66,0
6.551,-48.9,-1.9,-0.6,0.03,0.145,-1.015,0.03,0.05,0.66,0
6.555,-49.6,-1.9,-0.7,0.029,0.153,-1.018,0.03,0.05,0.66,0
6.559,-50,-1.7,-0.8,0.027,0.162,-1.018,0.03,0.05,0.66,0
6.563,-50.7,-1.8,-0.7,0.025,0.168,-1.016,0.03,0.05,0.66,0
6.567,-51.5,-1.7,-0.5,0.025,0.174,-1.012,0.03,0.05,0.66,0
6.572,-52.4,-1.7,-0.2,0.024,0.179,-1.007,0.03,0.05,0.66,0
6.579,-53.4,-1.5,0,0.024,0.183,-1.001,0.03,0.04,0.67,0
6.585,-54.4,-1.2,0.1,0.024,0.186,-0.996,0.03,0.04,0.67,0
6.592,-55.2,-1.2,0.3,0.024,0.191,-0.99,0.03,0.04,0.67,0
6.599,-55.8,-0.9,0.3,0.024,0.194,-0.986,0.03,0.04,0.67,0
6.606,-56,-0.7,0.1,0.023,0.199,-0.982,0.03,0.04,0.67,0
6.613,-56.4,-0.6,-0.1,0.024,0.204,-0.98,0.03,0.04,0.67,0
6.620,-56.5,-0.4,-0.4,0.026,0.209,-0.979,0.03,0.04,0.67,0
6.624,-56.4,-0.1,-0.9,0.029,0.215,-0.978,0.05,0.04,0.51,0
6.627,-56.3,0.1,-1.2,0.031,0.22,-0.978,0.05,0.04,0.51,0
6.631,-56.2,0.4,-1.5,0.031,0.226,-0.98,0.05,0.04,0.51,0
6.634,-56.2,0.8,-1.7,0.031,0.231,-0.981,0.05,0.04,0.51,0
6.638,-56.3,1,-1.9,0.029,0.239,-0.985,0.05,0.04,0.51,0
6.641,-56.4,1.3,-2.4,0.028,0.245,-0.989,0.05,0.04,0.51,0
6.645,-56.6,1.5,-2.6,0.028,0.253,-0.992,0.05,0.04,0.51,0
6.648,-56.8,1.7,-2.6,0.025,0.262,-0.996,0.05,0.04,0.51,0
6.652,-57.2,1.9,-2.9,0.023,0.269,-0.999,0.05,0.04,0.51,0
6.655,-57,2.1,-2.8,0.021,0.277,-1.002,0.05,0.04,0.51,0
6.659,-57.1,2.3,-2.7,0.021,0.283,-1.003,0.05,0.04,0.51,0
6.662,-56.8,2.6,-2.6,0.021,0.29,-1,0.05,0.04,0.51,0
6.666,-56.5,2.7,-2.5,0.02,0.296,-0.997,0.05,0.04,0.51,0
6.669,-56.1,3,-2.5,0.021,0.3,-0.992,0.05,0.04,0.51,0
6.680,-55.8,3.3,-2.3,0.024,0.302,-0.987,0.06,0.05,0.85,0
6.690,-55.9,3.5,-2.2,0.026,0.303,-0.982,0.06,0.05,0.85,0
6.701,-55.9,3.8,-2,0.03,0.303,-0.974,0.06,0.05,0.85,0
6.711,-55.9,3.9,-1.9,0.033,0.302,-0.967,0.06,0.05,0.85,0
6.716,-56,4.2,-1.8,0.035,0.301,-0.959,0.05,0.03,0.71,0
6.720,-56.4,4.5,-1.7,0.036,0.3,-0.952,0.05,0.03,0.71,0
6.724,-56.6,4.5,-1.7,0.039,0.3,-0.947,0.05,0.03,0.71,0
6.728,-56.6,4.7,-1.8,0.042,0.301,-0.944,0.05,0.03,0.71,0
6.733,-56.4,4.8,-1.5,0.042,0.304,-0.943,0.05,0.03,0.71,0
6.737,-56.1,4.9,-1.5,0.041,0.309,-0.944,0.05,0.03,0.71,0
6.741,-55.5,4.9,-1.5,0.039,0.317,-0.947,0.05,0.03,0.71,0
6.746,-55.1,5.2,-1.4,0.035,0.324,-0.951,0.05,0.03,0.71,0
6.750,-54.3,5,-1.4,0.032,0.334,-0.956,0.05,0.03,0.71,0
6.754,-53.7,5,-1.5,0.029,0.342,-0.958,0.05,0.03,0.71,0
6.759,-53.4,4.8,-1.4,0.027,0.352,-0.96,0.05,0.03,0.71,0
6.763,-52.9,4.9,-1.4,0.028,0.36,-0.961,0.09,0.03,0.72,0
6.768,-52.6,4.5,-1.1,0.028,0.367,-0.96,0.09,0.03,0.72,0
6.773,-52.5,4.6,-0.8,0.029,0.372,-0.957,0.09,0.03,0.72,0
6.777,-52.8,4.3,-0.4,0.031,0.379,-0.953,0.09,0.03,0.72,0
6.782,-53,4.4,0.1,0.033,0.383,-0.948,0.09,0.03,0.72,0
6.787,-53.1,4.3,0.4,0.039,0.385,-0.942,0.09,0.03,0.72,0
6.792,-53.2,4.1,0.8,0.041,0.386,-0.937,0.09,0.03,0.72,0
6.796,-53.5,4,1.4,0.043,0.389,-0.931,0.09,0.03,0.72,0
6.801,-53.4,4,1.5,0.047,0.388,-0.928,0.09,0.03,0.72,0
6.806,-53.3,3.5,1.8,0.052,0.388,-0.922,0.09,0.03,0.72,0
6.810,-53.1,3.8,2,0.054,0.388,-0.917,0.07,0.02,1.41,-0.17
6.814,-52.9,3.5,2,0.058,0.388,-0.913,0.07,0.02,1.41,-0.17
6.818,-52.9,3.5,2.2,0.062,0.388,-0.91,0.07,0.02,1.41,-0.17
6.823,-52.8,3.5,2,0.064,0.388,-0.907,0.07,0.02,1.41,-0.17
6.827,-52.9,3.5,1.7,0.065,0.388,-0.904,0.07,0.02,1.41,-0.17
6.831,-52.9,3.3,1.4,0.065,0.39,-0.902,0.07,0.02,1.41,-0.17
6.835,-52.9,3.2,0.9,0.065,0.394,-0.901,0.07,0.02,1.41,-0.17
6.840,-53.1,3.2,0.9,0.066,0.398,-0.9,0.07,0.02,1.41,-0.17
6.844,-53.1,3,0.5,0.062,0.405,-0.898,0.07,0.02,1.41,-0.17
6.848,-53.2,2.9,0.3,0.059,0.412,-0.897,0.07,0.02,1.41,-0.17
6.852,-53,2.7,0.3,0.056,0.418,-0.896,0.07,0.02,1.41,-0.17
6.857,-52.9,2.5,0,0.052,0.426,-0.896,0.07,0.01,1.44,0
6.862,-52.8,2.3,-0.1,0.05,0.432,-0.896,0.07,0.01,1.44,0
6.868,-52.8,2,-0.3,0.048,0.439,-0.894,0.07,0.01,1.44,0
6.873,-52.8,1.8,-0.4,0.046,0.447,-0.893,0.07,0.01,1.44,0
6.878,-52.9,1.3,-0.4,0.045,0.453,-0.89,0.07,0.01,1.44,0
6.883,-53.1,0.9,-0.4,0.042,0.457,-0.889,0.07,0.01,1.44,0
6.888,-53.5,0.4,-0.4,0.042,0.46,-0.885,0.07,0.01,1.44,0
6.893,-53.6,0,-0.1,0.043,0.462,-0.882,0.07,0.01,1.44,0
6.899,-53.6,-0.6,0.2,0.044,0.466,-0.878,0.07,0.01,1.44,0
6.904,-53.7,-1.1,0.4,0.046,0.471,-0.873,0.06,0.01,1.5,0
6.909,-53.7,-1.7,0.8,0.049,0.475,-0.869,0.06,0.01,1.5,0
6.914,-53.7,-2,0.9,0.052,0.481,-0.864,0.06,0.01,1.5,0
6.920,-53.4,-2.6,1,0.052,0.488,-0.861,0.06,0.01,1.5,0
6.925,-53.1,-2.8,1.2,0.056,0.494,-0.858,0.06,0.01,1.5,0
6.930,-52.8,-3.4,1,0.057,0.5,-0.856,0.06,0.01,1.5,0
6.936,-52.8,-3.7,1.2,0.06,0.506,-0.852,0.06,0.01,1.5,0
6.941,-52.8,-4.2,1.3,0.06,0.511,-0.849,0.06,0.01,1.5,0
6.946,-52.7,-4.5,1.4,0.061,0.515,-0.845,0.06,0.01,1.5,0
6.951,-52.8,-4.7,1.4,0.06,0.518,-0.842,0.04,0,1.54,0.19
6.956,-52.9,-5,1.5,0.06,0.521,-0.84,0.04,0,1.54,0.19
6.961,-52.9,-5.2,1.4,0.059,0.524,-0.839,0.04,0,1.54,0.19
6.966,-53.1,-5.5,1.3,0.057,0.526,-0.839,0.04,0,1.54,0.19
6.971,-53,-5.6,1.4,0.055,0.529,-0.838,0.04,0,1.54,0.19
6.976,-53.1,-5.8,1,0.051,0.53,-0.839,0.04,0,1.54,0.19
6.981,-53.1,-5.9,0.8,0.049,0.53,-0.84,0.04,0,1.54,0.19
6.986,-53.2,-6.2,0.5,0.045,0.531,-0.839,0.04,0,1.54,0.19
6.991,-53.5,-6.4,0.1,0.043,0.53,-0.838,0.04,0,1.54,0.19
6.996,-54,-6.7,0,0.041,0.53,-0.836,0.04,0,1.54,0.19
7.002,-54.3,-6.9,0,0.039,0.53,-0.833,0.03,0,1.71,0.19
7.008,-54.6,-7.1,-0.3,0.037,0.534,-0.83,0.03,0,1.71,0.19
7.014,-54.8,-7.5,-0.4,0.036,0.541,-0.825,0.03,0,1.71,0.19
7.020,-55.3,-7.7,-0.4,0.034,0.548,-0.821,0.03,0,1.71,0.19
7.026,-55.3,-8,-0.6,0.034,0.558,-0.817,0.03,0,1.71,0.19
7.032,-55.2,-8.3,-0.8,0.032,0.567,-0.815,0.03,0,1.71,0.19
7.038,-55.1,-8.5,-1,0.031,0.577,-0.812,0.03,0,1.71,0.19
7.044,-54.8,-8.7,-1.5,0.029,0.586,-0.808,0.03,0,1.71,0.19
7.049,-54.8,-9.4,-1.7,0.028,0.596,-0.805,0.01,0,0.99,0
7.054,-54.5,-9.4,-2,0.026,0.605,-0.802,0.01,0,0.99,0
7.060,-54,-9.6,-2.1,0.024,0.614,-0.8,0.01,0,0.99,0
7.065,-53.5,-9.7,-2.2,0.025,0.622,-0.797,0.01,0,0.99,0
7.070,-52.8,-9.7,-2.4,0.025,0.629,-0.795,0.01,0,0.99,0
7.076,-52.1,-10,-2.6,0.025,0.633,-0.793,0.01,0,0.99,0
7.081,-51.9,-9.9,-2.8,0.024,0.637,-0.79,0.01,0,0.99,0
7.086,-51.5,-9.8,-2.7,0.025,0.638,-0.787,0.01,0,0.99,0
7.091,-51.3,-10,-2.8,0.023,0.636,-0.782,0.02,-0.01,0.8,0.2
7.097,-51.3,-9.9,-2.9,0.023,0.634,-0.779,0.02,-0.01,0.8,0.2
7.102,-51.3,-9.7,-3.1,0.022,0.632,-0.779,0.02,-0.01,0.8,0.2
7.107,-51.5,-9.5,-3.4,0.022,0.63,-0.776,0.02,-0.01,0.8,0.2
7.113,-51.6,-9.4,-3.5,0.022,0.629,-0.775,0.02,-0.01,0.8,0.2
7.118,-51.8,-9.2,-3.7,0.021,0.629,-0.773,0.02,-0.01,0.8,0.2
7.123,-52,-9.1,-4,0.021,0.628,-0.772,0.02,-0.01,0.8,0.2
7.128,-52.3,-8.8,-4.2,0.019,0.629,-0.771,0.02,-0.01,0.8,0.2
7.134,-52.5,-8.4,-4.4,0.016,0.63,-0.772,0.02,-0.01,0.8,0.2
7.138,-52.6,-8.3,-4.5,0.015,0.634,-0.77,0.05,-0.01,0.63,0.21
7.143,-52.6,-8,-4.8,0.01,0.639,-0.769,0.05,-0.01,0.63,0.21
7.147,-52.7,-7.7,-5,0.007,0.646,-0.768,0.05,-0.01,0.63,0.21
7.152,-52.8,-7.7,-5.1,0.002,0.654,-0.764,0.05,-0.01,0.63,0.21
7.156,-52.4,-7.2,-5.1,-0.002,0.663,-0.76,0.05,-0.01,0.63,0.21
7.160,-52,-7,-4.8,-0.006,0.675,-0.755,0.05,-0.01,0.63,0.21
7.165,-51.7,-6.9,-4.8,-0.009,0.684,-0.75,0.05,-0.01,0.63,0.21
7.169,-51,-6.6,-4.6,-0.011,0.693,-0.745,0.05,-0.01,0.63,0.21
7.174,-50.5,-6.4,-4.6,-0.011,0.702,-0.74,0.05,-0.01,0.63,0.21
7.178,-49.9,-6.1,-4.2,-0.011,0.709,-0.735,0.05,-0.01,0.63,0.21
7.183,-49,-5.6,-4,-0.01,0.717,-0.73,0.05,-0.01,0.63,0.21
7.187,-48.2,-5.2,-3.7,-0.007,0.723,-0.726,0.11,-0.01,0.88,0
7.191,-47.6,-4.9,-3.5,-0.005,0.727,-0.721,0.11,-0.01,0.88,0
7.196,-47.1,-4.4,-3.4,-0.001,0.728,-0.717,0.11,-0.01,0.88,0
7.200,-46.7,-3.9,-3,0.001,0.727,-0.715,0.11,-0.01,0.88,0
7.204,-46.7,-3.4,-2.9,0.005,0.724,-0.714,0.11,-0.01,0.88,0
7.209,-46.5,-3,-2.6,0.008,0.72,-0.714,0.11,-0.01,0.88,0
7.213,-46.7,-2.3,-2.6,0.011,0.715,-0.714,0.11,-0.01,0.88,0
7.217,-47,-1.6,-2.5,0.011,0.712,-0.714,0.11,-0.01,0.88,0
7.221,-47.2,-1.1,-2.5,0.012,0.706,-0.716,0.11,-0.01,0.88,0
7.226,-47.7,-0.6,-2.5,0.012,0.703,-0.719,0.11,-0.01,0.88,0
7.230,-47.9,0.1,-2.9,0.012,0.699,-0.72,0.11,-0.01,0.88,0
7.236,-48.2,0.7,-3,0.011,0.697,-0.72,0.14,-0.02,0.89,0
7.242,-48.4,1.3,-3.5,0.008,0.695,-0.72,0.14,-0.02,0.89,0
7.248,-48.5,1.8,-4,0.004,0.694,-0.717,0.14,-0.02,0.89,0
7.255,-48.6,2.1,-4.5,0,0.697,-0.714,0.14,-0.02,0.89,0
7.261,-48.7,2.6,-4.9,-0.003,0.701,-0.709,0.14,-0.02,0.89,0
7.267,-48.6,2.9,-5.2,-0.006,0.707,-0.704,0.14,-0.02,0.89,0
7.273,-48.4,3.2,-5.4,-0.009,0.714,-0.699,0.14,-0.02,0.89,0
7.277,-48.6,3.2,-5.3,-0.013,0.722,-0.694,0.14,-0.02,1.53,0
7.281,-48.5,3.3,-5.2,-0.015,0.732,-0.688,0.14,-0.02,1.53,0
7.286,-48.5,3.4,-5.1,-0.014,0.742,-0.681,0.14,-0.02,1.53,0
7.290,-48.4,3.4,-4.5,-0.013,0.754,-0.676,0.14,-0.02,1.53,0
7.294,-48.4,3.3,-4.1,-0.011,0.764,-0.67,0.14,-0.02,1.53,0
7.299,-48.5,3.4,-3.6,-0.009,0.774,-0.664,0.14,-0.02,1.53,0
7.303,-48.5,3.2,-3,-0.008,0.781,-0.661,0.14,-0.02,1.53,0
7.307,-48.7,3,-2.6,-0.005,0.785,-0.66,0.14,-0.02,1.53,0
7.311,-48.5,3,-2.3,0,0.791,-0.659,0.14,-0.02,1.53,0
7.316,-48.7,2.8,-1.8,0.004,0.797,-0.661,0.14,-0.02,1.53,0
7.320,-48.4,2.9,-1.7,0.009,0.801,-0.662,0.14,-0.02,1.53,0
7.324,-48.4,2.7,-1.7,0.013,0.804,-0.664,0.11,0,1,0
7.328,-48.4,2.8,-1.5,0.016,0.805,-0.666,0.11,0,1,0
7.333,-48.3,2.8,-1.8,0.018,0.806,-0.668,0.11,0,1,0
7.337,-48.5,2.5,-2.3,0.021,0.805,-0.668,0.11,0,1,0
7.341,-48.7,2.5,-2.7,0.025,0.804,-0.668,0.11,0,1,0
7.345,-49,2.5,-3.1,0.027,0.802,-0.667,0.11,0,1,0
7.350,-49.2,2.3,-3.7,0.029,0.798,-0.664,0.11,0,1,0
7.354,-49.6,2.1,-4,0.032,0.796,-0.66,0.11,0,1,0
7.358,-49.9,2,-4.6,0.033,0.795,-0.655,0.11,0,1,0
7.362,-49.8,1.4,-4.7,0.032,0.796,-0.65,0.11,0,1,0
7.367,-49.8,1,-5,0.032,0.798,-0.642,0.11,0,1,0
7.373,-49.6,0.3,-5,0.032,0.802,-0.634,0.1,0,1.82,0
7.380,-49.5,0,-5.2,0.031,0.807,-0.625,0.1,0,1.82,0
7.386,-49,-0.9,-5,0.031,0.81,-0.614,0.1,0,1.82,0
7.393,-48.7,-1.7,-5,0.032,0.815,-0.604,0.1,0,1.82,0
7.399,-48.4,-2.2,-4.8,0.033,0.822,-0.597,0.1,0,1.82,0
7.406,-48.1,-2.8,-4.6,0.034,0.826,-0.59,0.1,0,1.82,0
7.412,-47.7,-3.6,-4.2,0.034,0.832,-0.584,0.1,0,1.82,0
7.417,-47.6,-4.1,-3.9,0.033,0.839,-0.579,0.07,0,1.11,0
7.421,-47.3,-4.8,-3.2,0.03,0.845,-0.577,0.07,0,1.11,0
7.426,-47.2,-5.3,-2.8,0.026,0.848,-0.577,0.07,0,1.11,0
7.430,-47.6,-6.2,-2.3,0.022,0.849,-0.578,0.07,0,1.11,0
7.434,-48.1,-6.5,-1.7,0.019,0.849,-0.581,0.07,0,1.11,0
7.439,-48.7,-7.2,-1.5,0.016,0.849,-0.585,0.07,0,1.11,0
7.443,-49.2,-7.4,-1.2,0.012,0.85,-0.588,0.07,0,1.11,0
7.448,-50.1,-7.8,-1.2,0.01,0.85,-0.591,0.07,0,1.11,0
7.452,-50.9,-8.2,-1,0.008,0.848,-0.593,0.07,0,1.11,0
7.456,-51.7,-8.3,-0.8,0.007,0.846,-0.593,0.07,0,1.11,0
7.461,-52.6,-8.5,-0.7,0.007,0.842,-0.592,0.07,0,1.11,0
7.468,-53.3,-8.6,-0.5,0.007,0.842,-0.589,0.04,0,2.3,0.28
7.475,-54.1,-8.8,-0.3,0.006,0.84,-0.582,0.04,0,2.3,0.28
7.482,-54.5,-8.7,-0.1,0.007,0.841,-0.574,0.04,0,2.3,0.28
7.488,-54.6,-8.5,0,0.006,0.845,-0.564,0.04,0,2.3,0.28
7.495,-54.6,-8.3,-0.1,0.006,0.853,-0.554,0.04,0,2.3,0.28
7.502,-54.2,-8,0.1,0.008,0.861,-0.543,0.04,0,2.3,0.28
7.509,-53.7,-7.8,0.2,0.008,0.868,-0.531,0.04,0,2.3,0.28
7.514,-52.9,-7.5,0.2,0.01,0.875,-0.519,0,0,1.25,0.31
7.518,-51.9,-7.1,0.3,0.012,0.882,-0.508,0,0,1.25,0.31
7.522,-51,-6.6,0.5,0.016,0.886,-0.498,0,0,1.25,0.31
7.527,-50.3,-6.1,0.7,0.017,0.889,-0.49,0,0,1.25,0.31
7.531,-49.2,-5.4,0.9,0.018,0.889,-0.484,0,0,1.25,0.31
7.536,-48.6,-5.1,1.4,0.016,0.889,-0.481,0,0,1.25,0.31
7.540,-48,-4.4,1.5,0.012,0.89,-0.481,0,0,1.25,0.31
7.544,-47.8,-4.1,1.8,0.008,0.892,-0.484,0,0,1.25,0.31
7.549,-47.6,-3.9,2.3,0.002,0.894,-0.492,0,0,1.25,0.31
7.553,-47.9,-3.4,2.8,-0.003,0.896,-0.503,0,0,1.25,0.31
7.558,-48.2,-3.2,3.1,-0.011,0.899,-0.514,0,0,1.25,0.31
7.563,-48.7,-3.3,3.5,-0.019,0.905,-0.527,0.02,0,1.01,0
7.569,-49.2,-3.4,3.4,-0.024,0.911,-0.535,0.02,0,1.01,0
7.574,-49.7,-3.4,3.5,-0.027,0.915,-0.54,0.02,0,1.01,0
7.579,-49.9,-3.3,3.4,-0.029,0.919,-0.542,0.02,0,1.01,0
7.585,-50.2,-3.7,3.4,-0.028,0.921,-0.539,0.02,0,1.01,0
7.590,-50.4,-3.7,3.4,-0.028,0.923,-0.531,0.02,0,1.01,0
7.596,-50.7,-3.7,3.4,-0.025,0.924,-0.519,0.02,0,1.01,0
7.601,-50.8,-3.6,3.4,-0.02,0.923,-0.502,0.02,0,1.01,0
7.607,-50.7,-3.4,3.1,-0.016,0.92,-0.484,0.02,0,1.01,0
7.612,-50.9,-3.3,3,-0.011,0.919,-0.467,0.04,0,1.48,0
7.617,-51.1,-3,2.9,-0.007,0.917,-0.45,0.04,0,1.48,0
7.622,-51,-3,2.9,-0.004,0.914,-0.435,0.04,0,1.48,0
7.627,-51.1,-2.7,2.7,-0.001,0.912,-0.422,0.04,0,1.48,0
7.633,-51.2,-2.6,2.6,0.001,0.907,-0.412,0.04,0,1.48,0
7.638,-50.9,-2.2,2.4,0.003,0.905,-0.405,0.04,0,1.48,0
7.643,-50.7,-2,2.3,0.005,0.902,-0.399,0.04,0,1.48,0
7.648,-50.4,-2,2.1,0.005,0.899,-0.398,0.04,0,1.48,0
7.653,-49.9,-1.7,2,0.003,0.897,-0.397,0.05,-0.02,1.27,0
7.657,-49.5,-1.6,2.1,0.002,0.895,-0.396,0.05,-0.02,1.27,0
7.661,-49.2,-1.6,2.1,-0.001,0.895,-0.395,0.05,-0.02,1.27,0
7.666,-49.1,-1.4,2.3,-0.005,0.894,-0.394,0.05,-0.02,1.27,0
7.670,-49.3,-1.4,2.4,-0.009,0.894,-0.394,0.05,-0.02,1.27,0
7.675,-49.3,-1.1,2.8,-0.011,0.895,-0.394,0.05,-0.02,1.27,0
7.679,-49.9,-1.1,2.7,-0.014,0.898,-0.39,0.05,-0.02,1.27,0
7.683,-50.1,-1,2.9,-0.016,0.904,-0.386,0.05,-0.02,1.27,0
7.688,-50.5,-1,2.8,-0.017,0.908,-0.383,0.05,-0.02,1.27,0
7.692,-50.8,-0.9,2.9,-0.019,0.915,-0.38,0.05,-0.02,1.27,0
7.697,-51,-0.9,2.7,-0.019,0.92,-0.376,0.05,-0.02,1.27,0
7.701,-51.3,-1.1,2.5,-0.02,0.926,-0.372,0.01,-0.04,1.85,0
7.705,-51.3,-1.3,2.5,-0.018,0.929,-0.366,0.01,-0.04,1.85,0
7.710,-51.3,-1.6,2.4,-0.014,0.93,-0.36,0.01,-0.04,1.85,0
7.714,-51.3,-1.7,2.3,-0.011,0.932,-0.352,0.01,-0.04,1.85,0
7.719,-51.1,-2.3,2.5,-0.006,0.932,-0.344,0.01,-0.04,1.85,0
7.723,-50.9,-2.3,2.5,0,0.933,-0.335,0.01,-0.04,1.85,0
7.728,-50.6,-2.6,2.7,0.006,0.932,-0.325,0.01,-0.04,1.85,0
7.732,-50,-2.8,2.9,0.011,0.93,-0.317,0.01,-0.04,1.85,0
7.737,-49.7,-3.1,3,0.016,0.928,-0.31,0.01,-0.04,1.85,0
7.741,-49.1,-3.2,3.2,0.019,0.925,-0.304,0.01,-0.04,1.85,0
7.745,-48.6,-3.3,3.2,0.023,0.924,-0.299,0.01,-0.04,1.85,0
7.752,-48.1,-3.6,3.2,0.026,0.926,-0.295,-0.02,-0.06,1.45,0
7.758,-47.7,-3.5,3.1,0.027,0.926,-0.294,-0.02,-0.06,1.45,0
7.765,-47.3,-3.7,2.8,0.027,0.927,-0.293,-0.02,-0.06,1.45,0
7.771,-46.9,-3.9,2.3,0.026,0.927,-0.293,-0.02,-0.06,1.45,0
7.777,-46.5,-4,2,0.026,0.927,-0.293,-0.02,-0.06,1.45,0
7.784,-46,-4.2,1.7,0.025,0.928,-0.291,-0.02,-0.06,1.45,0
7.790,-45.8,-4.2,1.3,0.023,0.928,-0.289,-0.02,-0.06,1.45,0
7.794,-45.5,-4.5,1,0.022,0.931,-0.286,-0.04,-0.09,1.5,0
7.798,-45.3,-4.9,1,0.019,0.933,-0.282,-0.04,-0.09,1.5,0
7.802,-45,-5.2,1.1,0.015,0.936,-0.278,-0.04,-0.09,1.5,0
7.807,-44.6,-5.3,1.2,0.011,0.941,-0.273,-0.04,-0.09,1.5,0
7.811,-44,-5.6,0.9,0.01,0.945,-0.267,-0.04,-0.09,1.5,0
7.815,-43.4,-5.9,0.9,0.01,0.95,-0.261,-0.04,-0.09,1.5,0
7.819,-42.9,-6.3,0.8,0.009,0.955,-0.255,-0.04,-0.09,1.5,0
7.823,-42.2,-6.5,0.7,0.008,0.957,-0.249,-0.04,-0.09,1.5,0
7.827,-41.8,-6.7,0.4,0.009,0.958,-0.244,-0.04,-0.09,1.5,0
7.831,-41.4,-6.9,0,0.009,0.958,-0.24,-0.04,-0.09,1.5,0
7.836,-41.3,-7.2,-0.1,0.01,0.958,-0.236,-0.04,-0.09,1.5,0
7.842,-41,-7.3,-0.5,0.01,0.958,-0.234,-0.05,-0.1,1.42,0
7.849,-40.7,-7.3,-0.9,0.011,0.962,-0.232,-0.05,-0.1,1.42,0
7.856,-40.3,-7.4,-1,0.01,0.965,-0.23,-0.05,-0.1,1.42,0
7.863,-39.9,-7.2,-1.2,0.009,0.969,-0.229,-0.05,-0.1,1.42,0
7.870,-39.5,-7.2,-1.2,0.008,0.975,-0.226,-0.05,-0.1,1.42,0
7.877,-38.9,-7.3,-1.4,0.005,0.981,-0.225,-0.05,-0.1,1.42,0
7.884,-38.6,-7.4,-1.3,0.002,0.988,-0.222,-0.05,-0.1,1.42,0
7.888,-38.1,-7.2,-1.3,0,0.993,-0.223,-0.01,-0.11,0.94,0.47
7.893,-37.6,-7.3,-1.1,0,0.994,-0.221,-0.01,-0.11,0.94,0.47
7.897,-37.5,-7,-1,0,0.996,-0.22,-0.01,-0.11,0.94,0.47
7.902,-37.3,-6.9,-0.9,-0.001,0.996,-0.218,-0.01,-0.11,0.94,0.47
7.906,-37.4,-6.9,-1.1,-0.003,0.996,-0.217,-0.01,-0.11,0.94,0.47
7.911,-37.7,-6.7,-1.3,-0.004,0.993,-0.216,-0.01,-0.11,0.94,0.47
7.915,-37.9,-6.6,-1.6,-0.007,0.991,-0.216,-0.01,-0.11,0.94,0.47
7.920,-38,-6.7,-1.6,-0.009,0.991,-0.216,-0.01,-0.11,0.94,0.47
7.924,-38.2,-6.6,-1.7,-0.011,0.99,-0.216,-0.01,-0.11,0.94,0.47
7.928,-38.3,-6.4,-2,-0.012,0.989,-0.213,-0.01,-0.11,0.94,0.47
7.933,-38.1,-6.6,-2.5,-0.014,0.989,-0.21,-0.01,-0.11,0.94,0.47
7.940,-37.9,-6.4,-2.6,-0.015,0.989,-0.205,0.01,-0.12,1.41,0
7.947,-37.9,-6.4,-2.8,-0.018,0.99,-0.2,0.01,-0.12,1.41,0
7.954,-37.8,-6.4,-2.9,-0.018,0.99,-0.193,0.01,-0.12,1.41,0
7.960,-37.5,-6.3,-3,-0.019,0.991,-0.186,0.01,-0.12,1.41,0
7.967,-37.1,-6.4,-2.9,-0.018,0.994,-0.178,0.01,-0.12,1.41,0
7.974,-36.8,-6.3,-3,-0.019,0.996,-0.171,0.01,-0.12,1.41,0
7.981,-36.3,-6.3,-2.7,-0.019,1.001,-0.163,0.01,-0.12,1.41,0
7.985,-35.9,-6.3,-2.8,-0.018,1.005,-0.156,0.04,-0.13,1.46,0
7.989,-35.5,-6.3,-2.4,-0.018,1.009,-0.152,0.04,-0.13,1.46,0
7.993,-35.2,-6.1,-2.3,-0.018,1.013,-0.15,0.04,-0.13,1.46,0
7.997,-34.6,-6.3,-2.1,-0.019,1.016,-0.15,0.04,-0.13,1.46,0
8.000,-34.1,-6.2,-1.8,-0.019,1.018,-0.15,0.04,-0.13,1.46,0
8.004,-33.6,-6,-1.7,-0.019,1.018,-0.154,0.04,-0.13,1.46,0
8.008,-33,-5.9,-1.4,-0.016,1.016,-0.156,0.04,-0.13,1.46,0
8.012,-32.4,-6.1,-1,-0.014,1.014,-0.16,0.04,-0.13,1.46,0
8.016,-32,-5.9,-0.9,-0.011,1.011,-0.162,0.04,-0.13,1.46,0
8.020,-31.5,-5.9,-0.4,-0.007,1.01,-0.163,0.04,-0.13,1.46,0
8.024,-30.9,-5.7,-0.2,-0.005,1.008,-0.164,0.04,-0.13,1.46,0
8.030,-30.4,-5.3,0.2,-0.001,1.005,-0.161,0.06,-0.13,1.44,0
8.037,-29.9,-5,0.4,0.001,1.005,-0.156,0.06,-0.13,1.44,0
8.044,-29.3,-4.4,0.7,0.004,1.004,-0.15,0.06,-0.13,1.44,0
8.051,-28.9,-4.1,0.8,0.004,1.007,-0.142,0.06,-0.13,1.44,0
8.058,-28.2,-3.6,0.9,0.004,1.008,-0.135,0.06,-0.13,1.44,0
8.064,-27.3,-3,1,0.003,1.009,-0.128,0.06,-0.13,1.44,0
8.071,-26.6,-2.3,1,0.003,1.01,-0.122,0.06,-0.13,1.44,0
8.076,-25.8,-1.8,1,0.003,1.009,-0.113,0.09,-0.15,1.47,0
8.081,-25,-1.1,0.7,0.004,1.008,-0.107,0.09,-0.15,1.47,0
8.086,-24.3,-0.3,0.6,0.005,1.007,-0.102,0.09,-0.15,1.47,0
8.091,-23.9,0.2,0.6,0.004,1.005,-0.099,0.09,-0.15,1.47,0
8.096,-23.5,0.9,0.2,0.005,1.004,-0.099,0.09,-0.15,1.47,0
8.101,-23.4,1.4,0.1,0.005,1.002,-0.099,0.09,-0.15,1.47,0
8.106,-23.4,1.7,0,0.004,1,-0.1,0.09,-0.15,1.47,0
8.111,-23,2.1,-0.3,0.002,1,-0.104,0.09,-0.15,1.47,0
8.115,-23,2.4,-0.6,0,1.001,-0.105,0.09,-0.15,1.47,0
8.120,-22.8,2.6,-0.6,0,1.002,-0.106,0.09,-0.15,1.47,0
8.125,-22.4,2.6,-0.8,-0.003,1.003,-0.106,0.09,-0.16,0,0
8.129,-21.9,2.5,-0.8,-0.005,1.007,-0.105,0.09,-0.16,0,0
8.133,-21.5,2.6,-0.7,-0.004,1.01,-0.101,0.09,-0.16,0,0
8.137,-21.2,2.5,-0.9,-0.001,1.011,-0.095,0.09,-0.16,0,0
8.141,-20.8,2.4,-0.8,0,1.011,-0.089,0.09,-0.16,0,0
8.146,-20.4,2.1,-0.7,0.002,1.011,-0.083,0.09,-0.16,0,0
8.150,-20.3,2.1,-0.7,0.003,1.009,-0.077,0.09,-0.16,0,0
8.154,-20.2,1.8,-0.6,0.004,1.005,-0.071,0.09,-0.16,0,0
8.158,-20.1,1.8,-0.4,0.004,1.001,-0.068,0.09,-0.16,0,0
8.163,-20.2,1.5,-0.3,0.004,0.998,-0.067,0.09,-0.16,0,0
8.167,-20.2,1,0,0.003,0.993,-0.067,0.09,-0.16,0,0
8.173,-20.5,0.9,0,0.001,0.991,-0.07,0.06,-0.18,0.48,0
8.179,-20.4,0.4,0.2,0,0.99,-0.073,0.06,-0.18,0.48,0
8.185,-20.5,0,0.1,-0.003,0.99,-0.075,0.06,-0.18,0.48,0
8.192,-20.2,-0.3,0.1,-0.006,0.989,-0.077,0.06,-0.18,0.48,0
8.198,-20.3,-0.5,0,-0.007,0.991,-0.078,0.06,-0.18,0.48,0
8.204,-20,-1,-0.1,-0.009,0.994,-0.078,0.06,-0.18,0.48,0
8.210,-20,-1.4,-0.3,-0.01,0.999,-0.075,0.06,-0.18,0.48,0
8.214,-19.7,-1.6,-0.6,-0.01,1.004,-0.071,0.01,-0.2,0.47,0
8.217,-19.5,-1.9,-0.8,-0.008,1.008,-0.066,0.01,-0.2,0.47,0
8.221,-19.5,-2.3,-0.8,-0.008,1.012,-0.06,0.01,-0.2,0.47,0
8.224,-19.5,-2.5,-1,-0.008,1.016,-0.054,0.01,-0.2,0.47,0
8.227,-19.8,-2.9,-1,-0.009,1.016,-0.048,0.01,-0.2,0.47,0
8.231,-19.9,-3,-0.9,-0.009,1.016,-0.043,0.01,-0.2,0.47,0
8.234,-20.2,-3.1,-0.8,-0.009,1.015,-0.039,0.01,-0.2,0.47,0
8.238,-20.4,-3.4,-0.9,-0.009,1.013,-0.036,0.01,-0.2,0.47,0
8.241,-20.5,-3.7,-0.7,-0.009,1.011,-0.037,0.01,-0.2,0.47,0
8.245,-20.6,-3.9,-0.9,-0.008,1.007,-0.038,0.01,-0.2,0.47,0
8.248,-20.4,-4.1,-1,-0.006,1.006,-0.042,0.01,-0.2,0.47,0
8.252,-20.2,-4.2,-1.2,-0.006,1.005,-0.044,0.01,-0.2,0.47,0
8.255,-19.9,-4.3,-1.5,-0.004,1.005,-0.047,0.01,-0.2,0.47,0
8.258,-19.5,-4.4,-1.6,-0.002,1.008,-0.05,0.01,-0.2,0.47,0
8.264,-19.1,-4.4,-2,-0.003,1.012,-0.051,0.02,-0.21,0.47,0.47
8.270,-18.5,-4.4,-2.3,-0.004,1.017,-0.051,0.02,-0.21,0.47,0.47
8.275,-18,-4.5,-2.5,-0.004,1.021,-0.048,0.02,-0.21,0.47,0.47
8.281,-17.2,-4.2,-2.9,-0.005,1.026,-0.044,0.02,-0.21,0.47,0.47
8.287,-16.7,-4.2,-3.2,-0.008,1.03,-0.038,0.02,-0.21,0.47,0.47
8.292,-16.4,-3.9,-3.3,-0.01,1.031,-0.035,0.02,-0.21,0.47,0.47
8.298,-16,-3.9,-3.5,-0.014,1.03,-0.03,0.02,-0.21,0.47,0.47
8.304,-16.1,-3.6,-3.6,-0.015,1.026,-0.025,0.02,-0.21,0.47,0.47
8.309,-16,-3.4,-3.7,-0.017,1.023,-0.022,0.04,-0.22,1.92,0.48
8.313,-16.4,-3.2,-3.8,-0.019,1.019,-0.02,0.04,-0.22,1.92,0.48
8.318,-16.7,-2.9,-3.8,-0.021,1.016,-0.019,0.04,-0.22,1.92,0.48
8.323,-17.2,-2.8,-3.6,-0.021,1.013,-0.018,0.04,-0.22,1.92,0.48
8.328,-17.4,-2.7,-3.9,-0.022,1.013,-0.019,0.04,-0.22,1.92,0.48
8.332,-17.4,-2.5,-3.7,-0.023,1.014,-0.022,0.04,-0.22,1.92,0.48
8.337,-17.1,-2.3,-3.8,-0.023,1.016,-0.023,0.04,-0.22,1.92,0.48
8.342,-16.9,-1.9,-3.9,-0.024,1.021,-0.024,0.04,-0.22,1.92,0.48
8.347,-16.7,-1.5,-3.8,-0.025,1.025,-0.023,0.04,-0.22,1.92,0.48
8.352,-16.2,-1.3,-3.6,-0.024,1.031,-0.021,0.04,-0.22,1.92,0.48
8.356,-16.1,-0.9,-3.6,-0.025,1.036,-0.019,0.04,-0.22,1.92,0.48
8.362,-15.6,-0.6,-3.6,-0.027,1.039,-0.014,0.04,-0.22,0.48,0
8.368,-15.6,-0.1,-3.4,-0.03,1.039,-0.009,0.04,-0.22,0.48,0
8.374,-15.1,0.1,-3.4,-0.033,1.039,-0.003,0.04,-0.22,0.48,0
8.380,-15,0.5,-3.2,-0.035,1.039,0.001,0.04,-0.22,0.48,0
8.386,-14.7,1,-3.2,-0.036,1.036,0.006,0.04,-0.22,0.48,0
8.392,-14.4,1.2,-3,-0.039,1.033,0.011,0.04,-0.22,0.48,0
8.398,-13.8,1.9,-2.9,-0.041,1.029,0.015,0.04,-0.22,0.48,0
8.402,-13.4,2.3,-2.6,-0.04,1.024,0.017,0.01,-0.25,0.48,0
8.407,-13,2.8,-2.6,-0.038,1.018,0.018,0.01,-0.25,0.48,0
8.411,-12.7,3,-2.8,-0.033,1.01,0.018,0.01,-0.25,0.48,0
8.415,-12.7,3.5,-2.8,-0.029,1.002,0.018,0.01,-0.25,0.48,0
8.420,-12.5,3.8,-2.7,-0.025,0.992,0.015,0.01,-0.25,0.48,0
8.424,-12.7,4.3,-2.9,-0.018,0.986,0.012,0.01,-0.25,0.48,0
8.429,-12.5,4.5,-2.8,-0.014,0.981,0.009,0.01,-0.25,0.48,0
8.433,-12.3,4.8,-2.8,-0.008,0.977,0.006,0.01,-0.25,0.48,0
8.438,-12.3,5.1,-2.8,-0.005,0.978,0.004,0.01,-0.25,0.48,0
8.442,-11.7,5.2,-3,-0.001,0.978,0.001,0.01,-0.25,0.48,0
8.446,-11.3,5.4,-3,-0.001,0.98,0,0.01,-0.25,0.48,0
8.453,-10.7,5.1,-3,0,0.983,0,0,-0.27,0.49,-0.98
8.460,-10.1,5.2,-3,0.001,0.983,0,0,-0.27,0.49,-0.98
8.467,-9.5,5,-2.9,0.002,0.983,-0.001,0,-0.27,0.49,-0.98
8.474,-8.9,4.8,-2.9,0.005,0.983,-0.002,0,-0.27,0.49,-0.98
8.481,-8.4,4.6,-2.7,0.008,0.984,-0.001,0,-0.27,0.49,-0.98
8.488,-7.8,4.3,-2.6,0.01,0.983,0,0,-0.27,0.49,-0.98
8.495,-7.3,3.8,-2.3,0.01,0.984,0,0,-0.27,0.49,-0.98
8.500,-6.9,3.5,-2.1,0.009,0.984,0,0.02,-0.3,0,0
8.504,-6.5,3,-1.8,0.007,0.985,0.002,0.02,-0.3,0,0
8.508,-5.9,2.7,-1.7,0.004,0.984,0.003,0.02,-0.3,0,0
8.513,-4.9,2.1,-1.3,0.001,0.984,0.005,0.02,-0.3,0,0
8.517,-4,1.6,-1.3,-0.001,0.984,0.006,0.02,-0.3,0,0
8.522,-3.2,1,-0.9,-0.004,0.984,0.006,0.02,-0.3,0,0
8.526,-2.4,0.7,-0.8,-0.008,0.983,0.007,0.02,-0.3,0,0
8.530,-1.7,0.2,-0.6,-0.011,0.984,0.008,0.02,-0.3,0,0
8.535,-1.2,-0.1,-0.5,-0.014,0.985,0.008,0.02,-0.3,0,0
8.539,-1.1,-0.6,-0.4,-0.013,0.985,0.006,0.02,-0.3,0,0
8.544,-0.7,-1.1,-0.5,-0.015,0.988,0.006,0.02,-0.3,0,0
8.550,-0.5,-1.6,-0.6,-0.017,0.991,0.005,0.01,-0.32,0,0
8.556,-0.3,-2,-0.6,-0.018,0.993,0.004,0.01,-0.32,0,0
8.562,-0.1,-2.4,-0.7,-0.021,0.995,0.001,0.01,-0.32,0,0
8.568,0.2,-2.8,-1,-0.024,0.997,0,0.01,-0.32,0,0
8.574,0.3,-3.2,-1.2,-0.025,0.997,0,0.01,-0.32,0,0
8.580,0.6,-3.4,-1.5,-0.025,0.998,0.001,0.01,-0.32,0,0
8.586,0.6,-4.1,-1.8,-0.024,0.999,0.003,0.01,-0.32,0,0
8.591,0.8,-4.4,-1.8,-0.025,0.999,0.004,0.01,-0.34,0,0.48
8.596,1,-4.7,-1.9,-0.024,1,0.007,0.01,-0.34,0,0.48
8.600,1.2,-4.6,-2,-0.022,1.001,0.01,0.01,-0.34,0,0.48
8.605,1.2,-4.7,-2,-0.019,1.002,0.011,0.01,-0.34,0,0.48
8.610,1.4,-4.9,-2.3,-0.018,1.004,0.012,0.01,-0.34,0,0.48
8.615,1.6,-5.1,-2.4,-0.015,1.006,0.013,0.01,-0.34,0,0.48
8.620,2.1,-5.3,-2.3,-0.017,1.009,0.012,0.01,-0.34,0,0.48
8.624,2.2,-5.5,-2.3,-0.017,1.01,0.01,0.01,-0.34,0,0.48
8.629,2.6,-5.5,-2.6,-0.017,1.013,0.006,0.01,-0.34,0,0.48
8.634,2.6,-5.7,-2.5,-0.018,1.015,0.004,0.01,-0.34,0,0.48
8.638,2.7,-5.9,-2.5,-0.019,1.017,0.002,-0.01,-0.36,0,0.48
8.643,2.9,-5.9,-2.5,-0.023,1.02,0.001,-0.01,-0.36,0,0.48
8.647,2.7,-6,-2.2,-0.025,1.021,-0.001,-0.01,-0.36,0,0.48
8.652,2.6,-6.2,-2.2,-0.026,1.022,-0.003,-0.01,-0.36,0,0.48
8.656,2.9,-6.4,-2,-0.027,1.023,-0.001,-0.01,-0.36,0,0.48
8.661,2.9,-6.2,-1.7,-0.026,1.024,0,-0.01,-0.36,0,0.48
8.665,3.1,-6,-1.5,-0.026,1.025,0.001,-0.01,-0.36,0,0.48
8.670,2.9,-5.8,-1,-0.026,1.026,0.003,-0.01,-0.36,0,0.48
8.674,2.9,-5.9,-0.9,-0.025,1.023,0.005,-0.01,-0.36,0,0.48
8.679,2.8,-5.5,-0.5,-0.024,1.023,0.007,-0.01,-0.36,0,0.48
8.683,2.8,-5.2,-0.2,-0.023,1.02,0.008,-0.01,-0.36,0,0.48
8.687,2.7,-4.6,-0.1,-0.023,1.016,0.008,-0.02,-0.37,-0.49,0.49
8.691,2.6,-4.2,0,-0.022,1.013,0.006,-0.02,-0.37,-0.49,0.49
8.695,2.4,-3.6,0,-0.021,1.009,0.005,-0.02,-0.37,-0.49,0.49
8.699,2,-3,0.2,-0.021,1.006,0.004,-0.02,-0.37,-0.49,0.49
8.703,1.6,-2.5,0,-0.022,1.004,0.002,-0.02,-0.37,-0.49,0.49
8.707,1.3,-2.1,0,-0.021,1.003,0.002,-0.02,-0.37,-0.49,0.49
8.711,1,-1.6,0.1,-0.022,1.003,0.001,-0.02,-0.37,-0.49,0.49
8.715,0.6,-1,0,-0.024,1.006,0.003,-0.02,-0.37,-0.49,0.49
8.719,0.3,-0.5,-0.3,-0.025,1.008,0.005,-0.02,-0.37,-0.49,0.49
8.724,-0.1,0,-0.3,-0.028,1.008,0.008,-0.02,-0.37,-0.49,0.49
8.728,-0.3,0.4,-0.4,-0.029,1.011,0.011,-0.02,-0.37,-0.49,0.49
8.734,-0.6,0.9,-0.6,-0.031,1.012,0.016,-0.04,-0.39,0,0
8.741,-0.6,1.2,-0.7,-0.033,1.014,0.019,-0.04,-0.39,0,0
8.747,-0.7,1.6,-0.4,-0.036,1.016,0.021,-0.04,-0.39,0,0
8.754,-0.6,1.6,-0.2,-0.035,1.018,0.022,-0.04,-0.39,0,0
8.760,-0.6,1.9,0.1,-0.035,1.021,0.023,-0.04,-0.39,0,0
8.767,-0.4,2,0.4,-0.032,1.024,0.021,-0.04,-0.39,0,0
8.774,-0.5,2.2,0.4,-0.029,1.026,0.021,-0.04,-0.39,0,0
8.778,-0.3,2.4,0.6,-0.027,1.031,0.017,-0.05,-0.39,0,0
8.782,-0.4,2.3,0.7,-0.027,1.032,0.013,-0.05,-0.39,0,0
8.787,-0.3,2.4,1,-0.025,1.031,0.009,-0.05,-0.39,0,0
8.791,-0.5,2.2,0.9,-0.026,1.031,0.005,-0.05,-0.39,0,0
8.795,-0.5,2.3,0.9,-0.026,1.031,0.001,-0.05,-0.39,0,0
8.800,-0.6,2.1,1,-0.025,1.032,0,-0.05,-0.39,0,0
8.804,-0.8,2,1,-0.027,1.032,-0.002,-0.05,-0.39,0,0
8.808,-0.4,1.6,1,-0.03,1.034,-0.002,-0.05,-0.39,0,0
8.813,-0.5,1.7,1,-0.032,1.037,0,-0.05,-0.39,0,0
8.817,-0.1,1.4,1,-0.032,1.04,0.002,-0.05,-0.39,0,0
8.821,0.2,1.2,0.7,-0.031,1.042,0.007,-0.05,-0.39,0,0
8.828,0.6,1.1,0.7,-0.031,1.043,0.012,-0.03,-0.39,0,0
8.835,1.2,1,0.7,-0.03,1.045,0.017,-0.03,-0.39,0,0
8.842,1.7,0.9,0.8,-0.029,1.044,0.02,-0.03,-0.39,0,0
8.849,2.4,0.6,0.6,-0.029,1.044,0.024,-0.03,-0.39,0,0
8.856,3.1,0.6,0.5,-0.031,1.042,0.025,-0.03,-0.39,0,0
8.863,3.9,0.5,0.6,-0.031,1.04,0.026,-0.03,-0.39,0,0
8.870,4.9,0.4,0.8,-0.029,1.037,0.026,-0.03,-0.39,0,0
8.875,6.1,0.3,0.7,-0.028,1.033,0.024,-0.01,-0.4,-0.96,0
8.879,7.3,0.4,0.6,-0.027,1.03,0.022,-0.01,-0.4,-0.96,0
8.883,8.4,0.5,0.7,-0.025,1.028,0.02,-0.01,-0.4,-0.96,0
8.888,9.8,0.7,0.5,-0.024,1.025,0.018,-0.01,-0.4,-0.96,0
8.892,11,0.7,0.3,-0.021,1.023,0.014,-0.01,-0.4,-0.96,0
8.897,12.3,0.9,-0.1,-0.017,1.022,0.012,-0.01,-0.4,-0.96,0
8.901,13.6,1.2,-0.4,-0.014,1.023,0.011,-0.01,-0.4,-0.96,0
8.905,14.5,1.5,-1.2,-0.013,1.024,0.01,-0.01,-0.4,-0.96,0
8.910,15.7,1.8,-2,-0.009,1.027,0.008,-0.01,-0.4,-0.96,0
8.914,17,2.2,-2.8,-0.009,1.033,0.006,-0.01,-0.4,-0.96,0
8.919,18.4,2.3,-3.5,-0.011,1.038,0.006,-0.01,-0.4,-0.96,0
8.925,20.1,2.5,-4,-0.013,1.043,0.006,0,-0.4,-0.48,0
8.931,21.9,2.8,-4.8,-0.014,1.048,0.004,0,-0.4,-0.48,0
8.937,23.8,2.7,-5.4,-0.015,1.05,0.002,0,-0.4,-0.48,0
8.942,25.7,2.9,-5.9,-0.017,1.052,0.001,0,-0.4,-0.48,0
8.948,28,2.9,-6.3,-0.019,1.052,0,0,-0.4,-0.48,0
8.954,29.8,2.9,-6.8,-0.02,1.05,-0.002,0,-0.4,-0.48,0
8.960,31.8,2.9,-6.9,-0.022,1.046,-0.007,0,-0.4,-0.48,0
8.965,33.6,2.9,-6.8,-0.021,1.043,-0.013,0.05,-0.4,-2.42,0
8.969,35.5,2.8,-7.1,-0.02,1.04,-0.018,0.05,-0.4,-2.42,0
8.974,37.4,2.9,-7.5,-0.019,1.038,-0.024,0.05,-0.4,-2.42,0
8.978,38.9,2.7,-7.7,-0.019,1.035,-0.032,0.05,-0.4,-2.42,0
8.983,40.7,2.7,-7.6,-0.021,1.033,-0.04,0.05,-0.4,-2.42,0
8.987,42.2,2.7,-7.8,-0.019,1.03,-0.047,0.05,-0.4,-2.42,0
8.992,43.7,2.7,-7.8,-0.018,1.028,-0.054,0.05,-0.4,-2.42,0
8.996,45.2,2.8,-8.1,-0.019,1.026,-0.06,0.05,-0.4,-2.42,0
9.000,46.5,2.8,-8.3,-0.017,1.025,-0.066,0.05,-0.4,-2.42,0
9.005,47.6,2.9,-8.6,-0.017,1.024,-0.07,0.05,-0.4,-2.42,0
9.009,48.7,3.2,-8.9,-0.019,1.023,-0.074,0.05,-0.4,-2.42,0
9.016,49.9,3.1,-8.9,-0.021,1.021,-0.078,0.06,-0.4,-1.92,0
9.023,50.8,3.1,-9.2,-0.023,1.019,-0.082,0.06,-0.4,-1.92,0
9.030,51.8,3.1,-9.3,-0.026,1.018,-0.085,0.06,-0.4,-1.92,0
9.037,53.2,3.2,-9.2,-0.029,1.016,-0.087,0.06,-0.4,-1.92,0
9.044,54.3,3.2,-9.2,-0.033,1.014,-0.089,0.06,-0.4,-1.92,0
9.051,55.5,3.1,-9,-0.037,1.011,-0.092,0.06,-0.4,-1.92,0
9.058,56.5,3,-8.7,-0.041,1.009,-0.097,0.06,-0.4,-1.92,0
9.061,57.7,2.9,-8.6,-0.044,1.007,-0.1,0.03,-0.42,-2.43,0
9.065,58.7,2.9,-8.2,-0.046,1.004,-0.102,0.03,-0.42,-2.43,0
9.069,59.4,2.9,-7.7,-0.046,1.002,-0.107,0.03,-0.42,-2.43,0
9.072,60.3,2.7,-7.6,-0.047,1,-0.112,0.03,-0.42,-2.43,0
9.076,61,2.9,-7.2,-0.047,1.001,-0.116,0.03,-0.42,-2.43,0
9.079,62,2.7,-7,-0.048,1.002,-0.121,0.03,-0.42,-2.43,0
9.083,62.6,2.8,-6.7,-0.049,1.003,-0.125,0.03,-0.42,-2.43,0
9.086,63.9,2.6,-6.4,-0.051,1.005,-0.129,0.03,-0.42,-2.43,0
9.090,65,3,-6.3,-0.052,1.005,-0.133,0.03,-0.42,-2.43,0
9.094,66.2,2.8,-6.3,-0.053,1.005,-0.138,0.03,-0.42,-2.43,0
9.097,67.7,3,-6.1,-0.055,1.004,-0.142,0.03,-0.42,-2.43,0
9.101,69,2.9,-6.2,-0.058,1.002,-0.146,0.03,-0.42,-2.43,0
9.104,70.4,3,-6.1,-0.059,1.002,-0.151,0.03,-0.42,-2.43,0
9.110,71.8,3.2,-6.2,-0.06,0.999,-0.155,0,-0.43,-5.28,-0.48
9.115,72.7,3.1,-5.7,-0.06,0.995,-0.16,0,-0.43,-5.28,-0.48
9.121,73.9,3.2,-5.9,-0.059,0.987,-0.165,0,-0.43,-5.28,-0.48
9.126,74.9,3.2,-5.8,-0.057,0.982,-0.17,0,-0.43,-5.28,-0.48
9.132,75.7,3.3,-5.6,-0.053,0.979,-0.176,0,-0.43,-5.28,-0.48
9.137,76.5,3.4,-5.4,-0.051,0.976,-0.181,0,-0.43,-5.28,-0.48
9.143,77.3,3.4,-5.3,-0.047,0.973,-0.187,0,-0.43,-5.28,-0.48
9.148,78.1,3.5,-5.1,-0.045,0.97,-0.193,0,-0.43,-5.28,-0.48
9.153,78.6,3.5,-5,-0.042,0.967,-0.199,0,-0.45,-2.83,0
9.158,79.7,3.7,-4.8,-0.041,0.965,-0.203,0,-0.45,-2.83,0
9.162,80.3,3.5,-4.5,-0.04,0.963,-0.206,0,-0.45,-2.83,0
9.167,81.2,3.6,-4.2,-0.039,0.961,-0.209,0,-0.45,-2.83,0
9.172,82.2,3.6,-4,-0.039,0.96,-0.213,0,-0.45,-2.83,0
9.176,83,3.5,-3.6,-0.04,0.957,-0.214,0,-0.45,-2.83,0
9.181,83.7,3.7,-3.6,-0.042,0.956,-0.214,0,-0.45,-2.83,0
9.186,84.8,3.7,-3.4,-0.044,0.953,-0.215,0,-0.45,-2.83,0
9.190,86,3.8,-3.1,-0.046,0.951,-0.216,0,-0.45,-2.83,0
9.195,87,3.8,-3,-0.052,0.947,-0.218,0,-0.45,-2.83,0
9.201,88.3,4,-2.9,-0.056,0.944,-0.22,0.02,-0.48,-2.89,0
9.206,89.3,4.2,-3,-0.059,0.941,-0.226,0.02,-0.48,-2.89,0
9.212,90.5,4.4,-3,-0.061,0.936,-0.232,0.02,-0.48,-2.89,0
9.217,91.7,4.9,-3.2,-0.062,0.933,-0.243,0.02,-0.48,-2.89,0
9.223,92.5,5.6,-3.6,-0.06,0.932,-0.256,0.02,-0.48,-2.89,0
9.228,93.1,6,-4.4,-0.053,0.932,-0.269,0.02,-0.48,-2.89,0
9.234,93.4,6.5,-5.7,-0.046,0.932,-0.283,0.02,-0.48,-2.89,0
9.240,93.6,7.3,-6.9,-0.039,0.936,-0.298,0.02,-0.48,-2.89,0
9.245,93.4,7.8,-8.6,-0.033,0.94,-0.313,0.02,-0.48,-2.89,0
9.250,93.1,8.3,-10.1,-0.028,0.945,-0.325,-0.01,-0.49,-3.25,0
9.255,93.1,8.6,-11.6,-0.027,0.949,-0.336,-0.01,-0.49,-3.25,0
9.260,92.9,9.1,-12.5,-0.028,0.954,-0.343,-0.01,-0.49,-3.25,0
9.265,93.3,9.1,-13.6,-0.032,0.956,-0.349,-0.01,-0.49,-3.25,0
9.270,93.6,9,-14.3,-0.036,0.958,-0.351,-0.01,-0.49,-3.25,0
9.275,94.1,8.8,-14.7,-0.04,0.957,-0.351,-0.01,-0.49,-3.25,0
9.280,94.5,8.8,-14.7,-0.045,0.95,-0.352,-0.01,-0.49,-3.25,0
9.285,94.9,8.3,-14.4,-0.046,0.942,-0.352,-0.01,-0.49,-3.25,0
9.289,95,8,-14,-0.047,0.931,-0.356,-0.01,-0.49,-3.25,0
9.294,94.9,7.6,-13,-0.049,0.919,-0.362,-0.01,-0.49,-3.25,0
9.300,94.5,7,-12.3,-0.049,0.906,-0.369,0,-0.51,-2.65,0
9.305,93.9,6.5,-11.8,-0.05,0.894,-0.381,0,-0.51,-2.65,0
9.310,93.3,5.6,-11.1,-0.052,0.883,-0.396,0,-0.51,-2.65,0
9.315,92.7,4.9,-10.4,-0.054,0.876,-0.413,0,-0.51,-2.65,0
9.320,92,4.2,-10,-0.057,0.87,-0.432,0,-0.51,-2.65,0
9.325,91,3.2,-9.7,-0.06,0.865,-0.451,0,-0.51,-2.65,0
9.331,90.2,2.5,-9.5,-0.061,0.861,-0.468,0,-0.51,-2.65,0
9.336,89.2,1.6,-9.2,-0.061,0.859,-0.484,0,-0.51,-2.65,0
9.341,88.2,0.7,-9.1,-0.062,0.86,-0.497,0,-0.52,-2.25,0
9.345,87.5,0.1,-8.9,-0.063,0.861,-0.506,0,-0.52,-2.25,0
9.350,86.6,-0.7,-8.7,-0.065,0.864,-0.512,0,-0.52,-2.25,0
9.355,85.8,-1.2,-8.7,-0.064,0.869,-0.516,0,-0.52,-2.25,0
9.360,85,-1.9,-8.6,-0.066,0.874,-0.517,0,-0.52,-2.25,0
9.365,84.1,-2.5,-8.1,-0.07,0.878,-0.515,0,-0.52,-2.25,0
9.370,83.3,-3,-7.5,-0.076,0.88,-0.517,0,-0.52,-2.25,0
9.374,82.3,-3.7,-6.5,-0.081,0.881,-0.518,0,-0.52,-2.25,0
9.379,81.5,-4.5,-5.7,-0.084,0.88,-0.52,0,-0.52,-2.25,0
9.384,80.8,-5,-4.6,-0.087,0.878,-0.521,0,-0.52,-2.25,0
9.389,80.1,-5.6,-3.7,-0.089,0.871,-0.525,0,-0.52,-1.69,0
9.394,79.7,-6.3,-3.2,-0.089,0.862,-0.531,0,-0.52,-1.69,0
9.399,79.2,-6.8,-2.3,-0.087,0.852,-0.54,0,-0.52,-1.69,0
9.404,78.6,-6.9,-1.4,-0.083,0.84,-0.549,0,-0.52,-1.69,0
9.409,78.1,-7.1,-0.8,-0.08,0.825,-0.561,0,-0.52,-1.69,0
9.414,77.3,-7.2,-0.3,-0.082,0.811,-0.575,0,-0.52,-1.69,0
9.418,76.5,-6.9,0.3,-0.083,0.801,-0.587,0,-0.52,-1.69,0
9.423,75.9,-6.7,0.4,-0.084,0.792,-0.598,0,-0.52,-1.69,0
9.428,75.1,-6.3,0.4,-0.086,0.785,-0.607,0,-0.52,-1.69,0
9.433,74.5,-5.8,0.1,-0.088,0.779,-0.615,0,-0.52,-1.69,0
9.439,73.7,-5.2,0.1,-0.092,0.778,-0.623,-0.02,-0.53,-1.35,0
9.445,73.1,-4.4,-0.1,-0.096,0.775,-0.628,-0.02,-0.53,-1.35,0
9.451,72.3,-3.6,-0.3,-0.099,0.774,-0.631,-0.02,-0.53,-1.35,0
9.457,71.7,-2.6,-0.4,-0.104,0.775,-0.633,-0.02,-0.53,-1.35,0
9.463,71.1,-1.7,-0.1,-0.107,0.775,-0.634,-0.02,-0.53,-1.35,0
9.469,70.3,-1.1,0.1,-0.111,0.777,-0.637,-0.02,-0.53,-1.35,0
9.475,69.4,-0.3,0.4,-0.114,0.777,-0.638,-0.02,-0.53,-1.35,0
9.481,68.5,0.2,1,-0.116,0.778,-0.644,-0.02,-0.53,-1.35,0
9.485,67.9,0.9,1.7,-0.115,0.779,-0.647,0,-0.53,-1.26,0
9.490,67.1,1.6,2,-0.116,0.779,-0.652,0,-0.53,-1.26,0
9.494,66.9,2.2,2.3,-0.114,0.778,-0.659,0,-0.53,-1.26,0
9.498,66.7,3,2.6,-0.111,0.778,-0.665,0,-0.53,-1.26,0
9.502,66.7,3.7,2.6,-0.107,0.776,-0.672,0,-0.53,-1.26,0
9.507,66.7,4.6,2.8,-0.102,0.772,-0.681,0,-0.53,-1.26,0
9.511,66.7,5.4,2.8,-0.098,0.766,-0.69,0,-0.53,-1.26,0
9.515,66.3,6.4,2.7,-0.094,0.761,-0.697,0,-0.53,-1.26,0
9.519,66.3,7.3,2.2,-0.091,0.756,-0.704,0,-0.53,-1.26,0
9.524,66.3,8.2,1.8,-0.089,0.75,-0.708,0,-0.53,-1.26,0
9.530,66.3,9.3,1.4,-0.087,0.745,-0.711,0.01,-0.53,-1.16,0
9.536,66.1,10.4,0.9,-0.085,0.737,-0.712,0.01,-0.53,-1.16,0
9.542,66.3,11.5,0.6,-0.085,0.727,-0.709,0.01,-0.53,-1.16,0
9.547,66.1,12.7,0.1,-0.084,0.719,-0.708,0.01,-0.53,-1.16,0
9.553,66,13.6,0,-0.082,0.71,-0.707,0.01,-0.53,-1.16,0
9.559,65.9,14.8,-0.1,-0.08,0.702,-0.706,0.01,-0.53,-1.16,0
9.565,66.1,15.9,-0.3,-0.078,0.694,-0.706,0.01,-0.53,-1.16,0
9.571,66.1,17.1,-0.1,-0.076,0.689,-0.705,0.01,-0.53,-1.16,0
9.575,66.3,18.1,-0.1,-0.076,0.684,-0.707,0,-0.53,-1.13,-0.22
9.578,66,18.9,-0.1,-0.076,0.679,-0.709,0,-0.53,-1.13,-0.22
9.582,65.8,19.5,-0.1,-0.074,0.674,-0.713,0,-0.53,-1.13,-0.22
9.585,65.2,19.8,-0.1,-0.073,0.669,-0.72,0,-0.53,-1.13,-0.22
9.589,64.5,20.3,-0.1,-0.071,0.666,-0.728,0,-0.53,-1.13,-0.22
9.592,63.7,20.3,-0.1,-0.071,0.667,-0.737,0,-0.53,-1.13,-0.22
9.595,63.1,20.3,-0.3,-0.071,0.668,-0.746,0,-0.53,-1.13,-0.22
9.599,62.8,20,-0.4,-0.073,0.674,-0.752,0,-0.53,-1.13,-0.22
9.602,63.2,19.6,-0.7,-0.076,0.684,-0.758,0,-0.53,-1.13,-0.22
9.606,63.9,18.9,-0.9,-0.079,0.695,-0.764,0,-0.53,-1.13,-0.22
9.609,65,18.1,-0.7,-0.08,0.705,-0.767,0,-0.53,-1.13,-0.22
9.613,66.2,17.4,-0.6,-0.081,0.712,-0.771,0,-0.53,-1.13,-0.22
9.616,67.2,16.5,-0.3,-0.081,0.715,-0.774,0,-0.53,-1.13,-0.22
9.620,68.2,15.7,0.3,-0.077,0.713,-0.776,0,-0.53,-1.13,-0.22
9.626,69.2,15,0.6,-0.072,0.709,-0.779,-0.01,-0.52,-1.07,-0.21
9.632,69.7,14.3,0.9,-0.066,0.702,-0.779,-0.01,-0.52,-1.07,-0.21
9.639,70.4,13.7,1.7,-0.059,0.694,-0.777,-0.01,-0.52,-1.07,-0.21
9.645,70.8,13.2,2.1,-0.051,0.68,-0.776,-0.01,-0.52,-1.07,-0.21
9.652,70.9,12.9,2.4,-0.043,0.664,-0.778,-0.01,-0.52,-1.07,-0.21
9.658,71,12.5,2.7,-0.036,0.649,-0.781,-0.01,-0.52,-1.07,-0.21
9.665,70.9,12.5,3.2,-0.03,0.63,-0.787,-0.01,-0.52,-1.07,-0.21
9.669,70.4,12.3,3.6,-0.025,0.613,-0.792,-0.01,-0.53,-1.04,-0.2
9.673,69.9,12,3.6,-0.02,0.596,-0.8,-0.01,-0.53,-1.04,-0.2
9.677,69.6,11.7,3.4,-0.017,0.581,-0.808,-0.01,-0.53,-1.04,-0.2
9.681,69.4,11.6,3.3,-0.014,0.568,-0.816,-0.01,-0.53,-1.04,-0.2
9.686,69.3,11.2,3.1,-0.012,0.558,-0.822,-0.01,-0.53,-1.04,-0.2
9.690,69.3,10.7,2.5,-0.013,0.55,-0.828,-0.01,-0.53,-1.04,-0.2
9.694,69.4,10.1,2.3,-0.013,0.544,-0.832,-0.01,-0.53,-1.04,-0.2
9.698,69,9.5,1.9,-0.014,0.541,-0.836,-0.01,-0.53,-1.04,-0.2
9.702,69.1,9,1.4,-0.016,0.542,-0.839,-0.01,-0.53,-1.04,-0.2
9.707,68.9,8.1,0.9,-0.019,0.544,-0.841,-0.01,-0.53,-1.04,-0.2
9.711,68.9,7.4,1.4,-0.025,0.547,-0.843,-0.01,-0.53,-1.04,-0.2
9.718,68.9,6.9,1.5,-0.031,0.553,-0.846,0,-0.53,-0.96,-0.19
9.725,68.7,6,1.9,-0.037,0.557,-0.848,0,-0.53,-0.96,-0.19
9.731,68.4,5.2,2.6,-0.043,0.559,-0.849,0,-0.53,-0.96,-0.19
9.738,68.1,4.5,3.2,-0.05,0.559,-0.851,0,-0.53,-0.96,-0.19
9.745,67.6,3.8,4.2,-0.053,0.558,-0.853,0,-0.53,-0.96,-0.19
9.752,67.7,3.4,5.1,-0.056,0.554,-0.854,0,-0.53,-0.96,-0.19
9.759,67.7,2.7,5.8,-0.059,0.551,-0.855,0,-0.53,-0.96,-0.19
9.763,68.1,2.2,6.5,-0.06,0.545,-0.857,0.01,-0.53,-0.98,0
9.768,68,1.4,7.2,-0.059,0.537,-0.861,0.01,-0.53,-0.98,0
9.772,68.1,0.9,7.8,-0.055,0.528,-0.866,0.01,-0.53,-0.98,0
9.777,67.9,0.5,8,-0.049,0.519,-0.871,0.01,-0.53,-0.98,0
9.781,67.6,0,8.1,-0.043,0.507,-0.875,0.01,-0.53,-0.98,0
9.786,67,-0.2,7.9,-0.034,0.496,-0.88,0.01,-0.53,-0.98,0
9.790,66.2,-0.6,7.6,-0.024,0.483,-0.883,0.01,-0.53,-0.98,0
9.795,65.2,-0.6,7.4,-0.016,0.469,-0.886,0.01,-0.53,-0.98,0
9.799,63.9,-0.6,6.8,-0.011,0.457,-0.89,0.01,-0.53,-0.98,0
9.804,62.4,-0.7,6.2,-0.008,0.445,-0.892,0.01,-0.53,-0.98,0
9.808,61,-0.6,5.6,-0.007,0.436,-0.895,0.01,-0.53,-0.98,0
9.815,59.9,-0.5,5,-0.008,0.429,-0.9,0.04,-0.54,-0.96,0
9.822,58.9,-0.3,4.3,-0.009,0.426,-0.902,0.04,-0.54,-0.96,0
9.829,58,-0.3,3.7,-0.01,0.421,-0.904,0.04,-0.54,-0.96,0
9.835,57.1,0,3.2,-0.011,0.416,-0.905,0.04,-0.54,-0.96,0
9.842,56.5,0.3,2.6,-0.011,0.411,-0.907,0.04,-0.54,-0.96,0
9.849,55.5,0.7,2.2,-0.013,0.408,-0.909,0.04,-0.54,-0.96,0
9.856,55,1.1,2.1,-0.015,0.406,-0.911,0.04,-0.54,-0.96,0
9.860,54.6,1.5,2.1,-0.017,0.404,-0.912,0.04,0.1,-0.55,0
9.864,54.3,1.8,2.5,-0.02,0.407,-0.912,0.04,0.1,-0.55,0
9.867,54,2.4,2.3,-0.023,0.409,-0.913,0.04,0.1,-0.55,0
9.871,53.8,2.8,2.5,-0.028,0.41,-0.916,0.04,0.1,-0.55,0
9.875,53.3,3.1,2.5,-0.03,0.41,-0.917,0.04,0.1,-0.55,0
9.879,52.6,3.4,2.6,-0.033,0.407,-0.919,0.04,0.1,-0.55,0
9.883,51.9,3.8,2.8,-0.035,0.404,-0.922,0.04,0.1,-0.55,0
9.886,50.8,3.8,3.2,-0.036,0.4,-0.924,0.04,0.1,-0.55,0
9.890,49.9,4,3.6,-0.037,0.393,-0.926,0.04,0.1,-0.55,0
9.894,48.8,4,3.7,-0.036,0.385,-0.929,0.04,0.1,-0.55,0
9.898,47.7,3.8,3.7,-0.035,0.378,-0.932,0.04,0.1,-0.55,0
9.905,46.9,4,4,-0.034,0.368,-0.933,0.04,0.12,-0.9,0
9.912,46.1,3.9,3.7,-0.031,0.36,-0.934,0.04,0.12,-0.9,0
9.919,45.4,3.8,3.8,-0.028,0.35,-0.934,0.04,0.12,-0.9,0
9.926,44.6,3.9,3.5,-0.025,0.341,-0.937,0.04,0.12,-0.9,0
9.933,43.9,3.9,3.2,-0.02,0.331,-0.938,0.04,0.12,-0.9,0
9.940,43.5,4.2,2.8,-0.017,0.324,-0.938,0.04,0.12,-0.9,0
9.947,42.9,4.3,2.3,-0.015,0.319,-0.94,0.04,0.12,-0.9,0
9.951,42.4,5,2,-0.014,0.317,-0.94,0,0.13,-0.71,-0.17
9.956,41.9,5.1,1.5,-0.015,0.316,-0.941,0,0.13,-0.71,-0.17
9.960,41.4,5.9,1.1,-0.016,0.318,-0.94,0,0.13,-0.71,-0.17
9.964,41.3,6.3,0.8,-0.018,0.32,-0.939,0,0.13,-0.71,-0.17
9.969,41,6.8,0.9,-0.022,0.323,-0.94,0,0.13,-0.71,-0.17
9.973,40.8,7.1,0.9,-0.024,0.328,-0.941,0,0.13,-0.71,-0.17
9.978,40.7,7.6,1,-0.026,0.333,-0.942,0,0.13,-0.71,-0.17
9.982,40.5,7.7,1.2,-0.027,0.337,-0.943,0,0.13,-0.71,-0.17
9.987,40.6,7.9,1.5,-0.029,0.339,-0.946,0,0.13,-0.71,-0.17
9.991,40.3,8.2,1.7,-0.028,0.34,-0.947,0,0.13,-0.71,-0.17
9.996,39.9,8,1.8,-0.026,0.338,-0.95,0,0.13,-0.71,-0.17
10.000,39.6,8,2.5,-0.023,0.336,-0.952,0.01,0.14,-0.53,-0.17
10.004,39.5,8,2.9,-0.02,0.33,-0.954,0.01,0.14,-0.53,-0.17
10.009,39.5,7.9,3.1,-0.016,0.326,-0.957,0.01,0.14,-0.53,-0.17
10.013,39.4,7.9,3.4,-0.013,0.319,-0.958,0.01,0.14,-0.53,-0.17
10.017,39.1,7.4,3.4,-0.011,0.312,-0.961,0.01,0.14,-0.53,-0.17
10.021,39.1,7.4,3.4,-0.008,0.303,-0.964,0.01,0.14,-0.53,-0.17
10.026,38.9,7.3,3.1,-0.005,0.294,-0.964,0.01,0.14,-0.53,-0.17
10.030,38.8,7,3.1,-0.001,0.286,-0.964,0.01,0.14,-0.53,-0.17
10.034,38.9,7,2.9,0,0.281,-0.964,0.01,0.14,-0.53,-0.17
10.038,39,7,2.8,0.002,0.277,-0.963,0.01,0.14,-0.53,-0.17
10.043,39.3,7,2.8,0.004,0.274,-0.962,0.01,0.14,-0.53,-0.17
10.049,39.4,7.1,2.5,0.005,0.27,-0.961,0.02,0.15,-0.54,0
10.055,39.6,7.2,2.6,0.005,0.269,-0.959,0.02,0.15,-0.54,0
10.061,39.7,7.4,2.9,0.002,0.265,-0.96,0.02,0.15,-0.54,0
10.067,39.8,7.3,3.1,-0.001,0.265,-0.96,0.02,0.15,-0.54,0
10.073,40.1,7.2,3.5,-0.006,0.266,-0.96,0.02,0.15,-0.54,0
10.080,40.3,7.2,3.8,-0.008,0.268,-0.959,0.02,0.15,-0.54,0
10.086,40.8,7,4,-0.01,0.271,-0.959,0.02,0.15,-0.54,0
10.090,41,7,4.3,-0.011,0.274,-0.961,0.05,0.15,-0.7,0
10.095,41.1,6.6,4.7,-0.011,0.272,-0.964,0.05,0.15,-0.7,0
10.100,41.2,6.2,5,-0.011,0.271,-0.969,0.05,0.15,-0.7,0
10.105,41.1,5.7,5,-0.01,0.269,-0.972,0.05,0.15,-0.7,0
10.110,41.4,5.4,5.5,-0.008,0.268,-0.973,0.05,0.15,-0.7,0
10.114,41.6,4.9,5.5,-0.007,0.266,-0.973,0.05,0.15,-0.7,0
10.119,42.3,4.6,5.6,-0.005,0.265,-0.971,0.05,0.15,-0.7,0
10.124,43.1,4,5.7,-0.001,0.26,-0.969,0.05,0.15,-0.7,0
10.129,43.7,3.8,5.6,0.003,0.254,-0.967,0.05,0.15,-0.7,0
10.134,44.4,3.4,5.3,0.009,0.25,-0.964,0.05,0.15,-0.7,0
10.138,45,3,4.9,0.013,0.245,-0.961,0.02,0.13,-0.52,-0.17
10.142,45.7,2.9,4.3,0.017,0.242,-0.959,0.02,0.13,-0.52,-0.17
10.146,46.6,2.5,3.7,0.022,0.241,-0.957,0.02,0.13,-0.52,-0.17
10.150,47.1,2.6,3.1,0.023,0.238,-0.956,0.02,0.13,-0.52,-0.17
10.155,47.2,2.6,2.6,0.024,0.233,-0.957,0.02,0.13,-0.52,-0.17
10.159,47.4,2.4,2.1,0.022,0.228,-0.958,0.02,0.13,-0.52,-0.17
10.163,47,2,2.3,0.019,0.222,-0.963,0.02,0.13,-0.52,-0.17
10.167,46.6,1.9,2.4,0.013,0.214,-0.968,0.02,0.13,-0.52,-0.17
10.172,46.1,1.5,2.8,0.008,0.207,-0.974,0.02,0.13,-0.52,-0.17
10.176,45.8,1.3,3.3,0,0.201,-0.98,0.02,0.13,-0.52,-0.17
10.180,45.7,0.9,3.6,-0.007,0.196,-0.985,0.02,0.13,-0.52,-0.17
10.187,45.7,0.3,4.2,-0.011,0.193,-0.99,0.03,0.13,-0.69,0
10.195,45.8,0,4.5,-0.015,0.186,-0.995,0.03,0.13,-0.69,0
10.202,46.1,-0.5,4.8,-0.017,0.179,-0.999,0.03,0.13,-0.69,0
10.209,46.4,-1,5.2,-0.019,0.174,-1.002,0.03,0.13,-0.69,0
10.216,46.8,-1.7,5.6,-0.02,0.167,-1.004,0.03,0.13,-0.69,0
10.224,47.1,-2.2,5.8,-0.019,0.163,-1.006,0.03,0.13,-0.69,0
10.231,47.8,-2.8,5.7,-0.017,0.161,-1.006,0.03,0.13,-0.69,0
10.235,48.2,-3.4,5.6,-0.011,0.159,-1.004,0.06,0.12,-0.68,0.17
10.239,48.6,-3.7,5.4,-0.004,0.158,-1.004,0.06,0.12,-0.68,0.17
10.242,48.7,-4.2,4.9,0.002,0.159,-1.003,0.06,0.12,-0.68,0.17
10.246,48.7,-4.4,4.3,0.01,0.157,-1.002,0.06,0.12,-0.68,0.17
10.250,48.5,-4.8,3.7,0.016,0.156,-1,0.06,0.12,-0.68,0.17
10.254,48.2,-4.8,3.3,0.02,0.153,-0.998,0.06,0.12,-0.68,0.17
10.258,48,-4.9,2.7,0.023,0.153,-0.997,0.06,0.12,-0.68,0.17
10.262,47.8,-4.9,2.4,0.023,0.152,-0.997,0.06,0.12,-0.68,0.17
10.265,47.4,-4.8,2,0.022,0.148,-0.997,0.06,0.12,-0.68,0.17
10.269,47.1,-4.8,1.7,0.018,0.143,-0.997,0.06,0.12,-0.68,0.17
10.273,46.8,-4.8,1.5,0.013,0.135,-0.998,0.06,0.12,-0.68,0.17
10.280,46.3,-4.9,1.4,0.009,0.127,-0.999,0.07,0.12,-0.68,0
10.287,45.8,-4.5,1.5,0.003,0.118,-1.003,0.07,0.12,-0.68,0
10.294,45.4,-4.5,1.4,-0.002,0.11,-1.006,0.07,0.12,-0.68,0
10.301,44.9,-4.5,1.4,-0.006,0.103,-1.008,0.07,0.12,-0.68,0
10.308,44.7,-4.5,1.2,-0.01,0.096,-1.008,0.07,0.12,-0.68,0
10.315,44.4,-4.6,1.2,-0.012,0.091,-1.008,0.07,0.12,-0.68,0
10.322,44.2,-4.2,1,-0.012,0.085,-1.009,0.07,0.12,-0.68,0
10.326,44.1,-4.1,0.8,-0.013,0.081,-1.007,0.06,0.11,-0.51,0
10.331,43.8,-3.9,0.6,-0.011,0.078,-1.008,0.06,0.11,-0.51,0
10.335,43.6,-3.7,0.3,-0.01,0.073,-1.009,0.06,0.11,-0.51,0
10.340,43.3,-3.4,0.1,-0.01,0.068,-1.011,0.06,0.11,-0.51,0
10.344,42.9,-3.3,-0.3,-0.008,0.065,-1.012,0.06,0.11,-0.51,0
10.348,42.7,-3.3,-0.4,-0.008,0.062,-1.013,0.06,0.11,-0.51,0
10.353,42.5,-3.3,-0.7,-0.006,0.058,-1.012,0.06,0.11,-0.51,0
10.357,42.2,-3.1,-1,-0.004,0.054,-1.01,0.06,0.11,-0.51,0
10.362,41.9,-2.8,-1.2,-0.002,0.051,-1.008,0.06,0.11,-0.51,0
10.366,41.2,-2.6,-1.5,0,0.046,-1.006,0.06,0.11,-0.51,0
10.371,40.8,-2.4,-1.5,0.002,0.041,-1.005,0.06,0.11,-0.51,0
10.376,39.9,-1.9,-1.5,0.002,0.034,-1.004,0.04,0.1,-0.51,0.17
10.381,38.8,-1.8,-1.4,0.002,0.027,-1.004,0.04,0.1,-0.51,0.17
10.386,37.6,-1.5,-1.2,0.001,0.02,-1.008,0.04,0.1,-0.51,0.17
10.392,36.3,-1.2,-0.9,0,0.015,-1.011,0.04,0.1,-0.51,0.17
10.397,35.2,-1.1,-0.8,0,0.01,-1.015,0.04,0.1,-0.51,0.17
10.402,34.2,-0.8,-0.5,-0.002,0.008,-1.014,0.04,0.1,-0.51,0.17
10.408,33.3,-0.5,-0.2,-0.006,0.005,-1.015,0.04,0.1,-0.51,0.17
10.413,32.5,-0.1,-0.2,-0.009,0.003,-1.015,0.04,0.1,-0.51,0.17
10.418,31.8,0,-0.3,-0.009,-0.002,-1.015,0.04,0.1,-0.51,0.17
10.423,31.2,0.1,-0.3,-0.009,-0.005,-1.013,0.04,0.09,-0.33,0
10.428,30.9,0.4,-0.6,-0.007,-0.007,-1.01,0.04,0.09,-0.33,0
10.432,30.6,0.8,-0.9,-0.006,-0.005,-1.009,0.04,0.09,-0.33,0
10.437,30.9,1.1,-1.2,-0.005,0,-1.009,0.04,0.09,-0.33,0
10.442,31.4,1.5,-1.7,-0.003,0.004,-1.008,0.04,0.09,-0.33,0
10.447,32.1,2,-2.2,-0.003,0.009,-1.007,0.04,0.09,-0.33,0
10.451,32.5,2.2,-2.4,0,0.013,-1.007,0.04,0.09,-0.33,0
10.456,33,2.6,-2.5,0.002,0.013,-1.008,0.04,0.09,-0.33,0
10.461,33.2,2.8,-2.8,0.001,0.014,-1.009,0.04,0.09,-0.33,0
10.467,33.6,3.1,-2.6,0.002,0.016,-1.009,0,0.09,-0.5,0
10.473,33.7,3.4,-2.4,0,0.017,-1.01,0,0.09,-0.5,0
10.479,34,3.5,-2.1,-0.002,0.016,-1.011,0,0.09,-0.5,0
10.485,34.4,3.7,-1.7,-0.003,0.013,-1.012,0,0.09,-0.5,0
10.491,34.7,3.8,-1.4,-0.005,0.011,-1.014,0,0.09,-0.5,0
10.497,35,4.2,-1.1,-0.008,0.005,-1.017,0,0.09,-0.5,0
10.503,35.2,4.1,-0.8,-0.007,-0.001,-1.019,0,0.09,-0.5,0
10.509,35.8,4.2,-0.7,-0.008,-0.011,-1.021,0,0.09,-0.5,0
10.513,36,4.5,-0.4,-0.007,-0.019,-1.023,-0.05,0.07,-0.5,0
10.517,36.3,4.6,-0.1,-0.005,-0.031,-1.024,-0.05,0.07,-0.5,0
10.521,36.6,4.7,-0.3,-0.006,-0.038,-1.024,-0.05,0.07,-0.5,0
10.524,36.7,4.6,-0.4,-0.005,-0.047,-1.023,-0.05,0.07,-0.5,0
10.528,37.1,4.8,-0.6,-0.004,-0.051,-1.019,-0.05,0.07,-0.5,0
10.532,37.6,4.8,-0.7,-0.002,-0.054,-1.014,-0.05,0.07,-0.5,0
10.536,38,4.8,-1.2,-0.001,-0.056,-1.009,-0.05,0.07,-0.5,0
10.539,38.3,4.8,-1.5,0.001,-0.057,-1.007,-0.05,0.07,-0.5,0
10.543,38.4,4.8,-1.6,0.002,-0.059,-1.007,-0.05,0.07,-0.5,0
10.547,38.5,4.8,-1.8,0.003,-0.062,-1.008,-0.05,0.07,-0.5,0
10.551,38.5,4.7,-1.5,0.004,-0.061,-1.008,-0.05,0.07,-0.5,0
10.554,38.6,4.6,-1.5,0.006,-0.061,-1.009,-0.05,0.07,-0.5,0
10.558,38.8,4.5,-1.1,0.007,-0.06,-1.01,-0.05,0.07,-0.5,0
10.563,39,4.4,-0.7,0.007,-0.061,-1.012,-0.04,0.07,-1.01,-0.16
10.568,39.4,4.1,-0.3,0.007,-0.061,-1.013,-0.04,0.07,-1.01,-0.16
10.573,39.7,4.1,-0.1,0.008,-0.063,-1.016,-0.04,0.07,-1.01,-0.16
10.578,40.3,4,0.3,0.009,-0.065,-1.018,-0.04,0.07,-1.01,-0.16
10.583,41,3.7,0.5,0.008,-0.068,-1.02,-0.04,0.07,-1.01,-0.16
10.588,41.7,3.5,1,0.006,-0.073,-1.021,-0.04,0.07,-1.01,-0.16
10.593,42.2,3.2,0.9,0.006,-0.078,-1.02,-0.04,0.07,-1.01,-0.16
10.598,42.9,2.9,1,0.006,-0.085,-1.018,-0.04,0.07,-1.01,-0.16
10.604,43.4,2.9,1.1,0.006,-0.09,-1.016,-0.04,0.07,-1.01,-0.16
10.613,44.1,2.6,1.2,0.008,-0.095,-1.014,-0.04,0.06,-0.67,0
10.622,44.7,2.5,1,0.011,-0.099,-1.01,-0.04,0.06,-0.67,0
10.631,45.5,2.3,1,0.013,-0.103,-1.006,-0.04,0.06,-0.67,0
10.640,46.3,2.1,0.7,0.017,-0.105,-1.003,-0.04,0.06,-0.67,0
10.649,46.9,1.9,0.5,0.018,-0.109,-0.999,-0.04,0.06,-0.67,0
10.652,47.6,1.5,0.3,0.02,-0.114,-0.996,-0.01,0.04,-0.51,0
10.655,48.2,1.6,-0.1,0.021,-0.117,-0.995,-0.01,0.04,-0.51,0
10.658,48.5,1.3,-0.4,0.02,-0.119,-0.993,-0.01,0.04,-0.51,0
10.661,48.9,1.3,-0.6,0.022,-0.124,-0.992,-0.01,0.04,-0.51,0
10.665,48.8,1.2,-1,0.021,-0.13,-0.993,-0.01,0.04,-0.51,0
10.668,48.8,1.2,-1.3,0.018,-0.136,-0.994,-0.01,0.04,-0.51,0
10.671,48.6,0.9,-1.3,0.015,-0.141,-0.995,-0.01,0.04,-0.51,0
10.674,48.5,1,-1.2,0.012,-0.147,-0.999,-0.01,0.04,-0.51,0
10.677,48.5,0.9,-1.2,0.011,-0.155,-1.002,-0.01,0.04,-0.51,0
10.680,48,1,-1.1,0.007,-0.159,-1.005,-0.01,0.04,-0.51,0
10.684,48.1,1,-1,0.004,-0.164,-1.009,-0.01,0.04,-0.51,0
10.687,48.2,1,-0.9,0.002,-0.169,-1.012,-0.01,0.04,-0.51,0
10.690,48.3,1.2,-0.6,0,-0.173,-1.013,-0.01,0.04,-0.51,0
10.693,48.4,0.9,-0.6,-0.001,-0.179,-1.014,-0.01,0.04,-0.51,0
10.696,48.5,0.9,-0.5,-0.001,-0.186,-1.015,-0.01,0.04,-0.51,0
10.703,48.8,0.9,-0.5,-0.001,-0.191,-1.014,-0.01,0.04,-1.19,0
10.710,48.8,0.8,-0.5,0.001,-0.197,-1.012,-0.01,0.04,-1.19,0
10.717,49.1,0.8,-0.4,0.005,-0.201,-1.008,-0.01,0.04,-1.19,0
10.724,49.3,0.9,-0.6,0.008,-0.205,-1.004,-0.01,0.04,-1.19,0
10.731,49.5,0.7,-0.7,0.011,-0.208,-1,-0.01,0.04,-1.19,0
10.738,50,0.8,-0.8,0.013,-0.211,-0.995,-0.01,0.04,-1.19,0
10.745,50.1,0.5,-0.7,0.017,-0.213,-0.991,-0.01,0.04,-1.19,0
10.750,50.6,0.6,-0.8,0.019,-0.216,-0.985,-0.01,0.02,-0.67,0
10.754,50.9,0.5,-0.9,0.021,-0.219,-0.984,-0.01,0.02,-0.67,0
10.758,50.9,0.5,-1.2,0.022,-0.221,-0.981,-0.01,0.02,-0.67,0
10.763,51.3,0.4,-1.4,0.022,-0.225,-0.979,-0.01,0.02,-0.67,0
10.767,51.1,0.4,-1.5,0.023,-0.23,-0.978,-0.01,0.02,-0.67,0
10.771,50.8,0.5,-1.7,0.023,-0.236,-0.978,-0.01,0.02,-0.67,0
10.776,50.7,0.7,-2,0.023,-0.241,-0.978,-0.01,0.02,-0.67,0
10.780,50.5,0.8,-2.2,0.021,-0.247,-0.979,-0.01,0.02,-0.67,0
10.785,50.4,1.1,-2.3,0.019,-0.253,-0.977,-0.01,0.02,-0.67,0
10.789,50.3,1.3,-2.5,0.016,-0.257,-0.975,-0.01,0.02,-0.67,0
10.793,50.4,1.6,-2.7,0.014,-0.262,-0.974,-0.01,0.02,-0.67,0
10.799,50.6,1.8,-2.8,0.011,-0.267,-0.973,-0.03,0.02,-1.4,0
10.806,51,2,-2.8,0.01,-0.269,-0.972,-0.03,0.02,-1.4,0
10.812,51.2,2,-2.9,0.007,-0.273,-0.972,-0.03,0.02,-1.4,0
10.818,51.6,2.3,-2.8,0.004,-0.276,-0.973,-0.03,0.02,-1.4,0
10.824,52.1,2.5,-2.7,0.003,-0.28,-0.974,-0.03,0.02,-1.4,0
10.830,52.2,2.4,-2.5,0.001,-0.284,-0.973,-0.03,0.02,-1.4,0
10.836,52.3,2.5,-2.4,0.001,-0.287,-0.973,-0.03,0.02,-1.4,0
10.840,52.6,2.6,-2.1,0.002,-0.291,-0.971,-0.05,0.02,-0.71,-0.17
10.845,52.5,2.6,-2,0.003,-0.294,-0.971,-0.05,0.02,-0.71,-0.17
10.849,52.7,2.5,-1.8,0.003,-0.297,-0.968,-0.05,0.02,-0.71,-0.17
10.853,52.7,2.4,-1.7,0.006,-0.302,-0.966,-0.05,0.02,-0.71,-0.17
10.858,52.9,2.4,-1.7,0.009,-0.305,-0.965,-0.05,0.02,-0.71,-0.17
10.862,53.1,2.4,-2,0.013,-0.31,-0.962,-0.05,0.02,-0.71,-0.17
10.866,53.5,2.5,-1.8,0.017,-0.313,-0.959,-0.05,0.02,-0.71,-0.17
10.871,53.8,2.7,-2,0.02,-0.316,-0.955,-0.05,0.02,-0.71,-0.17
10.875,54.3,2.6,-2.1,0.023,-0.321,-0.952,-0.05,0.02,-0.71,-0.17
10.879,54.8,2.7,-2.4,0.025,-0.325,-0.949,-0.05,0.02,-0.71,-0.17
10.884,55.3,2.9,-2.6,0.026,-0.329,-0.948,-0.05,0.02,-0.71,-0.17
10.891,55.7,3,-2.8,0.027,-0.335,-0.948,-0.07,0.01,-1.43,0
10.898,55.7,3.1,-2.9,0.028,-0.344,-0.948,-0.07,0.01,-1.43,0
10.905,55.9,3,-2.8,0.028,-0.351,-0.949,-0.07,0.01,-1.43,0
10.912,56.2,3.3,-2.6,0.028,-0.357,-0.948,-0.07,0.01,-1.43,0
10.919,56.3,3.2,-2.3,0.026,-0.362,-0.945,-0.07,0.01,-1.43,0
10.926,56.6,3.1,-1.8,0.025,-0.365,-0.943,-0.07,0.01,-1.43,0
10.933,56.9,2.9,-1.6,0.022,-0.369,-0.939,-0.07,0.01,-1.43,0
10.937,57.1,2.9,-1,0.022,-0.374,-0.935,-0.03,0.01,-1.46,-0.18
10.941,57.2,2.4,-0.9,0.02,-0.381,-0.933,-0.03,0.01,-1.46,-0.18
10.946,57.4,2.2,-0.4,0.02,-0.387,-0.931,-0.03,0.01,-1.46,-0.18
10.950,57.3,2.1,-0.2,0.021,-0.396,-0.93,-0.03,0.01,-1.46,-0.18
10.955,57.3,1.6,0,0.022,-0.404,-0.928,-0.03,0.01,-1.46,-0.18
10.959,57.7,1,0.4,0.026,-0.41,-0.927,-0.03,0.01,-1.46,-0.18
10.963,57.9,0.7,0.4,0.032,-0.415,-0.928,-0.03,0.01,-1.46,-0.18
10.968,58.5,0.1,0.6,0.037,-0.419,-0.928,-0.03,0.01,-1.46,-0.18
10.972,59,-0.3,0.7,0.043,-0.424,-0.929,-0.03,0.01,-1.46,-0.18
10.977,59.7,-0.8,1,0.047,-0.429,-0.927,-0.03,0.01,-1.46,-0.18
10.981,60.2,-1.3,0.9,0.049,-0.434,-0.923,-0.03,0.01,-1.46,-0.18
10.987,60.6,-1.6,0.9,0.052,-0.438,-0.918,-0.03,0,-1.7,-0.18
10.993,61.1,-2.2,0.6,0.052,-0.44,-0.914,-0.03,0,-1.7,-0.18
10.999,61.4,-2.6,0.3,0.051,-0.443,-0.909,-0.03,0,-1.7,-0.18
11.005,61.8,-3.1,-0.1,0.047,-0.445,-0.903,-0.03,0,-1.7,-0.18
11.011,62.2,-3.7,-0.6,0.043,-0.447,-0.898,-0.03,0,-1.7,-0.18
11.017,62.1,-4.1,-0.9,0.038,-0.451,-0.892,-0.03,0,-1.7,-0.18
11.023,62.2,-4.7,-1.4,0.032,-0.455,-0.887,-0.03,0,-1.7,-0.18
11.028,62.2,-5,-1.8,0.028,-0.459,-0.883,-0.06,0,-1.89,0
11.032,62.1,-5.3,-2.1,0.023,-0.462,-0.878,-0.06,0,-1.89,0
11.036,62.2,-5.7,-2.1,0.021,-0.464,-0.873,-0.06,0,-1.89,0
11.041,62.3,-5.9,-2.3,0.018,-0.467,-0.871,-0.06,0,-1.89,0
11.045,62.2,-6.1,-2.2,0.016,-0.471,-0.869,-0.06,0,-1.89,0
11.049,62.1,-6.2,-2.1,0.014,-0.476,-0.865,-0.06,0,-1.89,0
11.054,62.1,-6.4,-2.3,0.013,-0.483,-0.864,-0.06,0,-1.89,0
11.058,61.8,-6.4,-2,0.011,-0.487,-0.861,-0.06,0,-1.89,0
11.063,61.9,-6.5,-1.7,0.011,-0.492,-0.858,-0.06,0,-1.89,0
11.067,61.9,-6.6,-1.5,0.012,-0.495,-0.854,-0.06,0,-1.89,0
11.071,62.1,-6.6,-1.5,0.014,-0.497,-0.85,-0.06,0,-1.89,0
11.076,62.3,-6.6,-1.5,0.012,-0.5,-0.847,-0.07,-0.01,-1,0.2
11.081,62.5,-6.7,-1.7,0.013,-0.504,-0.843,-0.07,-0.01,-1,0.2
11.085,62.9,-6.8,-1.8,0.012,-0.51,-0.84,-0.07,-0.01,-1,0.2
11.090,63,-6.9,-2,0.011,-0.516,-0.836,-0.07,-0.01,-1,0.2
11.094,63,-6.9,-2.2,0.009,-0.523,-0.834,-0.07,-0.01,-1,0.2
11.099,62.7,-6.8,-2.5,0.008,-0.53,-0.831,-0.07,-0.01,-1,0.2
11.104,62.4,-6.7,-2.9,0.008,-0.536,-0.828,-0.07,-0.01,-1,0.2
11.108,62,-6.8,-3.2,0.005,-0.54,-0.826,-0.07,-0.01,-1,0.2
11.113,61.5,-6.7,-3.6,0.003,-0.547,-0.823,-0.07,-0.01,-1,0.2
11.118,61.2,-6.4,-3.6,0.001,-0.551,-0.82,-0.07,-0.01,-1,0.2
11.123,60.6,-6.3,-3.9,-0.001,-0.557,-0.817,-0.1,-0.03,-1.03,0
11.128,60,-5.9,-4,-0.003,-0.563,-0.813,-0.1,-0.03,-1.03,0
11.133,59.2,-5.7,-4,-0.004,-0.569,-0.808,-0.1,-0.03,-1.03,0
11.138,58.8,-5.5,-4,-0.006,-0.574,-0.805,-0.1,-0.03,-1.03,0
11.143,58.7,-5.2,-3.9,-0.009,-0.577,-0.804,-0.1,-0.03,-1.03,0
11.148,58.4,-5,-4.1,-0.011,-0.579,-0.805,-0.1,-0.03,-1.03,0
11.153,58.2,-4.4,-4.3,-0.011,-0.583,-0.804,-0.1,-0.03,-1.03,0
11.158,58.5,-4.2,-4.1,-0.01,-0.585,-0.804,-0.1,-0.03,-1.03,0
11.163,58.7,-4.1,-4.2,-0.009,-0.588,-0.804,-0.1,-0.03,-1.03,0
11.168,58.8,-3.9,-4.2,-0.007,-0.592,-0.805,-0.1,-0.03,-1.03,0
11.174,58.8,-3.6,-4.2,-0.006,-0.596,-0.804,-0.11,-0.03,-0.84,0
11.179,59.1,-3.4,-4.2,-0.004,-0.6,-0.804,-0.11,-0.03,-0.84,0
11.184,59.1,-3.5,-4,-0.001,-0.604,-0.801,-0.11,-0.03,-0.84,0
11.189,59.3,-3.5,-3.6,0,-0.608,-0.797,-0.11,-0.03,-0.84,0
11.195,59.1,-3.6,-3.5,0.004,-0.612,-0.792,-0.11,-0.03,-0.84,0
11.200,59,-3.5,-3.2,0.005,-0.618,-0.786,-0.11,-0.03,-0.84,0
11.205,58.4,-3.6,-2.9,0.008,-0.622,-0.778,-0.11,-0.03,-0.84,0
11.211,57.9,-3.6,-3,0.009,-0.626,-0.771,-0.11,-0.03,-0.84,0
11.215,57.3,-3.4,-2.9,0.009,-0.63,-0.765,-0.1,-0.04,-0.84,0
11.220,56.7,-3.6,-2.6,0.01,-0.635,-0.758,-0.1,-0.04,-0.84,0
11.225,56.2,-3.4,-2.6,0.009,-0.639,-0.753,-0.1,-0.04,-0.84,0
11.230,55.4,-3.4,-2.8,0.007,-0.642,-0.749,-0.1,-0.04,-0.84,0
11.235,55.1,-3.1,-3.1,0.004,-0.647,-0.746,-0.1,-0.04,-0.84,0
11.240,54.4,-3.1,-3,0.002,-0.653,-0.746,-0.1,-0.04,-0.84,0
11.244,54.2,-3,-3.1,0.001,-0.657,-0.746,-0.1,-0.04,-0.84,0
11.249,54.1,-2.6,-3.1,0.001,-0.662,-0.747,-0.1,-0.04,-0.84,0
11.254,54.3,-2.6,-3,0,-0.665,-0.75,-0.1,-0.04,-0.84,0
11.259,54.8,-2.4,-3.1,0,-0.668,-0.753,-0.1,-0.04,-0.84,0
11.265,55.4,-2.3,-2.9,0,-0.671,-0.756,-0.09,-0.05,-0.9,0.22
11.271,56,-2.5,-2.9,0.001,-0.673,-0.756,-0.09,-0.05,-0.9,0.22
11.277,56.8,-2.3,-2.8,0.003,-0.674,-0.756,-0.09,-0.05,-0.9,0.22
11.283,57.7,-2.5,-2.5,0.006,-0.676,-0.754,-0.09,-0.05,-0.9,0.22
11.290,58.5,-2.4,-2.5,0.011,-0.674,-0.752,-0.09,-0.05,-0.9,0.22
11.296,59.5,-2.5,-2.5,0.017,-0.672,-0.75,-0.09,-0.05,-0.9,0.22
11.302,60.2,-2.5,-2.7,0.021,-0.671,-0.746,-0.09,-0.05,-0.9,0.22
11.308,60.9,-2.4,-2.8,0.027,-0.67,-0.739,-0.09,-0.05,-0.9,0.22
11.313,61.4,-2.5,-3.1,0.032,-0.671,-0.732,-0.11,-0.07,-1.19,0
11.318,61.8,-2.5,-3.3,0.034,-0.674,-0.724,-0.11,-0.07,-1.19,0
11.322,62,-2.3,-3.5,0.034,-0.676,-0.716,-0.11,-0.07,-1.19,0
11.327,61.8,-2,-3.7,0.035,-0.681,-0.706,-0.11,-0.07,-1.19,0
11.332,61.5,-1.7,-3.7,0.032,-0.686,-0.699,-0.11,-0.07,-1.19,0
11.337,61,-1.4,-3.9,0.029,-0.691,-0.691,-0.11,-0.07,-1.19,0
11.342,60.4,-1.1,-3.8,0.027,-0.698,-0.684,-0.11,-0.07,-1.19,0
11.346,59.9,-0.6,-3.7,0.023,-0.705,-0.678,-0.11,-0.07,-1.19,0
11.351,59.2,-0.5,-3.2,0.021,-0.711,-0.673,-0.11,-0.07,-1.19,0
11.356,58.6,0,-2.9,0.019,-0.718,-0.67,-0.11,-0.07,-1.19,0
11.360,58.2,0.3,-2.9,0.016,-0.724,-0.666,-0.13,-0.08,-0.98,0
11.364,57.8,0.7,-2.5,0.016,-0.729,-0.664,-0.13,-0.08,-0.98,0
11.369,58,1.2,-2.1,0.014,-0.734,-0.661,-0.13,-0.08,-0.98,0
11.373,58.3,1.3,-1.8,0.012,-0.735,-0.66,-0.13,-0.08,-0.98,0
11.377,59,1.6,-1.5,0.013,-0.736,-0.658,-0.13,-0.08,-0.98,0
11.381,59.5,2.1,-0.9,0.013,-0.738,-0.657,-0.13,-0.08,-0.98,0
11.385,60.6,2.3,-0.6,0.014,-0.741,-0.657,-0.13,-0.08,-0.98,0
11.390,61.2,2.4,-0.4,0.015,-0.743,-0.656,-0.13,-0.08,-0.98,0
11.394,62.3,2.6,-0.3,0.013,-0.747,-0.655,-0.13,-0.08,-0.98,0
11.398,62.9,2.6,-0.3,0.012,-0.752,-0.655,-0.13,-0.08,-0.98,0
11.404,63.2,2.8,-0.3,0.009,-0.758,-0.654,-0.13,-0.09,-1.06,0
11.410,63.3,2.7,-0.4,0.01,-0.765,-0.65,-0.13,-0.09,-1.06,0
11.416,63.4,2.6,-0.4,0.008,-0.772,-0.647,-0.13,-0.09,-1.06,0
11.422,63.3,2.7,-0.6,0.007,-0.779,-0.643,-0.13,-0.09,-1.06,0
11.428,63.1,2.8,-0.8,0.008,-0.784,-0.637,-0.13,-0.09,-1.06,0
11.434,62.7,2.8,-0.6,0.008,-0.79,-0.628,-0.13,-0.09,-1.06,0
11.440,62.2,2.7,-0.7,0.008,-0.794,-0.621,-0.13,-0.09,-1.06,0
11.446,62,3.1,-0.7,0.009,-0.799,-0.613,-0.13,-0.09,-1.06,0
11.451,61.6,3.1,-0.8,0.01,-0.801,-0.604,-0.13,-0.11,-1.45,0
11.455,61.2,3.5,-0.9,0.012,-0.803,-0.595,-0.13,-0.11,-1.45,0
11.460,60.9,3.7,-0.9,0.014,-0.802,-0.588,-0.13,-0.11,-1.45,0
11.464,60.7,4,-1,0.014,-0.802,-0.581,-0.13,-0.11,-1.45,0
11.468,60.1,4.4,-1,0.014,-0.801,-0.575,-0.13,-0.11,-1.45,0
11.473,59.7,4.6,-1,0.013,-0.801,-0.57,-0.13,-0.11,-1.45,0
11.477,59,5,-1,0.011,-0.799,-0.566,-0.13,-0.11,-1.45,0
11.482,58.8,5.3,-0.9,0.01,-0.801,-0.564,-0.13,-0.11,-1.45,0
11.486,58.7,5.7,-1.2,0.007,-0.802,-0.564,-0.13,-0.11,-1.45,0
11.490,58.6,5.9,-1.2,0.006,-0.802,-0.564,-0.13,-0.11,-1.45,0
11.495,58.9,6.2,-1.2,0.005,-0.802,-0.564,-0.13,-0.11,-1.45,0
11.499,59.1,6.5,-1.4,0.007,-0.805,-0.565,-0.08,-0.12,-1.56,0
11.503,59.3,6.9,-1.2,0.008,-0.81,-0.564,-0.08,-0.12,-1.56,0
11.507,59.6,7.2,-1.1,0.01,-0.815,-0.563,-0.08,-0.12,-1.56,0
11.511,59.8,7.4,-0.9,0.011,-0.82,-0.559,-0.08,-0.12,-1.56,0
11.515,59.8,7.6,-0.9,0.01,-0.827,-0.554,-0.08,-0.12,-1.56,0
11.520,59.6,7.8,-0.7,0.008,-0.835,-0.547,-0.08,-0.12,-1.56,0
11.524,59.3,8.1,-0.8,0.006,-0.84,-0.538,-0.08,-0.12,-1.56,0
11.528,58.9,8.2,-0.7,0.006,-0.845,-0.527,-0.08,-0.12,-1.56,0
11.532,58.2,8.4,-0.7,0.005,-0.85,-0.515,-0.08,-0.12,-1.56,0
11.536,57.5,8.6,-0.9,0.003,-0.85,-0.502,-0.08,-0.12,-1.56,0
11.540,56.9,9,-0.7,0.003,-0.85,-0.49,-0.08,-0.12,-1.56,0
11.547,56.1,9,-0.7,0.002,-0.848,-0.48,-0.08,-0.15,-1,0
11.553,55.6,9.1,-0.9,0.003,-0.845,-0.471,-0.08,-0.15,-1,0
11.560,54.9,9.6,-1,0.007,-0.842,-0.464,-0.08,-0.15,-1,0
11.566,54.4,9.6,-1.1,0.008,-0.838,-0.456,-0.08,-0.15,-1,0
11.573,53.7,10.1,-1,0.011,-0.836,-0.452,-0.08,-0.15,-1,0
11.579,53.2,10.5,-1.3,0.013,-0.835,-0.449,-0.08,-0.15,-1,0
11.586,52.6,10.6,-1.1,0.013,-0.836,-0.449,-0.08,-0.15,-1,0
11.590,52.4,10.7,-1.4,0.012,-0.839,-0.45,-0.07,-0.17,-1.05,-0.35
11.594,52,10.7,-1.7,0.012,-0.845,-0.454,-0.07,-0.17,-1.05,-0.35
11.598,52.1,11,-2,0.012,-0.852,-0.456,-0.07,-0.17,-1.05,-0.35
11.602,52.2,11.1,-1.9,0.011,-0.86,-0.458,-0.07,-0.17,-1.05,-0.35
11.607,52.2,11.1,-2.1,0.008,-0.866,-0.459,-0.07,-0.17,-1.05,-0.35
11.611,52.5,11.1,-2.1,0.007,-0.872,-0.459,-0.07,-0.17,-1.05,-0.35
11.615,52.9,11,-2,0.006,-0.877,-0.458,-0.07,-0.17,-1.05,-0.35
11.619,53.2,11,-2,0.004,-0.882,-0.457,-0.07,-0.17,-1.05,-0.35
11.623,53.5,10.7,-1.8,0.003,-0.884,-0.454,-0.07,-0.17,-1.05,-0.35
11.627,53.8,10.6,-1.6,0.005,-0.887,-0.449,-0.07,-0.17,-1.05,-0.35
11.632,54.2,10.2,-1.2,0.007,-0.889,-0.444,-0.07,-0.17,-1.05,-0.35
11.639,54.4,9.8,-0.8,0.01,-0.891,-0.438,-0.06,-0.18,-1.52,-0.38
11.646,54.4,9.3,-0.4,0.013,-0.893,-0.429,-0.06,-0.18,-1.52,-0.38
11.654,54.4,8.9,0.1,0.015,-0.895,-0.42,-0.06,-0.18,-1.52,-0.38
11.661,53.9,8.4,0.4,0.016,-0.899,-0.41,-0.06,-0.18,-1.52,-0.38
11.668,53.2,8.3,0.7,0.02,-0.902,-0.399,-0.06,-0.18,-1.52,-0.38
11.676,52.6,7.6,0.9,0.023,-0.903,-0.388,-0.06,-0.18,-1.52,-0.38
11.683,51.7,7.3,1,0.026,-0.907,-0.376,-0.06,-0.18,-1.52,-0.38
11.688,50.6,7,1.2,0.028,-0.906,-0.365,-0.07,-0.21,-1.22,-0.3
11.692,49.4,6.6,1.2,0.031,-0.908,-0.356,-0.07,-0.21,-1.22,-0.3
11.696,48.3,6.4,1.4,0.035,-0.907,-0.348,-0.07,-0.21,-1.22,-0.3
11.701,47.6,6.3,1.4,0.039,-0.906,-0.342,-0.07,-0.21,-1.22,-0.3
11.705,46.8,6.2,1.7,0.041,-0.907,-0.339,-0.07,-0.21,-1.22,-0.3
11.710,46.2,6,1.8,0.043,-0.907,-0.337,-0.07,-0.21,-1.22,-0.3
11.714,45.7,6,2.3,0.045,-0.907,-0.338,-0.07,-0.21,-1.22,-0.3
11.718,45.6,5.8,2.3,0.043,-0.909,-0.34,-0.07,-0.21,-1.22,-0.3
11.723,45.7,5.7,2.6,0.042,-0.912,-0.344,-0.07,-0.21,-1.22,-0.3
11.727,45.6,5.3,2.9,0.042,-0.915,-0.349,-0.07,-0.21,-1.22,-0.3
11.732,46,4.9,3.2,0.039,-0.919,-0.353,-0.07,-0.21,-1.22,-0.3
11.738,45.9,4.5,3.8,0.036,-0.926,-0.356,-0.07,-0.23,-1.24,-0.31
11.744,46,4.1,4.1,0.035,-0.933,-0.357,-0.07,-0.23,-1.24,-0.31
11.749,45.7,3.5,4.7,0.033,-0.939,-0.355,-0.07,-0.23,-1.24,-0.31
11.755,45.6,2.9,4.8,0.029,-0.945,-0.352,-0.07,-0.23,-1.24,-0.31
11.761,45.2,2.1,5.3,0.026,-0.948,-0.344,-0.07,-0.23,-1.24,-0.31
11.767,44.7,1.6,5.4,0.023,-0.952,-0.337,-0.07,-0.23,-1.24,-0.31
11.773,44.4,1,5.4,0.021,-0.952,-0.326,-0.07,-0.23,-1.24,-0.31
11.778,43.6,0.5,5.6,0.019,-0.953,-0.316,-0.09,-0.24,-1.06,0
11.782,42.9,0,5.5,0.018,-0.952,-0.307,-0.09,-0.24,-1.06,0
11.786,42.3,-0.1,5.6,0.018,-0.951,-0.299,-0.09,-0.24,-1.06,0
11.791,41.6,-0.6,5.4,0.018,-0.949,-0.292,-0.09,-0.24,-1.06,0
11.795,40.6,-0.9,5.6,0.019,-0.947,-0.288,-0.09,-0.24,-1.06,0
11.800,40.1,-0.9,5.3,0.02,-0.945,-0.285,-0.09,-0.24,-1.06,0
11.804,39.5,-1,5.1,0.023,-0.944,-0.285,-0.09,-0.24,-1.06,0
11.808,39,-0.9,5,0.023,-0.944,-0.286,-0.09,-0.24,-1.06,0
11.813,38.6,-1.1,5.1,0.023,-0.946,-0.288,-0.09,-0.24,-1.06,0
11.817,38.6,-0.9,4.8,0.022,-0.951,-0.292,-0.09,-0.24,-1.06,0
11.822,38.6,-0.8,4.8,0.022,-0.954,-0.295,-0.09,-0.24,-1.06,0
11.826,38.8,-0.7,4.8,0.021,-0.958,-0.298,-0.1,-0.26,-1.76,0
11.831,38.8,-0.6,4.8,0.02,-0.963,-0.299,-0.1,-0.26,-1.76,0
11.835,38.8,-0.3,4.6,0.018,-0.967,-0.299,-0.1,-0.26,-1.76,0
11.840,38.6,-0.1,4.8,0.018,-0.972,-0.297,-0.1,-0.26,-1.76,0
11.844,38.3,0.3,5,0.019,-0.972,-0.293,-0.1,-0.26,-1.76,0
11.848,38.2,0.9,5.1,0.02,-0.972,-0.288,-0.1,-0.26,-1.76,0
11.853,38.1,1.4,5.4,0.02,-0.971,-0.281,-0.1,-0.26,-1.76,0
11.857,38.2,2,5.7,0.02,-0.97,-0.274,-0.1,-0.26,-1.76,0
11.862,38,2.4,5.9,0.019,-0.97,-0.268,-0.1,-0.26,-1.76,0
11.866,38,2.9,6.4,0.019,-0.97,-0.26,-0.1,-0.26,-1.76,0
11.871,38,3.3,6.7,0.019,-0.969,-0.255,-0.1,-0.26,-1.76,0
11.878,37.7,3.9,6.7,0.017,-0.972,-0.249,-0.1,-0.27,-1.88,0
11.885,37.1,4.1,6.8,0.014,-0.974,-0.243,-0.1,-0.27,-1.88,0
11.891,36.4,4.3,6.7,0.01,-0.976,-0.237,-0.1,-0.27,-1.88,0
11.898,35.9,4.5,6.5,0.007,-0.977,-0.234,-0.1,-0.27,-1.88,0
11.905,35.2,4.7,6.4,0.004,-0.979,-0.232,-0.1,-0.27,-1.88,0
11.912,34.8,4.7,5.9,0.002,-0.981,-0.23,-0.1,-0.27,-1.88,0
11.919,34.2,4.9,5.6,-0.001,-0.982,-0.229,-0.1,-0.27,-1.88,0
11.923,34.1,5.1,5.1,-0.002,-0.982,-0.229,-0.09,-0.28,-1.1,0
11.927,33.8,4.8,4.8,-0.001,-0.984,-0.229,-0.09,-0.28,-1.1,0
11.930,33.6,4.9,4.3,-0.001,-0.985,-0.231,-0.09,-0.28,-1.1,0
11.934,33.2,4.9,4.2,0,-0.987,-0.231,-0.09,-0.28,-1.1,0
11.938,32.7,4.8,4,0.002,-0.989,-0.232,-0.09,-0.28,-1.1,0
11.942,32.4,4.7,4,0.005,-0.99,-0.232,-0.09,-0.28,-1.1,0
11.946,32.2,4.8,4.1,0.008,-0.991,-0.23,-0.09,-0.28,-1.1,0
11.950,31.7,4.7,4.4,0.014,-0.994,-0.225,-0.09,-0.28,-1.1,0
11.953,31.4,4.5,4.7,0.017,-0.995,-0.22,-0.09,-0.28,-1.1,0
11.957,31.1,4.5,4.8,0.019,-0.996,-0.215,-0.09,-0.28,-1.1,0
11.961,30.8,4.2,5.1,0.023,-0.997,-0.209,-0.09,-0.28,-1.1,0
11.968,30.2,4.3,5.3,0.024,-0.999,-0.202,-0.09,-0.29,-0.75,0
11.975,29.5,4,5.5,0.026,-0.998,-0.195,-0.09,-0.29,-0.75,0
11.982,28.7,3.7,5.7,0.028,-0.997,-0.188,-0.09,-0.29,-0.75,0
11.989,28.1,3.6,5.7,0.029,-0.994,-0.184,-0.09,-0.29,-0.75,0
11.996,27.3,3.2,5.9,0.028,-0.993,-0.181,-0.09,-0.29,-0.75,0
12.003,26.9,3,5.9,0.029,-0.989,-0.176,-0.09,-0.29,-0.75,0
12.009,26.4,2.8,5.9,0.03,-0.988,-0.175,-0.09,-0.29,-0.75,0
12.013,25.9,2.4,5.7,0.03,-0.986,-0.176,-0.06,-0.31,-1.47,0
12.018,25.6,2.1,5.6,0.028,-0.984,-0.179,-0.06,-0.31,-1.47,0
12.022,25.3,2,5.3,0.025,-0.984,-0.182,-0.06,-0.31,-1.47,0
12.026,25.1,1.7,5.1,0.022,-0.983,-0.182,-0.06,-0.31,-1.47,0
12.030,24.5,1.4,5,0.021,-0.985,-0.185,-0.06,-0.31,-1.47,0
12.034,24,1.1,4.9,0.019,-0.988,-0.187,-0.06,-0.31,-1.47,0
12.038,23.6,0.7,4.9,0.016,-0.991,-0.188,-0.06,-0.31,-1.47,0
12.042,23.1,0.5,4.9,0.015,-0.993,-0.187,-0.06,-0.31,-1.47,0
12.046,23,0.3,4.8,0.012,-0.993,-0.185,-0.06,-0.31,-1.47,0
12.050,22.6,0,4.8,0.01,-0.993,-0.183,-0.06,-0.31,-1.47,0
12.054,22.3,-0.1,4.8,0.008,-0.992,-0.179,-0.06,-0.31,-1.47,0
12.058,22,-0.4,5,0.007,-0.993,-0.174,-0.06,-0.31,-1.47,0
12.063,21.9,-0.5,4.8,0.006,-0.99,-0.168,-0.05,-0.33,-1.48,0
12.068,21.5,-0.5,5,0.007,-0.991,-0.163,-0.05,-0.33,-1.48,0
12.073,21.3,-0.7,4.7,0.007,-0.99,-0.158,-0.05,-0.33,-1.48,0
12.078,21,-0.9,4.7,0.008,-0.99,-0.155,-0.05,-0.33,-1.48,0
12.083,20.7,-1.1,4.6,0.007,-0.988,-0.152,-0.05,-0.33,-1.48,0
12.088,20.5,-1,4.3,0.007,-0.988,-0.149,-0.05,-0.33,-1.48,0
12.093,20.2,-1.2,4.2,0.006,-0.986,-0.147,-0.05,-0.33,-1.48,0
12.098,20,-1.2,4,0.006,-0.984,-0.145,-0.05,-0.33,-1.48,0
12.102,19.6,-1.2,3.9,0.005,-0.982,-0.145,-0.05,-0.33,-1.48,0
12.109,19.1,-1.5,3.8,0.004,-0.979,-0.146,-0.05,-0.34,-0.37,0
12.116,19,-1.4,3.4,0.002,-0.976,-0.147,-0.05,-0.34,-0.37,0
12.122,18.7,-1.8,3.2,0,-0.974,-0.148,-0.05,-0.34,-0.37,0
12.129,18.5,-1.7,2.9,0.001,-0.972,-0.148,-0.05,-0.34,-0.37,0
12.135,18.3,-1.9,2.7,0,-0.97,-0.149,-0.05,-0.34,-0.37,0
12.142,18.4,-1.9,2.5,0,-0.967,-0.151,-0.05,-0.34,-0.37,0
12.148,18.3,-1.9,2.3,0,-0.967,-0.153,-0.05,-0.34,-0.37,0
12.152,18.4,-1.8,2.3,-0.001,-0.966,-0.154,-0.07,-0.38,-0.36,0
12.155,18.5,-1.9,2,-0.002,-0.966,-0.156,-0.07,-0.38,-0.36,0
12.159,18.7,-1.9,1.6,-0.003,-0.969,-0.156,-0.07,-0.38,-0.36,0
12.162,18.7,-1.7,1.6,-0.002,-0.971,-0.155,-0.07,-0.38,-0.36,0
12.166,18.9,-1.8,1.5,-0.002,-0.975,-0.151,-0.07,-0.38,-0.36,0
12.169,19.1,-1.6,1.3,-0.002,-0.977,-0.147,-0.07,-0.38,-0.36,0
12.173,19.2,-1.4,1.2,-0.001,-0.979,-0.142,-0.07,-0.38,-0.36,0
12.176,19.5,-1.4,1,-0.002,-0.981,-0.136,-0.07,-0.38,-0.36,0
12.180,19.4,-1.1,1.1,-0.001,-0.984,-0.131,-0.07,-0.38,-0.36,0
12.183,19.4,-0.9,1.2,0,-0.984,-0.125,-0.07,-0.38,-0.36,0
12.187,19.5,-0.7,1.4,0,-0.987,-0.12,-0.07,-0.38,-0.36,0
12.190,19.1,-0.6,1.3,0,-0.987,-0.116,-0.07,-0.38,-0.36,0
12.194,19,-0.3,1.4,-0.001,-0.987,-0.114,-0.07,-0.38,-0.36,0
12.200,18.9,-0.4,1.5,-0.003,-0.985,-0.112,-0.07,-0.4,-0.73,0
12.207,18.6,-0.1,1.7,-0.005,-0.985,-0.111,-0.07,-0.4,-0.73,0
12.213,18.9,0,1.6,-0.008,-0.984,-0.11,-0.07,-0.4,-0.73,0
12.220,18.9,0.1,1.6,-0.009,-0.984,-0.109,-0.07,-0.4,-0.73,0
12.226,19,0,1.4,-0.01,-0.985,-0.11,-0.07,-0.4,-0.73,0
12.232,18.9,0.1,1.4,-0.011,-0.986,-0.111,-0.07,-0.4,-0.73,0
12.239,18.9,0,1.1,-0.012,-0.989,-0.112,-0.07,-0.4,-0.73,0
12.245,18.8,0.1,0.9,-0.012,-0.99,-0.112,-0.07,-0.4,-0.73,0
12.250,19,0.1,0.7,-0.012,-0.992,-0.112,-0.1,-0.42,-1.16,0
12.254,19.2,0.1,0.9,-0.01,-0.994,-0.111,-0.1,-0.42,-1.16,0
12.258,19.5,0.2,0.6,-0.008,-0.995,-0.11,-0.1,-0.42,-1.16,0
12.263,19.9,0.5,0.5,-0.007,-0.995,-0.108,-0.1,-0.42,-1.16,0
12.267,20.5,0.7,0.4,-0.007,-0.997,-0.105,-0.1,-0.42,-1.16,0
12.272,20.9,0.7,0.3,-0.007,-0.998,-0.101,-0.1,-0.42,-1.16,0
12.276,21.4,0.9,0.4,-0.007,-0.998,-0.098,-0.1,-0.42,-1.16,0
12.281,21.7,1.2,0.3,-0.009,-0.998,-0.093,-0.1,-0.42,-1.16,0
12.285,21.8,1.3,0.2,-0.011,-0.998,-0.087,-0.1,-0.42,-1.16,0
12.289,22,1.6,0.1,-0.013,-1,-0.083,-0.1,-0.42,-1.16,0
12.294,21.9,1.8,0,-0.015,-1,-0.078,-0.1,-0.42,-1.16,0
12.300,21.6,2,0,-0.016,-1.001,-0.072,-0.16,-0.44,-1.25,0
12.306,21.4,2,0.1,-0.019,-1.001,-0.065,-0.16,-0.44,-1.25,0
12.312,21.2,2.1,0.3,-0.024,-1.002,-0.059,-0.16,-0.44,-1.25,0
12.318,21.4,2.1,0.3,-0.028,-1.002,-0.055,-0.16,-0.44,-1.25,0
12.323,21.5,2,0.3,-0.03,-1.003,-0.051,-0.16,-0.44,-1.25,0
12.329,21.9,1.8,0.1,-0.032,-1.004,-0.047,-0.16,-0.44,-1.25,0
12.335,22.5,1.7,0.3,-0.034,-1.006,-0.046,-0.16,-0.44,-1.25,0
12.341,23,1.5,0.3,-0.035,-1.007,-0.047,-0.21,-0.45,-1.62,0
12.347,23.6,1.1,0.4,-0.036,-1.009,-0.048,-0.21,-0.45,-1.62,0
12.353,23.9,0.5,0.6,-0.035,-1.01,-0.052,-0.21,-0.45,-1.62,0
12.360,24.4,0.1,0.4,-0.033,-1.009,-0.055,-0.21,-0.45,-1.62,0
12.366,24.8,-0.3,0.6,-0.026,-1.007,-0.056,-0.21,-0.45,-1.62,0
12.372,24.9,-0.8,0.7,-0.019,-1.004,-0.056,-0.21,-0.45,-1.62,0
12.378,25.2,-1.1,1,-0.013,-0.998,-0.054,-0.21,-0.45,-1.62,0
12.384,25.2,-1.4,1.2,-0.005,-0.991,-0.049,-0.21,-0.45,-1.62,0
12.389,25.3,-1.6,1.4,0.003,-0.984,-0.046,-0.19,-0.49,-2.29,0.57
12.394,25.2,-1.8,1.5,0.009,-0.978,-0.043,-0.19,-0.49,-2.29,0.57
12.398,24.7,-1.9,1.8,0.015,-0.972,-0.038,-0.19,-0.49,-2.29,0.57
12.403,24.7,-1.9,1.7,0.021,-0.969,-0.035,-0.19,-0.49,-2.29,0.57
12.408,24.1,-2,1.7,0.021,-0.966,-0.033,-0.19,-0.49,-2.29,0.57
12.413,23.9,-2.1,1.7,0.022,-0.967,-0.03,-0.19,-0.49,-2.29,0.57
12.418,23.4,-2,1.8,0.022,-0.968,-0.028,-0.19,-0.49,-2.29,0.57
12.423,23,-2.2,1.5,0.022,-0.972,-0.027,-0.19,-0.49,-2.29,0.57
12.428,22.6,-2.3,1.4,0.019,-0.977,-0.024,-0.19,-0.49,-2.29,0.57
12.432,22.3,-2.2,1.5,0.018,-0.984,-0.024,-0.19,-0.49,-2.29,0.57
12.437,21.7,-2.4,1.5,0.015,-0.993,-0.024,-0.15,-0.51,-1.11,0
12.441,21.3,-2.2,1.5,0.012,-1.001,-0.021,-0.15,-0.51,-1.11,0
12.446,20.8,-2.5,1.4,0.007,-1.009,-0.018,-0.15,-0.51,-1.11,0
12.450,20.1,-2.5,1.8,0.003,-1.015,-0.016,-0.15,-0.51,-1.11,0
12.455,19.4,-2.5,1.8,0.001,-1.018,-0.014,-0.15,-0.51,-1.11,0
12.459,18.6,-2.6,2,0,-1.019,-0.01,-0.15,-0.51,-1.11,0
12.464,18.2,-2.6,2.2,0,-1.016,-0.006,-0.15,-0.51,-1.11,0
12.468,17.3,-2.7,2.3,-0.001,-1.013,-0.004,-0.15,-0.51,-1.11,0
12.473,16.8,-2.6,2.2,0,-1.007,0,-0.15,-0.51,-1.11,0
12.477,16.1,-2.6,2.3,0.001,-1,0.002,-0.15,-0.51,-1.11,0
12.482,15.5,-2.6,2.4,0.003,-0.994,0.004,-0.15,-0.51,-1.11,0
12.488,14.7,-2.5,2.5,0.006,-0.989,0.005,-0.14,-0.53,-1.15,0
12.494,14.2,-2.5,2.5,0.009,-0.987,0.004,-0.14,-0.53,-1.15,0
12.500,13.5,-2.6,2.5,0.011,-0.984,0.004,-0.14,-0.53,-1.15,0
12.506,12.8,-2.5,2.4,0.013,-0.984,0.003,-0.14,-0.53,-1.15,0
12.512,12,-2.7,2.1,0.014,-0.985,0.002,-0.14,-0.53,-1.15,0
12.518,11.2,-3,1.8,0.016,-0.986,-0.001,-0.14,-0.53,-1.15,0
12.524,10.3,-3,1.6,0.016,-0.988,-0.005,-0.14,-0.53,-1.15,0
12.528,9.5,-3.1,1.1,0.013,-0.99,-0.008,-0.13,-0.56,-0.6,0
12.532,8.8,-3.3,0.6,0.011,-0.992,-0.011,-0.13,-0.56,-0.6,0
12.537,8.2,-3.6,0.4,0.009,-0.993,-0.013,-0.13,-0.56,-0.6,0
12.541,7.6,-3.5,0.2,0.007,-0.996,-0.014,-0.13,-0.56,-0.6,0
12.545,7.1,-3.4,0.1,0.005,-1.002,-0.013,-0.13,-0.56,-0.6,0
12.550,6.5,-3.4,0,0.003,-1.005,-0.012,-0.13,-0.56,-0.6,0
12.554,6.2,-3.1,0,0,-1.01,-0.011,-0.13,-0.56,-0.6,0
12.558,5.6,-3,0,-0.002,-1.013,-0.008,-0.13,-0.56,-0.6,0
12.563,5.2,-3,-0.3,-0.006,-1.015,-0.006,-0.13,-0.56,-0.6,0
12.567,4.6,-2.7,-0.4,-0.01,-1.016,-0.004,-0.13,-0.56,-0.6,0
12.571,4.2,-2.6,-0.5,-0.013,-1.015,-0.002,-0.13,-0.56,-0.6,0
12.576,3.9,-2.6,-0.6,-0.017,-1.015,0,-0.09,-0.57,0,0
12.580,3.5,-2.4,-0.6,-0.02,-1.012,0,-0.09,-0.57,0,0
12.584,3.3,-2.3,-0.7,-0.023,-1.011,0,-0.09,-0.57,0,0
12.588,3,-2.1,-0.7,-0.025,-1.01,0,-0.09,-0.57,0,0
12.592,2.6,-2,-0.6,-0.025,-1.009,0,-0.09,-0.57,0,0
12.596,2,-1.9,-0.6,-0.024,-1.009,-0.002,-0.09,-0.57,0,0
12.601,1.2,-1.7,-0.6,-0.022,-1.009,-0.004,-0.09,-0.57,0,0
12.605,0.7,-1.9,-0.6,-0.02,-1.01,-0.006,-0.09,-0.57,0,0
12.609,0,-1.8,-0.6,-0.018,-1.008,-0.007,-0.09,-0.57,0,0
12.613,-0.4,-1.8,-0.5,-0.017,-1.004,-0.009,-0.09,-0.57,0,0
12.617,-0.8,-1.8,-0.6,-0.016,-1.001,-0.009,-0.09,-0.57,0,0
12.624,-0.9,-1.8,-0.7,-0.014,-0.997,-0.01,-0.06,-0.59,0,0
12.630,-1.2,-1.7,-0.6,-0.011,-0.992,-0.011,-0.06,-0.59,0,0
12.637,-1.1,-1.7,-0.6,-0.009,-0.989,-0.011,-0.06,-0.59,0,0
12.643,-1.3,-1.5,-0.3,-0.007,-0.986,-0.013,-0.06,-0.59,0,0
12.650,-1.3,-1.4,-0.3,-0.006,-0.982,-0.013,-0.06,-0.59,0,0
12.656,-1.2,-1.3,-0.4,-0.005,-0.979,-0.013,-0.06,-0.59,0,0
12.663,-1.1,-1.2,-0.5,-0.006,-0.979,-0.014,-0.06,-0.59,0,0
12.667,-0.9,-1.2,-0.6,-0.007,-0.978,-0.014,-0.08,-0.62,0,0
12.671,-0.9,-1.1,-0.7,-0.01,-0.98,-0.014,-0.08,-0.62,0,0
12.676,-0.9,-1,-0.7,-0.014,-0.983,-0.013,-0.08,-0.62,0,0
12.680,-1,-1.1,-0.9,-0.017,-0.987,-0.013,-0.08,-0.62,0,0
12.685,-0.8,-1.1,-0.7,-0.021,-0.989,-0.013,-0.08,-0.62,0,0
12.689,-1.1,-1.1,-0.8,-0.025,-0.994,-0.013,-0.08,-0.62,0,0
12.693,-1.4,-1.4,-0.7,-0.027,-0.996,-0.012,-0.08,-0.62,0,0
12.698,-1.5,-1.3,-0.5,-0.03,-0.997,-0.011,-0.08,-0.62,0,0
12.702,-2.1,-1.6,-0.4,-0.033,-0.997,-0.012,-0.08,-0.62,0,0
12.707,-2.4,-1.7,0,-0.031,-0.994,-0.012,-0.08,-0.62,0,0
12.711,-2.8,-2,0.1,-0.027,-0.991,-0.013,-0.08,-0.62,0,0
12.715,-2.9,-2,0.4,-0.024,-0.984,-0.013,-0.1,-0.65,0,0
12.720,-3.1,-2.2,0.7,-0.019,-0.978,-0.012,-0.1,-0.65,0,0
12.724,-2.9,-2.3,0.7,-0.016,-0.97,-0.011,-0.1,-0.65,0,0
12.728,-2.4,-2.4,0.8,-0.012,-0.964,-0.009,-0.1,-0.65,0,0
12.733,-2,-2.5,1,-0.009,-0.96,-0.006,-0.1,-0.65,0,0
12.737,-1.8,-2.5,1.1,-0.007,-0.961,-0.004,-0.1,-0.65,0,0
12.741,-1.8,-2.5,1,-0.006,-0.966,-0.002,-0.1,-0.65,0,0
12.746,-2.3,-2.5,1.4,-0.006,-0.97,-0.001,-0.1,-0.65,0,0
12.750,-2.9,-2.6,1.5,-0.006,-0.981,0.001,-0.1,-0.65,0,0
12.755,-3.6,-2.6,1.6,-0.005,-0.988,0.003,-0.1,-0.65,0,0
12.759,-4.5,-2.5,1.9,-0.005,-0.994,0.003,-0.1,-0.65,0,0
12.766,-5.1,-2.5,2.1,-0.005,-1,0.002,-0.12,-0.66,0.59,0
12.773,-5.7,-2.3,2.5,-0.005,-1.003,0.003,-0.12,-0.66,0.59,0
12.780,-5.9,-2.1,2.8,-0.003,-1.005,0.003,-0.12,-0.66,0.59,0
12.787,-6.2,-2,3.4,-0.004,-1.005,0.001,-0.12,-0.66,0.59,0
12.794,-6.3,-1.8,3.4,-0.003,-1.006,-0.002,-0.12,-0.66,0.59,0
12.802,-6.6,-1.9,3.5,-0.001,-1.006,-0.006,-0.12,-0.66,0.59,0
12.809,-7,-2,3.7,0,-1.006,-0.011,-0.12,-0.66,0.59,0
12.813,-7.4,-2,3.7,-0.002,-1.007,-0.014,-0.14,-0.68,0,0
12.817,-7.8,-2,3.8,-0.004,-1.007,-0.018,-0.14,-0.68,0,0
12.822,-8.2,-1.8,3.9,-0.008,-1.005,-0.02,-0.14,-0.68,0,0
12.826,-8.7,-2,4.3,-0.01,-1.005,-0.022,-0.14,-0.68,0,0
12.830,-9.1,-2,4.4,-0.013,-1.002,-0.021,-0.14,-0.68,0,0
12.835,-9.7,-1.9,4.3,-0.014,-1,-0.021,-0.14,-0.68,0,0
12.839,-10.5,-1.9,4.6,-0.015,-0.998,-0.021,-0.14,-0.68,0,0
12.843,-10.8,-1.7,4.6,-0.016,-0.995,-0.02,-0.14,-0.68,0,0
12.848,-11.5,-1.6,4.7,-0.016,-0.991,-0.018,-0.14,-0.68,0,0
12.852,-12,-1.6,4.5,-0.017,-0.988,-0.016,-0.14,-0.68,0,0
12.857,-12.6,-1.3,4.5,-0.017,-0.985,-0.016,-0.14,-0.68,0,0
12.863,-13.3,-1.1,4.2,-0.015,-0.983,-0.015,-0.17,-0.7,0.58,0.58
12.869,-13.9,-0.8,4.1,-0.014,-0.983,-0.014,-0.17,-0.7,0.58,0.58
12.875,-14.7,-0.3,4,-0.013,-0.984,-0.013,-0.17,-0.7,0.58,0.58
12.881,-15.6,-0.1,4,-0.013,-0.988,-0.015,-0.17,-0.7,0.58,0.58
12.887,-16.6,0.2,3.7,-0.015,-0.992,-0.016,-0.17,-0.7,0.58,0.58
12.893,-17.6,0.4,3.6,-0.016,-0.997,-0.019,-0.17,-0.7,0.58,0.58
12.900,-18.9,0.9,3.6,-0.016,-1.004,-0.022,-0.17,-0.7,0.58,0.58
12.904,-20.3,1.2,3.5,-0.019,-1.012,-0.026,-0.2,-0.71,1.16,0
12.908,-21.6,1.6,3.4,-0.018,-1.018,-0.029,-0.2,-0.71,1.16,0
12.913,-22.8,1.7,3.1,-0.019,-1.024,-0.034,-0.2,-0.71,1.16,0
12.917,-24.1,2.2,3.1,-0.017,-1.027,-0.037,-0.2,-0.71,1.16,0
12.921,-25.2,2.6,2.8,-0.016,-1.031,-0.041,-0.2,-0.71,1.16,0
12.925,-26.7,2.9,2.6,-0.014,-1.033,-0.047,-0.2,-0.71,1.16,0
12.930,-28,3.2,2.2,-0.012,-1.035,-0.051,-0.2,-0.71,1.16,0
12.934,-29.7,3.5,1.8,-0.012,-1.036,-0.054,-0.2,-0.71,1.16,0
12.938,-31,3.8,1.4,-0.013,-1.036,-0.056,-0.2,-0.71,1.16,0
12.943,-32.5,4.1,1.1,-0.011,-1.035,-0.057,-0.2,-0.71,1.16,0
12.947,-34.1,4.8,0.9,-0.011,-1.034,-0.058,-0.2,-0.71,1.16,0
12.954,-36.1,4.9,0.6,-0.01,-1.032,-0.06,-0.19,-0.71,1.85,0
12.961,-37.6,5.2,0.5,-0.009,-1.03,-0.064,-0.19,-0.71,1.85,0
12.968,-39.7,5.6,0.2,-0.009,-1.028,-0.066,-0.19,-0.71,1.85,0
12.975,-41.4,5.9,0,-0.009,-1.025,-0.071,-0.19,-0.71,1.85,0
12.982,-43.2,6,-0.1,-0.008,-1.023,-0.075,-0.19,-0.71,1.85,0
12.989,-45,6.4,-0.3,-0.007,-1.022,-0.079,-0.19,-0.71,1.85,0
12.996,-46.7,6.5,-0.4,-0.008,-1.02,-0.082,-0.19,-0.71,1.85,0
12.999,-48.3,6.5,-0.8,-0.01,-1.02,-0.085,-0.19,-0.71,1.98,0
13.003,-50.1,6.6,-1.2,-0.012,-1.021,-0.089,-0.19,-0.71,1.98,0
13.007,-51.8,6.8,-1.5,-0.015,-1.024,-0.091,-0.19,-0.71,1.98,0
13.011,-54,6.8,-1.9,-0.018,-1.027,-0.094,-0.19,-0.71,1.98,0
13.014,-56.2,6.8,-2.5,-0.02,-1.028,-0.096,-0.19,-0.71,1.98,0
13.018,-58.2,7,-3,-0.022,-1.03,-0.098,-0.19,-0.71,1.98,0
13.022,-60.7,7,-3.2,-0.022,-1.031,-0.1,-0.19,-0.71,1.98,0
13.025,-62.5,7.3,-3.6,-0.019,-1.028,-0.101,-0.19,-0.71,1.98,0
13.029,-64.5,7.4,-3.6,-0.017,-1.024,-0.104,-0.19,-0.71,1.98,0
13.033,-65.9,7.8,-3.6,-0.012,-1.018,-0.109,-0.19,-0.71,1.98,0
13.037,-67,8.2,-3.2,-0.008,-1.012,-0.115,-0.19,-0.71,1.98,0
13.040,-67.9,8.5,-2.8,-0.002,-1.008,-0.122,-0.19,-0.71,1.98,0
13.044,-68.4,8.7,-2.3,0.001,-1.004,-0.13,-0.19,-0.71,1.98,0
13.053,-69.2,8.8,-1.8,0.005,-1.004,-0.14,-0.19,-0.71,2.13,0
13.061,-69.7,9.2,-1.2,0.007,-1.006,-0.15,-0.19,-0.71,2.13,0
13.069,-70.6,9,-0.7,0.007,-1.01,-0.158,-0.19,-0.71,2.13,0
13.078,-71.6,8.8,-0.2,0.007,-1.014,-0.166,-0.19,-0.71,2.13,0
13.086,-72.2,8.6,0.2,0.004,-1.017,-0.173,-0.19,-0.71,2.13,0
13.090,-73,8.5,0.5,0.001,-1.021,-0.179,-0.17,-0.71,2.17,0
13.094,-73.7,7.9,0.6,-0.003,-1.022,-0.187,-0.17,-0.71,2.17,0
13.097,-74.4,7.5,0.7,-0.007,-1.022,-0.192,-0.17,-0.71,2.17,0
13.101,-74.8,7,0.8,-0.011,-1.023,-0.198,-0.17,-0.71,2.17,0
13.105,-75.5,6.4,0.8,-0.015,-1.022,-0.202,-0.17,-0.71,2.17,0
13.108,-76.2,5.9,0.4,-0.018,-1.021,-0.208,-0.17,-0.71,2.17,0
13.112,-76.9,5.4,0.1,-0.021,-1.018,-0.212,-0.17,-0.71,2.17,0
13.116,-77.7,4.9,0,-0.022,-1.017,-0.215,-0.17,-0.71,2.17,0
13.119,-78.4,4.6,-0.3,-0.023,-1.014,-0.218,-0.17,-0.71,2.17,0
13.123,-79.3,4.2,-0.6,-0.023,-1.01,-0.223,-0.17,-0.71,2.17,0
13.127,-79.9,3.9,-0.6,-0.021,-1.009,-0.228,-0.17,-0.71,2.17,0
13.130,-80.6,3.7,-0.7,-0.018,-1.006,-0.234,-0.17,-0.71,2.17,0
13.134,-81.1,3.4,-0.6,-0.013,-1.003,-0.241,-0.17,-0.71,2.17,0
13.139,-81.1,3.3,-0.3,-0.01,-1,-0.25,-0.16,-0.7,5.57,-0.46
13.143,-81.3,3.2,0,-0.005,-0.998,-0.26,-0.16,-0.7,5.57,-0.46
13.148,-81.6,2.9,0.4,-0.003,-0.997,-0.269,-0.16,-0.7,5.57,-0.46
13.152,-81.7,2.7,0.9,-0.003,-0.996,-0.278,-0.16,-0.7,5.57,-0.46
13.157,-82,2.5,1.2,-0.003,-0.994,-0.286,-0.16,-0.7,5.57,-0.46
13.161,-82.3,2.2,1.3,-0.004,-0.993,-0.293,-0.16,-0.7,5.57,-0.46
13.166,-82.4,2,1.5,-0.007,-0.991,-0.298,-0.16,-0.7,5.57,-0.46
13.170,-82.4,2,1.5,-0.011,-0.991,-0.303,-0.16,-0.7,5.57,-0.46
13.175,-82.7,1.7,1.2,-0.013,-0.989,-0.308,-0.16,-0.7,5.57,-0.46
13.179,-82.7,1.7,0.9,-0.018,-0.987,-0.313,-0.16,-0.7,5.57,-0.46
13.185,-83.1,1.4,0.7,-0.02,-0.986,-0.318,-0.17,-0.7,2.31,0
13.191,-83.6,1.6,0.3,-0.023,-0.984,-0.322,-0.17,-0.7,2.31,0
13.196,-84.7,1.7,-0.1,-0.025,-0.983,-0.325,-0.17,-0.7,2.31,0
13.202,-85.5,1.7,-0.7,-0.027,-0.979,-0.33,-0.17,-0.7,2.31,0
13.208,-86.5,1.8,-1,-0.026,-0.973,-0.333,-0.17,-0.7,2.31,0
13.214,-86.9,2.3,-1.3,-0.027,-0.965,-0.339,-0.17,-0.7,2.31,0
13.220,-87.5,2.7,-1.7,-0.025,-0.956,-0.348,-0.17,-0.7,2.31,0
13.225,-87.5,2.9,-1.8,-0.022,-0.947,-0.359,-0.17,-0.7,2.31,0
13.230,-87.4,3.1,-1.7,-0.019,-0.938,-0.371,-0.16,-0.7,4.83,0
13.234,-87.1,3.8,-1.5,-0.015,-0.932,-0.382,-0.16,-0.7,4.83,0
13.238,-86.6,3.8,-0.7,-0.009,-0.929,-0.394,-0.16,-0.7,4.83,0
13.243,-86,4.3,-0.4,-0.005,-0.927,-0.406,-0.16,-0.7,4.83,0
13.247,-85.5,4.4,0.2,-0.004,-0.928,-0.416,-0.16,-0.7,4.83,0
13.252,-85.3,4.8,0.9,-0.004,-0.929,-0.425,-0.16,-0.7,4.83,0
13.256,-85.1,4.9,1,-0.005,-0.929,-0.432,-0.16,-0.7,4.83,0
13.260,-85.2,5.1,1.4,-0.007,-0.931,-0.436,-0.16,-0.7,4.83,0
13.265,-84.9,5.2,1.8,-0.011,-0.93,-0.44,-0.16,-0.7,4.83,0
13.269,-85,5.5,1.6,-0.016,-0.928,-0.442,-0.16,-0.7,4.83,0
13.274,-84.8,6,1.5,-0.022,-0.923,-0.444,-0.16,-0.7,4.83,0
13.281,-84.4,6,1,-0.029,-0.916,-0.447,-0.15,-0.7,2.18,-0.36
13.287,-84,6.5,0.3,-0.034,-0.908,-0.452,-0.15,-0.7,2.18,-0.36
13.294,-83.6,7,-0.3,-0.041,-0.899,-0.459,-0.15,-0.7,2.18,-0.36
13.301,-82.9,7.7,-1.2,-0.047,-0.888,-0.47,-0.15,-0.7,2.18,-0.36
13.308,-82.2,8.4,-2.1,-0.053,-0.88,-0.481,-0.15,-0.7,2.18,-0.36
13.315,-81.4,9,-2.8,-0.058,-0.873,-0.495,-0.15,-0.7,2.18,-0.36
13.322,-81,9.8,-3.5,-0.06,-0.874,-0.509,-0.15,-0.7,2.18,-0.36
13.329,-80.8,10.7,-3.6,-0.057,-0.877,-0.524,-0.15,-0.69,2,0
13.336,-80.4,11.4,-3.6,-0.052,-0.881,-0.537,-0.15,-0.69,2,0
13.343,-80.2,12.3,-3.3,-0.047,-0.887,-0.549,-0.15,-0.69,2,0
13.350,-80.2,12.9,-2.8,-0.042,-0.891,-0.559,-0.15,-0.69,2,0
13.357,-80.3,13.4,-2.8,-0.035,-0.893,-0.565,-0.15,-0.69,2,0
13.364,-80.6,14.2,-2.6,-0.03,-0.893,-0.565,-0.15,-0.69,2,0
13.371,-80.7,14.7,-2.5,-0.023,-0.89,-0.562,-0.15,-0.69,2,0
13.375,-80.9,15.3,-2.2,-0.018,-0.884,-0.555,-0.11,-0.69,1.74,-0.29
13.378,-80.8,15.8,-2.5,-0.012,-0.877,-0.548,-0.11,-0.69,1.74,-0.29
13.382,-81.1,16.4,-2.7,-0.008,-0.87,-0.541,-0.11,-0.69,1.74,-0.29
13.386,-80.6,17.1,-3.1,-0.004,-0.861,-0.536,-0.11,-0.69,1.74,-0.29
13.390,-80.3,17.5,-3.4,0.001,-0.854,-0.534,-0.11,-0.69,1.74,-0.29
13.394,-80.3,18.2,-3.7,0.006,-0.847,-0.534,-0.11,-0.69,1.74,-0.29
13.397,-80.4,18.6,-4,0.009,-0.839,-0.536,-0.11,-0.69,1.74,-0.29
13.401,-80.6,19.2,-4.2,0.013,-0.832,-0.542,-0.11,-0.69,1.74,-0.29
13.405,-81.3,19.6,-4.4,0.015,-0.825,-0.55,-0.11,-0.69,1.74,-0.29
13.409,-81.9,20,-4.5,0.016,-0.819,-0.559,-0.11,-0.69,1.74,-0.29
13.413,-82.5,20.4,-4.6,0.015,-0.812,-0.569,-0.11,-0.69,1.74,-0.29
13.417,-83,20.7,-4.6,0.013,-0.803,-0.58,-0.09,-0.7,3.36,-0.25
13.421,-83.5,20.8,-4.4,0.012,-0.795,-0.59,-0.09,-0.7,3.36,-0.25
13.426,-83.6,21,-4.3,0.013,-0.787,-0.6,-0.09,-0.7,3.36,-0.25
13.430,-83.7,20.8,-4,0.014,-0.777,-0.61,-0.09,-0.7,3.36,-0.25
13.434,-84,20.7,-3.8,0.018,-0.771,-0.619,-0.09,-0.7,3.36,-0.25
13.439,-84.1,20.3,-3.4,0.022,-0.765,-0.625,-0.09,-0.7,3.36,-0.25
13.443,-84.6,19.8,-3.3,0.028,-0.76,-0.629,-0.09,-0.7,3.36,-0.25
13.448,-85.3,19.5,-3.1,0.033,-0.758,-0.632,-0.09,-0.7,3.36,-0.25
13.452,-85.8,18.8,-3,0.038,-0.754,-0.633,-0.09,-0.7,3.36,-0.25
13.456,-86.1,18.2,-3,0.043,-0.752,-0.633,-0.09,-0.7,3.36,-0.25
13.461,-86.5,17.4,-3,0.047,-0.749,-0.63,-0.09,-0.7,3.36,-0.25
13.468,-87,16.7,-3.2,0.05,-0.746,-0.627,-0.09,-0.72,1.51,-0.25
13.475,-87.4,15.8,-3.4,0.053,-0.743,-0.624,-0.09,-0.72,1.51,-0.25
13.481,-87.6,15,-3.9,0.054,-0.738,-0.623,-0.09,-0.72,1.51,-0.25
13.488,-87.9,14.3,-4.4,0.055,-0.734,-0.624,-0.09,-0.72,1.51,-0.25
13.495,-87.9,13.4,-5,0.052,-0.727,-0.628,-0.09,-0.72,1.51,-0.25
13.502,-88.3,12.4,-5.8,0.048,-0.721,-0.635,-0.09,-0.72,1.51,-0.25
13.509,-88.4,11.8,-6.7,0.047,-0.715,-0.644,-0.09,-0.72,1.51,-0.25
13.514,-88.6,11,-7.5,0.043,-0.708,-0.656,-0.1,-0.73,1.41,0
13.518,-88.7,10.2,-8.1,0.039,-0.7,-0.669,-0.1,-0.73,1.41,0
13.522,-88.9,9.6,-8.8,0.033,-0.692,-0.682,-0.1,-0.73,1.41,0
13.527,-89,9.2,-9.3,0.03,-0.681,-0.696,-0.1,-0.73,1.41,0
13.531,-88.6,8.6,-9.7,0.029,-0.671,-0.71,-0.1,-0.73,1.41,0
13.535,-88.2,8.1,-9.7,0.029,-0.659,-0.724,-0.1,-0.73,1.41,0
13.540,-87.2,7.4,-9.8,0.029,-0.646,-0.737,-0.1,-0.73,1.41,0
13.544,-86.4,7,-9.5,0.033,-0.636,-0.749,-0.1,-0.73,1.41,0
13.548,-85.7,6.3,-9.1,0.036,-0.625,-0.757,-0.1,-0.73,1.41,0
13.553,-84.9,5.9,-8.5,0.04,-0.619,-0.764,-0.1,-0.73,1.41,0
13.557,-84.3,5.4,-8.1,0.043,-0.616,-0.767,-0.1,-0.73,1.41,0
13.563,-83.7,5.1,-7.8,0.045,-0.611,-0.769,-0.12,-0.74,1.33,0
13.569,-82.9,4.6,-7.3,0.045,-0.607,-0.769,-0.12,-0.74,1.33,0
13.576,-82.3,4.2,-7.3,0.046,-0.601,-0.769,-0.12,-0.74,1.33,0
13.582,-81.4,3.9,-7.3,0.047,-0.596,-0.768,-0.12,-0.74,1.33,0
13.588,-80.6,3.7,-7.6,0.048,-0.59,-0.767,-0.12,-0.74,1.33,0
13.594,-80,3.6,-7.8,0.048,-0.583,-0.766,-0.12,-0.74,1.33,0
13.600,-79.1,3.2,-8.3,0.05,-0.578,-0.765,-0.12,-0.74,1.33,0
13.605,-78.5,3,-8.6,0.049,-0.572,-0.766,-0.13,-0.77,1.3,0
13.609,-77.7,3.2,-9.1,0.045,-0.564,-0.768,-0.13,-0.77,1.3,0
13.613,-77.1,3.3,-9.7,0.041,-0.555,-0.772,-0.13,-0.77,1.3,0
13.618,-76.5,3.5,-9.9,0.036,-0.547,-0.776,-0.13,-0.77,1.3,0
13.622,-76.1,3.6,-10.3,0.032,-0.539,-0.781,-0.13,-0.77,1.3,0
13.627,-75.8,4,-10.3,0.027,-0.534,-0.787,-0.13,-0.77,1.3,0
13.631,-75.5,4.1,-10.1,0.023,-0.528,-0.792,-0.13,-0.77,1.3,0
13.635,-75.2,4.3,-10.1,0.019,-0.524,-0.799,-0.13,-0.77,1.3,0
13.640,-74.9,4.6,-10,0.02,-0.519,-0.805,-0.13,-0.77,1.3,0
13.644,-74.6,4.8,-9.5,0.022,-0.513,-0.811,-0.13,-0.77,1.3,0
13.648,-74.1,5.1,-9.2,0.026,-0.508,-0.816,-0.13,-0.77,1.3,0
13.653,-73.4,5.3,-8.6,0.031,-0.502,-0.819,-0.09,-0.78,1.03,0
13.657,-72.7,5.4,-8.2,0.039,-0.498,-0.821,-0.09,-0.78,1.03,0
13.662,-71.8,6,-7.8,0.048,-0.494,-0.821,-0.09,-0.78,1.03,0
13.666,-71,6.2,-7.2,0.055,-0.49,-0.821,-0.09,-0.78,1.03,0
13.671,-70.3,6.3,-6.8,0.059,-0.488,-0.822,-0.09,-0.78,1.03,0
13.675,-69.5,6.4,-6,0.065,-0.486,-0.824,-0.09,-0.78,1.03,0
13.679,-68.8,6.5,-5.7,0.067,-0.484,-0.825,-0.09,-0.78,1.03,0
13.684,-68,6.5,-5.2,0.07,-0.481,-0.827,-0.09,-0.78,1.03,0
13.688,-67.5,6.3,-5.1,0.07,-0.48,-0.83,-0.09,-0.78,1.03,0
13.693,-67.2,6.7,-4.9,0.07,-0.478,-0.835,-0.09,-0.78,1.03,0
13.697,-67,6.5,-4.8,0.069,-0.476,-0.838,-0.09,-0.78,1.03,0
13.703,-67,6.3,-4.9,0.065,-0.474,-0.84,-0.09,-0.8,1.99,-0.19
13.708,-66.7,6.6,-5.1,0.063,-0.467,-0.844,-0.09,-0.8,1.99,-0.19
13.713,-66.2,6.4,-5.4,0.06,-0.461,-0.848,-0.09,-0.8,1.99,-0.19
13.719,-65.6,6.5,-5.7,0.056,-0.453,-0.854,-0.09,-0.8,1.99,-0.19
13.724,-65.3,6.7,-5.7,0.052,-0.446,-0.858,-0.09,-0.8,1.99,-0.19
13.729,-64.5,6.7,-6.1,0.049,-0.437,-0.865,-0.09,-0.8,1.99,-0.19
13.735,-63.7,6.6,-6.1,0.046,-0.43,-0.871,-0.09,-0.8,1.99,-0.19
13.740,-63.1,6.7,-6.1,0.045,-0.423,-0.877,-0.09,-0.8,1.99,-0.19
13.746,-62.1,6.6,-5.8,0.046,-0.418,-0.882,-0.09,-0.8,1.99,-0.19
13.751,-61.5,6.6,-5.6,0.048,-0.412,-0.887,-0.08,0,1.76,0
13.756,-61.2,6.6,-5.1,0.052,-0.409,-0.892,-0.08,0,1.76,0
13.762,-60.5,6.4,-4.8,0.055,-0.404,-0.894,-0.08,0,1.76,0
13.767,-60.1,6.1,-4.3,0.059,-0.401,-0.895,-0.08,0,1.76,0
13.772,-59.8,5.9,-4,0.064,-0.398,-0.894,-0.08,0,1.76,0
13.778,-59.5,5.4,-3.5,0.069,-0.395,-0.891,-0.08,0,1.76,0
13.783,-59.2,5.1,-3.4,0.073,-0.393,-0.887,-0.08,0,1.76,0
13.788,-58.9,4.6,-3,0.079,-0.39,-0.884,-0.08,0,1.76,0
13.794,-58.5,4.5,-2.9,0.085,-0.387,-0.88,-0.08,0,1.76,0
13.798,-57.9,4,-2.9,0.091,-0.384,-0.877,-0.06,0.06,0.76,0
13.802,-57.8,3.7,-2.8,0.095,-0.379,-0.875,-0.06,0.06,0.76,0
13.807,-57.3,3.3,-2.9,0.096,-0.377,-0.874,-0.06,0.06,0.76,0
13.811,-57.1,3.2,-3.1,0.095,-0.373,-0.875,-0.06,0.06,0.76,0
13.815,-57.1,2.9,-3.2,0.093,-0.372,-0.877,-0.06,0.06,0.76,0
13.819,-57,2.6,-3.4,0.09,-0.369,-0.879,-0.06,0.06,0.76,0
13.824,-57,2.2,-3.9,0.086,-0.364,-0.884,-0.06,0.06,0.76,0
13.828,-56.4,1.8,-4.3,0.083,-0.357,-0.89,-0.06,0.06,0.76,0
13.832,-56,1.7,-4.8,0.079,-0.348,-0.898,-0.06,0.06,0.76,0
13.836,-55.3,1.3,-5.1,0.074,-0.34,-0.905,-0.06,0.06,0.76,0
13.842,-54.7,1.2,-5.7,0.068,-0.334,-0.913,-0.06,0.07,1.49,0
13.848,-54.3,0.6,-5.5,0.065,-0.329,-0.921,-0.06,0.07,1.49,0
13.854,-53.7,0.3,-5.4,0.063,-0.323,-0.928,-0.06,0.07,1.49,0
13.860,-53.2,-0.1,-5.4,0.061,-0.319,-0.933,-0.06,0.07,1.49,0
13.866,-53.1,-0.6,-5,0.061,-0.315,-0.938,-0.06,0.07,1.49,0
13.872,-52.9,-1.1,-4.6,0.062,-0.311,-0.938,-0.06,0.07,1.49,0
13.878,-52.4,-2,-4.2,0.066,-0.307,-0.939,-0.06,0.07,1.49,0
13.884,-52.3,-2.5,-3.9,0.07,-0.302,-0.937,-0.06,0.07,1.49,0
13.889,-51.9,-3.1,-3.4,0.076,-0.299,-0.934,-0.04,0.08,0.75,0
13.894,-51.5,-4.1,-3.2,0.081,-0.295,-0.929,-0.04,0.08,0.75,0
13.899,-50.7,-4.5,-3,0.088,-0.29,-0.926,-0.04,0.08,0.75,0
13.904,-50.1,-5.2,-2.9,0.097,-0.285,-0.923,-0.04,0.08,0.75,0
13.909,-49.3,-5.7,-3,0.104,-0.278,-0.923,-0.04,0.08,0.75,0
13.914,-48.1,-6.1,-3.3,0.112,-0.272,-0.926,-0.04,0.08,0.75,0
13.919,-47.3,-6.6,-3.7,0.115,-0.267,-0.931,-0.04,0.08,0.75,0
13.923,-46.5,-6.9,-4.1,0.115,-0.261,-0.935,-0.04,0.08,0.75,0
13.928,-45.5,-7.2,-4.5,0.111,-0.256,-0.938,-0.04,0.08,0.75,0
13.933,-44.8,-7.5,-4.7,0.105,-0.249,-0.943,-0.04,0.08,0.75,0
13.937,-43.7,-7.8,-5,0.097,-0.242,-0.948,-0.06,0.09,0.54,0
13.942,-42.8,-8.1,-5.1,0.088,-0.235,-0.954,-0.06,0.09,0.54,0
13.946,-41.6,-8.3,-5.1,0.079,-0.227,-0.96,-0.06,0.09,0.54,0
13.950,-40.6,-8.6,-5.4,0.074,-0.22,-0.966,-0.06,0.09,0.54,0
13.955,-39.4,-8.8,-5.2,0.066,-0.214,-0.973,-0.06,0.09,0.54,0
13.959,-38.2,-9.2,-5.1,0.059,-0.21,-0.98,-0.06,0.09,0.54,0
13.963,-37.4,-9.8,-4.9,0.054,-0.211,-0.986,-0.06,0.09,0.54,0
13.967,-36.5,-10.3,-4.6,0.051,-0.213,-0.989,-0.06,0.09,0.54,0
13.972,-35.8,-10.8,-4.4,0.049,-0.215,-0.988,-0.06,0.09,0.54,0
13.976,-35.3,-11.6,-3.7,0.05,-0.218,-0.985,-0.06,0.09,0.54,0
13.980,-34.6,-12.2,-3.5,0.054,-0.219,-0.98,-0.06,0.09,0.54,0
13.986,-34,-12.7,-3.1,0.059,-0.218,-0.973,-0.08,0.09,0.36,0.36
13.993,-33.4,-13.3,-2.6,0.066,-0.217,-0.965,-0.08,0.09,0.36,0.36
13.999,-32.6,-13.6,-2.4,0.074,-0.218,-0.958,-0.08,0.09,0.36,0.36
14.005,-31.7,-13.8,-2,0.08,-0.218,-0.955,-0.08,0.09,0.36,0.36
14.011,-31.3,-14.2,-1.6,0.083,-0.219,-0.955,-0.08,0.09,0.36,0.36
14.017,-30.8,-14.4,-1.5,0.085,-0.22,-0.956,-0.08,0.09,0.36,0.36
14.024,-30.5,-14.6,-1.3,0.088,-0.22,-0.956,-0.08,0.09,0.36,0.36
14.028,-30.5,-14.7,-1.4,0.088,-0.218,-0.956,-0.12,0.08,0.35,0.35
14.032,-30.3,-14.8,-1.4,0.087,-0.216,-0.957,-0.12,0.08,0.35,0.35
14.037,-29.9,-14.8,-1.4,0.084,-0.211,-0.96,-0.12,0.08,0.35,0.35
14.041,-29.7,-14.7,-1.8,0.082,-0.206,-0.962,-0.12,0.08,0.35,0.35
14.046,-29.4,-14.6,-2,0.077,-0.2,-0.966,-0.12,0.08,0.35,0.35
14.050,-29,-14.6,-2,0.071,-0.196,-0.967,-0.12,0.08,0.35,0.35
14.054,-28.8,-14.4,-1.8,0.066,-0.192,-0.969,-0.12,0.08,0.35,0.35
14.059,-28.7,-14.2,-1.7,0.062,-0.19,-0.972,-0.12,0.08,0.35,0.35
14.063,-28.9,-14.2,-1.3,0.057,-0.189,-0.973,-0.12,0.08,0.35,0.35
14.067,-29.3,-14,-0.9,0.052,-0.19,-0.974,-0.12,0.08,0.35,0.35
14.072,-29.8,-13.9,-0.7,0.048,-0.191,-0.975,-0.12,0.08,0.35,0.35
14.076,-30.5,-13.9,0,0.044,-0.192,-0.977,-0.12,0.08,0.35,0.35
14.081,-31,-13.9,0.3,0.039,-0.193,-0.976,-0.12,0.08,0.35,0.35
14.085,-31.6,-13.8,0.7,0.036,-0.194,-0.976,-0.12,0.08,0.35,0.35
14.090,-31.9,-13.7,0.7,0.035,-0.193,-0.975,-0.12,0.08,0.35,0.35
14.094,-32.2,-13.5,0.8,0.035,-0.193,-0.976,-0.12,0.08,0.35,0.35
14.099,-32.1,-13.5,0.9,0.036,-0.191,-0.977,-0.12,0.08,0.35,0.35
14.103,-32,-13.2,0.6,0.038,-0.189,-0.978,-0.12,0.08,0.35,0.35
14.108,-31.3,-13,0.3,0.038,-0.183,-0.978,-0.12,0.08,0.35,0.35
14.112,-30.8,-13,0.1,0.039,-0.177,-0.979,-0.12,0.08,0.35,0.35
14.117,-30.4,-12.5,-0.1,0.04,-0.172,-0.98,-0.12,0.08,0.35,0.35
14.123,-30.2,-12.2,-0.4,0.039,-0.167,-0.983,-0.12,0.07,0.52,0
14.130,-30,-11.9,-0.9,0.041,-0.162,-0.984,-0.12,0.07,0.52,0
14.137,-30.2,-11.3,-1,0.039,-0.158,-0.986,-0.12,0.07,0.52,0
14.143,-30.4,-10.9,-1.2,0.036,-0.152,-0.989,-0.12,0.07,0.52,0
14.150,-30.4,-10.4,-1.5,0.033,-0.144,-0.992,-0.12,0.07,0.52,0
14.156,-30.4,-10,-1.7,0.029,-0.138,-0.994,-0.12,0.07,0.52,0
14.163,-30.4,-9.4,-1.8,0.026,-0.133,-0.993,-0.12,0.07,0.52,0
14.168,-30.5,-8.8,-1.8,0.022,-0.129,-0.994,-0.13,0.07,0.87,0.35
14.173,-30.5,-8.5,-1.9,0.019,-0.127,-0.995,-0.13,0.07,0.87,0.35
14.179,-30.5,-8,-2.1,0.014,-0.126,-0.995,-0.13,0.07,0.87,0.35
14.184,-30.3,-7.7,-2.1,0.013,-0.124,-0.996,-0.13,0.07,0.87,0.35
14.189,-30.2,-7.2,-2.1,0.011,-0.122,-0.996,-0.13,0.07,0.87,0.35
14.194,-29.9,-7,-2,0.01,-0.119,-0.996,-0.13,0.07,0.87,0.35
14.199,-29.4,-6.9,-2.1,0.01,-0.119,-0.996,-0.13,0.07,0.87,0.35
14.205,-28.8,-6.6,-2.1,0.01,-0.116,-0.995,-0.13,0.07,0.87,0.35
14.210,-28.1,-6.6,-2.2,0.011,-0.115,-0.995,-0.14,0.07,0.36,0.18
14.216,-27.5,-6.3,-2.3,0.011,-0.113,-0.996,-0.14,0.07,0.36,0.18
14.221,-26.6,-6.3,-2.5,0.013,-0.11,-0.997,-0.14,0.07,0.36,0.18
14.227,-26,-6.3,-2.9,0.014,-0.104,-1,-0.14,0.07,0.36,0.18
14.233,-25.2,-6.1,-3.2,0.017,-0.099,-1.004,-0.14,0.07,0.36,0.18
14.238,-24.4,-6.3,-3.6,0.019,-0.095,-1.008,-0.14,0.07,0.36,0.18
14.244,-23.6,-6.2,-3.9,0.022,-0.093,-1.011,-0.14,0.07,0.36,0.18
14.249,-23.2,-5.9,-4.3,0.023,-0.088,-1.012,-0.14,0.07,0.36,0.18
14.255,-22.7,-6,-4.5,0.023,-0.084,-1.013,-0.14,0.07,0.36,0.18
14.261,-21.9,-5.8,-4.8,0.022,-0.079,-1.012,-0.14,0.07,0.36,0.18
14.265,-21.3,-5.6,-5.1,0.02,-0.073,-1.012,-0.13,0.07,0.17,0.17
14.269,-20.6,-5.5,-5.3,0.018,-0.068,-1.012,-0.13,0.07,0.17,0.17
14.273,-20,-5.5,-5.3,0.015,-0.063,-1.012,-0.13,0.07,0.17,0.17
14.278,-19.1,-5.3,-5.3,0.013,-0.058,-1.013,-0.13,0.07,0.17,0.17
14.282,-18.3,-5.1,-5.3,0.011,-0.056,-1.014,-0.13,0.07,0.17,0.17
14.286,-17.7,-5,-5.1,0.009,-0.055,-1.013,-0.13,0.07,0.17,0.17
14.291,-17.2,-4.8,-5,0.007,-0.055,-1.014,-0.13,0.07,0.17,0.17
14.295,-16.7,-4.8,-4.8,0.008,-0.055,-1.015,-0.13,0.07,0.17,0.17
14.299,-16.3,-4.8,-4.6,0.008,-0.057,-1.016,-0.13,0.07,0.17,0.17
14.304,-15.8,-4.7,-4.4,0.007,-0.059,-1.017,-0.13,0.07,0.17,0.17
14.308,-15.3,-4.7,-4.4,0.008,-0.061,-1.016,-0.13,0.07,0.17,0.17
14.313,-15.1,-4.7,-4.2,0.009,-0.064,-1.014,-0.11,0.07,0.35,0.17
14.319,-14.8,-4.7,-4.1,0.011,-0.066,-1.013,-0.11,0.07,0.35,0.17
14.324,-14.7,-4.5,-4,0.012,-0.071,-1.012,-0.11,0.07,0.35,0.17
14.329,-14.6,-4.4,-3.8,0.014,-0.073,-1.011,-0.11,0.07,0.35,0.17
14.335,-14.8,-4.3,-3.9,0.015,-0.076,-1.01,-0.11,0.07,0.35,0.17
14.340,-14.7,-4.2,-4,0.013,-0.076,-1.009,-0.11,0.07,0.35,0.17
14.346,-14.4,-4.1,-4.3,0.013,-0.075,-1.009,-0.11,0.07,0.35,0.17
14.351,-14.2,-3.6,-4.4,0.012,-0.073,-1.008,-0.11,0.07,0.35,0.17
14.356,-13.9,-3.6,-4.4,0.011,-0.071,-1.009,-0.11,0.07,0.35,0.17
14.361,-13.1,-3.2,-4.7,0.01,-0.066,-1.011,-0.12,0.07,0.17,0.17
14.366,-12.9,-3.1,-4.8,0.009,-0.064,-1.015,-0.12,0.07,0.17,0.17
14.370,-12.4,-2.8,-4.6,0.006,-0.06,-1.019,-0.12,0.07,0.17,0.17
14.375,-11.9,-2.6,-4.6,0.004,-0.055,-1.023,-0.12,0.07,0.17,0.17
14.380,-11.4,-2.6,-4.6,0.003,-0.051,-1.028,-0.12,0.07,0.17,0.17
14.385,-10.9,-2.3,-4.5,0.001,-0.046,-1.031,-0.12,0.07,0.17,0.17
14.389,-10.5,-2.3,-4.1,0.001,-0.043,-1.035,-0.12,0.07,0.17,0.17
14.394,-10.1,-2.3,-3.9,0.002,-0.042,-1.038,-0.12,0.07,0.17,0.17
14.399,-9.9,-2.2,-3.7,0.003,-0.041,-1.037,-0.12,0.07,0.17,0.17
14.403,-9.8,-2.5,-3.2,0.004,-0.041,-1.036,-0.15,0.07,0.17,0.17
14.407,-9.5,-2.5,-2.9,0.006,-0.043,-1.032,-0.15,0.07,0.17,0.17
14.412,-9.4,-2.7,-2.7,0.009,-0.045,-1.03,-0.15,0.07,0.17,0.17
14.416,-9.2,-2.9,-2.4,0.012,-0.048,-1.026,-0.15,0.07,0.17,0.17
14.420,-9.1,-2.9,-2.3,0.015,-0.052,-1.022,-0.15,0.07,0.17,0.17
14.425,-8.8,-3,-2.2,0.021,-0.056,-1.02,-0.15,0.07,0.17,0.17
14.429,-8.6,-3.1,-2.3,0.022,-0.058,-1.017,-0.15,0.07,0.17,0.17
14.434,-8.3,-3.1,-2.3,0.025,-0.061,-1.015,-0.15,0.07,0.17,0.17
14.438,-8,-3.3,-2.1,0.024,-0.062,-1.015,-0.15,0.07,0.17,0.17
14.442,-7.6,-3.1,-2.1,0.026,-0.062,-1.015,-0.15,0.07,0.17,0.17
14.447,-7.3,-3,-2.4,0.025,-0.061,-1.016,-0.15,0.07,0.17,0.17
14.451,-6.9,-3,-2.3,0.023,-0.059,-1.018,-0.15,0.08,0,0
14.456,-6.4,-2.8,-2.5,0.02,-0.056,-1.021,-0.15,0.08,0,0
14.460,-5.9,-2.8,-2.6,0.017,-0.051,-1.024,-0.15,0.08,0,0
14.465,-5.4,-2.7,-2.8,0.013,-0.047,-1.028,-0.15,0.08,0,0
14.469,-4.9,-2.5,-2.8,0.01,-0.044,-1.03,-0.15,0.08,0,0
14.474,-4.6,-2.3,-2.5,0.009,-0.04,-1.034,-0.15,0.08,0,0
14.478,-3.8,-2,-2.6,0.008,-0.036,-1.036,-0.15,0.08,0,0
14.483,-3.5,-1.8,-2.4,0.009,-0.032,-1.038,-0.15,0.08,0,0
14.487,-2.8,-1.5,-2.3,0.009,-0.026,-1.039,-0.15,0.08,0,0
14.492,-1.9,-1.2,-2.3,0.011,-0.022,-1.04,-0.15,0.08,0,0
14.496,-1.1,-0.9,-2.1,0.014,-0.02,-1.041,-0.15,0.08,0,0
14.503,-0.4,-0.8,-1.9,0.015,-0.02,-1.042,-0.18,0.08,0,0
14.509,0.2,-0.5,-1.8,0.017,-0.022,-1.04,-0.18,0.08,0,0
14.516,0.9,-0.5,-1.5,0.016,-0.025,-1.037,-0.18,0.08,0,0
14.523,1.4,-0.2,-1.5,0.017,-0.029,-1.034,-0.18,0.08,0,0
14.529,1.8,-0.3,-1.5,0.017,-0.031,-1.03,-0.18,0.08,0,0
14.536,2.2,-0.3,-1.5,0.016,-0.033,-1.027,-0.18,0.08,0,0
14.542,2.4,-0.2,-1.5,0.016,-0.037,-1.025,-0.18,0.08,0,0
14.549,2.9,-0.3,-1.6,0.016,-0.041,-1.022,-0.19,0.08,0,0
14.555,2.9,-0.3,-1.8,0.015,-0.046,-1.019,-0.19,0.08,0,0
14.561,3.3,-0.3,-2,0.015,-0.049,-1.017,-0.19,0.08,0,0
14.568,3.2,-0.3,-2.1,0.015,-0.05,-1.015,-0.19,0.08,0,0
14.574,3.4,-0.1,-2.5,0.016,-0.05,-1.014,-0.19,0.08,0,0
14.580,3.4,-0.1,-2.6,0.016,-0.05,-1.012,-0.19,0.08,0,0
14.586,3.4,0,-2.8,0.017,-0.051,-1.012,-0.19,0.08,0,0
14.590,3.8,0.2,-3,0.017,-0.05,-1.012,-0.19,0.08,0,0
14.593,3.8,0.5,-2.8,0.016,-0.05,-1.012,-0.19,0.08,0,0
14.597,3.8,0.7,-2.8,0.015,-0.051,-1.012,-0.19,0.08,0,0
14.600,4,0.9,-2.9,0.013,-0.05,-1.012,-0.19,0.08,0,0
14.604,4.2,1,-2.6,0.013,-0.049,-1.013,-0.19,0.08,0,0
14.607,4.3,1.2,-2.6,0.009,-0.048,-1.014,-0.19,0.08,0,0
14.610,4.5,1.3,-2.6,0.009,-0.048,-1.014,-0.19,0.08,0,0
14.614,4.9,1.3,-2.5,0.008,-0.049,-1.016,-0.19,0.08,0,0
14.617,4.8,1.6,-2.3,0.008,-0.051,-1.017,-0.19,0.08,0,0
14.621,4.7,1.5,-2.1,0.009,-0.054,-1.016,-0.19,0.08,0,0
14.624,4.2,1.4,-1.9,0.01,-0.057,-1.015,-0.19,0.08,0,0
14.628,4.1,1.2,-1.8,0.011,-0.059,-1.013,-0.19,0.08,0,0
14.631,3.7,1.4,-1.8,0.011,-0.062,-1.011,-0.19,0.08,0,0
14.635,3.4,1.2,-1.7,0.013,-0.065,-1.008,-0.19,0.08,0,0
14.640,3.1,1,-2,0.013,-0.068,-1.005,-0.19,0.07,-0.17,0
14.646,2.8,0.9,-2,0.014,-0.07,-1.004,-0.19,0.07,-0.17,0
14.651,2.8,0.8,-2.2,0.014,-0.07,-1.003,-0.19,0.07,-0.17,0
14.657,2.7,0.9,-2.5,0.013,-0.072,-1.004,-0.19,0.07,-0.17,0
14.662,2.6,0.7,-2.6,0.013,-0.073,-1.003,-0.19,0.07,-0.17,0
14.668,2.5,0.9,-3,0.013,-0.074,-1.004,-0.19,0.07,-0.17,0
14.674,2.4,0.7,-3.1,0.013,-0.073,-1.005,-0.19,0.07,-0.17,0
14.679,2.1,0.5,-3.2,0.013,-0.071,-1.005,-0.19,0.07,-0.17,0
14.684,2,0.7,-3.2,0.011,-0.068,-1.006,-0.21,0.07,0,0
14.688,1.8,0.9,-3.1,0.01,-0.067,-1.006,-0.21,0.07,0,0
14.693,1.5,0.8,-2.9,0.008,-0.065,-1.008,-0.21,0.07,0,0
14.698,1.5,0.9,-2.7,0.005,-0.062,-1.008,-0.21,0.07,0,0
14.702,1.4,0.8,-2.6,0.004,-0.06,-1.008,-0.21,0.07,0,0
14.707,1.2,1,-2.6,0.002,-0.058,-1.007,-0.21,0.07,0,0
14.711,1.3,1,-2.4,0.002,-0.056,-1.007,-0.21,0.07,0,0
14.716,1.3,0.9,-2.1,0.002,-0.055,-1.005,-0.21,0.07,0,0
14.721,1.4,0.9,-2.2,0.002,-0.055,-1.005,-0.21,0.07,0,0
14.725,1.3,0.9,-2,0.003,-0.056,-1.004,-0.21,0.07,0,0
14.731,1.7,0.9,-2,0.003,-0.057,-1.005,-0.21,0.06,0,0
14.737,1.7,0.7,-1.9,0.004,-0.058,-1.005,-0.21,0.06,0,0
14.744,1.6,0.7,-1.8,0.005,-0.06,-1.004,-0.21,0.06,0,0
14.750,1.8,0.7,-1.9,0.006,-0.062,-1.005,-0.21,0.06,0,0
14.756,1.7,0.6,-2,0.008,-0.063,-1.005,-0.21,0.06,0,0
14.762,1.7,0.5,-1.8,0.007,-0.064,-1.005,-0.21,0.06,0,0
14.768,1.7,0.5,-2.1,0.008,-0.065,-1.006,-0.21,0.06,0,0
14.774,1.9,0.3,-2.2,0.007,-0.065,-1.007,-0.21,0.06,0,0
14.779,2.1,0.2,-2.3,0.006,-0.063,-1.008,-0.22,0.06,0,0
14.784,2.3,-0.1,-2.3,0.006,-0.062,-1.008,-0.22,0.06,0,0
14.789,2.5,-0.1,-2.3,0.006,-0.062,-1.008,-0.22,0.06,0,0
14.794,2.6,-0.3,-2.4,0.004,-0.062,-1.009,-0.22,0.06,0,0
14.798,2.4,-0.4,-2.3,0.003,-0.062,-1.008,-0.22,0.06,0,0
14.803,2.3,-0.5,-2.3,0.005,-0.062,-1.008,-0.22,0.06,0,0
14.808,2,-0.8,-2.2,0.007,-0.061,-1.006,-0.22,0.06,0,0
14.813,1.8,-0.7,-2.2,0.009,-0.06,-1.007,-0.22,0.06,0,0
14.818,1.5,-0.9,-1.8,0.01,-0.06,-1.005,-0.22,0.06,0,0
14.822,1.4,-1,-1.7,0.011,-0.061,-1.004,-0.22,0.06,0,0
14.828,1.2,-1,-1.7,0.014,-0.061,-1.003,-0.21,0.05,0,0
14.834,1,-0.9,-1.7,0.014,-0.06,-1.002,-0.21,0.05,0,0
14.841,0.9,-1,-1.6,0.017,-0.062,-1,-0.21,0.05,0,0
14.847,0.8,-1.1,-1.7,0.02,-0.063,-0.999,-0.21,0.05,0,0
14.853,0.8,-1.1,-1.6,0.023,-0.064,-0.998,-0.21,0.05,0,0
14.859,0.6,-1.2,-1.7,0.025,-0.064,-0.998,-0.21,0.05,0,0
14.865,0.5,-0.9,-2,0.027,-0.065,-0.999,-0.21,0.05,0,0
14.871,0.2,-0.9,-1.9,0.029,-0.065,-1,-0.21,0.05,0,0
14.874,0.1,-0.6,-2,0.03,-0.065,-1.001,-0.21,0.04,0,0
14.878,0,-0.6,-2,0.029,-0.064,-1.002,-0.21,0.04,0,0
14.881,-0.1,-0.5,-2,0.03,-0.064,-1.003,-0.21,0.04,0,0
14.885,-0.3,-0.3,-2.1,0.028,-0.064,-1.005,-0.21,0.04,0,0
14.888,-0.6,-0.2,-1.9,0.025,-0.063,-1.004,-0.21,0.04,0,0
14.892,-0.6,0.1,-1.9,0.023,-0.061,-1.005,-0.21,0.04,0,0
14.895,-0.8,0.1,-1.8,0.022,-0.06,-1.005,-0.21,0.04,0,0
14.899,-0.6,0.4,-1.9,0.021,-0.057,-1.006,-0.21,0.04,0,0
14.902,-0.6,0.5,-1.8,0.02,-0.055,-1.006,-0.21,0.04,0,0
14.906,-0.6,0.9,-1.7,0.017,-0.055,-1.005,-0.21,0.04,0,0
14.909,-0.8,1.3,-1.8,0.014,-0.056,-1.004,-0.21,0.04,0,0
14.913,-0.8,1.5,-1.8,0.012,-0.057,-1.003,-0.21,0.04,0,0
14.916,-0.8,1.7,-2.3,0.01,-0.057,-1.004,-0.21,0.04,0,0
14.920,-0.4,2,-2.6,0.007,-0.057,-1.003,-0.21,0.04,0,0
14.930,-0.4,2.4,-2.6,0.006,-0.056,-1.005,-0.21,0.04,0,0
14.941,-0.1,2.7,-3,0.006,-0.055,-1.007,-0.21,0.04,0,0
14.951,0.3,3.1,-3.4,0.006,-0.055,-1.009,-0.21,0.04,0,0
14.961,0.7,3.5,-3.3,0.008,-0.055,-1.011,-0.21,0.04,0,0
14.966,1.2,4,-3.2,0.009,-0.055,-1.013,-0.27,0.04,0,0
14.971,1.6,4.1,-3.4,0.01,-0.054,-1.016,-0.27,0.04,0,0
14.976,2,4.6,-3.4,0.012,-0.053,-1.018,-0.27,0.04,0,0
14.980,2.3,5.2,-3.2,0.013,-0.052,-1.021,-0.27,0.04,0,0
14.985,2.4,5.5,-3.1,0.014,-0.053,-1.022,-0.27,0.04,0,0
14.990,2.6,5.9,-3.1,0.016,-0.051,-1.024,-0.27,0.04,0,0
14.995,2.6,6.2,-2.7,0.015,-0.051,-1.025,-0.27,0.04,0,0
15.000,2.8,6.5,-2.8,0.016,-0.052,-1.027,-0.27,0.04,0,0
15.005,2.9,6.9,-2.6,0.017,-0.053,-1.028,-0.27,0.04,0,0
15.009,2.8,7.2,-2.5,0.017,-0.056,-1.027,-0.27,0.04,0,0
15.014,2.8,7.5,-2.7,0.017,-0.058,-1.025,-0.27,0.05,0,-0.17
15.018,2.6,7.8,-2.8,0.02,-0.06,-1.024,-0.27,0.05,0,-0.17
15.023,2.5,8.1,-2.9,0.021,-0.062,-1.025,-0.27,0.05,0,-0.17
15.027,2.4,8.2,-2.9,0.022,-0.066,-1.024,-0.27,0.05,0,-0.17
15.032,2.4,8.6,-2.9,0.024,-0.067,-1.025,-0.27,0.05,0,-0.17
15.036,2.1,8.9,-2.9,0.026,-0.072,-1.027,-0.27,0.05,0,-0.17
15.041,2,9.3,-2.8,0.028,-0.074,-1.028,-0.27,0.05,0,-0.17
15.045,2,9.6,-2.9,0.029,-0.075,-1.027,-0.27,0.05,0,-0.17
15.049,2,10.1,-3.1,0.029,-0.076,-1.027,-0.27,0.05,0,-0.17
15.054,2,10.3,-3.2,0.029,-0.076,-1.027,-0.27,0.05,0,-0.17
15.058,1.9,10.7,-3.4,0.029,-0.074,-1.025,-0.27,0.05,0,-0.17
15.064,2,11.3,-3.6,0.029,-0.072,-1.023,-0.26,0.05,0,-0.17
15.069,2,11.5,-3.6,0.028,-0.072,-1.022,-0.26,0.05,0,-0.17
15.074,1.8,11.8,-3.6,0.028,-0.074,-1.021,-0.26,0.05,0,-0.17
15.079,1.8,12.1,-3.6,0.027,-0.074,-1.021,-0.26,0.05,0,-0.17
15.084,1.5,12.5,-3.6,0.028,-0.074,-1.022,-0.26,0.05,0,-0.17
15.090,1.2,12.6,-3.7,0.029,-0.071,-1.022,-0.26,0.05,0,-0.17
15.095,1,13.2,-3.5,0.03,-0.071,-1.023,-0.26,0.05,0,-0.17
15.100,0.9,13.4,-3.4,0.032,-0.069,-1.023,-0.26,0.05,0,-0.17
15.104,1,13.5,-3.4,0.034,-0.068,-1.023,-0.23,0.06,0,-0.34
15.109,0.9,14.1,-3.4,0.033,-0.068,-1.024,-0.23,0.06,0,-0.34
15.113,1,14.3,-3.6,0.032,-0.067,-1.024,-0.23,0.06,0,-0.34
15.118,1.3,15.1,-3.7,0.032,-0.064,-1.023,-0.23,0.06,0,-0.34
15.122,1.3,15.4,-3.9,0.032,-0.064,-1.024,-0.23,0.06,0,-0.34
15.126,1.6,16,-3.9,0.031,-0.064,-1.023,-0.23,0.06,0,-0.34
15.131,1.8,16.6,-4,0.031,-0.063,-1.023,-0.23,0.06,0,-0.34
15.135,2,17.3,-3.9,0.03,-0.062,-1.024,-0.23,0.06,0,-0.34
15.140,2.1,17.9,-4,0.031,-0.061,-1.023,-0.23,0.06,0,-0.34
15.144,2,18.9,-4,0.032,-0.06,-1.023,-0.23,0.06,0,-0.34
15.148,2,19.6,-4,0.032,-0.059,-1.022,-0.23,0.06,0,-0.34
15.154,2.2,20.4,-3.9,0.032,-0.059,-1.02,-0.2,0.07,-0.17,-0.35
15.159,1.9,21.2,-4,0.033,-0.059,-1.018,-0.2,0.07,-0.17,-0.35
15.165,1.8,22.1,-4,0.032,-0.061,-1.016,-0.2,0.07,-0.17,-0.35
15.170,1.7,22.9,-4,0.033,-0.063,-1.015,-0.2,0.07,-0.17,-0.35
15.175,1.4,23.9,-4.2,0.034,-0.066,-1.014,-0.2,0.07,-0.17,-0.35
15.181,1.4,24.8,-4.3,0.034,-0.068,-1.013,-0.2,0.07,-0.17,-0.35
15.186,1.3,25.4,-4.3,0.034,-0.07,-1.013,-0.2,0.07,-0.17,-0.35
15.192,1.3,26.4,-4.5,0.037,-0.073,-1.012,-0.2,0.07,-0.17,-0.35
15.197,1.2,27.1,-4.4,0.04,-0.076,-1.011,-0.2,0.07,-0.17,-0.35
15.202,1,27.8,-4.5,0.043,-0.079,-1.009,-0.2,0.07,0,-0.34
15.207,1,28.6,-4.5,0.046,-0.08,-1.008,-0.2,0.07,0,-0.34
15.212,0.8,29.3,-4.2,0.048,-0.081,-1.007,-0.2,0.07,0,-0.34
15.217,0.6,30.2,-4.4,0.051,-0.083,-1.005,-0.2,0.07,0,-0.34
15.222,0.1,30.7,-4.2,0.053,-0.082,-1.004,-0.2,0.07,0,-0.34
15.226,-0.1,31.6,-4,0.056,-0.083,-1.002,-0.2,0.07,0,-0.34
15.231,-0.3,32.5,-4.2,0.059,-0.082,-1.001,-0.2,0.07,0,-0.34
15.236,-0.4,33.3,-3.9,0.059,-0.082,-0.999,-0.2,0.07,0,-0.34
15.241,-0.8,34.1,-3.5,0.061,-0.081,-0.997,-0.2,0.07,0,-0.34
15.246,-0.9,35,-3.4,0.063,-0.076,-0.996,-0.2,0.07,0,-0.34
15.251,-0.9,35.9,-3.2,0.063,-0.076,-0.996,-0.19,0.06,0,-1.05
15.257,-1,36.9,-3.2,0.064,-0.073,-0.995,-0.19,0.06,0,-1.05
15.262,-1.1,37.7,-2.9,0.067,-0.071,-0.995,-0.19,0.06,0,-1.05
15.267,-1.5,38.8,-2.9,0.067,-0.071,-0.994,-0.19,0.06,0,-1.05
15.272,-1.7,39.6,-2.6,0.07,-0.07,-0.993,-0.19,0.06,0,-1.05
15.277,-2,40.5,-2.4,0.075,-0.07,-0.993,-0.19,0.06,0,-1.05
15.283,-2.3,41.4,-2.4,0.08,-0.067,-0.994,-0.19,0.06,0,-1.05
15.288,-2.5,42.1,-2,0.081,-0.066,-0.995,-0.19,0.06,0,-1.05
15.293,-2.6,42.8,-1.5,0.087,-0.065,-0.996,-0.17,0.06,0,-1.07
15.299,-2.5,43.5,-1.6,0.096,-0.065,-0.998,-0.17,0.06,0,-1.07
15.304,-2.4,44.4,-2,0.105,-0.065,-1.001,-0.17,0.06,0,-1.07
15.309,-2.2,45.2,-1.7,0.113,-0.065,-1.002,-0.17,0.06,0,-1.07
15.315,-2.1,45.8,-1.6,0.119,-0.064,-1.002,-0.17,0.06,0,-1.07
15.320,-1.9,46.3,-1.5,0.125,-0.062,-1.002,-0.17,0.06,0,-1.07
15.326,-1.9,46.6,-1.5,0.131,-0.064,-1.002,-0.17,0.06,0,-1.07
15.331,-1.7,47.1,-1.5,0.137,-0.065,-1.002,-0.17,0.06,0,-1.07
15.336,-1.8,47.7,-1.6,0.144,-0.064,-1.001,-0.17,0.06,0,-1.07
15.342,-1.8,47.8,-1.6,0.15,-0.065,-1,-0.17,0.06,0,-1.22
15.347,-1.9,48.3,-1.5,0.155,-0.064,-0.997,-0.17,0.06,0,-1.22
15.352,-2,48.6,-1.5,0.161,-0.064,-0.994,-0.17,0.06,0,-1.22
15.358,-2.2,48.8,-1.3,0.165,-0.063,-0.991,-0.17,0.06,0,-1.22
15.363,-2.2,49.4,-1.2,0.169,-0.062,-0.989,-0.17,0.06,0,-1.22
15.369,-2.2,49.6,-1.1,0.172,-0.061,-0.987,-0.17,0.06,0,-1.22
15.374,-2.5,49.6,-1,0.176,-0.061,-0.987,-0.17,0.06,0,-1.22
15.379,-2.6,49.6,-0.9,0.18,-0.061,-0.988,-0.17,0.06,0,-1.22
15.385,-2.8,49.7,-0.9,0.184,-0.06,-0.99,-0.17,0.06,0,-1.22
15.389,-2.7,49.5,-0.6,0.186,-0.06,-0.992,-0.19,0.06,0,-1.24
15.393,-3.2,49.3,-0.8,0.19,-0.062,-0.993,-0.19,0.06,0,-1.24
15.398,-3.3,48.9,-0.9,0.194,-0.062,-0.995,-0.19,0.06,0,-1.24
15.402,-3.6,48.7,-1.2,0.199,-0.063,-0.995,-0.19,0.06,0,-1.24
15.406,-3.6,48.4,-1.3,0.203,-0.062,-0.995,-0.19,0.06,0,-1.24
15.411,-3.6,48,-1.4,0.209,-0.061,-0.995,-0.19,0.06,0,-1.24
15.415,-3.8,47.7,-1.5,0.217,-0.06,-0.994,-0.19,0.06,0,-1.24
15.420,-3.4,47.4,-1.4,0.223,-0.059,-0.991,-0.19,0.06,0,-1.24
15.424,-3.4,47.2,-1.2,0.231,-0.059,-0.99,-0.19,0.06,0,-1.24
15.428,-3.1,46.8,-1.1,0.239,-0.057,-0.989,-0.19,0.06,0,-1.24
15.433,-2.9,46.7,-0.9,0.246,-0.056,-0.985,-0.19,0.06,0,-1.24
15.437,-2.8,46.3,-0.8,0.25,-0.054,-0.982,-0.19,0.06,0,-0.71
15.442,-2.8,46,-0.6,0.254,-0.055,-0.979,-0.19,0.06,0,-0.71
15.446,-2.8,45.8,-0.3,0.258,-0.054,-0.977,-0.19,0.06,0,-0.71
15.451,-2.9,45.5,-0.1,0.263,-0.055,-0.974,-0.19,0.06,0,-0.71
15.456,-2.6,45.5,0,0.268,-0.054,-0.973,-0.19,0.06,0,-0.71
15.460,-2.9,45,0.3,0.271,-0.053,-0.97,-0.19,0.06,0,-0.71
15.465,-2.7,44.8,0.7,0.276,-0.051,-0.968,-0.19,0.06,0,-0.71
15.469,-2.5,44.7,0.4,0.279,-0.051,-0.967,-0.19,0.06,0,-0.71
15.474,-2.3,44.3,0.4,0.28,-0.051,-0.967,-0.19,0.06,0,-0.71
15.478,-2,44,0.4,0.284,-0.05,-0.966,-0.19,0.06,0,-0.71
15.483,-2,43.6,0.3,0.286,-0.051,-0.966,-0.19,0.06,0,-0.71
15.489,-1.8,43.1,0.1,0.29,-0.052,-0.967,-0.18,0.06,0,-1.11
15.495,-1.7,42.6,0.1,0.293,-0.053,-0.968,-0.18,0.06,0,-1.11
15.500,-1.6,42.4,0,0.296,-0.054,-0.969,-0.18,0.06,0,-1.11
15.506,-1.6,41.6,-0.1,0.3,-0.053,-0.971,-0.18,0.06,0,-1.11
15.512,-1.7,41.1,-0.1,0.303,-0.053,-0.971,-0.18,0.06,0,-1.11
15.517,-1.9,40.3,-0.1,0.308,-0.053,-0.97,-0.18,0.06,0,-1.11
15.523,-2.2,39.7,-0.3,0.312,-0.055,-0.969,-0.18,0.06,0,-1.11
15.528,-2.2,39.1,0,0.317,-0.055,-0.967,-0.18,0.07,0,-0.56
15.532,-2.5,38.6,-0.1,0.321,-0.055,-0.964,-0.18,0.07,0,-0.56
15.536,-2.3,37.9,0.1,0.324,-0.055,-0.962,-0.18,0.07,0,-0.56
15.541,-2.3,37.5,0.1,0.329,-0.053,-0.96,-0.18,0.07,0,-0.56
15.545,-2.3,37,0.3,0.332,-0.052,-0.957,-0.18,0.07,0,-0.56
15.549,-2.2,36.6,0.4,0.335,-0.052,-0.954,-0.18,0.07,0,-0.56
15.554,-2,36.3,0.4,0.339,-0.052,-0.953,-0.18,0.07,0,-0.56
15.558,-1.8,35.9,0.7,0.342,-0.051,-0.95,-0.18,0.07,0,-0.56
15.562,-1.6,35.8,0.7,0.345,-0.05,-0.948,-0.18,0.07,0,-0.56
15.567,-1.2,35.5,1,0.349,-0.05,-0.946,-0.18,0.07,0,-0.56
15.571,-1.1,35.3,0.9,0.353,-0.05,-0.946,-0.18,0.07,0,-0.56
15.576,-1.2,35.2,0.8,0.355,-0.05,-0.945,-0.19,0.07,0.18,-0.56
15.580,-1.1,35,0.9,0.358,-0.052,-0.944,-0.19,0.07,0.18,-0.56
15.585,-0.9,34.7,1,0.36,-0.051,-0.946,-0.19,0.07,0.18,-0.56
15.589,-0.9,34.2,0.9,0.363,-0.05,-0.944,-0.19,0.07,0.18,-0.56
15.594,-0.7,33.9,0.6,0.364,-0.05,-0.944,-0.19,0.07,0.18,-0.56
15.598,-0.8,33.6,0.6,0.366,-0.051,-0.943,-0.19,0.07,0.18,-0.56
15.602,-0.6,33.1,0.4,0.366,-0.051,-0.942,-0.19,0.07,0.18,-0.56
15.607,-0.6,32.7,0.2,0.369,-0.052,-0.941,-0.19,0.07,0.18,-0.56
15.611,-0.7,32.4,0,0.371,-0.052,-0.938,-0.19,0.07,0.18,-0.56
15.616,-0.6,32,0,0.373,-0.053,-0.936,-0.19,0.07,0.18,-0.56
15.624,-0.4,31.6,-0.3,0.375,-0.051,-0.935,-0.19,0.07,0,-0.37
15.631,-0.5,31.3,-0.1,0.377,-0.052,-0.933,-0.19,0.07,0,-0.37
15.639,-0.7,31.1,-0.3,0.379,-0.051,-0.932,-0.19,0.07,0,-0.37
15.646,-0.7,30.9,-0.4,0.381,-0.051,-0.931,-0.19,0.07,0,-0.37
15.654,-0.8,30.7,0,0.382,-0.053,-0.929,-0.19,0.07,0,-0.37
15.662,-1,30.8,0.1,0.383,-0.054,-0.927,-0.19,0.07,0,-0.37
15.669,-1.2,30.8,0.2,0.382,-0.055,-0.926,-0.19,0.07,0,-0.37
15.673,-1.5,30.9,0.3,0.383,-0.056,-0.923,-0.21,0.06,0,-0.19
15.677,-1.6,30.8,0.2,0.384,-0.057,-0.921,-0.21,0.06,0,-0.19
15.681,-1.6,30.8,0.1,0.384,-0.058,-0.919,-0.21,0.06,0,-0.19
15.685,-1.8,30.8,0,0.384,-0.058,-0.921,-0.21,0.06,0,-0.19
15.688,-1.7,30.6,0,0.386,-0.059,-0.921,-0.21,0.06,0,-0.19
15.692,-1.7,30.6,-0.1,0.389,-0.061,-0.921,-0.21,0.06,0,-0.19
15.696,-1.7,30.8,-0.3,0.393,-0.061,-0.922,-0.21,0.06,0,-0.19
15.700,-1.4,30.6,-0.1,0.395,-0.06,-0.922,-0.21,0.06,0,-0.19
15.704,-1.1,30.8,0,0.399,-0.059,-0.922,-0.21,0.06,0,-0.19
15.708,-1.1,30.8,0,0.401,-0.058,-0.922,-0.21,0.06,0,-0.19
15.711,-1,30.6,0,0.403,-0.055,-0.922,-0.21,0.06,0,-0.19
15.718,-1.1,30.6,-0.2,0.404,-0.055,-0.921,-0.21,0.06,0,-0.59
15.725,-1,30.6,-0.4,0.405,-0.054,-0.919,-0.21,0.06,0,-0.59
15.732,-1.1,30.3,-0.4,0.408,-0.053,-0.917,-0.21,0.06,0,-0.59
15.739,-1.3,30.4,-0.7,0.411,-0.051,-0.914,-0.21,0.06,0,-0.59
15.746,-1.4,30.2,-0.6,0.415,-0.049,-0.911,-0.21,0.06,0,-0.59
15.753,-1.7,30.5,-0.6,0.42,-0.047,-0.908,-0.21,0.06,0,-0.59
15.759,-1.7,30.3,-0.6,0.422,-0.045,-0.905,-0.21,0.06,0,-0.59
15.764,-1.9,30.5,-0.5,0.424,-0.046,-0.903,-0.2,0.05,0,-0.4
15.769,-1.8,30.5,-0.6,0.426,-0.046,-0.902,-0.2,0.05,0,-0.4
15.773,-1.7,30.8,-0.4,0.426,-0.045,-0.901,-0.2,0.05,0,-0.4
15.778,-1.8,30.8,-0.2,0.428,-0.046,-0.899,-0.2,0.05,0,-0.4
15.782,-1.7,31.1,-0.3,0.428,-0.046,-0.9,-0.2,0.05,0,-0.4
15.787,-1.7,31,-0.3,0.427,-0.046,-0.902,-0.2,0.05,0,-0.4
15.791,-1.7,31.2,-0.4,0.427,-0.047,-0.904,-0.2,0.05,0,-0.4
15.796,-1.4,31.2,-0.5,0.427,-0.047,-0.906,-0.2,0.05,0,-0.4
15.800,-1.2,31.5,-0.6,0.426,-0.047,-0.909,-0.2,0.05,0,-0.4
15.805,-1,31.6,-0.9,0.427,-0.046,-0.91,-0.2,0.05,0,-0.4
15.809,-0.7,31.6,-0.9,0.428,-0.046,-0.911,-0.2,0.05,0,-0.4
15.815,-0.3,31.9,-0.8,0.431,-0.045,-0.91,-0.2,0.05,0,-0.4
15.821,-0.3,31.8,-0.7,0.436,-0.046,-0.908,-0.2,0.05,0,-0.4
15.827,-0.2,31.9,-0.9,0.441,-0.047,-0.906,-0.2,0.05,0,-0.4
15.833,-0.1,32.2,-0.7,0.446,-0.046,-0.903,-0.2,0.05,0,-0.4
15.839,-0.2,32.5,-0.6,0.45,-0.045,-0.9,-0.2,0.05,0,-0.4
15.844,-0.1,32.7,-0.4,0.454,-0.046,-0.897,-0.2,0.05,0,-0.4
15.850,-0.1,33.1,-0.3,0.458,-0.047,-0.892,-0.2,0.05,0,-0.4
15.855,-0.4,33.2,-0.3,0.461,-0.048,-0.888,-0.24,0.04,0,-0.6
15.859,-0.1,33.7,-0.5,0.465,-0.047,-0.884,-0.24,0.04,0,-0.6
15.864,-0.3,34,-0.7,0.47,-0.048,-0.88,-0.24,0.04,0,-0.6
15.868,-0.1,34.4,-0.7,0.474,-0.049,-0.877,-0.24,0.04,0,-0.6
15.872,-0.2,34.7,-0.7,0.476,-0.051,-0.874,-0.24,0.04,0,-0.6
15.877,-0.3,35,-0.9,0.479,-0.052,-0.871,-0.24,0.04,0,-0.6
15.881,-0.3,35.5,-1.2,0.479,-0.054,-0.87,-0.24,0.04,0,-0.6
15.886,-0.3,35.8,-1.1,0.479,-0.056,-0.868,-0.24,0.04,0,-0.6
15.890,-0.4,36,-1.4,0.48,-0.058,-0.866,-0.24,0.04,0,-0.6
15.894,-0.4,36.3,-1.5,0.481,-0.058,-0.867,-0.24,0.04,0,-0.6
15.899,-0.4,36.7,-1.7,0.481,-0.057,-0.867,-0.24,0.04,0,-0.6
15.906,-0.4,36.9,-1.7,0.482,-0.055,-0.865,-0.22,0.04,0,-0.6
15.913,-0.6,37,-1.9,0.484,-0.056,-0.867,-0.22,0.04,0,-0.6
15.919,-0.9,37.3,-1.9,0.487,-0.055,-0.867,-0.22,0.04,0,-0.6
15.926,-1.1,37.6,-2.1,0.49,-0.054,-0.868,-0.22,0.04,0,-0.6
15.933,-1.1,38,-2,0.493,-0.053,-0.869,-0.22,0.04,0,-0.6
15.940,-1.4,38.3,-2.3,0.497,-0.051,-0.869,-0.22,0.04,0,-0.6
15.947,-1.4,38.3,-2.3,0.5,-0.049,-0.869,-0.22,0.04,0,-0.6
15.951,-1.5,38.6,-2.2,0.505,-0.047,-0.868,-0.21,0.03,0,-0.61
15.956,-1.4,39,-2.1,0.51,-0.046,-0.866,-0.21,0.03,0,-0.61
15.960,-1.5,39.3,-2.2,0.513,-0.046,-0.864,-0.21,0.03,0,-0.61
15.965,-1.4,39.5,-2,0.517,-0.045,-0.86,-0.21,0.03,0,-0.61
15.969,-1.5,39.9,-1.8,0.521,-0.046,-0.856,-0.21,0.03,0,-0.61
15.974,-1.5,39.9,-1.8,0.526,-0.047,-0.853,-0.21,0.03,0,-0.61
15.978,-1.5,40.3,-1.6,0.53,-0.047,-0.848,-0.21,0.03,0,-0.61
15.983,-1.5,40.5,-1.5,0.534,-0.048,-0.843,-0.21,0.03,0,-0.61
15.987,-1.4,40.6,-1.5,0.536,-0.047,-0.841,-0.21,0.03,0,-0.61
15.992,-1.5,40.5,-1.5,0.54,-0.048,-0.838,-0.21,0.03,0,-0.61
15.996,-1.7,40.6,-1.4,0.543,-0.051,-0.836,-0.21,0.03,0,-0.61
16.001,-2,40.7,-1.4,0.546,-0.053,-0.831,-0.17,0.03,0,-0.64
16.005,-2.3,40.8,-1.5,0.549,-0.054,-0.827,-0.17,0.03,0,-0.64
16.009,-2.5,40.6,-1.7,0.551,-0.056,-0.825,-0.17,0.03,0,-0.64
16.014,-2.6,40.5,-1.9,0.553,-0.056,-0.823,-0.17,0.03,0,-0.64
16.018,-3.1,40.3,-2.3,0.556,-0.056,-0.822,-0.17,0.03,0,-0.64
16.022,-3,40.3,-2.6,0.559,-0.056,-0.821,-0.17,0.03,0,-0.64
16.027,-3.1,40.1,-2.9,0.562,-0.055,-0.82,-0.17,0.03,0,-0.64
16.031,-3.6,39.9,-3.1,0.563,-0.054,-0.819,-0.17,0.03,0,-0.64
16.035,-3.7,39.7,-3.6,0.564,-0.053,-0.818,-0.17,0.03,0,-0.64
16.040,-4.1,39.5,-3.9,0.566,-0.052,-0.816,-0.17,0.03,0,-0.64
16.044,-4.6,39.2,-4,0.57,-0.051,-0.814,-0.17,0.03,0,-0.64
16.050,-4.8,39.1,-4.5,0.575,-0.049,-0.812,-0.16,0.02,0.22,-0.66
16.056,-5.3,38.9,-4.7,0.579,-0.049,-0.81,-0.16,0.02,0.22,-0.66
16.062,-5.5,38.8,-5,0.585,-0.047,-0.805,-0.16,0.02,0.22,-0.66
16.068,-5.9,38.7,-5.1,0.59,-0.045,-0.8,-0.16,0.02,0.22,-0.66
16.074,-6,38.4,-5.3,0.595,-0.044,-0.796,-0.16,0.02,0.22,-0.66
16.080,-5.7,38.5,-5.5,0.602,-0.042,-0.793,-0.16,0.02,0.22,-0.66
16.086,-5.4,38.4,-5.4,0.606,-0.038,-0.79,-0.16,0.02,0.22,-0.66
16.089,-5,38.4,-5.1,0.611,-0.038,-0.789,-0.19,0.02,0,-0.66
16.093,-4.8,38.6,-4.9,0.615,-0.036,-0.787,-0.19,0.02,0,-0.66
16.096,-4.4,38.3,-4.7,0.618,-0.035,-0.787,-0.19,0.02,0,-0.66
16.100,-4,38.6,-4.4,0.62,-0.033,-0.788,-0.19,0.02,0,-0.66
16.103,-3.4,38.4,-4.3,0.62,-0.03,-0.79,-0.19,0.02,0,-0.66
16.107,-3,38.4,-4.3,0.623,-0.027,-0.792,-0.19,0.02,0,-0.66
16.110,-2.5,38.4,-4.1,0.626,-0.025,-0.797,-0.19,0.02,0,-0.66
16.114,-2,38.5,-4.3,0.625,-0.024,-0.8,-0.19,0.02,0,-0.66
16.117,-1.9,38.2,-4.3,0.626,-0.022,-0.802,-0.19,0.02,0,-0.66
16.121,-1.5,38.1,-4.4,0.627,-0.022,-0.803,-0.19,0.02,0,-0.66
16.124,-1.4,38.1,-4.3,0.628,-0.022,-0.804,-0.19,0.02,0,-0.66
16.127,-1.4,38.1,-4.3,0.631,-0.023,-0.804,-0.19,0.02,0,-0.66
16.131,-1.4,38,-4.4,0.635,-0.022,-0.802,-0.19,0.02,0,-0.66
16.134,-1.4,37.7,-4.3,0.639,-0.021,-0.799,-0.19,0.02,0,-0.66
16.141,-1.4,37.7,-4.3,0.641,-0.021,-0.794,-0.19,0.02,0,-0.68
16.148,-1.3,37.5,-4.3,0.643,-0.02,-0.788,-0.19,0.02,0,-0.68
16.154,-1.4,37,-4.3,0.646,-0.023,-0.782,-0.19,0.02,0,-0.68
16.161,-1.4,36.7,-4.2,0.648,-0.024,-0.774,-0.19,0.02,0,-0.68
16.168,-1.6,36.7,-4,0.651,-0.025,-0.767,-0.19,0.02,0,-0.68
16.174,-1.6,36.6,-4,0.653,-0.025,-0.759,-0.19,0.02,0,-0.68
16.181,-1.8,36.1,-3.8,0.657,-0.027,-0.753,-0.19,0.02,0,-0.68
16.185,-1.8,36,-3.6,0.659,-0.026,-0.747,-0.22,0,0,-0.72
16.189,-1.7,35.6,-3.4,0.662,-0.025,-0.741,-0.22,0,0,-0.72
16.194,-1.7,35.6,-3.2,0.667,-0.025,-0.737,-0.22,0,0,-0.72
16.198,-1.5,35.6,-2.9,0.669,-0.024,-0.734,-0.22,0,0,-0.72
16.202,-1.1,35.7,-2.9,0.671,-0.024,-0.731,-0.22,0,0,-0.72
16.206,-0.6,35.6,-2.6,0.673,-0.021,-0.731,-0.22,0,0,-0.72
16.211,0,35.6,-2.6,0.674,-0.018,-0.732,-0.22,0,0,-0.72
16.215,0.3,35.7,-2.5,0.676,-0.015,-0.732,-0.22,0,0,-0.72
16.219,0.9,35.7,-2.3,0.677,-0.013,-0.734,-0.22,0,0,-0.72
16.223,1.2,35.6,-2.5,0.678,-0.01,-0.735,-0.22,0,0,-0.72
16.227,1.5,35.8,-2.3,0.68,-0.009,-0.737,-0.22,0,0,-0.72
16.234,1.7,35.7,-2.4,0.681,-0.007,-0.739,-0.22,0,0,-0.72
16.241,1.9,35.9,-2.4,0.682,-0.008,-0.74,-0.22,0,0,-0.72
16.247,1.8,35.8,-2.1,0.684,-0.008,-0.738,-0.22,0,0,-0.72
16.254,1.4,35.8,-1.8,0.687,-0.01,-0.737,-0.22,0,0,-0.72
16.261,1.1,35.8,-1.5,0.689,-0.014,-0.734,-0.22,0,0,-0.72
16.267,0.8,35.9,-1.3,0.69,-0.015,-0.731,-0.22,0,0,-0.72
16.274,0.6,36.1,-1,0.692,-0.018,-0.726,-0.22,0,0,-0.72
16.278,0.2,35.9,-0.8,0.695,-0.022,-0.721,-0.25,0,0,-0.75
16.283,0.3,36.1,-0.6,0.697,-0.025,-0.715,-0.25,0,0,-0.75
16.287,0.2,36.1,-0.6,0.697,-0.028,-0.711,-0.25,0,0,-0.75
16.291,0.5,36.1,-0.7,0.699,-0.031,-0.707,-0.25,0,0,-0.75
16.296,0.4,36.1,-0.8,0.701,-0.033,-0.702,-0.25,0,0,-0.75
16.300,0.6,36.3,-0.9,0.703,-0.036,-0.698,-0.25,0,0,-0.75
16.304,0.9,36.2,-1,0.706,-0.037,-0.694,-0.25,0,0,-0.75
16.309,1,36.5,-1.2,0.709,-0.037,-0.692,-0.25,0,0,-0.75
16.313,1.1,36.4,-1.4,0.711,-0.038,-0.69,-0.25,0,0,-0.75
16.317,0.9,36.5,-1.4,0.715,-0.037,-0.688,-0.25,0,0,-0.75
16.322,0.6,36.6,-1.4,0.718,-0.036,-0.687,-0.25,0,0,-0.75
16.329,0.6,36.7,-1.5,0.721,-0.034,-0.687,-0.27,-0.01,0,-0.78
16.336,0.4,36.6,-1.5,0.724,-0.031,-0.688,-0.27,-0.01,0,-0.78
16.343,0,36.6,-1.7,0.727,-0.03,-0.688,-0.27,-0.01,0,-0.78
16.350,-0.3,36.7,-1.7,0.731,-0.029,-0.688,-0.27,-0.01,0,-0.78
16.357,-0.3,36.7,-1.8,0.735,-0.025,-0.688,-0.27,-0.01,0,-0.78
16.364,-0.5,36.9,-1.8,0.738,-0.024,-0.687,-0.27,-0.01,0,-0.78
16.371,-0.8,37,-1.5,0.74,-0.024,-0.686,-0.27,-0.01,0,-0.78
16.375,-0.8,36.9,-1.7,0.744,-0.023,-0.684,-0.28,-0.02,0,-0.81
16.379,-0.9,36.8,-1.4,0.746,-0.023,-0.681,-0.28,-0.02,0,-0.81
16.384,-0.9,36.9,-1.2,0.748,-0.024,-0.678,-0.28,-0.02,0,-0.81
16.388,-0.9,37,-1.3,0.75,-0.024,-0.676,-0.28,-0.02,0,-0.81
16.392,-0.8,36.9,-1.2,0.753,-0.023,-0.672,-0.28,-0.02,0,-0.81
16.397,-0.6,36.8,-1.4,0.753,-0.022,-0.667,-0.28,-0.02,0,-0.81
16.401,-0.7,36.9,-1.4,0.755,-0.023,-0.662,-0.28,-0.02,0,-0.81
16.405,-0.7,36.8,-1.5,0.756,-0.025,-0.657,-0.28,-0.02,0,-0.81
16.410,-0.8,36.8,-1.7,0.758,-0.026,-0.653,-0.28,-0.02,0,-0.81
16.414,-1.2,36.8,-2.1,0.759,-0.028,-0.65,-0.28,-0.02,0,-0.81
16.419,-1.7,36.6,-2.3,0.759,-0.033,-0.649,-0.28,-0.02,0,-0.81
16.424,-2.5,36.7,-2.6,0.761,-0.038,-0.649,-0.27,-0.03,0,-0.56
16.430,-3.3,36.4,-2.8,0.762,-0.044,-0.648,-0.27,-0.03,0,-0.56
16.436,-3.9,36.5,-3,0.764,-0.047,-0.647,-0.27,-0.03,0,-0.56
16.442,-4.5,36.4,-3.5,0.766,-0.05,-0.647,-0.27,-0.03,0,-0.56
16.448,-5.3,36.4,-3.8,0.769,-0.052,-0.644,-0.27,-0.03,0,-0.56
16.454,-5.7,36.3,-4.1,0.771,-0.05,-0.641,-0.27,-0.03,0,-0.56
16.460,-5.8,36.4,-4.5,0.775,-0.049,-0.637,-0.27,-0.03,0,-0.56
16.465,-5.8,36.5,-4.8,0.781,-0.045,-0.63,-0.24,-0.04,0,-0.9
16.469,-5.7,36.8,-4.8,0.784,-0.043,-0.624,-0.24,-0.04,0,-0.9
16.473,-5.9,37,-5,0.787,-0.041,-0.618,-0.24,-0.04,0,-0.9
16.478,-5.6,37.4,-5.1,0.79,-0.038,-0.612,-0.24,-0.04,0,-0.9
16.482,-5.8,37.8,-5.2,0.791,-0.036,-0.608,-0.24,-0.04,0,-0.9
16.487,-5.9,38.1,-5.3,0.79,-0.031,-0.604,-0.24,-0.04,0,-0.9
16.491,-5.9,38.4,-5.4,0.791,-0.028,-0.601,-0.24,-0.04,0,-0.9
16.496,-5.8,38.7,-5.6,0.79,-0.022,-0.6,-0.24,-0.04,0,-0.9
16.500,-5.5,38.8,-5.6,0.791,-0.015,-0.601,-0.24,-0.04,0,-0.9
16.504,-5.3,38.9,-5.5,0.79,-0.011,-0.603,-0.24,-0.04,0,-0.9
16.509,-5,39.2,-5.4,0.792,-0.006,-0.604,-0.24,-0.04,0,-0.9
16.516,-4.9,39,-5.5,0.793,-0.004,-0.606,-0.22,-0.06,0,-0.9
16.523,-5.1,38.7,-5.3,0.793,-0.003,-0.607,-0.22,-0.06,0,-0.9
16.530,-5,38.8,-5.1,0.794,-0.003,-0.609,-0.22,-0.06,0,-0.9
16.537,-5.1,38.6,-5,0.797,-0.001,-0.61,-0.22,-0.06,0,-0.9
16.544,-5.3,38.3,-4.6,0.8,-0.001,-0.61,-0.22,-0.06,0,-0.9
16.551,-5.3,38.2,-4.5,0.804,-0.003,-0.609,-0.22,-0.06,0,-0.9
16.558,-5.5,37.8,-4.5,0.809,-0.003,-0.606,-0.22,-0.06,0,-0.9
16.561,-5.5,37.7,-4.6,0.811,-0.003,-0.601,-0.2,-0.07,0.32,-1.63
16.564,-5.4,37.6,-4.5,0.813,-0.003,-0.597,-0.2,-0.07,0.32,-1.63
16.568,-5.1,37.4,-4.7,0.813,-0.001,-0.591,-0.2,-0.07,0.32,-1.63
16.571,-4.8,37.4,-4.8,0.816,0,-0.586,-0.2,-0.07,0.32,-1.63
16.574,-4.3,37.1,-4.5,0.82,-0.001,-0.58,-0.2,-0.07,0.32,-1.63
16.578,-3.8,37.2,-4.3,0.823,0,-0.575,-0.2,-0.07,0.32,-1.63
16.581,-3.6,37.1,-4.1,0.826,0,-0.57,-0.2,-0.07,0.32,-1.63
16.584,-3,37.2,-3.9,0.827,0,-0.563,-0.2,-0.07,0.32,-1.63
16.588,-2.9,37.2,-3.7,0.828,0,-0.557,-0.2,-0.07,0.32,-1.63
16.591,-2.8,37.3,-3.6,0.832,0.001,-0.554,-0.2,-0.07,0.32,-1.63
16.595,-2.8,37.4,-3.4,0.836,0.003,-0.548,-0.2,-0.07,0.32,-1.63
16.598,-2.6,37.6,-3.1,0.838,0.007,-0.544,-0.2,-0.07,0.32,-1.63
16.601,-2.4,37.7,-2.8,0.838,0.009,-0.54,-0.2,-0.07,0.32,-1.63
16.605,-2.2,37.9,-2.5,0.839,0.01,-0.538,-0.2,-0.07,0.32,-1.63
16.615,-1.8,38.3,-2.4,0.842,0.012,-0.535,-0.2,-0.08,0,-1
16.626,-1.5,38.5,-2,0.843,0.013,-0.533,-0.2,-0.08,0,-1
16.637,-1.3,38.4,-1.8,0.845,0.013,-0.532,-0.2,-0.08,0,-1
16.648,-0.9,38.6,-1.2,0.845,0.014,-0.53,-0.2,-0.08,0,-1
16.651,-0.4,38.7,-1.2,0.844,0.013,-0.528,-0.24,-0.11,0,-1.73
16.655,0,38.6,-0.9,0.842,0.014,-0.527,-0.24,-0.11,0,-1.73
16.658,0.1,38.9,-0.9,0.841,0.013,-0.527,-0.24,-0.11,0,-1.73
16.662,0.3,38.6,-0.9,0.841,0.01,-0.526,-0.24,-0.11,0,-1.73
16.665,0.5,38.7,-0.7,0.842,0.008,-0.525,-0.24,-0.11,0,-1.73
16.669,0.1,38.6,-0.7,0.843,0.005,-0.523,-0.24,-0.11,0,-1.73
16.672,-0.1,38.4,-0.6,0.845,0.002,-0.522,-0.24,-0.11,0,-1.73
16.675,-0.4,38.6,-0.7,0.846,0,-0.521,-0.24,-0.11,0,-1.73
16.679,-0.6,38.4,-0.6,0.848,0,-0.517,-0.24,-0.11,0,-1.73
16.682,-0.9,38.3,-0.7,0.849,-0.001,-0.515,-0.24,-0.11,0,-1.73
16.686,-1,38.6,-0.6,0.851,-0.002,-0.514,-0.24,-0.11,0,-1.73
16.689,-1.1,38.5,-0.6,0.854,-0.003,-0.511,-0.24,-0.11,0,-1.73
16.693,-0.9,38.6,-0.3,0.858,-0.003,-0.509,-0.24,-0.11,0,-1.73
16.696,-0.6,38.9,-0.3,0.862,-0.003,-0.507,-0.24,-0.11,0,-1.73
16.702,-0.4,39.1,0,0.864,-0.002,-0.506,-0.26,-0.13,0,-1.52
16.709,0,39.4,0.2,0.866,0,-0.504,-0.26,-0.13,0,-1.52
16.715,0.4,39.6,0.3,0.866,0.003,-0.501,-0.26,-0.13,0,-1.52
16.722,0.9,39.7,0.5,0.868,0.006,-0.499,-0.26,-0.13,0,-1.52
16.728,1.3,39.7,0.4,0.868,0.008,-0.497,-0.26,-0.13,0,-1.52
16.735,1.4,39.6,0.4,0.868,0.009,-0.495,-0.26,-0.13,0,-1.52
16.741,1.5,39.4,0.4,0.869,0.008,-0.492,-0.26,-0.13,0,-1.52
16.746,1.3,39,0.4,0.872,0.005,-0.488,-0.29,-0.14,0,-2.22
16.751,0.7,38.9,0.4,0.876,0.004,-0.481,-0.29,-0.14,0,-2.22
16.756,0.4,38.7,0.6,0.881,0.002,-0.474,-0.29,-0.14,0,-2.22
16.760,-0.1,38.3,0.6,0.884,0,-0.465,-0.29,-0.14,0,-2.22
16.765,-0.3,38,1,0.887,0,-0.459,-0.29,-0.14,0,-2.22
16.770,-0.4,37.7,0.9,0.892,-0.001,-0.453,-0.29,-0.14,0,-2.22
16.775,-0.5,37.3,1,0.895,-0.002,-0.448,-0.29,-0.14,0,-2.22
16.779,-0.3,37.1,1,0.898,-0.002,-0.445,-0.29,-0.14,0,-2.22
16.784,-0.1,37.1,0.7,0.899,-0.002,-0.442,-0.29,-0.14,0,-2.22
16.789,0.1,36.7,0.6,0.9,-0.002,-0.44,-0.29,-0.14,0,-2.22
16.794,0.8,36.6,0.7,0.901,-0.001,-0.439,-0.29,-0.14,0,-2.22
16.798,1.1,36.4,0.6,0.902,-0.001,-0.438,-0.27,-0.17,0,-2.08
16.803,1.5,36.3,0.2,0.901,-0.001,-0.438,-0.27,-0.17,0,-2.08
16.808,1.5,36.2,0.3,0.9,0,-0.438,-0.27,-0.17,0,-2.08
16.813,1.6,36.1,0.3,0.899,0,-0.439,-0.27,-0.17,0,-2.08
16.817,1.7,35.9,0.3,0.899,0,-0.441,-0.27,-0.17,0,-2.08
16.822,1.4,35.8,0.2,0.897,0,-0.441,-0.27,-0.17,0,-2.08
16.827,1.5,35.6,0.5,0.895,0.002,-0.443,-0.27,-0.17,0,-2.08
16.832,1.2,35.3,0.6,0.894,0.003,-0.441,-0.27,-0.17,0,-2.08
16.836,1.2,35,0.7,0.894,0.001,-0.439,-0.27,-0.17,0,-2.08
16.842,0.9,34.9,1,0.896,0.001,-0.434,-0.28,-0.19,-0.41,-2.48
16.847,1,34.7,1.3,0.896,0.001,-0.429,-0.28,-0.19,-0.41,-2.48
16.852,0.9,34.7,1.6,0.897,0,-0.423,-0.28,-0.19,-0.41,-2.48
16.858,1.2,34.3,2,0.899,0.001,-0.416,-0.28,-0.19,-0.41,-2.48
16.863,1.2,34.4,2.3,0.901,0,-0.409,-0.28,-0.19,-0.41,-2.48
16.868,1.5,34.3,2.9,0.904,0,-0.401,-0.28,-0.19,-0.41,-2.48
16.874,1.5,34.3,2.9,0.906,0,-0.394,-0.28,-0.19,-0.41,-2.48
16.879,1.6,34.2,2.9,0.908,0,-0.388,-0.28,-0.19,-0.41,-2.48
16.884,1.8,34.4,2.9,0.909,-0.002,-0.383,-0.28,-0.19,-0.41,-2.48
16.891,1.7,34.4,2.9,0.911,-0.004,-0.378,-0.25,-0.21,0,-1.39
16.898,1.8,34.7,2.9,0.913,-0.004,-0.375,-0.25,-0.21,0,-1.39
16.905,1.5,35,2.8,0.912,-0.004,-0.372,-0.25,-0.21,0,-1.39
16.912,1.7,35.2,2.8,0.912,-0.003,-0.37,-0.25,-0.21,0,-1.39
16.919,1.9,35.7,2.8,0.912,-0.003,-0.37,-0.25,-0.21,0,-1.39
16.926,2.3,35.8,2.8,0.912,0,-0.371,-0.25,-0.21,0,-1.39
16.933,2.4,36.2,2.8,0.912,0,-0.371,-0.25,-0.21,0,-1.39
16.938,2.6,36.4,2.5,0.912,0.001,-0.37,-0.25,-0.24,0,-1.45
16.942,2.6,36.9,2.1,0.913,0,-0.369,-0.25,-0.24,0,-1.45
16.946,2.4,37,2.1,0.914,-0.001,-0.367,-0.25,-0.24,0,-1.45
16.951,2.1,37.2,1.8,0.915,-0.005,-0.363,-0.25,-0.24,0,-1.45
16.955,1.7,37.4,1.8,0.917,-0.007,-0.358,-0.25,-0.24,0,-1.45
16.959,1.2,37.5,1.7,0.918,-0.01,-0.354,-0.25,-0.24,0,-1.45
16.964,0.9,37.8,1.6,0.92,-0.012,-0.349,-0.25,-0.24,0,-1.45
16.968,0.5,37.7,1.8,0.921,-0.014,-0.345,-0.25,-0.24,0,-1.45
16.972,0.4,37.7,1.8,0.923,-0.013,-0.341,-0.25,-0.24,0,-1.45
16.977,0.1,37.8,1.7,0.925,-0.014,-0.336,-0.25,-0.24,0,-1.45
16.981,0.1,37.8,1.5,0.927,-0.014,-0.332,-0.25,-0.24,0,-1.45
16.985,0.2,38,1.5,0.93,-0.013,-0.328,-0.26,-0.28,0,-2.94
16.989,0.4,38.3,1.5,0.931,-0.014,-0.326,-0.26,-0.28,0,-2.94
16.993,0.4,38.2,1.3,0.932,-0.014,-0.322,-0.26,-0.28,0,-2.94
16.997,0.6,38.3,1.3,0.934,-0.013,-0.321,-0.26,-0.28,0,-2.94
17.000,1,38.4,1.3,0.934,-0.011,-0.319,-0.26,-0.28,0,-2.94
17.004,1.2,38.5,1.2,0.934,-0.008,-0.319,-0.26,-0.28,0,-2.94
17.008,1.4,38.8,0.9,0.936,-0.005,-0.318,-0.26,-0.28,0,-2.94
17.012,1.5,38.8,0.7,0.938,-0.003,-0.316,-0.26,-0.28,0,-2.94
17.016,1.5,39.1,0.6,0.939,-0.002,-0.314,-0.26,-0.28,0,-2.94
17.020,1.1,38.9,0.3,0.941,0,-0.312,-0.26,-0.28,0,-2.94
17.024,1.2,38.8,0.2,0.942,0,-0.308,-0.26,-0.28,0,-2.94
17.030,0.8,38.8,0.1,0.946,-0.001,-0.305,-0.29,-0.3,0,-2.18
17.037,0.6,38.4,0.1,0.948,0,-0.301,-0.29,-0.3,0,-2.18
17.044,0.4,38.3,0,0.95,0,-0.295,-0.29,-0.3,0,-2.18
17.051,0.1,38.1,0.1,0.951,-0.002,-0.29,-0.29,-0.3,0,-2.18
17.058,-0.1,37.7,0.2,0.953,-0.003,-0.283,-0.29,-0.3,0,-2.18
17.065,-0.1,37.7,0.4,0.954,-0.003,-0.276,-0.29,-0.3,0,-2.18
17.071,-0.1,37.4,0.8,0.957,-0.004,-0.27,-0.29,-0.3,0,-2.18
17.075,0.2,37.2,1,0.96,-0.005,-0.264,-0.29,-0.34,0,-1.64
17.079,0.7,37,1.2,0.96,-0.004,-0.259,-0.29,-0.34,0,-1.64
17.083,0.9,36.9,1.3,0.96,-0.005,-0.255,-0.29,-0.34,0,-1.64
17.086,1.7,36.6,1.3,0.961,-0.006,-0.253,-0.29,-0.34,0,-1.64
17.090,2,36.4,1.2,0.96,-0.006,-0.252,-0.29,-0.34,0,-1.64
17.094,2.1,36.1,0.8,0.959,-0.007,-0.252,-0.29,-0.34,0,-1.64
17.098,2.4,35.6,0.6,0.961,-0.009,-0.253,-0.29,-0.34,0,-1.64
17.102,2.4,35.3,0.4,0.963,-0.01,-0.254,-0.29,-0.34,0,-1.64
17.105,2.6,34.8,0,0.966,-0.009,-0.255,-0.29,-0.34,0,-1.64
17.109,2.3,34.1,0,0.97,-0.007,-0.255,-0.29,-0.34,0,-1.64
17.113,2.2,33.3,0.1,0.974,-0.009,-0.256,-0.29,-0.34,0,-1.64
17.117,1.8,32.7,0.2,0.979,-0.011,-0.253,-0.29,-0.34,0,-1.64
17.120,1.7,32.1,0.4,0.983,-0.012,-0.25,-0.29,-0.34,0,-1.64
17.126,1.3,31.2,0.6,0.986,-0.012,-0.249,-0.25,-0.35,0,-3.05
17.132,1.3,30.3,0.6,0.986,-0.011,-0.247,-0.25,-0.35,0,-3.05
17.138,1.1,29.6,0.7,0.988,-0.01,-0.243,-0.25,-0.35,0,-3.05
17.143,1.1,28.7,1.2,0.989,-0.011,-0.238,-0.25,-0.35,0,-3.05
17.149,1.2,28,1.5,0.988,-0.012,-0.232,-0.25,-0.35,0,-3.05
17.155,1,27.2,1.5,0.986,-0.015,-0.226,-0.25,-0.35,0,-3.05
17.161,1.3,26.5,1.6,0.984,-0.015,-0.222,-0.25,-0.35,0,-3.05
17.167,1.5,25.6,1.5,0.981,-0.014,-0.218,-0.25,-0.35,0,-3.05
17.173,1.5,24.9,1.5,0.98,-0.013,-0.215,-0.23,-0.37,0,-2.53
17.179,1.8,24.1,1.1,0.978,-0.014,-0.211,-0.23,-0.37,0,-2.53
17.186,1.6,23.6,1,0.977,-0.015,-0.209,-0.23,-0.37,0,-2.53
17.192,1.5,22.7,0.9,0.979,-0.017,-0.206,-0.23,-0.37,0,-2.53
17.198,1.1,22.2,0.7,0.982,-0.019,-0.203,-0.23,-0.37,0,-2.53
17.204,1,21.6,0.6,0.983,-0.021,-0.2,-0.23,-0.37,0,-2.53
17.211,0.7,20.9,0.4,0.984,-0.02,-0.196,-0.23,-0.37,0,-2.53
17.215,0.6,20.3,0.1,0.985,-0.019,-0.194,-0.23,-0.4,0,-1.36
17.219,0.5,19.9,0.1,0.984,-0.018,-0.192,-0.23,-0.4,0,-1.36
17.224,0.7,19.7,0,0.985,-0.017,-0.188,-0.23,-0.4,0,-1.36
17.228,0.9,19.2,0.1,0.984,-0.014,-0.186,-0.23,-0.4,0,-1.36
17.232,1,18.6,-0.1,0.983,-0.015,-0.184,-0.23,-0.4,0,-1.36
17.236,1,18.5,0,0.982,-0.015,-0.181,-0.23,-0.4,0,-1.36
17.241,1.1,18.3,0,0.98,-0.017,-0.179,-0.23,-0.4,0,-1.36
17.245,1.1,18.2,0,0.982,-0.017,-0.178,-0.23,-0.4,0,-1.36
17.249,1.1,18.2,0.3,0.982,-0.018,-0.178,-0.23,-0.4,0,-1.36
17.253,0.9,18.1,0.4,0.98,-0.018,-0.18,-0.23,-0.4,0,-1.36
17.258,0.8,17.8,0.4,0.976,-0.018,-0.181,-0.23,-0.4,0,-1.36
17.262,0.9,18.1,0.4,0.972,-0.017,-0.184,-0.22,-0.44,0,-1.36
17.267,1.1,18.2,0.6,0.968,-0.014,-0.187,-0.22,-0.44,0,-1.36
17.271,1,18.4,0.4,0.964,-0.013,-0.191,-0.22,-0.44,0,-1.36
17.276,1.1,18.6,0.6,0.961,-0.011,-0.192,-0.22,-0.44,0,-1.36
17.281,1.3,18.8,0.5,0.958,-0.009,-0.194,-0.22,-0.44,0,-1.36
17.285,1.3,18.9,0.2,0.957,-0.008,-0.194,-0.22,-0.44,0,-1.36
17.290,1.7,19.1,0.2,0.954,-0.007,-0.193,-0.22,-0.44,0,-1.36
17.294,1.7,19.4,0,0.955,-0.005,-0.19,-0.22,-0.44,0,-1.36
17.299,1.7,19.7,-0.3,0.956,-0.004,-0.188,-0.22,-0.44,0,-1.36
17.303,1.5,20.1,-0.4,0.957,-0.003,-0.183,-0.22,-0.44,0,-1.36
17.309,1.5,20.1,-0.4,0.958,-0.003,-0.178,-0.21,-0.47,-0.67,-0.67
17.315,1.2,20.6,-0.7,0.959,-0.003,-0.172,-0.21,-0.47,-0.67,-0.67
17.321,1.2,20.9,-0.8,0.959,-0.004,-0.165,-0.21,-0.47,-0.67,-0.67
17.327,1.2,21.2,-0.7,0.961,-0.004,-0.159,-0.21,-0.47,-0.67,-0.67
17.333,1.3,21.4,-0.6,0.962,-0.003,-0.153,-0.21,-0.47,-0.67,-0.67
17.339,1.5,21.9,-0.8,0.967,-0.004,-0.146,-0.21,-0.47,-0.67,-0.67
17.345,1.5,22.5,-1,0.97,-0.005,-0.141,-0.21,-0.47,-0.67,-0.67
17.351,1.7,22.8,-0.8,0.975,-0.006,-0.137,-0.21,-0.47,-0.67,-0.67
17.355,1.8,23.1,-0.7,0.978,-0.009,-0.136,-0.19,-0.5,0,-1.86
17.360,2.1,23.7,-0.5,0.979,-0.011,-0.136,-0.19,-0.5,0,-1.86
17.365,2,24,-0.5,0.979,-0.012,-0.138,-0.19,-0.5,0,-1.86
17.370,2,24.4,-0.6,0.979,-0.014,-0.142,-0.19,-0.5,0,-1.86
17.374,1.8,24.5,-0.7,0.977,-0.015,-0.147,-0.19,-0.5,0,-1.86
17.379,1.8,24.5,-0.7,0.977,-0.016,-0.152,-0.19,-0.5,0,-1.86
17.384,1.6,24.4,-0.9,0.976,-0.015,-0.155,-0.19,-0.5,0,-1.86
17.389,1.3,24.2,-1.1,0.977,-0.016,-0.158,-0.19,-0.5,0,-1.86
17.393,1.2,23.9,-1.2,0.977,-0.015,-0.156,-0.19,-0.5,0,-1.86
17.398,0.9,23.6,-1.2,0.98,-0.015,-0.154,-0.19,-0.5,0,-1.86
17.404,0.6,23.1,-1.2,0.981,-0.014,-0.151,-0.19,-0.52,0,-1.03
17.410,0.5,22.8,-1.4,0.985,-0.014,-0.147,-0.19,-0.52,0,-1.03
17.416,0.6,22.3,-1.2,0.988,-0.012,-0.143,-0.19,-0.52,0,-1.03
17.422,0.5,21.8,-1.3,0.991,-0.009,-0.139,-0.19,-0.52,0,-1.03
17.428,0.6,21.2,-1.4,0.992,-0.007,-0.134,-0.19,-0.52,0,-1.03
17.434,0.4,20.7,-1.4,0.993,-0.007,-0.13,-0.19,-0.52,0,-1.03
17.441,0.6,20.3,-1.5,0.994,-0.007,-0.126,-0.19,-0.52,0,-1.03
17.447,0.2,19.9,-1.5,0.995,-0.009,-0.123,-0.19,-0.52,0,-1.03
17.451,0.1,19.4,-1.2,0.996,-0.011,-0.118,-0.18,-0.55,0,-0.81
17.455,0,18.9,-1.2,0.997,-0.011,-0.114,-0.18,-0.55,0,-0.81
17.460,0,18.3,-1.1,0.997,-0.012,-0.112,-0.18,-0.55,0,-0.81
17.464,-0.1,18.1,-0.7,0.998,-0.013,-0.109,-0.18,-0.55,0,-0.81
17.469,-0.1,18,-0.1,1,-0.013,-0.108,-0.18,-0.55,0,-0.81
17.473,-0.2,17.8,0,1.001,-0.013,-0.108,-0.18,-0.55,0,-0.81
17.478,-0.2,17.5,0.4,1.001,-0.012,-0.109,-0.18,-0.55,0,-0.81
17.482,-0.2,17.2,0.7,1.002,-0.012,-0.109,-0.18,-0.55,0,-0.81
17.487,0,17.2,0.6,1,-0.013,-0.11,-0.18,-0.55,0,-0.81
17.491,0,16.6,0.4,0.999,-0.011,-0.111,-0.18,-0.55,0,-0.81
17.495,-0.1,16.2,0.1,0.999,-0.01,-0.11,-0.18,-0.55,0,-0.81
17.502,-0.1,15.7,0.3,0.997,-0.01,-0.108,-0.2,-0.56,0,-1.93
17.509,-0.3,15.1,0.1,0.996,-0.011,-0.106,-0.2,-0.56,0,-1.93
17.516,-0.4,14.4,0,0.997,-0.01,-0.103,-0.2,-0.56,0,-1.93
17.523,-0.6,13.9,0,0.997,-0.008,-0.1,-0.2,-0.56,0,-1.93
17.530,-0.9,13.2,0.1,0.997,-0.008,-0.096,-0.2,-0.56,0,-1.93
17.537,-0.8,12.5,0.4,0.998,-0.007,-0.093,-0.2,-0.56,0,-1.93
17.544,-0.8,11.8,0.6,0.999,-0.005,-0.092,-0.2,-0.56,0,-1.93
17.548,-0.8,11.3,1,1.001,-0.006,-0.091,-0.21,-0.58,0,0
17.552,-0.8,10.8,1.1,1.003,-0.004,-0.09,-0.21,-0.58,0,0
17.555,-0.6,10.2,1.1,1.005,-0.004,-0.09,-0.21,-0.58,0,0
17.559,-0.5,9.8,1,1.007,-0.005,-0.089,-0.21,-0.58,0,0
17.563,-0.4,9.5,1.2,1.007,-0.006,-0.089,-0.21,-0.58,0,0
17.567,-0.3,9,1.4,1.008,-0.005,-0.089,-0.21,-0.58,0,0
17.571,-0.5,8.9,1.2,1.007,-0.006,-0.089,-0.21,-0.58,0,0
17.575,-0.5,8.6,1,1.006,-0.008,-0.09,-0.21,-0.58,0,0
17.578,-0.7,8.4,0.9,1.005,-0.011,-0.089,-0.21,-0.58,0,0
17.582,-0.8,8.2,0.9,1.003,-0.013,-0.089,-0.21,-0.58,0,0
17.586,-0.7,8.1,0.7,1.002,-0.013,-0.088,-0.21,-0.58,0,0
17.591,-0.7,7.9,0.5,1.002,-0.012,-0.087,-0.2,-0.61,0,0
17.596,-0.6,7.9,0.5,1,-0.012,-0.085,-0.2,-0.61,0,0
17.600,-0.3,7.7,0.1,0.998,-0.012,-0.083,-0.2,-0.61,0,0
17.605,-0.1,7.7,0,0.997,-0.01,-0.081,-0.2,-0.61,0,0
17.610,0,7.7,-0.3,0.995,-0.01,-0.08,-0.2,-0.61,0,0
17.615,-0.1,7.5,-0.5,0.994,-0.01,-0.077,-0.2,-0.61,0,0
17.620,-0.2,7.5,-0.7,0.993,-0.007,-0.074,-0.2,-0.61,0,0
17.624,-0.3,7.3,-1.1,0.991,-0.006,-0.071,-0.2,-0.61,0,0
17.629,-0.6,7,-1.1,0.989,-0.005,-0.067,-0.2,-0.61,0,0
17.634,-0.7,6.8,-1.2,0.987,-0.004,-0.063,-0.2,-0.61,0,0
17.638,-0.9,6.7,-1,0.989,-0.004,-0.06,-0.23,-0.65,0,0
17.643,-1.1,6.5,-0.4,0.988,-0.005,-0.057,-0.23,-0.65,0,0
17.647,-1.4,6.2,-0.1,0.989,-0.008,-0.054,-0.23,-0.65,0,0
17.652,-1.2,6,0,0.99,-0.008,-0.052,-0.23,-0.65,0,0
17.656,-1.3,5.8,0.3,0.989,-0.008,-0.052,-0.23,-0.65,0,0
17.660,-1.3,5.7,0.4,0.988,-0.009,-0.054,-0.23,-0.65,0,0
17.665,-1,5.6,0.7,0.99,-0.008,-0.057,-0.23,-0.65,0,0
17.669,-0.8,5.5,1,0.993,-0.008,-0.06,-0.23,-0.65,0,0
17.674,-0.3,5.6,1,0.995,-0.009,-0.066,-0.23,-0.65,0,0
17.678,-0.1,5.5,1,0.994,-0.01,-0.071,-0.23,-0.65,0,0
17.683,0.1,5.5,1.2,0.993,-0.009,-0.077,-0.23,-0.65,0,0
17.689,0.5,5.8,1.3,0.991,-0.008,-0.081,-0.21,-0.67,0,0
17.695,0.4,5.7,1.2,0.992,-0.009,-0.085,-0.21,-0.67,0,0
17.702,0.7,5.8,1.4,0.99,-0.009,-0.089,-0.21,-0.67,0,0
17.708,0.2,5.6,1.1,0.991,-0.009,-0.09,-0.21,-0.67,0,0
17.714,0.1,5.9,0.8,0.989,-0.01,-0.087,-0.21,-0.67,0,0
17.721,0,5.8,0.5,0.986,-0.01,-0.084,-0.21,-0.67,0,0
17.727,-0.1,5.5,0.2,0.985,-0.007,-0.08,-0.21,-0.67,0,0
17.731,-0.2,5.3,0,0.983,-0.006,-0.075,-0.22,-0.69,0,0
17.736,-0.3,5,-0.4,0.982,-0.004,-0.068,-0.22,-0.69,0,0
17.740,-0.3,4.6,-0.6,0.98,-0.005,-0.061,-0.22,-0.69,0,0
17.744,-0.1,4.3,-0.3,0.979,-0.005,-0.054,-0.22,-0.69,0,0
17.748,-0.1,3.7,-0.6,0.979,-0.007,-0.048,-0.22,-0.69,0,0
17.752,-0.3,3.1,-0.5,0.98,-0.007,-0.044,-0.22,-0.69,0,0
17.757,-0.2,2.5,-0.3,0.983,-0.008,-0.04,-0.22,-0.69,0,0
17.761,-0.4,1.8,-0.1,0.989,-0.01,-0.036,-0.22,-0.69,0,0
17.765,-0.3,1.2,0,0.993,-0.012,-0.035,-0.22,-0.69,0,0
17.769,-0.1,0.6,0.3,0.996,-0.013,-0.036,-0.22,-0.69,0,0
17.773,0,0,0.6,0.998,-0.014,-0.037,-0.22,-0.69,0,0
17.779,-0.2,-1,0.7,0.999,-0.015,-0.043,-0.23,-0.71,0,0
17.784,0.1,-1.7,0.7,0.999,-0.014,-0.048,-0.23,-0.71,0,0
17.790,0.5,-2.9,0.7,0.999,-0.014,-0.056,-0.23,-0.71,0,0
17.795,0.7,-4.2,0.4,1,-0.014,-0.062,-0.23,-0.71,0,0
17.800,1,-5.5,0,1.001,-0.014,-0.069,-0.23,-0.71,0,0
17.806,1.2,-6.9,-0.1,1.004,-0.013,-0.077,-0.23,-0.71,0,0
17.811,1.3,-8.8,-0.4,1.006,-0.015,-0.083,-0.23,-0.71,0,0
17.817,1.2,-10.6,-0.7,1.007,-0.014,-0.087,-0.23,-0.71,0,0
17.822,1.2,-12.6,-1,1.011,-0.015,-0.091,-0.23,-0.71,0,0
17.827,1,-14.9,-1,1.015,-0.015,-0.093,-0.23,-0.72,0,0
17.833,1,-17.1,-1.3,1.019,-0.015,-0.093,-0.23,-0.72,0,0
17.838,0.9,-19.6,-1.1,1.024,-0.012,-0.092,-0.23,-0.72,0,0
17.844,0.8,-21.6,-1.1,1.03,-0.01,-0.088,-0.23,-0.72,0,0
17.849,0.9,-24.1,-1.1,1.037,-0.009,-0.083,-0.23,-0.72,0,0
17.855,1,-26.1,-0.8,1.041,-0.008,-0.08,-0.23,-0.72,0,0
17.860,1.2,-28.6,-0.6,1.043,-0.008,-0.077,-0.23,-0.72,0,0
17.866,1.3,-30.5,-0.4,1.045,-0.008,-0.073,-0.23,-0.72,0,0
17.871,1.8,-32.6,-0.3,1.043,-0.008,-0.07,-0.23,-0.72,0,0
17.876,2.2,-34.9,-0.2,1.041,-0.008,-0.069,-0.26,-0.72,0,0
17.881,2.8,-36.8,-0.3,1.039,-0.008,-0.068,-0.26,-0.72,0,0
17.885,2.9,-38.8,-0.5,1.034,-0.009,-0.069,-0.26,-0.72,0,0
17.890,3.2,-40.7,-0.3,1.03,-0.012,-0.072,-0.26,-0.72,0,0
17.895,3.1,-42.7,-0.4,1.025,-0.015,-0.075,-0.26,-0.72,0,0
17.900,3.2,-44.8,-0.4,1.022,-0.016,-0.079,-0.26,-0.72,0,0
17.905,3,-46.6,-0.4,1.019,-0.017,-0.083,-0.26,-0.72,0,0
17.910,2.9,-48.4,-0.4,1.015,-0.018,-0.087,-0.26,-0.72,0,0
17.914,3,-50,-0.5,1.012,-0.018,-0.091,-0.26,-0.72,0,0
17.919,2.9,-51.7,-0.4,1.008,-0.016,-0.097,-0.26,-0.72,0,0
17.925,2.8,-53.5,-0.3,1.005,-0.016,-0.104,-0.29,-0.73,0,0
17.930,2.8,-55,-0.5,1.003,-0.016,-0.11,-0.29,-0.73,0,0
17.935,2.4,-56.8,-0.4,1,-0.017,-0.116,-0.29,-0.73,0,0
17.940,2.1,-58.3,-0.6,0.996,-0.019,-0.122,-0.29,-0.73,0,0
17.945,1.8,-59.6,-0.9,0.997,-0.021,-0.129,-0.29,-0.73,0,0
17.951,1.4,-61,-1,0.999,-0.023,-0.135,-0.29,-0.73,0,0
17.956,1.2,-62.2,-0.9,1.002,-0.023,-0.141,-0.29,-0.73,0,0
17.961,1.3,-63.2,-0.3,1.004,-0.022,-0.148,-0.29,-0.73,0,0
17.966,1.4,-64,-0.3,1.006,-0.022,-0.156,-0.29,-0.75,0,0
17.970,2,-64.8,-0.3,1.003,-0.02,-0.165,-0.29,-0.75,0,0
17.974,2.4,-65.6,-0.3,1.002,-0.018,-0.175,-0.29,-0.75,0,0
17.979,3.2,-66.4,-0.4,1,-0.016,-0.185,-0.29,-0.75,0,0
17.983,3.8,-67.3,-0.6,0.996,-0.017,-0.193,-0.29,-0.75,0,0
17.987,4.4,-67.8,-0.4,0.994,-0.017,-0.201,-0.29,-0.75,0,0
17.992,5,-68.5,-0.6,0.99,-0.016,-0.207,-0.29,-0.75,0,0
17.996,5.1,-68.9,-0.6,0.987,-0.017,-0.211,-0.29,-0.75,0,0
18.000,5,-69.5,-0.6,0.984,-0.017,-0.216,-0.29,-0.75,0,0
18.005,4.8,-69.7,-0.4,0.98,-0.017,-0.218,-0.29,-0.75,0,0
18.009,4.4,-70.2,-0.3,0.978,-0.017,-0.22,-0.29,-0.75,0,0
18.016,4,-70.5,-0.3,0.975,-0.015,-0.222,-0.28,-0.76,0,0
18.023,3.7,-70.6,0,0.972,-0.012,-0.223,-0.28,-0.76,0,0
18.030,3.4,-70.6,0,0.97,-0.009,-0.224,-0.28,-0.76,0,0
18.037,3.3,-70.5,0.1,0.969,-0.007,-0.225,-0.28,-0.76,0,0
18.044,2.9,-70,0.4,0.968,-0.006,-0.226,-0.28,-0.76,0,0
18.051,2.8,-69.7,0.4,0.964,-0.005,-0.227,-0.28,-0.76,0,0
18.058,2.8,-69.4,0.4,0.959,-0.005,-0.232,-0.28,-0.76,0,0
18.062,2.6,-69.1,0.2,0.953,-0.006,-0.237,-0.29,-0.79,0,0
18.066,2.6,-68.6,0.1,0.947,-0.007,-0.244,-0.29,-0.79,0,0
18.069,2.4,-68.6,0,0.94,-0.007,-0.253,-0.29,-0.79,0,0
18.073,2.4,-68.5,-0.1,0.934,-0.009,-0.263,-0.29,-0.79,0,0
18.077,2.1,-68.5,-0.4,0.931,-0.011,-0.273,-0.29,-0.79,0,0
18.081,2,-68.6,-1,0.929,-0.013,-0.284,-0.29,-0.79,0,0
18.084,1.7,-68.7,-1,0.93,-0.015,-0.294,-0.29,-0.79,0,0
18.088,1.3,-68.8,-1.3,0.931,-0.016,-0.306,-0.29,-0.79,0,0
18.092,1,-68.9,-1.7,0.932,-0.018,-0.317,-0.29,-0.79,0,0
18.095,0.9,-68.9,-1.9,0.934,-0.018,-0.329,-0.29,-0.79,0,0
18.099,0.9,-69.1,-2,0.937,-0.016,-0.341,-0.29,-0.79,0,0
18.103,1.1,-68.9,-2.1,0.938,-0.014,-0.35,-0.29,-0.79,0,0
18.107,1.3,-68.7,-2.2,0.937,-0.014,-0.357,-0.29,-0.79,0,0
18.117,1.7,-68.6,-2.4,0.936,-0.012,-0.365,-0.28,-0.8,0,0
18.127,1.9,-68.2,-2.3,0.934,-0.012,-0.369,-0.28,-0.8,0,0
18.138,2,-67.6,-2,0.93,-0.013,-0.373,-0.28,-0.8,0,0
18.148,2.1,-67.3,-1.9,0.928,-0.01,-0.375,-0.28,-0.8,0,0
18.152,2.1,-66.9,-1.8,0.923,-0.008,-0.378,-0.24,-0.83,0,0
18.155,1.8,-66.6,-1.8,0.916,-0.008,-0.381,-0.24,-0.83,0,0
18.159,1.9,-66.2,-1.6,0.911,-0.007,-0.382,-0.24,-0.83,0,0
18.162,1.5,-65.8,-1.5,0.907,-0.007,-0.382,-0.24,-0.83,0,0
18.166,1.3,-65.3,-1.5,0.904,-0.006,-0.383,-0.24,-0.83,0,0
18.169,0.9,-64.9,-1.4,0.903,-0.006,-0.385,-0.24,-0.83,0,0
18.173,0.7,-64.4,-1.3,0.9,-0.008,-0.387,-0.24,-0.83,0,0
18.176,0.7,-63.8,-1,0.897,-0.006,-0.39,-0.24,-0.83,0,0
18.180,0.3,-63.2,-1.5,0.894,-0.007,-0.393,-0.24,-0.83,0,0
18.183,0.4,-62.3,-1.7,0.891,-0.008,-0.398,-0.24,-0.83,0,0
18.187,0.4,-61.5,-2,0.886,-0.008,-0.404,-0.24,-0.83,0,0
18.190,0.2,-60.6,-2.4,0.88,-0.009,-0.409,-0.24,-0.83,0,0
18.194,0.3,-59.7,-2.9,0.876,-0.01,-0.415,-0.24,-0.83,0,0
18.197,0.2,-58.6,-3.2,0.87,-0.012,-0.42,-0.24,-0.83,0,0
18.203,0,-57.7,-3.3,0.866,-0.014,-0.425,-0.22,-0.85,0,1.62
18.209,0,-57,-3.6,0.863,-0.015,-0.432,-0.22,-0.85,0,1.62
18.214,-0.4,-56.2,-3.4,0.861,-0.016,-0.439,-0.22,-0.85,0,1.62
18.220,-0.6,-55.3,-3.4,0.858,-0.016,-0.447,-0.22,-0.85,0,1.62
18.226,-0.5,-54.5,-3.3,0.856,-0.014,-0.455,-0.22,-0.85,0,1.62
18.232,-0.7,-54,-3.2,0.856,-0.012,-0.462,-0.22,-0.85,0,1.62
18.237,-0.5,-53.1,-3.3,0.852,-0.009,-0.47,-0.22,-0.85,0,1.62
18.243,-0.5,-52.5,-3.2,0.851,-0.007,-0.479,-0.22,-0.85,0,1.62
18.247,-0.4,-52,-3.1,0.851,-0.006,-0.486,-0.22,-0.86,0,1.46
18.251,-0.2,-51.4,-2.9,0.852,-0.004,-0.492,-0.22,-0.86,0,1.46
18.255,-0.4,-50.6,-2.8,0.855,-0.004,-0.496,-0.22,-0.86,0,1.46
18.260,-0.4,-50.1,-2.4,0.857,-0.005,-0.498,-0.22,-0.86,0,1.46
18.264,-0.3,-49.3,-2.3,0.857,-0.004,-0.502,-0.22,-0.86,0,1.46
18.268,-0.4,-48.5,-2.2,0.854,-0.002,-0.505,-0.22,-0.86,0,1.46
18.272,-0.1,-47.5,-2.1,0.852,0,-0.507,-0.22,-0.86,0,1.46
18.276,0,-46.8,-2.1,0.846,0,-0.509,-0.22,-0.86,0,1.46
18.280,0,-45.9,-2.2,0.842,0,-0.512,-0.22,-0.86,0,1.46
18.284,0,-45.1,-2.1,0.837,0.001,-0.518,-0.22,-0.86,0,1.46
18.289,0.3,-44.6,-2.3,0.832,0,-0.523,-0.22,-0.86,0,1.46
18.295,0.4,-44.1,-2.2,0.83,0,-0.526,-0.21,-0.87,0,1.06
18.302,0.4,-43.6,-2.1,0.827,-0.002,-0.532,-0.21,-0.87,0,1.06
18.309,0.4,-43.1,-2.1,0.825,-0.003,-0.536,-0.21,-0.87,0,1.06
18.316,0.2,-42.8,-2.1,0.823,-0.006,-0.539,-0.21,-0.87,0,1.06
18.323,0,-42.6,-2.5,0.823,-0.007,-0.543,-0.21,-0.87,0,1.06
18.330,-0.2,-42.3,-2.5,0.826,-0.007,-0.545,-0.21,-0.87,0,1.06
18.336,-0.3,-42.3,-2.8,0.827,-0.008,-0.547,-0.21,-0.87,0,1.06
18.341,-0.5,-42,-3.2,0.829,-0.008,-0.55,-0.2,-0.88,0,1.3
18.345,-0.6,-42,-3.2,0.833,-0.008,-0.551,-0.2,-0.88,0,1.3
18.349,-0.4,-42,-3.2,0.838,-0.008,-0.552,-0.2,-0.88,0,1.3
18.354,-0.4,-41.8,-3.1,0.841,-0.007,-0.553,-0.2,-0.88,0,1.3
18.358,0.1,-41.7,-3.1,0.841,-0.008,-0.554,-0.2,-0.88,0,1.3
18.363,0.3,-41.5,-2.9,0.841,-0.007,-0.557,-0.2,-0.88,0,1.3
18.367,0.5,-41.3,-2.9,0.838,-0.006,-0.559,-0.2,-0.88,0,1.3
18.371,0.9,-41.5,-2.6,0.833,-0.005,-0.562,-0.2,-0.88,0,1.3
18.376,1.2,-41.5,-2.8,0.828,-0.005,-0.567,-0.2,-0.88,0,1.3
18.380,1.5,-41.8,-2.7,0.822,-0.004,-0.571,-0.2,-0.88,0,1.3
18.384,1.5,-41.8,-2.9,0.817,-0.003,-0.574,-0.2,-0.88,0,1.3
18.391,1.7,-42.3,-3.2,0.812,-0.004,-0.578,-0.19,-0.88,0,0.93
18.398,1.6,-42.6,-3.7,0.809,-0.004,-0.581,-0.19,-0.88,0,0.93
18.406,1.2,-43.2,-4,0.808,-0.002,-0.585,-0.19,-0.88,0,0.93
18.413,0.7,-43.9,-4,0.808,-0.004,-0.586,-0.19,-0.88,0,0.93
18.420,0.5,-44.5,-4.3,0.811,-0.005,-0.586,-0.19,-0.88,0,0.93
18.427,0.1,-45.3,-4.5,0.814,-0.006,-0.586,-0.19,-0.88,0,0.93
18.434,-0.1,-46,-4.5,0.818,-0.006,-0.587,-0.19,-0.88,0,0.93
18.438,0,-46.8,-4.6,0.821,-0.005,-0.589,-0.18,-0.87,0,1.17
18.442,0,-47.8,-4.4,0.825,-0.005,-0.592,-0.18,-0.87,0,1.17
18.447,0.1,-48.6,-4.2,0.827,-0.006,-0.596,-0.18,-0.87,0,1.17
18.451,0.6,-49.3,-3.9,0.829,-0.007,-0.6,-0.18,-0.87,0,1.17
18.455,0.9,-50.2,-3.7,0.828,-0.009,-0.604,-0.18,-0.87,0,1.17
18.460,1,-51,-3.5,0.826,-0.01,-0.609,-0.18,-0.87,0,1.17
18.464,1,-51.6,-3.3,0.823,-0.01,-0.615,-0.18,-0.87,0,1.17
18.468,1,-52.3,-3.2,0.816,-0.01,-0.62,-0.18,-0.87,0,1.17
18.473,1,-53.2,-3.1,0.81,-0.008,-0.624,-0.18,-0.87,0,1.17
18.477,0.7,-53.8,-2.8,0.806,-0.008,-0.629,-0.18,-0.87,0,1.17
18.481,0.6,-54.5,-3.2,0.8,-0.005,-0.632,-0.18,-0.87,0,1.17
18.486,0.4,-55.4,-3.1,0.796,-0.002,-0.633,-0.22,-0.87,0,1.14
18.491,0.4,-56,-3,0.793,0.001,-0.634,-0.22,-0.87,0,1.14
18.495,0.4,-56.5,-3.1,0.789,0.003,-0.635,-0.22,-0.87,0,1.14
18.500,0.5,-57,-2.9,0.786,0.006,-0.635,-0.22,-0.87,0,1.14
18.505,0.7,-57.5,-2.8,0.784,0.01,-0.634,-0.22,-0.87,0,1.14
18.510,0.9,-57.9,-2.6,0.782,0.011,-0.633,-0.22,-0.87,0,1.14
18.514,1,-58.4,-2.5,0.779,0.012,-0.634,-0.22,-0.87,0,1.14
18.519,1.3,-58.7,-2.3,0.776,0.014,-0.638,-0.22,-0.87,0,1.14
18.524,1.7,-59.2,-1.7,0.771,0.015,-0.641,-0.22,-0.87,0,1.14
18.529,2,-59.8,-1.4,0.765,0.016,-0.646,-0.25,-0.87,0,1.06
18.534,2.1,-60.6,-1.2,0.76,0.016,-0.649,-0.25,-0.87,0,1.06
18.540,2.2,-61.4,-1,0.753,0.014,-0.653,-0.25,-0.87,0,1.06
18.545,2.3,-62.1,-0.8,0.745,0.012,-0.657,-0.25,-0.87,0,1.06
18.550,2.2,-62.8,-0.7,0.738,0.01,-0.662,-0.25,-0.87,0,1.06
18.556,2,-63.5,-0.5,0.732,0.009,-0.667,-0.25,-0.87,0,1.06
18.561,2.2,-63.9,-0.7,0.728,0.009,-0.673,-0.25,-0.87,0,1.06
18.566,2.1,-64.5,-0.7,0.725,0.01,-0.682,-0.25,-0.87,0,1.06
18.572,2.6,-65.1,-0.6,0.72,0.012,-0.691,-0.25,-0.87,0,1.06
18.576,2.8,-65.6,-0.7,0.719,0.013,-0.7,-0.25,-0.87,0,1.25
18.581,2.8,-65.9,-0.7,0.718,0.013,-0.71,-0.25,-0.87,0,1.25
18.586,2.4,-66.2,-0.6,0.716,0.011,-0.716,-0.25,-0.87,0,1.25
18.591,2.4,-66.5,-0.6,0.716,0.006,-0.721,-0.25,-0.87,0,1.25
18.596,2.1,-66.6,-0.4,0.714,0.002,-0.724,-0.25,-0.87,0,1.25
18.601,2,-66.5,-0.1,0.709,0,-0.726,-0.25,-0.87,0,1.25
18.606,1.9,-66.9,0,0.706,-0.001,-0.727,-0.25,-0.87,0,1.25
18.611,1.9,-66.9,-0.2,0.701,-0.001,-0.729,-0.25,-0.87,0,1.25
18.616,1.8,-66.9,-0.4,0.693,-0.001,-0.73,-0.25,-0.87,0,1.25
18.621,2,-67,-0.4,0.689,-0.003,-0.731,-0.25,-0.87,0,1.25
18.625,1.7,-67.1,-0.7,0.684,-0.005,-0.734,-0.21,-0.87,0,1.17
18.629,1.3,-67.2,-0.7,0.678,-0.007,-0.738,-0.21,-0.87,0,1.17
18.634,1.3,-67.3,-0.9,0.673,-0.009,-0.743,-0.21,-0.87,0,1.17
18.638,1,-67.2,-1.2,0.668,-0.01,-0.747,-0.21,-0.87,0,1.17
18.642,0.6,-67.3,-1.5,0.663,-0.009,-0.751,-0.21,-0.87,0,1.17
18.647,0.6,-67.1,-1.5,0.656,-0.005,-0.756,-0.21,-0.87,0,1.17
18.651,0.4,-67,-1.5,0.65,-0.005,-0.76,-0.21,-0.87,0,1.17
18.656,0.4,-66.9,-1,0.644,-0.004,-0.766,-0.21,-0.87,0,1.17
18.660,0.6,-66.6,-0.9,0.636,-0.001,-0.77,-0.21,-0.87,0,1.17
18.664,1,-66.2,-0.4,0.629,0,-0.774,-0.21,-0.87,0,1.17
18.669,1.3,-65.8,0,0.621,0.003,-0.781,-0.21,-0.87,0,1.17
18.675,1.5,-65.1,0.4,0.614,0.007,-0.787,-0.21,-0.87,0,1.37
18.681,2,-64.4,1,0.606,0.011,-0.792,-0.21,-0.87,0,1.37
18.687,2.1,-63.6,1,0.598,0.011,-0.797,-0.21,-0.87,0,1.37
18.693,2.1,-63,1.3,0.591,0.011,-0.802,-0.21,-0.87,0,1.37
18.699,1.9,-62.3,1.5,0.582,0.008,-0.804,-0.21,-0.87,0,1.37
18.705,1.5,-61.7,1.7,0.578,0.005,-0.806,-0.21,-0.87,0,1.37
18.711,0.9,-61.1,1.6,0.571,0.002,-0.806,-0.21,-0.87,0,1.37
18.715,0.4,-60.3,1.8,0.567,-0.001,-0.807,-0.17,-0.87,-0.22,1.8
18.720,0,-59.5,1.8,0.564,-0.004,-0.807,-0.17,-0.87,-0.22,1.8
18.724,-0.3,-58.7,1.7,0.56,-0.005,-0.806,-0.17,-0.87,-0.22,1.8
18.728,-0.3,-57.8,1.8,0.558,-0.004,-0.807,-0.17,-0.87,-0.22,1.8
18.733,-0.1,-56.7,2,0.554,-0.006,-0.808,-0.17,-0.87,-0.22,1.8
18.737,0,-55.6,1.8,0.55,-0.005,-0.81,-0.17,-0.87,-0.22,1.8
18.741,0.5,-54.5,1.7,0.546,-0.004,-0.814,-0.17,-0.87,-0.22,1.8
18.746,1,-53.1,1.8,0.541,-0.002,-0.818,-0.17,-0.87,-0.22,1.8
18.750,1.6,-51.8,1.9,0.537,0.001,-0.823,-0.17,-0.87,-0.22,1.8
18.754,1.9,-50.6,1.8,0.531,0.002,-0.828,-0.17,-0.87,-0.22,1.8
18.759,2.3,-49.4,2,0.525,0.005,-0.833,-0.17,-0.87,-0.22,1.8
18.764,2.4,-48,2.3,0.519,0.008,-0.838,-0.14,-0.87,0,1.51
18.769,2.6,-47,2.4,0.512,0.01,-0.842,-0.14,-0.87,0,1.51
18.774,2.5,-45.7,2.4,0.506,0.011,-0.845,-0.14,-0.87,0,1.51
18.779,2.8,-44.8,2.5,0.502,0.012,-0.847,-0.14,-0.87,0,1.51
18.784,2.5,-43.7,2.7,0.499,0.013,-0.848,-0.14,-0.87,0,1.51
18.789,2.3,-42.6,2.8,0.496,0.012,-0.849,-0.14,-0.87,0,1.51
18.794,2.3,-41.7,2.8,0.494,0.01,-0.848,-0.14,-0.87,0,1.51
18.799,2,-40.7,2.8,0.494,0.006,-0.847,-0.14,-0.87,0,1.51
18.804,2,-39.6,2.9,0.493,0.002,-0.846,-0.14,-0.87,0,1.51
18.810,1.7,-38.7,2.9,0.489,-0.002,-0.845,-0.13,-0.87,0,1.24
18.815,1.4,-37.7,2.8,0.487,-0.006,-0.844,-0.13,-0.87,0,1.24
18.821,1.1,-37,2.7,0.486,-0.009,-0.846,-0.13,-0.87,0,1.24
18.827,1,-36,2.5,0.487,-0.012,-0.848,-0.13,-0.87,0,1.24
18.833,0.9,-35.2,2.2,0.487,-0.013,-0.852,-0.13,-0.87,0,1.24
18.839,1,-34.3,2.1,0.485,-0.013,-0.856,-0.13,-0.87,0,1.24
18.845,1.2,-33.5,1.8,0.482,-0.014,-0.862,-0.13,-0.87,0,1.24
18.851,1.3,-32.7,1.8,0.479,-0.014,-0.868,-0.13,-0.87,0,1.24
18.856,1.4,-32.1,1.9,0.476,-0.013,-0.874,-0.13,-0.87,0,1.24
18.860,1.5,-31.5,2,0.475,-0.011,-0.881,-0.15,-0.86,0,0.4
18.864,1.5,-31.2,2.1,0.475,-0.009,-0.886,-0.15,-0.86,0,0.4
18.868,1.6,-30.7,2.1,0.476,-0.01,-0.89,-0.15,-0.86,0,0.4
18.871,1.5,-30.3,1.9,0.475,-0.01,-0.893,-0.15,-0.86,0,0.4
18.875,1.5,-29.9,2.1,0.476,-0.009,-0.894,-0.15,-0.86,0,0.4
18.879,1.3,-29.5,1.8,0.476,-0.009,-0.893,-0.15,-0.86,0,0.4
18.883,1.5,-29.5,1.4,0.474,-0.009,-0.89,-0.15,-0.86,0,0.4
18.886,1.3,-29.3,1,0.473,-0.01,-0.886,-0.15,-0.86,0,0.4
18.890,1.2,-29.1,0.9,0.473,-0.012,-0.881,-0.15,-0.86,0,0.4
18.894,0.7,-28.8,0.9,0.472,-0.015,-0.876,-0.15,-0.86,0,0.4
18.898,0.6,-29.1,0.9,0.472,-0.017,-0.871,-0.15,-0.86,0,0.4
18.905,0.3,-29.2,0.9,0.474,-0.018,-0.868,-0.18,-0.86,0,0.83
18.912,0.1,-29,1.2,0.476,-0.017,-0.868,-0.18,-0.86,0,0.83
18.919,0.3,-29,1.6,0.478,-0.015,-0.868,-0.18,-0.86,0,0.83
18.926,0.8,-28.9,2.3,0.476,-0.013,-0.87,-0.18,-0.86,0,0.83
18.933,1.2,-28.5,2.8,0.472,-0.012,-0.874,-0.18,-0.86,0,0.83
18.940,1.6,-28.5,3.1,0.466,-0.011,-0.877,-0.18,-0.86,0,0.83
18.947,2,-28.6,3.2,0.457,-0.011,-0.882,-0.18,-0.86,0,0.83
18.951,2.3,-28.5,3.4,0.449,-0.009,-0.887,-0.18,-0.85,0,0.81
18.955,3,-28.5,3.4,0.441,-0.007,-0.893,-0.18,-0.85,0,0.81
18.960,3.4,-28.6,3.4,0.434,-0.007,-0.898,-0.18,-0.85,0,0.81
18.964,3.8,-28.8,3.3,0.43,-0.006,-0.903,-0.18,-0.85,0,0.81
18.969,4.2,-29.1,3.6,0.43,-0.004,-0.906,-0.18,-0.85,0,0.81
18.973,4.2,-29.3,3.7,0.428,-0.004,-0.909,-0.18,-0.85,0,0.81
18.978,4.2,-29.5,3.9,0.43,-0.007,-0.91,-0.18,-0.85,0,0.81
18.982,3.9,-30,4.1,0.428,-0.01,-0.911,-0.18,-0.85,0,0.81
18.986,3.7,-30.2,4.2,0.426,-0.014,-0.909,-0.18,-0.85,0,0.81
18.991,3.3,-30.4,4.3,0.425,-0.018,-0.906,-0.18,-0.85,0,0.81
18.995,2.9,-30.9,4.5,0.426,-0.021,-0.905,-0.18,-0.85,0,0.81
19.002,2.4,-31.2,4.5,0.426,-0.025,-0.903,-0.2,0.03,-0.19,0.99
19.009,2.3,-31.5,5,0.427,-0.028,-0.901,-0.2,0.03,-0.19,0.99
19.016,2,-31.8,5.1,0.426,-0.029,-0.898,-0.2,0.03,-0.19,0.99
19.023,1.7,-32.1,5.1,0.424,-0.032,-0.896,-0.2,0.03,-0.19,0.99
19.030,1.6,-32.3,5.4,0.424,-0.034,-0.894,-0.2,0.03,-0.19,0.99
19.037,1,-32.5,5.8,0.42,-0.034,-0.891,-0.2,0.03,-0.19,0.99
19.044,0.6,-32.3,5.5,0.417,-0.036,-0.888,-0.2,0.03,-0.19,0.99
19.048,0.1,-32.4,5.6,0.413,-0.036,-0.887,-0.22,0.12,-0.19,0.96
19.052,-0.5,-32.7,5.4,0.406,-0.036,-0.885,-0.22,0.12,-0.19,0.96
19.056,-1.2,-32.9,5.1,0.401,-0.036,-0.885,-0.22,0.12,-0.19,0.96
19.059,-2.1,-32.9,5,0.399,-0.036,-0.884,-0.22,0.12,-0.19,0.96
19.063,-2.7,-33.2,5.3,0.398,-0.034,-0.883,-0.22,0.12,-0.19,0.96
19.067,-3,-33.4,5.3,0.397,-0.03,-0.883,-0.22,0.12,-0.19,0.96
19.071,-3.1,-33.8,5.1,0.395,-0.026,-0.883,-0.22,0.12,-0.19,0.96
19.075,-3.3,-34,4.8,0.392,-0.02,-0.882,-0.22,0.12,-0.19,0.96
19.079,-3,-34.6,4.6,0.388,-0.017,-0.883,-0.22,0.12,-0.19,0.96
19.082,-2.6,-35.1,4.2,0.386,-0.013,-0.883,-0.22,0.12,-0.19,0.96
19.086,-2.5,-35.4,4.1,0.384,-0.009,-0.884,-0.22,0.12,-0.19,0.96
19.092,-2,-36.1,3.9,0.381,-0.005,-0.886,-0.21,0.12,0,0.37
19.097,-2,-36.7,3.7,0.38,-0.003,-0.89,-0.21,0.12,0,0.37
19.102,-2,-37.3,3.7,0.376,-0.002,-0.895,-0.21,0.12,0,0.37
19.107,-2.1,-37.9,3.6,0.376,0,-0.9,-0.21,0.12,0,0.37
19.113,-2.2,-38.6,3.7,0.375,0,-0.905,-0.21,0.12,0,0.37
19.118,-2.5,-39.1,3.8,0.373,-0.003,-0.91,-0.21,0.12,0,0.37
19.123,-3,-39.8,4,0.371,-0.004,-0.915,-0.21,0.12,0,0.37
19.129,-3.2,-40.3,3.9,0.366,-0.005,-0.919,-0.21,0.12,0,0.37
19.134,-3.3,-41.1,3.7,0.36,-0.006,-0.922,-0.21,0.12,0,0.37
19.140,-3,-41.9,3.3,0.355,-0.008,-0.925,-0.22,0.13,0,1.32
19.146,-2.7,-42.7,3,0.35,-0.01,-0.927,-0.22,0.13,0,1.32
19.152,-2.2,-43.7,2.7,0.347,-0.014,-0.931,-0.22,0.13,0,1.32
19.158,-1.7,-44.8,2.6,0.343,-0.018,-0.932,-0.22,0.13,0,1.32
19.165,-1.3,-45.9,2.6,0.339,-0.022,-0.936,-0.22,0.13,0,1.32
19.171,-0.6,-47,2.6,0.338,-0.027,-0.938,-0.22,0.13,0,1.32
19.177,-0.4,-48,2.9,0.337,-0.031,-0.942,-0.22,0.13,0,1.32
19.183,-0.3,-49.1,3.2,0.335,-0.034,-0.943,-0.22,0.13,0,1.32
19.186,0,-50.1,3.7,0.331,-0.037,-0.943,-0.24,0.14,0,0.91
19.190,-0.3,-51.2,3.9,0.326,-0.039,-0.945,-0.24,0.14,0,0.91
19.193,-0.4,-52.3,4.3,0.323,-0.042,-0.947,-0.24,0.14,0,0.91
19.197,-0.5,-53.4,4.6,0.319,-0.041,-0.948,-0.24,0.14,0,0.91
19.200,-0.7,-54.5,4.5,0.316,-0.043,-0.947,-0.24,0.14,0,0.91
19.203,-0.9,-55.4,5,0.312,-0.042,-0.949,-0.24,0.14,0,0.91
19.207,-1,-56.4,5.4,0.31,-0.042,-0.952,-0.24,0.14,0,0.91
19.210,-1.3,-57.4,5.7,0.304,-0.043,-0.955,-0.24,0.14,0,0.91
19.214,-1.7,-58.3,6.2,0.298,-0.043,-0.961,-0.24,0.14,0,0.91
19.217,-2.3,-59.2,6.4,0.29,-0.045,-0.966,-0.24,0.14,0,0.91
19.220,-3.1,-60.1,6.7,0.28,-0.048,-0.974,-0.24,0.14,0,0.91
19.224,-3.8,-61.1,6.9,0.27,-0.049,-0.978,-0.24,0.14,0,0.91
19.227,-4.8,-61.9,6.6,0.258,-0.051,-0.981,-0.24,0.14,0,0.91
19.230,-5.9,-62.8,6.1,0.245,-0.051,-0.982,-0.24,0.14,0,0.91
19.241,-6.9,-63.8,5.4,0.233,-0.052,-0.981,-0.23,0.14,0,1.82
19.252,-8.1,-64.7,4.7,0.223,-0.053,-0.979,-0.23,0.14,0,1.82
19.263,-8.7,-65.5,3.8,0.215,-0.049,-0.975,-0.23,0.14,0,1.82
19.273,-9.5,-66.4,3.2,0.209,-0.045,-0.971,-0.23,0.14,0,1.82
19.277,-10.2,-67.2,2.6,0.206,-0.042,-0.969,-0.28,0.15,0,0.89
19.280,-10.4,-67.6,2.3,0.205,-0.039,-0.968,-0.28,0.15,0,0.89
19.284,-10.4,-68.1,2.6,0.207,-0.034,-0.967,-0.28,0.15,0,0.89
19.287,-10.6,-68.3,2.9,0.209,-0.029,-0.969,-0.28,0.15,0,0.89
19.290,-10.4,-68.7,3.4,0.212,-0.024,-0.971,-0.28,0.15,0,0.89
19.294,-10.1,-68.6,3.9,0.213,-0.017,-0.975,-0.28,0.15,0,0.89
19.297,-9.5,-68.9,4.2,0.21,-0.009,-0.981,-0.28,0.15,0,0.89
19.300,-8.9,-68.8,4.3,0.205,-0.005,-0.99,-0.28,0.15,0,0.89
19.304,-8.3,-69,4.2,0.201,-0.001,-0.999,-0.28,0.15,0,0.89
19.307,-7.9,-69,4.4,0.195,0.002,-1.01,-0.28,0.15,0,0.89
19.310,-7.3,-69.3,3.8,0.188,0.005,-1.021,-0.28,0.15,0,0.89
19.314,-6.9,-69.2,3.3,0.175,0.008,-1.033,-0.28,0.15,0,0.89
19.317,-5.8,-69.4,2.5,0.159,0.014,-1.045,-0.28,0.15,0,0.89
19.320,-4.9,-69.6,1.8,0.142,0.02,-1.056,-0.28,0.15,0,0.89
19.327,-3.4,-69.8,0.7,0.125,0.024,-1.068,-0.27,0.17,0,1.06
19.334,-2,-69.9,-0.3,0.111,0.022,-1.081,-0.27,0.17,0,1.06
19.340,-0.4,-70.2,-0.9,0.097,0.019,-1.087,-0.27,0.17,0,1.06
19.347,0.6,-70.3,-1.7,0.085,0.014,-1.092,-0.27,0.17,0,1.06
19.353,1.6,-70.3,-2.2,0.078,0.006,-1.093,-0.27,0.17,0,1.06
19.360,2.6,-70.1,-2.8,0.075,0.002,-1.089,-0.27,0.17,0,1.06
19.367,3.3,-70,-3.2,0.076,-0.002,-1.079,-0.27,0.17,0,1.06
19.371,3.9,-69.2,-3.9,0.08,-0.006,-1.067,-0.26,0.18,0,0.86
19.376,4.5,-68.5,-4.5,0.084,-0.007,-1.052,-0.26,0.18,0,0.86
19.381,4.7,-67.8,-4.6,0.091,-0.007,-1.038,-0.26,0.18,0,0.86
19.386,4.8,-67,-4.5,0.1,-0.004,-1.026,-0.26,0.18,0,0.86
19.390,4.8,-65.8,-4.3,0.107,-0.001,-1.016,-0.26,0.18,0,0.86
19.395,4.6,-64.7,-3.7,0.114,0.005,-1.008,-0.26,0.18,0,0.86
19.400,4.1,-63.6,-3,0.118,0.011,-1.003,-0.26,0.18,0,0.86
19.405,3.1,-62.3,-2.1,0.122,0.017,-1.003,-0.26,0.18,0,0.86
19.409,2.2,-61.1,-1.4,0.123,0.025,-1.005,-0.26,0.18,0,0.86
19.414,1.1,-59.7,-0.3,0.119,0.032,-1.01,-0.26,0.18,0,0.86
19.419,-0.2,-58.5,0.6,0.114,0.038,-1.017,-0.26,0.18,0,0.86
19.425,-1.4,-57,1.2,0.107,0.042,-1.025,-0.25,0.19,0,0.66
19.431,-2.8,-55.6,2.5,0.095,0.041,-1.035,-0.25,0.19,0,0.66
19.437,-3.7,-54,4.1,0.084,0.039,-1.045,-0.25,0.19,0,0.66
19.443,-4.6,-52.6,5.6,0.069,0.032,-1.054,-0.25,0.19,0,0.66
19.449,-5.3,-50.9,6.7,0.051,0.021,-1.066,-0.25,0.19,0,0.66
19.455,-5.9,-49.9,7.8,0.034,0.01,-1.075,-0.25,0.19,0,0.66
19.461,-6.3,-48.7,8.6,0.016,-0.003,-1.083,-0.25,0.19,0,0.66
19.465,-6.6,-47.6,9.1,-0.002,-0.016,-1.088,-0.23,0.2,0,0.68
19.470,-6.5,-47.1,9.2,-0.02,-0.029,-1.09,-0.23,0.2,0,0.68
19.474,-6.5,-46.6,9.6,-0.036,-0.039,-1.088,-0.23,0.2,0,0.68
19.478,-6.8,-46.2,9.8,-0.051,-0.048,-1.086,-0.23,0.2,0,0.68
19.483,-6.8,-46,10,-0.062,-0.056,-1.082,-0.23,0.2,0,0.68
19.487,-6.5,-46,10.6,-0.074,-0.06,-1.077,-0.23,0.2,0,0.68
19.492,-6.4,-46,11.4,-0.084,-0.06,-1.069,-0.23,0.2,0,0.68
19.496,-5.8,-46.1,11.7,-0.089,-0.055,-1.064,-0.23,0.2,0,0.68
19.500,-5.2,-46.4,12.2,-0.093,-0.046,-1.06,-0.23,0.2,0,0.68
19.505,-4.6,-46.5,12,-0.094,-0.038,-1.058,-0.23,0.2,0,0.68
19.509,-4.2,-46.5,12,-0.092,-0.031,-1.06,-0.23,0.2,0,0.68
19.516,-4.1,-46.5,11.4,-0.089,-0.025,-1.063,-0.22,0.2,0,0.68
19.523,-4.3,-46.2,10.8,-0.085,-0.02,-1.065,-0.22,0.2,0,0.68
19.530,-4.5,-45.7,10.2,-0.08,-0.013,-1.068,-0.22,0.2,0,0.68
19.537,-5,-45.3,9.4,-0.074,-0.003,-1.068,-0.22,0.2,0,0.68
19.544,-5.3,-44.3,8.5,-0.07,0.007,-1.065,-0.22,0.2,0,0.68
19.551,-5.1,-43.8,7.5,-0.068,0.021,-1.06,-0.22,0.2,0,0.68
19.558,-5.1,-43.1,6.7,-0.067,0.036,-1.055,-0.22,0.2,0,0.68
19.562,-5,-42.1,5.8,-0.069,0.05,-1.051,-0.23,0.19,0,0.5
19.567,-4.7,-41.3,5.2,-0.07,0.06,-1.046,-0.23,0.19,0,0.5
19.571,-4.4,-40.9,5.1,-0.072,0.067,-1.038,-0.23,0.19,0,0.5
19.576,-4.4,-40.4,4.8,-0.072,0.072,-1.029,-0.23,0.19,0,0.5
19.580,-4.4,-39.9,4.8,-0.071,0.075,-1.018,-0.23,0.19,0,0.5
19.584,-4.4,-39.7,5.1,-0.07,0.076,-1.004,-0.23,0.19,0,0.5
19.589,-4.3,-39.5,5.3,-0.07,0.075,-0.992,-0.23,0.19,0,0.5
19.593,-4.5,-39.4,5.4,-0.073,0.071,-0.982,-0.23,0.19,0,0.5
19.598,-4.5,-39.4,5.7,-0.075,0.066,-0.974,-0.23,0.19,0,0.5
19.602,-4.5,-39.6,6.1,-0.078,0.059,-0.968,-0.23,0.19,0,0.5
19.606,-4.9,-39.5,6,-0.081,0.049,-0.966,-0.23,0.19,0,0.5
19.612,-5.1,-39.3,5.9,-0.085,0.038,-0.965,-0.22,0.16,0.17,0.34
19.618,-5.3,-39.6,5.5,-0.09,0.025,-0.967,-0.22,0.16,0.17,0.34
19.625,-5.9,-39.3,5,-0.097,0.014,-0.97,-0.22,0.16,0.17,0.34
19.631,-6.5,-39.3,4.3,-0.104,0.004,-0.973,-0.22,0.16,0.17,0.34
19.637,-7.2,-39.1,3.9,-0.109,-0.003,-0.976,-0.22,0.16,0.17,0.34
19.643,-7.6,-39,3.1,-0.115,-0.009,-0.981,-0.22,0.16,0.17,0.34
19.649,-8.3,-38.9,2.1,-0.121,-0.015,-0.985,-0.22,0.16,0.17,0.34
19.653,-8.9,-38.8,1.1,-0.126,-0.02,-0.989,-0.25,0.12,0,0.51
19.657,-9.2,-38.8,0.3,-0.132,-0.021,-0.992,-0.25,0.12,0,0.51
19.662,-9.6,-38.8,-0.7,-0.135,-0.022,-0.993,-0.25,0.12,0,0.51
19.666,-9.7,-38.8,-1.4,-0.137,-0.019,-0.992,-0.25,0.12,0,0.51
19.671,-9.5,-39,-2,-0.138,-0.016,-0.989,-0.25,0.12,0,0.51
19.675,-9.5,-39.3,-2.8,-0.14,-0.01,-0.982,-0.25,0.12,0,0.51
19.679,-9.2,-39.6,-3.4,-0.139,-0.003,-0.977,-0.25,0.12,0,0.51
19.684,-8.6,-40,-3.6,-0.137,0.004,-0.971,-0.25,0.12,0,0.51
19.688,-7.8,-40.4,-3.4,-0.134,0.013,-0.966,-0.25,0.12,0,0.51
19.692,-7.2,-40.6,-3.4,-0.13,0.021,-0.959,-0.25,0.12,0,0.51
19.697,-6.2,-40.7,-3.4,-0.129,0.028,-0.954,-0.25,0.12,0,0.51
19.701,-5.4,-40.7,-3.2,-0.129,0.035,-0.948,-0.25,0.07,0.17,0.51
19.705,-4.8,-40.8,-3.1,-0.132,0.041,-0.944,-0.25,0.07,0.17,0.51
19.710,-4.4,-40.9,-3.4,-0.135,0.044,-0.94,-0.25,0.07,0.17,0.51
19.714,-4.1,-40.9,-3.5,-0.143,0.045,-0.938,-0.25,0.07,0.17,0.51
19.718,-4,-40.6,-3.5,-0.148,0.044,-0.939,-0.25,0.07,0.17,0.51
19.723,-4.1,-40.6,-4.1,-0.153,0.042,-0.94,-0.25,0.07,0.17,0.51
19.727,-4.4,-40.7,-4.5,-0.158,0.038,-0.944,-0.25,0.07,0.17,0.51
19.731,-4.6,-40.5,-4.8,-0.162,0.033,-0.947,-0.25,0.07,0.17,0.51
19.735,-5,-40.6,-5.1,-0.167,0.031,-0.952,-0.25,0.07,0.17,0.51
19.740,-5.2,-40.8,-5.3,-0.17,0.027,-0.956,-0.25,0.07,0.17,0.51
19.744,-5.4,-40.9,-5.3,-0.174,0.025,-0.961,-0.25,0.07,0.17,0.51
19.749,-5.6,-41.1,-5.2,-0.179,0.023,-0.963,-0.22,0.04,0,0.51
19.754,-5.8,-41.6,-5.1,-0.183,0.022,-0.963,-0.22,0.04,0,0.51
19.759,-5.6,-41.9,-5.3,-0.187,0.019,-0.961,-0.22,0.04,0,0.51
19.764,-5.4,-42.6,-5.1,-0.191,0.017,-0.959,-0.22,0.04,0,0.51
19.769,-5.2,-43.2,-5,-0.195,0.016,-0.956,-0.22,0.04,0,0.51
19.774,-5,-43.7,-4.8,-0.202,0.016,-0.953,-0.22,0.04,0,0.51
19.779,-4.5,-44.2,-4.5,-0.209,0.017,-0.951,-0.22,0.04,0,0.51
19.784,-4.2,-44.9,-4.3,-0.221,0.017,-0.95,-0.22,0.04,0,0.51
19.789,-3.2,-45.5,-4.2,-0.231,0.019,-0.949,-0.22,0.04,0,0.51
19.794,-2.5,-46.2,-3.9,-0.243,0.021,-0.95,-0.19,0.01,0,0.51
19.800,-1.8,-46.9,-3.7,-0.255,0.022,-0.952,-0.19,0.01,0,0.51
19.805,-1.1,-47.6,-3.5,-0.264,0.023,-0.953,-0.19,0.01,0,0.51
19.810,-0.7,-48.2,-3.2,-0.273,0.021,-0.954,-0.19,0.01,0,0.51
19.815,-0.3,-48.8,-2.8,-0.282,0.018,-0.956,-0.19,0.01,0,0.51
19.821,0,-49.6,-2.5,-0.287,0.016,-0.956,-0.19,0.01,0,0.51
19.826,0.1,-50.3,-2.1,-0.289,0.013,-0.957,-0.19,0.01,0,0.51
19.831,0.2,-50.8,-1.9,-0.292,0.011,-0.958,-0.19,0.01,0,0.51
19.836,0.4,-51.4,-1.6,-0.293,0.009,-0.959,-0.19,0.01,0,0.51
19.841,0.6,-52,-1.5,-0.291,0.007,-0.959,-0.17,0,0,0.86
19.845,0.9,-52.6,-1.2,-0.29,0.005,-0.958,-0.17,0,0,0.86
19.850,0.9,-53.1,-1.3,-0.288,0.004,-0.956,-0.17,0,0,0.86
19.854,1.2,-53.9,-1.2,-0.289,0.004,-0.956,-0.17,0,0,0.86
19.858,1.1,-54.4,-0.9,-0.29,0.005,-0.958,-0.17,0,0,0.86
19.863,1,-54.9,-0.5,-0.292,0.007,-0.96,-0.17,0,0,0.86
19.867,0.9,-55.4,0,-0.292,0.008,-0.963,-0.17,0,0,0.86
19.871,0.3,-55.8,0.4,-0.293,0.009,-0.966,-0.17,0,0,0.86
19.876,-0.1,-56.1,0.6,-0.295,0.01,-0.971,-0.17,0,0,0.86
19.880,-0.9,-56.4,0.5,-0.299,0.013,-0.974,-0.17,0,0,0.86
19.885,-1.7,-56.6,0.6,-0.303,0.015,-0.976,-0.17,0,0,0.86
19.891,-2.3,-56.8,0.6,-0.309,0.018,-0.976,-0.18,0,0,0.66
19.898,-3.2,-56.9,0.2,-0.317,0.022,-0.977,-0.18,0,0,0.66
19.905,-4,-57,0,-0.324,0.027,-0.976,-0.18,0,0,0.66
19.912,-4.4,-56.8,-0.5,-0.33,0.029,-0.972,-0.18,0,0,0.66
19.919,-5.2,-57,-0.9,-0.338,0.031,-0.969,-0.18,0,0,0.66
19.926,-5.7,-56.7,-1.2,-0.346,0.032,-0.966,-0.18,0,0,0.66
19.933,-6.1,-56.7,-1.5,-0.354,0.032,-0.961,-0.18,0,0,0.66
19.937,-6.5,-56.4,-1.8,-0.361,0.03,-0.952,-0.23,-0.02,0,0.89
19.942,-6.5,-56.3,-1.9,-0.368,0.029,-0.945,-0.23,-0.02,0,0.89
19.946,-6.9,-56,-2,-0.374,0.028,-0.938,-0.23,-0.02,0,0.89
19.951,-6.7,-55.8,-2.2,-0.381,0.026,-0.93,-0.23,-0.02,0,0.89
19.955,-6.7,-55.9,-2.5,-0.387,0.023,-0.926,-0.23,-0.02,0,0.89
19.959,-6.8,-55.6,-2.6,-0.39,0.021,-0.923,-0.23,-0.02,0,0.89
19.964,-6.5,-55.7,-2.7,-0.393,0.019,-0.921,-0.23,-0.02,0,0.89
19.968,-6.4,-55.6,-2.6,-0.396,0.017,-0.923,-0.23,-0.02,0,0.89
19.972,-6.1,-55.8,-2.8,-0.401,0.014,-0.927,-0.23,-0.02,0,0.89
19.977,-5.9,-55.7,-2.9,-0.406,0.013,-0.931,-0.23,-0.02,0,0.89
19.981,-5.6,-55.8,-3.1,-0.408,0.012,-0.936,-0.23,-0.02,0,0.89
19.987,-5.9,-55.6,-3.6,-0.409,0.01,-0.941,-0.23,-0.02,0,0.88
19.993,-6.1,-55.7,-4,-0.411,0.007,-0.947,-0.23,-0.02,0,0.88
19.999,-6.9,-55.7,-4.4,-0.411,0.005,-0.952,-0.23,-0.02,0,0.88
20.005,-7.8,-55.4,-4.5,-0.411,0.005,-0.957,-0.23,-0.02,0,0.88
20.011,-8.6,-55.1,-4.8,-0.412,0.005,-0.962,-0.23,-0.02,0,0.88
20.017,-9.9,-54.9,-5.1,-0.413,0.004,-0.966,-0.23,-0.02,0,0.88
20.023,-11.1,-54.5,-5.1,-0.414,0.006,-0.969,-0.23,-0.02,0,0.88
20.028,-12,-54.1,-5.1,-0.418,0.007,-0.971,-0.21,0,0.17,0.71
20.032,-13,-53.7,-5,-0.421,0.009,-0.971,-0.21,0,0.17,0.71
20.037,-13.5,-53.2,-4.8,-0.427,0.014,-0.969,-0.21,0,0.17,0.71
20.041,-14.1,-52.9,-4.5,-0.432,0.02,-0.967,-0.21,0,0.17,0.71
20.045,-14.4,-52.6,-4.2,-0.436,0.026,-0.963,-0.21,0,0.17,0.71
20.050,-14.5,-52.3,-3.8,-0.44,0.029,-0.958,-0.21,0,0.17,0.71
20.054,-14.7,-52,-3.2,-0.441,0.034,-0.95,-0.21,0,0.17,0.71
20.058,-14.8,-52,-2.5,-0.442,0.04,-0.942,-0.21,0,0.17,0.71
20.063,-15.2,-51.4,-1.4,-0.442,0.045,-0.932,-0.21,0,0.17,0.71
20.067,-15.5,-51.4,-0.4,-0.44,0.048,-0.922,-0.21,0,0.17,0.71
20.072,-15.6,-51,0.6,-0.44,0.052,-0.914,-0.21,0,0.17,0.71
20.080,-16,-50.7,1.7,-0.439,0.055,-0.906,-0.2,0,0,0.53
20.088,-16.2,-50.5,3,-0.441,0.057,-0.902,-0.2,0,0,0.53
20.096,-16.3,-50.2,3.9,-0.443,0.058,-0.9,-0.2,0,0,0.53
20.104,-16.3,-49.6,4.8,-0.448,0.058,-0.901,-0.2,0,0,0.53
20.113,-16.3,-49.4,5.7,-0.454,0.057,-0.903,-0.2,0,0,0.53
20.121,-16.1,-49,6.1,-0.457,0.053,-0.908,-0.2,0,0,0.53
20.124,-16.2,-48.7,6.6,-0.461,0.049,-0.916,-0.27,0.01,0.18,1.49
20.128,-16.1,-48.5,6.7,-0.466,0.045,-0.925,-0.27,0.01,0.18,1.49
20.131,-16.3,-48,6.7,-0.473,0.042,-0.933,-0.27,0.01,0.18,1.49
20.134,-16.3,-47.7,6.7,-0.477,0.039,-0.938,-0.27,0.01,0.18,1.49
20.138,-16.4,-47.3,6.2,-0.481,0.038,-0.94,-0.27,0.01,0.18,1.49
20.141,-16.3,-47,5.9,-0.489,0.04,-0.939,-0.27,0.01,0.18,1.49
20.145,-15.9,-47,5.4,-0.497,0.044,-0.932,-0.27,0.01,0.18,1.49
20.148,-15.3,-47,5,-0.505,0.048,-0.925,-0.27,0.01,0.18,1.49
20.151,-14.6,-47,4.8,-0.511,0.054,-0.915,-0.27,0.01,0.18,1.49
20.155,-13.6,-47.3,4.6,-0.517,0.061,-0.903,-0.27,0.01,0.18,1.49
20.158,-12.5,-47.4,4.4,-0.519,0.072,-0.89,-0.27,0.01,0.18,1.49
20.161,-11.2,-47.7,4.7,-0.521,0.082,-0.879,-0.27,0.01,0.18,1.49
20.165,-10.1,-48,4.6,-0.523,0.09,-0.869,-0.27,0.01,0.18,1.49
20.168,-9.1,-48.4,4.5,-0.525,0.097,-0.862,-0.27,0.01,0.18,1.49
20.177,-7.9,-48.7,4.3,-0.526,0.104,-0.856,-0.27,0.01,0.18,0.75
20.185,-7,-49.1,4.3,-0.529,0.111,-0.852,-0.27,0.01,0.18,0.75
20.194,-5.7,-49.5,4.3,-0.53,0.12,-0.848,-0.27,0.01,0.18,0.75
20.202,-4.7,-49.6,4.1,-0.534,0.126,-0.846,-0.27,0.01,0.18,0.75
20.211,-3.4,-50,4,-0.54,0.133,-0.845,-0.27,0.01,0.18,0.75
20.215,-2.5,-50.2,3.7,-0.543,0.133,-0.845,-0.26,0.01,0,1.38
20.218,-1.8,-50.3,3.6,-0.547,0.131,-0.848,-0.26,0.01,0,1.38
20.222,-1.7,-50.7,3.4,-0.547,0.127,-0.85,-0.26,0.01,0,1.38
20.226,-1.6,-50.8,3.1,-0.544,0.124,-0.852,-0.26,0.01,0,1.38
20.229,-1.8,-50.8,2.6,-0.541,0.118,-0.855,-0.26,0.01,0,1.38
20.233,-1.8,-50.7,1.9,-0.539,0.112,-0.856,-0.26,0.01,0,1.38
20.237,-2.2,-51,1.2,-0.537,0.109,-0.854,-0.26,0.01,0,1.38
20.240,-2.6,-51,0.9,-0.537,0.106,-0.853,-0.26,0.01,0,1.38
20.244,-3.1,-51.2,0.6,-0.536,0.103,-0.849,-0.26,0.01,0,1.38
20.247,-3.6,-51.7,0.3,-0.536,0.1,-0.842,-0.26,0.01,0,1.38
20.251,-4.2,-51.7,0.2,-0.538,0.099,-0.836,-0.26,0.01,0,1.38
20.255,-4.8,-52.1,0.4,-0.539,0.098,-0.825,-0.26,0.01,0,1.38
20.258,-5.3,-52.6,0.6,-0.542,0.099,-0.814,-0.26,0.01,0,1.38
20.265,-5.9,-52.9,0.8,-0.548,0.101,-0.804,-0.25,0,0,0.8
20.271,-6.5,-53.2,0.9,-0.555,0.101,-0.792,-0.25,0,0,0.8
20.278,-7.3,-53.5,1.2,-0.562,0.102,-0.779,-0.25,0,0,0.8
20.284,-8,-53.8,1,-0.571,0.101,-0.769,-0.25,0,0,0.8
20.291,-8.3,-54,1.2,-0.579,0.101,-0.761,-0.25,0,0,0.8
20.297,-8.8,-54.4,1.4,-0.589,0.102,-0.757,-0.25,0,0,0.8
20.304,-9,-54.4,1.5,-0.598,0.101,-0.756,-0.25,0,0,0.8
20.309,-8.7,-54.8,1.7,-0.605,0.102,-0.758,-0.24,0,0,0.59
20.314,-8.2,-54.8,2.1,-0.612,0.101,-0.76,-0.24,0,0,0.59
20.319,-7.5,-55,2.5,-0.618,0.102,-0.763,-0.24,0,0,0.59
20.324,-6.6,-55.1,2.9,-0.623,0.103,-0.768,-0.24,0,0,0.59
20.329,-5.6,-55,3.2,-0.628,0.102,-0.773,-0.24,0,0,0.59
20.334,-4.8,-55,3.4,-0.631,0.099,-0.779,-0.24,0,0,0.59
20.339,-4.4,-55,3.5,-0.631,0.093,-0.784,-0.24,0,0,0.59
20.344,-4.2,-55,3.6,-0.631,0.088,-0.787,-0.24,0,0,0.59
20.349,-4.1,-55.3,3.6,-0.63,0.086,-0.785,-0.24,-0.01,0,1.45
20.353,-4.4,-55.3,3.6,-0.63,0.084,-0.781,-0.24,-0.01,0,1.45
20.357,-4.7,-55.4,3.6,-0.63,0.086,-0.775,-0.24,-0.01,0,1.45
20.361,-5,-55.6,3.7,-0.633,0.087,-0.768,-0.24,-0.01,0,1.45
20.365,-5.5,-55.8,3.9,-0.638,0.089,-0.762,-0.24,-0.01,0,1.45
20.369,-5.9,-55.9,4,-0.642,0.093,-0.757,-0.24,-0.01,0,1.45
20.373,-6.4,-56.1,4.4,-0.647,0.098,-0.753,-0.24,-0.01,0,1.45
20.377,-6.9,-56.2,4.5,-0.655,0.102,-0.746,-0.24,-0.01,0,1.45
20.381,-7.5,-56.6,4.9,-0.664,0.106,-0.742,-0.24,-0.01,0,1.45
20.385,-7.9,-56.7,5.1,-0.671,0.106,-0.738,-0.24,-0.01,0,1.45
20.390,-8,-56.6,5.3,-0.68,0.11,-0.735,-0.24,-0.01,0,1.45
20.394,-7.8,-56.7,5.4,-0.69,0.114,-0.734,-0.24,-0.01,0,1.45
20.398,-7.3,-56.5,5.6,-0.697,0.117,-0.734,-0.24,-0.01,0,1.45
20.404,-6.1,-56.1,5.8,-0.705,0.12,-0.733,-0.2,-0.01,0.22,0.88
20.410,-5.6,-55.6,5.7,-0.713,0.119,-0.732,-0.2,-0.01,0.22,0.88
20.416,-4.7,-54.8,5.8,-0.722,0.116,-0.728,-0.2,-0.01,0.22,0.88
20.422,-4.4,-54.2,5.7,-0.73,0.11,-0.721,-0.2,-0.01,0.22,0.88
20.428,-4.5,-53.2,5.8,-0.74,0.102,-0.711,-0.2,-0.01,0.22,0.88
20.434,-5,-52.5,5.3,-0.75,0.095,-0.696,-0.2,-0.01,0.22,0.88
20.441,-5.7,-51.7,4.8,-0.755,0.09,-0.68,-0.2,-0.01,0.22,0.88
20.447,-6.7,-50.8,4.3,-0.76,0.088,-0.663,-0.2,-0.01,0.22,0.88
20.451,-7.5,-50.2,3.9,-0.763,0.089,-0.648,-0.2,-0.02,0.22,0.91
20.456,-8.1,-49.8,3,-0.765,0.091,-0.634,-0.2,-0.02,0.22,0.91
20.460,-8.9,-49.3,2.1,-0.766,0.097,-0.623,-0.2,-0.02,0.22,0.91
20.464,-9.3,-48.7,1.2,-0.768,0.101,-0.615,-0.2,-0.02,0.22,0.91
20.469,-9.5,-48.7,0.4,-0.768,0.108,-0.612,-0.2,-0.02,0.22,0.91
20.473,-9.7,-48.4,-0.4,-0.77,0.115,-0.61,-0.2,-0.02,0.22,0.91
20.478,-9.5,-48.2,-1.2,-0.77,0.124,-0.61,-0.2,-0.02,0.22,0.91
20.482,-9,-48.1,-1.9,-0.768,0.133,-0.612,-0.2,-0.02,0.22,0.91
20.487,-8.4,-47.9,-2.9,-0.767,0.139,-0.617,-0.2,-0.02,0.22,0.91
20.491,-7.2,-48,-3.6,-0.77,0.145,-0.624,-0.2,-0.02,0.22,0.91
20.496,-6.3,-48.1,-3.7,-0.774,0.146,-0.633,-0.2,-0.02,0.22,0.91
20.500,-5.6,-48,-4,-0.778,0.143,-0.641,-0.19,-0.02,0.23,0.71
20.504,-4.7,-48.1,-4.1,-0.781,0.14,-0.65,-0.19,-0.02,0.23,0.71
20.509,-3.6,-48.1,-4.3,-0.785,0.132,-0.655,-0.19,-0.02,0.23,0.71
20.513,-2.7,-47.9,-4.3,-0.79,0.124,-0.658,-0.19,-0.02,0.23,0.71
20.518,-1.9,-47.6,-4.3,-0.792,0.116,-0.657,-0.19,-0.02,0.23,0.71
20.522,-1.1,-47.3,-4.2,-0.794,0.105,-0.654,-0.19,-0.02,0.23,0.71
20.526,-0.4,-46.8,-3.7,-0.796,0.095,-0.651,-0.19,-0.02,0.23,0.71
20.531,-0.3,-46.4,-3.1,-0.799,0.083,-0.647,-0.19,-0.02,0.23,0.71
20.535,-0.2,-46,-2.1,-0.8,0.071,-0.642,-0.19,-0.02,0.23,0.71
20.540,-0.3,-45.7,-0.9,-0.799,0.063,-0.638,-0.19,-0.02,0.23,0.71
20.544,-0.7,-45.4,0,-0.797,0.056,-0.632,-0.19,-0.02,0.23,0.71
20.555,-0.9,-45.3,0.7,-0.796,0.053,-0.626,-0.21,-0.02,0,0.73
20.565,-1.2,-45.3,1.7,-0.797,0.052,-0.619,-0.21,-0.02,0,0.73
20.576,-1.5,-45.3,2.8,-0.797,0.056,-0.613,-0.21,-0.02,0,0.73
20.586,-1.7,-45.4,3.6,-0.797,0.061,-0.61,-0.21,-0.02,0,0.73
20.590,-1.9,-45.6,4.2,-0.798,0.069,-0.606,-0.19,-0.04,0.26,1.04
20.593,-2.3,-45.7,5,-0.8,0.076,-0.602,-0.19,-0.04,0.26,1.04
20.597,-2.5,-46.1,6,-0.803,0.085,-0.599,-0.19,-0.04,0.26,1.04
20.600,-2.6,-46.4,6.4,-0.804,0.095,-0.596,-0.19,-0.04,0.26,1.04
20.603,-2.7,-46.7,7.2,-0.806,0.104,-0.591,-0.19,-0.04,0.26,1.04
20.607,-3.3,-47.1,7.6,-0.808,0.112,-0.584,-0.19,-0.04,0.26,1.04
20.610,-3.6,-47.1,8.1,-0.81,0.118,-0.576,-0.19,-0.04,0.26,1.04
20.614,-4,-47.4,8.4,-0.813,0.123,-0.568,-0.19,-0.04,0.26,1.04
20.617,-4.6,-47.7,8.7,-0.818,0.127,-0.561,-0.19,-0.04,0.26,1.04
20.620,-5,-48,9,-0.825,0.128,-0.551,-0.19,-0.04,0.26,1.04
20.624,-5.5,-48,8.9,-0.831,0.132,-0.542,-0.19,-0.04,0.26,1.04
20.627,-5.6,-48.3,8.8,-0.836,0.135,-0.533,-0.19,-0.04,0.26,1.04
20.631,-5.6,-48.5,8.9,-0.84,0.138,-0.526,-0.19,-0.04,0.26,1.04
20.634,-5.1,-48.9,8.6,-0.844,0.138,-0.52,-0.19,-0.04,0.26,1.04
20.641,-4.8,-49.2,8.7,-0.845,0.139,-0.518,-0.18,-0.04,0,2.15
20.647,-4.4,-49.7,8.2,-0.847,0.138,-0.517,-0.18,-0.04,0,2.15
20.653,-3.9,-50.1,7.8,-0.849,0.137,-0.517,-0.18,-0.04,0,2.15
20.660,-3.8,-50.7,7.7,-0.849,0.134,-0.52,-0.18,-0.04,0,2.15
20.666,-3.6,-51.4,7.2,-0.847,0.133,-0.524,-0.18,-0.04,0,2.15
20.673,-3.5,-51.7,6.9,-0.845,0.131,-0.527,-0.18,-0.04,0,2.15
20.679,-3.6,-52.3,6.7,-0.847,0.131,-0.529,-0.18,-0.04,0,2.15
20.687,-3.6,-53.1,6.1,-0.849,0.133,-0.531,-0.18,-0.05,0,0.83
20.694,-3.7,-53.6,5.8,-0.851,0.131,-0.534,-0.18,-0.05,0,0.83
20.702,-3.8,-54.2,5.4,-0.856,0.13,-0.537,-0.18,-0.05,0,0.83
20.709,-3.4,-55.1,5.4,-0.857,0.13,-0.536,-0.18,-0.05,0,0.83
20.716,-3.4,-55.7,4.8,-0.859,0.127,-0.531,-0.18,-0.05,0,0.83
20.724,-2.8,-56.3,4.3,-0.861,0.129,-0.526,-0.18,-0.05,0,0.83
20.731,-2.5,-57,4,-0.863,0.125,-0.523,-0.18,-0.05,0,0.83
20.735,-2.3,-57.5,3.2,-0.865,0.124,-0.518,-0.19,-0.05,0,1.22
20.739,-2,-57.8,2.5,-0.869,0.126,-0.511,-0.19,-0.05,0,1.22
20.743,-2.1,-58.2,2,-0.872,0.123,-0.505,-0.19,-0.05,0,1.22
20.746,-1.7,-58.3,1.4,-0.878,0.128,-0.498,-0.19,-0.05,0,1.22
20.750,-1.2,-58.4,0.9,-0.884,0.132,-0.493,-0.19,-0.05,0,1.22
20.754,-0.9,-58.4,0.5,-0.894,0.137,-0.487,-0.19,-0.05,0,1.22
20.758,-0.1,-58.2,0,-0.902,0.145,-0.479,-0.19,-0.05,0,1.22
20.762,0.3,-58.1,-0.3,-0.908,0.146,-0.471,-0.19,-0.05,0,1.22
20.765,0.9,-57.5,-0.9,-0.915,0.148,-0.464,-0.19,-0.05,0,1.22
20.769,1.2,-57.3,-1.2,-0.919,0.147,-0.456,-0.19,-0.05,0,1.22
20.773,1.3,-56.7,-1.8,-0.921,0.145,-0.448,-0.19,-0.05,0,1.22
20.777,1.6,-56,-2.2,-0.926,0.144,-0.441,-0.19,-0.05,0,1.35
20.782,1.5,-55.5,-2.6,-0.931,0.14,-0.431,-0.19,-0.05,0,1.35
20.786,1.4,-54.9,-2.9,-0.933,0.138,-0.425,-0.19,-0.05,0,1.35
20.791,1.2,-54.1,-3.1,-0.936,0.133,-0.42,-0.19,-0.05,0,1.35
20.795,1,-53.3,-3.3,-0.938,0.128,-0.414,-0.19,-0.05,0,1.35
20.800,0.7,-52.4,-3.4,-0.938,0.125,-0.409,-0.19,-0.05,0,1.35
20.804,0,-51.5,-3.4,-0.941,0.119,-0.406,-0.19,-0.05,0,1.35
20.809,-0.1,-50.6,-3.4,-0.941,0.117,-0.403,-0.19,-0.05,0,1.35
20.813,-0.6,-49.6,-3.2,-0.942,0.113,-0.398,-0.19,-0.05,0,1.35
20.817,-0.9,-48.4,-3,-0.945,0.111,-0.395,-0.19,-0.05,0,1.35
20.822,-0.9,-47.3,-2.7,-0.946,0.112,-0.391,-0.19,-0.05,0,1.35
20.829,-1.1,-46.4,-2.7,-0.948,0.11,-0.386,-0.19,-0.05,0,1.44
20.836,-0.9,-44.9,-2.5,-0.951,0.112,-0.382,-0.19,-0.05,0,1.44
20.843,-0.9,-43.7,-2,-0.955,0.114,-0.378,-0.19,-0.05,0,1.44
20.850,-0.9,-42.7,-1.7,-0.957,0.115,-0.374,-0.19,-0.05,0,1.44
20.856,-1.1,-41.7,-1.7,-0.959,0.115,-0.371,-0.19,-0.05,0,1.44
20.863,-1.2,-40.8,-1.4,-0.96,0.116,-0.372,-0.19,-0.05,0,1.44
20.870,-1.4,-39.9,-1,-0.96,0.117,-0.373,-0.19,-0.05,0,1.44
20.875,-1.6,-39.1,-0.7,-0.961,0.118,-0.373,-0.2,-0.05,0.4,0.81
20.879,-1.7,-38.5,-0.8,-0.96,0.118,-0.374,-0.2,-0.05,0.4,0.81
20.883,-2.1,-37.9,-0.8,-0.959,0.121,-0.374,-0.2,-0.05,0.4,0.81
20.888,-2.2,-37.3,-0.6,-0.957,0.124,-0.372,-0.2,-0.05,0.4,0.81
20.892,-2.2,-37,-0.7,-0.954,0.128,-0.367,-0.2,-0.05,0.4,0.81
20.897,-2.5,-36.8,-0.5,-0.952,0.132,-0.362,-0.2,-0.05,0.4,0.81
20.901,-2.5,-36.7,-0.1,-0.951,0.134,-0.357,-0.2,-0.05,0.4,0.81
20.906,-2.9,-36.6,0.4,-0.949,0.134,-0.352,-0.2,-0.05,0.4,0.81
20.910,-3,-36.7,0.9,-0.951,0.136,-0.346,-0.2,-0.05,0.4,0.81
20.914,-3.5,-36.9,1.5,-0.951,0.138,-0.339,-0.2,-0.05,0.4,0.81
20.919,-3.6,-37.3,2.1,-0.951,0.139,-0.333,-0.2,-0.05,0.4,0.81
20.925,-3.7,-37.4,2.7,-0.952,0.139,-0.327,-0.19,-0.06,0,1.29
20.931,-3.9,-37.9,3.1,-0.951,0.138,-0.321,-0.19,-0.06,0,1.29
20.937,-4.4,-38.1,3.4,-0.952,0.138,-0.315,-0.19,-0.06,0,1.29
20.943,-4.5,-38.5,3.6,-0.953,0.135,-0.31,-0.19,-0.06,0,1.29
20.949,-4.8,-39,3.8,-0.953,0.136,-0.304,-0.19,-0.06,0,1.29
20.955,-4.8,-39.5,3.7,-0.95,0.138,-0.297,-0.19,-0.06,0,1.29
20.961,-5.1,-39.6,3.8,-0.949,0.141,-0.291,-0.19,-0.06,0,1.29
20.965,-5.3,-39.9,3.9,-0.948,0.145,-0.285,-0.19,-0.08,0,2.75
20.970,-5.1,-40.4,4,-0.946,0.148,-0.282,-0.19,-0.08,0,2.75
20.974,-5.3,-40.4,4,-0.948,0.153,-0.282,-0.19,-0.08,0,2.75
20.978,-5.3,-40.8,4.1,-0.948,0.156,-0.28,-0.19,-0.08,0,2.75
20.983,-5.2,-41.3,4,-0.948,0.16,-0.278,-0.19,-0.08,0,2.75
20.987,-5.6,-41.5,3.7,-0.949,0.161,-0.276,-0.19,-0.08,0,2.75
20.992,-5.7,-42.1,3.4,-0.949,0.161,-0.274,-0.19,-0.08,0,2.75
20.996,-6.3,-42.9,2.9,-0.949,0.161,-0.271,-0.19,-0.08,0,2.75
21.001,-7.2,-43.2,2.5,-0.951,0.157,-0.27,-0.19,-0.08,0,2.75
21.005,-7.8,-43.6,2,-0.95,0.156,-0.267,-0.19,-0.08,0,2.75
21.009,-8.9,-44.2,1.7,-0.949,0.154,-0.265,-0.19,-0.08,0,2.75
21.014,-9.6,-44.6,1.1,-0.952,0.155,-0.264,-0.18,-0.09,0.48,1.94
21.018,-9.8,-44.8,0.6,-0.955,0.157,-0.26,-0.18,-0.09,0.48,1.94
21.023,-10.2,-45.1,0.7,-0.957,0.157,-0.256,-0.18,-0.09,0.48,1.94
21.027,-9.8,-45.3,0.6,-0.961,0.16,-0.251,-0.18,-0.09,0.48,1.94
21.031,-9.4,-45.4,0.3,-0.967,0.159,-0.247,-0.18,-0.09,0.48,1.94
21.036,-8.7,-45.3,0,-0.971,0.157,-0.241,-0.18,-0.09,0.48,1.94
21.040,-8.1,-44.9,-0.2,-0.973,0.154,-0.236,-0.18,-0.09,0.48,1.94
21.045,-7.4,-44.4,-0.7,-0.973,0.152,-0.229,-0.18,-0.09,0.48,1.94
21.049,-6.5,-43.4,-1.4,-0.974,0.152,-0.222,-0.18,-0.09,0.48,1.94
21.054,-5.8,-42.6,-2,-0.972,0.149,-0.215,-0.18,-0.09,0.48,1.94
21.058,-5.5,-41.3,-2.3,-0.974,0.147,-0.209,-0.18,-0.09,0.48,1.94
21.063,-5,-39.9,-3,-0.976,0.147,-0.204,-0.2,-0.1,0.53,1.6
21.068,-4.6,-38.2,-3.4,-0.979,0.147,-0.198,-0.2,-0.1,0.53,1.6
21.073,-4.5,-36.6,-3.2,-0.984,0.147,-0.194,-0.2,-0.1,0.53,1.6
21.078,-4.6,-34.6,-3.1,-0.991,0.147,-0.192,-0.2,-0.1,0.53,1.6
21.083,-4.1,-32.8,-2.8,-0.994,0.15,-0.191,-0.2,-0.1,0.53,1.6
21.088,-3.7,-31.2,-2.5,-0.997,0.152,-0.189,-0.2,-0.1,0.53,1.6
21.093,-3.2,-29,-2.1,-1,0.154,-0.186,-0.2,-0.1,0.53,1.6
21.098,-2.6,-27.7,-1.9,-1.001,0.154,-0.184,-0.2,-0.1,0.53,1.6
21.103,-2.2,-26.1,-1.7,-1.001,0.152,-0.183,-0.2,-0.1,0.53,1.6
21.107,-1.6,-24.4,-1.7,-1.001,0.15,-0.182,-0.18,-0.12,0,0.55
21.112,-1.2,-23.4,-1.8,-0.999,0.149,-0.18,-0.18,-0.12,0,0.55
21.116,-0.9,-22.4,-1.9,-0.996,0.146,-0.177,-0.18,-0.12,0,0.55
21.120,-0.8,-21.4,-2.1,-0.995,0.145,-0.176,-0.18,-0.12,0,0.55
21.124,-0.8,-20.8,-1.8,-0.992,0.145,-0.178,-0.18,-0.12,0,0.55
21.128,-0.8,-20.2,-1.8,-0.989,0.145,-0.181,-0.18,-0.12,0,0.55
21.132,-0.9,-20.1,-1.7,-0.985,0.143,-0.185,-0.18,-0.12,0,0.55
21.136,-1.2,-19.7,-1.5,-0.979,0.143,-0.189,-0.18,-0.12,0,0.55
21.140,-1.6,-19.6,-1.6,-0.972,0.141,-0.192,-0.18,-0.12,0,0.55
21.144,-2,-19.4,-1.5,-0.969,0.141,-0.197,-0.18,-0.12,0,0.55
21.148,-2.3,-19,-1.6,-0.966,0.141,-0.201,-0.18,-0.12,0,0.55
21.155,-2.8,-19.1,-1.7,-0.967,0.14,-0.204,-0.17,-0.14,0,0.58
21.162,-3.4,-19.4,-2,-0.969,0.138,-0.206,-0.17,-0.14,0,0.58
21.169,-4.2,-19.5,-2.1,-0.97,0.135,-0.205,-0.17,-0.14,0,0.58
21.176,-4.8,-19.7,-2.2,-0.972,0.133,-0.202,-0.17,-0.14,0,0.58
21.183,-5.4,-20,-2.5,-0.973,0.134,-0.199,-0.17,-0.14,0,0.58
21.190,-5.8,-20.4,-2.8,-0.977,0.135,-0.195,-0.17,-0.14,0,0.58
21.197,-6.1,-20.9,-2.9,-0.981,0.138,-0.189,-0.17,-0.14,0,0.58
21.201,-6,-21.5,-3.2,-0.984,0.141,-0.185,-0.18,-0.15,0,1.12
21.206,-5.7,-22.3,-2.9,-0.988,0.143,-0.182,-0.18,-0.15,0,1.12
21.210,-5.3,-23,-3,-0.992,0.146,-0.178,-0.18,-0.15,0,1.12
21.214,-4.7,-24,-2.8,-0.994,0.149,-0.174,-0.18,-0.15,0,1.12
21.219,-3.9,-24.6,-2.6,-0.997,0.151,-0.174,-0.18,-0.15,0,1.12
21.223,-2.9,-25.6,-2.2,-0.996,0.151,-0.17,-0.18,-0.15,0,1.12
21.228,-1.8,-26.4,-2.1,-0.998,0.151,-0.166,-0.18,-0.15,0,1.12
21.232,-1.2,-27.4,-1.8,-0.998,0.149,-0.163,-0.18,-0.15,0,1.12
21.237,-0.6,-28.3,-1.5,-0.996,0.146,-0.161,-0.18,-0.15,0,1.12
21.241,-0.1,-29.1,-1.4,-0.994,0.142,-0.158,-0.18,-0.15,0,1.12
21.246,0,-30.1,-1.4,-0.993,0.136,-0.158,-0.18,-0.15,0,1.12
21.253,0.2,-30.8,-1.3,-0.99,0.129,-0.156,-0.19,-0.16,0,1.31
21.260,0,-31.6,-1.2,-0.988,0.126,-0.156,-0.19,-0.16,0,1.31
21.266,0,-32.3,-1.2,-0.988,0.122,-0.156,-0.19,-0.16,0,1.31
21.273,-0.4,-32.9,-1.2,-0.989,0.121,-0.157,-0.19,-0.16,0,1.31
21.280,-0.3,-33.6,-1.2,-0.99,0.122,-0.157,-0.19,-0.16,0,1.31
21.287,-0.4,-34,-1.3,-0.992,0.123,-0.155,-0.19,-0.16,0,1.31
21.294,-0.5,-34.2,-1.4,-0.994,0.126,-0.152,-0.19,-0.16,0,1.31
21.298,-0.8,-34.6,-1.5,-0.996,0.131,-0.149,-0.12,-0.18,0,1.97
21.302,-0.4,-34.7,-1.5,-0.999,0.136,-0.144,-0.12,-0.18,0,1.97
21.306,-0.3,-34.5,-1.5,-1.002,0.142,-0.137,-0.12,-0.18,0,1.97
21.309,0,-34.4,-1.4,-1.002,0.146,-0.13,-0.12,-0.18,0,1.97
21.313,0.2,-34.1,-0.9,-1.002,0.151,-0.12,-0.12,-0.18,0,1.97
21.317,0.6,-33.5,-0.9,-1.002,0.152,-0.113,-0.12,-0.18,0,1.97
21.321,0.6,-33.2,-0.7,-1.002,0.153,-0.107,-0.12,-0.18,0,1.97
21.325,0.9,-32.4,-0.5,-1.003,0.154,-0.1,-0.12,-0.18,0,1.97
21.329,1,-31.5,-0.3,-1.005,0.152,-0.097,-0.12,-0.18,0,1.97
21.332,1,-30.6,-0.4,-1.006,0.15,-0.097,-0.12,-0.18,0,1.97
21.336,1,-29.6,-0.6,-1.006,0.145,-0.096,-0.12,-0.18,0,1.97
21.343,0.9,-28.5,-0.7,-1.006,0.141,-0.099,-0.13,-0.19,0,1.6
21.350,0.7,-27.2,-1,-1.008,0.137,-0.103,-0.13,-0.19,0,1.6
21.357,0.5,-26.2,-1.1,-1.011,0.134,-0.107,-0.13,-0.19,0,1.6
21.364,0,-24.9,-1.1,-1.013,0.128,-0.11,-0.13,-0.19,0,1.6
21.370,0,-23.7,-1.3,-1.016,0.126,-0.108,-0.13,-0.19,0,1.6
21.377,-0.1,-22.4,-1.6,-1.017,0.124,-0.106,-0.13,-0.19,0,1.6
21.384,-0.3,-21.3,-1.6,-1.019,0.121,-0.102,-0.13,-0.19,0,1.6
21.389,-0.5,-20.2,-1.6,-1.021,0.121,-0.099,-0.15,-0.19,0,1.39
21.393,-0.6,-18.9,-1.6,-1.023,0.12,-0.095,-0.15,-0.19,0,1.39
21.398,-1,-18,-1.5,-1.025,0.119,-0.092,-0.15,-0.19,0,1.39
21.402,-0.9,-16.8,-1.2,-1.026,0.12,-0.089,-0.15,-0.19,0,1.39
21.407,-1.1,-15.8,-1.2,-1.027,0.12,-0.088,-0.15,-0.19,0,1.39
21.411,-1.5,-15,-1.1,-1.026,0.119,-0.089,-0.15,-0.19,0,1.39
21.416,-1.8,-14.1,-1.2,-1.024,0.117,-0.089,-0.15,-0.19,0,1.39
21.420,-2.2,-13.5,-1,-1.019,0.114,-0.092,-0.15,-0.19,0,1.39
21.424,-2.9,-12.7,-1.1,-1.015,0.114,-0.091,-0.15,-0.19,0,1.39
21.429,-3.4,-11.7,-1.4,-1.01,0.115,-0.093,-0.15,-0.19,0,1.39
21.433,-3.9,-10.8,-1.4,-1.007,0.117,-0.093,-0.15,-0.19,0,1.39
21.440,-4.3,-10.1,-1.5,-1.004,0.121,-0.093,-0.16,-0.21,0,1.34
21.446,-4.5,-9.2,-1.4,-1.004,0.122,-0.089,-0.16,-0.21,0,1.34
21.452,-5,-8.5,-1.4,-1.003,0.125,-0.086,-0.16,-0.21,0,1.34
21.458,-5.5,-7.8,-1,-1.002,0.126,-0.08,-0.16,-0.21,0,1.34
21.464,-5.9,-7.1,-0.6,-1.002,0.127,-0.07,-0.16,-0.21,0,1.34
21.471,-6.7,-6.1,0,-1.004,0.126,-0.059,-0.16,-0.21,0,1.34
21.477,-7.3,-5.6,0.4,-1.005,0.126,-0.048,-0.16,-0.21,0,1.34
21.481,-8,-4.8,0.7,-1.008,0.124,-0.039,-0.14,-0.24,0,0
21.485,-8.7,-4.2,1.4,-1.008,0.125,-0.032,-0.14,-0.24,0,0
21.490,-9,-3.7,1.2,-1.007,0.126,-0.026,-0.14,-0.24,0,0
21.494,-9.4,-3.4,1,-1.002,0.125,-0.024,-0.14,-0.24,0,0
21.498,-9.5,-3.3,0.6,-0.996,0.125,-0.025,-0.14,-0.24,0,0
21.502,-9.8,-3.3,0,-0.99,0.123,-0.027,-0.14,-0.24,0,0
21.507,-10,-3.6,-0.4,-0.986,0.123,-0.032,-0.14,-0.24,0,0
21.511,-10.2,-4.2,-0.7,-0.981,0.124,-0.038,-0.14,-0.24,0,0
21.515,-10.3,-4.8,-1.2,-0.977,0.125,-0.045,-0.14,-0.24,0,0
21.519,-10.5,-5.7,-1.6,-0.971,0.126,-0.05,-0.14,-0.24,0,0
21.524,-10.4,-7,-2.1,-0.966,0.127,-0.053,-0.14,-0.24,0,0
21.529,-10.1,-8.2,-2.6,-0.962,0.128,-0.055,-0.17,-0.28,0,0
21.534,-9.8,-9.5,-2.8,-0.959,0.126,-0.057,-0.17,-0.28,0,0
21.540,-9.5,-10.8,-2.8,-0.955,0.124,-0.061,-0.17,-0.28,0,0
21.545,-8.8,-12.2,-2.7,-0.952,0.125,-0.064,-0.17,-0.28,0,0
21.550,-8.1,-13.3,-2.5,-0.951,0.125,-0.065,-0.17,-0.28,0,0
21.556,-7.5,-14.4,-2.3,-0.949,0.125,-0.064,-0.17,-0.28,0,0
21.561,-6.7,-15.5,-2.1,-0.949,0.124,-0.062,-0.17,-0.28,0,0
21.566,-6.3,-16.4,-1.7,-0.951,0.125,-0.06,-0.17,-0.28,0,0
21.572,-5.8,-17.5,-1.4,-0.956,0.128,-0.055,-0.17,-0.28,0,0
21.576,-5.4,-18.5,-0.9,-0.962,0.129,-0.053,-0.17,-0.32,0,0
21.579,-4.8,-19.6,-0.3,-0.967,0.133,-0.05,-0.17,-0.32,0,0
21.583,-4.4,-20.4,0.1,-0.972,0.138,-0.047,-0.17,-0.32,0,0
21.587,-3.7,-21.2,0.4,-0.974,0.144,-0.043,-0.17,-0.32,0,0
21.591,-2.9,-21.8,1.2,-0.976,0.148,-0.04,-0.17,-0.32,0,0
21.595,-2.3,-22.7,1.5,-0.976,0.151,-0.039,-0.17,-0.32,0,0
21.599,-1.7,-23.2,1.9,-0.976,0.155,-0.04,-0.17,-0.32,0,0
21.602,-0.9,-23.8,2.3,-0.974,0.156,-0.041,-0.17,-0.32,0,0
21.606,-0.3,-24.3,2.6,-0.972,0.155,-0.042,-0.17,-0.32,0,0
21.610,0.1,-24.6,2.7,-0.972,0.156,-0.042,-0.17,-0.32,0,0
21.614,0.7,-24.7,2.8,-0.973,0.153,-0.044,-0.17,-0.32,0,0
21.618,1.2,-24.7,3.1,-0.977,0.15,-0.044,-0.17,-0.32,0,0
21.624,1.6,-24.7,3.4,-0.98,0.147,-0.043,-0.17,-0.34,0,0
21.631,1.8,-24.6,3.4,-0.984,0.143,-0.041,-0.17,-0.34,0,0
21.637,2.4,-23.9,3.3,-0.988,0.139,-0.039,-0.17,-0.34,0,0
21.644,2.9,-23.4,3.1,-0.992,0.136,-0.035,-0.17,-0.34,0,0
21.650,3.2,-22.5,3,-0.996,0.132,-0.031,-0.17,-0.34,0,0
21.657,3.5,-21.8,2.7,-1.003,0.129,-0.025,-0.17,-0.34,0,0
21.663,3.5,-20.7,2.6,-1.009,0.125,-0.02,-0.17,-0.34,0,0
21.670,3.4,-19.9,2.5,-1.014,0.123,-0.014,-0.17,-0.34,0,0
21.674,3.1,-18.7,2.3,-1.019,0.125,-0.01,-0.17,-0.34,0,0
21.678,3.2,-17.6,2.1,-1.023,0.129,-0.008,-0.17,-0.34,0,0
21.682,3.2,-16.6,2.1,-1.025,0.132,-0.008,-0.17,-0.34,0,0
21.686,3.4,-15.3,1.9,-1.028,0.137,-0.009,-0.17,-0.34,0,0
21.690,3.4,-14.3,1.8,-1.031,0.139,-0.011,-0.17,-0.34,0,0
21.694,3.3,-13.1,1.6,-1.031,0.14,-0.016,-0.17,-0.34,0,0
21.699,3.1,-12,1.7,-1.031,0.141,-0.019,-0.17,-0.34,0,0
21.703,2.6,-11,1.5,-1.03,0.137,-0.022,-0.17,-0.34,0,0
21.707,1.8,-9.7,1.3,-1.029,0.135,-0.024,-0.17,-0.34,0,0
21.711,1.3,-8.6,1.2,-1.028,0.13,-0.026,-0.17,-0.34,0,0
21.717,0.7,-7.2,1,-1.028,0.129,-0.026,-0.18,-0.35,0,0
21.723,0.6,-5.6,1,-1.03,0.128,-0.025,-0.18,-0.35,0,0
21.729,0.6,-4.1,0.9,-1.029,0.128,-0.022,-0.18,-0.35,0,0
21.735,0.7,-2.4,0.7,-1.032,0.127,-0.02,-0.18,-0.35,0,0
21.741,0.8,-1.1,0.9,-1.035,0.126,-0.018,-0.18,-0.35,0,0
21.747,0.8,0.4,1,-1.04,0.122,-0.016,-0.18,-0.35,0,0
21.753,0.6,1.5,1.6,-1.045,0.12,-0.015,-0.18,-0.35,0,0
21.759,0.2,2.6,2,-1.047,0.119,-0.013,-0.18,-0.35,0,0
21.764,0.3,3.6,2.3,-1.045,0.122,-0.009,-0.17,-0.36,0,0
21.769,0.5,4.6,2.3,-1.042,0.125,-0.004,-0.17,-0.36,0,0
21.774,0.9,5.6,2.2,-1.035,0.13,0.001,-0.17,-0.36,0,0
21.779,1.3,6.6,2.1,-1.029,0.133,0.006,-0.17,-0.36,0,0
21.784,1.3,7.3,1.7,-1.023,0.136,0.008,-0.17,-0.36,0,0
21.789,1.5,8.2,1.4,-1.017,0.138,0.009,-0.17,-0.36,0,0
21.794,1.4,8.9,0.9,-1.01,0.141,0.008,-0.17,-0.36,0,0
21.799,1.3,9.3,0.9,-1.006,0.146,0.005,-0.17,-0.36,0,0
21.804,1.1,10,0.4,-1.001,0.152,0.003,-0.17,-0.36,0,0
21.808,1,10.4,0,-0.997,0.161,0.001,-0.17,-0.36,0,0
21.814,1,10.6,0,-0.994,0.165,-0.003,-0.16,-0.38,0,0
21.820,1.2,10.9,-0.3,-0.992,0.17,-0.008,-0.16,-0.38,0,0
21.826,1.3,10.7,-0.3,-0.991,0.171,-0.013,-0.16,-0.38,0,0
21.832,1.3,10.7,-0.6,-0.99,0.17,-0.017,-0.16,-0.38,0,0
21.838,1,10.8,-0.4,-0.989,0.167,-0.021,-0.16,-0.38,0,0
21.844,0.6,10.6,-0.7,-0.989,0.162,-0.025,-0.16,-0.38,0,0
21.850,0.4,10.5,-1,-0.99,0.158,-0.029,-0.16,-0.38,0,0
21.856,0,10.2,-1,-0.991,0.153,-0.031,-0.16,-0.38,0,0
21.860,-0.3,10.2,-0.9,-0.994,0.148,-0.034,-0.13,-0.4,0,0
21.864,-0.6,9.8,-1,-0.996,0.144,-0.037,-0.13,-0.4,0,0
21.868,-0.5,9.6,-1.4,-1,0.143,-0.037,-0.13,-0.4,0,0
21.872,-0.4,9.3,-1.2,-1.004,0.141,-0.037,-0.13,-0.4,0,0
21.875,-0.5,9.2,-1.1,-1.006,0.14,-0.035,-0.13,-0.4,0,0
21.879,-0.1,8.9,-1.2,-1.007,0.139,-0.032,-0.13,-0.4,0,0
21.883,0.1,8.7,-1.2,-1.007,0.14,-0.03,-0.13,-0.4,0,0
21.887,0.1,8.6,-1.2,-1.006,0.141,-0.029,-0.13,-0.4,0,0
21.891,0.7,8.7,-1.4,-1.004,0.143,-0.029,-0.13,-0.4,0,0
21.895,1.2,8.8,-1.6,-1.003,0.146,-0.03,-0.13,-0.4,0,0
21.898,1.8,9,-1.7,-1.002,0.148,-0.03,-0.13,-0.4,0,0
21.905,2.3,9.3,-1.9,-1.002,0.15,-0.029,-0.09,-0.41,0,0
21.912,3,9.8,-2.3,-1.004,0.151,-0.028,-0.09,-0.41,0,0
21.919,3.6,10.1,-2.3,-1.006,0.151,-0.029,-0.09,-0.41,0,0
21.926,3.9,10.7,-2.3,-1.005,0.149,-0.03,-0.09,-0.41,0,0
21.933,4.2,11.5,-2.5,-1.005,0.148,-0.031,-0.09,-0.41,0,0
21.940,4.7,12.3,-2.5,-1.006,0.146,-0.033,-0.09,-0.41,0,0
21.947,4.8,13.5,-2.3,-1.006,0.141,-0.036,-0.09,-0.41,0,0
21.950,5.1,14.4,-2.3,-1.007,0.136,-0.041,-0.08,-0.41,0,0
21.954,4.9,15.7,-2.2,-1.008,0.131,-0.048,-0.08,-0.41,0,0
21.957,4.8,17.3,-2.2,-1.011,0.126,-0.054,-0.08,-0.41,0,0
21.961,4.8,18.7,-2.1,-1.015,0.121,-0.058,-0.08,-0.41,0,0
21.964,4.6,20.6,-2.1,-1.02,0.118,-0.06,-0.08,-0.41,0,0
21.968,4.5,22.5,-2,-1.024,0.115,-0.06,-0.08,-0.41,0,0
21.971,4.5,24.7,-1.8,-1.028,0.113,-0.057,-0.08,-0.41,0,0
21.975,4.3,26.9,-1.5,-1.033,0.113,-0.055,-0.08,-0.41,0,0
21.978,4.6,28.9,-1.6,-1.037,0.114,-0.052,-0.08,-0.41,0,0
21.982,4.9,31.1,-1.4,-1.041,0.117,-0.046,-0.08,-0.41,0,0
21.985,5.1,33.3,-1.1,-1.044,0.121,-0.041,-0.08,-0.41,0,0
21.989,5.2,35.3,-0.7,-1.045,0.125,-0.039,-0.08,-0.41,0,0
21.992,5.6,37,-0.6,-1.046,0.128,-0.036,-0.08,-0.41,0,0
21.996,5.7,38.7,-0.3,-1.046,0.134,-0.038,-0.08,-0.41,0,0
22.002,6,40.1,0,-1.042,0.136,-0.041,-0.07,-0.42,0,0
22.009,6,41.4,0.1,-1.038,0.139,-0.046,-0.07,-0.42,0,0
22.015,6.2,42.5,0,-1.031,0.14,-0.051,-0.07,-0.42,0,0
22.022,5.9,43.5,-0.3,-1.026,0.139,-0.056,-0.07,-0.42,0,0
22.029,5.9,44.2,-0.6,-1.021,0.135,-0.062,-0.07,-0.42,0,0
22.035,5.6,45,-0.9,-1.015,0.132,-0.07,-0.07,-0.42,0,0
22.042,5.4,45.7,-1.5,-1.01,0.126,-0.077,-0.07,-0.42,0,0
22.047,5.3,46.6,-2.1,-1.007,0.124,-0.084,-0.05,-0.42,0,0
22.053,5.2,47.1,-2.6,-1.007,0.121,-0.09,-0.05,-0.42,0,0
22.058,5,48,-3,-1.007,0.12,-0.094,-0.05,-0.42,0,0
22.064,4.9,48.8,-3.4,-1.008,0.12,-0.098,-0.05,-0.42,0,0
22.069,4.7,49.8,-3.7,-1.01,0.12,-0.104,-0.05,-0.42,0,0
22.075,4.5,50.6,-4.1,-1.012,0.122,-0.109,-0.05,-0.42,0,0
22.080,4.8,51.6,-4.1,-1.013,0.124,-0.114,-0.05,-0.42,0,0
22.085,4.7,52.4,-4.4,-1.014,0.127,-0.119,-0.05,-0.42,0,0
22.089,5.1,53.3,-4.8,-1.014,0.131,-0.122,0,-0.43,0,0
22.093,5.3,53.7,-5.2,-1.013,0.134,-0.124,0,-0.43,0,0
22.097,5.7,54.8,-5.3,-1.012,0.137,-0.127,0,-0.43,0,0
22.100,6,55.3,-5.3,-1.008,0.139,-0.131,0,-0.43,0,0
22.104,6.4,56.1,-5.2,-1.004,0.141,-0.139,0,-0.43,0,0
22.108,6.7,56.8,-5,-0.999,0.142,-0.146,0,-0.43,0,0
22.111,7,57.7,-4.8,-0.996,0.142,-0.151,0,-0.43,0,0
22.115,7.4,58.4,-4.6,-0.995,0.139,-0.157,0,-0.43,0,0
22.119,7.7,59.4,-4.3,-0.994,0.135,-0.165,0,-0.43,0,0
22.122,8.2,60.2,-3.9,-0.997,0.131,-0.169,0,-0.43,0,0
22.126,8.7,61.3,-3.4,-0.998,0.126,-0.171,0,-0.43,0,0
22.130,8.8,62.1,-3,-0.998,0.122,-0.173,0,-0.43,0,0
22.133,9.3,63.1,-2.5,-0.998,0.118,-0.176,0,-0.43,0,0
22.141,10.1,64.1,-1.6,-0.997,0.116,-0.179,0.01,-0.44,0,0
22.148,10.7,65.1,-1.2,-0.993,0.114,-0.181,0.01,-0.44,0,0
22.155,11.2,66,-1.1,-0.987,0.113,-0.185,0.01,-0.44,0,0
22.162,11.7,67,-0.8,-0.981,0.112,-0.192,0.01,-0.44,0,0
22.169,12.1,67.9,-0.4,-0.974,0.112,-0.201,0.01,-0.44,0,0
22.176,12.1,68.9,-0.5,-0.969,0.115,-0.211,0.01,-0.44,0,0
22.184,11.8,69.6,-0.7,-0.963,0.116,-0.222,0.01,-0.44,0,0
22.188,11.2,70.6,-1.4,-0.957,0.116,-0.233,0.02,-0.45,0,0
22.192,10.4,71.5,-1.8,-0.954,0.118,-0.245,0.02,-0.45,0,0
22.197,9.2,72.7,-2.7,-0.947,0.122,-0.255,0.02,-0.45,0,0
22.201,9.1,73.7,-3.8,-0.945,0.134,-0.257,0.02,-0.45,0,0
22.205,8.2,75,-4.2,-0.955,0.135,-0.257,0.02,-0.45,0,0
22.210,8.1,76.4,-3.2,-0.967,0.135,-0.261,0.02,-0.45,0,0
22.214,8,77.3,-2.1,-0.973,0.131,-0.267,0.02,-0.45,0,0
22.218,7.4,78.1,-1.9,-0.977,0.122,-0.272,0.02,-0.45,0,0
22.223,8.4,79.6,-0.7,-0.987,0.121,-0.27,0.02,-0.45,0,0
22.227,8.1,79.8,0.3,-0.984,0.108,-0.268,0.02,-0.45,0,0
22.231,8.5,81.2,0.7,-0.986,0.095,-0.271,0.02,-0.45,0,0
22.237,9.5,82.6,1,-0.987,0.088,-0.274,0,-0.45,0,0
22.243,9.2,83.1,1.4,-0.981,0.073,-0.277,0,-0.45,0,0
22.249,10.6,84.7,2,-0.98,0.077,-0.275,0,-0.45,0,0
22.255,11.8,85.8,1.2,-0.975,0.084,-0.271,0,-0.45,0,0
22.261,13.1,86.4,0.5,-0.97,0.097,-0.268,0,-0.45,0,0
22.267,15.3,87.5,0.4,-0.97,0.118,-0.267,0,-0.45,0,0
22.273,16.1,88.2,0.1,-0.965,0.13,-0.269,0,-0.45,0,0
22.278,17.1,89,-0.8,-0.96,0.145,-0.277,-0.01,-0.46,0,0
22.282,17.4,90,-1.1,-0.957,0.154,-0.292,-0.01,-0.46,0,0
22.286,16.8,90.7,-1.3,-0.952,0.158,-0.31,-0.01,-0.46,0,0
22.291,17.1,91.4,-2.5,-0.946,0.168,-0.323,-0.01,-0.46,0,0
22.295,16.3,92.2,-3.9,-0.941,0.166,-0.337,-0.01,-0.46,0,0
22.300,15.9,93,-5,-0.933,0.163,-0.354,-0.01,-0.46,0,0
22.304,14.7,93.3,-5.7,-0.926,0.156,-0.373,-0.01,-0.46,0,0
22.308,13.7,93.9,-7,-0.924,0.148,-0.388,-0.01,-0.46,0,0
22.313,12.8,94.3,-7.6,-0.926,0.138,-0.398,-0.01,-0.46,0,0
22.317,12,94.4,-8,-0.925,0.126,-0.405,-0.01,-0.46,0,0
22.322,11.9,94.8,-8.2,-0.924,0.117,-0.411,-0.01,-0.46,0,0
22.329,11.7,95,-8.9,-0.924,0.105,-0.414,-0.02,-0.47,0,0
22.336,11.4,95.2,-9,-0.92,0.093,-0.412,-0.02,-0.47,0,0
22.343,10.9,95.2,-9,-0.914,0.079,-0.413,-0.02,-0.47,0,0
22.350,10.7,95.6,-9.5,-0.906,0.067,-0.419,-0.02,-0.47,0,0
22.357,9.8,95.9,-9.7,-0.902,0.06,-0.427,-0.02,-0.47,0,0
22.364,9,96,-9.5,-0.897,0.056,-0.435,-0.02,-0.47,0,0
22.371,8.5,96.1,-9.1,-0.894,0.06,-0.443,-0.02,-0.47,0,0
22.375,7.9,96.2,-8.8,-0.892,0.065,-0.451,-0.03,-0.48,0,0
22.380,7.1,95.4,-8.1,-0.888,0.071,-0.462,-0.03,-0.48,0,0
22.384,6.8,94.4,-7.3,-0.882,0.078,-0.476,-0.03,-0.48,0,0
22.388,5.9,93.1,-6.7,-0.871,0.084,-0.49,-0.03,-0.48,0,0
22.393,4.9,91.4,-6.1,-0.857,0.089,-0.501,-0.03,-0.48,0,0
22.397,4.1,89.4,-5.2,-0.845,0.096,-0.518,-0.03,-0.48,0,0
22.402,3.4,87.4,-4.4,-0.836,0.101,-0.533,-0.03,-0.48,0,0
22.406,2.7,85.1,-3.9,-0.824,0.102,-0.542,-0.03,-0.48,0,0
22.410,2.7,82.5,-3.3,-0.814,0.105,-0.547,-0.03,-0.48,0,0
22.415,2.8,80.3,-2.8,-0.812,0.107,-0.553,-0.03,-0.48,0,0
22.419,2.9,78.2,-2.4,-0.809,0.105,-0.557,-0.03,-0.48,0,0
22.425,2.9,75.4,-2,-0.806,0.102,-0.56,-0.03,-0.5,0,0
22.431,2.6,73,-1.5,-0.803,0.092,-0.564,-0.03,-0.5,0,0
22.437,2.3,70.3,-1,-0.8,0.086,-0.566,-0.03,-0.5,0,0
22.443,1.8,67.8,-0.7,-0.798,0.079,-0.567,-0.03,-0.5,0,0
22.449,1.2,65.1,-0.1,-0.797,0.069,-0.569,-0.03,-0.5,0,0
22.455,0.7,62.6,0,-0.793,0.061,-0.573,-0.03,-0.5,0,0
22.461,0.3,60.4,0,-0.794,0.055,-0.579,-0.03,-0.5,0,0
22.466,0.1,58.6,0,-0.791,0.047,-0.584,-0.05,-0.51,0,0
22.470,0.3,57,-0.2,-0.789,0.046,-0.587,-0.05,-0.51,0,0
22.474,0.9,55.8,-0.1,-0.789,0.048,-0.592,-0.05,-0.51,0,0
22.479,1.9,55.5,-0.3,-0.792,0.051,-0.596,-0.05,-0.51,0,0
22.483,3,55.1,-0.3,-0.794,0.057,-0.599,-0.05,-0.51,0,0
22.487,4,54.9,0.1,-0.795,0.065,-0.599,-0.05,-0.51,0,0
22.492,5.7,55.5,0.6,-0.796,0.074,-0.597,-0.05,-0.51,0,0
22.496,7.4,56.1,0.7,-0.797,0.084,-0.595,-0.05,-0.51,0,0
22.500,9.2,56.9,1.2,-0.8,0.099,-0.591,-0.05,-0.51,0,0
22.505,11.5,57.9,1.8,-0.804,0.114,-0.588,-0.05,-0.51,0,0
22.509,13.4,59,2.1,-0.807,0.125,-0.586,-0.05,-0.51,0,0
22.513,15.6,60.1,2.6,-0.807,0.134,-0.587,-0.07,-0.53,0,0
22.518,17,60.5,3.3,-0.805,0.141,-0.591,-0.07,-0.53,0,0
22.522,18.5,61.5,3.9,-0.802,0.146,-0.594,-0.07,-0.53,0,0
22.526,19.9,62.1,4,-0.798,0.147,-0.594,-0.07,-0.53,0,0
22.531,20.8,62.8,4.1,-0.789,0.144,-0.597,-0.07,-0.53,0,0
22.535,21.4,63,3.9,-0.778,0.139,-0.604,-0.07,-0.53,0,0
22.540,21.8,63.8,3.6,-0.765,0.128,-0.614,-0.07,-0.53,0,0
22.544,22,64.1,3.1,-0.751,0.118,-0.624,-0.07,-0.53,0,0
22.548,22,64.5,2.8,-0.742,0.108,-0.635,-0.07,-0.53,0,0
22.553,21.5,64.9,2.5,-0.738,0.096,-0.649,-0.07,-0.53,0,0
22.557,21.1,65.2,2.2,-0.734,0.084,-0.662,-0.07,-0.53,0,0
22.562,20.6,65.6,2,-0.731,0.075,-0.673,-0.07,-0.53,0,0
22.566,19.9,66,2,-0.728,0.065,-0.684,-0.07,-0.53,0,0
22.571,18.7,65.7,2.1,-0.726,0.054,-0.695,-0.07,-0.53,0,0
22.575,17.3,65.4,2.3,-0.72,0.042,-0.71,-0.07,-0.53,0,0
22.579,15.6,64.6,2.3,-0.712,0.033,-0.723,-0.07,-0.53,0,0
22.584,14,63.4,2.3,-0.704,0.026,-0.73,-0.07,-0.53,0,0
22.588,12.3,62,2.1,-0.695,0.026,-0.734,-0.07,-0.53,0,0
22.593,11.1,60.7,2.1,-0.69,0.027,-0.735,-0.07,-0.53,0,0
22.597,10,59.4,2,-0.685,0.028,-0.738,-0.07,-0.53,0,0
22.602,8.8,57.5,2,-0.68,0.029,-0.74,-0.07,-0.53,0,0
22.608,8,56.5,2,-0.681,0.034,-0.742,-0.07,-0.54,0,0
22.614,7.3,55.3,2,-0.681,0.039,-0.743,-0.07,-0.54,0,0
22.619,6.9,54.4,2.3,-0.682,0.047,-0.744,-0.07,-0.54,0,0
22.625,7,54.1,2.6,-0.687,0.055,-0.748,-0.07,-0.54,0,0
22.631,6.8,53.7,2.6,-0.69,0.056,-0.752,-0.07,-0.54,0,0
22.637,6.5,53.3,2.5,-0.691,0.057,-0.755,-0.07,-0.54,0,0
22.643,6.1,53.1,2.6,-0.692,0.055,-0.764,-0.07,-0.54,0,0
22.649,6.2,52.9,2.3,-0.69,0.054,-0.771,-0.07,-0.54,0,0
22.653,6.2,53.2,1.8,-0.688,0.057,-0.772,-0.05,-0.54,0,0
22.658,6.3,53.6,1.7,-0.684,0.057,-0.77,-0.05,-0.54,0,0
22.663,7,54.5,1.3,-0.679,0.059,-0.767,-0.05,-0.54,0,0
22.668,7.6,55.5,1.2,-0.673,0.06,-0.764,-0.05,-0.54,0,0
22.673,7.5,56.3,1.3,-0.669,0.063,-0.762,-0.05,-0.54,0,0
22.678,7.7,57.4,1.4,-0.666,0.066,-0.76,-0.05,-0.54,0,0
22.683,7.8,58.7,1.7,-0.662,0.069,-0.756,-0.05,-0.54,0,0
22.688,8.2,59.9,1.5,-0.658,0.074,-0.755,-0.05,-0.54,0,0
22.692,8.1,61.2,2,-0.656,0.08,-0.756,-0.05,-0.54,0,0
22.697,8.1,62.3,2.4,-0.651,0.083,-0.758,-0.05,-0.54,0,0
22.703,8.2,63.3,2.9,-0.648,0.087,-0.762,-0.02,-0.54,0,0
22.709,8.6,64.1,3.4,-0.644,0.089,-0.768,-0.02,-0.54,0,0
22.715,9,64.9,3.5,-0.638,0.09,-0.776,-0.02,-0.54,0,0
22.721,9.3,65.9,3.7,-0.634,0.09,-0.785,-0.02,-0.54,0,0
22.727,9.8,66.5,3.6,-0.627,0.087,-0.793,-0.02,-0.54,0,0
22.733,10.1,67,3.6,-0.621,0.083,-0.799,-0.02,-0.54,0,0
22.740,10.8,67.5,3.4,-0.612,0.082,-0.806,-0.02,-0.54,0,0
22.746,11.3,68.1,2.7,-0.607,0.077,-0.813,-0.02,-0.54,0,0
22.750,11.8,68.6,2.6,-0.611,0.071,-0.82,0,-0.52,-0.18,-0.91
22.754,12.2,68.7,3.3,-0.616,0.063,-0.826,0,-0.52,-0.18,-0.91
22.759,12,68.9,3.7,-0.616,0.05,-0.837,0,-0.52,-0.18,-0.91
22.763,12,69.4,3.6,-0.617,0.037,-0.851,0,-0.52,-0.18,-0.91
22.768,12,69.3,3.5,-0.615,0.03,-0.862,0,-0.52,-0.18,-0.91
22.772,12.5,69.5,3.6,-0.61,0.026,-0.87,0,-0.52,-0.18,-0.91
22.776,13.1,70.2,3.1,-0.606,0.025,-0.874,0,-0.52,-0.18,-0.91
22.781,14,70.4,2.3,-0.595,0.027,-0.875,0,-0.52,-0.18,-0.91
22.785,15,70.9,1.8,-0.585,0.029,-0.877,0,-0.52,-0.18,-0.91
22.790,15.9,71.9,1.3,-0.579,0.033,-0.878,0,-0.52,-0.18,-0.91
22.794,16.5,72.5,0.7,-0.569,0.037,-0.877,0,-0.52,-0.18,-0.91
22.800,17,73,0.5,-0.563,0.043,-0.877,-0.04,-0.51,-0.18,-2.22
22.806,17.2,73.8,0.7,-0.562,0.049,-0.879,-0.04,-0.51,-0.18,-2.22
22.812,17.2,73.8,1.2,-0.553,0.053,-0.879,-0.04,-0.51,-0.18,-2.22
22.818,17.5,74.1,1.6,-0.544,0.06,-0.88,-0.04,-0.51,-0.18,-2.22
22.824,17.2,74.6,2.1,-0.536,0.063,-0.88,-0.04,-0.51,-0.18,-2.22
22.830,17.2,74.5,2.9,-0.525,0.063,-0.88,-0.04,-0.51,-0.18,-2.22
22.836,17.2,74.9,3.1,-0.514,0.063,-0.879,-0.04,-0.51,-0.18,-2.22
22.840,16.7,75.2,3.1,-0.508,0.056,-0.878,-0.06,-0.51,-0.18,-1.1
22.845,16.2,75.3,3.2,-0.499,0.046,-0.877,-0.06,-0.51,-0.18,-1.1
22.849,15.4,75.1,3.4,-0.493,0.033,-0.875,-0.06,-0.51,-0.18,-1.1
22.854,14.3,75.1,3,-0.488,0.02,-0.875,-0.06,-0.51,-0.18,-1.1
22.858,13.2,75.1,2.6,-0.483,0.01,-0.875,-0.06,-0.51,-0.18,-1.1
22.862,11.7,75,2.1,-0.478,0,-0.872,-0.06,-0.51,-0.18,-1.1
22.867,10.1,75.1,1.7,-0.473,-0.009,-0.872,-0.06,-0.51,-0.18,-1.1
22.871,8.5,75.2,0.9,-0.466,-0.017,-0.875,-0.06,-0.51,-0.18,-1.1
22.875,7,75.3,0.3,-0.459,-0.023,-0.88,-0.06,-0.51,-0.18,-1.1
22.880,5.4,75.4,0,-0.455,-0.028,-0.887,-0.06,-0.51,-0.18,-1.1
22.884,4,74.9,-0.1,-0.449,-0.029,-0.898,-0.06,-0.51,-0.18,-1.1
22.891,2.7,74.6,-0.5,-0.444,-0.028,-0.909,-0.07,0.02,-0.17,-1.95
22.898,1.9,73.7,-0.6,-0.436,-0.022,-0.917,-0.07,0.02,-0.17,-1.95
22.905,1.4,72.8,-0.6,-0.424,-0.01,-0.921,-0.07,0.02,-0.17,-1.95
22.912,1.7,72.1,-0.7,-0.413,0.002,-0.922,-0.07,0.02,-0.17,-1.95
22.919,2.3,71.2,-0.6,-0.4,0.017,-0.921,-0.07,0.02,-0.17,-1.95
22.926,3.4,70.1,-0.6,-0.389,0.036,-0.919,-0.07,0.02,-0.17,-1.95
22.933,4.4,69.3,-0.1,-0.381,0.049,-0.917,-0.07,0.02,-0.17,-1.95
22.937,5.3,68.1,0.3,-0.375,0.058,-0.914,-0.09,0.14,-0.16,-0.83
22.941,6.3,67.1,0.9,-0.37,0.066,-0.912,-0.09,0.14,-0.16,-0.83
22.944,6.8,66.2,1.5,-0.368,0.069,-0.912,-0.09,0.14,-0.16,-0.83
22.948,7.3,64.8,2.1,-0.364,0.07,-0.91,-0.09,0.14,-0.16,-0.83
22.952,7.8,63.7,2.5,-0.361,0.072,-0.907,-0.09,0.14,-0.16,-0.83
22.956,8.4,62.7,2.9,-0.357,0.071,-0.905,-0.09,0.14,-0.16,-0.83
22.960,8.8,61.5,2.9,-0.351,0.07,-0.904,-0.09,0.14,-0.16,-0.83
22.963,9.2,60.7,2.8,-0.347,0.065,-0.904,-0.09,0.14,-0.16,-0.83
22.967,9.5,59.9,2.7,-0.343,0.061,-0.902,-0.09,0.14,-0.16,-0.83
22.971,9.7,59.4,2.2,-0.339,0.054,-0.902,-0.09,0.14,-0.16,-0.83
22.975,9.8,58.9,2,-0.337,0.046,-0.903,-0.09,0.14,-0.16,-0.83
22.982,9.3,58.4,1.9,-0.336,0.037,-0.908,-0.1,0.14,-0.17,-0.7
22.989,9,57.9,1.9,-0.336,0.026,-0.917,-0.1,0.14,-0.17,-0.7
22.996,8.3,57.3,1.8,-0.337,0.015,-0.927,-0.1,0.14,-0.17,-0.7
23.003,7.2,56.8,1.5,-0.337,0.006,-0.936,-0.1,0.14,-0.17,-0.7
23.010,6.7,56,1.2,-0.339,0.001,-0.946,-0.1,0.14,-0.17,-0.7
23.016,6.4,55.1,1.2,-0.34,0.002,-0.953,-0.1,0.14,-0.17,-0.7
23.023,6.5,54.3,1.1,-0.34,0.008,-0.955,-0.1,0.14,-0.17,-0.7
23.027,7.3,53.5,1,-0.335,0.018,-0.955,-0.07,0.15,-0.16,-0.67
23.031,8.1,52.9,0.8,-0.329,0.027,-0.954,-0.07,0.15,-0.16,-0.67
23.034,8.8,52,0.7,-0.323,0.036,-0.955,-0.07,0.15,-0.16,-0.67
23.038,8.9,51.4,0.5,-0.314,0.044,-0.957,-0.07,0.15,-0.16,-0.67
23.042,8.7,51,0.7,-0.307,0.049,-0.957,-0.07,0.15,-0.16,-0.67
23.045,8.2,50.2,0.9,-0.302,0.054,-0.958,-0.07,0.15,-0.16,-0.67
23.049,7.8,49.7,1.4,-0.298,0.057,-0.957,-0.07,0.15,-0.16,-0.67
23.052,6.9,49.2,1.5,-0.295,0.062,-0.953,-0.07,0.15,-0.16,-0.67
23.056,6.4,48.7,1.7,-0.291,0.065,-0.948,-0.07,0.15,-0.16,-0.67
23.060,5.8,48.3,1.4,-0.285,0.064,-0.941,-0.07,0.15,-0.16,-0.67
23.063,5.3,47.8,1,-0.281,0.059,-0.936,-0.07,0.15,-0.16,-0.67
23.067,4.6,47.4,0.3,-0.277,0.051,-0.932,-0.07,0.15,-0.16,-0.67
23.071,3.9,47.2,-0.4,-0.276,0.04,-0.928,-0.07,0.15,-0.16,-0.67
23.075,3,46.8,-1.2,-0.274,0.027,-0.926,-0.08,0.13,0,-0.5
23.079,1.7,46.8,-2.1,-0.272,0.013,-0.925,-0.08,0.13,0,-0.5
23.083,0.4,46.6,-2.3,-0.272,0,-0.926,-0.08,0.13,0,-0.5
23.087,-1.2,46.5,-2.5,-0.272,-0.012,-0.927,-0.08,0.13,0,-0.5
23.092,-2.7,46.4,-2.7,-0.273,-0.02,-0.927,-0.08,0.13,0,-0.5
23.096,-4,46.6,-2.7,-0.268,-0.024,-0.927,-0.08,0.13,0,-0.5
23.100,-5,46.6,-2.6,-0.261,-0.021,-0.928,-0.08,0.13,0,-0.5
23.104,-5.5,46.6,-2.5,-0.25,-0.013,-0.93,-0.08,0.13,0,-0.5
23.108,-5.8,46.8,-2.8,-0.239,0,-0.934,-0.08,0.13,0,-0.5
23.113,-5.8,47.2,-2.9,-0.229,0.013,-0.939,-0.08,0.13,0,-0.5
23.117,-5.7,47.3,-2.9,-0.22,0.029,-0.943,-0.08,0.13,0,-0.5
23.124,-5.6,47.4,-3,-0.214,0.049,-0.95,-0.1,0.13,0,-0.49
23.132,-5.7,47.3,-2.9,-0.209,0.069,-0.959,-0.1,0.13,0,-0.49
23.139,-5.8,47.2,-3,-0.209,0.087,-0.968,-0.1,0.13,0,-0.49
23.147,-5.5,47,-3.3,-0.208,0.105,-0.978,-0.1,0.13,0,-0.49
23.154,-5.2,46.5,-4,-0.212,0.122,-0.987,-0.1,0.13,0,-0.49
23.162,-4.4,46.4,-4.6,-0.217,0.136,-0.992,-0.1,0.13,0,-0.49
23.169,-3.6,45.9,-5.3,-0.223,0.146,-0.995,-0.1,0.13,0,-0.49
23.173,-2.6,45.5,-5.7,-0.227,0.149,-0.993,-0.15,0.12,0,-0.66
23.177,-1.4,45,-6.1,-0.229,0.146,-0.992,-0.15,0.12,0,-0.66
23.181,-0.6,44.8,-6.2,-0.227,0.135,-0.99,-0.15,0.12,0,-0.66
23.184,0.6,44.5,-6.4,-0.222,0.122,-0.986,-0.15,0.12,0,-0.66
23.188,1.4,44.6,-6.5,-0.219,0.105,-0.982,-0.15,0.12,0,-0.66
23.192,2.3,44.4,-6.6,-0.212,0.086,-0.977,-0.15,0.12,0,-0.66
23.196,2.9,44.1,-6.9,-0.205,0.065,-0.974,-0.15,0.12,0,-0.66
23.200,2.8,43.9,-7.1,-0.196,0.044,-0.973,-0.15,0.12,0,-0.66
23.204,2.3,43.6,-7.6,-0.183,0.023,-0.975,-0.15,0.12,0,-0.66
23.207,1.2,43.1,-8,-0.173,0.006,-0.977,-0.15,0.12,0,-0.66
23.211,0.1,42.5,-8.4,-0.165,-0.005,-0.981,-0.15,0.12,0,-0.66
23.218,-0.9,41.6,-8.6,-0.155,-0.009,-0.984,-0.15,0.12,0,-0.32
23.225,-2,40.6,-9,-0.142,-0.007,-0.99,-0.15,0.12,0,-0.32
23.232,-2.5,39.9,-9.4,-0.129,0.001,-0.994,-0.15,0.12,0,-0.32
23.239,-2.6,38.8,-9.8,-0.114,0.013,-0.998,-0.15,0.12,0,-0.32
23.245,-2.5,37.8,-10.3,-0.102,0.028,-1,-0.15,0.12,0,-0.32
23.252,-2.3,36.9,-10.7,-0.092,0.045,-1.002,-0.15,0.12,0,-0.32
23.259,-1.9,35.9,-10.7,-0.087,0.059,-1.004,-0.15,0.12,0,-0.32
23.264,-1.8,35.2,-10.7,-0.086,0.072,-1.004,-0.11,0.13,0,-0.33
23.268,-2,34.8,-10.9,-0.086,0.08,-1.005,-0.11,0.13,0,-0.33
23.272,-2,34.4,-11.2,-0.094,0.086,-1.006,-0.11,0.13,0,-0.33
23.277,-1.8,34.1,-10.9,-0.105,0.09,-1.01,-0.11,0.13,0,-0.33
23.281,-1.4,33.9,-10.4,-0.116,0.092,-1.012,-0.11,0.13,0,-0.33
23.286,-0.6,33.9,-10,-0.13,0.093,-1.013,-0.11,0.13,0,-0.33
23.290,0.6,34.1,-9,-0.136,0.09,-1.016,-0.11,0.13,0,-0.33
23.295,1.7,33.9,-8,-0.139,0.081,-1.017,-0.11,0.13,0,-0.33
23.299,2.9,34,-7.2,-0.137,0.068,-1.018,-0.11,0.13,0,-0.33
23.304,3.5,33.9,-6.4,-0.133,0.049,-1.021,-0.11,0.13,0,-0.33
23.308,3.8,33.6,-5.7,-0.127,0.031,-1.023,-0.11,0.13,0,-0.33
23.315,4,33,-5,-0.116,0.015,-1.026,-0.1,0.14,0,-0.32
23.322,3.8,32.5,-4.4,-0.106,-0.001,-1.031,-0.1,0.14,0,-0.32
23.329,3.6,31.6,-3.9,-0.096,-0.016,-1.038,-0.1,0.14,0,-0.32
23.336,3,30.7,-3.7,-0.087,-0.029,-1.046,-0.1,0.14,0,-0.32
23.343,2.6,29.4,-3.6,-0.081,-0.039,-1.056,-0.1,0.14,0,-0.32
23.349,2.5,28.4,-3.7,-0.075,-0.042,-1.069,-0.1,0.14,0,-0.32
23.356,2.4,27.3,-3.4,-0.07,-0.041,-1.083,-0.1,0.14,0,-0.32
23.360,2.9,26.5,-3.1,-0.068,-0.04,-1.096,-0.14,0.2,0,-0.16
23.364,3.4,25.5,-3.1,-0.068,-0.036,-1.109,-0.14,0.2,0,-0.16
23.368,4.2,24.7,-3.1,-0.071,-0.032,-1.124,-0.14,0.2,0,-0.16
23.372,4.9,24.5,-3.6,-0.078,-0.024,-1.136,-0.14,0.2,0,-0.16
23.376,6.3,24.2,-4.2,-0.09,-0.011,-1.143,-0.14,0.2,0,-0.16
23.379,7.9,24.2,-4.9,-0.102,0.004,-1.147,-0.14,0.2,0,-0.16
23.383,10,24.3,-5.6,-0.117,0.024,-1.146,-0.14,0.2,0,-0.16
23.387,12,24.5,-6.1,-0.126,0.041,-1.14,-0.14,0.2,0,-0.16
23.391,13.8,25.3,-6.5,-0.13,0.056,-1.128,-0.14,0.2,0,-0.16
23.395,15.3,25.9,-6.5,-0.132,0.069,-1.114,-0.14,0.2,0,-0.16
23.399,16.2,26.7,-6.2,-0.13,0.078,-1.096,-0.14,0.2,0,-0.16
23.405,16.4,27.4,-6.5,-0.125,0.083,-1.077,-0.13,0.2,0,-0.33
23.412,16.4,28,-6.2,-0.116,0.085,-1.059,-0.13,0.2,0,-0.33
23.419,15.8,28.7,-6.4,-0.102,0.082,-1.042,-0.13,0.2,0,-0.33
23.426,14.9,29.3,-6.3,-0.083,0.078,-1.029,-0.13,0.2,0,-0.33
23.433,13.6,29.8,-6.8,-0.062,0.069,-1.021,-0.13,0.2,0,-0.33
23.440,12.2,30.4,-7.2,-0.04,0.057,-1.019,-0.13,0.2,0,-0.33
23.447,10.8,30.6,-8,-0.02,0.044,-1.019,-0.13,0.2,0,-0.33
23.450,9.5,30.9,-8.9,-0.004,0.028,-1.023,-0.12,0.22,0,-0.49
23.454,7.9,31,-9.8,0.008,0.014,-1.031,-0.12,0.22,0,-0.49
23.457,6.5,31,-10.6,0.013,-0.001,-1.039,-0.12,0.22,0,-0.49
23.461,5.3,30.9,-11.5,0.01,-0.015,-1.051,-0.12,0.22,0,-0.49
23.464,4.3,30.7,-12.3,0.006,-0.029,-1.059,-0.12,0.22,0,-0.49
23.468,3.5,30,-12.9,0,-0.038,-1.066,-0.12,0.22,0,-0.49
23.471,3,29.7,-13.4,-0.007,-0.044,-1.072,-0.12,0.22,0,-0.49
23.474,2.8,29.5,-14.4,-0.016,-0.048,-1.075,-0.12,0.22,0,-0.49
23.478,2.7,29,-15.3,-0.026,-0.049,-1.073,-0.12,0.22,0,-0.49
23.481,2.9,28.4,-16.5,-0.035,-0.048,-1.067,-0.12,0.22,0,-0.49
23.485,2.3,28.3,-17.5,-0.04,-0.046,-1.06,-0.12,0.22,0,-0.49
23.488,1.9,27.8,-18.5,-0.037,-0.04,-1.051,-0.12,0.22,0,-0.49
23.492,1.2,27.6,-19.3,-0.031,-0.032,-1.043,-0.12,0.22,0,-0.49
23.495,0.2,27.3,-19.8,-0.018,-0.023,-1.032,-0.12,0.22,0,-0.49
23.501,-0.6,26.8,-20.3,-0.008,-0.013,-1.023,-0.09,0.21,0,-0.16
23.506,-1.7,26,-20.6,0.005,-0.004,-1.016,-0.09,0.21,0,-0.16
23.512,-2.5,25.1,-20.8,0.021,0.004,-1.009,-0.09,0.21,0,-0.16
23.517,-3.3,24,-20.8,0.039,0.012,-1.002,-0.09,0.21,0,-0.16
23.523,-3.6,22.9,-20.6,0.06,0.017,-0.995,-0.09,0.21,0,-0.16
23.529,-4.1,21.5,-19.5,0.084,0.016,-0.989,-0.09,0.21,0,-0.16
23.534,-4.3,20.3,-18.4,0.107,0.011,-0.985,-0.09,0.21,0,-0.16
23.540,-4.6,18.8,-17.1,0.121,0.003,-0.984,-0.09,0.21,0,-0.16
23.544,-4.5,17.3,-16.1,0.129,-0.009,-0.985,-0.06,0.19,0.16,-0.33
23.548,-4.8,15.8,-15.5,0.128,-0.022,-0.988,-0.06,0.19,0.16,-0.33
23.552,-4.3,14,-14.8,0.123,-0.034,-0.993,-0.06,0.19,0.16,-0.33
23.557,-4,12.1,-14.6,0.113,-0.047,-1,-0.06,0.19,0.16,-0.33
23.561,-3.6,10.1,-14.5,0.101,-0.059,-1.007,-0.06,0.19,0.16,-0.33
23.565,-3.7,8.3,-14.6,0.087,-0.07,-1.013,-0.06,0.19,0.16,-0.33
23.569,-3.9,6.6,-14.5,0.072,-0.081,-1.015,-0.06,0.19,0.16,-0.33
23.574,-4.2,5.2,-14.1,0.057,-0.088,-1.015,-0.06,0.19,0.16,-0.33
23.578,-4.4,4,-13.6,0.044,-0.09,-1.012,-0.06,0.19,0.16,-0.33
23.582,-4.5,2.8,-13,0.035,-0.09,-1.006,-0.06,0.19,0.16,-0.33
23.586,-4.4,2.3,-12.2,0.028,-0.084,-0.997,-0.06,0.19,0.16,-0.33
23.594,-4.4,1.8,-11.3,0.025,-0.078,-0.988,-0.03,0.17,0,0
23.602,-4.3,1.2,-10.3,0.024,-0.07,-0.979,-0.03,0.17,0,0
23.610,-4.4,1.2,-9.5,0.022,-0.063,-0.969,-0.03,0.17,0,0
23.618,-4.5,1,-8.5,0.024,-0.057,-0.96,-0.03,0.17,0,0
23.626,-4.7,1.2,-7.3,0.029,-0.049,-0.952,-0.03,0.17,0,0
23.634,-4.7,1.2,-6.4,0.036,-0.04,-0.946,-0.03,0.17,0,0
23.639,-4.7,1.6,-5.2,0.043,-0.03,-0.942,-0.07,0.13,0.33,0
23.643,-4.7,2,-4.5,0.05,-0.021,-0.939,-0.07,0.13,0.33,0
23.648,-4.7,2.4,-3.9,0.055,-0.014,-0.939,-0.07,0.13,0.33,0
23.652,-5.1,2.7,-3.2,0.059,-0.011,-0.943,-0.07,0.13,0.33,0
23.657,-5.5,3.2,-2.2,0.062,-0.009,-0.948,-0.07,0.13,0.33,0
23.661,-5.9,3.5,-1.2,0.063,-0.007,-0.954,-0.07,0.13,0.33,0
23.665,-6.2,3.7,-0.1,0.064,-0.006,-0.96,-0.07,0.13,0.33,0
23.670,-6.2,4,0.6,0.064,-0.003,-0.966,-0.07,0.13,0.33,0
23.674,-6,4.4,1.3,0.064,-0.001,-0.973,-0.07,0.13,0.33,0
23.679,-5.3,4.8,1.7,0.061,0,-0.981,-0.07,0.13,0.33,0
23.683,-4.7,5.1,1.9,0.055,0.002,-0.986,-0.07,0.13,0.33,0
23.690,-3.7,5.4,2.3,0.046,0.004,-0.991,-0.08,0.12,0,0
23.697,-2.9,5.9,2.3,0.038,0.005,-0.996,-0.08,0.12,0,0
23.704,-1.8,6,2.3,0.031,0.003,-0.998,-0.08,0.12,0,0
23.711,-1.1,6.5,2.8,0.023,0.005,-0.998,-0.08,0.12,0,0
23.718,-0.4,6.7,2.8,0.014,0.006,-0.995,-0.08,0.12,0,0
23.725,0.4,7.1,2.9,0.008,0.008,-0.992,-0.08,0.12,0,0
23.731,0.8,7.4,2.6,0.003,0.01,-0.988,-0.08,0.12,0,0
23.735,1.3,7.7,2.8,0.001,0.012,-0.983,-0.04,0.09,0,0
23.739,1.4,7.8,2.8,0,0.013,-0.978,-0.04,0.09,0,0
23.743,1.5,8,2.6,0.003,0.014,-0.974,-0.04,0.09,0,0
23.747,1.2,7.7,2.5,0.01,0.016,-0.969,-0.04,0.09,0,0
23.751,1.2,7.6,2.3,0.018,0.018,-0.968,-0.04,0.09,0,0
23.754,1.2,7.4,2.1,0.028,0.02,-0.964,-0.04,0.09,0,0
23.758,0.9,7.3,1.8,0.038,0.021,-0.959,-0.04,0.09,0,0
23.762,0.4,6.8,1.8,0.047,0.022,-0.956,-0.04,0.09,0,0
23.766,-0.4,6.6,1.8,0.052,0.019,-0.957,-0.04,0.09,0,0
23.770,-1.8,6.3,2,0.052,0.014,-0.959,-0.04,0.09,0,0
23.774,-2.9,5.9,2.3,0.046,0.006,-0.965,-0.04,0.09,0,0
23.781,-4,5.2,2.3,0.039,0,-0.975,-0.06,0.08,0,0
23.788,-5.1,4.4,2,0.032,-0.004,-0.988,-0.06,0.08,0,0
23.795,-5.4,3.6,1.5,0.026,-0.007,-1.004,-0.06,0.08,0,0
23.802,-5.3,2.7,1.2,0.021,-0.006,-1.019,-0.06,0.08,0,0
23.809,-5.1,2,0.6,0.018,-0.01,-1.031,-0.06,0.08,0,0
23.816,-4.4,1,0.1,0.019,-0.012,-1.04,-0.06,0.08,0,0
23.823,-3.8,0.4,0,0.026,-0.015,-1.041,-0.06,0.08,0,0
23.827,-3.3,-0.2,-0.1,0.035,-0.018,-1.037,-0.05,0.05,0,0
23.831,-2.9,-0.8,-0.5,0.045,-0.02,-1.027,-0.05,0.05,0,0
23.836,-2.8,-1.2,-0.8,0.055,-0.019,-1.013,-0.05,0.05,0,0
23.840,-2.9,-1.4,-1.1,0.068,-0.013,-0.996,-0.05,0.05,0,0
23.844,-2.9,-1.7,-1.2,0.081,-0.007,-0.978,-0.05,0.05,0,0
23.849,-2.9,-1.6,-1.4,0.093,0,-0.96,-0.05,0.05,0,0
23.853,-3.1,-1.6,-1.4,0.107,0.01,-0.947,-0.05,0.05,0,0
23.857,-3.3,-1.4,-1.6,0.117,0.019,-0.937,-0.05,0.05,0,0
23.862,-3.2,-1.1,-1.4,0.125,0.029,-0.935,-0.05,0.05,0,0
23.866,-2.8,-0.6,-1.1,0.128,0.039,-0.937,-0.05,0.05,0,0
23.870,-2.4,-0.5,-1,0.127,0.049,-0.941,-0.05,0.05,0,0
23.875,-1.7,-0.3,-0.7,0.121,0.056,-0.95,-0.07,0.03,0,0
23.880,-0.9,-0.3,-0.4,0.111,0.06,-0.964,-0.07,0.03,0,0
23.884,0,-0.3,0.3,0.102,0.063,-0.978,-0.07,0.03,0,0
23.889,1,-0.3,1,0.091,0.062,-0.991,-0.07,0.03,0,0
23.893,2,-0.5,1.7,0.08,0.057,-1.002,-0.07,0.03,0,0
23.898,3.2,-0.8,1.8,0.069,0.051,-1.012,-0.07,0.03,0,0
23.902,4,-1.2,2,0.059,0.041,-1.019,-0.07,0.03,0,0
23.907,4.8,-1.6,2.1,0.05,0.03,-1.021,-0.07,0.03,0,0
23.912,5.7,-1.9,1.8,0.044,0.021,-1.019,-0.07,0.03,0,0
23.916,6.4,-2.4,1.3,0.038,0.011,-1.014,-0.07,0.03,0,0
23.921,7,-3,0.6,0.036,0.001,-1.01,-0.07,0.03,0,0
23.927,7.2,-3.6,0,0.038,-0.007,-1.004,-0.09,0.03,0,0.16
23.932,7.4,-3.9,-0.4,0.04,-0.013,-0.998,-0.09,0.03,0,0.16
23.938,7.3,-4.5,-1.2,0.046,-0.017,-0.994,-0.09,0.03,0,0.16
23.944,7.5,-5,-1.9,0.052,-0.018,-0.995,-0.09,0.03,0,0.16
23.950,7.1,-5.4,-2.1,0.057,-0.016,-0.998,-0.09,0.03,0,0.16
23.956,7.3,-5.8,-2.6,0.064,-0.012,-1.002,-0.09,0.03,0,0.16
23.962,7.1,-6.3,-2.7,0.069,-0.005,-1.007,-0.09,0.03,0,0.16
23.966,7,-6.8,-2.8,0.072,0,-1.015,-0.07,0.02,-0.32,0.32
23.970,7,-7.1,-2.8,0.075,0.005,-1.022,-0.07,0.02,-0.32,0.32
23.975,6.7,-7.5,-2.8,0.076,0.009,-1.028,-0.07,0.02,-0.32,0.32
23.979,6.4,-8.1,-2.5,0.079,0.011,-1.03,-0.07,0.02,-0.32,0.32
23.984,5.9,-8.4,-2.2,0.083,0.012,-1.031,-0.07,0.02,-0.32,0.32
23.988,5.7,-8.5,-2.1,0.089,0.012,-1.03,-0.07,0.02,-0.32,0.32
23.992,5.4,-8.6,-1.6,0.091,0.012,-1.027,-0.07,0.02,-0.32,0.32
23.997,5.1,-8.5,-1.6,0.093,0.01,-1.022,-0.07,0.02,-0.32,0.32
24.001,4.9,-8.3,-1.5,0.092,0.008,-1.015,-0.07,0.02,-0.32,0.32
24.006,4.8,-8,-1.2,0.091,0.006,-1.007,-0.07,0.02,-0.32,0.32
24.010,4.5,-7.8,-1.2,0.09,0.003,-0.999,-0.07,0.02,-0.32,0.32
24.014,4.4,-7.5,-0.8,0.089,0,-0.993,-0.02,0,0,0
24.019,4.2,-7.2,-0.4,0.087,-0.005,-0.987,-0.02,0,0,0
24.023,3.7,-6.8,-0.3,0.083,-0.01,-0.982,-0.02,0,0,0
24.027,3.3,-6.5,0,0.079,-0.014,-0.981,-0.02,0,0,0
24.031,2.7,-6.4,0.3,0.074,-0.016,-0.981,-0.02,0,0,0
24.036,2.3,-6.2,0.3,0.065,-0.017,-0.98,-0.02,0,0,0
24.040,1.9,-6,0.2,0.057,-0.017,-0.983,-0.02,0,0,0
24.044,1.8,-5.9,0.4,0.049,-0.015,-0.989,-0.02,0,0,0
24.049,1.8,-5.9,0.7,0.04,-0.012,-0.995,-0.02,0,0,0
24.053,2,-5.9,0.6,0.033,-0.007,-1.003,-0.02,0,0,0
24.057,2,-5.9,0.9,0.025,-0.003,-1.013,-0.02,0,0,0
24.063,2.7,-5.8,1.1,0.015,0.001,-1.022,-0.02,0.01,0,0.33
24.068,3.2,-5.8,1.5,0.005,0.007,-1.031,-0.02,0.01,0,0.33
24.074,3.8,-5.9,1.7,-0.001,0.012,-1.039,-0.02,0.01,0,0.33
24.080,4.3,-6.1,2.1,-0.005,0.016,-1.046,-0.02,0.01,0,0.33
24.085,5.1,-6.2,2.2,-0.007,0.019,-1.05,-0.02,0.01,0,0.33
24.091,5.6,-6.6,2.6,-0.007,0.02,-1.051,-0.02,0.01,0,0.33
24.096,5.9,-6.9,2.6,-0.005,0.017,-1.051,-0.02,0.01,0,0.33
24.102,6,-7.1,2.8,-0.001,0.015,-1.048,-0.02,0.01,0,0.33
24.107,5.9,-7.4,2.8,0.004,0.01,-1.045,0,0.01,-0.16,0.16
24.112,5.6,-7.6,2.8,0.01,0.004,-1.039,0,0.01,-0.16,0.16
24.117,5.2,-7.6,3,0.017,-0.003,-1.032,0,0.01,-0.16,0.16
24.122,4.6,-7.6,3.1,0.021,-0.01,-1.024,0,0.01,-0.16,0.16
24.127,4.2,-7.7,3.4,0.025,-0.017,-1.016,0,0.01,-0.16,0.16
24.132,3.6,-7.4,3.4,0.026,-0.022,-1.01,0,0.01,-0.16,0.16
24.137,3.1,-7.5,3.4,0.027,-0.027,-1.004,0,0.01,-0.16,0.16
24.142,2.4,-7.3,3.4,0.027,-0.032,-1,0,0.01,-0.16,0.16
24.148,2,-7.1,3.2,0.027,-0.036,-0.997,0,0.01,-0.16,0.16
24.152,1.4,-6.9,3.1,0.023,-0.038,-0.995,-0.02,0,0,0
24.156,0.9,-6.7,2.9,0.019,-0.039,-0.994,-0.02,0,0,0
24.161,0.6,-6.3,2.7,0.015,-0.038,-0.994,-0.02,0,0,0
24.165,0.4,-6.1,2.5,0.011,-0.034,-0.994,-0.02,0,0,0
24.170,0.4,-5.9,2.6,0.007,-0.028,-0.996,-0.02,0,0,0
24.174,0.6,-5.6,2.7,0.003,-0.022,-1,-0.02,0,0,0
24.179,0.9,-5.1,3,0.002,-0.017,-1.003,-0.02,0,0,0
24.183,1.1,-4.8,3.2,0.003,-0.013,-1.007,-0.02,0,0,0
24.188,1.2,-4.2,3.6,0.004,-0.01,-1.009,-0.02,0,0,0
24.192,1.3,-3.9,3.9,0.008,-0.01,-1.008,-0.02,0,0,0
24.197,0.9,-3.6,3.8,0.011,-0.01,-1.008,-0.02,0,0,0
24.204,0.7,-2.8,3.8,0.012,-0.012,-1.008,-0.02,0,0,0
24.211,0.3,-2.4,3.7,0.01,-0.015,-1.006,-0.02,0,0,0
24.218,-0.2,-1.9,3.7,0.008,-0.017,-1.003,-0.02,0,0,0
24.225,-0.4,-1.2,3.6,0.003,-0.019,-1.001,-0.02,0,0,0
24.232,-0.4,-0.6,3.4,0,-0.022,-1.001,-0.02,0,0,0
24.239,-0.3,-0.1,3.1,-0.004,-0.024,-1.003,-0.02,0,0,0
24.246,-0.4,0.4,2.8,-0.008,-0.027,-1.005,-0.02,0,0,0
24.250,-0.4,0.9,2.3,-0.01,-0.031,-1.008,-0.04,0,0,0
24.255,-0.2,1.6,2,-0.007,-0.033,-1.011,-0.04,0,0,0
24.259,-0.4,2.1,1.6,-0.003,-0.035,-1.015,-0.04,0,0,0
24.263,-0.6,2.6,1.4,0.003,-0.036,-1.018,-0.04,0,0,0
24.268,-1.1,3.5,1.2,0.01,-0.036,-1.019,-0.04,0,0,0
24.272,-1.2,3.9,1.1,0.018,-0.034,-1.021,-0.04,0,0,0
24.277,-1.4,4.8,1.2,0.024,-0.031,-1.022,-0.04,0,0,0
24.281,-1.4,5.4,1.5,0.029,-0.024,-1.023,-0.04,0,0,0
24.285,-1.1,6.2,1.5,0.034,-0.017,-1.024,-0.04,0,0,0
24.290,-1.2,6.8,1.8,0.037,-0.013,-1.026,-0.04,0,0,0
24.294,-0.8,7.3,2.2,0.04,-0.007,-1.028,-0.04,0,0,0
24.300,-0.6,7.7,2.5,0.043,-0.004,-1.029,-0.02,0,0,0
24.306,-0.4,8.1,2.9,0.045,-0.003,-1.029,-0.02,0,0,0
24.313,-0.8,8.2,3.3,0.048,-0.003,-1.027,-0.02,0,0,0
24.319,-1.2,8.6,3.7,0.05,-0.005,-1.022,-0.02,0,0,0
24.325,-1.5,8.6,3.9,0.051,-0.008,-1.017,-0.02,0,0,0
24.331,-2,8.7,4.3,0.05,-0.01,-1.013,-0.02,0,0,0
24.337,-2.2,8.7,4.3,0.05,-0.012,-1.01,-0.02,0,0,0
24.342,-2.6,8.7,4.3,0.049,-0.013,-1.009,-0.04,0,0,-0.16
24.346,-2.5,8.5,4.2,0.047,-0.015,-1.009,-0.04,0,0,-0.16
24.350,-2.6,8.2,4.3,0.045,-0.017,-1.014,-0.04,0,0,-0.16
24.354,-2.5,8.3,4.1,0.044,-0.019,-1.022,-0.04,0,0,-0.16
24.359,-2.5,7.9,4,0.041,-0.02,-1.028,-0.04,0,0,-0.16
24.363,-2.7,7.9,4.2,0.037,-0.022,-1.035,-0.04,0,0,-0.16
24.367,-2.6,7.4,4,0.034,-0.024,-1.042,-0.04,0,0,-0.16
24.372,-2.6,7.3,4.2,0.031,-0.024,-1.048,-0.04,0,0,-0.16
24.376,-2.5,7,4.2,0.031,-0.022,-1.051,-0.04,0,0,-0.16
24.380,-2.3,6.4,4,0.032,-0.019,-1.051,-0.04,0,0,-0.16
24.384,-2,6,4.2,0.036,-0.014,-1.051,-0.04,0,0,-0.16
24.391,-1.6,5.8,4.1,0.041,-0.011,-1.05,-0.05,0,0.16,0
24.398,-1.3,5.4,4.4,0.046,-0.006,-1.047,-0.05,0,0.16,0
24.405,-0.9,5.1,4.3,0.051,0,-1.043,-0.05,0,0.16,0
24.412,-0.7,4.6,4.8,0.057,0.002,-1.039,-0.05,0,0.16,0
24.419,-0.1,4.3,5,0.061,0.006,-1.036,-0.05,0,0.16,0
24.427,-0.1,4,5.1,0.067,0.009,-1.029,-0.05,0,0.16,0
24.434,0.1,3.7,5.3,0.071,0.01,-1.024,-0.05,0,0.16,0
24.437,0.1,3.3,5.4,0.074,0.011,-1.018,-0.09,0,0,-0.16
24.440,0.4,3.1,5.6,0.075,0.013,-1.012,-0.09,0,0,-0.16
24.443,0.6,2.8,5.6,0.075,0.013,-1.007,-0.09,0,0,-0.16
24.446,0.9,2.6,5.6,0.074,0.012,-1.004,-0.09,0,0,-0.16
24.449,1.1,2.6,5.9,0.072,0.013,-1.003,-0.09,0,0,-0.16
24.452,1.5,2.4,5.8,0.07,0.012,-1.003,-0.09,0,0,-0.16
24.455,1.7,2.3,5.7,0.066,0.01,-1.005,-0.09,0,0,-0.16
24.458,1.8,2,5.7,0.061,0.005,-1.008,-0.09,0,0,-0.16
24.461,2.1,1.9,5.7,0.054,0.002,-1.013,-0.09,0,0,-0.16
24.464,2.1,1.9,5.5,0.05,-0.002,-1.017,-0.09,0,0,-0.16
24.467,2.2,1.5,5.5,0.047,-0.005,-1.022,-0.09,0,0,-0.16
24.471,2.3,1.3,5.4,0.044,-0.007,-1.026,-0.09,0,0,-0.16
24.474,2.1,1,5.5,0.043,-0.009,-1.03,-0.09,0,0,-0.16
24.477,2.3,0.6,5.7,0.041,-0.01,-1.033,-0.09,0,0,-0.16
24.480,2.1,0.4,5.6,0.04,-0.011,-1.034,-0.09,0,0,-0.16
24.495,2.1,0,5.8,0.04,-0.01,-1.032,-0.09,0,0,0
24.509,2.4,-0.4,6.1,0.042,-0.007,-1.029,-0.09,0,0,0
24.524,2.7,-0.8,6.2,0.046,-0.004,-1.025,-0.09,0,0,0
24.527,3,-1.2,6.5,0.047,-0.002,-1.02,-0.09,0,0,-0.16
24.531,3.1,-1.6,6.7,0.048,0,-1.014,-0.09,0,0,-0.16
24.534,3.2,-1.6,7.1,0.049,0,-1.01,-0.09,0,0,-0.16
24.537,3.2,-1.7,7.4,0.049,0,-1.007,-0.09,0,0,-0.16
24.540,3.4,-1.8,7.9,0.049,0,-1.003,-0.09,0,0,-0.16
24.543,3.3,-1.7,8.2,0.048,-0.001,-1,-0.09,0,0,-0.16
24.546,3.2,-1.4,8.5,0.046,-0.003,-1.002,-0.09,0,0,-0.16
24.549,3.1,-1.4,8.7,0.043,-0.003,-1.002,-0.09,0,0,-0.16
24.553,3.3,-1,9.1,0.041,-0.003,-1.002,-0.09,0,0,-0.16
24.556,3,-0.8,9.4,0.039,-0.004,-1.003,-0.09,0,0,-0.16
24.559,3.2,-0.3,9.7,0.038,-0.007,-1.004,-0.09,0,0,-0.16
24.562,3.2,0.2,10.1,0.035,-0.01,-1.004,-0.09,0,0,-0.16
24.565,3.1,0.7,10.4,0.033,-0.011,-1.005,-0.09,0,0,-0.16
24.568,3,1.2,10.7,0.031,-0.014,-1.007,-0.09,0,0,-0.16
24.571,3,1.8,10.9,0.032,-0.015,-1.008,-0.09,0,0,-0.16
24.579,2.9,2.2,11.3,0.031,-0.017,-1.009,-0.11,0,0,0
24.587,2.9,2.5,11.7,0.03,-0.017,-1.01,-0.11,0,0,0
24.594,3.1,3,12.2,0.029,-0.018,-1.01,-0.11,0,0,0
24.602,3.1,3.2,12.3,0.028,-0.018,-1.01,-0.11,0,0,0
24.609,3,3.4,12.6,0.028,-0.02,-1.01,-0.11,0,0,0
24.617,3,3.6,12.6,0.028,-0.022,-1.011,-0.11,0,0,0
24.622,3,3.7,12.8,0.03,-0.022,-1.01,-0.11,0,0,0
24.627,2.9,3.8,13,0.034,-0.023,-1.011,-0.11,0,0,0
24.631,2.8,4,12.8,0.038,-0.024,-1.01,-0.11,0,0,0
24.636,2.6,4,13.1,0.041,-0.023,-1.008,-0.11,0,0,0
24.641,2.4,4.2,13.4,0.04,-0.022,-1.007,-0.11,0,0,0
24.646,2.2,4.3,13.5,0.041,-0.02,-1.005,-0.11,0,0,0
24.650,2,4.6,13.8,0.041,-0.018,-1.005,-0.11,0,0,0
24.655,2,4.7,14.2,0.039,-0.017,-1.004,-0.11,0,0,0
24.660,1.9,4.8,14.7,0.038,-0.016,-1.004,-0.11,0,0,0
24.665,1.7,4.9,14.7,0.038,-0.015,-1.004,-0.11,0,0,0
24.670,1.7,4.9,15,0.037,-0.013,-1.005,-0.11,0,0,0
24.675,1.8,4.9,15.3,0.037,-0.013,-1.005,-0.1,0,0.16,0
24.680,1.8,4.8,15.4,0.04,-0.013,-1.003,-0.1,0,0.16,0
24.685,2.1,4.7,15.5,0.042,-0.012,-1.003,-0.1,0,0.16,0
24.691,2.1,4.1,15.5,0.044,-0.013,-1.001,-0.1,0,0.16,0
24.696,2.2,4.1,15.5,0.046,-0.017,-1.002,-0.1,0,0.16,0
24.701,1.9,3.6,15.5,0.046,-0.019,-1.002,-0.1,0,0.16,0
24.706,1.6,3,15.4,0.048,-0.022,-1.002,-0.1,0,0.16,0
24.712,1.2,2.4,15.4,0.049,-0.027,-1.001,-0.1,0,0.16,0
24.716,0.6,2,15.4,0.049,-0.03,-1.002,-0.14,-0.01,-0.16,-0.16
24.721,0,1.3,15.2,0.051,-0.031,-1,-0.14,-0.01,-0.16,-0.16
24.726,-0.6,0.5,15,0.053,-0.033,-1,-0.14,-0.01,-0.16,-0.16
24.731,-1.1,0.2,15.2,0.055,-0.033,-1.002,-0.14,-0.01,-0.16,-0.16
24.736,-1.5,-0.3,15.2,0.056,-0.034,-1.003,-0.14,-0.01,-0.16,-0.16
24.740,-2.1,-0.6,14.9,0.054,-0.033,-1.006,-0.14,-0.01,-0.16,-0.16
24.745,-2.6,-0.9,15.1,0.053,-0.032,-1.007,-0.14,-0.01,-0.16,-0.16
24.750,-3,-1.7,15.2,0.051,-0.031,-1.008,-0.14,-0.01,-0.16,-0.16
24.755,-3.3,-1.7,15.1,0.049,-0.029,-1.01,-0.14,-0.01,-0.16,-0.16
24.760,-3.6,-1.9,15.3,0.047,-0.027,-1.011,-0.14,-0.01,-0.16,-0.16
24.764,-3.9,-2.2,15.3,0.043,-0.024,-1.01,-0.16,-0.02,0,0
24.768,-4,-2.2,15.3,0.038,-0.021,-1.009,-0.16,-0.02,0,0
24.773,-4,-2.2,15.3,0.034,-0.017,-1.007,-0.16,-0.02,0,0
24.777,-3.8,-2,15.1,0.029,-0.014,-1.006,-0.16,-0.02,0,0
24.782,-3.6,-2.2,15.1,0.026,-0.009,-1.005,-0.16,-0.02,0,0
24.786,-3.6,-2,15.2,0.023,-0.006,-1.004,-0.16,-0.02,0,0
24.790,-3.4,-2.2,15.4,0.02,-0.005,-1.002,-0.16,-0.02,0,0
24.795,-3.4,-2.2,15.5,0.018,-0.004,-1.002,-0.16,-0.02,0,0
24.799,-3.3,-2.3,15.9,0.018,-0.003,-1.003,-0.16,-0.02,0,0
24.804,-3.3,-2.4,16,0.019,-0.003,-1.002,-0.16,-0.02,0,0
24.808,-3.3,-2.4,16.3,0.022,-0.004,-1.002,-0.16,-0.02,0,0
24.815,-3.4,-2.5,16.3,0.023,-0.004,-1.003,-0.15,-0.02,0.16,0
24.822,-3.4,-2.6,16.8,0.026,-0.005,-1.004,-0.15,-0.02,0.16,0
24.829,-3.4,-2.6,17.2,0.029,-0.008,-1.006,-0.15,-0.02,0.16,0
24.836,-3.4,-2.6,17.7,0.03,-0.012,-1.006,-0.15,-0.02,0.16,0
24.842,-3.4,-2.4,18.1,0.032,-0.016,-1.006,-0.15,-0.02,0.16,0
24.849,-3.3,-2.3,18.6,0.034,-0.02,-1.006,-0.15,-0.02,0.16,0
24.856,-3.3,-2.3,19.3,0.034,-0.022,-1.006,-0.15,-0.02,0.16,0
24.860,-3.4,-2.2,19.8,0.033,-0.024,-1.007,-0.14,-0.02,0,0
24.864,-3.6,-1.9,20.4,0.034,-0.025,-1.008,-0.14,-0.02,0,0
24.868,-3.3,-1.8,21,0.034,-0.025,-1.009,-0.14,-0.02,0,0
24.872,-3.2,-1.6,21.5,0.035,-0.026,-1.01,-0.14,-0.02,0,0
24.876,-2.9,-1.2,22.2,0.034,-0.022,-1.011,-0.14,-0.02,0,0
24.879,-2.5,-0.8,22.5,0.036,-0.018,-1.011,-0.14,-0.02,0,0
24.883,-2.1,-0.6,23,0.039,-0.016,-1.012,-0.14,-0.02,0,0
24.887,-1.8,-0.2,23.6,0.04,-0.012,-1.013,-0.14,-0.02,0,0
24.891,-1.5,0.1,24.3,0.04,-0.009,-1.015,-0.14,-0.02,0,0
24.895,-1.2,0.5,24.7,0.038,-0.007,-1.017,-0.14,-0.02,0,0
24.899,-1,1.2,25.1,0.036,-0.006,-1.017,-0.14,-0.02,0,0
24.906,-0.8,1.8,26,0.032,-0.005,-1.017,-0.14,-0.02,0,0
24.912,-0.5,2.1,26.6,0.029,-0.005,-1.015,-0.14,-0.02,0,0
24.919,-0.4,2.7,27.5,0.025,-0.005,-1.013,-0.14,-0.02,0,0
24.926,-0.4,3.2,28.1,0.021,-0.006,-1.01,-0.14,-0.02,0,0
24.933,-0.5,3.8,28.6,0.017,-0.008,-1.006,-0.14,-0.02,0,0
24.940,-0.6,4.2,29,0.011,-0.009,-1.002,-0.14,-0.02,0,0
24.947,-0.9,4.7,29.4,0.01,-0.008,-0.999,-0.14,-0.02,0,0
24.952,-1,5.4,29.6,0.012,-0.008,-0.996,-0.12,-0.03,0.16,-0.16
24.958,-1.5,6,29.7,0.015,-0.006,-0.996,-0.12,-0.03,0.16,-0.16
24.963,-1.6,6.5,29.9,0.02,-0.002,-0.996,-0.12,-0.03,0.16,-0.16
24.968,-1.8,7.3,29.8,0.021,0,-0.999,-0.12,-0.03,0.16,-0.16
24.974,-2,8.2,29.7,0.023,0.001,-1.001,-0.12,-0.03,0.16,-0.16
24.979,-1.6,9,29.7,0.023,0.004,-1.004,-0.12,-0.03,0.16,-0.16
24.985,-1.5,9.9,30,0.024,0.006,-1.009,-0.12,-0.03,0.16,-0.16
24.990,-1.4,10.9,29.9,0.025,0.006,-1.015,-0.12,-0.03,0.16,-0.16
24.996,-1,11.8,29.7,0.024,0.008,-1.019,-0.12,-0.03,0.16,-0.16
24.999,-0.8,12.7,29.7,0.025,0.007,-1.022,-0.07,-0.02,0,-0.33
25.003,-0.4,13.7,29.6,0.025,0.004,-1.024,-0.07,-0.02,0,-0.33
25.006,-0.3,14.6,29.7,0.026,0,-1.024,-0.07,-0.02,0,-0.33
25.010,-0.2,15.3,29.6,0.026,-0.002,-1.023,-0.07,-0.02,0,-0.33
25.013,-0.3,16.2,29.9,0.025,-0.004,-1.021,-0.07,-0.02,0,-0.33
25.017,-0.6,16.7,29.9,0.026,-0.007,-1.018,-0.07,-0.02,0,-0.33
25.020,-0.3,17.3,30.1,0.029,-0.007,-1.016,-0.07,-0.02,0,-0.33
25.024,-0.3,17.7,30.5,0.032,-0.006,-1.014,-0.07,-0.02,0,-0.33
25.027,-0.3,18.2,30.7,0.036,-0.008,-1.012,-0.07,-0.02,0,-0.33
25.031,-0.3,18.7,30.7,0.04,-0.009,-1.01,-0.07,-0.02,0,-0.33
25.034,-0.3,19,30.7,0.043,-0.009,-1.009,-0.07,-0.02,0,-0.33
25.038,0,19.3,30.5,0.044,-0.01,-1.007,-0.07,-0.02,0,-0.33
25.041,0,19.3,30.4,0.045,-0.011,-1.008,-0.07,-0.02,0,-0.33
25.046,-0.3,19.4,30,0.047,-0.01,-1.01,-0.09,-0.02,0,-0.33
25.051,-0.1,19.4,29.9,0.049,-0.009,-1.011,-0.09,-0.02,0,-0.33
25.056,-0.3,19.2,29.7,0.05,-0.008,-1.014,-0.09,-0.02,0,-0.33
25.061,-0.4,18.9,29.3,0.051,-0.008,-1.018,-0.09,-0.02,0,-0.33
25.066,-0.5,18.7,29.2,0.052,-0.004,-1.019,-0.09,-0.02,0,-0.33
25.071,-0.6,18.2,29.1,0.055,-0.002,-1.019,-0.09,-0.02,0,-0.33
25.076,-0.8,18,28.9,0.06,0,-1.019,-0.09,-0.02,0,-0.33
25.081,-0.9,17.7,28.9,0.062,-0.001,-1.019,-0.09,-0.02,0,-0.33
25.086,-1.2,17.3,28.8,0.066,-0.002,-1.018,-0.09,-0.02,0,-0.33
25.092,-1.5,17.1,28.7,0.069,-0.002,-1.017,-0.09,-0.01,0.16,-0.33
25.098,-1.7,16.3,28.7,0.071,-0.004,-1.016,-0.09,-0.01,0.16,-0.33
25.104,-1.8,15.9,28.6,0.073,-0.005,-1.015,-0.09,-0.01,0.16,-0.33
25.110,-1.7,15.1,28.6,0.075,-0.005,-1.015,-0.09,-0.01,0.16,-0.33
25.115,-1.7,14.3,28.5,0.077,-0.006,-1.015,-0.09,-0.01,0.16,-0.33
25.121,-1.5,13.9,28.3,0.08,-0.007,-1.014,-0.09,-0.01,0.16,-0.33
25.127,-1.1,12.6,28.1,0.085,-0.008,-1.013,-0.09,-0.01,0.16,-0.33
25.133,-0.8,11.9,28.4,0.09,-0.012,-1.012,-0.09,-0.01,0.16,-0.33
25.138,-0.3,11,28.4,0.092,-0.015,-1.012,-0.07,-0.01,0,-0.16
25.142,-0.4,10.1,28.3,0.094,-0.018,-1.013,-0.07,-0.01,0,-0.16
25.147,-0.3,9,28.3,0.098,-0.021,-1.013,-0.07,-0.01,0,-0.16
25.151,-0.4,7.9,28.5,0.098,-0.022,-1.013,-0.07,-0.01,0,-0.16
25.156,-0.3,6.6,28.4,0.1,-0.021,-1.015,-0.07,-0.01,0,-0.16
25.160,-0.2,5.6,28.1,0.103,-0.018,-1.015,-0.07,-0.01,0,-0.16
25.165,-0.1,4.6,28.3,0.105,-0.015,-1.014,-0.07,-0.01,0,-0.16
25.169,-0.1,3.4,28.5,0.107,-0.014,-1.014,-0.07,-0.01,0,-0.16
25.174,0.2,2.7,28.7,0.109,-0.013,-1.012,-0.07,-0.01,0,-0.16
25.179,0.6,1.8,28.8,0.111,-0.012,-1.009,-0.07,-0.01,0,-0.16
25.183,0.5,1.2,28.8,0.111,-0.011,-1.007,-0.07,-0.01,0,-0.16
25.190,0.7,0.2,28.8,0.11,-0.013,-1.004,-0.08,-0.01,0.16,0
25.197,0.9,-0.4,28.6,0.108,-0.014,-1.001,-0.08,-0.01,0.16,0
25.204,1,-1.1,28.5,0.105,-0.013,-0.998,-0.08,-0.01,0.16,0
25.211,1,-1.6,28.4,0.102,-0.014,-0.996,-0.08,-0.01,0.16,0
25.218,1,-2.5,28.4,0.099,-0.017,-0.994,-0.08,-0.01,0.16,0
25.225,0.9,-3.6,28.2,0.096,-0.019,-0.992,-0.08,-0.01,0.16,0
25.232,0.7,-4.2,28,0.093,-0.022,-0.991,-0.08,-0.01,0.16,0
25.235,0.6,-5.2,28,0.091,-0.025,-0.991,-0.1,-0.01,0,0
25.239,0.4,-6.3,27.7,0.089,-0.026,-0.992,-0.1,-0.01,0,0
25.243,0.4,-7.2,27.7,0.089,-0.025,-0.993,-0.1,-0.01,0,0
25.247,0.6,-8.3,27.6,0.09,-0.025,-0.996,-0.1,-0.01,0,0
25.251,0.6,-9.2,27.7,0.091,-0.026,-1.001,-0.1,-0.01,0,0
25.255,0.7,-10.1,27.5,0.093,-0.028,-1.004,-0.1,-0.01,0,0
25.259,0.8,-10.6,27.7,0.092,-0.028,-1.009,-0.1,-0.01,0,0
25.263,0.8,-11.4,27.8,0.09,-0.03,-1.012,-0.1,-0.01,0,0
25.267,0.7,-11.9,27.6,0.086,-0.032,-1.014,-0.1,-0.01,0,0
25.270,0.6,-12.2,27.7,0.081,-0.033,-1.017,-0.1,-0.01,0,0
25.274,0.6,-12.2,27.7,0.074,-0.034,-1.019,-0.1,-0.01,0,0
25.281,0.1,-12.2,27.6,0.069,-0.035,-1.019,-0.12,0,0,0.16
25.288,0.2,-12.2,27.8,0.063,-0.034,-1.018,-0.12,0,0,0.16
25.295,0.3,-12,27.9,0.059,-0.032,-1.017,-0.12,0,0,0.16
25.302,0.4,-11.7,27.7,0.056,-0.029,-1.012,-0.12,0,0,0.16
25.308,0.9,-11.3,27.7,0.051,-0.025,-1.008,-0.12,0,0,0.16
25.315,1,-10.7,28,0.048,-0.022,-1.003,-0.12,0,0,0.16
25.322,1,-10.3,28,0.048,-0.024,-1,-0.12,0,0,0.16
25.326,1.2,-9.8,28.3,0.045,-0.025,-0.996,-0.12,-0.01,0.49,0
25.331,1.2,-9.2,28.5,0.045,-0.029,-0.994,-0.12,-0.01,0.49,0
25.335,1,-8.8,28.8,0.047,-0.029,-0.991,-0.12,-0.01,0.49,0
25.340,1.2,-8.3,29.1,0.047,-0.03,-0.991,-0.12,-0.01,0.49,0
25.344,1.3,-7.7,29.4,0.045,-0.034,-0.991,-0.12,-0.01,0.49,0
25.349,1.3,-7.3,29.6,0.043,-0.036,-0.992,-0.12,-0.01,0.49,0
25.353,1.5,-6.6,29.7,0.041,-0.04,-0.995,-0.12,-0.01,0.49,0
25.358,1.7,-6.1,30,0.038,-0.043,-0.997,-0.12,-0.01,0.49,0
25.362,1.6,-5.5,30.3,0.037,-0.045,-1,-0.12,-0.01,0.49,0
25.366,1.2,-4.8,31,0.036,-0.051,-1.002,-0.12,-0.01,0.49,0
25.371,0.8,-3.9,31.5,0.035,-0.057,-1.004,-0.12,-0.01,0.49,0
25.378,0,-3.1,31.9,0.034,-0.063,-1.006,-0.12,-0.01,0,0.16
25.385,-0.9,-2.3,32.7,0.031,-0.07,-1.008,-0.12,-0.01,0,0.16
25.391,-2.2,-1.6,33.5,0.027,-0.077,-1.012,-0.12,-0.01,0,0.16
25.398,-3.6,-0.9,34.5,0.026,-0.085,-1.017,-0.12,-0.01,0,0.16
25.405,-4.9,-0.5,35.2,0.026,-0.091,-1.022,-0.12,-0.01,0,0.16
25.412,-6.1,0.1,35.7,0.027,-0.092,-1.023,-0.12,-0.01,0,0.16
25.419,-7,0.6,36.3,0.031,-0.089,-1.022,-0.12,-0.01,0,0.16
25.423,-7.5,0.9,36,0.034,-0.085,-1.018,-0.11,-0.01,0.16,0
25.427,-7.5,1.3,35.8,0.041,-0.079,-1.014,-0.11,-0.01,0.16,0
25.430,-7.2,1.7,35.6,0.047,-0.07,-1.011,-0.11,-0.01,0.16,0
25.434,-7.3,2,35.7,0.051,-0.061,-1.006,-0.11,-0.01,0.16,0
25.438,-6.8,2.3,35.4,0.056,-0.052,-1,-0.11,-0.01,0.16,0
25.442,-6.4,2.5,35.3,0.061,-0.045,-0.994,-0.11,-0.01,0.16,0
25.446,-6.4,2.6,35.3,0.063,-0.037,-0.993,-0.11,-0.01,0.16,0
25.450,-6.1,2.4,35.5,0.064,-0.029,-0.992,-0.11,-0.01,0.16,0
25.453,-6.6,2.1,35.7,0.066,-0.026,-0.995,-0.11,-0.01,0.16,0
25.457,-6.8,2.3,36.3,0.066,-0.019,-1,-0.11,-0.01,0.16,0
25.461,-6.9,2.1,37.2,0.066,-0.015,-1.006,-0.11,-0.01,0.16,0
25.466,-7.3,2,38.1,0.069,-0.014,-1.013,-0.1,0,0,-0.16
25.471,-7.3,2.2,39.3,0.069,-0.013,-1.02,-0.1,0,0,-0.16
25.476,-7.2,2.2,40,0.07,-0.016,-1.027,-0.1,0,0,-0.16
25.480,-7.1,2.5,40.3,0.068,-0.016,-1.032,-0.1,0,0,-0.16
25.485,-7,2.6,40.4,0.065,-0.015,-1.035,-0.1,0,0,-0.16
25.490,-7,2.9,40.2,0.062,-0.016,-1.035,-0.1,0,0,-0.16
25.495,-6.8,3.2,39.9,0.062,-0.015,-1.032,-0.1,0,0,-0.16
25.500,-6.7,3.7,39.2,0.059,-0.016,-1.025,-0.1,0,0,-0.16
25.505,-7.2,4.1,38.8,0.058,-0.015,-1.019,-0.1,0,0,-0.16
25.509,-7.3,4.8,38.7,0.055,-0.014,-1.012,-0.1,0,0,-0.16
25.514,-7.9,4.9,38.3,0.052,-0.016,-1.002,-0.16,-0.01,0.51,0
25.519,-8.4,5.3,37.9,0.052,-0.015,-0.994,-0.16,-0.01,0.51,0
25.523,-8.7,5.5,37.4,0.052,-0.013,-0.987,-0.16,-0.01,0.51,0
25.528,-9.2,6,37,0.051,-0.011,-0.983,-0.16,-0.01,0.51,0
25.532,-9.1,6,36.4,0.052,-0.008,-0.98,-0.16,-0.01,0.51,0
25.537,-8.7,6.2,36.1,0.057,-0.005,-0.98,-0.16,-0.01,0.51,0
25.542,-8.2,6.3,36,0.062,-0.001,-0.983,-0.16,-0.01,0.51,0
25.546,-7.6,6.6,35.9,0.068,0,-0.988,-0.16,-0.01,0.51,0
25.551,-6.7,6.9,36.3,0.073,0.001,-0.993,-0.16,-0.01,0.51,0
25.555,-5.9,7.2,36.1,0.078,0.002,-1,-0.16,-0.01,0.51,0
25.561,-4.8,7.4,36.1,0.08,0.004,-1.005,-0.19,0,0.16,0
25.567,-4,7.7,36.2,0.077,0.008,-1.012,-0.19,0,0.16,0
25.572,-3.2,8.4,36.9,0.075,0.011,-1.018,-0.19,0,0.16,0
25.578,-2.6,8.8,36.8,0.073,0.012,-1.023,-0.19,0,0.16,0
25.584,-2.1,9.2,36.9,0.07,0.015,-1.028,-0.19,0,0.16,0
25.590,-1.7,9.6,37.1,0.067,0.018,-1.029,-0.19,0,0.16,0
25.595,-1.2,10.3,37.2,0.065,0.02,-1.028,-0.19,0,0.16,0
25.601,-0.9,10.9,37.2,0.064,0.021,-1.026,-0.19,0,0.16,0
25.605,-0.8,11.5,37.2,0.062,0.021,-1.023,-0.21,0,0,-0.16
25.610,-0.4,12,37.4,0.062,0.019,-1.02,-0.21,0,0,-0.16
25.614,-0.3,12.3,37.4,0.062,0.019,-1.016,-0.21,0,0,-0.16
25.618,-0.3,12.6,37.4,0.062,0.016,-1.012,-0.21,0,0,-0.16
25.623,0,12.8,37.5,0.063,0.012,-1.009,-0.21,0,0,-0.16
25.627,-0.1,12.8,37.2,0.069,0.007,-1.008,-0.21,0,0,-0.16
25.631,-0.1,12.5,37.2,0.073,0.001,-1.007,-0.21,0,0,-0.16
25.635,-0.1,12,37,0.08,-0.006,-1.003,-0.21,0,0,-0.16
25.640,-0.2,11.7,37,0.085,-0.01,-1,-0.21,0,0,-0.16
25.644,-0.1,11,36.6,0.092,-0.017,-1,-0.21,0,0,-0.16
25.648,0,10.6,36.4,0.097,-0.022,-0.997,-0.21,0,0,-0.16
25.654,-0.1,9.9,36.4,0.103,-0.026,-0.997,-0.18,0,0.16,-0.49
25.660,0,9.5,36.3,0.108,-0.028,-0.998,-0.18,0,0.16,-0.49
25.667,0.2,8.8,36.4,0.112,-0.03,-1.001,-0.18,0,0.16,-0.49
25.673,0.2,8.4,36.7,0.113,-0.03,-1.003,-0.18,0,0.16,-0.49
25.679,0.2,7.9,37,0.113,-0.029,-1.004,-0.18,0,0.16,-0.49
25.685,0.2,7.3,37.1,0.108,-0.031,-1.005,-0.18,0,0.16,-0.49
25.691,0.3,7.1,37.2,0.103,-0.03,-1.006,-0.18,0,0.16,-0.49
25.697,0,6.6,37,0.098,-0.027,-1.008,-0.18,0,0.16,-0.49
25.702,0,6.5,37.1,0.094,-0.023,-1.008,-0.12,0,0,-0.16
25.707,0.1,6.2,36.9,0.09,-0.016,-1.007,-0.12,0,0,-0.16
25.712,-0.1,5.9,37.1,0.086,-0.012,-1.008,-0.12,0,0,-0.16
25.717,0,6,37.2,0.084,-0.007,-1.01,-0.12,0,0,-0.16
25.721,-0.1,6.2,37.1,0.082,-0.004,-1.011,-0.12,0,0,-0.16
25.726,-0.3,6,37.2,0.082,-0.004,-1.012,-0.12,0,0,-0.16
25.731,-0.8,5.9,37.2,0.08,-0.002,-1.015,-0.12,0,0,-0.16
25.736,-1.2,5.6,37.4,0.081,-0.005,-1.017,-0.12,0,0,-0.16
25.741,-1.2,5.1,37.4,0.08,-0.008,-1.019,-0.12,0,0,-0.16
25.746,-1.7,4.5,37.4,0.081,-0.009,-1.018,-0.12,0,0,-0.16
25.752,-2,4,37.3,0.086,-0.013,-1.018,-0.1,0,0,0
25.758,-2.3,3.5,37.2,0.093,-0.016,-1.015,-0.1,0,0,0
25.764,-2.3,2.9,37,0.102,-0.022,-1.013,-0.1,0,0,0
25.770,-2.2,2.2,37.1,0.112,-0.026,-1.01,-0.1,0,0,0
25.776,-2.2,1.6,37.1,0.117,-0.03,-1.006,-0.1,0,0,0
25.782,-2.3,1.3,36.9,0.122,-0.033,-1.002,-0.1,0,0,0
25.788,-2.4,0.7,36.9,0.126,-0.035,-1,-0.1,0,0,0
25.794,-2.3,0.4,36.8,0.127,-0.036,-1,-0.1,0,0,0
25.798,-2.2,-0.1,36.8,0.126,-0.037,-1.002,-0.08,0,0,-0.33
25.802,-2.2,-0.3,36.6,0.121,-0.036,-1.003,-0.08,0,0,-0.33
25.807,-1.8,-0.6,36.4,0.115,-0.032,-1.002,-0.08,0,0,-0.33
25.811,-1.5,-0.9,36.4,0.11,-0.031,-1.002,-0.08,0,0,-0.33
25.815,-1.5,-1.3,36.1,0.105,-0.029,-1.003,-0.08,0,0,-0.33
25.819,-1.2,-1.4,36.1,0.102,-0.025,-1.005,-0.08,0,0,-0.33
25.824,-1.4,-1.4,35.8,0.1,-0.023,-1.007,-0.08,0,0,-0.33
25.828,-1.4,-1.4,35.9,0.097,-0.022,-1.009,-0.08,0,0,-0.33
25.832,-1.9,-1.6,35.9,0.093,-0.019,-1.011,-0.08,0,0,-0.33
25.836,-2.1,-2,35.7,0.09,-0.019,-1.014,-0.08,0,0,-0.33
25.842,-2.4,-2.8,35.5,0.087,-0.017,-1.017,-0.06,0,0.16,0
25.847,-2.3,-3.4,35,0.087,-0.015,-1.016,-0.06,0,0.16,0
25.852,-2.6,-4.3,34.6,0.089,-0.012,-1.017,-0.06,0,0.16,0
25.858,-2.2,-5.4,34.1,0.095,-0.01,-1.014,-0.06,0,0.16,0
25.863,-2,-6.7,33.7,0.103,-0.007,-1.011,-0.06,0,0.16,0
25.868,-1.8,-7.8,33.3,0.109,-0.007,-1.007,-0.06,0,0.16,0
25.874,-1.4,-9.1,33.1,0.114,-0.007,-1.004,-0.06,0,0.16,0
25.879,-1.2,-10.2,33.2,0.119,-0.011,-1.003,-0.06,0,0.16,0
25.884,-1.1,-11.5,33.3,0.12,-0.015,-1.001,-0.06,0,0.16,0
25.888,-0.8,-12.8,33.4,0.122,-0.019,-0.999,-0.04,0,0,0.33
25.892,-0.7,-14.1,33.6,0.122,-0.023,-1,-0.04,0,0,0.33
25.896,-0.6,-15.2,33.9,0.119,-0.026,-1.001,-0.04,0,0,0.33
25.900,-0.6,-16.6,34.1,0.115,-0.028,-1.001,-0.04,0,0,0.33
25.903,-0.7,-17.4,33.9,0.108,-0.033,-1.001,-0.04,0,0,0.33
25.907,-0.7,-18.1,34,0.1,-0.035,-1.004,-0.04,0,0,0.33
25.911,-1,-18.8,34.1,0.094,-0.04,-1.005,-0.04,0,0,0.33
25.915,-1.1,-19.6,33.9,0.086,-0.043,-1.005,-0.04,0,0,0.33
25.919,-1.2,-20,34,0.078,-0.044,-1.005,-0.04,0,0,0.33
25.923,-1.4,-20.3,33.9,0.072,-0.045,-1.004,-0.04,0,0,0.33
25.926,-1.4,-20.4,34.1,0.063,-0.044,-1.004,-0.04,0,0,0.33
25.930,-1.6,-20.7,33.9,0.056,-0.044,-1.005,-0.04,0,0,0.33
25.934,-1.6,-20.6,33.8,0.051,-0.043,-1.005,-0.04,0,0,0.33
25.940,-1.6,-20.7,33.7,0.044,-0.041,-1.005,-0.02,0,0.16,0.5
25.947,-1.6,-20.7,33.5,0.042,-0.04,-1.007,-0.02,0,0.16,0.5
25.953,-1.6,-20.8,33.4,0.04,-0.036,-1.009,-0.02,0,0.16,0.5
25.960,-1.7,-20.8,33.5,0.041,-0.035,-1.008,-0.02,0,0.16,0.5
25.966,-1.6,-20.7,33.3,0.043,-0.033,-1.005,-0.02,0,0.16,0.5
25.973,-1.7,-20.7,33.5,0.045,-0.034,-1.004,-0.02,0,0.16,0.5
25.979,-1.5,-20.7,33.9,0.047,-0.034,-1.002,-0.02,0,0.16,0.5
25.983,-1.5,-20.5,34.1,0.05,-0.035,-1.001,-0.02,0,0.16,0.32
25.987,-1.4,-20.3,34.4,0.051,-0.036,-1.001,-0.02,0,0.16,0.32
25.991,-1.4,-20,34.4,0.052,-0.037,-1.003,-0.02,0,0.16,0.32
25.995,-1.4,-19.6,34.7,0.053,-0.038,-1.005,-0.02,0,0.16,0.32
26.000,-1.5,-19.1,34.6,0.053,-0.041,-1.007,-0.02,0,0.16,0.32
26.004,-1.9,-18.3,34.4,0.052,-0.041,-1.009,-0.02,0,0.16,0.32
26.008,-2.5,-17.4,34.1,0.048,-0.045,-1.012,-0.02,0,0.16,0.32
26.012,-3.2,-16.6,33.8,0.043,-0.048,-1.015,-0.02,0,0.16,0.32
26.016,-4,-15.6,33.4,0.036,-0.051,-1.018,-0.02,0,0.16,0.32
26.020,-5.2,-14.9,33.2,0.03,-0.055,-1.019,-0.02,0,0.16,0.32
26.024,-6.3,-13.7,33,0.023,-0.058,-1.022,-0.02,0,0.16,0.32
26.030,-7.5,-12.7,32.9,0.014,-0.059,-1.025,-0.02,0,0.32,0.32
26.037,-8.4,-11.8,32.8,0.005,-0.061,-1.026,-0.02,0,0.32,0.32
26.043,-9.2,-10.8,32.7,-0.001,-0.059,-1.027,-0.02,0,0.32,0.32
26.050,-9.7,-10,32.5,-0.003,-0.058,-1.025,-0.02,0,0.32,0.32
26.056,-9.7,-9.1,32.3,-0.004,-0.052,-1.022,-0.02,0,0.32,0.32
26.063,-9.3,-8.4,32.5,-0.006,-0.043,-1.017,-0.02,0,0.32,0.32
26.069,-8.7,-7.7,32.1,-0.008,-0.039,-1.009,-0.02,0,0.32,0.32
26.074,-8,-6.8,32,-0.007,-0.032,-0.999,-0.04,-0.01,0.16,0.33
26.079,-7.5,-6.3,32.1,-0.006,-0.03,-0.991,-0.04,-0.01,0.16,0.33
26.084,-7.2,-5.5,32.4,-0.002,-0.031,-0.985,-0.04,-0.01,0.16,0.33
26.090,-7.1,-4.7,32.8,0.003,-0.03,-0.98,-0.04,-0.01,0.16,0.33
26.095,-7.2,-3.7,33.2,0.008,-0.03,-0.976,-0.04,-0.01,0.16,0.33
26.100,-7.3,-2.7,33.6,0.012,-0.031,-0.976,-0.04,-0.01,0.16,0.33
26.105,-7.5,-1.7,33.9,0.013,-0.032,-0.978,-0.04,-0.01,0.16,0.33
26.110,-7.5,-0.5,34.1,0.011,-0.034,-0.983,-0.04,-0.01,0.16,0.33
26.115,-7.4,0.2,34.1,0.007,-0.033,-0.99,-0.04,-0.01,0.16,0.33
26.120,-7.2,1.6,34,0.001,-0.032,-0.996,-0.04,-0.01,0.16,0.33
26.127,-7.2,2.9,34.1,-0.002,-0.032,-1.002,-0.06,-0.01,0.16,0
26.134,-7.1,4.3,34.3,-0.007,-0.031,-1.009,-0.06,-0.01,0.16,0
26.141,-6.9,5.6,34.3,-0.012,-0.029,-1.012,-0.06,-0.01,0.16,0
26.148,-7,6.9,34.2,-0.015,-0.03,-1.014,-0.06,-0.01,0.16,0
26.155,-7.2,8.1,34.3,-0.015,-0.026,-1.014,-0.06,-0.01,0.16,0
26.162,-7.5,9.4,34.5,-0.015,-0.024,-1.013,-0.06,-0.01,0.16,0
26.169,-7.5,10.8,34.7,-0.014,-0.02,-1.012,-0.06,-0.01,0.16,0
26.173,-7.6,11.9,34.7,-0.012,-0.015,-1.012,-0.06,-0.01,0.16,-0.33
26.177,-7.8,13.4,34.9,-0.009,-0.011,-1.01,-0.06,-0.01,0.16,-0.33
26.181,-7.3,14.6,35,-0.005,-0.002,-1.006,-0.06,-0.01,0.16,-0.33
26.184,-6.7,15.6,35.3,0,0.003,-1.004,-0.06,-0.01,0.16,-0.33
26.188,-6,16.8,35.2,0,0.01,-0.999,-0.06,-0.01,0.16,-0.33
26.192,-5.3,17.6,35.4,0.002,0.014,-0.995,-0.06,-0.01,0.16,-0.33
26.196,-4.9,18.4,35.3,0.005,0.012,-0.992,-0.06,-0.01,0.16,-0.33
26.200,-4.4,19.5,35.1,0.008,0.012,-0.988,-0.06,-0.01,0.16,-0.33
26.203,-4.1,20.1,35.4,0.013,0.008,-0.985,-0.06,-0.01,0.16,-0.33
26.207,-4.1,20.6,35.4,0.02,0.005,-0.984,-0.06,-0.01,0.16,-0.33
26.211,-3.7,21.2,35.3,0.024,0.001,-0.984,-0.06,-0.01,0.16,-0.33
26.218,-3.5,22,35,0.028,-0.001,-0.983,-0.07,-0.02,0,-0.16
26.225,-3.1,22.2,35,0.031,-0.001,-0.983,-0.07,-0.02,0,-0.16
26.232,-2.9,22.9,34.6,0.033,-0.003,-0.985,-0.07,-0.02,0,-0.16
26.239,-2.5,23.3,34.4,0.037,-0.007,-0.988,-0.07,-0.02,0,-0.16
26.245,-2.5,23.6,34.4,0.041,-0.011,-0.994,-0.07,-0.02,0,-0.16
26.252,-2.8,24.2,34.4,0.045,-0.016,-1,-0.07,-0.02,0,-0.16
26.259,-2.8,24.3,34.1,0.05,-0.014,-1.005,-0.07,-0.02,0,-0.16
26.264,-2.9,24.4,33.9,0.055,-0.012,-1.008,-0.09,-0.02,0.16,-0.5
26.268,-2.9,24.6,33.7,0.06,-0.004,-1.01,-0.09,-0.02,0.16,-0.5
26.272,-2.7,24.2,33.2,0.066,0.001,-1.011,-0.09,-0.02,0.16,-0.5
26.277,-2.5,24.1,33.2,0.073,0.008,-1.012,-0.09,-0.02,0.16,-0.5
26.281,-2.3,23.7,32.8,0.076,0.014,-1.013,-0.09,-0.02,0.16,-0.5
26.286,-2.3,23,32.6,0.08,0.018,-1.013,-0.09,-0.02,0.16,-0.5
26.290,-2.3,22.5,32.4,0.083,0.022,-1.013,-0.09,-0.02,0.16,-0.5
26.295,-2.5,21.7,32,0.086,0.026,-1.012,-0.09,-0.02,0.16,-0.5
26.299,-2.5,20.7,31.7,0.088,0.03,-1.011,-0.09,-0.02,0.16,-0.5
26.304,-2.2,19.6,31.5,0.089,0.033,-1.013,-0.09,-0.02,0.16,-0.5
26.308,-2,18.4,31.9,0.092,0.032,-1.016,-0.09,-0.02,0.16,-0.5
26.312,-1.1,17.6,32.4,0.091,0.037,-1.017,-0.1,-0.01,0,-0.16
26.317,0,16.4,33.1,0.093,0.038,-1.016,-0.1,-0.01,0,-0.16
26.321,0.9,15.4,33.4,0.094,0.038,-1.015,-0.1,-0.01,0,-0.16
26.326,2.4,14.7,34,0.094,0.038,-1.013,-0.1,-0.01,0,-0.16
26.330,3.2,13.5,34.6,0.096,0.031,-1.013,-0.1,-0.01,0,-0.16
26.335,4.2,13,35.1,0.099,0.023,-1.015,-0.1,-0.01,0,-0.16
26.339,4.8,12.6,35.5,0.1,0.014,-1.018,-0.1,-0.01,0,-0.16
26.344,4.9,11.8,35.9,0.103,0.005,-1.023,-0.1,-0.01,0,-0.16
26.348,5.3,11.2,36.4,0.104,0,-1.026,-0.1,-0.01,0,-0.16
26.353,5.4,10.7,36.6,0.107,-0.008,-1.028,-0.1,-0.01,0,-0.16
26.357,5.3,10.1,37,0.108,-0.015,-1.029,-0.1,-0.01,0,-0.16
26.363,5.6,9.5,37.5,0.106,-0.018,-1.029,-0.07,0,0,-0.16
26.369,5.3,9,37.7,0.102,-0.025,-1.027,-0.07,0,0,-0.16
26.375,5.4,8.2,38.2,0.099,-0.025,-1.023,-0.07,0,0,-0.16
26.381,5.6,7.7,38.8,0.098,-0.025,-1.016,-0.07,0,0,-0.16
26.387,5.5,7.1,39.1,0.098,-0.027,-1.01,-0.07,0,0,-0.16
26.393,5.6,6.5,39.4,0.099,-0.026,-1.003,-0.07,0,0,-0.16
26.399,5.3,5.7,39.7,0.098,-0.026,-0.997,-0.07,0,0,-0.16
26.403,5.2,5.4,40.1,0.097,-0.025,-0.99,-0.08,-0.01,-0.33,0
26.408,4.9,4.6,40.2,0.096,-0.022,-0.987,-0.08,-0.01,-0.33,0
26.412,4.6,4,40.7,0.098,-0.022,-0.983,-0.08,-0.01,-0.33,0
26.416,4.5,3.6,41.2,0.099,-0.018,-0.98,-0.08,-0.01,-0.33,0
26.420,4.4,2.9,41.6,0.101,-0.015,-0.981,-0.08,-0.01,-0.33,0
26.425,4.1,2.4,41.8,0.102,-0.014,-0.983,-0.08,-0.01,-0.33,0
26.429,3.8,2.2,41.8,0.102,-0.016,-0.989,-0.08,-0.01,-0.33,0
26.433,3.2,1.8,42.1,0.101,-0.017,-0.996,-0.08,-0.01,-0.33,0
26.437,2.4,1.3,42.1,0.1,-0.02,-1.005,-0.08,-0.01,-0.33,0
26.442,1.5,0.9,42.2,0.1,-0.024,-1.013,-0.08,-0.01,-0.33,0
26.446,0.4,0.5,42.2,0.1,-0.029,-1.021,-0.08,-0.01,-0.33,0
26.450,-0.6,0.2,42,0.1,-0.036,-1.027,-0.14,-0.01,-0.16,-0.33
26.454,-1.6,0,41.8,0.1,-0.04,-1.03,-0.14,-0.01,-0.16,-0.33
26.458,-2.3,-0.5,41.8,0.097,-0.043,-1.031,-0.14,-0.01,-0.16,-0.33
26.463,-2.8,-0.9,41.6,0.095,-0.044,-1.027,-0.14,-0.01,-0.16,-0.33
26.467,-3.1,-1.4,41.6,0.093,-0.044,-1.018,-0.14,-0.01,-0.16,-0.33
26.471,-2.6,-1.8,41.7,0.091,-0.043,-1.006,-0.14,-0.01,-0.16,-0.33
26.475,-2.7,-2.2,41.8,0.09,-0.046,-0.994,-0.14,-0.01,-0.16,-0.33
26.479,-2.4,-2.6,41.9,0.094,-0.049,-0.98,-0.14,-0.01,-0.16,-0.33
26.483,-2.4,-2.8,41.8,0.098,-0.052,-0.968,-0.14,-0.01,-0.16,-0.33
26.487,-2.4,-2.8,42,0.102,-0.055,-0.957,-0.14,-0.01,-0.16,-0.33
26.492,-2.5,-3,41.9,0.106,-0.057,-0.951,-0.14,-0.01,-0.16,-0.33
26.497,-2.8,-2.6,42.2,0.107,-0.057,-0.947,-0.13,-0.02,0,0
26.502,-3.1,-2.5,42,0.106,-0.058,-0.948,-0.13,-0.02,0,0
26.507,-3.3,-2.3,41.8,0.101,-0.057,-0.953,-0.13,-0.02,0,0
26.513,-3.3,-2.2,41.4,0.094,-0.056,-0.961,-0.13,-0.02,0,0
26.518,-3.4,-2.1,41.1,0.084,-0.053,-0.971,-0.13,-0.02,0,0
26.523,-3.5,-1.9,40.5,0.077,-0.05,-0.982,-0.13,-0.02,0,0
26.528,-3.6,-1.7,39.7,0.07,-0.045,-0.99,-0.13,-0.02,0,0
26.534,-3.5,-1.6,38.6,0.066,-0.044,-0.999,-0.13,-0.02,0,0
26.539,-4.1,-1.4,37.7,0.067,-0.041,-1.004,-0.13,-0.02,0,0
26.544,-4.8,-1.4,36.9,0.07,-0.038,-1.006,-0.1,-0.02,0,0
26.549,-5.4,-1.1,36.4,0.074,-0.036,-1.005,-0.1,-0.02,0,0
26.555,-6.1,-0.9,36,0.076,-0.034,-1.003,-0.1,-0.02,0,0
26.560,-6.9,-0.8,35.8,0.08,-0.029,-0.999,-0.1,-0.02,0,0
26.565,-7.3,-0.6,35.8,0.085,-0.023,-0.995,-0.1,-0.02,0,0
26.571,-7.6,-0.5,35.7,0.09,-0.017,-0.992,-0.1,-0.02,0,0
26.576,-7.6,-0.3,35.5,0.094,-0.011,-0.99,-0.1,-0.02,0,0
26.581,-7.6,-0.3,35.2,0.097,-0.007,-0.989,-0.1,-0.02,0,0
26.587,-6.6,0.3,35.5,0.101,-0.004,-0.986,-0.1,-0.02,0,0
26.592,-6.2,0.5,34.3,0.099,-0.004,-0.98,-0.11,-0.03,0.83,0
26.596,-5.6,0.9,34.2,0.088,-0.003,-0.979,-0.11,-0.03,0.83,0
26.601,-4.5,1.5,35,0.077,-0.004,-0.977,-0.11,-0.03,0.83,0
26.606,-4.3,1.5,34.9,0.072,-0.014,-0.978,-0.11,-0.03,0.83,0
26.611,-4.4,2,34.1,0.063,-0.022,-0.982,-0.11,-0.03,0.83,0
26.616,-4.2,2.3,35,0.058,-0.023,-0.984,-0.11,-0.03,0.83,0
26.620,-4.8,2.1,35.7,0.061,-0.033,-0.989,-0.11,-0.03,0.83,0
26.625,-5.1,3,35.1,0.06,-0.035,-0.995,-0.11,-0.03,0.83,0
26.630,-5.5,3,34.9,0.065,-0.038,-0.999,-0.11,-0.03,0.83,0
26.635,-5.6,3.1,35.5,0.067,-0.038,-1.004,-0.11,-0.03,0.83,0
26.642,-5.1,3.8,35.6,0.067,-0.032,-1.008,-0.13,-0.03,0.16,0
26.649,-5.1,3.3,35.2,0.073,-0.034,-1.008,-0.13,-0.03,0.16,0
26.656,-4.4,3.4,35.9,0.071,-0.028,-1.01,-0.13,-0.03,0.16,0
26.662,-4.2,3.6,36.6,0.069,-0.025,-1.011,-0.13,-0.03,0.16,0
26.669,-4.4,3,37.1,0.073,-0.026,-1.007,-0.13,-0.03,0.16,0
26.676,-3.2,2.7,37.5,0.076,-0.017,-1.002,-0.13,-0.03,0.16,0
26.683,-3.7,2.6,38.9,0.076,-0.015,-0.998,-0.13,-0.03,0.16,0
26.688,-3.4,2.1,39.3,0.078,-0.008,-0.995,-0.13,-0.03,0,-0.16
26.692,-2.9,1.5,39.3,0.078,0.001,-0.99,-0.13,-0.03,0,-0.16
26.696,-3.6,1.2,39.9,0.079,0.004,-0.988,-0.13,-0.03,0,-0.16
26.701,-3.3,0.5,40.1,0.082,0.013,-0.99,-0.13,-0.03,0,-0.16
26.705,-3.6,-0.3,40.1,0.088,0.017,-0.995,-0.13,-0.03,0,-0.16
26.710,-4.2,-0.9,39.7,0.094,0.017,-1.003,-0.13,-0.03,0,-0.16
26.714,-3.9,-1.3,40,0.097,0.022,-1.009,-0.13,-0.03,0,-0.16
26.718,-4.7,-2.2,40.1,0.102,0.015,-1.016,-0.13,-0.03,0,-0.16
26.723,-5,-3,40.1,0.105,0.011,-1.024,-0.13,-0.03,0,-0.16
26.727,-5.1,-3.4,40,0.11,0.007,-1.034,-0.13,-0.03,0,-0.16
26.732,-5.6,-3.9,40,0.113,0.001,-1.04,-0.13,-0.03,0,-0.16
26.738,-5.1,-4.5,40.1,0.115,0,-1.041,-0.12,-0.02,0,0.16
26.744,-4.8,-5.1,40.2,0.116,-0.004,-1.041,-0.12,-0.02,0,0.16
26.750,-4.7,-5.1,40.2,0.116,-0.011,-1.038,-0.12,-0.02,0,0.16
26.756,-4.4,-5.8,40.5,0.117,-0.017,-1.034,-0.12,-0.02,0,0.16
26.762,-4.5,-5.9,40.5,0.114,-0.025,-1.026,-0.12,-0.02,0,0.16
26.768,-4.6,-6.1,40.5,0.111,-0.032,-1.018,-0.12,-0.02,0,0.16
26.774,-4.5,-6.3,40.7,0.108,-0.037,-1.01,-0.12,-0.02,0,0.16
26.778,-4.8,-6.6,40.5,0.105,-0.042,-1.003,-0.08,-0.02,0,0.16
26.782,-4.5,-6.7,40.7,0.102,-0.043,-0.996,-0.08,-0.02,0,0.16
26.787,-4.1,-7,40.6,0.098,-0.041,-0.989,-0.08,-0.02,0,0.16
26.791,-3.9,-7.3,40.7,0.095,-0.039,-0.986,-0.08,-0.02,0,0.16
26.795,-2.8,-7.2,40.5,0.09,-0.032,-0.985,-0.08,-0.02,0,0.16
26.800,-2,-7.4,40.4,0.089,-0.029,-0.983,-0.08,-0.02,0,0.16
26.804,-1.1,-7.7,40.1,0.089,-0.026,-0.982,-0.08,-0.02,0,0.16
26.809,-0.3,-7.9,39.6,0.087,-0.02,-0.984,-0.08,-0.02,0,0.16
26.813,-0.1,-8.2,39.6,0.09,-0.021,-0.988,-0.08,-0.02,0,0.16
26.817,0,-8.3,39.1,0.095,-0.024,-0.993,-0.08,-0.02,0,0.16
26.822,0.1,-8.4,38.5,0.101,-0.023,-0.998,-0.08,-0.02,0,0.16
26.826,0.3,-8.7,38.3,0.106,-0.022,-1.002,-0.08,-0.01,0,0.16
26.830,0.9,-8.6,38.2,0.107,-0.02,-1.006,-0.08,-0.01,0,0.16
26.835,1.5,-8.7,38,0.107,-0.021,-1.009,-0.08,-0.01,0,0.16
26.839,1.9,-8.7,37.7,0.108,-0.025,-1.014,-0.08,-0.01,0,0.16
26.843,2.5,-8.7,37.5,0.105,-0.027,-1.019,-0.08,-0.01,0,0.16
26.848,2.4,-8.4,37.7,0.101,-0.035,-1.024,-0.08,-0.01,0,0.16
26.852,2.5,-8.3,37.4,0.098,-0.041,-1.028,-0.08,-0.01,0,0.16
26.857,2.4,-8.2,37.2,0.093,-0.045,-1.033,-0.08,-0.01,0,0.16
26.861,1.8,-8,36.7,0.084,-0.052,-1.037,-0.08,-0.01,0,0.16
26.865,1.2,-7.8,36.2,0.076,-0.052,-1.039,-0.08,-0.01,0,0.16
26.870,0.7,-7.7,35.8,0.069,-0.054,-1.041,-0.08,-0.01,0,0.16
26.875,0,-7.3,35.2,0.063,-0.057,-1.044,-0.07,0,0,0.16
26.880,-0.6,-7.2,35.4,0.055,-0.056,-1.045,-0.07,0,0,0.16
26.885,-1.1,-6.9,35.3,0.049,-0.055,-1.045,-0.07,0,0,0.16
26.890,-1.8,-6.9,35.2,0.042,-0.051,-1.043,-0.07,0,0,0.16
26.895,-2,-6.6,35.2,0.036,-0.048,-1.039,-0.07,0,0,0.16
26.900,-1.9,-6.3,35.5,0.033,-0.043,-1.035,-0.07,0,0,0.16
26.905,-2.2,-6.3,35.7,0.031,-0.039,-1.03,-0.07,0,0,0.16
26.910,-2.3,-5.9,35.8,0.032,-0.035,-1.026,-0.07,0,0,0.16
26.915,-2.6,-5.8,36.1,0.035,-0.034,-1.023,-0.07,0,0,0.16
26.920,-3.1,-5.7,36.5,0.038,-0.037,-1.022,-0.06,0,0,0
26.925,-3.7,-5.6,36.6,0.043,-0.035,-1.021,-0.06,0,0,0
26.930,-4.3,-5.4,36.9,0.048,-0.035,-1.021,-0.06,0,0,0
26.936,-4.7,-5.3,37.1,0.051,-0.033,-1.022,-0.06,0,0,0
26.941,-4.5,-5,37.2,0.053,-0.028,-1.022,-0.06,0,0,0
26.946,-4.2,-4.7,37.3,0.052,-0.026,-1.023,-0.06,0,0,0
26.951,-4,-4.4,37.4,0.053,-0.025,-1.023,-0.06,0,0,0
26.956,-3.6,-4.2,37.5,0.053,-0.027,-1.022,-0.06,0,0,0
26.961,-3.3,-3.9,37.5,0.052,-0.03,-1.02,-0.06,0,0,0
26.966,-3.1,-3.5,37.5,0.052,-0.035,-1.017,-0.06,0,0,0
26.970,-3.1,-3.3,37.3,0.052,-0.042,-1.014,-0.06,0,0,0
26.974,-3.1,-2.6,37.2,0.049,-0.048,-1.01,-0.06,0,0,0
26.978,-3.3,-2.2,37.1,0.045,-0.051,-1.008,-0.06,0,0,0
26.982,-3.9,-1.7,37.3,0.043,-0.056,-1.008,-0.06,0,0,0
26.986,-4.3,-1.1,37.1,0.041,-0.057,-1.008,-0.06,0,0,0
26.991,-4.8,-0.7,36.7,0.039,-0.056,-1.008,-0.06,0,0,0
26.995,-5.3,-0.3,36.4,0.039,-0.054,-1.007,-0.06,0,0,0
26.999,-5.2,0.1,36.4,0.037,-0.047,-1.006,-0.06,0,0,0
27.003,-5.3,0.4,36.2,0.036,-0.041,-1.006,-0.06,0,0,0
27.007,-5.2,0.6,35.9,0.037,-0.034,-1.006,-0.06,0,0,0
27.015,-5.1,0.9,35.5,0.037,-0.028,-1.006,-0.03,0,0,0.16
27.022,-5.1,0.9,35.4,0.039,-0.022,-1.005,-0.03,0,0,0.16
27.029,-5,1,35.1,0.04,-0.013,-1.005,-0.03,0,0,0.16
27.037,-5.2,0.9,34.8,0.044,-0.006,-1.003,-0.03,0,0,0.16
27.044,-4.9,1,34.6,0.048,0.001,-1.001,-0.03,0,0,0.16
27.051,-4.7,1.1,34.4,0.054,0.008,-0.998,-0.03,0,0,0.16
27.059,-4.3,1.2,34.4,0.058,0.009,-0.997,-0.03,0,0,0.16
27.064,-4.1,0.9,34.3,0.059,0.009,-0.997,-0.01,0,0.16,0
27.069,-4.2,0.6,34.3,0.059,0.005,-0.996,-0.01,0,0.16,0
27.075,-4.1,0.4,34.2,0.057,0,-0.998,-0.01,0,0.16,0
27.080,-4.4,0.2,34.6,0.055,-0.003,-1,-0.01,0,0.16,0
27.085,-4.6,0,34.9,0.051,-0.007,-1.005,-0.01,0,0.16,0
27.091,-4.7,-0.3,35.3,0.049,-0.008,-1.008,-0.01,0,0.16,0
27.096,-4.5,-0.6,35.7,0.048,-0.01,-1.01,-0.01,0,0.16,0
27.101,-4.4,-0.8,36,0.048,-0.012,-1.013,-0.01,0,0.16,0
27.107,-4.1,-1.3,36.2,0.047,-0.014,-1.014,-0.01,0,0.16,0
27.110,-3.7,-1.6,36.6,0.048,-0.017,-1.015,-0.04,0,0.17,0
27.114,-3.7,-1.9,36.9,0.046,-0.019,-1.014,-0.04,0,0.17,0
27.118,-3.7,-2.1,37.4,0.044,-0.019,-1.01,-0.04,0,0.17,0
27.122,-3.9,-2.5,37.7,0.043,-0.02,-1.007,-0.04,0,0.17,0
27.126,-4,-2.6,37.9,0.044,-0.018,-1.006,-0.04,0,0.17,0
27.130,-4.2,-3,38,0.045,-0.013,-1.004,-0.04,0,0.17,0
27.134,-4.4,-3.2,38,0.044,-0.008,-1,-0.04,0,0.17,0
27.137,-4.7,-3.3,38,0.046,-0.004,-0.998,-0.04,0,0.17,0
27.141,-4.4,-3.7,37.4,0.049,0.003,-0.995,-0.04,0,0.17,0
27.145,-4.2,-3.7,37.3,0.052,0.006,-0.996,-0.04,0,0.17,0
27.149,-4,-3.9,37.2,0.056,0.01,-0.996,-0.04,0,0.17,0
27.155,-3.4,-4.3,37,0.061,0.012,-0.996,-0.05,0,0.32,0.16
27.161,-3.1,-4.2,36.8,0.065,0.008,-0.997,-0.05,0,0.32,0.16
27.167,-2.7,-4.7,36.9,0.066,0.007,-0.999,-0.05,0,0.32,0.16
27.173,-2.7,-4.9,37.4,0.066,0.001,-1.001,-0.05,0,0.32,0.16
27.179,-2.6,-5.2,37.7,0.065,-0.006,-1.003,-0.05,0,0.32,0.16
27.185,-2.7,-5.6,38.3,0.063,-0.009,-1.006,-0.05,0,0.32,0.16
27.191,-3.3,-5.9,38.6,0.063,-0.015,-1.01,-0.05,0,0.32,0.16
27.197,-3.6,-5.9,38.6,0.06,-0.018,-1.013,-0.05,0,0.32,0.16
27.202,-3.9,-6.2,38.8,0.057,-0.021,-1.017,-0.07,0,0.16,0
27.208,-4.4,-6.4,38.6,0.051,-0.024,-1.021,-0.07,0,0.16,0
27.213,-4.5,-6.3,38.4,0.046,-0.026,-1.025,-0.07,0,0.16,0
27.219,-4.7,-6.8,38.1,0.043,-0.027,-1.027,-0.07,0,0.16,0
27.224,-4.6,-6.9,38,0.04,-0.024,-1.027,-0.07,0,0.16,0
27.230,-4.2,-6.9,37.9,0.037,-0.023,-1.024,-0.07,0,0.16,0
27.235,-3.7,-7,38.4,0.036,-0.024,-1.021,-0.07,0,0.16,0
27.241,-3.5,-6.9,38.2,0.039,-0.025,-1.017,-0.07,0,0.16,0
27.246,-3.4,-6.9,38.2,0.041,-0.027,-1.014,-0.07,0,0.16,0
27.250,-3.3,-6.9,38.2,0.041,-0.029,-1.01,-0.07,0,0,0.48
27.254,-3.1,-6.7,38.6,0.04,-0.03,-1.007,-0.07,0,0,0.48
27.258,-3.3,-6.9,38.5,0.041,-0.029,-1.003,-0.07,0,0,0.48
27.262,-3.4,-6.6,38.3,0.039,-0.029,-1.002,-0.07,0,0,0.48
27.266,-3.3,-6.4,38.3,0.037,-0.026,-1.002,-0.07,0,0,0.48
27.270,-3.4,-6.7,37.9,0.033,-0.025,-1.003,-0.07,0,0,0.48
27.274,-3.1,-6.4,37.4,0.026,-0.021,-1.004,-0.07,0,0,0.48
27.278,-2.8,-6.3,37,0.022,-0.018,-1.005,-0.07,0,0,0.48
27.282,-2.6,-6.3,36.7,0.018,-0.016,-1.007,-0.07,0,0,0.48
27.286,-2.3,-5.8,35.8,0.016,-0.015,-1.009,-0.07,0,0,0.48
27.290,-2.2,-5.8,35.4,0.016,-0.018,-1.012,-0.07,0,0,0.48
27.294,-2.5,-5.6,35,0.017,-0.023,-1.016,-0.07,0,0,0.48
27.303,-2.6,-5.2,34.9,0.02,-0.026,-1.019,-0.08,0,0,0.5
27.311,-2.8,-5.1,34.4,0.022,-0.029,-1.021,-0.08,0,0,0.5
27.319,-2.8,-4.8,34.3,0.024,-0.03,-1.02,-0.08,0,0,0.5
27.328,-2.9,-4.4,34.1,0.027,-0.034,-1.021,-0.08,0,0,0.5
27.336,-2.8,-3.9,33.9,0.03,-0.036,-1.021,-0.08,0,0,0.5
27.341,-2.4,-3.5,33.5,0.031,-0.037,-1.019,-0.08,0,0,0
27.346,-2,-2.8,33,0.03,-0.037,-1.016,-0.08,0,0,0
27.351,-1.5,-2.2,32.3,0.032,-0.038,-1.011,-0.08,0,0,0
27.355,-1.1,-1.6,31.3,0.034,-0.036,-1.005,-0.08,0,0,0
27.360,-0.6,-0.9,30.3,0.034,-0.036,-1,-0.08,0,0,0
27.365,-0.4,-0.3,29.9,0.031,-0.039,-0.996,-0.08,0,0,0
27.370,-0.6,0.2,29.2,0.027,-0.043,-0.994,-0.08,0,0,0
27.375,-0.9,0.8,28.5,0.021,-0.048,-0.995,-0.08,0,0,0
27.380,-1.1,1.3,27.9,0.017,-0.048,-0.998,-0.08,0,0,0
27.384,-1.5,1.6,27.7,0.009,-0.049,-1.005,-0.08,0,0,0
27.388,-2,1.8,27.8,0.002,-0.049,-1.011,-0.06,0,0,0
27.391,-2.2,2,27.7,-0.004,-0.046,-1.019,-0.06,0,0,0
27.394,-2.9,1.9,27.6,-0.005,-0.044,-1.027,-0.06,0,0,0
27.397,-3.1,2,27.5,-0.01,-0.038,-1.034,-0.06,0,0,0
27.401,-3.2,1.5,27.4,-0.01,-0.033,-1.037,-0.06,0,0,0
27.404,-3.8,1.5,27.5,-0.007,-0.029,-1.039,-0.06,0,0,0
27.407,-3.7,1.5,27.6,-0.003,-0.019,-1.039,-0.06,0,0,0
27.411,-3.8,1.3,27.5,0.002,-0.014,-1.036,-0.06,0,0,0
27.414,-3.9,1.2,27.4,0.005,-0.008,-1.032,-0.06,0,0,0
27.417,-3.6,0.9,27.1,0.008,0,-1.026,-0.06,0,0,0
27.421,-3.9,0.7,26.3,0.015,0.001,-1.019,-0.06,0,0,0
27.424,-3.7,0.7,25.5,0.019,0.006,-1.012,-0.06,0,0,0
27.427,-4.2,0.5,24.7,0.024,0.009,-1.007,-0.06,0,0,0
27.430,-4.9,0.4,23.9,0.029,0.009,-1.003,-0.06,0,0,0
27.437,-5,0.7,23,0.031,0.009,-1,-0.11,0,0,0
27.444,-5.6,0.3,21.7,0.032,0.007,-1,-0.11,0,0,0
27.450,-5.9,0.2,21.2,0.029,0.006,-0.999,-0.11,0,0,0
27.457,-5.6,-0.1,20.6,0.026,0.005,-0.999,-0.11,0,0,0
27.463,-5.8,-0.5,20.3,0.025,0.002,-0.999,-0.11,0,0,0
27.470,-5.3,-0.9,20.5,0.022,0.002,-0.999,-0.11,0,0,0
27.477,-5,-1.5,20.6,0.018,0.001,-1,-0.11,0,0,0
27.481,-4.2,-2.3,20.9,0.015,0,-1,-0.12,0,0.65,0
27.485,-3.8,-2.6,21.6,0.009,0,-1,-0.12,0,0.65,0
27.490,-3.4,-3.7,22.1,0.007,0.002,-0.998,-0.12,0,0.65,0
27.494,-3.1,-4.5,22.7,0.006,0.004,-0.996,-0.12,0,0.65,0
27.498,-2.7,-5.2,23.2,0.004,0.008,-0.993,-0.12,0,0.65,0
27.502,-2.3,-5.9,23.5,0.007,0.011,-0.991,-0.12,0,0.65,0
27.507,-1.8,-6.6,23.5,0.008,0.017,-0.989,-0.12,0,0.65,0
27.511,-1.2,-6.9,23.5,0.012,0.021,-0.989,-0.12,0,0.65,0
27.515,-1.1,-7.6,23.5,0.019,0.025,-0.988,-0.12,0,0.65,0
27.520,-0.5,-7.8,23,0.028,0.028,-0.989,-0.12,0,0.65,0
27.524,-0.3,-7.8,22.5,0.031,0.031,-0.991,-0.12,0,0.65,0
27.530,-0.1,-8.1,21.9,0.035,0.032,-0.993,-0.13,0,0.17,0.17
27.537,0,-8.4,21.6,0.036,0.032,-0.996,-0.13,0,0.17,0.17
27.543,-0.1,-8.4,21.1,0.032,0.032,-1,-0.13,0,0.17,0.17
27.549,-0.1,-8.6,20.9,0.028,0.031,-1.003,-0.13,0,0.17,0.17
27.556,0,-8.8,21,0.025,0.033,-1.006,-0.13,0,0.17,0.17
27.562,-0.1,-8.9,20.9,0.019,0.033,-1.008,-0.13,0,0.17,0.17
27.569,0,-9.1,20.9,0.014,0.031,-1.007,-0.13,0,0.17,0.17
27.573,0.2,-9.4,21,0.012,0.028,-1.006,-0.14,-0.01,0,0.32
27.578,0.6,-9.2,21,0.011,0.022,-1.005,-0.14,-0.01,0,0.32
27.583,0.7,-9,21,0.009,0.013,-1.004,-0.14,-0.01,0,0.32
27.588,1,-8.9,21.2,0.005,0.008,-1.001,-0.14,-0.01,0,0.32
27.592,0.7,-8.6,21.2,0.003,-0.002,-0.999,-0.14,-0.01,0,0.32
27.597,0.9,-8.4,20.9,0.001,-0.011,-0.997,-0.14,-0.01,0,0.32
27.602,0.9,-8.2,20.5,0.004,-0.018,-0.994,-0.14,-0.01,0,0.32
27.607,0.7,-7.8,19.5,0.007,-0.026,-0.993,-0.14,-0.01,0,0.32
27.611,0.9,-7.2,18.9,0.008,-0.026,-0.992,-0.14,-0.01,0,0.32
27.616,1,-6.9,18.2,0.009,-0.027,-0.991,-0.14,-0.01,0,0.32
27.621,1.7,-6.7,17.7,0.008,-0.026,-0.992,-0.14,-0.01,0,0.32
27.628,2.5,-6.4,17.2,0.006,-0.024,-0.993,-0.13,-0.01,0,0.16
27.635,3,-6.1,16.9,0.006,-0.023,-0.997,-0.13,-0.01,0,0.16
27.642,3.7,-5.9,16.6,0.004,-0.019,-0.997,-0.13,-0.01,0,0.16
27.648,4.2,-5.7,16.2,0.004,-0.016,-0.998,-0.13,-0.01,0,0.16
27.655,4.6,-5.3,15.7,0.004,-0.011,-1,-0.13,-0.01,0,0.16
27.662,4.9,-5,14.8,0.005,-0.006,-1.005,-0.13,-0.01,0,0.16
27.669,4.5,-4.5,13.7,0.005,-0.002,-1.009,-0.13,-0.01,0,0.16
27.673,4.1,-4.2,12.3,0.005,0.003,-1.012,-0.09,-0.01,0,0
27.677,3.7,-4.1,11,0.006,0.008,-1.016,-0.09,-0.01,0,0
27.681,3.3,-3.5,9.4,0.009,0.013,-1.019,-0.09,-0.01,0,0
27.685,3.4,-3,8.1,0.01,0.021,-1.022,-0.09,-0.01,0,0
27.688,3.5,-2.8,6.5,0.013,0.023,-1.024,-0.09,-0.01,0,0
27.692,3.8,-2.3,5.3,0.018,0.023,-1.025,-0.09,-0.01,0,0
27.696,4.3,-1.6,4.7,0.021,0.021,-1.029,-0.09,-0.01,0,0
27.700,4.5,-1.2,4.1,0.022,0.017,-1.03,-0.09,-0.01,0,0
27.704,5,-0.8,3.6,0.019,0.009,-1.031,-0.09,-0.01,0,0
27.708,5.3,-0.1,3.2,0.016,0.002,-1.031,-0.09,-0.01,0,0
27.712,5.3,0.2,2.9,0.013,-0.006,-1.029,-0.09,-0.01,0,0
27.718,5.3,0.5,2.5,0.008,-0.015,-1.029,-0.1,-0.01,0,0
27.725,5.3,1,2.3,0.001,-0.021,-1.028,-0.1,-0.01,0,0
27.732,5.1,1.3,1.8,-0.004,-0.029,-1.025,-0.1,-0.01,0,0
27.739,4.9,1.8,1.5,-0.011,-0.036,-1.022,-0.1,-0.01,0,0
27.746,4.6,2.1,0.9,-0.016,-0.04,-1.021,-0.1,-0.01,0,0
27.753,4.2,2.6,0.3,-0.017,-0.045,-1.021,-0.1,-0.01,0,0
27.760,4,3,-0.3,-0.02,-0.048,-1.019,-0.1,-0.01,0,0
27.764,3.5,3.4,-1.1,-0.021,-0.05,-1.017,-0.09,-0.01,-0.16,-0.16
27.769,2.8,3.9,-1.7,-0.019,-0.053,-1.016,-0.09,-0.01,-0.16,-0.16
27.773,2.4,4.7,-2.7,-0.019,-0.054,-1.014,-0.09,-0.01,-0.16,-0.16
27.777,1.7,5.4,-3.6,-0.015,-0.054,-1.012,-0.09,-0.01,-0.16,-0.16
27.782,1.2,5.9,-4,-0.013,-0.052,-1.011,-0.09,-0.01,-0.16,-0.16
27.786,0.9,6.5,-4.5,-0.01,-0.049,-1.011,-0.09,-0.01,-0.16,-0.16
27.791,0.2,6.9,-5,-0.007,-0.045,-1.013,-0.09,-0.01,-0.16,-0.16
27.795,0.2,7.5,-5.3,-0.01,-0.041,-1.013,-0.09,-0.01,-0.16,-0.16
27.800,0,7.9,-5.5,-0.01,-0.035,-1.013,-0.09,-0.01,-0.16,-0.16
27.804,-0.3,8,-5.6,-0.01,-0.029,-1.013,-0.09,-0.01,-0.16,-0.16
27.809,-0.7,8.4,-5.3,-0.007,-0.025,-1.016,-0.09,-0.01,-0.16,-0.16
27.815,-0.9,8.7,-5.1,-0.004,-0.02,-1.018,-0.11,0,0,-0.16
27.821,-1.2,8.8,-5,-0.003,-0.017,-1.019,-0.11,0,0,-0.16
27.827,-1.3,8.9,-4.5,-0.001,-0.014,-1.02,-0.11,0,0,-0.16
27.832,-1.1,9.1,-4,-0.002,-0.013,-1.023,-0.11,0,0,-0.16
27.838,-1.3,9.3,-3.5,-0.004,-0.014,-1.025,-0.11,0,0,-0.16
27.844,-1.2,9.3,-3.2,-0.003,-0.014,-1.028,-0.11,0,0,-0.16
27.850,-1.4,9.6,-2.9,-0.002,-0.017,-1.029,-0.11,0,0,-0.16
27.855,-1.6,9.6,-2.7,-0.002,-0.019,-1.027,-0.12,0,0,-0.16
27.859,-1.6,9.9,-2.6,-0.002,-0.02,-1.027,-0.12,0,0,-0.16
27.863,-2,10.2,-2.6,-0.001,-0.023,-1.027,-0.12,0,0,-0.16
27.868,-2,10.4,-2.5,0,-0.024,-1.026,-0.12,0,0,-0.16
27.872,-2.6,10.6,-2.4,0,-0.024,-1.023,-0.12,0,0,-0.16
27.877,-2.8,10.4,-2.4,0.001,-0.022,-1.022,-0.12,0,0,-0.16
27.881,-2.9,10.6,-2.5,0,-0.016,-1.02,-0.12,0,0,-0.16
27.885,-3.3,10.4,-2.5,0.004,-0.014,-1.018,-0.12,0,0,-0.16
27.890,-3.1,10.4,-2.6,0.007,-0.007,-1.016,-0.12,0,0,-0.16
27.894,-2.8,10.3,-2.4,0.012,-0.002,-1.013,-0.12,0,0,-0.16
27.899,-2.3,9.8,-2.7,0.02,0.002,-1.011,-0.12,0,0,-0.16
27.903,-1.4,9.5,-2.8,0.025,0.007,-1.009,-0.11,0,0,-0.16
27.907,-0.7,9.4,-2.9,0.028,0.008,-1.006,-0.11,0,0,-0.16
27.912,0,9.1,-3,0.032,0.009,-1.004,-0.11,0,0,-0.16
27.916,0.7,8.8,-2.9,0.035,0.009,-1.002,-0.11,0,0,-0.16
27.921,1.2,8.4,-2.8,0.038,0.004,-1.001,-0.11,0,0,-0.16
27.925,1.7,8.1,-2.8,0.039,0.003,-0.999,-0.11,0,0,-0.16
27.929,2.1,7.8,-2.5,0.041,-0.001,-1,-0.11,0,0,-0.16
27.934,2.4,7.4,-2.6,0.044,-0.005,-1.002,-0.11,0,0,-0.16
27.938,2.6,7.2,-2.7,0.047,-0.009,-1.004,-0.11,0,0,-0.16
27.942,2.6,6.8,-2.9,0.05,-0.01,-1.007,-0.11,0,0,-0.16
27.947,3.1,6.6,-3.3,0.052,-0.012,-1.01,-0.11,0,0,-0.16
27.952,3.6,6.1,-3.7,0.051,-0.014,-1.012,-0.12,0,-0.16,0
27.957,3.9,6,-4.1,0.05,-0.012,-1.013,-0.12,0,-0.16,0
27.962,4.3,5.2,-4.3,0.047,-0.01,-1.011,-0.12,0,-0.16,0
27.967,4.6,4.9,-4.9,0.043,-0.009,-1.01,-0.12,0,-0.16,0
27.972,4.9,4.4,-5.3,0.041,-0.006,-1.008,-0.12,0,-0.16,0
27.977,5.3,3.8,-5.8,0.042,-0.006,-1.004,-0.12,0,-0.16,0
27.982,5.5,3.4,-6.2,0.043,-0.002,-1.003,-0.12,0,-0.16,0
27.987,5.6,2.6,-6.9,0.048,0.002,-1,-0.12,0,-0.16,0
27.992,5.8,2.1,-7.5,0.052,0.004,-0.997,-0.12,0,-0.16,0
27.997,6.1,1.7,-8.2,0.055,0.005,-0.996,-0.12,0,-0.16,0
28.002,6.1,1.2,-9.2,0.061,0.005,-0.998,-0.14,0,-0.16,-0.16
28.008,5.9,0.6,-9.7,0.066,0,-1.002,-0.14,0,-0.16,-0.16
28.013,5.7,0.6,-10.3,0.067,-0.004,-1.006,-0.14,0,-0.16,-0.16
28.019,5.6,0.2,-11.1,0.071,-0.01,-1.008,-0.14,0,-0.16,-0.16
28.025,5.4,0,-11.5,0.073,-0.017,-1.012,-0.14,0,-0.16,-0.16
28.030,5.4,0.1,-12.1,0.072,-0.019,-1.016,-0.14,0,-0.16,-0.16
28.036,5.5,-0.5,-12.8,0.071,-0.023,-1.016,-0.14,0,-0.16,-0.16
28.041,5.7,-0.6,-13,0.067,-0.026,-1.015,-0.14,0,-0.16,-0.16
28.046,6,-0.8,-13.6,0.06,-0.028,-1.013,-0.14,-0.01,-0.16,0
28.050,6.2,-1.2,-13.9,0.057,-0.029,-1.01,-0.14,-0.01,-0.16,0
28.054,6.5,-1.7,-14.7,0.051,-0.03,-1.006,-0.14,-0.01,-0.16,0
28.058,6.5,-2,-15.5,0.045,-0.034,-1.002,-0.14,-0.01,-0.16,0
28.062,6.6,-2.5,-16,0.04,-0.034,-0.998,-0.14,-0.01,-0.16,0
28.066,6.3,-2.8,-16.7,0.036,-0.037,-0.997,-0.14,-0.01,-0.16,0
28.070,5.6,-3.4,-17.2,0.031,-0.041,-0.998,-0.14,-0.01,-0.16,0
28.074,5.1,-4,-17.8,0.029,-0.042,-0.997,-0.14,-0.01,-0.16,0
28.079,4.8,-4.2,-18.3,0.026,-0.044,-0.998,-0.14,-0.01,-0.16,0
28.083,4.4,-4.7,-18.7,0.022,-0.043,-1.001,-0.14,-0.01,-0.16,0
28.087,4.1,-5.1,-19.1,0.02,-0.042,-1.002,-0.14,-0.01,-0.16,0
28.092,3.8,-5.6,-19.7,0.018,-0.04,-1.004,-0.15,-0.01,-0.16,0.16
28.097,3.8,-5.6,-20.2,0.018,-0.039,-1.006,-0.15,-0.01,-0.16,0.16
28.102,3.2,-5.7,-20.9,0.019,-0.041,-1.008,-0.15,-0.01,-0.16,0.16
28.107,2.9,-5.9,-21.6,0.017,-0.044,-1.01,-0.15,-0.01,-0.16,0.16
28.112,2.1,-5.9,-22.6,0.018,-0.048,-1.013,-0.15,-0.01,-0.16,0.16
28.117,1.3,-5.9,-23.3,0.019,-0.051,-1.016,-0.15,-0.01,-0.16,0.16
28.122,0.8,-5.7,-24.1,0.02,-0.052,-1.016,-0.15,-0.01,-0.16,0.16
28.127,0.6,-5.6,-25,0.02,-0.051,-1.018,-0.15,-0.01,-0.16,0.16
28.132,0.4,-5.4,-25.8,0.019,-0.052,-1.019,-0.15,-0.01,-0.16,0.16
28.138,0.7,-5.1,-26.7,0.02,-0.047,-1.018,-0.15,-0.01,0,0.16
28.145,1,-4.9,-27.2,0.02,-0.045,-1.015,-0.15,-0.01,0,0.16
28.151,1.5,-4.7,-28.1,0.022,-0.043,-1.01,-0.15,-0.01,0,0.16
28.158,2.2,-4.1,-28.7,0.024,-0.038,-1.006,-0.15,-0.01,0,0.16
28.164,2.9,-3.7,-29.1,0.027,-0.038,-1.001,-0.15,-0.01,0,0.16
28.171,3.3,-3.2,-29.4,0.03,-0.038,-0.996,-0.15,-0.01,0,0.16
28.177,3.5,-2.6,-29.9,0.031,-0.039,-0.992,-0.15,-0.01,0,0.16
28.184,3.5,-2,-30.2,0.035,-0.042,-0.987,-0.15,-0.01,0,0.16
28.188,3.9,-1.5,-30.8,0.033,-0.039,-0.986,-0.14,-0.01,-0.16,0
28.192,4,-0.8,-31.3,0.032,-0.039,-0.985,-0.14,-0.01,-0.16,0
28.196,4,-0.1,-32,0.03,-0.038,-0.986,-0.14,-0.01,-0.16,0
28.200,4.6,0.5,-32.8,0.026,-0.034,-0.988,-0.14,-0.01,-0.16,0
28.204,4.8,1.4,-33.8,0.021,-0.035,-0.992,-0.14,-0.01,-0.16,0
28.208,5.3,2.1,-35,0.017,-0.032,-0.996,-0.14,-0.01,-0.16,0
28.213,5.4,3,-36.1,0.015,-0.032,-1,-0.14,-0.01,-0.16,0
28.217,5.2,3.9,-37.8,0.015,-0.036,-1.004,-0.14,-0.01,-0.16,0
28.221,5,5,-39.4,0.017,-0.04,-1.01,-0.14,-0.01,-0.16,0
28.225,4,5.9,-40.7,0.018,-0.05,-1.018,-0.14,-0.01,-0.16,0
28.231,3.3,7,-41.9,0.017,-0.055,-1.024,-0.14,-0.01,-0.32,-0.16
28.237,2.4,7.9,-42.9,0.018,-0.058,-1.028,-0.14,-0.01,-0.32,-0.16
28.243,1.7,8.7,-43.8,0.018,-0.063,-1.03,-0.14,-0.01,-0.32,-0.16
28.249,1.5,9.5,-44.4,0.018,-0.061,-1.029,-0.14,-0.01,-0.32,-0.16
28.256,1.5,9.9,-44.8,0.019,-0.058,-1.025,-0.14,-0.01,-0.32,-0.16
28.262,2,10.7,-45.2,0.022,-0.055,-1.02,-0.14,-0.01,-0.32,-0.16
28.268,2.7,11,-45.5,0.022,-0.049,-1.011,-0.14,-0.01,-0.32,-0.16
28.274,3.1,11.1,-45.7,0.023,-0.046,-1.004,-0.14,-0.01,-0.32,-0.16
28.279,3.5,11.4,-46.2,0.024,-0.046,-0.997,-0.18,-0.01,0,-0.33
28.283,3.7,11.7,-46.3,0.026,-0.045,-0.993,-0.18,-0.01,0,-0.33
28.288,3.5,11.5,-46.5,0.029,-0.047,-0.99,-0.18,-0.01,0,-0.33
28.293,3.4,11.5,-46.6,0.032,-0.046,-0.988,-0.18,-0.01,0,-0.33
28.298,3.4,11.5,-46.9,0.036,-0.046,-0.991,-0.18,-0.01,0,-0.33
28.303,3.8,11.5,-47,0.039,-0.043,-0.995,-0.18,-0.01,0,-0.33
28.307,4.2,11.2,-47.1,0.041,-0.039,-1.001,-0.18,-0.01,0,-0.33
28.312,4.6,10.9,-47.4,0.045,-0.036,-1.007,-0.18,-0.01,0,-0.33
28.317,5.1,10.9,-47.7,0.046,-0.033,-1.015,-0.18,-0.01,0,-0.33
28.322,5.1,10.8,-48.2,0.049,-0.03,-1.023,-0.18,-0.01,0,-0.33
28.328,4.8,10.3,-48.8,0.053,-0.032,-1.031,-0.19,0,0,-0.32
28.334,4.4,10.1,-49.4,0.055,-0.037,-1.04,-0.19,0,0,-0.32
28.340,3.3,9.5,-50.3,0.056,-0.041,-1.047,-0.19,0,0,-0.32
28.346,2,8.9,-51,0.057,-0.045,-1.051,-0.19,0,0,-0.32
28.353,1,8.3,-51.6,0.056,-0.045,-1.051,-0.19,0,0,-0.32
28.359,0.3,7.4,-52.1,0.053,-0.043,-1.049,-0.19,0,0,-0.32
28.365,0,6.3,-52.6,0.051,-0.041,-1.043,-0.19,0,0,-0.32
28.371,-0.3,5.3,-53,0.048,-0.037,-1.037,-0.19,0,0,-0.32
28.376,-0.9,4.1,-53.4,0.048,-0.037,-1.032,-0.19,0,-0.16,0
28.381,-1,2.9,-54,0.047,-0.037,-1.025,-0.19,0,-0.16,0
28.385,-1.5,1.8,-54,0.048,-0.041,-1.02,-0.19,0,-0.16,0
28.390,-2.2,0.5,-53.8,0.049,-0.047,-1.017,-0.19,0,-0.16,0
28.395,-2.3,-0.5,-53.8,0.05,-0.047,-1.013,-0.19,0,-0.16,0
28.400,-2.8,-1.6,-53.8,0.052,-0.047,-1.013,-0.19,0,-0.16,0
28.405,-2.9,-2.4,-53.4,0.05,-0.046,-1.01,-0.19,0,-0.16,0
28.409,-2.6,-3.4,-52.9,0.048,-0.043,-1.007,-0.19,0,-0.16,0
28.414,-2.5,-4.2,-52.4,0.046,-0.038,-1.008,-0.19,0,-0.16,0
28.419,-2,-5,-51.9,0.044,-0.035,-1.007,-0.19,0,-0.16,0
28.424,-1.4,-5.6,-51.5,0.043,-0.031,-1.004,-0.17,0,-0.16,0
28.430,-0.7,-6.3,-51.2,0.045,-0.028,-1.001,-0.17,0,-0.16,0
28.435,-0.4,-6.6,-51.2,0.049,-0.026,-0.999,-0.17,0,-0.16,0
28.440,0,-6.9,-51.1,0.053,-0.025,-1,-0.17,0,-0.16,0
28.446,0,-7.3,-51.5,0.053,-0.025,-1,-0.17,0,-0.16,0
28.451,-0.4,-7.5,-51.8,0.053,-0.026,-1,-0.17,0,-0.16,0
28.456,-0.8,-7.8,-52.3,0.052,-0.025,-1.001,-0.17,0,-0.16,0
28.462,-1.2,-8.1,-52.7,0.051,-0.021,-1.002,-0.17,0,-0.16,0
28.466,-1.3,-8.3,-53.5,0.049,-0.019,-1.006,-0.16,0,0,0.16
28.471,-1.5,-8.8,-54.1,0.047,-0.015,-1.007,-0.16,0,0,0.16
28.476,-1.4,-8.9,-54.7,0.045,-0.011,-1.006,-0.16,0,0,0.16
28.481,-1.3,-9.4,-55.1,0.041,-0.013,-1.008,-0.16,0,0,0.16
28.486,-1.4,-9.7,-55.4,0.037,-0.014,-1.009,-0.16,0,0,0.16
28.490,-1.4,-10.2,-55.4,0.034,-0.016,-1.007,-0.16,0,0,0.16
28.495,-1.1,-10.6,-55.3,0.033,-0.018,-1.004,-0.16,0,0,0.16
28.500,-0.9,-10.8,-55.1,0.032,-0.018,-0.998,-0.16,0,0,0.16
28.505,-0.6,-11,-54.8,0.031,-0.018,-0.993,-0.16,0,0,0.16
28.509,-0.1,-10.6,-54.5,0.029,-0.014,-0.989,-0.16,0,0,0.16
28.514,0.5,-10.4,-54.5,0.03,-0.014,-0.984,-0.2,-0.01,-0.5,0.5
28.518,1,-10.1,-54.4,0.034,-0.013,-0.981,-0.2,-0.01,-0.5,0.5
28.522,1.3,-9.1,-54.8,0.035,-0.01,-0.979,-0.2,-0.01,-0.5,0.5
28.526,1.6,-8.3,-54.8,0.036,-0.011,-0.979,-0.2,-0.01,-0.5,0.5
28.530,1.9,-7.3,-55.5,0.035,-0.013,-0.983,-0.2,-0.01,-0.5,0.5
28.534,1.9,-6.4,-56,0.034,-0.015,-0.986,-0.2,-0.01,-0.5,0.5
28.538,1.5,-5.5,-56.3,0.032,-0.02,-0.993,-0.2,-0.01,-0.5,0.5
28.542,1.9,-4.8,-57,0.027,-0.02,-0.999,-0.2,-0.01,-0.5,0.5
28.546,2.3,-4,-57.2,0.024,-0.021,-1.004,-0.2,-0.01,-0.5,0.5
28.550,2.8,-3.1,-57.8,0.024,-0.018,-1.005,-0.2,-0.01,-0.5,0.5
28.554,3.7,-2.6,-58.4,0.022,-0.014,-1.002,-0.2,-0.01,-0.5,0.5
28.558,4.3,-2.1,-58.2,0.02,-0.015,-1.002,-0.2,-0.01,-0.5,0.5
28.562,5,-1.9,-58.3,0.018,-0.018,-1.002,-0.22,-0.01,-0.16,0.16
28.567,5.3,-1.5,-58.2,0.018,-0.021,-1.002,-0.22,-0.01,-0.16,0.16
28.572,5.4,-1.4,-57.8,0.017,-0.023,-0.998,-0.22,-0.01,-0.16,0.16
28.576,5.6,-1.2,-57.4,0.014,-0.021,-0.993,-0.22,-0.01,-0.16,0.16
28.581,5.7,-1.2,-57.2,0.013,-0.023,-0.991,-0.22,-0.01,-0.16,0.16
28.585,5.9,-1.1,-57,0.012,-0.022,-0.99,-0.22,-0.01,-0.16,0.16
28.590,6,-1.1,-57.2,0.018,-0.019,-0.988,-0.22,-0.01,-0.16,0.16
28.594,5.4,-0.9,-57.7,0.029,-0.023,-0.993,-0.22,-0.01,-0.16,0.16
28.599,4.8,-0.6,-58.5,0.038,-0.03,-1.003,-0.22,-0.01,-0.16,0.16
28.604,3.7,-0.4,-59.5,0.047,-0.038,-1.016,-0.22,-0.01,-0.16,0.16
28.609,2.3,0,-60,0.053,-0.044,-1.03,-0.22,0,-0.32,0
28.614,1.5,0.1,-61.2,0.056,-0.046,-1.04,-0.22,0,-0.32,0
28.619,1,0.3,-62,0.058,-0.045,-1.045,-0.22,0,-0.32,0
28.624,1.2,0.7,-62.3,0.058,-0.039,-1.048,-0.22,0,-0.32,0
28.629,1.9,1.2,-62.6,0.054,-0.032,-1.048,-0.22,0,-0.32,0
28.634,2.2,1.3,-62.6,0.051,-0.029,-1.044,-0.22,0,-0.32,0
28.639,2.9,1.6,-62.5,0.045,-0.025,-1.036,-0.22,0,-0.32,0
28.644,3.3,1.6,-62,0.04,-0.024,-1.028,-0.22,0,-0.32,0
28.649,3.2,1.5,-61.8,0.035,-0.026,-1.019,-0.22,0,-0.32,0
28.654,3.5,1.3,-61.2,0.031,-0.027,-1.009,-0.21,-0.01,-0.16,0.98
28.659,3.4,0.9,-60.6,0.03,-0.027,-0.997,-0.21,-0.01,-0.16,0.98
28.664,3.4,0.3,-60.3,0.029,-0.026,-0.986,-0.21,-0.01,-0.16,0.98
28.669,3.7,-0.2,-59.4,0.029,-0.024,-0.978,-0.21,-0.01,-0.16,0.98
28.674,4,-1.2,-59,0.032,-0.025,-0.972,-0.21,-0.01,-0.16,0.98
28.679,4.6,-2.2,-58.1,0.033,-0.024,-0.97,-0.21,-0.01,-0.16,0.98
28.684,5.3,-3.1,-57.3,0.035,-0.027,-0.969,-0.21,-0.01,-0.16,0.98
28.689,5.4,-4.2,-56.5,0.041,-0.035,-0.976,-0.21,-0.01,-0.16,0.98
28.695,5.3,-5.2,-56,0.052,-0.041,-0.987,-0.21,-0.01,-0.16,0.98
28.699,4.5,-5.9,-56.1,0.065,-0.045,-1,-0.22,0,0,0.16
28.704,3.8,-6.5,-56.6,0.079,-0.043,-1.011,-0.22,0,0,0.16
28.709,3.1,-6.7,-57.3,0.087,-0.035,-1.022,-0.22,0,0,0.16
28.713,2.4,-6.9,-58.2,0.089,-0.026,-1.033,-0.22,0,0,0.16
28.718,2.3,-7.4,-59.2,0.083,-0.013,-1.042,-0.22,0,0,0.16
28.722,2,-7.8,-59.8,0.07,0,-1.049,-0.22,0,0,0.16
28.727,1.7,-8.1,-60.3,0.059,0.009,-1.051,-0.22,0,0,0.16
28.732,2.3,-8.6,-60.8,0.053,0.024,-1.048,-0.22,0,0,0.16
28.736,2.8,-8.9,-61,0.047,0.035,-1.041,-0.22,0,0,0.16
28.741,3.5,-9.5,-60.3,0.042,0.044,-1.033,-0.22,0,0,0.16
28.746,4.3,-10.1,-59.9,0.036,0.05,-1.02,-0.22,0,0,0.16
28.752,4.9,-10.6,-59.2,0.032,0.048,-1.009,-0.22,-0.01,-0.16,0
28.758,6,-11,-58.2,0.027,0.047,-0.999,-0.22,-0.01,-0.16,0
28.764,6.8,-11.7,-57.2,0.026,0.044,-0.992,-0.22,-0.01,-0.16,0
28.770,7.6,-12.2,-56.6,0.026,0.035,-0.988,-0.22,-0.01,-0.16,0
28.776,8.7,-12.9,-55.9,0.027,0.03,-0.985,-0.22,-0.01,-0.16,0
28.782,9.7,-13.6,-55.1,0.029,0.019,-0.985,-0.22,-0.01,-0.16,0
28.788,10.9,-13.9,-54.9,0.031,0.008,-0.988,-0.22,-0.01,-0.16,0
28.792,11.9,-14.3,-55.1,0.037,-0.006,-0.992,-0.19,0,-0.16,0.16
28.797,12,-14.9,-55.2,0.042,-0.022,-0.997,-0.19,0,-0.16,0.16
28.801,12.3,-15,-55.2,0.047,-0.037,-1.004,-0.19,0,-0.16,0.16
28.805,11.7,-14.9,-55.7,0.05,-0.053,-1.011,-0.19,0,-0.16,0.16
28.810,10.7,-14.9,-55.8,0.048,-0.067,-1.018,-0.19,0,-0.16,0.16
28.814,9.7,-14.7,-55.9,0.043,-0.076,-1.025,-0.19,0,-0.16,0.16
28.818,8.6,-14.4,-56,0.037,-0.083,-1.029,-0.19,0,-0.16,0.16
28.823,7.3,-14.4,-56.2,0.026,-0.086,-1.031,-0.19,0,-0.16,0.16
28.827,6,-14,-56.2,0.014,-0.084,-1.033,-0.19,0,-0.16,0.16
28.831,5.2,-13.8,-56,0.002,-0.081,-1.032,-0.19,0,-0.16,0.16
28.836,4.5,-13.5,-56,-0.01,-0.075,-1.028,-0.19,0,-0.16,0.16
28.843,4.3,-13.3,-55.6,-0.021,-0.066,-1.022,-0.18,0,0,0.16
28.850,4.2,-13,-55.3,-0.027,-0.058,-1.015,-0.18,0,0,0.16
28.857,4.5,-12.4,-54.9,-0.031,-0.051,-1.008,-0.18,0,0,0.16
28.864,4.6,-12.1,-54.6,-0.033,-0.044,-1.001,-0.18,0,0,0.16
28.871,4.8,-11.6,-54.1,-0.035,-0.038,-0.994,-0.18,0,0,0.16
28.878,5.3,-11,-53.7,-0.037,-0.034,-0.988,-0.18,0,0,0.16
28.885,5.8,-10.8,-53.4,-0.038,-0.031,-0.982,-0.18,0,0,0.16
28.889,6.2,-10.2,-53,-0.039,-0.029,-0.978,-0.17,-0.01,-0.16,0.16
28.893,6.8,-9.8,-52.6,-0.038,-0.024,-0.974,-0.17,-0.01,-0.16,0.16
28.898,7.6,-9.2,-52.5,-0.035,-0.023,-0.973,-0.17,-0.01,-0.16,0.16
28.902,8.2,-8.5,-53,-0.027,-0.025,-0.973,-0.17,-0.01,-0.16,0.16
28.907,8.2,-7.9,-53.9,-0.019,-0.027,-0.979,-0.17,-0.01,-0.16,0.16
28.911,7.3,-7.2,-55.1,-0.008,-0.035,-0.985,-0.17,-0.01,-0.16,0.16
28.916,5.7,-6.4,-56.3,0,-0.043,-0.993,-0.17,-0.01,-0.16,0.16
28.920,3.8,-5.5,-57.7,0.006,-0.051,-1.003,-0.17,-0.01,-0.16,0.16
28.925,1.8,-4.7,-59,0.009,-0.057,-1.011,-0.17,-0.01,-0.16,0.16
28.929,-0.2,-3.6,-59.9,0.008,-0.059,-1.017,-0.17,-0.01,-0.16,0.16
28.933,-1.9,-2.6,-60.6,0.004,-0.061,-1.021,-0.17,-0.01,-0.16,0.16
28.938,-2.8,-1.9,-61,-0.003,-0.058,-1.021,-0.18,-0.01,-0.16,-0.16
28.942,-3.3,-0.8,-61.2,-0.01,-0.053,-1.02,-0.18,-0.01,-0.16,-0.16
28.947,-3.1,0.1,-61.6,-0.015,-0.051,-1.017,-0.18,-0.01,-0.16,-0.16
28.951,-3.1,1.1,-61.8,-0.023,-0.048,-1.012,-0.18,-0.01,-0.16,-0.16
28.955,-2.6,2,-61.4,-0.03,-0.047,-1.006,-0.18,-0.01,-0.16,-0.16
28.960,-2.2,2.8,-60.9,-0.034,-0.048,-1.001,-0.18,-0.01,-0.16,-0.16
28.964,-1.7,3.6,-60.8,-0.036,-0.049,-0.996,-0.18,-0.01,-0.16,-0.16
28.969,-0.8,4.5,-60.6,-0.036,-0.046,-0.992,-0.18,-0.01,-0.16,-0.16
28.973,0.1,4.9,-60.1,-0.036,-0.042,-0.988,-0.18,-0.01,-0.16,-0.16
28.977,1.4,5.4,-60.1,-0.037,-0.036,-0.985,-0.18,-0.01,-0.16,-0.16
28.982,2.8,5.8,-59.8,-0.036,-0.03,-0.983,-0.18,-0.01,-0.16,-0.16
28.988,4.2,6.2,-59.4,-0.034,-0.026,-0.983,-0.17,-0.02,-0.32,-0.48
28.994,5.1,6.7,-59.2,-0.025,-0.025,-0.986,-0.17,-0.02,-0.32,-0.48
29.000,5.2,7.3,-59.3,-0.013,-0.029,-0.992,-0.17,-0.02,-0.32,-0.48
29.006,4.4,7.7,-60,0.003,-0.035,-1.002,-0.17,-0.02,-0.32,-0.48
29.012,3.2,8.4,-61,0.018,-0.041,-1.012,-0.17,-0.02,-0.32,-0.48
29.017,1.1,9.2,-62.2,0.029,-0.044,-1.024,-0.17,-0.02,-0.32,-0.48
29.023,-0.6,10.1,-63.3,0.034,-0.044,-1.035,-0.17,-0.02,-0.32,-0.48
29.030,-2.4,10.8,-64.5,0.033,-0.043,-1.045,-0.16,0,0,0
29.037,-4,11.9,-65.5,0.031,-0.042,-1.053,-0.16,0,0,0
29.044,-4.8,12.7,-66.5,0.03,-0.042,-1.058,-0.16,0,0,0
29.051,-5.8,13.5,-67.2,0.026,-0.043,-1.06,-0.16,0,0,0
29.058,-6.2,14.5,-67.5,0.023,-0.045,-1.057,-0.16,0,0,0
29.065,-6.4,15.2,-67.9,0.02,-0.048,-1.053,-0.16,0,0,0
29.072,-6.4,15.9,-67.9,0.018,-0.051,-1.046,-0.16,0,0,0
29.075,-6,16.5,-67.9,0.016,-0.054,-1.037,-0.15,-0.01,0,-0.32
29.079,-5.9,16.8,-67.6,0.015,-0.056,-1.028,-0.15,-0.01,0,-0.32
29.083,-5.4,17.1,-67.1,0.016,-0.055,-1.018,-0.15,-0.01,0,-0.32
29.086,-4.7,17.3,-66.7,0.019,-0.056,-1.006,-0.15,-0.01,0,-0.32
29.090,-3.9,17.2,-65.9,0.024,-0.053,-0.995,-0.15,-0.01,0,-0.32
29.093,-2.8,17.3,-65.2,0.027,-0.049,-0.985,-0.15,-0.01,0,-0.32
29.097,-2,16.9,-64.6,0.031,-0.045,-0.976,-0.15,-0.01,0,-0.32
29.101,-1.1,16.8,-64.1,0.037,-0.04,-0.971,-0.15,-0.01,0,-0.32
29.104,-0.6,16.5,-63.7,0.047,-0.038,-0.969,-0.15,-0.01,0,-0.32
29.108,-0.3,16.2,-63.9,0.06,-0.037,-0.971,-0.15,-0.01,0,-0.32
29.111,-1,16.2,-64.3,0.073,-0.041,-0.978,-0.15,-0.01,0,-0.32
29.115,-2,15.9,-65.4,0.085,-0.046,-0.988,-0.15,-0.01,0,-0.32
29.118,-3.3,15.8,-66.8,0.094,-0.049,-0.998,-0.15,-0.01,0,-0.32
29.124,-4.5,15.7,-67.8,0.1,-0.05,-1.01,-0.14,0,-0.16,-0.32
29.130,-5.4,15.3,-68.9,0.101,-0.048,-1.022,-0.14,0,-0.16,-0.32
29.136,-5.9,15.2,-70,0.098,-0.047,-1.031,-0.14,0,-0.16,-0.32
29.141,-6,15,-70.6,0.093,-0.043,-1.039,-0.14,0,-0.16,-0.32
29.147,-5.6,14.6,-71.1,0.086,-0.041,-1.044,-0.14,0,-0.16,-0.32
29.153,-5.3,14.2,-71.2,0.078,-0.04,-1.048,-0.14,0,-0.16,-0.32
29.158,-4.6,13.5,-70.8,0.069,-0.038,-1.049,-0.14,0,-0.16,-0.32
29.164,-4.2,12.7,-70.2,0.063,-0.036,-1.047,-0.14,0,-0.16,-0.32
29.169,-3.7,11.8,-69.8,0.058,-0.034,-1.044,-0.15,0,0,0
29.174,-3.4,10.8,-69.1,0.059,-0.03,-1.037,-0.15,0,0,0
29.178,-2.9,9.7,-68.5,0.064,-0.025,-1.028,-0.15,0,0,0
29.183,-2.4,8.8,-67.9,0.069,-0.019,-1.018,-0.15,0,0,0
29.188,-2.2,7.6,-67.4,0.075,-0.012,-1.007,-0.15,0,0,0
29.192,-1.8,6.5,-66.8,0.083,-0.009,-0.998,-0.15,0,0,0
29.197,-1.9,5.7,-66.4,0.091,-0.009,-0.992,-0.15,0,0,0
29.202,-2.3,5.1,-66.5,0.099,-0.012,-0.987,-0.15,0,0,0
29.207,-3.2,4.6,-66.9,0.107,-0.015,-0.986,-0.15,0,0,0
29.211,-3.6,4,-67.2,0.11,-0.017,-0.987,-0.15,0,0,0
29.216,-4.1,3.8,-67.5,0.108,-0.019,-0.989,-0.16,0,-0.16,0
29.220,-4.5,3.7,-67.8,0.103,-0.019,-0.992,-0.16,0,-0.16,0
29.225,-4.3,3.3,-68.2,0.095,-0.019,-0.996,-0.16,0,-0.16,0
29.229,-4,3,-68.6,0.088,-0.019,-1,-0.16,0,-0.16,0
29.233,-3.9,2.5,-68.9,0.081,-0.022,-1.002,-0.16,0,-0.16,0
29.238,-3.5,2.4,-68.9,0.076,-0.024,-1.006,-0.16,0,-0.16,0
29.242,-3.4,1.9,-68.4,0.07,-0.027,-1.009,-0.16,0,-0.16,0
29.247,-3.3,1.5,-68,0.068,-0.029,-1.01,-0.16,0,-0.16,0
29.251,-3.7,1.1,-67.5,0.066,-0.03,-1.012,-0.16,0,-0.16,0
29.256,-3.7,0.7,-66.7,0.066,-0.029,-1.013,-0.16,0,-0.16,0
29.260,-3.6,0.2,-65.9,0.067,-0.025,-1.013,-0.16,0,-0.16,0
29.267,-3.7,-0.2,-65.8,0.067,-0.02,-1.013,-0.16,0,-0.16,0
29.274,-3.6,-0.6,-65.3,0.07,-0.015,-1.014,-0.16,0,-0.16,0
29.281,-3.9,-1.1,-65.2,0.075,-0.012,-1.015,-0.16,0,-0.16,0
29.288,-4.1,-1.6,-65.5,0.082,-0.011,-1.016,-0.16,0,-0.16,0
29.294,-4.5,-2,-66,0.09,-0.013,-1.016,-0.16,0,-0.16,0
29.301,-5,-2.2,-66.5,0.096,-0.014,-1.014,-0.16,0,-0.16,0
29.308,-5.4,-2.5,-66.8,0.099,-0.015,-1.01,-0.16,0,-0.16,0
29.313,-5.5,-2.7,-66.8,0.102,-0.012,-1.005,-0.18,0,1.29,0.16
29.317,-5.4,-2.7,-67.1,0.1,-0.009,-1,-0.18,0,1.29,0.16
29.321,-4.7,-2.8,-66.8,0.097,-0.005,-0.995,-0.18,0,1.29,0.16
29.326,-4,-2.9,-66.4,0.092,0,-0.994,-0.18,0,1.29,0.16
29.330,-2.9,-2.9,-65.7,0.088,0.003,-0.992,-0.18,0,1.29,0.16
29.335,-1.9,-3.1,-65,0.083,0.008,-0.992,-0.18,0,1.29,0.16
29.339,-0.9,-3,-63.9,0.077,0.014,-0.994,-0.18,0,1.29,0.16
29.344,0.1,-3,-63.1,0.072,0.018,-0.998,-0.18,0,1.29,0.16
29.348,0.5,-3.1,-62,0.067,0.021,-1.003,-0.18,0,1.29,0.16
29.352,1.3,-3.1,-60.7,0.063,0.025,-1.01,-0.18,0,1.29,0.16
29.357,1.6,-3.2,-59.5,0.059,0.029,-1.014,-0.18,0,1.29,0.16
29.363,1.9,-3.1,-58.4,0.056,0.032,-1.017,-0.18,0,-0.32,0.16
29.369,2.4,-3.3,-57.3,0.053,0.036,-1.02,-0.18,0,-0.32,0.16
29.375,2.6,-3.4,-56.7,0.049,0.04,-1.022,-0.18,0,-0.32,0.16
29.381,3,-3.6,-56.3,0.048,0.041,-1.024,-0.18,0,-0.32,0.16
29.387,3.2,-4.1,-56,0.047,0.04,-1.023,-0.18,0,-0.32,0.16
29.393,3.2,-4.7,-56.2,0.048,0.037,-1.021,-0.18,0,-0.32,0.16
29.399,3,-5.2,-56.6,0.052,0.033,-1.017,-0.18,0,-0.32,0.16
29.404,3.2,-5.6,-57.1,0.057,0.027,-1.012,-0.18,0,0,0.16
29.408,3,-6,-57.7,0.065,0.022,-1.007,-0.18,0,0,0.16
29.412,3.1,-6.5,-58.1,0.072,0.02,-1.003,-0.18,0,0,0.16
29.417,3,-6.8,-58.4,0.077,0.016,-0.999,-0.18,0,0,0.16
29.421,3.2,-7.1,-58.7,0.08,0.016,-0.996,-0.18,0,0,0.16
29.425,3.3,-7.5,-58.8,0.082,0.014,-0.994,-0.18,0,0,0.16
29.430,3.1,-7.9,-59,0.083,0.013,-0.991,-0.18,0,0,0.16
29.434,2.9,-8,-58.8,0.082,0.01,-0.99,-0.18,0,0,0.16
29.438,2.6,-8.3,-58.5,0.083,0.007,-0.991,-0.18,0,0,0.16
29.443,2.4,-8.3,-57.9,0.08,0.005,-0.995,-0.18,0,0,0.16
29.447,1.9,-8.4,-57.1,0.077,0.003,-1,-0.18,0,0,0.16
29.454,1.3,-8.3,-56.2,0.071,0.003,-1.005,-0.2,0,-1.33,0.99
29.461,1.3,-8.3,-55.4,0.065,0.004,-1.012,-0.2,0,-1.33,0.99
29.468,1,-8.1,-54.6,0.058,0.009,-1.017,-0.2,0,-1.33,0.99
29.475,1.3,-8,-53.9,0.051,0.013,-1.021,-0.2,0,-1.33,0.99
29.482,1.7,-8.1,-53.5,0.045,0.019,-1.022,-0.2,0,-1.33,0.99
29.489,2.3,-8.1,-53.2,0.039,0.023,-1.02,-0.2,0,-1.33,0.99
29.496,3,-7.8,-52.9,0.035,0.026,-1.016,-0.2,0,-1.33,0.99
29.500,4,-7.8,-52.6,0.035,0.031,-1.01,-0.22,0,-0.48,0.32
29.504,4.9,-7.9,-52.4,0.036,0.034,-1.002,-0.22,0,-0.48,0.32
29.509,5.9,-7.7,-52.3,0.04,0.037,-0.996,-0.22,0,-0.48,0.32
29.513,6.9,-7.7,-52.1,0.045,0.039,-0.991,-0.22,0,-0.48,0.32
29.517,7.4,-7.8,-51.9,0.052,0.038,-0.985,-0.22,0,-0.48,0.32
29.521,7.6,-7.7,-52,0.061,0.036,-0.983,-0.22,0,-0.48,0.32
29.526,7.6,-7.7,-52.2,0.071,0.034,-0.981,-0.22,0,-0.48,0.32
29.530,7.3,-7.5,-52.4,0.082,0.029,-0.983,-0.22,0,-0.48,0.32
29.534,6.8,-7.5,-52.9,0.087,0.025,-0.986,-0.22,0,-0.48,0.32
29.538,6.5,-7.2,-53.1,0.09,0.022,-0.991,-0.22,0,-0.48,0.32
29.542,6.4,-7.1,-53,0.09,0.02,-0.996,-0.22,0,-0.48,0.32
29.549,6.2,-6.9,-52.9,0.087,0.018,-1.001,-0.22,0,-0.16,0.16
29.555,6.3,-6.4,-52.4,0.08,0.014,-1.008,-0.22,0,-0.16,0.16
29.561,6.4,-6.3,-51.8,0.072,0.009,-1.013,-0.22,0,-0.16,0.16
29.568,6.3,-5.8,-51,0.063,0.003,-1.018,-0.22,0,-0.16,0.16
29.574,6.3,-5.6,-50.4,0.055,-0.004,-1.021,-0.22,0,-0.16,0.16
29.580,6,-5.3,-49.6,0.049,-0.01,-1.024,-0.22,0,-0.16,0.16
29.586,6,-5.1,-49,0.041,-0.012,-1.027,-0.22,0,-0.16,0.16
29.591,6,-5,-48.4,0.035,-0.011,-1.028,-0.24,0,-0.32,0
29.595,6.4,-5,-47.9,0.029,-0.007,-1.028,-0.24,0,-0.32,0
29.599,7.1,-4.5,-47.6,0.027,-0.002,-1.027,-0.24,0,-0.32,0
29.603,7.9,-4.4,-47.2,0.025,0.004,-1.024,-0.24,0,-0.32,0
29.608,8.6,-4.1,-46.9,0.026,0.011,-1.021,-0.24,0,-0.32,0
29.612,9.3,-4,-47.4,0.034,0.017,-1.016,-0.24,0,-0.32,0
29.616,10,-3.9,-47.6,0.04,0.021,-1.01,-0.24,0,-0.32,0
29.620,10.2,-4.1,-47.3,0.043,0.023,-1.005,-0.24,0,-0.32,0
29.624,10.1,-3.9,-47.1,0.048,0.023,-1.002,-0.24,0,-0.32,0
29.629,9.9,-3.9,-47.4,0.055,0.022,-1,-0.24,0,-0.32,0
29.633,9.7,-3.6,-47.4,0.061,0.021,-1,-0.24,0,-0.32,0
29.638,9.5,-3.4,-47.4,0.067,0.022,-0.998,-0.22,0,-0.32,0.32
29.642,9.3,-3.3,-47.1,0.07,0.024,-0.998,-0.22,0,-0.32,0.32
29.647,9.8,-2.9,-46.9,0.07,0.024,-0.998,-0.22,0,-0.32,0.32
29.652,9.8,-2.5,-46.3,0.069,0.02,-0.998,-0.22,0,-0.32,0.32
29.656,10.1,-2.2,-45.7,0.066,0.014,-1,-0.22,0,-0.32,0.32
29.661,9.8,-1.8,-44.9,0.059,0.006,-1.003,-0.22,0,-0.32,0.32
29.666,9.5,-1.7,-44.1,0.051,-0.002,-1.006,-0.22,0,-0.32,0.32
29.670,9,-1.2,-43.3,0.039,-0.008,-1.011,-0.22,0,-0.32,0.32
29.675,8.4,-0.9,-42.5,0.028,-0.013,-1.014,-0.22,0,-0.32,0.32
29.680,7.6,-0.8,-41.9,0.017,-0.017,-1.016,-0.22,0,-0.32,0.32
29.684,7,-0.6,-41.6,0.009,-0.02,-1.018,-0.22,0,-0.32,0.32
29.691,6.4,-0.4,-41.1,0.005,-0.021,-1.019,-0.2,0,-0.16,0
29.698,5.9,-0.5,-41,0.003,-0.02,-1.018,-0.2,0,-0.16,0
29.705,5.8,-0.1,-40.8,0.004,-0.019,-1.015,-0.2,0,-0.16,0
29.711,5.8,-0.1,-40.8,0.007,-0.019,-1.012,-0.2,0,-0.16,0
29.718,5.7,-0.2,-40.6,0.011,-0.018,-1.01,-0.2,0,-0.16,0
29.725,6,-0.3,-40.6,0.018,-0.019,-1.008,-0.2,0,-0.16,0
29.732,5.9,-0.3,-40.5,0.025,-0.019,-1.004,-0.2,0,-0.16,0
29.735,6,-0.4,-41.1,0.033,-0.017,-0.999,-0.21,-0.01,-0.32,0
29.739,6,-0.5,-41.7,0.041,-0.015,-0.996,-0.21,-0.01,-0.32,0
29.743,5.8,-0.7,-42.5,0.049,-0.014,-0.995,-0.21,-0.01,-0.32,0
29.747,5.7,-0.5,-43.2,0.056,-0.013,-0.993,-0.21,-0.01,-0.32,0
29.751,5.5,-0.7,-43.5,0.064,-0.011,-0.991,-0.21,-0.01,-0.32,0
29.755,5.2,-0.7,-43.8,0.073,-0.012,-0.989,-0.21,-0.01,-0.32,0
29.758,5.2,-0.3,-43.8,0.076,-0.012,-0.988,-0.21,-0.01,-0.32,0
29.762,4.9,-0.3,-43.5,0.077,-0.01,-0.989,-0.21,-0.01,-0.32,0
29.766,5,0,-42.9,0.075,-0.009,-0.992,-0.21,-0.01,-0.32,0
29.770,5.1,0.1,-42.4,0.07,-0.009,-0.996,-0.21,-0.01,-0.32,0
29.774,5.2,0.2,-41.8,0.063,-0.007,-1.001,-0.21,-0.01,-0.32,0
29.779,5.1,0.3,-41.1,0.053,-0.005,-1.007,-0.21,0,-0.16,0
29.783,5.3,0.5,-40.6,0.042,-0.003,-1.013,-0.21,0,-0.16,0
29.788,5.1,0.7,-40.5,0.032,0,-1.018,-0.21,0,-0.16,0
29.793,5,0.7,-40.1,0.024,0.002,-1.021,-0.21,0,-0.16,0
29.798,4.8,0.7,-40,0.02,0.005,-1.024,-0.21,0,-0.16,0
29.803,4.5,0.9,-39.8,0.019,0.008,-1.025,-0.21,0,-0.16,0
29.807,4.3,1.1,-39.6,0.019,0.011,-1.024,-0.21,0,-0.16,0
29.812,4,1.3,-39.5,0.019,0.012,-1.02,-0.21,0,-0.16,0
29.817,3.7,1.5,-39.4,0.021,0.012,-1.015,-0.21,0,-0.16,0
29.822,3.6,1.5,-39.9,0.024,0.01,-1.011,-0.21,0,-0.16,0
29.828,3.5,1.6,-40,0.031,0.008,-1.006,-0.15,0,0,-0.66
29.834,3.7,1.5,-40.2,0.039,0.006,-1.003,-0.15,0,0,-0.66
29.840,4.2,1.5,-40.6,0.047,0.005,-1,-0.15,0,0,-0.66
29.846,4.6,1.3,-41.3,0.055,0.003,-1,-0.15,0,0,-0.66
29.853,4.8,1.3,-41.7,0.065,-0.001,-1.001,-0.15,0,0,-0.66
29.859,4.9,1.2,-42.7,0.075,-0.007,-1.001,-0.15,0,0,-0.66
29.865,4.7,1.1,-43.4,0.081,-0.014,-1.001,-0.15,0,0,-0.66
29.871,4.9,1.1,-44,0.083,-0.019,-1,-0.15,0,0,-0.66
29.876,4.6,1.3,-44.4,0.083,-0.024,-1,-0.12,0,0.32,0.8
29.881,4.2,1.3,-44.7,0.08,-0.028,-1,-0.12,0,0.32,0.8
29.885,3.8,1.3,-45.1,0.074,-0.031,-1.002,-0.12,0,0.32,0.8
29.890,3.4,1.3,-45.2,0.067,-0.033,-1.003,-0.12,0,0.32,0.8
29.895,2.9,1.3,-45.1,0.06,-0.032,-1.007,-0.12,0,0.32,0.8
29.900,2.4,1.3,-45.3,0.054,-0.029,-1.008,-0.12,0,0.32,0.8
29.905,2.2,1.5,-45.3,0.047,-0.027,-1.01,-0.12,0,0.32,0.8
29.910,1.5,1.5,-45,0.041,-0.024,-1.011,-0.12,0,0.32,0.8
29.914,1.1,1.5,-44.8,0.037,-0.019,-1.011,-0.12,0,0.32,0.8
29.919,0.7,1.6,-44.7,0.035,-0.014,-1.012,-0.12,0,0.32,0.8
29.925,0.4,1.5,-44.6,0.036,-0.009,-1.011,-0.1,-0.01,0,0
29.930,0,1.6,-44.4,0.037,-0.003,-1.01,-0.1,-0.01,0,0
29.935,0,1.6,-44.4,0.039,-0.001,-1.009,-0.1,-0.01,0,0
29.940,0,1.7,-44.5,0.045,0.002,-1.008,-0.1,-0.01,0,0
29.946,0.1,1.8,-44.4,0.05,0.006,-1.006,-0.1,-0.01,0,0
29.951,0.7,1.8,-44.4,0.058,0.01,-1.005,-0.1,-0.01,0,0
29.956,1.7,2,-44.9,0.064,0.014,-1.002,-0.1,-0.01,0,0
29.961,2.3,1.8,-45.3,0.069,0.017,-1.002,-0.1,-0.01,0,0
29.966,3.2,1.6,-45.8,0.074,0.017,-1.002,-0.1,0,-0.16,-0.16
29.971,3.7,1.5,-46.6,0.077,0.012,-1.003,-0.1,0,-0.16,-0.16
29.976,3.9,1.3,-47,0.078,0.007,-1.005,-0.1,0,-0.16,-0.16
29.981,3.6,1.2,-47.7,0.078,0,-1.007,-0.1,0,-0.16,-0.16
29.985,3.4,0.9,-48,0.076,-0.006,-1.008,-0.1,0,-0.16,-0.16
29.990,2.8,0.7,-48.5,0.074,-0.012,-1.012,-0.1,0,-0.16,-0.16
29.995,2.3,0.5,-48.8,0.072,-0.018,-1.016,-0.1,0,-0.16,-0.16
30.000,1.7,0.5,-48.8,0.067,-0.021,-1.021,-0.1,0,-0.16,-0.16
30.005,1.4,0.5,-48.8,0.06,-0.026,-1.028,-0.1,0,-0.16,-0.16
30.010,0.8,0.4,-49,0.053,-0.03,-1.034,-0.1,0,-0.16,-0.16
30.014,0.4,0.4,-49,0.044,-0.035,-1.039,-0.11,0,0,0
30.019,-0.3,0.5,-49.1,0.035,-0.042,-1.041,-0.11,0,0,0
30.023,-0.9,0.4,-49.1,0.03,-0.044,-1.04,-0.11,0,0,0
30.028,-1.3,0.5,-49.4,0.026,-0.046,-1.037,-0.11,0,0,0
30.032,-1.7,0.8,-49.4,0.024,-0.043,-1.032,-0.11,0,0,0
30.036,-1.8,0.6,-49.5,0.022,-0.038,-1.026,-0.11,0,0,0
30.041,-2,0.7,-49.8,0.023,-0.032,-1.018,-0.11,0,0,0
30.045,-2.2,0.9,-50,0.028,-0.023,-1.011,-0.11,0,0,0
30.050,-2.2,1.2,-50.1,0.032,-0.016,-1.006,-0.11,0,0,0
30.054,-2.3,1.1,-50.3,0.037,-0.01,-0.999,-0.11,0,0,0
30.059,-2.6,1.2,-50.6,0.043,-0.005,-0.994,-0.11,0,0,0
30.063,-2.6,1.3,-50.7,0.049,0,-0.99,-0.11,0,0,0.81
30.068,-2.5,1.3,-50.9,0.055,0.006,-0.988,-0.11,0,0,0.81
30.072,-2.5,1.3,-51.2,0.059,0.01,-0.988,-0.11,0,0,0.81
30.077,-2.3,1.5,-51.6,0.063,0.012,-0.989,-0.11,0,0,0.81
30.081,-2.2,1.6,-51.7,0.064,0.014,-0.991,-0.11,0,0,0.81
30.086,-1.8,1.8,-51.9,0.064,0.011,-0.995,-0.11,0,0,0.81
30.090,-1.7,1.9,-52.3,0.06,0.008,-0.998,-0.11,0,0,0.81
30.095,-1.5,2.1,-52.4,0.054,0.005,-1.002,-0.11,0,0,0.81
30.099,-1.4,2.3,-52.6,0.048,0.002,-1.005,-0.11,0,0,0.81
30.104,-0.9,2.4,-53,0.04,0.001,-1.006,-0.11,0,0,0.81
30.108,-0.9,2.4,-53.7,0.032,0,-1.008,-0.08,0,0,-0.16
30.113,-0.9,2.9,-54.3,0.026,-0.003,-1.008,-0.08,0,0,-0.16
30.117,-0.8,2.9,-54.8,0.02,-0.005,-1.008,-0.08,0,0,-0.16
30.122,-0.9,3.2,-55.2,0.017,-0.008,-1.006,-0.08,0,0,-0.16
30.126,-1.2,3.6,-55.6,0.016,-0.008,-1.005,-0.08,0,0,-0.16
30.131,-1.7,3.6,-55.7,0.016,-0.007,-1.004,-0.08,0,0,-0.16
30.135,-2,3.9,-56,0.016,-0.005,-1.002,-0.08,0,0,-0.16
30.140,-2.3,3.9,-56,0.017,-0.003,-1.001,-0.08,0,0,-0.16
30.145,-2.9,4,-56.1,0.02,0,-0.999,-0.08,0,0,-0.16
30.149,-3,3.9,-56.2,0.025,-0.001,-0.997,-0.08,0,0,-0.16
30.155,-3.1,4,-55.7,0.03,0,-0.997,-0.08,0,-0.16,0
30.161,-2.9,4,-55.6,0.034,0.004,-0.994,-0.08,0,-0.16,0
30.166,-2.5,3.6,-55.7,0.04,0.007,-0.993,-0.08,0,-0.16,0
30.172,-1.7,3.4,-55.8,0.048,0.011,-0.991,-0.08,0,-0.16,0
30.178,-0.9,3.4,-55.9,0.055,0.016,-0.992,-0.08,0,-0.16,0
30.183,-0.1,3.1,-56,0.063,0.017,-0.992,-0.08,0,-0.16,0
30.189,1.1,3,-55.8,0.068,0.018,-0.994,-0.08,0,-0.16,0
30.195,1.7,2.9,-56,0.071,0.017,-0.997,-0.08,0,-0.16,0
30.200,2.5,3,-56,0.072,0.017,-1.002,-0.1,0,-0.33,-0.33
30.206,3.2,2.8,-56.2,0.071,0.018,-1.006,-0.1,0,-0.33,-0.33
30.212,3.8,2.7,-56.3,0.069,0.018,-1.01,-0.1,0,-0.33,-0.33
30.218,4.2,2.6,-56.3,0.066,0.019,-1.012,-0.1,0,-0.33,-0.33
30.223,4.5,2.7,-56.3,0.064,0.016,-1.015,-0.1,0,-0.33,-0.33
30.229,4.7,2.9,-56.2,0.064,0.013,-1.015,-0.1,0,-0.33,-0.33
30.235,4.7,2.7,-55.7,0.063,0.01,-1.015,-0.1,0,-0.33,-0.33
30.241,4.7,2.7,-55.4,0.062,0.007,-1.016,-0.1,0,-0.33,-0.33
30.246,4.8,3.1,-54.7,0.062,0.005,-1.016,-0.1,0,-0.33,-0.33
30.252,4.9,3.2,-54.4,0.06,0.004,-1.016,-0.12,0,-0.16,0
30.257,5,3.1,-54.2,0.058,0.005,-1.014,-0.12,0,-0.16,0
30.262,5.6,3,-54,0.058,0.006,-1.012,-0.12,0,-0.16,0
30.267,5.9,2.9,-53.8,0.06,0.008,-1.007,-0.12,0,-0.16,0
30.273,6.5,2.7,-53.4,0.065,0.01,-1.004,-0.12,0,-0.16,0
30.278,6.9,2.6,-53,0.068,0.01,-1.002,-0.12,0,-0.16,0
30.283,7.4,2.2,-52.7,0.075,0.01,-1.001,-0.12,0,-0.16,0
30.289,7.7,2,-52.5,0.081,0.01,-0.999,-0.12,0,-0.16,0
30.294,7.9,1.6,-52.3,0.085,0.01,-0.999,-0.12,0,-0.16,0
30.298,8.2,1.3,-52,0.089,0.011,-1,-0.16,0,0,0.16
30.302,8.7,1,-51.6,0.09,0.014,-1.002,-0.16,0,0,0.16
30.306,8.8,0.5,-51.6,0.089,0.017,-1.003,-0.16,0,0,0.16
30.309,9.5,0.2,-51.7,0.086,0.017,-1.005,-0.16,0,0,0.16
30.313,10,0,-51.8,0.084,0.018,-1.008,-0.16,0,0,0.16
30.317,10.2,-0.3,-52.2,0.08,0.018,-1.01,-0.16,0,0,0.16
30.321,10.4,-0.3,-52.6,0.075,0.016,-1.012,-0.16,0,0,0.16
30.325,10.1,-0.5,-52.9,0.072,0.011,-1.013,-0.16,0,0,0.16
30.329,9.9,-0.7,-53.3,0.069,0.005,-1.013,-0.16,0,0,0.16
30.333,9,-0.6,-53.4,0.067,-0.001,-1.011,-0.16,0,0,0.16
30.337,8.4,-0.6,-53.8,0.065,-0.008,-1.008,-0.16,0,0,0.16
30.343,7.5,-0.6,-53.8,0.062,-0.012,-1.005,-0.18,0,-0.32,-0.32
30.350,6.8,-0.5,-53.7,0.061,-0.014,-1.001,-0.18,0,-0.32,-0.32
30.357,6.2,-0.2,-53.7,0.061,-0.016,-0.997,-0.18,0,-0.32,-0.32
30.364,5.9,-0.5,-53.8,0.058,-0.015,-0.992,-0.18,0,-0.32,-0.32
30.371,5.8,-0.5,-53.8,0.057,-0.014,-0.988,-0.18,0,-0.32,-0.32
30.378,5.6,-0.6,-54.2,0.056,-0.014,-0.984,-0.18,0,-0.32,-0.32
30.385,5.5,-0.9,-54.6,0.056,-0.012,-0.983,-0.18,0,-0.32,-0.32
30.389,5.1,-1.2,-54.9,0.058,-0.012,-0.983,-0.19,-0.01,0,0
30.393,4.6,-1.6,-55.1,0.059,-0.013,-0.983,-0.19,-0.01,0,0
30.398,3.8,-2,-55.4,0.06,-0.015,-0.984,-0.19,-0.01,0,0
30.402,2.8,-2.3,-55.9,0.064,-0.017,-0.985,-0.19,-0.01,0,0
30.407,2,-2.3,-55.9,0.071,-0.015,-0.988,-0.19,-0.01,0,0
30.411,1.1,-2.4,-55.8,0.079,-0.014,-0.99,-0.19,-0.01,0,0
30.416,0.6,-2,-55.1,0.087,-0.012,-0.992,-0.19,-0.01,0,0
30.420,0.3,-2,-54.6,0.091,-0.009,-0.994,-0.19,-0.01,0,0
30.425,0.1,-1.6,-54.5,0.092,-0.008,-0.996,-0.19,-0.01,0,0
30.429,0.1,-1.2,-54,0.092,-0.006,-0.998,-0.19,-0.01,0,0
30.433,0.1,-0.9,-53.6,0.091,-0.005,-0.998,-0.19,-0.01,0,0
30.440,0,-0.4,-53.1,0.087,-0.007,-0.999,-0.19,-0.01,0,0
30.447,0,0.1,-53.1,0.082,-0.007,-1.001,-0.19,-0.01,0,0
30.454,0.4,0.5,-52.9,0.075,-0.004,-1.003,-0.19,-0.01,0,0
30.461,0.6,1,-53,0.069,-0.001,-1.007,-0.19,-0.01,0,0
30.468,1.2,1.4,-53.1,0.062,0.002,-1.011,-0.19,-0.01,0,0
30.475,1.3,1.8,-53.2,0.058,0.003,-1.015,-0.19,-0.01,0,0
30.482,1.1,2.1,-52.7,0.058,0,-1.017,-0.19,-0.01,0,0
30.486,0.7,2.6,-52.4,0.058,-0.002,-1.017,-0.15,0,0,0.32
30.489,0,3,-52.1,0.058,-0.006,-1.016,-0.15,0,0,0.32
30.493,-0.8,3.4,-51.7,0.059,-0.009,-1.013,-0.15,0,0,0.32
30.497,-1.4,3.6,-51.3,0.058,-0.01,-1.012,-0.15,0,0,0.32
30.501,-2,3.7,-51.2,0.059,-0.013,-1.01,-0.15,0,0,0.32
30.505,-2,4.1,-50.9,0.056,-0.012,-1.01,-0.15,0,0,0.32
30.508,-1.9,4.1,-50.8,0.056,-0.013,-1.012,-0.15,0,0,0.32
30.512,-1.5,4.1,-50.5,0.054,-0.014,-1.013,-0.15,0,0,0.32
30.516,-0.7,4.4,-50.4,0.054,-0.014,-1.016,-0.15,0,0,0.32
30.520,-0.2,4.4,-50.4,0.056,-0.015,-1.02,-0.15,0,0,0.32
30.524,0.4,4.6,-49.9,0.057,-0.015,-1.025,-0.15,0,0,0.32
30.530,0.7,4.5,-49.6,0.059,-0.018,-1.029,-0.17,0,-0.16,0
30.537,1,4.6,-49.6,0.061,-0.018,-1.032,-0.17,0,-0.16,0
30.544,1.3,4.6,-49.6,0.065,-0.019,-1.037,-0.17,0,-0.16,0
30.551,1.5,4.7,-49.4,0.067,-0.019,-1.041,-0.17,0,-0.16,0
30.558,1.9,4.8,-49.6,0.07,-0.017,-1.043,-0.17,0,-0.16,0
30.565,2.3,5.1,-49.9,0.072,-0.011,-1.042,-0.17,0,-0.16,0
30.572,3,5.2,-50.2,0.07,-0.005,-1.039,-0.17,0,-0.16,0
30.575,3.7,5.4,-50.7,0.069,0.003,-1.033,-0.22,0,-0.16,0
30.579,4.8,5.9,-51.3,0.07,0.014,-1.027,-0.22,0,-0.16,0
30.582,5.2,6,-51.8,0.071,0.023,-1.02,-0.22,0,-0.16,0
30.585,5.7,6.2,-52.4,0.073,0.031,-1.015,-0.22,0,-0.16,0
30.589,6.1,6.6,-53,0.076,0.036,-1.01,-0.22,0,-0.16,0
30.592,5.7,6.7,-53.5,0.079,0.039,-1.006,-0.22,0,-0.16,0
30.596,5.7,6.8,-53.7,0.081,0.04,-1.003,-0.22,0,-0.16,0
30.599,5.3,6.7,-53.8,0.084,0.039,-1.003,-0.22,0,-0.16,0
30.602,4.8,6.9,-54.1,0.086,0.038,-1.004,-0.22,0,-0.16,0
30.606,4.9,6.8,-54.3,0.086,0.04,-1.005,-0.22,0,-0.16,0
30.609,4.9,6.5,-54.1,0.088,0.038,-1.005,-0.22,0,-0.16,0
30.612,5.2,6.2,-54.3,0.09,0.036,-1.006,-0.22,0,-0.16,0
30.616,5.6,5.7,-54.4,0.089,0.033,-1.007,-0.22,0,-0.16,0
30.619,6.2,5.2,-54.6,0.087,0.029,-1.009,-0.22,0,-0.16,0
30.625,6.8,4.8,-55.2,0.087,0.026,-1.009,-0.24,0,-0.16,0
30.631,7.1,4.1,-55.4,0.086,0.023,-1.01,-0.24,0,-0.16,0
30.636,7.5,3.5,-55.6,0.085,0.021,-1.012,-0.24,0,-0.16,0
30.642,8,2.8,-56.2,0.085,0.019,-1.013,-0.24,0,-0.16,0
30.647,8.1,2,-56.5,0.084,0.016,-1.013,-0.24,0,-0.16,0
30.653,8.2,1.5,-57,0.084,0.014,-1.013,-0.24,0,-0.16,0
30.659,8.3,1,-57.1,0.087,0.011,-1.015,-0.24,0,-0.16,0
30.664,8.3,0.5,-57.1,0.09,0.009,-1.017,-0.24,0,-0.16,0
30.669,8.4,0,-57.3,0.092,0.007,-1.019,-0.24,0,-0.8,0.48
30.674,8.4,-0.1,-57.3,0.094,0.002,-1.021,-0.24,0,-0.8,0.48
30.678,8.7,-0.4,-57.4,0.093,0,-1.024,-0.24,0,-0.8,0.48
30.683,8.9,-0.6,-57.6,0.093,-0.002,-1.023,-0.24,0,-0.8,0.48
30.688,9,-0.9,-57.8,0.095,-0.006,-1.022,-0.24,0,-0.8,0.48
30.692,9.1,-1.1,-58.1,0.095,-0.004,-1.018,-0.24,0,-0.8,0.48
30.697,9.1,-1.4,-58.2,0.097,-0.004,-1.015,-0.24,0,-0.8,0.48
30.702,9,-1.7,-58.3,0.101,-0.004,-1.01,-0.24,0,-0.8,0.48
30.706,8.7,-2,-58.3,0.104,-0.003,-1.005,-0.24,0,-0.8,0.48
30.711,8.5,-2.5,-58.2,0.107,-0.003,-1.001,-0.24,0,-0.8,0.48
30.717,8,-2.9,-58.1,0.112,-0.003,-0.999,-0.25,0,-0.16,0
30.723,7.9,-3.3,-57.9,0.111,0,-0.998,-0.25,0,-0.16,0
30.729,7.8,-3.6,-57.7,0.111,0.004,-1,-0.25,0,-0.16,0
30.735,7.8,-3.9,-57.8,0.109,0.01,-1.003,-0.25,0,-0.16,0
30.741,7.9,-4.4,-57.6,0.109,0.014,-1.008,-0.25,0,-0.16,0
30.748,8.2,-4.7,-57.3,0.109,0.017,-1.012,-0.25,0,-0.16,0
30.754,8.4,-5,-57,0.11,0.018,-1.016,-0.25,0,-0.16,0
30.760,8.8,-5.3,-56.5,0.113,0.019,-1.022,-0.25,0,-0.16,0
30.765,8.9,-5.6,-56.2,0.113,0.018,-1.028,-0.22,0.01,0,0.16
30.770,9,-5.7,-55.7,0.111,0.013,-1.032,-0.22,0.01,0,0.16
30.774,8.9,-5.8,-55.4,0.108,0.006,-1.033,-0.22,0.01,0,0.16
30.779,8.5,-5.8,-55.2,0.104,-0.002,-1.034,-0.22,0.01,0,0.16
30.784,8.3,-5.9,-54.8,0.1,-0.011,-1.03,-0.22,0.01,0,0.16
30.789,7.9,-5.9,-54.4,0.096,-0.018,-1.024,-0.22,0.01,0,0.16
30.794,7.8,-6.2,-54.3,0.094,-0.022,-1.017,-0.22,0.01,0,0.16
30.799,7.1,-6.4,-54,0.094,-0.026,-1.009,-0.22,0.01,0,0.16
30.804,6.5,-6.4,-54,0.097,-0.03,-1.001,-0.22,0.01,0,0.16
30.809,5.9,-6.4,-54,0.098,-0.03,-0.995,-0.22,0.01,0,0.16
30.815,5.7,-6.6,-54.1,0.098,-0.028,-0.99,-0.2,0,-0.32,0.48
30.821,5.2,-6.6,-54,0.099,-0.028,-0.989,-0.2,0,-0.32,0.48
30.827,5.2,-6.7,-53.9,0.098,-0.026,-0.989,-0.2,0,-0.32,0.48
30.833,5.1,-6.7,-54,0.098,-0.023,-0.992,-0.2,0,-0.32,0.48
30.839,5,-6.7,-53.9,0.097,-0.021,-0.998,-0.2,0,-0.32,0.48
30.845,4.9,-6.9,-53.8,0.095,-0.019,-1.004,-0.2,0,-0.32,0.48
30.851,4.9,-7.1,-53.8,0.091,-0.021,-1.01,-0.2,0,-0.32,0.48
30.857,4.8,-7.2,-53.6,0.088,-0.022,-1.016,-0.2,0,-0.32,0.48
30.861,4.6,-7.4,-53.6,0.085,-0.023,-1.019,-0.17,0.01,-0.16,0.16
30.865,4.6,-7.3,-53.6,0.08,-0.023,-1.021,-0.17,0.01,-0.16,0.16
30.869,4.6,-7.3,-53.7,0.076,-0.021,-1.02,-0.17,0.01,-0.16,0.16
30.873,4.6,-7.4,-53.7,0.072,-0.021,-1.019,-0.17,0.01,-0.16,0.16
30.878,4.8,-7.4,-53.7,0.067,-0.021,-1.019,-0.17,0.01,-0.16,0.16
30.882,5,-7.1,-53.7,0.066,-0.02,-1.017,-0.17,0.01,-0.16,0.16
30.886,5,-6.9,-54,0.063,-0.022,-1.016,-0.17,0.01,-0.16,0.16
30.890,5.1,-6.6,-54.1,0.061,-0.023,-1.015,-0.17,0.01,-0.16,0.16
30.894,5,-6,-54.1,0.057,-0.023,-1.012,-0.17,0.01,-0.16,0.16
30.899,4.8,-5.5,-54,0.055,-0.02,-1.009,-0.17,0.01,-0.16,0.16
30.905,4.5,-5,-53.7,0.054,-0.018,-1.007,-0.17,0.01,0,0
30.911,4.3,-4.5,-53.6,0.055,-0.015,-1.003,-0.17,0.01,0,0
30.917,4,-3.7,-53.5,0.054,-0.012,-0.999,-0.17,0.01,0,0
30.923,3.7,-3,-53.2,0.053,-0.008,-0.997,-0.17,0.01,0,0
30.929,3.5,-2.3,-53,0.053,-0.003,-0.994,-0.17,0.01,0,0
30.935,3.4,-1.8,-53,0.054,-0.001,-0.991,-0.17,0.01,0,0
30.941,3.2,-1.1,-52.9,0.053,0,-0.987,-0.17,0.01,0,0
30.947,2.9,-0.5,-52.9,0.052,0,-0.983,-0.17,0.01,0,0
30.951,2.6,0,-53,0.052,-0.001,-0.98,-0.16,0,0,0
30.956,2.4,0.4,-52.7,0.054,0,-0.978,-0.16,0,0,0
30.960,2.4,0.9,-52.8,0.056,0,-0.979,-0.16,0,0,0
30.965,2.6,1.2,-52.6,0.06,0.004,-0.982,-0.16,0,0,0
30.969,3,1.7,-52.1,0.066,0.007,-0.988,-0.16,0,0,0
30.974,3.5,2.1,-51.9,0.069,0.009,-0.995,-0.16,0,0,0
30.978,4.1,2.6,-51.3,0.071,0.009,-1.002,-0.16,0,0,0
30.983,4.6,3,-51.2,0.075,0.008,-1.009,-0.16,0,0,0
30.987,5.3,3.5,-50.7,0.077,0.006,-1.017,-0.16,0,0,0
30.991,5.7,3.9,-50.4,0.077,0.002,-1.021,-0.16,0,0,0
30.996,6.1,4.3,-49.9,0.073,0,-1.026,-0.16,0,0,0
31.003,6.4,4.8,-49.6,0.069,-0.004,-1.029,-0.16,0,-0.16,-0.16
31.010,6.7,5.1,-49.3,0.063,-0.008,-1.029,-0.16,0,-0.16,-0.16
31.017,6.7,5.2,-49.3,0.06,-0.012,-1.027,-0.16,0,-0.16,-0.16
31.023,6.8,5.3,-49.4,0.057,-0.017,-1.025,-0.16,0,-0.16,-0.16
31.030,6.9,5.3,-49.3,0.056,-0.02,-1.021,-0.16,0,-0.16,-0.16
31.037,6.8,5.3,-49.4,0.057,-0.025,-1.018,-0.16,0,-0.16,-0.16
31.044,6.6,5.1,-49.3,0.061,-0.027,-1.014,-0.16,0,-0.16,-0.16
31.048,6.5,4.6,-49.3,0.064,-0.03,-1.008,-0.15,0,-0.16,0
31.052,6.4,4.3,-49.4,0.068,-0.032,-1.002,-0.15,0,-0.16,0
31.056,6.3,4,-49.4,0.071,-0.032,-1,-0.15,0,-0.16,0
31.059,6.2,3.4,-49.1,0.076,-0.03,-0.999,-0.15,0,-0.16,0
31.063,6.1,3,-49,0.079,-0.027,-0.998,-0.15,0,-0.16,0
31.067,6.2,2.4,-49.1,0.082,-0.023,-0.999,-0.15,0,-0.16,0
31.071,6,2,-49.1,0.083,-0.019,-1.001,-0.15,0,-0.16,0
31.075,6,1.3,-49.2,0.082,-0.016,-1.003,-0.15,0,-0.16,0
31.079,5.9,0.8,-49.5,0.081,-0.012,-1.005,-0.15,0,-0.16,0
31.083,5.7,0.3,-49.6,0.08,-0.009,-1.009,-0.15,0,-0.16,0
31.086,5.6,-0.3,-50.1,0.078,-0.006,-1.012,-0.15,0,-0.16,0
31.092,5.7,-0.9,-50.5,0.075,-0.003,-1.014,-0.14,0,-0.16,0.16
31.097,5.8,-1.6,-51.2,0.072,-0.001,-1.016,-0.14,0,-0.16,0.16
31.103,5.9,-2.4,-51.7,0.068,-0.001,-1.015,-0.14,0,-0.16,0.16
31.108,6.2,-3,-52.2,0.067,-0.003,-1.012,-0.14,0,-0.16,0.16
31.113,6.2,-3.9,-52.4,0.063,-0.005,-1.008,-0.14,0,-0.16,0.16
31.119,6.1,-4.5,-52.7,0.061,-0.009,-1.003,-0.14,0,-0.16,0.16
31.124,5.9,-5.4,-52.8,0.06,-0.012,-0.998,-0.14,0,-0.16,0.16
31.130,5.6,-6.3,-53,0.06,-0.015,-0.994,-0.14,0,-0.16,0.16
31.135,5.6,-7,-53.2,0.061,-0.017,-0.992,-0.14,0,-0.16,0.16
31.139,5.8,-7.8,-52.9,0.065,-0.018,-0.991,-0.15,0,-0.8,0.48
31.144,5.9,-8.7,-52.7,0.068,-0.017,-0.992,-0.15,0,-0.8,0.48
31.148,6.3,-9.3,-52.6,0.072,-0.016,-0.995,-0.15,0,-0.8,0.48
31.152,6.5,-9.9,-52.3,0.076,-0.015,-1,-0.15,0,-0.8,0.48
31.156,7.1,-10.6,-51.9,0.079,-0.014,-1.006,-0.15,0,-0.8,0.48
31.161,7.4,-11.1,-51.6,0.08,-0.013,-1.01,-0.15,0,-0.8,0.48
31.165,7.6,-11.6,-51.1,0.082,-0.014,-1.014,-0.15,0,-0.8,0.48
31.169,7.6,-12.1,-50.7,0.083,-0.015,-1.016,-0.15,0,-0.8,0.48
31.174,7.7,-12.7,-50.5,0.081,-0.015,-1.019,-0.15,0,-0.8,0.48
31.178,7.7,-13.1,-50.1,0.078,-0.015,-1.02,-0.15,0,-0.8,0.48
31.182,7.6,-13.3,-49.7,0.073,-0.015,-1.018,-0.15,0,-0.8,0.48
31.187,7.4,-13.6,-49.4,0.07,-0.014,-1.014,-0.13,0,0,0.16
31.191,7.4,-13.7,-49.2,0.066,-0.013,-1.008,-0.13,0,0,0.16
31.195,7.1,-14.1,-49.2,0.063,-0.012,-1.003,-0.13,0,0,0.16
31.199,6.8,-14.5,-49.1,0.059,-0.011,-0.996,-0.13,0,0,0.16
31.203,6.5,-14.6,-49.3,0.054,-0.009,-0.99,-0.13,0,0,0.16
31.207,6,-15,-49.3,0.051,-0.007,-0.985,-0.13,0,0,0.16
31.212,5.6,-15.5,-49.6,0.049,-0.005,-0.983,-0.13,0,0,0.16
31.216,5.1,-15.9,-49.9,0.048,-0.004,-0.983,-0.13,0,0,0.16
31.220,4.8,-16.3,-49.9,0.048,-0.002,-0.985,-0.13,0,0,0.16
31.224,4.5,-16.7,-49.9,0.047,-0.003,-0.989,-0.13,0,0,0.16
31.228,4.1,-17.2,-50.2,0.044,-0.005,-0.994,-0.13,0,0,0.16
31.235,4,-17.6,-50.6,0.041,-0.009,-1.001,-0.1,0,-0.16,0.64
31.241,3.7,-18.3,-50.5,0.039,-0.016,-1.008,-0.1,0,-0.16,0.64
31.248,3.4,-18.8,-50.7,0.037,-0.019,-1.015,-0.1,0,-0.16,0.64
31.254,3.6,-19.5,-50.5,0.037,-0.023,-1.022,-0.1,0,-0.16,0.64
31.261,3.5,-19.8,-50.4,0.037,-0.028,-1.028,-0.1,0,-0.16,0.64
31.267,3.2,-20,-50,0.038,-0.035,-1.032,-0.1,0,-0.16,0.64
31.274,3.3,-20,-49.1,0.04,-0.041,-1.034,-0.1,0,-0.16,0.64
31.278,3.2,-20.2,-48.4,0.04,-0.046,-1.034,-0.11,0,0,0.31
31.283,3,-20,-47.4,0.037,-0.05,-1.034,-0.11,0,0,0.31
31.287,3.1,-19.7,-46.3,0.033,-0.051,-1.032,-0.11,0,0,0.31
31.291,3.1,-19.1,-45.5,0.028,-0.05,-1.029,-0.11,0,0,0.31
31.296,3.1,-18.6,-44.8,0.022,-0.048,-1.025,-0.11,0,0,0.31
31.300,3.4,-18.1,-44.1,0.017,-0.043,-1.019,-0.11,0,0,0.31
31.305,3.4,-17.4,-43.6,0.011,-0.038,-1.013,-0.11,0,0,0.31
31.309,3.3,-16.8,-43.3,0.007,-0.031,-1.007,-0.11,0,0,0.31
31.313,3.3,-16.1,-43.1,0.003,-0.026,-1.001,-0.11,0,0,0.31
31.318,3.3,-15.5,-43.2,0.001,-0.021,-0.996,-0.11,0,0,0.31
31.322,3.1,-14.9,-43.3,0,-0.016,-0.991,-0.11,0,0,0.31
31.329,3.1,-14.2,-43.5,0,-0.014,-0.987,-0.15,0,-0.16,0.48
31.336,2.9,-14.1,-43.5,-0.001,-0.011,-0.985,-0.15,0,-0.16,0.48
31.343,2.6,-13.5,-43.3,0,-0.013,-0.984,-0.15,0,-0.16,0.48
31.350,2.2,-13.5,-43.5,0,-0.015,-0.983,-0.15,0,-0.16,0.48
31.357,1.6,-13.3,-43.2,0.005,-0.019,-0.986,-0.15,0,-0.16,0.48
31.364,1.3,-13.2,-43.3,0.014,-0.023,-0.989,-0.15,0,-0.16,0.48
31.371,0.9,-13.1,-43.2,0.02,-0.025,-0.992,-0.15,0,-0.16,0.48
31.375,0.7,-12.9,-43.1,0.026,-0.028,-0.995,-0.19,-0.01,-0.16,0.32
31.378,0.7,-12.8,-43.1,0.029,-0.028,-0.998,-0.19,-0.01,-0.16,0.32
31.382,0.8,-12.6,-43.4,0.031,-0.028,-0.999,-0.19,-0.01,-0.16,0.32
31.386,1,-12.2,-43.4,0.031,-0.025,-1.004,-0.19,-0.01,-0.16,0.32
31.390,1.5,-12,-43.4,0.031,-0.021,-1.008,-0.19,-0.01,-0.16,0.32
31.394,1.8,-11.6,-43.5,0.027,-0.018,-1.013,-0.19,-0.01,-0.16,0.32
31.397,2.3,-10.8,-43.7,0.021,-0.016,-1.017,-0.19,-0.01,-0.16,0.32
31.401,2.5,-10.5,-44,0.016,-0.016,-1.02,-0.19,-0.01,-0.16,0.32
31.405,2.2,-10.1,-44,0.011,-0.015,-1.023,-0.19,-0.01,-0.16,0.32
31.409,2.1,-9.4,-44.3,0.007,-0.015,-1.024,-0.19,-0.01,-0.16,0.32
31.413,1.6,-8.7,-44.1,0.004,-0.014,-1.025,-0.19,-0.01,-0.16,0.32
31.420,1.3,-8.1,-44,0.003,-0.013,-1.025,-0.18,0,-0.15,0.15
31.427,0.9,-7.5,-44,0.002,-0.01,-1.024,-0.18,0,-0.15,0.15
31.434,0.6,-6.9,-43.8,0.003,-0.007,-1.022,-0.18,0,-0.15,0.15
31.441,0.1,-6.3,-43.8,0.003,-0.006,-1.018,-0.18,0,-0.15,0.15
31.448,0,-5.8,-44,0.003,-0.007,-1.014,-0.18,0,-0.15,0.15
31.455,-0.4,-5.3,-43.8,0.004,-0.008,-1.011,-0.18,0,-0.15,0.15
31.462,-0.8,-5,-43.8,0.004,-0.011,-1.007,-0.18,0,-0.15,0.15
31.466,-1,-5,-44.1,0.004,-0.014,-1.004,-0.16,-0.01,0,0
31.470,-1.1,-4.6,-44.3,0.005,-0.016,-1.002,-0.16,-0.01,0,0
31.475,-1.2,-4.4,-44.2,0.009,-0.018,-1.002,-0.16,-0.01,0,0
31.479,-1.1,-4.3,-44.1,0.012,-0.018,-1.002,-0.16,-0.01,0,0
31.483,-0.9,-4.2,-44.1,0.014,-0.019,-1.004,-0.16,-0.01,0,0
31.488,-0.5,-4,-43.7,0.014,-0.018,-1.006,-0.16,-0.01,0,0
31.492,0,-3.9,-43.2,0.016,-0.018,-1.01,-0.16,-0.01,0,0
31.496,0.3,-3.6,-42.4,0.016,-0.019,-1.014,-0.16,-0.01,0,0
31.501,0.8,-3.5,-41.5,0.016,-0.018,-1.018,-0.16,-0.01,0,0
31.505,1.2,-3.3,-40.4,0.017,-0.019,-1.021,-0.16,-0.01,0,0
31.509,1.6,-3.2,-39.2,0.016,-0.017,-1.024,-0.16,-0.01,0,0
31.516,1.9,-2.9,-38.2,0.014,-0.015,-1.025,-0.12,0,-0.15,0.15
31.523,2.5,-2.6,-36.7,0.013,-0.012,-1.026,-0.12,0,-0.15,0.15
31.530,2.9,-2.6,-35.4,0.012,-0.01,-1.028,-0.12,0,-0.15,0.15
31.537,3.4,-2.5,-34.4,0.012,-0.008,-1.027,-0.12,0,-0.15,0.15
31.544,3.8,-2.5,-33.5,0.011,-0.006,-1.025,-0.12,0,-0.15,0.15
31.551,4.1,-2.5,-32.8,0.011,-0.007,-1.024,-0.12,0,-0.15,0.15
31.558,4.3,-2.2,-32.2,0.011,-0.008,-1.02,-0.12,0,-0.15,0.15
31.562,3.9,-2.3,-31.7,0.012,-0.006,-1.016,-0.09,-0.01,0,0
31.565,3.5,-2.5,-31.4,0.015,-0.007,-1.011,-0.09,-0.01,0,0
31.569,2.9,-2.5,-31.1,0.018,-0.008,-1.007,-0.09,-0.01,0,0
31.572,2.6,-2.5,-31.1,0.02,-0.006,-1.004,-0.09,-0.01,0,0
31.576,2.3,-2.7,-30.9,0.021,-0.004,-1.002,-0.09,-0.01,0,0
31.579,2.1,-2.8,-30.8,0.02,-0.004,-1.001,-0.09,-0.01,0,0
31.583,2.1,-3,-30.6,0.018,-0.003,-1.001,-0.09,-0.01,0,0
31.586,2.3,-3,-30.3,0.014,-0.004,-1.002,-0.09,-0.01,0,0
31.590,2.1,-3,-30,0.009,-0.004,-1.005,-0.09,-0.01,0,0
31.593,2.4,-3.2,-29.5,0.004,-0.005,-1.008,-0.09,-0.01,0,0
31.597,2.4,-3.3,-28.9,0,-0.006,-1.012,-0.09,-0.01,0,0
31.600,2.5,-3.3,-28.3,-0.004,-0.008,-1.017,-0.09,-0.01,0,0
31.604,2.5,-3.6,-27.5,-0.007,-0.009,-1.02,-0.09,-0.01,0,0
31.607,2.2,-3.6,-26.7,-0.011,-0.012,-1.022,-0.09,-0.01,0,0
31.618,1.9,-3.9,-26,-0.014,-0.015,-1.022,-0.09,0,0,0
31.628,1.8,-4.1,-25.2,-0.016,-0.019,-1.021,-0.09,0,0,0
31.639,1.4,-4.2,-24.3,-0.017,-0.022,-1.02,-0.09,0,0,0
31.649,1.5,-4.1,-23.9,-0.016,-0.025,-1.02,-0.09,0,0,0
31.653,1.7,-4.2,-23.4,-0.012,-0.026,-1.019,-0.05,0,0,0.16
31.656,2.1,-4,-23.2,-0.009,-0.025,-1.021,-0.05,0,0,0.16
31.660,2.9,-3.6,-22.9,-0.009,-0.024,-1.021,-0.05,0,0,0.16
31.663,3.4,-3.6,-22.5,-0.009,-0.023,-1.022,-0.05,0,0,0.16
31.666,4.1,-3.3,-22.4,-0.011,-0.025,-1.024,-0.05,0,0,0.16
31.670,4.4,-3.1,-21.8,-0.016,-0.023,-1.026,-0.05,0,0,0.16
31.673,4.5,-2.8,-21.6,-0.021,-0.025,-1.029,-0.05,0,0,0.16
31.677,4.4,-2.7,-21.3,-0.028,-0.028,-1.031,-0.05,0,0,0.16
31.680,4.2,-2.6,-21.1,-0.034,-0.029,-1.031,-0.05,0,0,0.16
31.684,3.8,-2.6,-21.2,-0.04,-0.029,-1.029,-0.05,0,0,0.16
31.687,3.7,-2.6,-21.4,-0.043,-0.028,-1.027,-0.05,0,0,0.16
31.691,3.7,-2.4,-21.7,-0.045,-0.025,-1.025,-0.05,0,0,0.16
31.694,3.8,-2.5,-21.9,-0.044,-0.02,-1.021,-0.05,0,0,0.16
31.697,4.5,-2.3,-21.9,-0.041,-0.014,-1.018,-0.05,0,0,0.16
31.703,5.2,-2.1,-22.1,-0.039,-0.009,-1.015,-0.05,0,0,0.15
31.708,6.1,-1.8,-21.9,-0.033,-0.005,-1.015,-0.05,0,0,0.15
31.713,7,-1.4,-21.7,-0.026,-0.003,-1.016,-0.05,0,0,0.15
31.718,7.9,-1.1,-21.5,-0.02,-0.006,-1.019,-0.05,0,0,0.15
31.723,8.9,-0.6,-21.1,-0.017,-0.011,-1.021,-0.05,0,0,0.15
31.728,9.5,-0.3,-20.8,-0.013,-0.019,-1.025,-0.05,0,0,0.15
31.733,9.6,0,-20.3,-0.009,-0.028,-1.028,-0.05,0,0,0.15
31.738,9.6,0.2,-19.5,-0.005,-0.035,-1.03,-0.05,0,0,0.15
31.744,9.6,0.5,-18.7,-0.004,-0.045,-1.029,-0.05,0,0,0.15
31.749,9.3,0.9,-18.2,-0.004,-0.051,-1.027,-0.06,0,-0.31,0.31
31.754,9.3,1.2,-17.6,-0.004,-0.056,-1.023,-0.06,0,-0.31,0.31
31.759,9,1.5,-17.1,-0.003,-0.058,-1.018,-0.06,0,-0.31,0.31
31.764,8.8,2,-16.7,-0.003,-0.06,-1.01,-0.06,0,-0.31,0.31
31.769,8.1,2.1,-16.5,-0.004,-0.06,-1.001,-0.06,0,-0.31,0.31
31.774,7.4,2.3,-16.4,-0.005,-0.06,-0.994,-0.06,0,-0.31,0.31
31.779,6.6,2.8,-16.5,-0.007,-0.057,-0.99,-0.06,0,-0.31,0.31
31.784,5.6,3,-16.7,-0.008,-0.055,-0.987,-0.06,0,-0.31,0.31
31.789,4.8,3.2,-16.7,-0.009,-0.05,-0.987,-0.06,0,-0.31,0.31
31.796,4.3,3.4,-16.6,-0.006,-0.044,-0.99,-0.06,0,0,0
31.803,3.8,3.8,-16.5,-0.003,-0.039,-0.995,-0.06,0,0,0
31.809,3.5,4,-16.1,0.001,-0.036,-1.002,-0.06,0,0,0
31.816,3,4.5,-15.6,0.006,-0.033,-1.007,-0.06,0,0,0
31.823,2.6,4.9,-15,0.01,-0.034,-1.01,-0.06,0,0,0
31.830,2.3,5.1,-14.2,0.014,-0.035,-1.013,-0.06,0,0,0
31.837,1.7,5.4,-13.3,0.016,-0.038,-1.012,-0.06,0,0,0
31.841,1.1,5.8,-12.8,0.017,-0.04,-1.009,-0.12,0,0,-0.16
31.845,0.7,6,-11.9,0.017,-0.042,-1.006,-0.12,0,0,-0.16
31.850,0.2,6.2,-10.9,0.017,-0.044,-1.002,-0.12,0,0,-0.16
31.854,0,6.3,-10.2,0.017,-0.044,-0.996,-0.12,0,0,-0.16
31.859,-0.2,6.5,-9.4,0.017,-0.045,-0.99,-0.12,0,0,-0.16
31.863,-0.6,6.6,-8.6,0.017,-0.047,-0.986,-0.12,0,0,-0.16
31.867,-0.9,6.7,-8,0.019,-0.047,-0.984,-0.12,0,0,-0.16
31.872,-1.4,6.6,-7.5,0.019,-0.048,-0.984,-0.12,0,0,-0.16
31.876,-1.7,6.5,-7.2,0.018,-0.047,-0.988,-0.12,0,0,-0.16
31.880,-2,6.3,-6.8,0.018,-0.049,-0.992,-0.12,0,0,-0.16
31.885,-2.3,6.3,-6.4,0.016,-0.051,-0.997,-0.12,0,0,-0.16
31.889,-2.6,6.1,-6.1,0.016,-0.052,-1.001,-0.16,0,0,-0.15
31.894,-2.8,5.9,-5.6,0.015,-0.054,-1.005,-0.16,0,0,-0.15
31.898,-3.1,5.7,-5.1,0.014,-0.055,-1.007,-0.16,0,0,-0.15
31.903,-3.3,5.6,-4.8,0.013,-0.055,-1.011,-0.16,0,0,-0.15
31.907,-3.5,5.4,-4.1,0.012,-0.056,-1.015,-0.16,0,0,-0.15
31.911,-3.6,5.1,-3.7,0.01,-0.057,-1.017,-0.16,0,0,-0.15
31.916,-3.5,4.8,-3.3,0.01,-0.058,-1.018,-0.16,0,0,-0.15
31.920,-3.7,4.4,-2.8,0.008,-0.06,-1.018,-0.16,0,0,-0.15
31.925,-3.8,4.1,-2.5,0.007,-0.061,-1.017,-0.16,0,0,-0.15
31.929,-4.2,3.7,-2.1,0.009,-0.061,-1.013,-0.16,0,0,-0.15
31.934,-4.5,3.2,-1.8,0.01,-0.061,-1.01,-0.16,0,0,-0.15
31.940,-4.5,2.9,-1.5,0.013,-0.058,-1.008,-0.15,-0.01,0,0
31.946,-4.7,2.6,-1.3,0.015,-0.054,-1.005,-0.15,-0.01,0,0
31.952,-4.5,2.1,-1.2,0.016,-0.048,-1.005,-0.15,-0.01,0,0
31.958,-4,1.6,-1.2,0.017,-0.043,-1.006,-0.15,-0.01,0,0
31.964,-3.4,1.2,-1.4,0.018,-0.038,-1.009,-0.15,-0.01,0,0
31.970,-2.9,1,-1.6,0.016,-0.033,-1.013,-0.15,-0.01,0,0
31.976,-2.5,0.4,-1.7,0.015,-0.03,-1.017,-0.15,-0.01,0,0
31.980,-2.2,-0.2,-2,0.013,-0.031,-1.022,-0.16,0,0,0.16
31.985,-1.8,-0.8,-2.1,0.01,-0.031,-1.025,-0.16,0,0,0.16
31.989,-1.7,-1.3,-2.5,0.007,-0.032,-1.026,-0.16,0,0,0.16
31.993,-1.5,-1.9,-2.6,0.003,-0.033,-1.027,-0.16,0,0,0.16
31.998,-1.3,-2.7,-2.9,0.001,-0.034,-1.027,-0.16,0,0,0.16
32.002,-1.2,-3.3,-3.3,0,-0.034,-1.026,-0.16,0,0,0.16
32.006,-1,-3.9,-3.7,-0.001,-0.034,-1.025,-0.16,0,0,0.16
32.011,-0.6,-4.6,-3.8,-0.004,-0.034,-1.023,-0.16,0,0,0.16
32.015,-0.4,-5.3,-4.2,-0.005,-0.032,-1.023,-0.16,0,0,0.16
32.020,-0.3,-6,-4.5,-0.007,-0.032,-1.022,-0.16,0,0,0.16
32.024,0,-6.4,-4.3,-0.007,-0.029,-1.02,-0.16,0,0,0.16
32.031,0,-6.9,-4.2,-0.006,-0.027,-1.019,-0.18,0,0,0.15
32.038,0.4,-7.3,-3.8,-0.006,-0.025,-1.019,-0.18,0,0,0.15
32.045,0.4,-7.6,-3.4,-0.006,-0.02,-1.018,-0.18,0,0,0.15
32.051,0.7,-8,-3.1,-0.007,-0.016,-1.018,-0.18,0,0,0.15
32.058,1,-8.1,-2.8,-0.007,-0.013,-1.02,-0.18,0,0,0.15
32.065,1.4,-8.3,-2.4,-0.008,-0.01,-1.021,-0.18,0,0,0.15
32.072,1.7,-8.6,-2.1,-0.008,-0.007,-1.022,-0.18,0,0,0.15
32.077,2,-8.5,-2,-0.009,-0.005,-1.024,-0.18,0,0,0
32.082,2.3,-8.4,-1.8,-0.008,-0.006,-1.025,-0.18,0,0,0
32.087,2.3,-8.4,-1.6,-0.008,-0.007,-1.026,-0.18,0,0,0
32.092,2.4,-8.3,-1.4,-0.007,-0.01,-1.026,-0.18,0,0,0
32.097,2.6,-8,-0.9,-0.006,-0.014,-1.025,-0.18,0,0,0
32.102,2.7,-7.8,-0.5,-0.005,-0.017,-1.022,-0.18,0,0,0
32.106,2.7,-7.2,0,-0.007,-0.022,-1.02,-0.18,0,0,0
32.111,3.2,-6.7,0.7,-0.008,-0.027,-1.016,-0.18,0,0,0
32.116,3.5,-6.1,1.6,-0.008,-0.031,-1.013,-0.18,0,0,0
32.121,3.8,-5.3,2.6,-0.009,-0.037,-1.011,-0.18,0,0,0
32.126,3.8,-4.6,3.7,-0.011,-0.04,-1.007,-0.15,0,0,0
32.130,3.8,-3.6,5.1,-0.014,-0.046,-1.005,-0.15,0,0,0
32.134,3.6,-2.6,6.4,-0.018,-0.048,-1.004,-0.15,0,0,0
32.139,3.1,-1.9,7.7,-0.021,-0.053,-1.004,-0.15,0,0,0
32.143,2.6,-0.9,9.4,-0.022,-0.057,-1.004,-0.15,0,0,0
32.147,2,0,10.7,-0.024,-0.06,-1.003,-0.15,0,0,0
32.151,1.2,1,12.3,-0.028,-0.061,-1.003,-0.15,0,0,0
32.156,0.7,1.8,13.7,-0.029,-0.061,-1.002,-0.15,0,0,0
32.160,0,3,15.3,-0.03,-0.061,-1,-0.15,0,0,0
32.164,-0.1,4,16.9,-0.028,-0.058,-0.998,-0.15,0,0,0
32.169,-0.5,5.1,18.4,-0.027,-0.055,-0.995,-0.15,0,0,0
32.175,-0.9,6.2,19.7,-0.024,-0.054,-0.993,-0.14,0,0,0
32.181,-1.4,7.3,21.1,-0.02,-0.051,-0.991,-0.14,0,0,0
32.187,-1.8,8.3,22.5,-0.018,-0.05,-0.989,-0.14,0,0,0
32.193,-2.5,9.2,23.6,-0.013,-0.048,-0.989,-0.14,0,0,0
32.199,-3.1,10.3,25,-0.009,-0.046,-0.989,-0.14,0,0,0
32.205,-3.7,11.2,26.3,-0.004,-0.044,-0.992,-0.14,0,0,0
32.211,-4.5,12,27.3,0,-0.042,-0.994,-0.14,0,0,0
32.215,-5.2,12.9,28.6,0.004,-0.041,-0.995,-0.16,0,0.16,-0.32
32.220,-6.1,13.9,29.7,0.01,-0.04,-0.997,-0.16,0,0.16,-0.32
32.224,-6.6,14.8,31,0.017,-0.038,-0.999,-0.16,0,0.16,-0.32
32.229,-7.2,15.7,33,0.027,-0.036,-0.999,-0.16,0,0.16,-0.32
32.233,-7.8,16.8,34.7,0.034,-0.034,-1.002,-0.16,0,0.16,-0.32
32.238,-8.1,18,36.3,0.041,-0.033,-1.004,-0.16,0,0.16,-0.32
32.242,-8.5,18.9,38,0.045,-0.031,-1.007,-0.16,0,0.16,-0.32
32.246,-8.6,20,39.7,0.046,-0.029,-1.01,-0.16,0,0.16,-0.32
32.251,-9.1,21.1,41.7,0.046,-0.028,-1.012,-0.16,0,0.16,-0.32
32.255,-9.5,21.9,43.5,0.045,-0.028,-1.015,-0.16,0,0.16,-0.32
32.260,-9.7,22.8,44.9,0.041,-0.027,-1.019,-0.16,0,0.16,-0.32
32.264,-10.5,23.5,46.5,0.037,-0.028,-1.019,-0.16,0,0.15,-0.31
32.268,-10.9,23.8,47.9,0.033,-0.032,-1.022,-0.16,0,0.15,-0.31
32.272,-11.8,24.2,49.1,0.032,-0.035,-1.02,-0.16,0,0.15,-0.31
32.276,-12.9,24.6,50.4,0.032,-0.038,-1.016,-0.16,0,0.15,-0.31
32.280,-13.8,24.6,51.6,0.033,-0.039,-1.011,-0.16,0,0.15,-0.31
32.284,-14.8,24.4,52.6,0.033,-0.039,-1.005,-0.16,0,0.15,-0.31
32.289,-15.4,24.3,53.7,0.034,-0.037,-0.999,-0.16,0,0.15,-0.31
32.293,-16.1,24,54.8,0.036,-0.033,-0.995,-0.16,0,0.15,-0.31
32.297,-16.5,23.7,55.5,0.04,-0.03,-0.989,-0.16,0,0.15,-0.31
32.301,-16.9,23.4,56.3,0.045,-0.025,-0.986,-0.16,0,0.15,-0.31
32.305,-17.2,22.9,57.3,0.049,-0.023,-0.984,-0.16,0,0.15,-0.31
32.312,-17.4,22.8,58.1,0.053,-0.018,-0.983,-0.16,-0.01,0.15,-0.31
32.318,-17.4,22.2,58.7,0.055,-0.014,-0.983,-0.16,-0.01,0.15,-0.31
32.325,-17.2,21.5,59.4,0.056,-0.01,-0.986,-0.16,-0.01,0.15,-0.31
32.331,-16.9,21,60,0.056,-0.006,-0.99,-0.16,-0.01,0.15,-0.31
32.338,-16.7,20.4,60.6,0.056,-0.004,-0.995,-0.16,-0.01,0.15,-0.31
32.345,-16.3,19.7,61.6,0.055,-0.003,-0.999,-0.16,-0.01,0.15,-0.31
32.351,-16.1,18.7,62.4,0.054,-0.003,-1.004,-0.16,-0.01,0.15,-0.31
32.356,-15.3,17.9,63.2,0.053,-0.002,-1.009,-0.19,0,0.31,-0.15
32.360,-15.1,16.5,64.2,0.051,-0.003,-1.014,-0.19,0,0.31,-0.15
32.364,-14.7,15.4,64.8,0.051,-0.004,-1.019,-0.19,0,0.31,-0.15
32.368,-14.1,14.1,65.4,0.053,-0.003,-1.022,-0.19,0,0.31,-0.15
32.373,-13.5,12.8,66.2,0.053,-0.002,-1.026,-0.19,0,0.31,-0.15
32.377,-12.7,11.3,66.7,0.053,-0.001,-1.031,-0.19,0,0.31,-0.15
32.381,-11.8,9.5,67.1,0.052,0,-1.034,-0.19,0,0.31,-0.15
32.386,-10.8,7.6,67.5,0.053,0.002,-1.037,-0.19,0,0.31,-0.15
32.390,-9.5,6.2,67.7,0.053,0.007,-1.04,-0.19,0,0.31,-0.15
32.394,-8.4,4.6,68,0.056,0.01,-1.043,-0.19,0,0.31,-0.15
32.399,-7.3,2.8,68.4,0.063,0.014,-1.046,-0.19,0,0.31,-0.15
32.405,-6.1,1.5,68.8,0.069,0.019,-1.047,-0.21,0,0.32,-0.16
32.412,-4.8,0.1,69,0.075,0.022,-1.048,-0.21,0,0.32,-0.16
32.419,-3.7,-1.1,69.4,0.08,0.026,-1.048,-0.21,0,0.32,-0.16
32.426,-2.5,-2.2,69.9,0.08,0.03,-1.047,-0.21,0,0.32,-0.16
32.433,-1.5,-3,69.9,0.081,0.032,-1.045,-0.21,0,0.32,-0.16
32.440,-0.5,-4.1,70,0.079,0.035,-1.042,-0.21,0,0.32,-0.16
32.447,0.1,-4.7,69.8,0.078,0.035,-1.038,-0.21,0,0.32,-0.16
32.451,0.7,-5.5,69.7,0.075,0.033,-1.033,-0.25,0,0,0.15
32.456,1,-6.3,69.5,0.069,0.032,-1.027,-0.25,0,0,0.15
32.460,1.2,-6.9,68.7,0.062,0.031,-1.022,-0.25,0,0,0.15
32.465,1.5,-7.6,68.2,0.054,0.029,-1.018,-0.25,0,0,0.15
32.469,2,-8.3,67.6,0.047,0.027,-1.015,-0.25,0,0,0.15
32.474,2.1,-9.1,67.2,0.041,0.024,-1.014,-0.25,0,0,0.15
32.478,2.5,-9.7,66.6,0.037,0.02,-1.013,-0.25,0,0,0.15
32.482,2.8,-10.5,66.7,0.034,0.019,-1.015,-0.25,0,0,0.15
32.487,3.1,-11.1,66.6,0.032,0.017,-1.017,-0.25,0,0,0.15
32.491,3.4,-11.7,66.7,0.032,0.013,-1.019,-0.25,0,0,0.15
32.496,3.4,-12.2,67.2,0.031,0.009,-1.022,-0.25,0,0,0.15
32.501,3.1,-12.8,67.4,0.032,0.003,-1.024,-0.25,0.01,0.47,0.31
32.507,3.1,-13.2,68,0.033,-0.002,-1.026,-0.25,0.01,0.47,0.31
32.512,2.9,-13.6,68.6,0.033,-0.006,-1.027,-0.25,0.01,0.47,0.31
32.517,3,-14,69.2,0.036,-0.01,-1.027,-0.25,0.01,0.47,0.31
32.523,3.1,-14.2,70,0.038,-0.012,-1.027,-0.25,0.01,0.47,0.31
32.528,3.2,-14.2,70.4,0.041,-0.015,-1.027,-0.25,0.01,0.47,0.31
32.533,3.2,-14.2,70.8,0.043,-0.018,-1.026,-0.25,0.01,0.47,0.31
32.539,3.4,-14.3,71.2,0.044,-0.022,-1.023,-0.25,0.01,0.47,0.31
32.544,3.2,-14.2,71.5,0.041,-0.027,-1.019,-0.25,0.01,0.47,0.31
32.549,2.7,-14,71.3,0.036,-0.031,-1.017,-0.23,0.01,0.16,0
32.553,2,-13.9,71.1,0.032,-0.034,-1.015,-0.23,0.01,0.16,0
32.558,1.6,-13.8,70.9,0.029,-0.035,-1.013,-0.23,0.01,0.16,0
32.563,0.8,-13.7,70.9,0.027,-0.037,-1.011,-0.23,0.01,0.16,0
32.567,0.1,-13.6,70.8,0.026,-0.041,-1.009,-0.23,0.01,0.16,0
32.572,-0.3,-13.1,70.9,0.026,-0.042,-1.006,-0.23,0.01,0.16,0
32.577,-1.1,-13,71.1,0.026,-0.043,-1.004,-0.23,0.01,0.16,0
32.581,-1.4,-12.5,71.3,0.025,-0.043,-1.006,-0.23,0.01,0.16,0
32.586,-1.7,-12.4,71.5,0.025,-0.043,-1.008,-0.23,0.01,0.16,0
32.592,-2.2,-12,71.9,0.024,-0.043,-1.012,-0.22,0.02,0.16,0
32.598,-2.2,-11.4,71.9,0.021,-0.045,-1.016,-0.22,0.02,0.16,0
32.604,-2.5,-11.4,72.3,0.019,-0.048,-1.021,-0.22,0.02,0.16,0
32.610,-2.5,-11.3,72.6,0.016,-0.048,-1.026,-0.22,0.02,0.16,0
32.616,-2.8,-11.1,73.2,0.012,-0.049,-1.031,-0.22,0.02,0.16,0
32.622,-3.1,-11.1,73.6,0.007,-0.051,-1.035,-0.22,0.02,0.16,0
32.629,-3.5,-11.5,73.9,0.002,-0.05,-1.036,-0.22,0.02,0.16,0
32.635,-4.2,-11.6,74.1,-0.001,-0.051,-1.034,-0.22,0.02,0.16,0
32.638,-4.4,-12,74.3,-0.001,-0.051,-1.029,-0.25,0.02,0.16,-0.32
32.642,-4.8,-12.1,74.4,0,-0.048,-1.023,-0.25,0.02,0.16,-0.32
32.646,-4.8,-12.3,74.7,0.003,-0.046,-1.016,-0.25,0.02,0.16,-0.32
32.650,-4.8,-12.7,75,0.009,-0.041,-1.009,-0.25,0.02,0.16,-0.32
32.654,-4.5,-12.7,75.2,0.013,-0.036,-1.002,-0.25,0.02,0.16,-0.32
32.657,-3.9,-12.7,75.5,0.017,-0.03,-0.998,-0.25,0.02,0.16,-0.32
32.661,-3.1,-12.5,75.4,0.02,-0.025,-0.995,-0.25,0.02,0.16,-0.32
32.665,-2.3,-12.6,75,0.021,-0.018,-0.995,-0.25,0.02,0.16,-0.32
32.669,-1.7,-12.6,74.5,0.018,-0.017,-0.998,-0.25,0.02,0.16,-0.32
32.673,-1.4,-12.8,73.7,0.015,-0.015,-1.001,-0.25,0.02,0.16,-0.32
32.676,-1.2,-13.1,72.5,0.009,-0.016,-1.004,-0.25,0.02,0.16,-0.32
32.680,-1.5,-13.4,71.5,0.002,-0.02,-1.008,-0.25,0.02,0.16,-0.32
32.684,-1.7,-13.7,70.1,-0.001,-0.021,-1.011,-0.25,0.02,0.16,-0.32
32.689,-2.2,-14.1,69,-0.005,-0.023,-1.014,-0.26,0.02,0.16,0.32
32.694,-2.2,-14.4,68.3,-0.01,-0.022,-1.015,-0.26,0.02,0.16,0.32
32.699,-2.2,-14.6,67.5,-0.013,-0.019,-1.016,-0.26,0.02,0.16,0.32
32.704,-2.1,-15,67,-0.014,-0.016,-1.016,-0.26,0.02,0.16,0.32
32.709,-1.9,-15.4,66.7,-0.013,-0.013,-1.015,-0.26,0.02,0.16,0.32
32.714,-1.8,-15.8,66.6,-0.012,-0.009,-1.013,-0.26,0.02,0.16,0.32
32.719,-1.8,-16.3,66.8,-0.007,-0.008,-1.01,-0.26,0.02,0.16,0.32
32.724,-1.8,-16.6,67.2,-0.004,-0.003,-1.009,-0.26,0.02,0.16,0.32
32.729,-2,-17,67.5,-0.002,-0.001,-1.008,-0.26,0.02,0.16,0.32
32.734,-2.4,-17.4,68.1,0,0.003,-1.007,-0.25,0.02,0.16,0.64
32.739,-2.6,-18,68.4,0.001,0.007,-1.006,-0.25,0.02,0.16,0.64
32.744,-2.8,-18.4,68.6,0.003,0.011,-1.006,-0.25,0.02,0.16,0.64
32.749,-2.9,-18.8,68.6,0.006,0.014,-1.007,-0.25,0.02,0.16,0.64
32.754,-3.2,-19.4,68.6,0.01,0.016,-1.005,-0.25,0.02,0.16,0.64
32.759,-2.9,-19.5,68.4,0.015,0.018,-1.003,-0.25,0.02,0.16,0.64
32.764,-3,-19.8,68.2,0.016,0.017,-1.002,-0.25,0.02,0.16,0.64
32.769,-3.1,-19.9,68.1,0.018,0.017,-1.001,-0.25,0.02,0.16,0.64
32.774,-3.1,-19.9,67.9,0.016,0.015,-1,-0.25,0.02,0.16,0.64
32.778,-3.1,-19.9,67.8,0.013,0.014,-1.001,-0.23,0.02,0,0.5
32.783,-3.1,-20.1,67.5,0.006,0.009,-1.001,-0.23,0.02,0,0.5
32.787,-3.1,-20.2,67.2,-0.002,0.003,-1.003,-0.23,0.02,0,0.5
32.791,-3.4,-20.2,67,-0.01,-0.003,-1.005,-0.23,0.02,0,0.5
32.795,-3.7,-20.2,66.9,-0.018,-0.01,-1.006,-0.23,0.02,0,0.5
32.799,-3.9,-20,66.6,-0.024,-0.016,-1.008,-0.23,0.02,0,0.5
32.803,-4.4,-20.1,66.4,-0.032,-0.023,-1.009,-0.23,0.02,0,0.5
32.807,-4.7,-20,66.4,-0.039,-0.026,-1.009,-0.23,0.02,0,0.5
32.811,-5.1,-19.7,66.3,-0.044,-0.03,-1.009,-0.23,0.02,0,0.5
32.815,-5.3,-19.4,66.3,-0.047,-0.032,-1.01,-0.23,0.02,0,0.5
32.819,-5.5,-18.8,66.7,-0.05,-0.032,-1.011,-0.23,0.02,0,0.5
32.827,-5.5,-18.5,67.2,-0.053,-0.034,-1.013,-0.22,0.02,0,0.16
32.834,-5.6,-17.9,67.8,-0.055,-0.035,-1.016,-0.22,0.02,0,0.16
32.842,-5.3,-17.4,68.2,-0.058,-0.034,-1.017,-0.22,0.02,0,0.16
32.849,-5.3,-16.6,68.7,-0.059,-0.033,-1.017,-0.22,0.02,0,0.16
32.857,-5,-16,69.2,-0.06,-0.034,-1.016,-0.22,0.02,0,0.16
32.864,-4.8,-15.2,69.8,-0.06,-0.034,-1.016,-0.22,0.02,0,0.16
32.871,-4.6,-14.6,70.3,-0.059,-0.034,-1.016,-0.22,0.02,0,0.16
32.876,-4.1,-13.9,70.7,-0.059,-0.033,-1.016,-0.23,0.02,0.16,0.16
32.880,-3.5,-13,70.9,-0.059,-0.031,-1.018,-0.23,0.02,0.16,0.16
32.885,-2.6,-12.4,70.9,-0.061,-0.029,-1.018,-0.23,0.02,0.16,0.16
32.889,-1.5,-11.9,70.8,-0.064,-0.027,-1.018,-0.23,0.02,0.16,0.16
32.893,-0.8,-11.1,71,-0.068,-0.021,-1.015,-0.23,0.02,0.16,0.16
32.898,0,-10.3,71.1,-0.071,-0.017,-1.013,-0.23,0.02,0.16,0.16
32.902,0.6,-9.7,71.2,-0.073,-0.014,-1.013,-0.23,0.02,0.16,0.16
32.907,0.8,-8.8,71.2,-0.075,-0.009,-1.013,-0.23,0.02,0.16,0.16
32.911,1,-8,71.2,-0.077,-0.005,-1.014,-0.23,0.02,0.16,0.16
32.915,1,-7.1,71.4,-0.078,-0.001,-1.016,-0.23,0.02,0.16,0.16
32.920,0.8,-6.1,71.6,-0.08,0.004,-1.019,-0.23,0.02,0.16,0.16
32.926,0.7,-4.9,72,-0.08,0.008,-1.022,-0.23,0.02,0,0.15
32.932,0.4,-3.9,72.5,-0.079,0.01,-1.023,-0.23,0.02,0,0.15
32.938,0,-2.6,72.8,-0.079,0.012,-1.024,-0.23,0.02,0,0.15
32.944,-0.3,-1.6,73.3,-0.078,0.013,-1.02,-0.23,0.02,0,0.15
32.950,-0.6,-0.4,73.7,-0.075,0.015,-1.016,-0.23,0.02,0,0.15
32.956,-0.9,0.9,74.4,-0.07,0.015,-1.01,-0.23,0.02,0,0.15
32.962,-1.1,1.9,74.7,-0.067,0.017,-1.004,-0.23,0.02,0,0.15
32.966,-1.2,3,74.8,-0.065,0.014,-0.997,-0.23,0.01,0.64,-0.64
32.970,-0.9,3.9,74.9,-0.064,0.013,-0.992,-0.23,0.01,0.64,-0.64
32.975,-0.7,4.8,74.8,-0.064,0.011,-0.987,-0.23,0.01,0.64,-0.64
32.979,0,5.3,74.4,-0.067,0.01,-0.984,-0.23,0.01,0.64,-0.64
32.983,0.8,6,74,-0.07,0.011,-0.984,-0.23,0.01,0.64,-0.64
32.988,2.1,6.4,73.5,-0.073,0.013,-0.987,-0.23,0.01,0.64,-0.64
32.992,3.4,6.9,73.1,-0.078,0.013,-0.991,-0.23,0.01,0.64,-0.64
32.997,4.6,7.4,72.9,-0.082,0.014,-0.997,-0.23,0.01,0.64,-0.64
33.001,5.9,8,72.8,-0.085,0.015,-1.005,-0.23,0.01,0.64,-0.64
33.005,6.7,8.6,72.8,-0.087,0.017,-1.013,-0.23,0.01,0.64,-0.64
33.010,7.3,9.4,73.2,-0.091,0.016,-1.021,-0.23,0.01,0.64,-0.64
33.017,7.9,10.2,73.3,-0.095,0.016,-1.029,-0.2,0.02,0,-0.32
33.024,7.8,11.3,73.4,-0.096,0.014,-1.033,-0.2,0.02,0,-0.32
33.031,7.6,12.6,73.9,-0.097,0.011,-1.035,-0.2,0.02,0,-0.32
33.038,6.9,13.9,74,-0.095,0.007,-1.033,-0.2,0.02,0,-0.32
33.045,6.1,15.1,74.3,-0.093,0.002,-1.028,-0.2,0.02,0,-0.32
33.052,5.3,16.5,74.6,-0.089,0,-1.021,-0.2,0.02,0,-0.32
33.059,4.9,17.9,74.5,-0.084,-0.002,-1.012,-0.2,0.02,0,-0.32
33.063,4.7,19,74.5,-0.079,-0.004,-1.002,-0.18,0.01,-0.78,0
33.067,4.9,20,74.4,-0.076,-0.004,-0.992,-0.18,0.01,-0.78,0
33.071,5.4,20.9,74,-0.075,-0.001,-0.984,-0.18,0.01,-0.78,0
33.076,6.4,21.6,73.7,-0.075,0.002,-0.979,-0.18,0.01,-0.78,0
33.080,7.6,21.8,73.4,-0.074,0.006,-0.978,-0.18,0.01,-0.78,0
33.084,8.8,22.1,73.1,-0.071,0.008,-0.979,-0.18,0.01,-0.78,0
33.088,9.9,22.3,73.1,-0.068,0.011,-0.984,-0.18,0.01,-0.78,0
33.092,10.6,22.1,73.1,-0.064,0.013,-0.992,-0.18,0.01,-0.78,0
33.096,11.2,22,73.3,-0.057,0.015,-1.002,-0.18,0.01,-0.78,0
33.101,11.6,21.8,73.3,-0.053,0.017,-1.012,-0.18,0.01,-0.78,0
33.105,11.5,21.6,73.6,-0.049,0.019,-1.022,-0.17,0.02,0,-0.32
33.110,11.4,21.3,73.6,-0.045,0.022,-1.032,-0.17,0.02,0,-0.32
33.115,10.9,21.2,73.4,-0.042,0.022,-1.04,-0.17,0.02,0,-0.32
33.120,10.2,20.9,73.1,-0.04,0.02,-1.045,-0.17,0.02,0,-0.32
33.125,9.4,21.1,73,-0.039,0.019,-1.046,-0.17,0.02,0,-0.32
33.130,8.5,21.2,72.8,-0.039,0.016,-1.045,-0.17,0.02,0,-0.32
33.135,7.6,21.2,72.5,-0.036,0.013,-1.042,-0.17,0.02,0,-0.32
33.140,6.4,21.6,72.5,-0.031,0.007,-1.038,-0.17,0.02,0,-0.32
33.144,5.6,21.7,72.5,-0.027,0.002,-1.034,-0.17,0.02,0,-0.32
33.149,4.5,22,72.5,-0.026,-0.005,-1.027,-0.17,0.02,0,-0.32
33.155,4,22.3,72.3,-0.025,-0.01,-1.019,-0.16,0.02,-0.16,-0.64
33.161,3.2,22.3,72.3,-0.026,-0.015,-1.011,-0.16,0.02,-0.16,-0.64
33.167,2.9,22.3,72.3,-0.025,-0.018,-1.002,-0.16,0.02,-0.16,-0.64
33.173,2.6,22.2,72.2,-0.022,-0.019,-0.995,-0.16,0.02,-0.16,-0.64
33.179,2.3,22.3,72.3,-0.018,-0.019,-0.991,-0.16,0.02,-0.16,-0.64
33.185,2.3,21.8,72.5,-0.013,-0.019,-0.989,-0.16,0.02,-0.16,-0.64
33.191,2.8,21.5,72.5,-0.005,-0.018,-0.992,-0.16,0.02,-0.16,-0.64
33.197,3.5,21.4,72.6,0,-0.018,-0.998,-0.16,0.02,-0.16,-0.64
33.201,4.3,20.9,72.8,0.006,-0.016,-1.008,-0.18,0.04,0,-0.32
33.206,5.4,20.6,73.1,0.011,-0.014,-1.021,-0.18,0.04,0,-0.32
33.210,6.7,20.3,73.1,0.011,-0.012,-1.037,-0.18,0.04,0,-0.32
33.215,7.8,20,72.9,0.008,-0.01,-1.052,-0.18,0.04,0,-0.32
33.219,8.6,19.7,72.7,0.005,-0.01,-1.067,-0.18,0.04,0,-0.32
33.223,9.3,19.6,72.2,0,-0.012,-1.078,-0.18,0.04,0,-0.32
33.228,9.3,19.5,71.6,-0.006,-0.014,-1.086,-0.18,0.04,0,-0.32
33.232,8.8,19.3,71.1,-0.013,-0.019,-1.09,-0.18,0.04,0,-0.32
33.237,7.8,19.3,70.4,-0.017,-0.024,-1.088,-0.18,0.04,0,-0.32
33.241,6.5,19.5,69.9,-0.02,-0.027,-1.082,-0.18,0.04,0,-0.32
33.245,5.3,19.7,69.8,-0.019,-0.026,-1.072,-0.18,0.04,0,-0.32
33.249,4.2,19.8,69.6,-0.015,-0.024,-1.056,-0.19,0.04,0,-0.32
33.254,3.5,20.2,69,-0.011,-0.02,-1.036,-0.19,0.04,0,-0.32
33.258,2.8,20.5,68.7,-0.007,-0.014,-1.016,-0.19,0.04,0,-0.32
33.262,2.4,20.6,68.3,-0.001,-0.01,-0.995,-0.19,0.04,0,-0.32
33.266,1.9,20.6,68.1,0.004,-0.005,-0.976,-0.19,0.04,0,-0.32
33.270,1.3,20.7,67.8,0.011,-0.001,-0.96,-0.19,0.04,0,-0.32
33.274,0.7,20.6,67.4,0.02,0,-0.948,-0.19,0.04,0,-0.32
33.279,0.1,20.4,67.1,0.03,0.003,-0.943,-0.19,0.04,0,-0.32
33.283,-0.2,20.5,67,0.04,0.004,-0.945,-0.19,0.04,0,-0.32
33.287,-0.1,20.4,66.8,0.049,0.008,-0.95,-0.19,0.04,0,-0.32
33.291,0,20.1,66.5,0.053,0.011,-0.959,-0.19,0.04,0,-0.32
33.297,0.5,19.7,66,0.051,0.013,-0.97,-0.2,0.03,0,-0.16
33.304,1,19.3,65.5,0.05,0.014,-0.982,-0.2,0.03,0,-0.16
33.310,1.1,18.4,64.8,0.045,0.009,-0.995,-0.2,0.03,0,-0.16
33.317,0.9,17.9,63.9,0.039,0.002,-1.005,-0.2,0.03,0,-0.16
33.323,0.4,17.1,63.1,0.034,-0.004,-1.011,-0.2,0.03,0,-0.16
33.330,-0.4,16.4,62.5,0.029,-0.008,-1.014,-0.2,0.03,0,-0.16
33.336,-1.5,15.4,62,0.022,-0.013,-1.014,-0.2,0.03,0,-0.16
33.340,-2.5,14.7,61.6,0.02,-0.014,-1.009,-0.14,0.01,0.32,0
33.345,-3.5,13.6,61.4,0.019,-0.013,-1.002,-0.14,0.01,0.32,0
33.349,-4.2,13.1,61.2,0.02,-0.011,-0.994,-0.14,0.01,0.32,0
33.354,-4.7,12.1,61,0.023,-0.009,-0.984,-0.14,0.01,0.32,0
33.358,-5.1,11.2,60.7,0.029,-0.006,-0.975,-0.14,0.01,0.32,0
33.362,-5.5,10.6,60.4,0.033,-0.003,-0.967,-0.14,0.01,0.32,0
33.367,-5.3,9.5,59.8,0.039,-0.002,-0.961,-0.14,0.01,0.32,0
33.371,-5.3,8.4,59.2,0.048,0,-0.96,-0.14,0.01,0.32,0
33.375,-4.6,7.4,58.7,0.054,0.004,-0.963,-0.14,0.01,0.32,0
33.380,-3.5,6.2,58.3,0.061,0.008,-0.972,-0.14,0.01,0.32,0
33.384,-2.2,5.2,57.6,0.066,0.012,-0.98,-0.14,0.01,0.32,0
33.391,-0.6,3.8,56.7,0.068,0.014,-0.99,-0.15,0.01,0.16,0
33.398,1,2.3,55.9,0.068,0.016,-1,-0.15,0.01,0.16,0
33.405,2.6,1.2,55.1,0.065,0.015,-1.007,-0.15,0.01,0.16,0
33.412,4.1,-0.2,54.2,0.062,0.016,-1.013,-0.15,0.01,0.16,0
33.420,5.3,-1.7,53.4,0.058,0.017,-1.015,-0.15,0.01,0.16,0
33.427,6.2,-3.1,52.7,0.054,0.018,-1.016,-0.15,0.01,0.16,0
33.434,6.9,-4.3,52,0.05,0.018,-1.015,-0.15,0.01,0.16,0
33.438,7.3,-5.5,51.5,0.046,0.02,-1.012,-0.12,0,0,0.16
33.442,7.4,-6.7,50.9,0.044,0.019,-1.007,-0.12,0,0,0.16
33.447,7.6,-7.8,50.3,0.046,0.021,-1.002,-0.12,0,0,0.16
33.451,7.6,-8.8,50.2,0.049,0.02,-0.996,-0.12,0,0,0.16
33.456,7.4,-9.6,50.1,0.051,0.019,-0.992,-0.12,0,0,0.16
33.460,7.4,-10.5,49.8,0.054,0.017,-0.99,-0.12,0,0,0.16
33.464,7.3,-11.1,49.6,0.057,0.014,-0.988,-0.12,0,0,0.16
33.469,7.3,-12.2,49.7,0.063,0.012,-0.99,-0.12,0,0,0.16
33.473,7.6,-12.9,49.5,0.068,0.011,-0.993,-0.12,0,0,0.16
33.478,7.9,-13.6,49.1,0.07,0.006,-0.998,-0.12,0,0,0.16
33.482,8.4,-14.4,48.5,0.071,0,-1.004,-0.12,0,0,0.16
33.488,8.7,-15.3,47.7,0.072,-0.007,-1.013,-0.11,0.01,0,0.32
33.494,8.9,-16.1,46.9,0.073,-0.017,-1.022,-0.11,0.01,0,0.32
33.500,8.9,-17.2,46.2,0.074,-0.029,-1.03,-0.11,0.01,0,0.32
33.506,9.1,-17.9,45.4,0.07,-0.039,-1.036,-0.11,0.01,0,0.32
33.512,9.3,-18.8,44.8,0.066,-0.048,-1.039,-0.11,0.01,0,0.32
33.518,9.1,-19.6,43.7,0.061,-0.057,-1.041,-0.11,0.01,0,0.32
33.524,9.5,-20,42.7,0.054,-0.062,-1.043,-0.11,0.01,0,0.32
33.528,9.8,-20.7,41.6,0.045,-0.067,-1.043,-0.09,0.02,-0.16,0.16
33.533,10,-20.8,40.7,0.036,-0.069,-1.042,-0.09,0.02,-0.16,0.16
33.537,10.3,-20.9,39.9,0.028,-0.071,-1.04,-0.09,0.02,-0.16,0.16
33.541,10.1,-20.9,39.1,0.018,-0.072,-1.038,-0.09,0.02,-0.16,0.16
33.546,10,-20.4,38.6,0.01,-0.071,-1.035,-0.09,0.02,-0.16,0.16
33.550,9.3,-20.1,38.2,0.003,-0.071,-1.031,-0.09,0.02,-0.16,0.16
33.555,8.6,-19.5,38,-0.002,-0.068,-1.025,-0.09,0.02,-0.16,0.16
33.559,7.9,-18.8,37.9,-0.007,-0.064,-1.018,-0.09,0.02,-0.16,0.16
33.563,6.8,-18.1,37.7,-0.012,-0.06,-1.011,-0.09,0.02,-0.16,0.16
33.568,5.9,-17.4,37.6,-0.016,-0.053,-1.005,-0.09,0.02,-0.16,0.16
33.572,4.8,-16.6,37.7,-0.019,-0.048,-0.999,-0.09,0.02,-0.16,0.16
33.577,4,-16,37.9,-0.019,-0.042,-0.995,-0.08,0.01,0,0.16
33.582,3.4,-15.5,38,-0.017,-0.036,-0.991,-0.08,0.01,0,0.16
33.587,3.1,-15.1,38,-0.015,-0.031,-0.991,-0.08,0.01,0,0.16
33.592,3.1,-14.5,38.2,-0.013,-0.025,-0.993,-0.08,0.01,0,0.16
33.597,3.1,-13.9,38.5,-0.009,-0.021,-0.997,-0.08,0.01,0,0.16
33.602,3.7,-13.3,38.3,-0.007,-0.022,-1.002,-0.08,0.01,0,0.16
33.606,4.5,-12.5,38.3,-0.008,-0.025,-1.005,-0.08,0.01,0,0.16
33.611,5,-11.4,37.8,-0.008,-0.03,-1.009,-0.08,0.01,0,0.16
33.616,5.6,-10.6,37.4,-0.011,-0.036,-1.01,-0.08,0.01,0,0.16
33.621,6.2,-9.2,36.8,-0.016,-0.046,-1.008,-0.08,0.01,0,0.16
33.625,6.3,-8.1,36.1,-0.021,-0.057,-1.005,-0.11,0,0,0
33.629,5.8,-7.1,35.1,-0.03,-0.067,-1.001,-0.11,0,0,0
33.634,5.3,-5.8,34.3,-0.038,-0.077,-0.998,-0.11,0,0,0
33.638,4.4,-4.6,33.5,-0.047,-0.086,-0.994,-0.11,0,0,0
33.642,3.4,-3.4,32.4,-0.051,-0.095,-0.99,-0.11,0,0,0
33.646,2.4,-2.5,31.5,-0.053,-0.096,-0.987,-0.11,0,0,0
33.650,1.4,-1.4,30.8,-0.053,-0.097,-0.986,-0.11,0,0,0
33.654,0.7,-0.7,30.1,-0.049,-0.095,-0.984,-0.11,0,0,0
33.658,0.1,0,29.3,-0.045,-0.09,-0.983,-0.11,0,0,0
33.663,-0.1,0.4,28.6,-0.04,-0.082,-0.982,-0.11,0,0,0
33.667,-0.4,0.9,27.7,-0.032,-0.073,-0.983,-0.11,0,0,0
33.673,0,1.2,27.1,-0.021,-0.063,-0.985,-0.15,0,0,0
33.679,0.3,1.5,26.8,-0.011,-0.052,-0.988,-0.15,0,0,0
33.686,0.9,1.9,26.6,-0.006,-0.043,-0.991,-0.15,0,0,0
33.692,1.4,2.1,26.1,-0.003,-0.035,-0.996,-0.15,0,0,0
33.699,2,2.4,25.5,-0.003,-0.031,-0.999,-0.15,0,0,0
33.705,2.3,2.7,24.7,-0.004,-0.03,-1.001,-0.15,0,0,0
33.711,2.4,3.1,24.2,-0.006,-0.03,-1.003,-0.15,0,0,0
33.718,2.4,3.6,23.3,-0.011,-0.032,-1.005,-0.18,0,0,0
33.725,2.3,4,22.3,-0.016,-0.035,-1.004,-0.18,0,0,0
33.731,1.7,4.2,21.4,-0.021,-0.039,-1.004,-0.18,0,0,0
33.738,1.2,4.5,20.6,-0.025,-0.044,-1.002,-0.18,0,0,0
33.744,0.9,4.8,19.5,-0.028,-0.046,-1.002,-0.18,0,0,0
33.751,0.5,5.1,18.6,-0.03,-0.048,-1.001,-0.18,0,0,0
33.757,0.2,5.2,17.5,-0.031,-0.051,-1,-0.18,0,0,0
33.761,0.1,5.2,16.2,-0.032,-0.053,-1,-0.23,0,0,-0.32
33.764,0.2,5.2,15,-0.03,-0.054,-1,-0.23,0,0,-0.32
33.768,-0.1,4.9,13.9,-0.031,-0.055,-1,-0.23,0,0,-0.32
33.772,0,4.5,13,-0.03,-0.057,-1.002,-0.23,0,0,-0.32
33.775,-0.3,4.2,12,-0.026,-0.06,-1.004,-0.23,0,0,-0.32
33.779,-0.3,3.7,11.3,-0.021,-0.061,-1.005,-0.23,0,0,-0.32
33.782,-0.6,3.2,10.8,-0.016,-0.06,-1.007,-0.23,0,0,-0.32
33.786,-0.5,2.3,10.1,-0.01,-0.059,-1.009,-0.23,0,0,-0.32
33.790,-0.5,1.5,9.4,-0.007,-0.055,-1.011,-0.23,0,0,-0.32
33.793,-0.5,0.9,8.6,-0.003,-0.052,-1.011,-0.23,0,0,-0.32
33.797,-0.4,0.2,8,0,-0.049,-1.012,-0.23,0,0,-0.32
33.800,-0.3,-0.5,7.2,0.003,-0.05,-1.012,-0.23,0,0,-0.32
33.804,-0.7,-1.2,6.3,0.008,-0.05,-1.01,-0.23,0,0,-0.32
33.809,-1,-1.6,5.5,0.012,-0.051,-1.009,-0.23,-0.01,0,0.16
33.814,-1.7,-2.2,4.5,0.015,-0.051,-1.006,-0.23,-0.01,0,0.16
33.819,-2.4,-2.6,3.7,0.014,-0.052,-1.003,-0.23,-0.01,0,0.16
33.824,-2.9,-3,2.6,0.013,-0.052,-1.001,-0.23,-0.01,0,0.16
33.829,-3.4,-3.2,1.7,0.01,-0.052,-1,-0.23,-0.01,0,0.16
33.835,-4,-3.6,0.8,0.007,-0.051,-0.998,-0.23,-0.01,0,0.16
33.840,-4.4,-3.7,0.1,0.004,-0.051,-0.999,-0.23,-0.01,0,0.16
33.845,-4.8,-4.1,-0.6,0.001,-0.051,-0.999,-0.23,-0.01,0,0.16
33.850,-5,-4.4,-1.1,-0.003,-0.052,-1.002,-0.23,-0.01,0,0.16
33.857,-5.5,-4.8,-1.8,-0.006,-0.052,-1.004,-0.23,-0.01,0.16,0.49
33.864,-5.9,-4.9,-2.2,-0.009,-0.052,-1.007,-0.23,-0.01,0.16,0.49
33.871,-6.4,-5,-2.6,-0.012,-0.051,-1.011,-0.23,-0.01,0.16,0.49
33.878,-6.7,-5.3,-2.8,-0.012,-0.051,-1.014,-0.23,-0.01,0.16,0.49
33.885,-7,-5.5,-2.8,-0.015,-0.051,-1.018,-0.23,-0.01,0.16,0.49
33.892,-7.3,-5.6,-2.9,-0.018,-0.051,-1.022,-0.23,-0.01,0.16,0.49
33.899,-7.8,-5.5,-3.1,-0.02,-0.053,-1.023,-0.23,-0.01,0.16,0.49
33.904,-7.8,-5.5,-3.1,-0.021,-0.052,-1.023,-0.21,-0.01,0.16,0
33.908,-7.9,-5.5,-3.2,-0.022,-0.051,-1.022,-0.21,-0.01,0.16,0
33.912,-7.8,-5.2,-3.1,-0.022,-0.05,-1.02,-0.21,-0.01,0.16,0
33.917,-7.8,-4.8,-3.2,-0.021,-0.049,-1.017,-0.21,-0.01,0.16,0
33.921,-7.8,-4.7,-3.3,-0.021,-0.049,-1.014,-0.21,-0.01,0.16,0
33.925,-7.8,-4.2,-3.4,-0.019,-0.049,-1.012,-0.21,-0.01,0.16,0
33.930,-8,-4,-3.6,-0.018,-0.049,-1.01,-0.21,-0.01,0.16,0
33.934,-7.8,-3.7,-3.9,-0.015,-0.05,-1.009,-0.21,-0.01,0.16,0
33.938,-8,-3.2,-4.2,-0.014,-0.049,-1.009,-0.21,-0.01,0.16,0
33.943,-8.1,-2.9,-4.2,-0.014,-0.048,-1.007,-0.21,-0.01,0.16,0
33.947,-8.3,-2.5,-4.6,-0.014,-0.045,-1.007,-0.21,-0.01,0.16,0
33.952,-8.3,-2.2,-4.9,-0.014,-0.043,-1.006,-0.2,-0.01,0,0
33.957,-8.3,-1.7,-5.1,-0.014,-0.04,-1.006,-0.2,-0.01,0,0
33.962,-8.4,-1.6,-5.3,-0.015,-0.036,-1.007,-0.2,-0.01,0,0
33.967,-8.1,-1.2,-5.1,-0.017,-0.031,-1.006,-0.2,-0.01,0,0
33.972,-7.9,-0.7,-4.8,-0.017,-0.025,-1.007,-0.2,-0.01,0,0
33.976,-7.4,-0.4,-4.5,-0.019,-0.021,-1.008,-0.2,-0.01,0,0
33.981,-6.8,-0.3,-4,-0.02,-0.017,-1.01,-0.2,-0.01,0,0
33.986,-6.1,0,-3.4,-0.021,-0.013,-1.01,-0.2,-0.01,0,0
33.991,-5.8,0.2,-2.9,-0.02,-0.012,-1.011,-0.2,-0.01,0,0
33.996,-5.3,0.4,-2.5,-0.021,-0.013,-1.012,-0.2,-0.01,0,0
34.000,-5,0.7,-2,-0.022,-0.016,-1.013,-0.17,-0.01,0.16,0
34.004,-4.7,0.8,-1.6,-0.021,-0.018,-1.013,-0.17,-0.01,0.16,0
34.008,-4.4,0.9,-1.2,-0.02,-0.018,-1.014,-0.17,-0.01,0.16,0
34.012,-4,1.3,-0.9,-0.018,-0.02,-1.015,-0.17,-0.01,0.16,0
34.017,-3.5,1.3,-0.7,-0.017,-0.021,-1.015,-0.17,-0.01,0.16,0
34.021,-2.9,1.5,-0.9,-0.015,-0.021,-1.017,-0.17,-0.01,0.16,0
34.025,-2.5,1.5,-0.9,-0.014,-0.022,-1.018,-0.17,-0.01,0.16,0
34.029,-1.9,1.8,-1.1,-0.011,-0.023,-1.018,-0.17,-0.01,0.16,0
34.033,-1.7,1.8,-1.2,-0.009,-0.023,-1.019,-0.17,-0.01,0.16,0
34.037,-1.3,1.8,-1.2,-0.007,-0.022,-1.02,-0.17,-0.01,0.16,0
34.041,-0.7,2,-1,-0.007,-0.021,-1.022,-0.17,-0.01,0.16,0
34.045,-0.4,2.1,-1.2,-0.006,-0.019,-1.023,-0.17,-0.01,0.16,0
34.051,0,2.2,-1.2,-0.006,-0.018,-1.024,-0.18,-0.01,0,0
34.057,0.1,2.3,-1.2,-0.008,-0.018,-1.025,-0.18,-0.01,0,0
34.063,0.4,2.6,-1.2,-0.011,-0.017,-1.025,-0.18,-0.01,0,0
34.069,0.6,2.6,-0.9,-0.014,-0.016,-1.025,-0.18,-0.01,0,0
34.075,0.4,2.8,-0.9,-0.015,-0.016,-1.025,-0.18,-0.01,0,0
34.081,0.7,2.9,-0.8,-0.018,-0.016,-1.023,-0.18,-0.01,0,0
34.086,0.6,3.2,-0.9,-0.017,-0.018,-1.022,-0.18,-0.01,0,0
34.094,0.1,3.4,-1.1,-0.015,-0.021,-1.022,-0.18,0,0,0
34.102,0.1,3.6,-1.2,-0.013,-0.025,-1.021,-0.18,0,0,0
34.110,-0.1,4,-1.4,-0.013,-0.027,-1.02,-0.18,0,0,0
34.119,-0.1,4,-1.4,-0.012,-0.028,-1.02,-0.18,0,0,0
34.127,-0.2,4.3,-1.7,-0.012,-0.03,-1.018,-0.18,0,0,0
34.135,-0.1,4.6,-1.9,-0.011,-0.032,-1.017,-0.18,0,0,0
34.138,-0.3,4.6,-1.9,-0.012,-0.035,-1.016,-0.11,0,0,0
34.141,-0.4,4.8,-2.1,-0.013,-0.038,-1.015,-0.11,0,0,0
34.144,-1,5.1,-2.3,-0.013,-0.043,-1.014,-0.11,0,0,0
34.147,-1.4,5.2,-2.5,-0.014,-0.046,-1.014,-0.11,0,0,0
34.151,-2,5.2,-2.8,-0.014,-0.047,-1.013,-0.11,0,0,0
34.154,-2.3,5.4,-2.9,-0.016,-0.048,-1.012,-0.11,0,0,0
34.157,-2.8,5.4,-3.1,-0.015,-0.047,-1.011,-0.11,0,0,0
34.160,-3.4,5.2,-3.3,-0.016,-0.045,-1.01,-0.11,0,0,0
34.163,-3.6,5.6,-3.6,-0.014,-0.042,-1.011,-0.11,0,0,0
34.167,-4,5.7,-3.6,-0.013,-0.041,-1.009,-0.11,0,0,0
34.170,-4,5.6,-3.8,-0.01,-0.039,-1.01,-0.11,0,0,0
34.173,-4.4,5.5,-3.9,-0.009,-0.038,-1.009,-0.11,0,0,0
34.176,-4.8,5.5,-3.9,-0.008,-0.037,-1.009,-0.11,0,0,0
34.179,-5.1,5.5,-4,-0.005,-0.037,-1.009,-0.11,0,0,0
34.183,-5.3,5.4,-4.1,-0.004,-0.036,-1.008,-0.11,0,0,0
34.189,-5.8,5.1,-4.3,-0.004,-0.036,-1.008,-0.06,-0.01,0,-0.16
34.196,-6.1,5.1,-4.4,-0.006,-0.035,-1.009,-0.06,-0.01,0,-0.16
34.202,-6.4,4.8,-4.5,-0.007,-0.032,-1.009,-0.06,-0.01,0,-0.16
34.209,-6.9,4.6,-4.5,-0.008,-0.03,-1.01,-0.06,-0.01,0,-0.16
34.216,-7.3,4.3,-4.7,-0.009,-0.029,-1.011,-0.06,-0.01,0,-0.16
34.222,-7.5,4.1,-4.8,-0.008,-0.026,-1.012,-0.06,-0.01,0,-0.16
34.229,-7.8,3.8,-4.9,-0.006,-0.025,-1.012,-0.06,-0.01,0,-0.16
34.233,-8.3,3.7,-5,-0.005,-0.023,-1.013,-0.07,-0.01,0.16,0
34.237,-8.9,3.5,-5,-0.004,-0.024,-1.014,-0.07,-0.01,0.16,0
34.241,-9.3,3.1,-5.1,-0.003,-0.023,-1.013,-0.07,-0.01,0.16,0
34.245,-10,3,-5.1,-0.002,-0.023,-1.011,-0.07,-0.01,0.16,0
34.249,-10.5,2.9,-5.1,0,-0.024,-1.009,-0.07,-0.01,0.16,0
34.253,-11.1,2.7,-5.2,0,-0.024,-1.006,-0.07,-0.01,0.16,0
34.257,-11.4,2.7,-5.1,0,-0.024,-1.005,-0.07,-0.01,0.16,0
34.261,-11.7,2.5,-5.1,0,-0.024,-1.004,-0.07,-0.01,0.16,0
34.265,-11.7,2.2,-5,0,-0.022,-1.003,-0.07,-0.01,0.16,0
34.269,-11.7,2.2,-4.8,0.001,-0.021,-1.004,-0.07,-0.01,0.16,0
34.273,-11.6,1.8,-4.6,0.002,-0.018,-1.004,-0.07,-0.01,0.16,0
34.280,-11.3,1.5,-4.5,0.003,-0.017,-1.005,-0.1,-0.01,0.16,0
34.287,-11.2,1,-4.3,0.005,-0.014,-1.005,-0.1,-0.01,0.16,0
34.294,-11.2,0.6,-4.3,0.006,-0.014,-1.005,-0.1,-0.01,0.16,0
34.301,-11.2,0.1,-4.1,0.007,-0.012,-1.004,-0.1,-0.01,0.16,0
34.309,-11.2,-0.5,-3.9,0.008,-0.008,-1.004,-0.1,-0.01,0.16,0
34.316,-11.5,-0.9,-3.6,0.009,-0.005,-1.003,-0.1,-0.01,0.16,0
34.323,-11.6,-1.4,-3.2,0.009,-0.001,-1.002,-0.1,-0.01,0.16,0
34.327,-11.5,-2,-3.1,0.008,0.002,-1.001,-0.13,-0.02,0.32,0
34.331,-11.3,-2.7,-2.8,0.006,0.006,-1,-0.13,-0.02,0.32,0
34.336,-11.4,-3.1,-2.5,0.005,0.009,-0.999,-0.13,-0.02,0.32,0
34.340,-11.6,-3.9,-2.3,0.003,0.01,-0.999,-0.13,-0.02,0.32,0
34.345,-11.4,-4.4,-2.2,0.002,0.013,-0.999,-0.13,-0.02,0.32,0
34.349,-11.6,-5.1,-2.3,0.003,0.015,-0.999,-0.13,-0.02,0.32,0
34.353,-11.5,-5.5,-2.2,0.002,0.016,-0.999,-0.13,-0.02,0.32,0
34.358,-11.6,-6,-2.2,0.002,0.016,-0.999,-0.13,-0.02,0.32,0
34.362,-11.7,-6.3,-2.4,0.003,0.016,-1,-0.13,-0.02,0.32,0
34.367,-11.8,-6.5,-2.2,0.004,0.016,-1.001,-0.13,-0.02,0.32,0
34.371,-11.7,-6.7,-2.1,0.003,0.016,-1.003,-0.13,-0.02,0.32,0
34.378,-11.7,-6.9,-1.8,0.004,0.016,-1.006,-0.11,-0.02,0,0
34.385,-11.6,-7,-1.7,0.001,0.017,-1.007,-0.11,-0.02,0,0
34.392,-11.5,-7.3,-1.7,-0.002,0.018,-1.008,-0.11,-0.02,0,0
34.399,-11.1,-7.5,-1.8,-0.006,0.02,-1.009,-0.11,-0.02,0,0
34.406,-10.3,-7.6,-1.8,-0.013,0.023,-1.011,-0.11,-0.02,0,0
34.413,-9.5,-7.7,-2,-0.017,0.029,-1.013,-0.11,-0.02,0,0
34.420,-8.9,-8,-1.9,-0.02,0.034,-1.015,-0.11,-0.02,0,0
34.424,-8,-8.1,-1.9,-0.022,0.039,-1.014,-0.08,-0.02,0.16,0.32
34.427,-7.5,-8.3,-1.6,-0.023,0.043,-1.013,-0.08,-0.02,0.16,0.32
34.431,-7,-8.3,-1.4,-0.025,0.045,-1.012,-0.08,-0.02,0.16,0.32
34.435,-6.9,-8.2,-0.9,-0.023,0.045,-1.009,-0.08,-0.02,0.16,0.32
34.439,-6.6,-8.1,-0.6,-0.02,0.045,-1.006,-0.08,-0.02,0.16,0.32
34.443,-6.5,-8,-0.3,-0.017,0.046,-1.004,-0.08,-0.02,0.16,0.32
34.446,-6.5,-7.6,-0.1,-0.014,0.045,-1.004,-0.08,-0.02,0.16,0.32
34.450,-6.4,-7.2,0.3,-0.012,0.046,-1.003,-0.08,-0.02,0.16,0.32
34.454,-5.9,-6.9,0.4,-0.011,0.044,-1.006,-0.08,-0.02,0.16,0.32
34.458,-5.5,-6.4,0.4,-0.012,0.041,-1.009,-0.08,-0.02,0.16,0.32
34.462,-4.9,-6.1,0.4,-0.014,0.039,-1.012,-0.08,-0.02,0.16,0.32
34.468,-4.5,-5.5,0.4,-0.014,0.037,-1.014,-0.08,-0.01,0.16,0
34.475,-4.2,-5.1,0.2,-0.015,0.033,-1.015,-0.08,-0.01,0.16,0
34.482,-4.1,-4.5,0.1,-0.017,0.03,-1.017,-0.08,-0.01,0.16,0
34.489,-4,-4.2,0.1,-0.018,0.025,-1.019,-0.08,-0.01,0.16,0
34.496,-3.8,-3.6,0.1,-0.019,0.021,-1.02,-0.08,-0.01,0.16,0
34.503,-3.8,-3.2,0.2,-0.021,0.021,-1.022,-0.08,-0.01,0.16,0
34.510,-3.8,-2.8,0.3,-0.023,0.02,-1.025,-0.08,-0.01,0.16,0
34.514,-3.7,-2.3,0.1,-0.024,0.02,-1.027,-0.02,0,0,0
34.518,-3.5,-2,0.4,-0.026,0.022,-1.029,-0.02,0,0,0
34.523,-3.4,-1.5,0.3,-0.029,0.024,-1.031,-0.02,0,0,0
34.527,-3.4,-1,0.3,-0.029,0.023,-1.034,-0.02,0,0,0
34.532,-3.6,-0.9,0.3,-0.03,0.024,-1.035,-0.02,0,0,0
34.536,-3.7,-0.4,0.2,-0.032,0.025,-1.034,-0.02,0,0,0
34.541,-4.2,-0.1,0.2,-0.033,0.027,-1.034,-0.02,0,0,0
34.545,-4.3,0.5,0.2,-0.031,0.029,-1.032,-0.02,0,0,0
34.550,-4.5,0.9,0.1,-0.029,0.03,-1.031,-0.02,0,0,0
34.554,-4.6,1.5,0.2,-0.028,0.03,-1.029,-0.02,0,0,0
34.559,-4.5,1.8,0.3,-0.027,0.033,-1.028,-0.02,0,0,0
34.563,-4.3,2.2,0.4,-0.025,0.035,-1.029,-0.01,0,0.16,0
34.567,-3.9,2.5,0.4,-0.026,0.037,-1.029,-0.01,0,0.16,0
34.571,-3.6,2.9,0.4,-0.026,0.038,-1.031,-0.01,0,0.16,0
34.575,-3,3.5,0.4,-0.026,0.038,-1.034,-0.01,0,0.16,0
34.579,-2.7,3.7,0.2,-0.026,0.037,-1.037,-0.01,0,0.16,0
34.584,-2.6,4.1,0,-0.026,0.036,-1.039,-0.01,0,0.16,0
34.588,-2.3,4.5,-0.1,-0.028,0.034,-1.04,-0.01,0,0.16,0
34.592,-3,4.8,-0.1,-0.027,0.031,-1.041,-0.01,0,0.16,0
34.596,-3.3,5.1,-0.1,-0.026,0.031,-1.04,-0.01,0,0.16,0
34.600,-3.9,5.4,-0.4,-0.024,0.03,-1.038,-0.01,0,0.16,0
34.607,-4.6,5.6,-0.4,-0.023,0.029,-1.037,-0.01,0.01,0.15,-0.15
34.614,-4.8,6,-0.4,-0.021,0.029,-1.033,-0.01,0.01,0.15,-0.15
34.621,-5.1,6.2,-0.5,-0.02,0.03,-1.029,-0.01,0.01,0.15,-0.15
34.628,-5.5,6.4,-0.7,-0.02,0.031,-1.024,-0.01,0.01,0.15,-0.15
34.635,-5.6,6.6,-0.7,-0.017,0.033,-1.021,-0.01,0.01,0.15,-0.15
34.642,-5.3,6.8,-0.7,-0.014,0.035,-1.018,-0.01,0.01,0.15,-0.15
34.648,-5.1,7.1,-0.8,-0.013,0.036,-1.014,-0.01,0.01,0.15,-0.15
34.653,-5.1,7.3,-0.9,-0.01,0.036,-1.013,-0.03,0,0,-0.16
34.657,-4.6,7.3,-0.8,-0.008,0.037,-1.012,-0.03,0,0,-0.16
34.661,-4.3,7.4,-0.6,-0.006,0.037,-1.01,-0.03,0,0,-0.16
34.665,-4.1,7.4,-0.4,-0.004,0.037,-1.009,-0.03,0,0,-0.16
34.669,-4,7.4,-0.3,-0.005,0.036,-1.008,-0.03,0,0,-0.16
34.673,-3.8,7.4,-0.3,-0.006,0.036,-1.007,-0.03,0,0,-0.16
34.677,-4,7.4,-0.2,-0.006,0.035,-1.006,-0.03,0,0,-0.16
34.681,-3.8,7.2,-0.3,-0.009,0.037,-1.005,-0.03,0,0,-0.16
34.685,-3.9,7.1,-0.3,-0.01,0.037,-1.004,-0.03,0,0,-0.16
34.689,-3.7,7,-0.3,-0.011,0.038,-1.003,-0.03,0,0,-0.16
34.693,-3.6,6.7,-0.4,-0.012,0.039,-1,-0.03,0,0,-0.16
34.697,-3.7,6.5,-0.4,-0.013,0.039,-0.999,-0.03,0,0,-0.16
34.702,-3.4,6,-0.6,-0.013,0.04,-0.998,-0.02,0,0,-0.16
34.707,-3.7,5.9,-0.8,-0.012,0.042,-0.996,-0.02,0,0,-0.16
34.711,-3.4,5.4,-0.9,-0.01,0.043,-0.995,-0.02,0,0,-0.16
34.716,-3.5,4.9,-1.2,-0.01,0.043,-0.996,-0.02,0,0,-0.16
34.720,-3.6,4.7,-1.5,-0.008,0.046,-0.996,-0.02,0,0,-0.16
34.725,-3.4,4.3,-1.4,-0.006,0.048,-0.998,-0.02,0,0,-0.16
34.729,-3.1,3.8,-1.4,-0.006,0.051,-0.999,-0.02,0,0,-0.16
34.734,-2.9,3.7,-1.4,-0.004,0.053,-1.002,-0.02,0,0,-0.16
34.739,-2.6,3.2,-1.4,-0.003,0.054,-1.006,-0.02,0,0,-0.16
34.743,-2.3,2.8,-1.4,-0.001,0.056,-1.008,-0.02,0,0,-0.16
34.749,-2,2.6,-1.4,-0.001,0.06,-1.011,-0.05,0,0,-0.15
34.755,-1.6,2.1,-1.4,0.001,0.06,-1.012,-0.05,0,0,-0.15
34.760,-1.5,2,-1.4,0.004,0.058,-1.012,-0.05,0,0,-0.15
34.766,-1.3,1.6,-1.4,0.004,0.056,-1.011,-0.05,0,0,-0.15
34.771,-1.1,1.3,-1.6,0.005,0.054,-1.011,-0.05,0,0,-0.15
34.777,-1.1,1.1,-1.6,0.006,0.053,-1.009,-0.05,0,0,-0.15
34.783,-1,0.7,-1.6,0.004,0.051,-1.009,-0.05,0,0,-0.15
34.788,-1.1,0.4,-1.8,0.002,0.05,-1.008,-0.05,0,0,-0.15
34.793,-0.9,0.3,-1.9,0.001,0.047,-1.007,-0.1,0,0.15,0
34.798,-0.9,-0.1,-2.1,0,0.047,-1.008,-0.1,0,0.15,0
34.802,-0.8,-0.5,-2.5,0,0.047,-1.008,-0.1,0,0.15,0
34.807,-0.6,-0.9,-2.8,0,0.048,-1.008,-0.1,0,0.15,0
34.812,-0.8,-1.4,-2.8,0,0.05,-1.009,-0.1,0,0.15,0
34.816,-0.9,-1.7,-3.2,0.001,0.052,-1.01,-0.1,0,0.15,0
34.821,-0.5,-2,-3.4,0.002,0.053,-1.012,-0.1,0,0.15,0
34.826,-0.5,-2.5,-3.3,0.002,0.055,-1.015,-0.1,0,0.15,0
34.830,-0.3,-2.9,-3.5,0,0.058,-1.017,-0.1,0,0.15,0
34.835,-0.1,-3.1,-3.5,-0.001,0.059,-1.019,-0.1,0,0.15,0
34.839,0.2,-3.5,-3.5,-0.002,0.061,-1.021,-0.14,0,0,0
34.844,0.4,-3.7,-3.5,-0.005,0.062,-1.023,-0.14,0,0,0
34.849,0.6,-4.1,-3.4,-0.008,0.062,-1.026,-0.14,0,0,0
34.853,0.7,-4.2,-3,-0.01,0.061,-1.029,-0.14,0,0,0
34.858,0.8,-4.5,-2.6,-0.011,0.059,-1.03,-0.14,0,0,0
34.862,0.7,-4.5,-2.3,-0.013,0.055,-1.03,-0.14,0,0,0
34.867,0.6,-4.5,-1.8,-0.015,0.051,-1.029,-0.14,0,0,0
34.871,0.4,-4.5,-1.6,-0.015,0.047,-1.027,-0.14,0,0,0
34.876,0.4,-4.5,-1.2,-0.015,0.044,-1.026,-0.14,0,0,0
34.880,0.3,-4.4,-0.9,-0.016,0.04,-1.022,-0.14,0,0,0
34.885,0.5,-4.2,-0.6,-0.015,0.036,-1.019,-0.14,0,0,0
34.892,0.7,-4.2,-0.4,-0.017,0.034,-1.016,-0.16,0,0,0
34.899,0.9,-4,-0.1,-0.016,0.032,-1.013,-0.16,0,0,0
34.906,1.1,-3.8,-0.1,-0.016,0.03,-1.009,-0.16,0,0,0
34.913,1.3,-3.7,0,-0.015,0.03,-1.005,-0.16,0,0,0
34.920,1.5,-3.4,0,-0.014,0.03,-1.001,-0.16,0,0,0
34.927,1.5,-3,0.3,-0.014,0.032,-0.997,-0.16,0,0,0
34.934,1.8,-3,0.6,-0.014,0.034,-0.994,-0.16,0,0,0
34.938,1.8,-2.6,0.9,-0.014,0.035,-0.991,-0.12,-0.01,0,0
34.942,1.7,-2.3,1.1,-0.013,0.038,-0.99,-0.12,-0.01,0,0
34.945,1.7,-2,1.1,-0.016,0.039,-0.989,-0.12,-0.01,0,0
34.949,1.8,-1.5,1.4,-0.017,0.042,-0.987,-0.12,-0.01,0,0
34.953,1.6,-1.1,1.5,-0.019,0.044,-0.987,-0.12,-0.01,0,0
34.956,1.6,-0.6,2.1,-0.021,0.046,-0.987,-0.12,-0.01,0,0
34.960,1.5,-0.3,2.3,-0.023,0.046,-0.987,-0.12,-0.01,0,0
34.964,1.7,0,2.8,-0.025,0.048,-0.988,-0.12,-0.01,0,0
34.967,1.6,0.4,2.9,-0.027,0.049,-0.989,-0.12,-0.01,0,0
34.971,1.8,0.7,3.1,-0.027,0.047,-0.99,-0.12,-0.01,0,0
34.975,1.6,1.2,3.6,-0.027,0.045,-0.993,-0.12,-0.01,0,0
34.982,1.6,1.5,3.7,-0.028,0.043,-0.994,-0.09,-0.02,0,0
34.989,1.5,1.9,3.7,-0.029,0.041,-0.996,-0.09,-0.02,0,0
34.996,1.7,2.4,3.7,-0.029,0.04,-0.995,-0.09,-0.02,0,0
35.003,1.5,2.4,3.8,-0.028,0.04,-0.995,-0.09,-0.02,0,0
35.010,1.9,2.8,3.8,-0.026,0.042,-0.995,-0.09,-0.02,0,0
35.017,2.1,2.9,3.7,-0.024,0.042,-0.995,-0.09,-0.02,0,0
35.024,2.5,3.2,3.6,-0.023,0.044,-0.996,-0.09,-0.02,0,0
35.028,2.8,3.4,3.6,-0.021,0.045,-0.996,-0.12,-0.02,0,0
35.033,3.3,3.4,3.6,-0.018,0.047,-0.997,-0.12,-0.02,0,0
35.037,3.6,3.4,3.2,-0.015,0.05,-0.998,-0.12,-0.02,0,0
35.041,3.9,3.3,3.3,-0.011,0.052,-0.999,-0.12,-0.02,0,0
35.046,4.2,3.2,3.5,-0.006,0.055,-1.002,-0.12,-0.02,0,0
35.050,4.8,3.2,3.6,-0.004,0.058,-1.003,-0.12,-0.02,0,0
35.054,5,3,3.4,-0.001,0.061,-1.005,-0.12,-0.02,0,0
35.059,5.1,3,3.4,0,0.063,-1.008,-0.12,-0.02,0,0
35.063,5.4,2.9,3.2,0.001,0.064,-1.013,-0.12,-0.02,0,0
35.068,5.5,2.8,3,0,0.065,-1.017,-0.12,-0.02,0,0
35.072,5.6,2.8,2.5,0,0.065,-1.019,-0.12,-0.02,0,0
35.078,5.7,2.6,2.3,0.001,0.064,-1.02,-0.11,-0.02,0,0
35.083,5.9,2.4,2.1,0,0.062,-1.02,-0.11,-0.02,0,0
35.088,5.8,2.5,2,-0.001,0.06,-1.02,-0.11,-0.02,0,0
35.094,5.8,2.5,1.9,-0.002,0.057,-1.02,-0.11,-0.02,0,0
35.099,5.9,2.1,1.7,-0.003,0.054,-1.02,-0.11,-0.02,0,0
35.105,5.7,2.1,1.7,-0.005,0.05,-1.021,-0.11,-0.02,0,0
35.110,5.9,1.9,1.7,-0.005,0.045,-1.021,-0.11,-0.02,0,0
35.116,5.7,1.6,1.8,-0.007,0.04,-1.022,-0.11,-0.02,0,0
35.121,5.5,1.4,1.9,-0.007,0.036,-1.021,-0.11,-0.02,0,0
35.125,5.4,1.1,1.8,-0.006,0.032,-1.021,-0.11,-0.01,-0.16,0
35.130,5.4,0.8,1.7,-0.006,0.03,-1.02,-0.11,-0.01,-0.16,0
35.134,5.3,0.3,1.6,-0.004,0.029,-1.018,-0.11,-0.01,-0.16,0
35.138,5.2,0.2,1.4,-0.003,0.028,-1.017,-0.11,-0.01,-0.16,0
35.142,5.3,-0.2,1.2,-0.001,0.027,-1.015,-0.11,-0.01,-0.16,0
35.147,5.4,-0.3,1.1,0.002,0.027,-1.013,-0.11,-0.01,-0.16,0
35.151,5.5,-0.8,0.8,0.004,0.027,-1.01,-0.11,-0.01,-0.16,0
35.155,5.5,-0.8,0.6,0.007,0.03,-1.009,-0.11,-0.01,-0.16,0
35.159,5.6,-1.1,0.6,0.01,0.03,-1.008,-0.11,-0.01,-0.16,0
35.164,5.5,-1.4,0.4,0.012,0.031,-1.007,-0.11,-0.01,-0.16,0
35.168,5.8,-1.6,0.3,0.012,0.033,-1.007,-0.11,-0.01,-0.16,0
35.175,5.8,-1.6,0,0.014,0.035,-1.009,-0.1,-0.01,-0.16,0
35.182,5.8,-1.7,0.1,0.013,0.035,-1.008,-0.1,-0.01,-0.16,0
35.190,5.8,-1.7,0.3,0.01,0.036,-1.007,-0.1,-0.01,-0.16,0
35.197,5.9,-1.7,0.4,0.008,0.035,-1.007,-0.1,-0.01,-0.16,0
35.204,5.7,-1.5,0.6,0.004,0.035,-1.007,-0.1,-0.01,-0.16,0
35.211,5.6,-1.5,1.1,0.001,0.031,-1.006,-0.1,-0.01,-0.16,0
35.216,5.3,-1.6,1.5,-0.001,0.028,-1.007,-0.15,-0.01,0,0
35.220,5,-1.6,2,-0.005,0.026,-1.006,-0.15,-0.01,0,0
35.224,4.6,-1.5,2.3,-0.007,0.023,-1.007,-0.15,-0.01,0,0
35.228,4.5,-1.5,2.5,-0.01,0.021,-1.008,-0.15,-0.01,0,0
35.233,4.2,-1.6,2.9,-0.012,0.019,-1.007,-0.15,-0.01,0,0
35.237,4.4,-1.7,2.9,-0.012,0.019,-1.007,-0.15,-0.01,0,0
35.241,4.2,-1.7,3,-0.012,0.02,-1.006,-0.15,-0.01,0,0
35.246,4.3,-1.9,3.1,-0.009,0.019,-1.005,-0.15,-0.01,0,0
35.250,4.4,-1.9,3.2,-0.005,0.022,-1.004,-0.15,-0.01,0,0
35.254,4.5,-1.9,3.1,-0.002,0.024,-1.003,-0.15,-0.01,0,0
35.258,4.8,-2.1,2.9,0,0.028,-1.002,-0.15,-0.01,0,0
35.265,5.1,-2,2.8,0.004,0.031,-1.002,-0.15,-0.01,0,0.16
35.271,5.1,-2,2.7,0.007,0.034,-1.004,-0.15,-0.01,0,0.16
35.277,5.1,-2,2.8,0.011,0.04,-1.007,-0.15,-0.01,0,0.16
35.283,5.3,-1.9,2.3,0.013,0.043,-1.01,-0.15,-0.01,0,0.16
35.290,5.2,-1.9,2,0.013,0.045,-1.013,-0.15,-0.01,0,0.16
35.296,5.4,-1.7,2.1,0.013,0.048,-1.016,-0.15,-0.01,0,0.16
35.302,5.3,-1.8,2.3,0.012,0.049,-1.018,-0.15,-0.01,0,0.16
35.308,5.2,-1.6,2.5,0.01,0.049,-1.02,-0.15,-0.01,0,0.16
35.312,5.1,-1.4,2.7,0.007,0.05,-1.02,-0.2,0,-0.16,0
35.316,4.9,-1.4,3,0.004,0.048,-1.021,-0.2,0,-0.16,0
35.320,4.7,-1.1,3.2,0,0.046,-1.021,-0.2,0,-0.16,0
35.324,4.7,-1.2,3.6,-0.003,0.042,-1.022,-0.2,0,-0.16,0
35.328,4.5,-1.1,3.6,-0.006,0.038,-1.022,-0.2,0,-0.16,0
35.331,4.6,-0.9,3.8,-0.007,0.034,-1.023,-0.2,0,-0.16,0
35.335,4.4,-1,4,-0.008,0.032,-1.024,-0.2,0,-0.16,0
35.339,4.6,-1.1,4,-0.009,0.031,-1.025,-0.2,0,-0.16,0
35.343,5,-0.8,4.2,-0.009,0.031,-1.027,-0.2,0,-0.16,0
35.347,5.5,-0.8,4.1,-0.011,0.031,-1.027,-0.2,0,-0.16,0
35.351,5.8,-0.6,4,-0.01,0.031,-1.026,-0.2,0,-0.16,0
35.356,6,-0.6,3.9,-0.009,0.032,-1.026,-0.21,0,-0.15,0
35.361,6.2,-0.4,3.9,-0.01,0.032,-1.025,-0.21,0,-0.15,0
35.367,6.2,-0.1,3.6,-0.01,0.032,-1.024,-0.21,0,-0.15,0
35.372,6,-0.1,3.2,-0.01,0.032,-1.023,-0.21,0,-0.15,0
35.378,5.4,0,3.2,-0.009,0.034,-1.02,-0.21,0,-0.15,0
35.383,5,0.1,3,-0.009,0.036,-1.016,-0.21,0,-0.15,0
35.388,4.6,0.3,2.9,-0.008,0.037,-1.013,-0.21,0,-0.15,0
35.394,4.2,0.5,3.1,-0.009,0.039,-1.009,-0.21,0,-0.15,0
35.399,3.7,0.8,3.2,-0.008,0.04,-1.006,-0.21,0,-0.15,0
35.404,3.5,1.3,3.4,-0.007,0.039,-1.002,-0.19,0,0,-0.16
35.410,3.1,1.5,3.5,-0.008,0.04,-0.999,-0.19,0,0,-0.16
35.415,3,1.7,3.7,-0.008,0.041,-0.995,-0.19,0,0,-0.16
35.421,2.7,2.2,3.9,-0.009,0.041,-0.994,-0.19,0,0,-0.16
35.426,2.6,2.4,4.2,-0.009,0.041,-0.992,-0.19,0,0,-0.16
35.431,2.4,2.6,4.3,-0.009,0.041,-0.991,-0.19,0,0,-0.16
35.437,2.1,3.1,4.7,-0.008,0.04,-0.991,-0.19,0,0,-0.16
35.442,2,3.5,4.5,-0.009,0.041,-0.992,-0.19,0,0,-0.16
35.448,1.8,3.5,4.6,-0.008,0.042,-0.994,-0.19,0,0,-0.16
35.453,1.5,3.8,4.3,-0.008,0.042,-0.999,-0.19,0,0,0
35.458,1.2,3.9,4,-0.007,0.045,-1.004,-0.19,0,0,0
35.464,1,4,3.8,-0.008,0.047,-1.01,-0.19,0,0,0
35.469,0.8,4,3.6,-0.008,0.05,-1.015,-0.19,0,0,0
35.475,0.9,4.1,3.6,-0.008,0.055,-1.021,-0.19,0,0,0
35.480,1,4.1,3.2,-0.007,0.06,-1.026,-0.19,0,0,0
35.485,1,4.3,2.9,-0.004,0.063,-1.03,-0.19,0,0,0
35.491,1,4.1,2.8,-0.001,0.068,-1.033,-0.19,0,0,0
35.496,1,4.1,2.8,0.002,0.071,-1.034,-0.19,0,0,0
35.500,0.8,4,2.6,0.004,0.074,-1.034,-0.17,0,0,-0.16
35.504,0.8,4,2.6,0.007,0.077,-1.032,-0.17,0,0,-0.16
35.507,0.7,3.7,2.3,0.009,0.078,-1.027,-0.17,0,0,-0.16
35.511,0.7,3.8,2.3,0.012,0.081,-1.022,-0.17,0,0,-0.16
35.515,0.9,3.7,2,0.015,0.084,-1.016,-0.17,0,0,-0.16
35.518,1.3,3.8,1.8,0.017,0.087,-1.008,-0.17,0,0,-0.16
35.522,1.8,3.6,1.4,0.019,0.088,-1.001,-0.17,0,0,-0.16
35.526,2.4,3.5,1,0.022,0.088,-0.996,-0.17,0,0,-0.16
35.530,2.8,3.5,0.7,0.023,0.089,-0.991,-0.17,0,0,-0.16
35.533,3.4,3.5,0.1,0.022,0.087,-0.989,-0.17,0,0,-0.16
35.537,3.5,3.4,-0.1,0.022,0.084,-0.988,-0.17,0,0,-0.16
35.541,3.7,3.4,-0.7,0.021,0.082,-0.99,-0.17,0,0,-0.16
35.544,3.8,3.1,-1.2,0.021,0.08,-0.995,-0.17,0,0,-0.16
35.555,4,3,-1.7,0.021,0.078,-0.999,-0.15,0,0,0
35.566,4,2.8,-1.8,0.021,0.077,-1.004,-0.15,0,0,0
35.576,3.8,2.4,-2.3,0.019,0.075,-1.008,-0.15,0,0,0
35.587,3.5,2.3,-2.6,0.019,0.072,-1.013,-0.15,0,0,0
35.592,3.2,1.8,-3,0.019,0.069,-1.016,-0.13,0,0,-0.15
35.596,2.8,1.6,-3.6,0.021,0.065,-1.018,-0.13,0,0,-0.15
35.601,2.1,1.2,-3.9,0.021,0.062,-1.019,-0.13,0,0,-0.15
35.606,1.8,0.8,-4.2,0.021,0.059,-1.018,-0.13,0,0,-0.15
35.611,1.3,0.7,-4.4,0.021,0.058,-1.017,-0.13,0,0,-0.15
35.616,1.3,0.2,-4.8,0.019,0.059,-1.017,-0.13,0,0,-0.15
35.620,1.3,0,-5.3,0.019,0.063,-1.016,-0.13,0,0,-0.15
35.625,1.7,-0.3,-5.6,0.017,0.067,-1.017,-0.13,0,0,-0.15
35.630,2.1,-0.7,-5.7,0.015,0.071,-1.019,-0.13,0,0,-0.15
35.635,2.7,-0.9,-5.9,0.013,0.077,-1.021,-0.13,0,0,-0.15
35.639,3.2,-1.2,-6.2,0.012,0.084,-1.021,-0.13,0,0.15,0
35.643,3.7,-1.6,-6.2,0.012,0.088,-1.022,-0.13,0,0.15,0
35.647,4.1,-1.7,-6.1,0.012,0.092,-1.022,-0.13,0,0.15,0
35.651,4.4,-1.9,-6.1,0.01,0.099,-1.021,-0.13,0,0.15,0
35.655,4.5,-1.8,-6,0.008,0.103,-1.02,-0.13,0,0.15,0
35.659,4.5,-2,-5.9,0.007,0.106,-1.016,-0.13,0,0.15,0
35.663,4.6,-2.1,-6.2,0.004,0.111,-1.014,-0.13,0,0.15,0
35.667,4.3,-2.1,-5.9,0.002,0.114,-1.011,-0.13,0,0.15,0
35.671,4.1,-1.8,-5.9,0,0.114,-1.008,-0.13,0,0.15,0
35.675,3.8,-1.6,-5.8,0,0.113,-1.008,-0.13,0,0.15,0
35.679,3.6,-1.5,-5.4,-0.001,0.112,-1.007,-0.13,0,0.15,0
35.683,3.2,-1.4,-5.4,-0.002,0.111,-1.008,-0.13,0,0.15,0
35.687,2.9,-1.4,-5.1,-0.004,0.11,-1.009,-0.11,0,0.16,0
35.692,2.6,-1.3,-5,-0.005,0.109,-1.011,-0.11,0,0.16,0
35.696,2.4,-1.2,-5.1,-0.007,0.107,-1.014,-0.11,0,0.16,0
35.701,2.4,-1.2,-5.1,-0.008,0.109,-1.018,-0.11,0,0.16,0
35.706,2.4,-1.2,-5.3,-0.009,0.109,-1.024,-0.11,0,0.16,0
35.710,2.9,-1.2,-5.4,-0.008,0.111,-1.029,-0.11,0,0.16,0
35.715,2.8,-1.1,-5.7,-0.01,0.112,-1.035,-0.11,0,0.16,0
35.719,2.9,-1,-5.9,-0.012,0.112,-1.041,-0.11,0,0.16,0
35.724,3.1,-1.2,-6.2,-0.015,0.113,-1.046,-0.11,0,0.16,0
35.728,3.2,-1.1,-6.7,-0.02,0.116,-1.047,-0.11,0,0.16,0
35.735,3.5,-0.9,-7.3,-0.024,0.118,-1.046,-0.12,0.01,0.16,0
35.741,3.8,-0.7,-7.9,-0.027,0.122,-1.043,-0.12,0.01,0.16,0
35.748,3.9,-0.6,-8.5,-0.029,0.126,-1.037,-0.12,0.01,0.16,0
35.755,4,-0.1,-8.7,-0.03,0.127,-1.03,-0.12,0.01,0.16,0
35.761,3.8,0.3,-9.3,-0.029,0.131,-1.022,-0.12,0.01,0.16,0
35.768,3.5,0.8,-9.5,-0.028,0.131,-1.013,-0.12,0.01,0.16,0
35.774,2.9,1.4,-9.7,-0.028,0.131,-1.004,-0.12,0.01,0.16,0
35.779,2.4,2.1,-9.8,-0.029,0.133,-0.996,-0.12,0,0.16,0
35.783,1.5,2.7,-10.1,-0.029,0.132,-0.988,-0.12,0,0.16,0
35.787,1.1,3.5,-10.4,-0.026,0.134,-0.979,-0.12,0,0.16,0
35.791,0.6,4.1,-10.6,-0.023,0.136,-0.971,-0.12,0,0.16,0
35.795,0.1,4.6,-10.9,-0.02,0.136,-0.963,-0.12,0,0.16,0
35.799,0,5.2,-11.2,-0.018,0.135,-0.957,-0.12,0,0.16,0
35.803,-0.1,5.9,-11.8,-0.019,0.135,-0.954,-0.12,0,0.16,0
35.807,-0.3,6.2,-12.2,-0.019,0.134,-0.954,-0.12,0,0.16,0
35.811,-0.5,6.5,-12.9,-0.021,0.132,-0.956,-0.12,0,0.16,0
35.815,-0.6,6.7,-13.8,-0.024,0.131,-0.961,-0.12,0,0.16,0
35.819,-0.6,6.8,-14.2,-0.026,0.131,-0.967,-0.12,0,0.16,0
35.824,-0.5,6.7,-14.9,-0.03,0.131,-0.974,-0.16,0,0.63,-0.15
35.829,-0.6,6.5,-15.6,-0.036,0.134,-0.982,-0.16,0,0.63,-0.15
35.834,-0.6,6.3,-15.9,-0.041,0.136,-0.993,-0.16,0,0.63,-0.15
35.838,-0.7,5.9,-16.1,-0.043,0.135,-1.004,-0.16,0,0.63,-0.15
35.843,-1.1,5.4,-16.2,-0.045,0.134,-1.014,-0.16,0,0.63,-0.15
35.848,-1.5,5,-16.4,-0.047,0.131,-1.024,-0.16,0,0.63,-0.15
35.852,-2,4.6,-16.4,-0.048,0.125,-1.031,-0.16,0,0.63,-0.15
35.857,-2.8,4.2,-16.7,-0.048,0.121,-1.033,-0.16,0,0.63,-0.15
35.862,-3.4,3.7,-16.8,-0.048,0.117,-1.034,-0.16,0,0.63,-0.15
35.867,-4,3.3,-17.2,-0.045,0.111,-1.03,-0.16,0,0.63,-0.15
35.871,-4.9,3,-17.5,-0.04,0.106,-1.023,-0.16,0,0.63,-0.15
35.877,-5.5,3.2,-17.6,-0.033,0.1,-1.015,-0.13,0,0.47,0
35.883,-6.2,3.1,-18,-0.027,0.094,-1.005,-0.13,0,0.47,0
35.889,-6.9,2.9,-18.4,-0.022,0.089,-0.997,-0.13,0,0.47,0
35.895,-7.6,3,-18.6,-0.019,0.085,-0.992,-0.13,0,0.47,0
35.901,-8.3,2.9,-19.1,-0.018,0.08,-0.995,-0.13,0,0.47,0
35.907,-8.9,2.8,-19.3,-0.02,0.076,-1.001,-0.13,0,0.47,0
35.913,-9.3,2.5,-19.5,-0.021,0.074,-1.013,-0.13,0,0.47,0
35.918,-9.4,2.1,-19.7,-0.026,0.075,-1.029,-0.05,0.02,0.95,0
35.922,-9.3,1.7,-19.7,-0.031,0.078,-1.048,-0.05,0.02,0.95,0
35.927,-9,0.9,-19.5,-0.034,0.08,-1.068,-0.05,0.02,0.95,0
35.931,-8.6,0,-19.2,-0.037,0.085,-1.084,-0.05,0.02,0.95,0
35.935,-8.3,-0.8,-18.6,-0.039,0.087,-1.095,-0.05,0.02,0.95,0
35.940,-8.1,-1.9,-17.7,-0.04,0.088,-1.1,-0.05,0.02,0.95,0
35.944,-8.1,-2.7,-16.5,-0.042,0.088,-1.097,-0.05,0.02,0.95,0
35.949,-8.3,-3.6,-15,-0.038,0.087,-1.085,-0.05,0.02,0.95,0
35.953,-8.9,-4.2,-13.6,-0.033,0.088,-1.068,-0.05,0.02,0.95,0
35.957,-9.6,-4.7,-11.9,-0.026,0.088,-1.046,-0.05,0.02,0.95,0
35.962,-10.3,-5,-10.3,-0.014,0.089,-1.024,-0.05,0.02,0.95,0
35.969,-10.9,-5.1,-8.9,0,0.09,-1,-0.03,0.01,0.47,0
35.975,-11.3,-4.9,-7.5,0.016,0.092,-0.981,-0.03,0.01,0.47,0
35.982,-11.6,-4.5,-6.4,0.031,0.092,-0.966,-0.03,0.01,0.47,0
35.989,-11.7,-3.9,-5.6,0.046,0.094,-0.957,-0.03,0.01,0.47,0
35.996,-11.6,-3.3,-4.6,0.061,0.094,-0.954,-0.03,0.01,0.47,0
36.003,-11,-2.7,-4.2,0.073,0.095,-0.958,-0.03,0.01,0.47,0
36.010,-10.4,-1.9,-3.9,0.084,0.098,-0.968,-0.03,0.01,0.47,0
36.014,-9,-1.4,-3.7,0.093,0.102,-0.981,-0.08,0.01,1.09,0
36.019,-7.5,-0.8,-3.7,0.099,0.102,-0.998,-0.08,0.01,1.09,0
36.023,-5.8,-0.6,-3.9,0.1,0.1,-1.017,-0.08,0.01,1.09,0
36.028,-4.5,-0.3,-4,0.096,0.095,-1.036,-0.08,0.01,1.09,0
36.032,-3.2,-0.2,-3.7,0.091,0.088,-1.051,-0.08,0.01,1.09,0
36.037,-2,-0.6,-3.7,0.083,0.081,-1.063,-0.08,0.01,1.09,0
36.041,-1.1,-0.8,-3.3,0.073,0.07,-1.069,-0.08,0.01,1.09,0
36.046,-0.8,-1.2,-3.1,0.062,0.06,-1.071,-0.08,0.01,1.09,0
36.050,-0.1,-1.9,-2.8,0.051,0.052,-1.069,-0.08,0.01,1.09,0
36.055,0,-2.5,-2.5,0.037,0.043,-1.063,-0.08,0.01,1.09,0
36.059,0,-3.3,-2.3,0.027,0.037,-1.056,-0.08,0.01,1.09,0
36.065,0,-4.1,-2,0.02,0.031,-1.052,-0.14,0.03,0.92,0.15
36.070,0.2,-4.8,-1.9,0.016,0.026,-1.046,-0.14,0.03,0.92,0.15
36.075,0.5,-5.5,-2,0.015,0.024,-1.044,-0.14,0.03,0.92,0.15
36.081,0.7,-6.2,-1.8,0.014,0.024,-1.043,-0.14,0.03,0.92,0.15
36.086,0.9,-6.9,-1.7,0.016,0.023,-1.041,-0.14,0.03,0.92,0.15
36.092,1.5,-7.7,-1.6,0.017,0.023,-1.039,-0.14,0.03,0.92,0.15
36.097,2.1,-8.3,-1.4,0.019,0.024,-1.037,-0.14,0.03,0.92,0.15
36.102,2.4,-8.8,-1,0.022,0.027,-1.033,-0.14,0.03,0.92,0.15
36.108,3,-9.1,-0.8,0.024,0.029,-1.028,-0.14,0.03,0.92,0.15
36.113,3.2,-9.5,-0.4,0.025,0.027,-1.023,-0.16,0.02,0.78,0.15
36.118,3.4,-9.9,0.1,0.029,0.025,-1.016,-0.16,0.02,0.78,0.15
36.123,3.3,-10.2,0.6,0.032,0.021,-1.011,-0.16,0.02,0.78,0.15
36.128,3,-10.3,1.1,0.036,0.019,-1.003,-0.16,0.02,0.78,0.15
36.134,2.5,-10.5,1.7,0.041,0.015,-0.998,-0.16,0.02,0.78,0.15
36.139,2.3,-10.5,2.3,0.047,0.012,-0.992,-0.16,0.02,0.78,0.15
36.144,1.9,-10.3,2.8,0.052,0.01,-0.987,-0.16,0.02,0.78,0.15
36.149,1.8,-10.1,3,0.055,0.009,-0.984,-0.16,0.02,0.78,0.15
36.156,1.7,-9.9,3.2,0.056,0.007,-0.984,-0.19,0.01,0.32,0.16
36.163,1.5,-9.5,3.6,0.055,0.005,-0.985,-0.19,0.01,0.32,0.16
36.169,1.3,-9.2,3.5,0.053,0.004,-0.985,-0.19,0.01,0.32,0.16
36.176,0.5,-8.9,3.2,0.048,0.001,-0.989,-0.19,0.01,0.32,0.16
36.183,-0.1,-8.6,3.4,0.043,-0.001,-0.993,-0.19,0.01,0.32,0.16
36.190,-1.2,-8.1,3.4,0.036,-0.004,-0.995,-0.19,0.01,0.32,0.16
36.197,-2.5,-7.7,3.6,0.025,-0.005,-0.999,-0.19,0.01,0.32,0.16
36.200,-3.7,-7.4,4.2,0.017,-0.003,-1.002,-0.13,0.01,0.63,0
36.204,-5.1,-7.2,4.8,0.009,-0.002,-1.006,-0.13,0.01,0.63,0
36.207,-6.2,-6.9,5.9,0,0,-1.011,-0.13,0.01,0.63,0
36.210,-7.1,-6.9,6.9,-0.009,0.002,-1.013,-0.13,0.01,0.63,0
36.214,-8,-6.6,7.9,-0.018,0.004,-1.013,-0.13,0.01,0.63,0
36.217,-8.3,-6.4,9,-0.027,0.007,-1.014,-0.13,0.01,0.63,0
36.221,-8.7,-6.2,9.8,-0.037,0.008,-1.014,-0.13,0.01,0.63,0
36.224,-8.7,-6.1,10.7,-0.046,0.008,-1.013,-0.13,0.01,0.63,0
36.227,-8.6,-5.9,11.4,-0.053,0.01,-1.01,-0.13,0.01,0.63,0
36.231,-8.6,-5.7,12,-0.057,0.011,-1.004,-0.13,0.01,0.63,0
36.234,-7.9,-5.3,12.6,-0.063,0.014,-1,-0.13,0.01,0.63,0
36.238,-7.5,-5,13.1,-0.065,0.016,-0.996,-0.13,0.01,0.63,0
36.241,-6.7,-4.5,13.7,-0.066,0.019,-0.992,-0.13,0.01,0.63,0
36.244,-5.9,-4.2,13.7,-0.066,0.02,-0.985,-0.13,0.01,0.63,0
36.249,-5,-3.5,13.9,-0.063,0.021,-0.978,-0.13,-0.01,0.48,0
36.253,-4.3,-3.1,14.1,-0.059,0.022,-0.973,-0.13,-0.01,0.48,0
36.257,-3.4,-2.3,14.1,-0.051,0.026,-0.968,-0.13,-0.01,0.48,0
36.261,-2.4,-1.4,14,-0.039,0.03,-0.963,-0.13,-0.01,0.48,0
36.265,-1.3,-0.8,14,-0.029,0.034,-0.957,-0.13,-0.01,0.48,0
36.269,-0.3,0.2,13.7,-0.017,0.039,-0.953,-0.13,-0.01,0.48,0
36.273,0.4,1.1,13.8,-0.006,0.045,-0.95,-0.13,-0.01,0.48,0
36.277,1.4,2.3,14.2,0.004,0.049,-0.947,-0.13,-0.01,0.48,0
36.281,2.3,3.4,14.5,0.011,0.054,-0.945,-0.13,-0.01,0.48,0
36.285,3,4.5,15.1,0.016,0.058,-0.945,-0.13,-0.01,0.48,0
36.289,3.4,5.6,15.6,0.016,0.061,-0.945,-0.13,-0.01,0.48,0
36.296,3.5,6.6,16.1,0.014,0.064,-0.948,-0.12,-0.03,0.47,-0.15
36.302,3.5,7.7,17,0.009,0.064,-0.954,-0.12,-0.03,0.47,-0.15
36.309,3.3,8.9,17.5,0,0.063,-0.961,-0.12,-0.03,0.47,-0.15
36.316,3.1,9.5,17.8,-0.012,0.062,-0.973,-0.12,-0.03,0.47,-0.15
36.323,2.8,10.3,18.3,-0.027,0.059,-0.986,-0.12,-0.03,0.47,-0.15
36.330,2.9,10.8,18.5,-0.043,0.055,-1.003,-0.12,-0.03,0.47,-0.15
36.336,3.4,11.2,18.4,-0.059,0.051,-1.021,-0.12,-0.03,0.47,-0.15
36.342,4.2,11.1,18.6,-0.07,0.049,-1.043,-0.09,0,0.95,-0.31
36.348,5.1,11.4,18.9,-0.078,0.046,-1.065,-0.09,0,0.95,-0.31
36.354,5.9,11.5,18.8,-0.083,0.039,-1.085,-0.09,0,0.95,-0.31
36.360,6.6,11.1,18.6,-0.088,0.03,-1.101,-0.09,0,0.95,-0.31
36.366,6.7,11.1,18.4,-0.091,0.02,-1.112,-0.09,0,0.95,-0.31
36.373,6.2,11,18,-0.09,0.008,-1.115,-0.09,0,0.95,-0.31
36.379,5.3,10.7,17.6,-0.087,-0.001,-1.11,-0.09,0,0.95,-0.31
36.385,4.1,10.7,17.2,-0.082,-0.01,-1.097,-0.09,0,0.95,-0.31
36.389,2.8,10.7,16.5,-0.072,-0.016,-1.078,-0.04,0,0.47,-0.15
36.394,1.7,10.9,15.8,-0.059,-0.016,-1.054,-0.04,0,0.47,-0.15
36.399,0.7,11.5,14.8,-0.046,-0.012,-1.031,-0.04,0,0.47,-0.15
36.404,0.6,12,14,-0.033,-0.006,-1.009,-0.04,0,0.47,-0.15
36.409,0.6,12.6,13,-0.018,0.002,-0.991,-0.04,0,0.47,-0.15
36.414,1.2,13.4,11.8,-0.006,0.013,-0.979,-0.04,0,0.47,-0.15
36.419,2.3,14,10.6,0.002,0.027,-0.975,-0.04,0,0.47,-0.15
36.424,3.8,14.8,9.7,0.008,0.038,-0.976,-0.04,0,0.47,-0.15
36.428,5.4,15.3,8.7,0.012,0.052,-0.983,-0.04,0,0.47,-0.15
36.433,6.8,15.8,7.8,0.014,0.063,-0.995,-0.04,0,0.47,-0.15
36.439,8.3,16,7.1,0.014,0.072,-1.01,-0.01,0,0.47,-0.31
36.445,9.5,16.2,6.6,0.011,0.077,-1.024,-0.01,0,0.47,-0.31
36.452,10.3,16,6.4,0.007,0.079,-1.034,-0.01,0,0.47,-0.31
36.458,10.7,15.6,6.4,0.001,0.075,-1.041,-0.01,0,0.47,-0.31
36.464,10.6,15,6.9,-0.005,0.071,-1.045,-0.01,0,0.47,-0.31
36.470,10.6,14.2,7.5,-0.01,0.063,-1.045,-0.01,0,0.47,-0.31
36.476,10.1,13.4,7.9,-0.013,0.054,-1.041,-0.01,0,0.47,-0.31
36.482,9.6,12,8.4,-0.015,0.045,-1.036,-0.01,0,0.47,-0.31
36.486,9.4,10.9,8.8,-0.014,0.037,-1.031,0,0,0.31,-0.15
36.490,9.4,9.3,9.1,-0.01,0.03,-1.026,0,0,0.31,-0.15
36.495,9.5,8.1,9.1,-0.006,0.025,-1.022,0,0,0.31,-0.15
36.499,10.4,6.6,9.1,0.001,0.026,-1.02,0,0,0.31,-0.15
36.503,11.1,5.2,8.9,0.011,0.026,-1.02,0,0,0.31,-0.15
36.507,12.2,3.7,8.5,0.02,0.029,-1.021,0,0,0.31,-0.15
36.511,13.3,2.5,8,0.029,0.034,-1.024,0,0,0.31,-0.15
36.516,13.8,1.3,7.8,0.04,0.039,-1.028,0,0,0.31,-0.15
36.520,14.2,0.2,7.3,0.052,0.044,-1.03,0,0,0.31,-0.15
36.524,14,-0.9,7.3,0.06,0.047,-1.033,0,0,0.31,-0.15
36.530,13.6,-1.7,7.5,0.07,0.05,-1.032,-0.01,0,0.47,0
36.536,12.8,-2.5,7.6,0.078,0.05,-1.032,-0.01,0,0.47,0
36.542,11.7,-3.1,7.8,0.084,0.049,-1.03,-0.01,0,0.47,0
36.548,10.3,-3.7,8.2,0.086,0.046,-1.027,-0.01,0,0.47,0
36.554,9.1,-4.2,8.3,0.088,0.04,-1.022,-0.01,0,0.47,0
36.561,7.6,-4.6,8.3,0.086,0.033,-1.015,-0.01,0,0.47,0
36.567,6.4,-4.9,8,0.084,0.025,-1.006,-0.01,0,0.47,0
36.573,4.9,-5.2,7.9,0.081,0.015,-0.994,-0.01,0,0.47,0
36.578,3.3,-5.4,7.6,0.078,0.005,-0.983,0,-0.02,1.09,0
36.582,1.8,-5.6,7.2,0.074,-0.005,-0.972,0,-0.02,1.09,0
36.587,0.3,-5.8,6.8,0.069,-0.016,-0.962,0,-0.02,1.09,0
36.592,-1.2,-5.8,6.2,0.063,-0.025,-0.952,0,-0.02,1.09,0
36.597,-3,-5.8,5.9,0.057,-0.032,-0.944,0,-0.02,1.09,0
36.602,-4.5,-5.9,5.5,0.05,-0.037,-0.94,0,-0.02,1.09,0
36.607,-5.8,-5.8,4.9,0.041,-0.039,-0.936,0,-0.02,1.09,0
36.612,-7.1,-5.7,4.2,0.03,-0.039,-0.936,0,-0.02,1.09,0
36.617,-8.1,-5.7,3.6,0.019,-0.037,-0.937,0,-0.02,1.09,0
36.621,-9.1,-5.6,3.2,0.008,-0.034,-0.941,0,-0.02,1.09,0
36.625,-9.6,-5.5,2.6,-0.001,-0.029,-0.946,0,-0.05,0.63,0
36.629,-10,-5.5,2.1,-0.009,-0.023,-0.952,0,-0.05,0.63,0
36.632,-10,-5.5,1.6,-0.014,-0.016,-0.958,0,-0.05,0.63,0
36.636,-9.9,-5.3,1,-0.016,-0.007,-0.963,0,-0.05,0.63,0
36.640,-9.7,-5.2,0.9,-0.017,0.001,-0.967,0,-0.05,0.63,0
36.643,-9,-5,0.7,-0.012,0.01,-0.97,0,-0.05,0.63,0
36.647,-8.6,-4.7,0.6,-0.007,0.018,-0.972,0,-0.05,0.63,0
36.651,-7.9,-4.2,0.4,-0.002,0.026,-0.974,0,-0.05,0.63,0
36.654,-7.2,-3.7,0.2,0.002,0.031,-0.976,0,-0.05,0.63,0
36.658,-6.7,-3.3,-0.2,0.004,0.034,-0.979,0,-0.05,0.63,0
36.661,-6.3,-2.8,-0.6,0.004,0.036,-0.981,0,-0.05,0.63,0
36.665,-6.2,-2.3,-0.9,0.003,0.033,-0.984,0,-0.05,0.63,0
36.669,-6.4,-1.7,-1.1,0.001,0.029,-0.989,0,-0.05,0.63,0
36.677,-6.7,-1.1,-1.2,0,0.022,-0.997,0,-0.05,1.25,0
36.686,-7.6,-0.6,-1.4,-0.001,0.016,-1.006,0,-0.05,1.25,0
36.694,-8.4,-0.1,-1.7,-0.001,0.01,-1.016,0,-0.05,1.25,0
36.703,-9.2,0.4,-1.9,0,0.002,-1.029,0,-0.05,1.25,0
36.712,-9.8,1,-2.1,0.002,-0.003,-1.041,0,-0.05,1.25,0
36.716,-10.5,1.8,-2.3,0.004,-0.008,-1.05,0.03,-0.02,0.77,0
36.720,-11.4,2.4,-2.6,0.004,-0.016,-1.06,0.03,-0.02,0.77,0
36.724,-11.9,3,-3.1,0.001,-0.026,-1.068,0.03,-0.02,0.77,0
36.729,-12.4,3.4,-3.7,-0.004,-0.037,-1.074,0.03,-0.02,0.77,0
36.733,-13,3.7,-4.5,-0.016,-0.049,-1.08,0.03,-0.02,0.77,0
36.737,-13.9,3.7,-5.4,-0.031,-0.06,-1.085,0.03,-0.02,0.77,0
36.742,-14.8,3.6,-6.1,-0.047,-0.07,-1.089,0.03,-0.02,0.77,0
36.746,-15.5,2.9,-6.8,-0.06,-0.076,-1.095,0.03,-0.02,0.77,0
36.750,-16.4,2.1,-7.5,-0.071,-0.078,-1.103,0.03,-0.02,0.77,0
36.755,-17.3,1,-8.2,-0.08,-0.078,-1.114,0.03,-0.02,0.77,0
36.759,-18,-0.1,-8.7,-0.083,-0.074,-1.124,0.03,-0.02,0.77,0
36.763,-18.5,-1.6,-9.2,-0.084,-0.065,-1.133,0.02,0.01,0.62,0
36.767,-18.6,-3,-9.8,-0.08,-0.053,-1.137,0.02,0.01,0.62,0
36.772,-18.2,-4.4,-10.1,-0.072,-0.035,-1.137,0.02,0.01,0.62,0
36.776,-17.5,-5.6,-10.6,-0.06,-0.014,-1.132,0.02,0.01,0.62,0
36.780,-16.6,-6.6,-10.8,-0.044,0.008,-1.122,0.02,0.01,0.62,0
36.784,-15.7,-7.2,-10.9,-0.026,0.029,-1.107,0.02,0.01,0.62,0
36.788,-15.2,-7.4,-11.1,-0.009,0.043,-1.088,0.02,0.01,0.62,0
36.792,-14.8,-7.3,-11.1,0.008,0.055,-1.067,0.02,0.01,0.62,0
36.797,-14.9,-6.9,-11,0.023,0.065,-1.046,0.02,0.01,0.62,0
36.801,-15.2,-6.4,-10.8,0.032,0.072,-1.026,0.02,0.01,0.62,0
36.805,-15.5,-5.6,-10.8,0.038,0.077,-1.009,0.02,0.01,0.62,0
36.809,-15.4,-5,-10.7,0.04,0.081,-0.997,0,0.02,0.62,0
36.813,-15.1,-4.2,-10.4,0.037,0.083,-0.993,0,0.02,0.62,0
36.818,-14.3,-3.5,-10.3,0.031,0.082,-0.993,0,0.02,0.62,0
36.822,-13.4,-3.1,-10,0.023,0.078,-0.999,0,0.02,0.62,0
36.826,-12.2,-2.8,-9.5,0.013,0.073,-1.011,0,0.02,0.62,0
36.830,-11,-2.6,-9.1,0.004,0.065,-1.026,0,0.02,0.62,0
36.834,-9.9,-2.9,-8.4,-0.004,0.055,-1.041,0,0.02,0.62,0
36.838,-8.7,-3.2,-7.8,-0.013,0.041,-1.056,0,0.02,0.62,0
36.843,-8,-3.6,-7.3,-0.024,0.028,-1.069,0,0.02,0.62,0
36.847,-7.4,-4.2,-6.6,-0.033,0.016,-1.077,0,0.02,0.62,0
36.851,-6.9,-4.7,-6,-0.04,0.005,-1.082,0,0.02,0.62,0
36.858,-6.3,-5.5,-5.6,-0.045,-0.002,-1.081,0.01,0.03,0.62,0
36.865,-5.9,-6.3,-5.3,-0.046,-0.009,-1.076,0.01,0.03,0.62,0
36.872,-5,-6.7,-5.1,-0.045,-0.013,-1.066,0.01,0.03,0.62,0
36.879,-4.3,-7.2,-4.8,-0.04,-0.018,-1.053,0.01,0.03,0.62,0
36.885,-3.4,-7.5,-4.5,-0.031,-0.021,-1.039,0.01,0.03,0.62,0
36.892,-2.3,-7.8,-4.4,-0.022,-0.023,-1.025,0.01,0.03,0.62,0
36.899,-1.5,-7.7,-4.3,-0.011,-0.024,-1.012,0.01,0.03,0.62,0
36.904,-0.6,-7.6,-4.3,-0.003,-0.023,-1.002,0,0.02,0.47,0
36.908,0.5,-7.3,-4.5,0.005,-0.021,-0.995,0,0.02,0.47,0
36.912,1.5,-6.9,-4.6,0.012,-0.019,-0.991,0,0.02,0.47,0
36.917,3.1,-6.6,-4.6,0.02,-0.013,-0.989,0,0.02,0.47,0
36.921,4.5,-6,-4.5,0.025,-0.009,-0.99,0,0.02,0.47,0
36.926,5.9,-5.6,-4.2,0.03,-0.006,-0.993,0,0.02,0.47,0
36.930,7.3,-5,-3.4,0.03,-0.002,-0.996,0,0.02,0.47,0
36.934,8.5,-4.5,-2.7,0.032,-0.001,-1.002,0,0.02,0.47,0
36.939,9.5,-4.3,-1.6,0.03,-0.004,-1.006,0,0.02,0.47,0
36.943,10.1,-3.9,-0.6,0.03,-0.009,-1.011,0,0.02,0.47,0
36.947,10.4,-3.5,0.4,0.026,-0.017,-1.015,0,0.02,0.47,0
36.954,10.3,-3.4,1.7,0.022,-0.029,-1.02,0,0.03,0.46,0
36.961,10,-3.1,2.8,0.018,-0.041,-1.024,0,0.03,0.46,0
36.968,9.5,-3.1,3.8,0.014,-0.054,-1.028,0,0.03,0.46,0
36.975,8.9,-3.1,4.7,0.008,-0.066,-1.032,0,0.03,0.46,0
36.982,8.5,-3.1,5.3,0.004,-0.078,-1.033,0,0.03,0.46,0
36.989,8.1,-3.1,5.7,0,-0.091,-1.03,0,0.03,0.46,0
36.996,7.6,-3.1,5.7,-0.001,-0.102,-1.025,0,0.03,0.46,0
37.000,7.1,-3,5.7,-0.001,-0.109,-1.02,-0.01,0.02,0.47,0
37.005,6.5,-2.9,5.6,-0.001,-0.117,-1.015,-0.01,0.02,0.47,0
37.009,6.3,-2.7,5.4,-0.001,-0.122,-1.011,-0.01,0.02,0.47,0
37.014,5.8,-2.5,5.1,-0.002,-0.123,-1.009,-0.01,0.02,0.47,0
37.018,5.1,-2.3,5.2,-0.003,-0.122,-1.007,-0.01,0.02,0.47,0
37.022,4.6,-2.1,4.8,-0.004,-0.119,-1.006,-0.01,0.02,0.47,0
37.027,4,-1.6,4.7,-0.003,-0.113,-1.005,-0.01,0.02,0.47,0
37.031,3.4,-1.6,4.6,-0.004,-0.107,-1.003,-0.01,0.02,0.47,0
37.035,2.8,-1.1,4.7,-0.004,-0.098,-1,-0.01,0.02,0.47,0
37.040,2.3,-0.7,4.7,-0.003,-0.089,-0.997,-0.01,0.02,0.47,0
37.044,2.1,-0.4,5,-0.006,-0.077,-0.996,-0.01,0.02,0.47,0
37.050,2,-0.2,5,-0.01,-0.069,-0.993,-0.03,0.01,0.48,0
37.056,2.2,0,5.3,-0.015,-0.061,-0.989,-0.03,0.01,0.48,0
37.062,2.3,0.4,5.6,-0.019,-0.055,-0.985,-0.03,0.01,0.48,0
37.068,2.7,0.4,6,-0.021,-0.051,-0.982,-0.03,0.01,0.48,0
37.074,3.1,0.6,6.2,-0.024,-0.051,-0.98,-0.03,0.01,0.48,0
37.081,3.3,0.6,6.6,-0.028,-0.052,-0.978,-0.03,0.01,0.48,0
37.087,3.6,0.7,6.8,-0.031,-0.056,-0.975,-0.03,0.01,0.48,0
37.092,3.4,1,7,-0.032,-0.061,-0.976,-0.02,0,0.32,0
37.097,3.5,1,7,-0.032,-0.067,-0.978,-0.02,0,0.32,0
37.103,3.4,1,7,-0.033,-0.073,-0.981,-0.02,0,0.32,0
37.108,3.4,1,6.7,-0.031,-0.078,-0.987,-0.02,0,0.32,0
37.113,3.2,1,6.2,-0.03,-0.084,-0.993,-0.02,0,0.32,0
37.119,3.2,1,5.9,-0.029,-0.088,-1,-0.02,0,0.32,0
37.124,3.2,0.8,5.1,-0.028,-0.091,-1.006,-0.02,0,0.32,0
37.129,3.1,1,4.8,-0.03,-0.093,-1.012,-0.02,0,0.32,0
37.135,3.2,1,4.3,-0.032,-0.094,-1.016,-0.02,0,0.32,0
37.138,3.1,1.1,3.7,-0.032,-0.096,-1.019,-0.03,0,0.47,0
37.141,3.6,1,3.3,-0.034,-0.095,-1.021,-0.03,0,0.47,0
37.145,4,1.2,3.1,-0.034,-0.093,-1.018,-0.03,0,0.47,0
37.148,4.3,1.2,2.8,-0.033,-0.089,-1.017,-0.03,0,0.47,0
37.151,4.8,1.3,2.8,-0.031,-0.086,-1.015,-0.03,0,0.47,0
37.154,5.4,1.3,2.9,-0.028,-0.084,-1.014,-0.03,0,0.47,0
37.158,6.1,1.4,2.9,-0.027,-0.078,-1.013,-0.03,0,0.47,0
37.161,6.7,1.6,3.1,-0.025,-0.077,-1.012,-0.03,0,0.47,0
37.164,7.3,1.5,3.4,-0.024,-0.074,-1.011,-0.03,0,0.47,0
37.168,7.6,1.6,3.8,-0.025,-0.071,-1.011,-0.03,0,0.47,0
37.171,7.8,1.6,4.2,-0.024,-0.068,-1.012,-0.03,0,0.47,0
37.174,7.9,1.5,4.5,-0.024,-0.069,-1.011,-0.03,0,0.47,0
37.178,7.9,1.6,4.7,-0.022,-0.07,-1.011,-0.03,0,0.47,0
37.181,7.4,1.6,4.8,-0.02,-0.071,-1.012,-0.03,0,0.47,0
37.184,7,1.5,5,-0.019,-0.073,-1.014,-0.03,0,0.47,0
37.198,6.2,1.5,5,-0.019,-0.075,-1.016,-0.03,0,0.15,0
37.212,5.7,1.4,5,-0.019,-0.077,-1.018,-0.03,0,0.15,0
37.226,5.3,1.2,4.8,-0.019,-0.08,-1.019,-0.03,0,0.15,0
37.230,4.7,1.3,4.5,-0.017,-0.082,-1.021,-0.03,0,0.15,0
37.235,4.5,1.1,4.3,-0.017,-0.085,-1.021,-0.03,0,0.15,0
37.239,4.3,1.4,4,-0.018,-0.088,-1.021,-0.03,0,0.15,0
37.243,3.9,1.5,3.8,-0.018,-0.089,-1.019,-0.03,0,0.15,0
37.248,3.5,1.4,3.5,-0.018,-0.094,-1.018,-0.03,0,0.15,0
37.252,3.2,1.6,3.2,-0.018,-0.097,-1.017,-0.03,0,0.15,0
37.257,2.8,1.8,2.8,-0.019,-0.099,-1.016,-0.03,0,0.15,0
37.261,2.1,1.9,2.5,-0.018,-0.1,-1.016,-0.03,0,0.15,0
37.265,1.8,1.9,2,-0.018,-0.099,-1.016,-0.03,0,0.15,0
37.270,1.1,2,1.5,-0.018,-0.098,-1.017,-0.03,0,0.15,0
37.274,0.7,2,1.2,-0.018,-0.098,-1.017,-0.03,0,0.15,0
37.278,0.1,2.4,0.8,-0.018,-0.096,-1.015,-0.08,0,0.15,0
37.283,-0.2,2.3,0.6,-0.019,-0.094,-1.013,-0.08,0,0.15,0
37.287,-0.8,2.3,0.3,-0.018,-0.09,-1.009,-0.08,0,0.15,0
37.291,-1.3,2.4,0,-0.015,-0.088,-1.005,-0.08,0,0.15,0
37.295,-1.8,2.4,-0.3,-0.015,-0.083,-1,-0.08,0,0.15,0
37.299,-2.2,2.3,-0.5,-0.016,-0.079,-0.997,-0.08,0,0.15,0
37.304,-2.6,2.2,-1.2,-0.018,-0.075,-0.994,-0.08,0,0.15,0
37.308,-3.1,2,-1.5,-0.02,-0.07,-0.991,-0.08,0,0.15,0
37.312,-3.4,1.8,-2.1,-0.02,-0.066,-0.989,-0.08,0,0.15,0
37.316,-3.7,1.6,-2.5,-0.019,-0.061,-0.988,-0.08,0,0.15,0
37.320,-3.7,1.7,-2.8,-0.015,-0.055,-0.989,-0.08,0,0.15,0
37.325,-3.5,1.4,-2.8,-0.011,-0.047,-0.991,-0.07,-0.01,0.31,0
37.329,-3.2,1.3,-2.8,-0.008,-0.042,-0.994,-0.07,-0.01,0.31,0
37.333,-2.8,1.5,-2.9,-0.005,-0.038,-0.999,-0.07,-0.01,0.31,0
37.337,-2.2,1.3,-2.9,-0.004,-0.034,-1.003,-0.07,-0.01,0.31,0
37.341,-1.7,1.2,-2.8,-0.004,-0.033,-1.007,-0.07,-0.01,0.31,0
37.346,-1.3,1.2,-2.9,-0.005,-0.033,-1.008,-0.07,-0.01,0.31,0
37.350,-1.1,1,-2.7,-0.005,-0.034,-1.009,-0.07,-0.01,0.31,0
37.354,-0.9,1,-2.8,-0.007,-0.037,-1.009,-0.07,-0.01,0.31,0
37.358,-0.9,0.8,-2.8,-0.01,-0.042,-1.008,-0.07,-0.01,0.31,0
37.362,-0.8,0.8,-2.9,-0.012,-0.044,-1.006,-0.07,-0.01,0.31,0
37.366,-0.6,0.5,-3.2,-0.015,-0.048,-1.004,-0.07,-0.01,0.31,0
37.373,-0.6,0.4,-3.2,-0.016,-0.052,-0.999,-0.06,-0.01,0,0
37.380,-0.2,0.2,-3.4,-0.017,-0.056,-0.995,-0.06,-0.01,0,0
37.386,0.1,0,-3.4,-0.018,-0.058,-0.991,-0.06,-0.01,0,0
37.393,0.6,-0.3,-3.7,-0.017,-0.06,-0.989,-0.06,-0.01,0,0
37.400,1.2,-0.5,-3.6,-0.017,-0.061,-0.988,-0.06,-0.01,0,0
37.406,2,-0.8,-3.7,-0.015,-0.06,-0.987,-0.06,-0.01,0,0
37.413,2.6,-0.8,-3.8,-0.013,-0.059,-0.988,-0.06,-0.01,0,0
37.418,3.2,-0.8,-3.9,-0.013,-0.057,-0.989,-0.02,-0.03,0,0
37.422,3.8,-1.1,-4.3,-0.014,-0.056,-0.991,-0.02,-0.03,0,0
37.426,4.3,-1.2,-4.3,-0.017,-0.055,-0.993,-0.02,-0.03,0,0
37.431,4.6,-1.3,-4.5,-0.018,-0.053,-0.996,-0.02,-0.03,0,0
37.435,4.7,-1.4,-4.5,-0.022,-0.052,-0.998,-0.02,-0.03,0,0
37.440,4.9,-1.6,-4.4,-0.024,-0.053,-0.999,-0.02,-0.03,0,0
37.444,4.8,-1.9,-4.2,-0.026,-0.056,-1,-0.02,-0.03,0,0
37.449,4.3,-2.1,-4,-0.029,-0.058,-0.999,-0.02,-0.03,0,0
37.453,4.3,-2,-3.7,-0.029,-0.059,-0.998,-0.02,-0.03,0,0
37.457,3.7,-2,-3.6,-0.029,-0.062,-0.994,-0.02,-0.03,0,0
37.462,3.2,-2.1,-3.3,-0.028,-0.066,-0.99,-0.02,-0.03,0,0
37.469,2.6,-2.2,-3.2,-0.027,-0.068,-0.986,-0.02,-0.04,0.15,0
37.475,1.8,-2.2,-3.2,-0.026,-0.071,-0.982,-0.02,-0.04,0.15,0
37.482,1.1,-2.1,-3.2,-0.023,-0.074,-0.979,-0.02,-0.04,0.15,0
37.489,0.6,-2,-3.4,-0.021,-0.073,-0.975,-0.02,-0.04,0.15,0
37.496,0,-1.9,-3.7,-0.018,-0.073,-0.974,-0.02,-0.04,0.15,0
37.503,-0.6,-2,-4,-0.014,-0.072,-0.974,-0.02,-0.04,0.15,0
37.510,-1.1,-1.6,-4.3,-0.013,-0.068,-0.976,-0.02,-0.04,0.15,0
37.514,-1.5,-1.5,-4.2,-0.01,-0.065,-0.979,-0.01,-0.04,0,0
37.518,-1.7,-1.4,-4.2,-0.008,-0.06,-0.984,-0.01,-0.04,0,0
37.523,-1.8,-1.4,-3.7,-0.008,-0.056,-0.991,-0.01,-0.04,0,0
37.527,-1.9,-1.4,-3.5,-0.008,-0.05,-0.997,-0.01,-0.04,0,0
37.532,-1.8,-1.2,-3.4,-0.01,-0.045,-1.005,-0.01,-0.04,0,0
37.536,-1.7,-1.2,-3.3,-0.011,-0.041,-1.011,-0.01,-0.04,0,0
37.541,-1.7,-1.3,-3.4,-0.012,-0.038,-1.013,-0.01,-0.04,0,0
37.545,-1.7,-1.4,-3.4,-0.013,-0.036,-1.016,-0.01,-0.04,0,0
37.550,-2.2,-1.2,-3.4,-0.014,-0.036,-1.016,-0.01,-0.04,0,0
37.554,-2.5,-1.1,-3.6,-0.014,-0.036,-1.014,-0.01,-0.04,0,0
37.558,-3.2,-1,-3.6,-0.015,-0.035,-1.012,-0.01,-0.04,0,0
37.564,-4,-0.9,-3.4,-0.017,-0.035,-1.009,0,-0.04,0,0
37.570,-4.7,-0.8,-3.4,-0.019,-0.035,-1.008,0,-0.04,0,0
37.576,-5.6,-0.9,-3.3,-0.019,-0.033,-1.008,0,-0.04,0,0
37.582,-6.4,-0.8,-3.4,-0.018,-0.034,-1.008,0,-0.04,0,0
37.588,-7.2,-0.6,-3.4,-0.018,-0.032,-1.01,0,-0.04,0,0
37.594,-8,-0.7,-3.4,-0.017,-0.03,-1.013,0,-0.04,0,0
37.600,-8.3,-0.7,-3.4,-0.015,-0.027,-1.018,0,-0.04,0,0
37.605,-8.4,-0.7,-3.5,-0.013,-0.02,-1.022,0,-0.03,0.15,0
37.609,-8.4,-0.4,-3.6,-0.012,-0.013,-1.027,0,-0.03,0.15,0
37.613,-7.8,-0.5,-3.7,-0.011,-0.004,-1.031,0,-0.03,0.15,0
37.618,-7.2,-0.5,-3.8,-0.01,0.001,-1.033,0,-0.03,0.15,0
37.622,-6.7,-0.5,-3.9,-0.01,0.007,-1.032,0,-0.03,0.15,0
37.627,-6.1,-0.6,-4,-0.01,0.013,-1.031,0,-0.03,0.15,0
37.631,-5.5,-0.4,-3.9,-0.009,0.019,-1.031,0,-0.03,0.15,0
37.636,-5,-0.4,-3.9,-0.008,0.024,-1.029,0,-0.03,0.15,0
37.640,-4.6,-0.4,-3.9,-0.008,0.03,-1.026,0,-0.03,0.15,0
37.645,-4.2,-0.5,-3.8,-0.006,0.035,-1.026,0,-0.03,0.15,0
37.649,-3.6,-0.4,-4,-0.005,0.04,-1.026,0,-0.03,0.15,0
37.654,-3.2,-0.3,-3.9,-0.006,0.042,-1.026,-0.02,-0.02,0.15,0
37.659,-2.8,-0.4,-4.2,-0.008,0.042,-1.027,-0.02,-0.02,0.15,0
37.663,-2.5,-0.3,-4.1,-0.01,0.041,-1.028,-0.02,-0.02,0.15,0
37.668,-2.1,-0.5,-4.2,-0.012,0.039,-1.028,-0.02,-0.02,0.15,0
37.673,-1.8,-0.6,-4.7,-0.013,0.036,-1.027,-0.02,-0.02,0.15,0
37.678,-1.5,-0.7,-4.9,-0.013,0.031,-1.025,-0.02,-0.02,0.15,0
37.682,-1.4,-0.8,-5,-0.014,0.026,-1.023,-0.02,-0.02,0.15,0
37.687,-1.1,-0.8,-5,-0.013,0.019,-1.022,-0.02,-0.02,0.15,0
37.692,-1.2,-0.9,-5,-0.013,0.012,-1.021,-0.02,-0.02,0.15,0
37.697,-1.2,-0.9,-4.9,-0.012,0.005,-1.02,-0.02,-0.02,0.15,0
37.702,-1.3,-0.8,-5,-0.012,0,-1.019,-0.02,-0.02,0,0
37.707,-1.1,-1.1,-4.8,-0.011,-0.001,-1.019,-0.02,-0.02,0,0
37.712,-0.9,-0.9,-4.8,-0.007,-0.004,-1.018,-0.02,-0.02,0,0
37.717,-0.7,-0.9,-4.7,-0.005,-0.005,-1.019,-0.02,-0.02,0,0
37.722,-0.4,-1,-4.3,-0.005,-0.004,-1.018,-0.02,-0.02,0,0
37.727,0,-0.9,-4.1,-0.008,-0.003,-1.018,-0.02,-0.02,0,0
37.732,0.1,-0.8,-4,-0.007,-0.002,-1.016,-0.02,-0.02,0,0
37.736,0.4,-0.9,-3.6,-0.008,-0.002,-1.016,-0.02,-0.02,0,0
37.741,0.6,-0.8,-3.2,-0.008,0,-1.016,-0.02,-0.02,0,0
37.746,0.8,-1.1,-2.8,-0.008,0.001,-1.014,-0.02,-0.02,0,0
37.751,0.8,-1.1,-2.3,-0.009,0.003,-1.011,-0.02,-0.02,0,0
37.756,0.8,-1.2,-1.8,-0.009,0.006,-1.01,-0.02,-0.02,0,0
37.760,0.9,-1.1,-1.1,-0.01,0.008,-1.009,-0.02,-0.02,0,0
37.765,1,-1.2,-0.6,-0.01,0.01,-1.007,-0.02,-0.02,0,0
37.770,1.1,-1.6,0,-0.009,0.01,-1.006,-0.02,-0.02,0,0
37.774,1.2,-1.4,0.5,-0.009,0.01,-1.006,-0.02,-0.02,0,0
37.779,1.3,-1.6,1.1,-0.007,0.01,-1.006,-0.02,-0.02,0,0
37.784,1.8,-1.7,1.4,-0.007,0.01,-1.006,-0.02,-0.02,0,0
37.788,2.1,-1.7,1.7,-0.006,0.009,-1.006,-0.02,-0.02,0,0
37.795,2.5,-1.8,1.9,-0.005,0.008,-1.007,-0.03,-0.02,0,0
37.802,2.9,-1.8,2.1,-0.005,0.008,-1.007,-0.03,-0.02,0,0
37.809,3.1,-1.9,2.2,-0.005,0.006,-1.007,-0.03,-0.02,0,0
37.816,3.2,-2,2.1,-0.004,0.004,-1.007,-0.03,-0.02,0,0
37.823,3.6,-2,2.1,-0.005,0.005,-1.007,-0.03,-0.02,0,0
37.829,3.5,-2.1,2.1,-0.004,0.006,-1.009,-0.03,-0.02,0,0
37.836,3.9,-2.1,2,-0.005,0.008,-1.011,-0.03,-0.02,0,0
37.841,4.2,-2.1,1.9,-0.006,0.01,-1.014,-0.02,-0.01,-0.15,0
37.845,4.1,-2.2,1.8,-0.005,0.01,-1.016,-0.02,-0.01,-0.15,0
37.850,4.3,-2.1,1.6,-0.005,0.012,-1.018,-0.02,-0.01,-0.15,0
37.854,4.3,-2.2,1.4,-0.006,0.012,-1.02,-0.02,-0.01,-0.15,0
37.858,4.5,-2.2,1.4,-0.006,0.013,-1.021,-0.02,-0.01,-0.15,0
37.863,4.8,-2,1.3,-0.006,0.013,-1.022,-0.02,-0.01,-0.15,0
37.867,4.9,-2,1.3,-0.006,0.013,-1.023,-0.02,-0.01,-0.15,0
37.872,5,-1.9,1.2,-0.008,0.01,-1.021,-0.02,-0.01,-0.15,0
37.876,5,-2.1,1.4,-0.01,0.005,-1.02,-0.02,-0.01,-0.15,0
37.880,5.1,-2,1.5,-0.011,0.001,-1.017,-0.02,-0.01,-0.15,0
37.885,5.1,-1.9,1.6,-0.012,-0.004,-1.013,-0.02,-0.01,-0.15,0
37.890,4.8,-1.9,1.7,-0.012,-0.009,-1.011,-0.01,-0.01,-0.15,0
37.895,4.8,-2,1.7,-0.012,-0.014,-1.01,-0.01,-0.01,-0.15,0
37.899,4.8,-1.9,1.6,-0.015,-0.019,-1.009,-0.01,-0.01,-0.15,0
37.904,4.8,-1.8,1.6,-0.017,-0.025,-1.01,-0.01,-0.01,-0.15,0
37.909,4.8,-1.7,1.4,-0.018,-0.029,-1.011,-0.01,-0.01,-0.15,0
37.914,4.8,-1.7,1.3,-0.019,-0.033,-1.013,-0.01,-0.01,-0.15,0
37.919,4.6,-1.7,1.3,-0.021,-0.036,-1.014,-0.01,-0.01,-0.15,0
37.924,4.6,-1.8,1.3,-0.022,-0.039,-1.015,-0.01,-0.01,-0.15,0
37.929,4.5,-1.6,1.2,-0.023,-0.04,-1.016,-0.01,-0.01,-0.15,0
37.933,4.4,-1.4,1.6,-0.024,-0.041,-1.017,-0.01,-0.01,-0.15,0
37.940,4.4,-1.2,1.5,-0.025,-0.041,-1.017,-0.03,-0.01,0,0
37.946,4.2,-1.1,1.7,-0.024,-0.041,-1.018,-0.03,-0.01,0,0
37.952,3.8,-1,1.8,-0.023,-0.042,-1.017,-0.03,-0.01,0,0
37.958,3.5,-0.8,1.8,-0.019,-0.043,-1.016,-0.03,-0.01,0,0
37.964,3.2,-0.3,1.9,-0.018,-0.043,-1.015,-0.03,-0.01,0,0
37.970,3,0,2,-0.017,-0.043,-1.014,-0.03,-0.01,0,0
37.976,2.8,0.2,1.8,-0.015,-0.043,-1.013,-0.03,-0.01,0,0
37.982,2.8,0.6,1.7,-0.015,-0.042,-1.013,-0.03,-0.01,0,0
37.986,2.7,1,1.7,-0.015,-0.044,-1.012,0,0,-0.15,-0.15
37.990,2.7,1.5,1.5,-0.014,-0.044,-1.012,0,0,-0.15,-0.15
37.994,2.6,1.9,1.5,-0.015,-0.048,-1.012,0,0,-0.15,-0.15
37.999,2.2,2.3,1.5,-0.015,-0.051,-1.011,0,0,-0.15,-0.15
38.003,2,2.6,1.4,-0.015,-0.054,-1.012,0,0,-0.15,-0.15
38.007,1.7,2.8,1.3,-0.02,-0.057,-1.014,0,0,-0.15,-0.15
38.011,1.3,3.1,1,-0.025,-0.059,-1.015,0,0,-0.15,-0.15
38.015,1,3.3,1.1,-0.029,-0.061,-1.018,0,0,-0.15,-0.15
38.019,0.7,3.5,1,-0.033,-0.062,-1.021,0,0,-0.15,-0.15
38.024,0.2,3.6,1,-0.035,-0.063,-1.024,0,0,-0.15,-0.15
38.030,0.2,3.7,1.1,-0.037,-0.064,-1.027,0.01,0,-0.15,-0.15
38.036,0,3.6,1.2,-0.039,-0.064,-1.03,0.01,0,-0.15,-0.15
38.042,0,3.8,1.4,-0.038,-0.065,-1.032,0.01,0,-0.15,-0.15
38.048,-0.1,3.8,1.7,-0.039,-0.064,-1.031,0.01,0,-0.15,-0.15
38.054,-0.2,3.8,1.8,-0.036,-0.065,-1.03,0.01,0,-0.15,-0.15
38.060,-0.4,3.8,2,-0.033,-0.065,-1.027,0.01,0,-0.15,-0.15
38.066,-0.4,4,1.8,-0.029,-0.065,-1.023,0.01,0,-0.15,-0.15
38.072,-0.5,4.2,1.8,-0.025,-0.064,-1.017,0.01,0,-0.15,-0.15
38.076,-0.6,4.3,1.9,-0.021,-0.065,-1.012,0.01,0,0,-0.15
38.080,-0.9,4.5,1.9,-0.018,-0.065,-1.007,0.01,0,0,-0.15
38.083,-1.2,4.7,1.8,-0.014,-0.065,-1.002,0.01,0,0,-0.15
38.087,-1.3,4.8,1.7,-0.012,-0.065,-1.001,0.01,0,0,-0.15
38.091,-1.5,4.9,1.4,-0.009,-0.067,-0.999,0.01,0,0,-0.15
38.095,-1.7,5,1.2,-0.008,-0.066,-1,0.01,0,0,-0.15
38.099,-2,5.1,0.9,-0.007,-0.066,-1.003,0.01,0,0,-0.15
38.102,-2.2,5.1,0.6,-0.007,-0.067,-1.006,0.01,0,0,-0.15
38.106,-2.4,4.9,0.3,-0.008,-0.067,-1.012,0.01,0,0,-0.15
38.110,-2.6,4.8,0,-0.01,-0.067,-1.017,0.01,0,0,-0.15
38.114,-2.7,4.6,-0.2,-0.011,-0.067,-1.022,0.01,0,0,-0.15
38.118,-3.1,4.4,-0.3,-0.012,-0.068,-1.028,0.01,0,0,-0.15
38.121,-3,4.2,-0.5,-0.013,-0.071,-1.033,0.01,0,0,-0.15
38.128,-3.2,3.8,-1,-0.014,-0.071,-1.037,0.03,0,-0.16,0
38.134,-3.6,3.7,-1.2,-0.016,-0.071,-1.039,0.03,0,-0.16,0
38.141,-3.6,3.2,-1.5,-0.017,-0.071,-1.04,0.03,0,-0.16,0
38.147,-3.7,2.9,-1.8,-0.018,-0.071,-1.039,0.03,0,-0.16,0
38.153,-3.9,2.5,-2,-0.018,-0.072,-1.035,0.03,0,-0.16,0
38.160,-3.9,2.3,-2,-0.016,-0.073,-1.029,0.03,0,-0.16,0
38.166,-4.1,2.2,-2.3,-0.015,-0.072,-1.024,0.03,0,-0.16,0
38.170,-4.2,2.1,-2.3,-0.014,-0.07,-1.018,0.06,0,-0.15,-0.15
38.175,-4.2,2,-2.5,-0.013,-0.071,-1.012,0.06,0,-0.15,-0.15
38.179,-4.5,1.8,-2.6,-0.011,-0.072,-1.008,0.06,0,-0.15,-0.15
38.183,-5,1.8,-2.5,-0.01,-0.071,-1.004,0.06,0,-0.15,-0.15
38.187,-5.7,1.6,-2.5,-0.007,-0.07,-1.004,0.06,0,-0.15,-0.15
38.191,-6,1.7,-2.3,-0.004,-0.069,-1.005,0.06,0,-0.15,-0.15
38.195,-6.4,1.8,-2.1,-0.001,-0.068,-1.007,0.06,0,-0.15,-0.15
38.199,-6.7,1.7,-2,0.001,-0.068,-1.01,0.06,0,-0.15,-0.15
38.203,-6.9,1.7,-1.9,0.003,-0.068,-1.014,0.06,0,-0.15,-0.15
38.208,-6.9,1.8,-1.7,0.004,-0.068,-1.016,0.06,0,-0.15,-0.15
38.212,-6.9,1.8,-1.4,0.005,-0.07,-1.018,0.06,0,-0.15,-0.15
38.219,-7,1.8,-1.1,0.005,-0.071,-1.018,0.07,0,-0.16,0
38.225,-7.3,2.1,-0.9,0.004,-0.072,-1.017,0.07,0,-0.16,0
38.232,-7.1,2,-0.9,0,-0.074,-1.016,0.07,0,-0.16,0
38.239,-7.4,2.1,-0.7,-0.002,-0.076,-1.013,0.07,0,-0.16,0
38.246,-7.3,2,-0.7,-0.007,-0.077,-1.01,0.07,0,-0.16,0
38.253,-7.6,2,-0.6,-0.011,-0.077,-1.008,0.07,0,-0.16,0
38.259,-7.2,1.9,-0.7,-0.014,-0.075,-1.006,0.07,0,-0.16,0
38.264,-7.2,2.1,-0.6,-0.017,-0.071,-1.002,0.08,0,-0.15,0
38.268,-6.9,2.1,-0.4,-0.019,-0.068,-1,0.08,0,-0.15,0
38.273,-6.7,2,-0.2,-0.018,-0.064,-0.999,0.08,0,-0.15,0
38.277,-6.3,2,-0.2,-0.017,-0.06,-1,0.08,0,-0.15,0
38.282,-5.9,2,0,-0.017,-0.058,-0.999,0.08,0,-0.15,0
38.286,-5.9,1.9,0,-0.017,-0.056,-1,0.08,0,-0.15,0
38.291,-5.6,1.9,0.2,-0.018,-0.054,-0.999,0.08,0,-0.15,0
38.295,-5.5,1.9,0.2,-0.019,-0.053,-1,0.08,0,-0.15,0
38.300,-5,1.8,0.3,-0.018,-0.052,-1.001,0.08,0,-0.15,0
38.304,-4.5,1.8,0.3,-0.017,-0.05,-1.002,0.08,0,-0.15,0
38.309,-4,1.8,0.3,-0.017,-0.05,-1.003,0.08,0,-0.15,0
38.315,-3.5,2.1,0.4,-0.015,-0.053,-1.005,0.06,0,-0.48,0
38.321,-2.9,2,0.4,-0.017,-0.057,-1.006,0.06,0,-0.48,0
38.326,-2.4,2.1,0.4,-0.018,-0.062,-1.008,0.06,0,-0.48,0
38.332,-2,2.3,0.4,-0.02,-0.065,-1.01,0.06,0,-0.48,0
38.338,-1.7,2.3,0.3,-0.022,-0.071,-1.012,0.06,0,-0.48,0
38.344,-1.4,2.4,0.2,-0.023,-0.074,-1.013,0.06,0,-0.48,0
38.350,-1.1,2.5,0.2,-0.024,-0.08,-1.014,0.06,0,-0.48,0
38.354,-0.8,2.6,0.1,-0.026,-0.083,-1.014,0.02,0,-0.32,0
38.359,-0.8,2.6,0,-0.028,-0.087,-1.013,0.02,0,-0.32,0
38.363,-0.3,2.6,-0.3,-0.029,-0.088,-1.011,0.02,0,-0.32,0
38.368,-0.2,2.9,-0.4,-0.029,-0.09,-1.008,0.02,0,-0.32,0
38.372,0.1,2.9,-0.6,-0.028,-0.09,-1.005,0.02,0,-0.32,0
38.377,0.2,3.2,-0.7,-0.024,-0.089,-1.003,0.02,0,-0.32,0
38.381,0.4,3,-0.8,-0.02,-0.089,-1.001,0.02,0,-0.32,0
38.386,0.6,3.2,-0.9,-0.017,-0.088,-0.999,0.02,0,-0.32,0
38.390,0.4,3.2,-0.9,-0.015,-0.087,-0.998,0.02,0,-0.32,0
38.395,0.6,3.6,-1,-0.011,-0.086,-0.998,0.02,0,-0.32,0
38.399,0.5,3.7,-1.2,-0.008,-0.085,-0.997,0.02,0,-0.32,0
38.405,0.4,3.7,-1,-0.004,-0.086,-0.995,-0.01,0,-0.15,0
38.411,0,3.7,-1.1,-0.001,-0.089,-0.994,-0.01,0,-0.15,0
38.418,0.2,3.9,-1,0,-0.089,-0.994,-0.01,0,-0.15,0
38.424,0,4,-0.9,0.001,-0.09,-0.994,-0.01,0,-0.15,0
38.430,0,4.2,-0.6,0.002,-0.09,-0.994,-0.01,0,-0.15,0
38.436,0,4.4,-0.6,0,-0.091,-0.995,-0.01,0,-0.15,0
38.442,-0.2,4.2,-0.4,0,-0.093,-0.994,-0.01,0,-0.15,0
38.448,-0.4,4.3,-0.3,0,-0.095,-0.995,-0.01,0,-0.15,0
38.453,-0.3,4.1,0,-0.001,-0.097,-0.993,-0.04,0,-0.32,0
38.458,-0.6,4.1,0.3,-0.001,-0.098,-0.993,-0.04,0,-0.32,0
38.462,-1.1,4.3,0.5,0,-0.1,-0.993,-0.04,0,-0.32,0
38.467,-0.9,4.3,0.6,-0.001,-0.1,-0.993,-0.04,0,-0.32,0
38.472,-0.8,4.1,0.7,-0.002,-0.1,-0.992,-0.04,0,-0.32,0
38.477,-0.8,4.1,0.9,-0.003,-0.101,-0.992,-0.04,0,-0.32,0
38.481,-0.7,4,1,-0.004,-0.101,-0.991,-0.04,0,-0.32,0
38.486,-0.6,4,1.2,-0.004,-0.1,-0.991,-0.04,0,-0.32,0
38.491,-0.4,4.1,1.3,-0.004,-0.101,-0.99,-0.04,0,-0.32,0
38.496,-0.3,3.8,1.3,-0.004,-0.1,-0.988,-0.04,0,-0.32,0
38.500,-0.3,3.8,1.3,-0.004,-0.099,-0.986,-0.08,-0.02,-0.48,0
38.504,-0.1,3.7,1.4,-0.003,-0.096,-0.985,-0.08,-0.02,-0.48,0
38.509,0,3.6,1.2,0,-0.094,-0.982,-0.08,-0.02,-0.48,0
38.513,0.1,3.3,0.7,0.001,-0.089,-0.979,-0.08,-0.02,-0.48,0
38.518,0.2,3.3,0.4,0.006,-0.086,-0.977,-0.08,-0.02,-0.48,0
38.522,0.5,3.1,-0.2,0.009,-0.081,-0.975,-0.08,-0.02,-0.48,0
38.526,0.7,2.9,-0.9,0.011,-0.078,-0.974,-0.08,-0.02,-0.48,0
38.531,1,2.7,-1.7,0.011,-0.076,-0.974,-0.08,-0.02,-0.48,0
38.535,1.1,2.4,-2.3,0.01,-0.075,-0.975,-0.08,-0.02,-0.48,0
38.540,1.2,2.4,-3.2,0.007,-0.075,-0.978,-0.08,-0.02,-0.48,0
38.544,1.1,2,-3.7,0.002,-0.076,-0.986,-0.08,-0.02,-0.48,0
38.550,1.2,1.5,-4.3,0,-0.076,-0.996,-0.09,-0.01,-0.48,0
38.556,1,1.2,-4.6,-0.007,-0.079,-1.009,-0.09,-0.01,-0.48,0
38.562,0.9,0.8,-4.8,-0.017,-0.081,-1.02,-0.09,-0.01,-0.48,0
38.568,1,0.4,-4.7,-0.026,-0.082,-1.032,-0.09,-0.01,-0.48,0
38.574,1.1,0.1,-4.5,-0.037,-0.084,-1.041,-0.09,-0.01,-0.48,0
38.580,1.1,-0.4,-4.3,-0.048,-0.085,-1.047,-0.09,-0.01,-0.48,0
38.586,1.2,-0.8,-3.8,-0.056,-0.086,-1.051,-0.09,-0.01,-0.48,0
38.590,1.2,-1.2,-2.9,-0.064,-0.086,-1.052,-0.09,0,-0.48,0
38.595,1.2,-1.6,-2.3,-0.066,-0.088,-1.05,-0.09,0,-0.48,0
38.599,0.9,-2,-1.3,-0.065,-0.087,-1.047,-0.09,0,-0.48,0
38.604,0.7,-2.4,-0.3,-0.061,-0.084,-1.042,-0.09,0,-0.48,0
38.608,0.4,-2.6,0.3,-0.055,-0.08,-1.035,-0.09,0,-0.48,0
38.612,0.6,-2.6,1.2,-0.046,-0.073,-1.03,-0.09,0,-0.48,0
38.617,0.5,-2.8,1.5,-0.034,-0.063,-1.025,-0.09,0,-0.48,0
38.621,0.6,-2.8,1.8,-0.023,-0.053,-1.018,-0.09,0,-0.48,0
38.626,0.8,-2.7,2.5,-0.011,-0.043,-1.014,-0.09,0,-0.48,0
38.630,0.9,-2.3,2.9,0,-0.033,-1.009,-0.09,0,-0.48,0
38.635,0.7,-2.1,3.2,0.005,-0.022,-1.007,-0.09,0,-0.48,0
38.639,0.4,-1.6,3.8,0.01,-0.012,-1.005,-0.1,0,-0.46,0
38.643,0.1,-1.2,4.5,0.014,-0.004,-1.005,-0.1,0,-0.46,0
38.647,-0.3,-0.8,5.1,0.014,0.001,-1.007,-0.1,0,-0.46,0
38.652,-1.1,-0.5,5.7,0.009,0.004,-1.009,-0.1,0,-0.46,0
38.656,-1.8,0,6.4,0.005,0.006,-1.011,-0.1,0,-0.46,0
38.660,-2.5,0.5,7.6,-0.001,0.005,-1.016,-0.1,0,-0.46,0
38.664,-3.3,0.6,8.4,-0.008,0.001,-1.023,-0.1,0,-0.46,0
38.668,-3.6,1.2,9.2,-0.016,-0.001,-1.033,-0.1,0,-0.46,0
38.673,-3.7,1.4,9.8,-0.025,-0.007,-1.043,-0.1,0,-0.46,0
38.677,-3.4,1.4,10.3,-0.029,-0.013,-1.053,-0.1,0,-0.46,0
38.681,-2.9,1.6,10.6,-0.031,-0.017,-1.064,-0.1,0,-0.46,0
38.689,-2.4,1.6,10.9,-0.03,-0.024,-1.07,-0.09,0.02,-0.64,0
38.696,-1.7,1.6,10.9,-0.025,-0.029,-1.071,-0.09,0.02,-0.64,0
38.703,-0.9,1.5,11,-0.017,-0.034,-1.069,-0.09,0.02,-0.64,0
38.711,-0.2,1.4,10.8,-0.008,-0.035,-1.064,-0.09,0.02,-0.64,0
38.718,0.4,1.4,10.5,0.002,-0.035,-1.057,-0.09,0.02,-0.64,0
38.726,1.2,1.4,10,0.013,-0.035,-1.05,-0.09,0.02,-0.64,0
38.733,1.8,1.5,9.5,0.023,-0.033,-1.045,-0.09,0.02,-0.64,0
38.737,2.4,1.5,8.7,0.033,-0.028,-1.039,-0.1,0.03,-0.81,0
38.740,2.9,1.6,7.8,0.042,-0.02,-1.033,-0.1,0.03,-0.81,0
38.744,3.7,1.9,7,0.051,-0.009,-1.031,-0.1,0.03,-0.81,0
38.748,4.4,2.1,5.9,0.057,0.001,-1.03,-0.1,0.03,-0.81,0
38.751,5.2,2.2,4.7,0.059,0.014,-1.032,-0.1,0.03,-0.81,0
38.755,6.2,2.2,3.4,0.061,0.025,-1.036,-0.1,0.03,-0.81,0
38.759,7.1,2.2,2.3,0.06,0.035,-1.042,-0.1,0.03,-0.81,0
38.762,7.9,2.6,1.4,0.057,0.044,-1.046,-0.1,0.03,-0.81,0
38.766,8.6,2.5,0.4,0.053,0.051,-1.051,-0.1,0.03,-0.81,0
38.770,9.3,2.3,-0.2,0.048,0.059,-1.053,-0.1,0.03,-0.81,0
38.773,9.6,2.3,-0.7,0.04,0.064,-1.053,-0.1,0.03,-0.81,0
38.780,10,2,-0.7,0.033,0.069,-1.053,-0.1,0.04,-0.79,0
38.787,9.8,1.7,-1,0.025,0.07,-1.052,-0.1,0.04,-0.79,0
38.794,9.6,1.2,-1,0.019,0.07,-1.051,-0.1,0.04,-0.79,0
38.801,9.2,0.7,-0.9,0.013,0.068,-1.051,-0.1,0.04,-0.79,0
38.808,8.5,0.2,-0.6,0.01,0.068,-1.05,-0.1,0.04,-0.79,0
38.815,8.1,-0.2,-0.2,0.008,0.064,-1.049,-0.1,0.04,-0.79,0
38.822,7.9,-0.8,0.1,0.007,0.064,-1.048,-0.1,0.04,-0.79,0
38.826,7.9,-1.6,0.5,0.005,0.061,-1.045,-0.08,0.05,-0.63,0
38.831,8,-1.9,0.7,0.007,0.061,-1.041,-0.08,0.05,-0.63,0
38.835,8.2,-2.6,0.9,0.01,0.062,-1.038,-0.08,0.05,-0.63,0
38.840,9.1,-3,1,0.013,0.063,-1.035,-0.08,0.05,-0.63,0
38.844,9.9,-3.4,0.9,0.021,0.064,-1.034,-0.08,0.05,-0.63,0
38.849,10.7,-3.7,0.8,0.027,0.065,-1.031,-0.08,0.05,-0.63,0
38.853,11.6,-4.1,0.6,0.034,0.07,-1.03,-0.08,0.05,-0.63,0
38.858,12.6,-4.2,0.3,0.041,0.074,-1.029,-0.08,0.05,-0.63,0
38.862,13.4,-4.1,0,0.047,0.082,-1.029,-0.08,0.05,-0.63,0
38.867,14.3,-4,-0.3,0.052,0.088,-1.029,-0.08,0.05,-0.63,0
38.871,14.8,-3.8,-0.7,0.055,0.094,-1.028,-0.08,0.05,-0.63,0
38.878,15.6,-3.6,-1,0.056,0.098,-1.027,-0.05,0.06,-0.64,0.16
38.885,15.9,-3.4,-1.4,0.055,0.1,-1.024,-0.05,0.06,-0.64,0.16
38.892,16.2,-3.4,-2,0.052,0.101,-1.021,-0.05,0.06,-0.64,0.16
38.899,16.5,-3.4,-2.2,0.05,0.103,-1.016,-0.05,0.06,-0.64,0.16
38.906,16.8,-3.6,-2.8,0.047,0.101,-1.005,-0.05,0.06,-0.64,0.16
38.912,16.3,-3.8,-3.3,0.045,0.094,-0.993,-0.05,0.06,-0.64,0.16
38.919,15.6,-4.1,-3.9,0.043,0.086,-0.978,-0.05,0.06,-0.64,0.16
38.923,14.6,-4.5,-4.2,0.041,0.073,-0.961,0,0.01,-0.65,0.16
38.927,13.4,-4.9,-4.7,0.038,0.058,-0.944,0,0.01,-0.65,0.16
38.931,11.8,-5.4,-5.3,0.032,0.041,-0.929,0,0.01,-0.65,0.16
38.935,10.3,-6,-6.2,0.024,0.024,-0.915,0,0.01,-0.65,0.16
38.938,8.5,-6.4,-7.2,0.016,0.006,-0.905,0,0.01,-0.65,0.16
38.942,7,-7,-8.2,0.006,-0.011,-0.897,0,0.01,-0.65,0.16
38.946,5.9,-7.5,-9.5,-0.002,-0.025,-0.895,0,0.01,-0.65,0.16
38.950,5.1,-8,-10.9,-0.011,-0.035,-0.899,0,0.01,-0.65,0.16
38.954,4.5,-8.6,-12.5,-0.02,-0.04,-0.907,0,0.01,-0.65,0.16
38.958,4.2,-8.8,-14,-0.03,-0.04,-0.919,0,0.01,-0.65,0.16
38.961,4.1,-9.4,-15.8,-0.039,-0.037,-0.932,0,0.01,-0.65,0.16
38.967,3.7,-9.7,-17.3,-0.049,-0.029,-0.945,0.01,0,-0.81,0.16
38.972,3.3,-10.3,-18.9,-0.057,-0.021,-0.957,0.01,0,-0.81,0.16
38.978,2.6,-10.6,-19.8,-0.063,-0.011,-0.969,0.01,0,-0.81,0.16
38.983,1.8,-11,-20.6,-0.066,0.002,-0.978,0.01,0,-0.81,0.16
38.988,1.2,-11.3,-20.9,-0.066,0.015,-0.986,0.01,0,-0.81,0.16
38.994,0.5,-11.7,-21,-0.064,0.029,-0.989,0.01,0,-0.81,0.16
38.999,0.1,-11.9,-21,-0.063,0.044,-0.992,0.01,0,-0.81,0.16
39.005,0,-12.2,-20.9,-0.06,0.054,-0.993,0.01,0,-0.81,0.16
39.010,0,-12.9,-20.6,-0.055,0.062,-0.992,0.01,0,-0.81,0.16
39.014,0.2,-13.3,-20.5,-0.049,0.067,-0.99,0,-0.01,-1.28,0.48
39.018,1,-13.7,-20.4,-0.043,0.069,-0.986,0,-0.01,-1.28,0.48
39.022,2.2,-14,-20.2,-0.036,0.07,-0.98,0,-0.01,-1.28,0.48
39.027,3.6,-14.4,-19.9,-0.028,0.065,-0.976,0,-0.01,-1.28,0.48
39.031,5.3,-14.2,-19.2,-0.019,0.06,-0.974,0,-0.01,-1.28,0.48
39.035,7.1,-14.3,-18.7,-0.013,0.053,-0.975,0,-0.01,-1.28,0.48
39.039,8.2,-14.5,-18.4,-0.013,0.043,-0.977,0,-0.01,-1.28,0.48
39.043,9.4,-14.4,-18.3,-0.017,0.034,-0.982,0,-0.01,-1.28,0.48
39.047,10,-14.3,-18.4,-0.024,0.026,-0.99,0,-0.01,-1.28,0.48
39.051,10,-13.9,-18.6,-0.033,0.016,-1.001,0,-0.01,-1.28,0.48
39.055,10,-13.9,-18.7,-0.044,0.007,-1.013,0,-0.01,-1.28,0.48
39.059,9.2,-13.8,-18.4,-0.052,0.001,-1.027,0,-0.01,-1.28,0.48
39.065,8.4,-13.5,-18.2,-0.059,-0.001,-1.039,-0.01,0,-0.64,0.16
39.071,7.4,-13.3,-18,-0.061,-0.001,-1.049,-0.01,0,-0.64,0.16
39.077,6.4,-13.3,-17.6,-0.06,-0.001,-1.055,-0.01,0,-0.64,0.16
39.083,5.5,-13.1,-17.3,-0.059,0,-1.058,-0.01,0,-0.64,0.16
39.088,4.5,-12.8,-16.9,-0.053,0.002,-1.055,-0.01,0,-0.64,0.16
39.094,3.9,-12.4,-16.6,-0.05,0.007,-1.048,-0.01,0,-0.64,0.16
39.100,3.8,-12.1,-16.2,-0.046,0.014,-1.036,-0.01,0,-0.64,0.16
39.105,4.2,-11.5,-15.9,-0.042,0.022,-1.02,0.01,-0.03,-0.47,0.15
39.110,4.3,-10.8,-15.7,-0.04,0.029,-1.003,0.01,-0.03,-0.47,0.15
39.115,4.5,-10.3,-15.2,-0.041,0.033,-0.988,0.01,-0.03,-0.47,0.15
39.120,4.6,-9.8,-15,-0.04,0.037,-0.971,0.01,-0.03,-0.47,0.15
39.125,4.6,-9.1,-14.8,-0.04,0.039,-0.956,0.01,-0.03,-0.47,0.15
39.129,4.2,-8.2,-14.1,-0.041,0.043,-0.945,0.01,-0.03,-0.47,0.15
39.134,3.7,-7.2,-13.3,-0.041,0.045,-0.936,0.01,-0.03,-0.47,0.15
39.139,2.8,-6.3,-12.9,-0.044,0.047,-0.929,0.01,-0.03,-0.47,0.15
39.144,2.1,-5.2,-12.3,-0.045,0.049,-0.923,0.01,-0.03,-0.47,0.15
39.149,1.2,-3.9,-11.7,-0.049,0.048,-0.918,0.01,-0.03,-0.47,0.15
39.153,0.1,-2.8,-11.2,-0.057,0.044,-0.916,0.03,-0.06,-0.47,0.15
39.157,-0.8,-1.6,-10.6,-0.063,0.039,-0.918,0.03,-0.06,-0.47,0.15
39.162,-2,-0.6,-10.3,-0.069,0.031,-0.922,0.03,-0.06,-0.47,0.15
39.166,-3.3,0.4,-9.9,-0.073,0.022,-0.927,0.03,-0.06,-0.47,0.15
39.170,-4.5,1.5,-9.7,-0.074,0.011,-0.935,0.03,-0.06,-0.47,0.15
39.174,-5.5,2.4,-9,-0.074,0.003,-0.945,0.03,-0.06,-0.47,0.15
39.178,-6.2,3.1,-8.5,-0.074,0,-0.957,0.03,-0.06,-0.47,0.15
39.182,-6.5,3.8,-7.9,-0.073,-0.005,-0.97,0.03,-0.06,-0.47,0.15
39.187,-6.8,4.3,-7.6,-0.073,-0.009,-0.983,0.03,-0.06,-0.47,0.15
39.191,-7.2,4.6,-6.9,-0.076,-0.011,-0.998,0.03,-0.06,-0.47,0.15
39.195,-7.3,4.9,-6.5,-0.076,-0.011,-1.011,0.03,-0.06,-0.47,0.15
39.202,-7.3,5,-5.7,-0.074,-0.007,-1.021,0.04,-0.06,-0.31,0
39.210,-7.3,5.2,-4.8,-0.066,0,-1.03,0.04,-0.06,-0.31,0
39.217,-7.3,5.2,-3.8,-0.057,0.008,-1.034,0.04,-0.06,-0.31,0
39.224,-7.2,5.2,-2.8,-0.047,0.016,-1.035,0.04,-0.06,-0.31,0
39.231,-7.2,5.6,-1.8,-0.039,0.026,-1.034,0.04,-0.06,-0.31,0
39.239,-7.2,5.7,-1.1,-0.03,0.034,-1.03,0.04,-0.06,-0.31,0
39.246,-7.2,5.9,-0.1,-0.021,0.042,-1.023,0.04,-0.06,-0.31,0
39.250,-7.2,6.1,0.3,-0.013,0.047,-1.016,0.05,-0.07,-0.31,-0.15
39.255,-6.9,6.6,0.6,-0.006,0.052,-1.008,0.05,-0.07,-0.31,-0.15
39.259,-6.4,6.9,0.9,-0.001,0.057,-1,0.05,-0.07,-0.31,-0.15
39.264,-5.8,7.3,1.2,0.002,0.059,-0.992,0.05,-0.07,-0.31,-0.15
39.268,-5,7.3,1.2,0.007,0.057,-0.988,0.05,-0.07,-0.31,-0.15
39.273,-3.9,7.4,1.3,0.01,0.055,-0.986,0.05,-0.07,-0.31,-0.15
39.277,-2.9,7.5,1.5,0.014,0.051,-0.986,0.05,-0.07,-0.31,-0.15
39.281,-1.8,7.4,1.7,0.018,0.048,-0.988,0.05,-0.07,-0.31,-0.15
39.286,-0.4,7.3,1.8,0.02,0.045,-0.99,0.05,-0.07,-0.31,-0.15
39.290,0.7,6.6,2,0.022,0.041,-0.993,0.05,-0.07,-0.31,-0.15
39.295,2,6.2,2.4,0.024,0.039,-0.992,0.05,-0.07,-0.31,-0.15
39.301,3.1,5.7,2.8,0.029,0.034,-0.992,0.02,-0.07,-0.32,-0.16
39.307,4,5.1,3.5,0.034,0.029,-0.991,0.02,-0.07,-0.32,-0.16
39.313,4.8,4.5,4.3,0.039,0.023,-0.99,0.02,-0.07,-0.32,-0.16
39.319,5.9,3.6,4.8,0.04,0.018,-0.988,0.02,-0.07,-0.32,-0.16
39.325,6.3,2.8,5,0.04,0.017,-0.987,0.02,-0.07,-0.32,-0.16
39.331,7,2.1,5.6,0.038,0.017,-0.987,0.02,-0.07,-0.32,-0.16
39.337,7.6,1.5,5.7,0.036,0.016,-0.988,0.02,-0.07,-0.32,-0.16
39.342,7.9,0.5,5.9,0.034,0.017,-0.988,0.01,-0.08,-0.47,0
39.346,8.3,0.2,6.1,0.034,0.015,-0.988,0.01,-0.08,-0.47,0
39.350,8.1,-0.5,6.2,0.031,0.014,-0.988,0.01,-0.08,-0.47,0
39.355,7.8,-0.9,6,0.029,0.013,-0.989,0.01,-0.08,-0.47,0
39.359,7.2,-1.1,6.1,0.025,0.013,-0.991,0.01,-0.08,-0.47,0
39.363,6.7,-1.3,6.6,0.019,0.012,-0.994,0.01,-0.08,-0.47,0
39.368,6.2,-1.6,6.4,0.01,0.012,-0.999,0.01,-0.08,-0.47,0
39.372,6,-1.8,6.4,0,0.012,-1.003,0.01,-0.08,-0.47,0
39.376,5.6,-2.3,6.2,-0.006,0.012,-1.007,0.01,-0.08,-0.47,0
39.380,5.7,-2.4,5.9,-0.015,0.011,-1.012,0.01,-0.08,-0.47,0
39.385,5.6,-2.8,5.8,-0.021,0.009,-1.016,0.01,-0.08,-0.47,0
39.392,5.5,-3.1,5.7,-0.025,0.006,-1.018,0,-0.08,-0.46,0
39.399,5.5,-3.2,5.7,-0.028,0.003,-1.017,0,-0.08,-0.46,0
39.406,5.5,-3.5,5.6,-0.03,0.001,-1.014,0,-0.08,-0.46,0
39.413,5.6,-3.7,5.6,-0.03,0.001,-1.011,0,-0.08,-0.46,0
39.420,5.9,-4,5.3,-0.027,0.004,-1.008,0,-0.08,-0.46,0
39.427,6.4,-3.7,5,-0.022,0.007,-1.009,0,-0.08,-0.46,0
39.434,7,-3.7,4.8,-0.018,0.011,-1.012,0,-0.08,-0.46,0
39.437,7.5,-3.3,4.5,-0.014,0.016,-1.018,0.01,-0.07,-0.46,0.15
39.441,8.1,-2.8,4.2,-0.012,0.022,-1.026,0.01,-0.07,-0.46,0.15
39.445,8.4,-2.4,3.9,-0.011,0.028,-1.033,0.01,-0.07,-0.46,0.15
39.449,8.7,-1.6,3.6,-0.008,0.036,-1.038,0.01,-0.07,-0.46,0.15
39.453,8.9,-0.7,3.3,-0.009,0.045,-1.04,0.01,-0.07,-0.46,0.15
39.456,8.9,0.1,2.9,-0.01,0.053,-1.04,0.01,-0.07,-0.46,0.15
39.460,8.7,1.2,2.9,-0.012,0.061,-1.039,0.01,-0.07,-0.46,0.15
39.464,8.7,2.6,2.9,-0.015,0.069,-1.039,0.01,-0.07,-0.46,0.15
39.468,8.5,3.5,3.1,-0.018,0.077,-1.04,0.01,-0.07,-0.46,0.15
39.471,8.8,4.8,3.2,-0.019,0.082,-1.045,0.01,-0.07,-0.46,0.15
39.475,9,5.8,3.9,-0.023,0.086,-1.052,0.01,-0.07,-0.46,0.15
39.482,9.2,7,4.7,-0.026,0.085,-1.06,0.03,-0.05,-0.47,0
39.489,9.7,7.8,5.5,-0.031,0.084,-1.067,0.03,-0.05,-0.47,0
39.496,9.8,8.5,6.5,-0.036,0.08,-1.073,0.03,-0.05,-0.47,0
39.503,9.6,9,7.6,-0.042,0.073,-1.078,0.03,-0.05,-0.47,0
39.510,9.2,9.4,8.8,-0.049,0.065,-1.083,0.03,-0.05,-0.47,0
39.518,8.5,9.8,10,-0.052,0.056,-1.085,0.03,-0.05,-0.47,0
39.525,7.7,10.1,11.2,-0.052,0.046,-1.086,0.03,-0.05,-0.47,0
39.529,6.8,10.4,12.5,-0.051,0.039,-1.083,0.04,-0.02,-0.47,-0.15
39.533,6,10.7,13.4,-0.05,0.033,-1.079,0.04,-0.02,-0.47,-0.15
39.538,5.1,10.8,14,-0.047,0.03,-1.073,0.04,-0.02,-0.47,-0.15
39.542,4.5,11,14.4,-0.044,0.031,-1.067,0.04,-0.02,-0.47,-0.15
39.546,4.3,11,14.5,-0.039,0.031,-1.06,0.04,-0.02,-0.47,-0.15
39.550,4.4,11.6,14.7,-0.032,0.036,-1.053,0.04,-0.02,-0.47,-0.15
39.555,4.9,11.9,14.8,-0.026,0.044,-1.048,0.04,-0.02,-0.47,-0.15
39.559,5.7,12.2,14.8,-0.022,0.053,-1.044,0.04,-0.02,-0.47,-0.15
39.563,6.8,12.7,14.4,-0.02,0.063,-1.041,0.04,-0.02,-0.47,-0.15
39.568,8.2,13.1,14.1,-0.021,0.075,-1.04,0.04,-0.02,-0.47,-0.15
39.572,9.5,13.2,13.7,-0.023,0.087,-1.039,0.04,-0.02,-0.47,-0.15
39.576,11.2,13.4,13.3,-0.027,0.1,-1.039,0.04,0,-0.47,-0.15
39.580,12.3,13.4,13,-0.032,0.112,-1.04,0.04,0,-0.47,-0.15
39.584,13.2,13.2,13,-0.038,0.121,-1.042,0.04,0,-0.47,-0.15
39.588,14,13.1,13.2,-0.041,0.129,-1.046,0.04,0,-0.47,-0.15
39.591,14.5,12.5,13.6,-0.043,0.135,-1.048,0.04,0,-0.47,-0.15
39.595,14.5,12,14.3,-0.043,0.141,-1.05,0.04,0,-0.47,-0.15
39.599,14.5,11.5,15,-0.044,0.141,-1.05,0.04,0,-0.47,-0.15
39.603,14,10.8,15.5,-0.043,0.137,-1.05,0.04,0,-0.47,-0.15
39.607,13.4,10.1,15.9,-0.041,0.131,-1.049,0.04,0,-0.47,-0.15
39.611,12.6,9.2,16.3,-0.034,0.122,-1.045,0.04,0,-0.47,-0.15
39.615,11.8,8.4,16.1,-0.025,0.11,-1.042,0.04,0,-0.47,-0.15
39.618,10.9,7.7,15.8,-0.014,0.097,-1.04,0.04,0,-0.47,-0.15
39.624,10.1,7,15.6,-0.002,0.081,-1.038,0.04,0,-0.32,0
39.629,9.3,6.4,14.9,0.008,0.068,-1.037,0.04,0,-0.32,0
39.634,8.7,5.8,14.4,0.017,0.056,-1.037,0.04,0,-0.32,0
39.639,8.2,5.3,13.7,0.022,0.044,-1.037,0.04,0,-0.32,0
39.644,7.6,4.9,13,0.023,0.035,-1.037,0.04,0,-0.32,0
39.649,7.1,4.5,12.1,0.022,0.026,-1.035,0.04,0,-0.32,0
39.654,6.6,4.1,11.1,0.02,0.022,-1.034,0.04,0,-0.32,0
39.659,5.7,3.8,10.2,0.015,0.019,-1.033,0.04,0,-0.32,0
39.664,4.9,3.2,9.4,0.012,0.019,-1.033,0.04,0,-0.32,0
39.669,4.1,2.6,8.6,0.008,0.023,-1.033,0.04,0,-0.15,-0.15
39.674,3.1,2.2,7.9,0.007,0.03,-1.032,0.04,0,-0.15,-0.15
39.679,2.5,1.6,7.3,0.005,0.04,-1.03,0.04,0,-0.15,-0.15
39.683,2,1.3,6.8,0.004,0.05,-1.025,0.04,0,-0.15,-0.15
39.688,1.3,1,6.9,0.003,0.061,-1.019,0.04,0,-0.15,-0.15
39.693,1,0.6,6.8,0.002,0.07,-1.012,0.04,0,-0.15,-0.15
39.698,0.6,0.2,6.8,0.002,0.077,-1.004,0.04,0,-0.15,-0.15
39.703,0.2,-0.1,7,0,0.082,-0.997,0.04,0,-0.15,-0.15
39.707,-0.3,-0.5,7,0,0.086,-0.99,0.04,0,-0.15,-0.15
39.712,-0.8,-1.1,7,0,0.085,-0.983,0.04,0,-0.15,-0.15
39.718,-1.7,-1.5,6.7,-0.001,0.083,-0.976,0.02,-0.01,-0.47,0
39.724,-2.2,-2.2,6.5,0,0.079,-0.97,0.02,-0.01,-0.47,0
39.730,-2.6,-2.8,6.2,0,0.073,-0.966,0.02,-0.01,-0.47,0
39.736,-3.2,-3.3,5.9,0.001,0.065,-0.963,0.02,-0.01,-0.47,0
39.742,-3.4,-3.7,5.6,0,0.059,-0.964,0.02,-0.01,-0.47,0
39.748,-3.4,-4.2,5.1,0,0.05,-0.965,0.02,-0.01,-0.47,0
39.754,-3.5,-4.7,4.5,-0.002,0.042,-0.969,0.02,-0.01,-0.47,0
39.760,-3.4,-5.1,3.6,-0.003,0.035,-0.973,0.02,-0.01,-0.47,0
39.765,-3.1,-5.6,2.7,-0.006,0.027,-0.978,0.02,-0.02,-0.15,0.15
39.769,-3,-6,1.9,-0.008,0.022,-0.98,0.02,-0.02,-0.15,0.15
39.773,-3.1,-6.2,1.2,-0.007,0.019,-0.982,0.02,-0.02,-0.15,0.15
39.778,-3.6,-6.3,0.6,-0.005,0.015,-0.984,0.02,-0.02,-0.15,0.15
39.782,-4,-6.4,0.1,-0.002,0.014,-0.985,0.02,-0.02,-0.15,0.15
39.787,-4.8,-6.1,-0.2,0.001,0.014,-0.986,0.02,-0.02,-0.15,0.15
39.791,-5.8,-5.8,-0.5,0.004,0.015,-0.987,0.02,-0.02,-0.15,0.15
39.795,-6.5,-5.5,-0.8,0.005,0.021,-0.988,0.02,-0.02,-0.15,0.15
39.800,-7.2,-5.2,-1,0.001,0.025,-0.991,0.02,-0.02,-0.15,0.15
39.804,-7.5,-4.8,-1.5,0,0.032,-0.994,0.02,-0.02,-0.15,0.15
39.809,-7.9,-4.5,-1.8,-0.003,0.038,-0.999,0.02,-0.02,-0.15,0.15
39.815,-8.1,-3.9,-2.3,-0.006,0.044,-1.005,0,-0.02,0,0.15
39.821,-8.3,-4,-2.4,-0.01,0.048,-1.012,0,-0.02,0,0.15
39.827,-8.6,-3.6,-2.6,-0.015,0.05,-1.017,0,-0.02,0,0.15
39.833,-9.1,-3.6,-2.7,-0.018,0.05,-1.023,0,-0.02,0,0.15
39.839,-9.5,-3.7,-2.5,-0.021,0.049,-1.028,0,-0.02,0,0.15
39.845,-10,-3.9,-2.3,-0.023,0.046,-1.032,0,-0.02,0,0.15
39.851,-10.6,-3.9,-2.1,-0.025,0.046,-1.035,0,-0.02,0,0.15
39.855,-11.2,-4,-1.9,-0.026,0.045,-1.037,0,0,0,0
39.859,-11.4,-4.2,-1.5,-0.028,0.043,-1.038,0,0,0,0
39.864,-11.7,-4.2,-1.2,-0.028,0.041,-1.038,0,0,0,0
39.868,-11.6,-4.4,-1.3,-0.027,0.039,-1.037,0,0,0,0
39.873,-11.6,-4.4,-1.2,-0.024,0.035,-1.036,0,0,0,0
39.877,-11.5,-4.3,-1.1,-0.021,0.033,-1.036,0,0,0,0
39.881,-11.4,-4.2,-1.5,-0.018,0.03,-1.035,0,0,0,0
39.886,-11.2,-3.9,-1.7,-0.015,0.029,-1.037,0,0,0,0
39.890,-11.1,-3.7,-2,-0.014,0.027,-1.038,0,0,0,0
39.894,-11,-3.2,-2.4,-0.013,0.028,-1.04,0,0,0,0
39.899,-10.9,-2.9,-2.7,-0.015,0.028,-1.04,0,0,0,0
39.906,-10.7,-2.5,-3.1,-0.015,0.028,-1.041,0.01,0,0.15,0
39.913,-10.6,-2,-3.2,-0.014,0.029,-1.044,0.01,0,0.15,0
39.919,-10.3,-1.7,-3.7,-0.015,0.03,-1.046,0.01,0,0.15,0
39.926,-10.2,-1.4,-4,-0.017,0.033,-1.048,0.01,0,0.15,0
39.933,-9.8,-0.9,-4.2,-0.019,0.035,-1.052,0.01,0,0.15,0
39.940,-9.4,-0.8,-4.5,-0.02,0.038,-1.055,0.01,0,0.15,0
39.947,-8.8,-0.3,-4.8,-0.022,0.039,-1.058,0.01,0,0.15,0
39.953,-8.2,-0.3,-4.8,-0.023,0.042,-1.058,0.03,0.01,0,0
39.959,-8,-0.3,-4.8,-0.025,0.043,-1.055,0.03,0.01,0,0
39.965,-7.6,-0.1,-4.8,-0.024,0.041,-1.051,0.03,0.01,0,0
39.972,-7.3,0,-4.5,-0.023,0.039,-1.044,0.03,0.01,0,0
39.978,-7.3,0,-3.8,-0.021,0.037,-1.036,0.03,0.01,0,0
39.984,-7.3,0.1,-3.6,-0.018,0.036,-1.025,0.03,0.01,0,0
39.990,-6.9,0.1,-2.9,-0.015,0.035,-1.016,0.03,0.01,0,0
39.996,-7,0.6,-2.6,-0.01,0.031,-1.007,0.03,0.01,0,0
39.999,-6.7,0.7,-2.3,-0.005,0.027,-0.999,0.04,0,0,0
40.003,-6.3,1.2,-1.8,0,0.023,-0.994,0.04,0,0,0
40.006,-6,1.6,-1.2,0.005,0.02,-0.988,0.04,0,0,0
40.009,-5.3,2.2,-0.6,0.01,0.016,-0.985,0.04,0,0,0
40.013,-4.6,2.8,-0.1,0.012,0.011,-0.982,0.04,0,0,0
40.016,-3.9,3.2,0.2,0.015,0.007,-0.982,0.04,0,0,0
40.020,-3.3,3.8,0.6,0.016,0.002,-0.981,0.04,0,0,0
40.023,-2.9,4.5,0.9,0.019,-0.002,-0.981,0.04,0,0,0
40.026,-2.7,5.1,1.3,0.02,-0.008,-0.982,0.04,0,0,0
40.030,-2.6,5.3,1.5,0.019,-0.012,-0.984,0.04,0,0,0
40.033,-2.6,5.8,1.9,0.017,-0.015,-0.986,0.04,0,0,0
40.036,-2.8,6,2.3,0.014,-0.017,-0.987,0.04,0,0,0
40.040,-3.1,6,2.4,0.012,-0.019,-0.989,0.04,0,0,0
40.043,-3.3,6.1,2.9,0.01,-0.019,-0.99,0.04,0,0,0
40.054,-3.4,6.2,3.1,0.009,-0.018,-0.993,0.04,0,0,0
40.065,-3.6,6.1,3.7,0.006,-0.018,-0.996,0.04,0,0,0
40.076,-3.7,5.7,4.1,0.003,-0.016,-0.999,0.04,0,0,0
40.087,-3.6,5.7,4.7,0,-0.013,-1.004,0.04,0,0,0
40.090,-3.6,5.4,4.9,-0.002,-0.009,-1.01,0.04,0,0,0
40.094,-3.5,4.9,5.2,-0.006,-0.007,-1.016,0.04,0,0,0
40.097,-3.2,4.6,5.5,-0.008,-0.005,-1.023,0.04,0,0,0
40.101,-3.1,4.4,5.6,-0.009,-0.002,-1.029,0.04,0,0,0
40.105,-2.7,3.7,5.6,-0.01,0.001,-1.035,0.04,0,0,0
40.108,-2.3,3.5,5.4,-0.008,0.004,-1.039,0.04,0,0,0
40.112,-1.7,3.2,5.7,-0.007,0.007,-1.042,0.04,0,0,0
40.116,-1.1,2.7,5.6,-0.004,0.011,-1.042,0.04,0,0,0
40.119,-0.4,2.6,5.3,0,0.013,-1.039,0.04,0,0,0
40.123,0.1,2.3,5.2,0,0.015,-1.035,0.04,0,0,0
40.126,0.6,2.3,4.8,0.002,0.015,-1.028,0.04,0,0,0
40.130,1.1,2.1,4.5,0.005,0.016,-1.02,0.04,0,0,0
40.134,1.3,1.9,4,0.007,0.017,-1.012,0.04,0,0,0
40.138,1.9,1.9,3.8,0.01,0.019,-1.006,0.04,0,0,0
40.142,2.3,1.8,3.1,0.012,0.021,-0.998,0.04,0,0,0
40.146,2.6,1.8,2.6,0.013,0.021,-0.992,0.04,0,0,0
40.150,2.6,1.8,2.3,0.017,0.022,-0.987,0.04,0,0,0
40.154,2.8,1.8,2.1,0.022,0.024,-0.983,0.04,0,0,0
40.158,3,1.8,1.8,0.025,0.023,-0.98,0.04,0,0,0
40.163,3.1,1.9,1.5,0.027,0.024,-0.979,0.04,0,0,0
40.167,2.9,1.8,1,0.027,0.022,-0.978,0.04,0,0,0
40.171,2.8,1.9,0.9,0.027,0.02,-0.979,0.04,0,0,0
40.175,2.8,1.8,0.7,0.026,0.016,-0.981,0.04,0,0,0
40.179,2.7,1.9,0.3,0.023,0.012,-0.983,0.04,0,0,0
40.186,2.8,1.8,0,0.02,0.007,-0.986,0.04,-0.01,-0.15,0
40.193,2.5,1.7,-0.4,0.016,0.001,-0.99,0.04,-0.01,-0.15,0
40.199,2.4,1.3,-0.4,0.011,-0.004,-0.994,0.04,-0.01,-0.15,0
40.206,2,1,-0.7,0.006,-0.011,-0.999,0.04,-0.01,-0.15,0
40.213,1.5,0.7,-1.2,0.001,-0.016,-1.004,0.04,-0.01,-0.15,0
40.219,0.9,0.3,-1.4,-0.003,-0.022,-1.008,0.04,-0.01,-0.15,0
40.226,0.5,0,-1.4,-0.005,-0.027,-1.011,0.04,-0.01,-0.15,0
40.231,0.3,-0.4,-1.7,-0.007,-0.029,-1.014,0.02,0,0,0
40.235,0,-0.9,-1.6,-0.006,-0.029,-1.017,0.02,0,0,0
40.239,-0.2,-1.2,-1.6,-0.004,-0.029,-1.019,0.02,0,0,0
40.244,-0.3,-1.6,-1.7,-0.003,-0.03,-1.02,0.02,0,0,0
40.248,-0.6,-2.2,-1.5,-0.001,-0.029,-1.02,0.02,0,0,0
40.252,-0.8,-2.5,-1.3,0,-0.027,-1.019,0.02,0,0,0
40.257,-1,-2.8,-1.2,0.001,-0.024,-1.018,0.02,0,0,0
40.261,-1.1,-3.1,-0.9,0.002,-0.021,-1.016,0.02,0,0,0
40.266,-1.2,-3.3,-0.7,0.004,-0.018,-1.013,0.02,0,0,0
40.270,-1.2,-3.4,-0.4,0.004,-0.014,-1.012,0.02,0,0,0
40.274,-1.1,-3.6,-0.2,0.004,-0.009,-1.011,0.02,0,0,0
40.281,-0.9,-3.7,0,0.004,-0.005,-1.009,0.01,0,0,0
40.288,-0.7,-4,0.2,0.005,-0.003,-1.009,0.01,0,0,0
40.295,-0.7,-4,0.5,0.005,-0.002,-1.01,0.01,0,0,0
40.302,-0.4,-3.9,0.7,0.004,-0.001,-1.011,0.01,0,0,0
40.308,-0.4,-3.8,0.9,0.002,0,-1.012,0.01,0,0,0
40.315,-0.3,-3.6,1,0.002,0,-1.012,0.01,0,0,0
40.322,-0.1,-3.7,1.2,0.001,0,-1.012,0.01,0,0,0
40.327,0,-3.6,1.3,-0.001,0,-1.012,0.01,0,0,0.15
40.331,0,-3.6,1.4,-0.003,-0.001,-1.012,0.01,0,0,0.15
40.336,-0.2,-3.6,1.6,-0.005,-0.003,-1.012,0.01,0,0,0.15
40.340,-0.4,-3.6,1.6,-0.008,-0.005,-1.013,0.01,0,0,0.15
40.345,-0.4,-3.8,1.5,-0.011,-0.006,-1.013,0.01,0,0,0.15
40.349,-0.5,-3.7,1.4,-0.012,-0.005,-1.013,0.01,0,0,0.15
40.353,-0.3,-3.5,1.2,-0.014,-0.005,-1.013,0.01,0,0,0.15
40.358,-0.4,-3.4,0.9,-0.015,-0.005,-1.012,0.01,0,0,0.15
40.362,-0.3,-3.3,0.7,-0.014,-0.004,-1.01,0.01,0,0,0.15
40.367,0,-3.3,0.6,-0.013,-0.002,-1.01,0.01,0,0,0.15
40.371,0.2,-3,0.3,-0.011,0,-1.011,0.01,0,0,0.15
40.377,0.9,-2.7,0.2,-0.008,0.001,-1.009,0.01,0,0,0
40.383,1.2,-2.3,0.4,-0.007,0.002,-1.009,0.01,0,0,0
40.389,1.6,-2.1,0.5,-0.004,0.001,-1.008,0.01,0,0,0
40.395,1.7,-1.5,0.5,-0.004,0.001,-1.006,0.01,0,0,0
40.401,2,-1.2,0.4,-0.003,0.001,-1.005,0.01,0,0,0
40.407,2.1,-0.9,0.3,-0.004,0,-1.004,0.01,0,0,0
40.413,2.3,-0.4,0.2,-0.006,0.001,-1.004,0.01,0,0,0
40.418,2.6,-0.1,0.1,-0.007,0,-1.005,0.01,0,0,0
40.422,2.8,0,-0.1,-0.009,0,-1.006,0.01,0,0,0
40.427,2.9,0.2,-0.4,-0.011,0,-1.008,0.01,0,0,0
40.431,3.1,0.4,-0.5,-0.012,-0.001,-1.011,0.01,0,0,0
40.435,3.2,0.5,-0.6,-0.014,-0.002,-1.014,0.01,0,0,0
40.440,3.3,0.7,-0.6,-0.014,-0.003,-1.017,0.01,0,0,0
40.444,3.4,1.1,-0.6,-0.015,-0.005,-1.02,0.01,0,0,0
40.448,3.5,1.1,-0.7,-0.013,-0.006,-1.023,0.01,0,0,0
40.453,3.4,1.2,-0.9,-0.01,-0.01,-1.025,0.01,0,0,0
40.457,3.2,1.5,-1,-0.009,-0.012,-1.026,0.01,0,0,0
40.461,2.8,1.6,-0.9,-0.006,-0.016,-1.027,0.01,0,0,0
40.468,2.3,1.7,-0.8,-0.004,-0.023,-1.028,0,0,0,0
40.475,2.2,2,-0.8,-0.002,-0.027,-1.027,0,0,0,0
40.482,1.9,2.2,-0.9,-0.002,-0.03,-1.025,0,0,0,0
40.489,1.7,2.5,-0.9,0,-0.033,-1.023,0,0,0,0
40.496,1.5,2.7,-1.1,0,-0.038,-1.02,0,0,0,0
40.503,1.6,2.8,-1,0.002,-0.04,-1.018,0,0,0,0
40.510,1.3,3,-1.2,0.002,-0.04,-1.015,0,0,0,0
40.513,1.2,3.1,-1.3,0.003,-0.043,-1.012,0,0,0,0
40.517,0.9,3.3,-1.5,0.005,-0.044,-1.008,0,0,0,0
40.520,0.7,3.4,-1.7,0.006,-0.042,-1.004,0,0,0,0
40.523,0.3,3.7,-1.8,0.007,-0.041,-1.001,0,0,0,0
40.526,-0.1,3.6,-2.1,0.008,-0.039,-0.999,0,0,0,0
40.530,-0.6,3.7,-1.9,0.009,-0.039,-0.996,0,0,0,0
40.533,-1,3.7,-2,0.009,-0.036,-0.996,0,0,0,0
40.536,-1.4,3.5,-2.1,0.007,-0.034,-0.997,0,0,0,0
40.539,-1.6,3.5,-2,0.005,-0.032,-1,0,0,0,0
40.543,-1.8,3.4,-1.9,0.003,-0.031,-1.003,0,0,0,0
40.546,-2.3,3.2,-1.8,0.003,-0.029,-1.007,0,0,0,0
40.549,-2.6,2.9,-1.5,0.002,-0.027,-1.011,0,0,0,0
40.552,-2.8,2.7,-1.5,0.001,-0.028,-1.016,0,0,0,0
40.556,-2.9,2.6,-1.5,0.001,-0.027,-1.021,0,0,0,0
40.559,-3.4,2.3,-1.3,0.002,-0.027,-1.026,0,0,0,0
40.564,-3.6,1.8,-1.2,0.003,-0.027,-1.028,0.01,0,0,0
40.569,-3.7,1.6,-1.2,0.005,-0.027,-1.03,0.01,0,0,0
40.574,-3.6,1.3,-1.1,0.004,-0.029,-1.031,0.01,0,0,0
40.579,-3.6,1.1,-1.2,0.004,-0.027,-1.03,0.01,0,0,0
40.584,-3.7,0.7,-1.3,0.003,-0.027,-1.027,0.01,0,0,0
40.589,-3.5,0.6,-1.5,0.003,-0.027,-1.024,0.01,0,0,0
40.594,-3.6,0.2,-1.8,0.005,-0.026,-1.02,0.01,0,0,0
40.600,-3.4,0.2,-1.9,0.006,-0.025,-1.017,0.01,0,0,0
40.605,-3.4,0.1,-2,0.008,-0.025,-1.014,0.01,0,0,0
40.613,-3.4,0,-2.1,0.01,-0.023,-1.01,0,0,0.15,0
40.622,-3.5,-0.1,-2.1,0.009,-0.022,-1.008,0,0,0.15,0
40.631,-3.6,-0.1,-2.4,0.008,-0.019,-1.006,0,0,0.15,0
40.640,-3.6,-0.2,-2.6,0.006,-0.017,-1.003,0,0,0.15,0
40.649,-3.6,-0.4,-2.8,0.004,-0.015,-1.001,0,0,0.15,0
40.652,-3.7,-0.5,-2.9,0.004,-0.011,-1,-0.04,0,0.15,0
40.656,-3.6,-0.4,-2.8,0.003,-0.009,-0.999,-0.04,0,0.15,0
40.659,-3.4,-0.4,-2.8,0.002,-0.006,-0.999,-0.04,0,0.15,0
40.662,-3.3,-0.3,-2.8,0,-0.002,-0.999,-0.04,0,0.15,0
40.666,-3.1,-0.3,-2.8,0,0,-1,-0.04,0,0.15,0
40.669,-3,-0.5,-2.5,0,0,-1,-0.04,0,0.15,0
40.673,-2.8,-0.4,-2.6,-0.002,0.002,-1.002,-0.04,0,0.15,0
40.676,-2.6,-0.3,-2.5,-0.004,0.002,-1.003,-0.04,0,0.15,0
40.679,-2.4,-0.3,-2.2,-0.006,0.001,-1.004,-0.04,0,0.15,0
40.683,-2.3,-0.3,-2.1,-0.009,0,-1.004,-0.04,0,0.15,0
40.686,-2.2,-0.3,-1.9,-0.009,-0.002,-1.004,-0.04,0,0.15,0
40.689,-2,-0.3,-1.8,-0.01,-0.004,-1.007,-0.04,0,0.15,0
40.693,-1.9,-0.3,-1.5,-0.01,-0.008,-1.008,-0.04,0,0.15,0
40.696,-1.8,-0.3,-1.4,-0.009,-0.011,-1.008,-0.04,0,0.15,0
40.703,-1.8,-0.1,-1.2,-0.007,-0.014,-1.01,-0.05,0,0,0
40.709,-1.9,0,-1,-0.006,-0.017,-1.011,-0.05,0,0,0
40.715,-1.9,0,-1,-0.004,-0.021,-1.012,-0.05,0,0,0
40.722,-1.9,0.1,-1.2,-0.006,-0.023,-1.013,-0.05,0,0,0
40.728,-2.3,0.1,-1.3,-0.004,-0.025,-1.013,-0.05,0,0,0
40.735,-2.3,0.2,-1.4,-0.005,-0.026,-1.012,-0.05,0,0,0
40.741,-2.3,0.1,-1.4,-0.005,-0.027,-1.012,-0.05,0,0,0
40.746,-2.5,0.4,-1.5,-0.003,-0.024,-1.011,-0.02,0,0,0
40.750,-2.5,0.4,-1.5,-0.003,-0.022,-1.01,-0.02,0,0,0
40.755,-2.4,0.7,-1.4,-0.002,-0.017,-1.006,-0.02,0,0,0
40.760,-2.3,0.7,-1.4,-0.002,-0.014,-1.004,-0.02,0,0,0
40.764,-2.2,1.1,-1.1,-0.001,-0.011,-1.001,-0.02,0,0,0
40.769,-2.1,1.2,-1.2,-0.002,-0.009,-0.997,-0.02,0,0,0
40.774,-1.8,1.3,-1.2,-0.002,-0.005,-0.995,-0.02,0,0,0
40.778,-2,1.4,-1.2,-0.003,-0.002,-0.993,-0.02,0,0,0
40.783,-1.6,1.4,-1.1,-0.004,0,-0.992,-0.02,0,0,0
40.787,-1.7,1.6,-1.3,-0.004,0.002,-0.993,-0.02,0,0,0
40.794,-1.4,1.7,-1.2,-0.005,0.004,-0.994,0,-0.01,0,0
40.800,-1,2,-1.1,-0.005,0.006,-0.995,0,-0.01,0,0
40.806,-1.1,1.8,-1.2,-0.006,0.007,-0.996,0,-0.01,0,0
40.812,-0.8,2,-1.2,-0.007,0.007,-0.997,0,-0.01,0,0
40.818,-0.8,2,-1.2,-0.008,0.007,-0.998,0,-0.01,0,0
40.824,-0.6,2,-1,-0.008,0.004,-0.999,0,-0.01,0,0
40.831,-0.6,2,-1,-0.006,0.002,-1,0,-0.01,0,0
40.837,-0.8,2,-1.1,-0.007,0,-1.001,0,-0.01,0,0
40.843,-0.8,2,-1,-0.004,-0.003,-1.001,0.03,-0.01,0,0
40.849,-0.9,2.2,-0.9,-0.001,-0.006,-1.001,0.03,-0.01,0,0
40.855,-0.7,2.1,-0.9,0.002,-0.008,-1.001,0.03,-0.01,0,0
40.861,-0.6,2.1,-1,0.004,-0.012,-1.002,0.03,-0.01,0,0
40.867,-0.3,2,-1,0.006,-0.015,-1.004,0.03,-0.01,0,0
40.873,-0.3,2.1,-1,0.008,-0.017,-1.006,0.03,-0.01,0,0
40.879,-0.1,2,-1,0.008,-0.022,-1.008,0.03,-0.01,0,0
40.885,-0.3,1.9,-1.2,0.007,-0.026,-1.01,0.03,-0.01,0,0
40.890,-0.3,1.7,-1.2,0.007,-0.029,-1.011,0.04,-0.01,0,0
40.895,-0.7,1.6,-1.2,0.006,-0.032,-1.011,0.04,-0.01,0,0
40.899,-0.8,1.4,-1.2,0.005,-0.032,-1.011,0.04,-0.01,0,0
40.904,-0.9,1.4,-1.3,0.005,-0.031,-1.013,0.04,-0.01,0,0
40.909,-1,1.1,-1.1,0.005,-0.029,-1.013,0.04,-0.01,0,0
40.914,-1.1,1.2,-1.2,0.004,-0.027,-1.013,0.04,-0.01,0,0
40.919,-1.4,1,-1,0.004,-0.024,-1.011,0.04,-0.01,0,0
40.924,-1.5,0.7,-1,0.004,-0.022,-1.011,0.04,-0.01,0,0
40.929,-1.5,0.4,-0.9,0.004,-0.018,-1.01,0.04,-0.01,0,0
40.934,-1.7,0.4,-0.7,0.005,-0.014,-1.01,0.04,-0.01,0,0
40.939,-1.6,0.2,-0.5,0.007,-0.011,-1.01,0.05,-0.01,0,0
40.944,-1.7,0.1,-0.4,0.009,-0.009,-1.008,0.05,-0.01,0,0
40.949,-1.7,0.1,-0.3,0.011,-0.007,-1.006,0.05,-0.01,0,0
40.955,-1.7,0,-0.2,0.012,-0.006,-1.005,0.05,-0.01,0,0
40.960,-1.7,-0.1,-0.1,0.011,-0.005,-1.003,0.05,-0.01,0,0
40.965,-1.8,-0.1,-0.2,0.011,-0.005,-1.002,0.05,-0.01,0,0
40.970,-1.9,-0.5,-0.1,0.01,-0.006,-1,0.05,-0.01,0,0
40.976,-1.8,-0.6,-0.2,0.011,-0.007,-0.999,0.05,-0.01,0,0
40.981,-1.7,-0.8,-0.3,0.012,-0.007,-0.999,0.06,-0.01,0,0
40.985,-1.6,-0.8,-0.4,0.014,-0.008,-0.999,0.06,-0.01,0,0
40.990,-1.4,-0.9,-0.4,0.016,-0.01,-0.999,0.06,-0.01,0,0
40.995,-1.2,-1,-0.3,0.016,-0.01,-1,0.06,-0.01,0,0
41.000,-1.1,-1.2,-0.4,0.017,-0.012,-1.003,0.06,-0.01,0,0
41.005,-0.9,-1.2,-0.3,0.017,-0.015,-1.005,0.06,-0.01,0,0
41.010,-0.8,-1.3,-0.2,0.015,-0.016,-1.007,0.06,-0.01,0,0
41.015,-0.7,-1.2,-0.3,0.015,-0.016,-1.01,0.06,-0.01,0,0
41.020,-0.9,-1.3,-0.1,0.015,-0.015,-1.011,0.06,-0.01,0,0
41.025,-0.8,-1.2,-0.4,0.012,-0.015,-1.013,0.06,-0.01,0,0
41.029,-0.9,-1.4,-0.4,0.013,-0.015,-1.014,0.02,0,0,0
41.033,-0.9,-1.4,-0.4,0.011,-0.014,-1.015,0.02,0,0,0
41.037,-1.2,-1.5,-0.4,0.012,-0.013,-1.016,0.02,0,0,0
41.041,-1,-1.5,0,0.012,-0.01,-1.018,0.02,0,0,0
41.045,-1.2,-1.5,0.1,0.011,-0.01,-1.017,0.02,0,0,0
41.049,-1.2,-1.5,0.3,0.011,-0.009,-1.016,0.02,0,0,0
41.053,-1.2,-1.4,0.6,0.011,-0.007,-1.016,0.02,0,0,0
41.057,-1.1,-1.4,0.9,0.011,-0.007,-1.016,0.02,0,0,0
41.061,-1.2,-1.6,1.1,0.013,-0.007,-1.015,0.02,0,0,0
41.065,-1.3,-1.3,1.5,0.015,-0.008,-1.014,0.02,0,0,0
41.069,-1.2,-1.2,1.7,0.016,-0.011,-1.012,0.02,0,0,0
41.073,-1.3,-1.1,1.8,0.016,-0.014,-1.01,0.02,0,0,0
41.078,-1.6,-1.1,1.8,0.015,-0.017,-1.009,0.01,0,0,0
41.083,-1.6,-0.9,1.7,0.014,-0.02,-1.007,0.01,0,0,0
41.088,-2,-0.9,1.7,0.015,-0.022,-1.006,0.01,0,0,0
41.093,-2.1,-0.9,1.8,0.016,-0.024,-1.005,0.01,0,0,0
41.098,-2.3,-0.5,2,0.016,-0.025,-1.005,0.01,0,0,0
41.103,-2.3,-0.7,1.9,0.016,-0.027,-1.005,0.01,0,0,0
41.109,-2.5,-0.5,2,0.016,-0.026,-1.005,0.01,0,0,0
41.114,-2.6,-0.5,2,0.019,-0.024,-1.006,0.01,0,0,0
41.119,-2.5,-0.4,2.1,0.02,-0.024,-1.006,0.01,0,0,0
41.125,-2.3,-0.3,2,0.021,-0.022,-1.006,-0.01,0,0,0
41.131,-2.5,-0.1,2.3,0.022,-0.02,-1.007,-0.01,0,0,0
41.138,-2.3,-0.1,2.3,0.023,-0.019,-1.008,-0.01,0,0,0
41.144,-2.2,0,2.3,0.024,-0.017,-1.009,-0.01,0,0,0
41.150,-2.3,0,2.3,0.025,-0.015,-1.009,-0.01,0,0,0
41.156,-2.3,0.1,2.1,0.028,-0.013,-1.009,-0.01,0,0,0
41.163,-2.1,0,2.3,0.027,-0.011,-1.011,-0.01,0,0,0
41.167,-1.8,0.2,2.3,0.027,-0.009,-1.011,0,0,0,-0.31
41.171,-2,0.3,2.1,0.027,-0.008,-1.012,0,0,0,-0.31
41.176,-1.7,0.1,2,0.027,-0.005,-1.012,0,0,0,-0.31
41.180,-1.3,0.2,1.9,0.027,-0.002,-1.012,0,0,0,-0.31
41.184,-1.1,0.1,1.7,0.028,-0.002,-1.012,0,0,0,-0.31
41.189,-0.9,0,1.7,0.027,-0.001,-1.014,0,0,0,-0.31
41.193,-0.6,-0.2,1.4,0.027,-0.001,-1.014,0,0,0,-0.31
41.197,-0.6,-0.3,1.2,0.026,0,-1.015,0,0,0,-0.31
41.202,-0.5,-0.3,0.9,0.027,-0.001,-1.015,0,0,0,-0.31
41.206,-0.6,-0.5,0.7,0.026,-0.003,-1.016,0,0,0,-0.31
41.210,-0.5,-0.8,0.4,0.026,-0.004,-1.016,0,0,0,-0.31
41.215,-0.7,-1,0.4,0.025,-0.006,-1.016,0.05,0,0,-0.15
41.219,-0.9,-1.3,0.1,0.027,-0.009,-1.015,0.05,0,0,-0.15
41.224,-0.9,-1.4,0,0.029,-0.008,-1.015,0.05,0,0,-0.15
41.228,-1,-1.7,0,0.029,-0.01,-1.016,0.05,0,0,-0.15
41.233,-1.2,-2,0,0.03,-0.012,-1.017,0.05,0,0,-0.15
41.237,-1.1,-2.2,-0.1,0.033,-0.013,-1.015,0.05,0,0,-0.15
41.242,-1.3,-2.2,-0.5,0.035,-0.015,-1.014,0.05,0,0,-0.15
41.246,-1.2,-2.5,-0.7,0.038,-0.015,-1.013,0.05,0,0,-0.15
41.251,-1.5,-2.4,-1,0.041,-0.015,-1.012,0.05,0,0,-0.15
41.255,-1.4,-2.6,-1.3,0.043,-0.015,-1.01,0.05,0,0,-0.15
41.260,-1.4,-2.7,-1.6,0.044,-0.014,-1.008,0.05,0,0,-0.15
41.267,-1.4,-2.9,-1.8,0.046,-0.014,-1.007,0.08,0,0,0
41.274,-1.2,-2.9,-1.8,0.044,-0.013,-1.007,0.08,0,0,0
41.281,-1.1,-3,-2.3,0.044,-0.014,-1.006,0.08,0,0,0
41.288,-0.9,-3.1,-2.3,0.044,-0.012,-1.005,0.08,0,0,0
41.295,-0.6,-3.1,-2.6,0.042,-0.01,-1.005,0.08,0,0,0
41.302,-0.6,-3.3,-2.9,0.04,-0.009,-1.005,0.08,0,0,0
41.309,-0.3,-3.3,-2.8,0.04,-0.006,-1.005,0.08,0,0,0
41.313,-0.3,-3.3,-2.9,0.037,-0.006,-1.005,0.12,0,0,0
41.318,-0.2,-3.3,-2.9,0.036,-0.005,-1.007,0.12,0,0,0
41.322,-0.1,-3.4,-2.8,0.033,-0.003,-1.009,0.12,0,0,0
41.326,-0.1,-3.6,-2.5,0.031,-0.005,-1.011,0.12,0,0,0
41.331,-0.4,-3.7,-2.5,0.028,-0.007,-1.013,0.12,0,0,0
41.335,-0.6,-4,-2,0.025,-0.008,-1.014,0.12,0,0,0
41.339,-0.8,-4.2,-1.9,0.023,-0.011,-1.016,0.12,0,0,0
41.344,-1,-4.5,-1.5,0.023,-0.013,-1.017,0.12,0,0,0
41.348,-1.4,-4.7,-1.4,0.023,-0.016,-1.02,0.12,0,0,0
41.353,-1.7,-5,-1.2,0.023,-0.019,-1.021,0.12,0,0,0
41.357,-2.2,-5.1,-1.1,0.025,-0.024,-1.022,0.12,0,0,0
41.363,-2.6,-5.3,-0.8,0.027,-0.029,-1.023,0.13,0,0,0
41.369,-3.1,-5.6,-0.9,0.03,-0.034,-1.024,0.13,0,0,0
41.375,-3.8,-5.6,-0.9,0.033,-0.038,-1.023,0.13,0,0,0
41.381,-4.1,-5.7,-0.8,0.037,-0.041,-1.022,0.13,0,0,0
41.387,-4.5,-5.6,-0.9,0.041,-0.043,-1.02,0.13,0,0,0
41.394,-4.8,-5.6,-0.9,0.042,-0.044,-1.018,0.13,0,0,0
41.400,-5,-5.5,-1.2,0.042,-0.043,-1.017,0.13,0,0,0
41.404,-5,-5.2,-1.4,0.042,-0.042,-1.016,0.12,0.01,0,0
41.408,-5.2,-5.1,-1.6,0.04,-0.041,-1.015,0.12,0.01,0,0
41.413,-5.3,-4.8,-1.6,0.038,-0.038,-1.015,0.12,0.01,0,0
41.417,-5.3,-4.5,-1.8,0.036,-0.033,-1.016,0.12,0.01,0,0
41.421,-5.6,-4.3,-1.7,0.032,-0.03,-1.018,0.12,0.01,0,0
41.426,-5.7,-3.9,-1.9,0.03,-0.026,-1.019,0.12,0.01,0,0
41.430,-6,-3.8,-1.8,0.027,-0.019,-1.019,0.12,0.01,0,0
41.435,-6.1,-3.7,-1.9,0.024,-0.014,-1.02,0.12,0.01,0,0
41.439,-6.4,-3.4,-1.6,0.024,-0.009,-1.021,0.12,0.01,0,0
41.443,-6.6,-3.2,-1.4,0.023,-0.005,-1.023,0.12,0.01,0,0
41.448,-6.9,-3.2,-1.1,0.024,-0.002,-1.024,0.12,0.01,0,0
41.455,-7.1,-2.8,-1,0.025,0,-1.024,0.1,0.01,0.15,-0.15
41.461,-7.3,-2.6,-1,0.025,0.001,-1.024,0.1,0.01,0.15,-0.15
41.468,-7.5,-2.4,-0.9,0.025,0.002,-1.024,0.1,0.01,0.15,-0.15
41.475,-7.6,-2.1,-0.7,0.025,0.003,-1.023,0.1,0.01,0.15,-0.15
41.482,-7.8,-1.9,-0.7,0.024,0.001,-1.022,0.1,0.01,0.15,-0.15
41.489,-7.6,-1.6,-0.7,0.024,0.001,-1.02,0.1,0.01,0.15,-0.15
41.496,-7.8,-1.2,-0.7,0.025,0,-1.018,0.1,0.01,0.15,-0.15
41.500,-7.8,-0.9,-0.7,0.027,-0.001,-1.016,0.08,0.02,0,-0.32
41.504,-7.6,-0.6,-0.7,0.027,0,-1.015,0.08,0.02,0,-0.32
41.507,-7.6,0,-0.8,0.028,0,-1.013,0.08,0.02,0,-0.32
41.511,-7.3,0.2,-0.9,0.028,0,-1.011,0.08,0.02,0,-0.32
41.515,-7,0.8,-1,0.029,0,-1.012,0.08,0.02,0,-0.32
41.519,-6.5,1.3,-1.1,0.031,0.001,-1.013,0.08,0.02,0,-0.32
41.522,-6,1.6,-1.2,0.031,0.003,-1.014,0.08,0.02,0,-0.32
41.526,-5.4,2.3,-1.4,0.031,0.005,-1.017,0.08,0.02,0,-0.32
41.530,-4.7,2.6,-1.4,0.031,0.009,-1.019,0.08,0.02,0,-0.32
41.534,-3.9,3.2,-1.6,0.028,0.013,-1.021,0.08,0.02,0,-0.32
41.538,-3.4,3.5,-1.6,0.025,0.016,-1.023,0.08,0.02,0,-0.32
41.544,-2.9,4,-1.7,0.024,0.019,-1.024,0.06,0.02,0,0
41.550,-2.5,4.2,-1.3,0.022,0.022,-1.026,0.06,0.02,0,0
41.556,-2,4.5,-0.9,0.021,0.025,-1.026,0.06,0.02,0,0
41.562,-1.4,4.7,-0.8,0.021,0.026,-1.026,0.06,0.02,0,0
41.568,-1.2,4.8,-0.4,0.022,0.028,-1.024,0.06,0.02,0,0
41.574,-1,4.8,-0.1,0.021,0.028,-1.023,0.06,0.02,0,0
41.581,-0.6,5,0.1,0.023,0.03,-1.022,0.06,0.02,0,0
41.587,0,4.9,0.6,0.026,0.031,-1.02,0.06,0.02,0,0
41.590,0.3,4.8,0.7,0.029,0.032,-1.018,0.07,0.03,0,-0.15
41.594,0.7,4.9,0.8,0.034,0.031,-1.016,0.07,0.03,0,-0.15
41.598,1.4,4.9,1,0.039,0.032,-1.013,0.07,0.03,0,-0.15
41.601,1.8,4.9,1,0.043,0.031,-1.01,0.07,0.03,0,-0.15
41.605,2.3,4.9,1,0.046,0.03,-1.009,0.07,0.03,0,-0.15
41.608,2.9,5,1.2,0.049,0.028,-1.008,0.07,0.03,0,-0.15
41.612,3.1,5,1.2,0.049,0.026,-1.006,0.07,0.03,0,-0.15
41.616,3.6,5,1,0.049,0.023,-1.007,0.07,0.03,0,-0.15
41.619,3.7,5.1,1.1,0.047,0.02,-1.008,0.07,0.03,0,-0.15
41.623,3.5,5.2,1.1,0.045,0.017,-1.01,0.07,0.03,0,-0.15
41.626,3.6,5.4,1.1,0.044,0.013,-1.01,0.07,0.03,0,-0.15
41.630,3.4,5.1,1,0.042,0.011,-1.011,0.07,0.03,0,-0.15
41.634,3.4,5.2,1.1,0.038,0.009,-1.012,0.07,0.03,0,-0.15
41.639,2.9,4.9,1,0.035,0.009,-1.013,0.06,0.03,-0.15,-0.15
41.644,2.8,4.7,1.4,0.032,0.011,-1.013,0.06,0.03,-0.15,-0.15
41.649,2.7,4.5,1.5,0.031,0.014,-1.013,0.06,0.03,-0.15,-0.15
41.654,2.9,4.3,1.4,0.032,0.016,-1.012,0.06,0.03,-0.15,-0.15
41.659,3,4,1.8,0.033,0.017,-1.011,0.06,0.03,-0.15,-0.15
41.664,3.2,3.7,2,0.035,0.02,-1.009,0.06,0.03,-0.15,-0.15
41.669,3.3,3.5,2.1,0.038,0.021,-1.007,0.06,0.03,-0.15,-0.15
41.674,3.4,3.3,2.5,0.041,0.021,-1.005,0.06,0.03,-0.15,-0.15
41.679,3.5,3,2.6,0.045,0.022,-1.006,0.06,0.03,-0.15,-0.15
41.684,3.6,2.7,2.7,0.047,0.022,-1.007,0.08,0.02,0,-0.31
41.689,3.7,2.4,2.6,0.05,0.022,-1.006,0.08,0.02,0,-0.31
41.694,3.9,2.3,2.3,0.049,0.023,-1.004,0.08,0.02,0,-0.31
41.700,4,2,2,0.049,0.022,-1.003,0.08,0.02,0,-0.31
41.705,3.9,1.8,1.7,0.049,0.023,-1.001,0.08,0.02,0,-0.31
41.710,4,1.7,1.3,0.048,0.022,-0.997,0.08,0.02,0,-0.31
41.715,4,1.5,0.9,0.048,0.02,-0.995,0.08,0.02,0,-0.31
41.721,3.8,1.5,0.5,0.049,0.019,-0.993,0.08,0.02,0,-0.31
41.726,3.7,1.2,0.1,0.049,0.019,-0.991,0.08,0.02,0,-0.31
41.731,3.5,1.4,-0.3,0.052,0.017,-0.99,0.07,0.02,0,-0.31
41.737,3.3,1.2,-0.6,0.052,0.018,-0.99,0.07,0.02,0,-0.31
41.742,3.3,1.2,-1,0.053,0.02,-0.992,0.07,0.02,0,-0.31
41.747,3.4,1.1,-1.2,0.052,0.022,-0.994,0.07,0.02,0,-0.31
41.752,3.6,1,-1.7,0.05,0.023,-0.997,0.07,0.02,0,-0.31
41.758,3.8,0.9,-1.9,0.048,0.023,-1.001,0.07,0.02,0,-0.31
41.763,3.9,0.7,-2.1,0.046,0.023,-1.005,0.07,0.02,0,-0.31
41.768,4,0.4,-2.4,0.044,0.023,-1.01,0.07,0.02,0,-0.31
41.774,4.2,0,-2.6,0.041,0.023,-1.014,0.07,0.02,0,-0.31
41.779,4.3,-0.1,-2.7,0.038,0.023,-1.019,0.05,0.02,-0.15,-0.15
41.785,4.7,-0.8,-2.6,0.037,0.024,-1.023,0.05,0.02,-0.15,-0.15
41.790,4.9,-0.8,-2.5,0.036,0.025,-1.027,0.05,0.02,-0.15,-0.15
41.795,5,-1.1,-2.5,0.037,0.026,-1.031,0.05,0.02,-0.15,-0.15
41.801,5.1,-1.4,-2.2,0.037,0.025,-1.032,0.05,0.02,-0.15,-0.15
41.806,4.9,-1.7,-2,0.034,0.024,-1.032,0.05,0.02,-0.15,-0.15
41.812,4.8,-1.9,-1.8,0.035,0.021,-1.028,0.05,0.02,-0.15,-0.15
41.817,4.6,-2.3,-1.4,0.035,0.018,-1.024,0.05,0.02,-0.15,-0.15
41.823,4.3,-2.4,-1,0.035,0.016,-1.019,0.05,0.02,-0.15,-0.15
41.827,4.2,-2.5,-0.7,0.035,0.013,-1.012,0.01,0.01,-0.15,-0.15
41.831,3.7,-2.6,-0.5,0.034,0.012,-1.006,0.01,0.01,-0.15,-0.15
41.836,3.5,-2.8,-0.1,0.035,0.011,-0.999,0.01,0.01,-0.15,-0.15
41.840,3.5,-2.8,0.1,0.036,0.01,-0.994,0.01,0.01,-0.15,-0.15
41.845,3.2,-2.5,0.4,0.037,0.009,-0.989,0.01,0.01,-0.15,-0.15
41.849,3.1,-2.6,0.7,0.039,0.009,-0.984,0.01,0.01,-0.15,-0.15
41.853,2.8,-2.5,0.9,0.042,0.007,-0.98,0.01,0.01,-0.15,-0.15
41.858,2.8,-2.3,1.2,0.043,0.009,-0.977,0.01,0.01,-0.15,-0.15
41.862,2.7,-2.2,1.3,0.044,0.008,-0.974,0.01,0.01,-0.15,-0.15
41.867,2.4,-2,1.5,0.046,0.01,-0.973,0.01,0.01,-0.15,-0.15
41.871,2.3,-2,1.6,0.047,0.012,-0.973,0.01,0.01,-0.15,-0.15
41.877,2.3,-1.8,1.6,0.047,0.016,-0.976,0.01,0.01,-0.15,-0.31
41.883,2.3,-1.7,1.9,0.047,0.018,-0.978,0.01,0.01,-0.15,-0.31
41.889,2.3,-1.4,1.9,0.043,0.021,-0.983,0.01,0.01,-0.15,-0.31
41.895,2.3,-1.2,2.1,0.038,0.024,-0.988,0.01,0.01,-0.15,-0.31
41.901,2.3,-1.2,2.3,0.033,0.025,-0.993,0.01,0.01,-0.15,-0.31
41.907,2.2,-0.9,2.7,0.028,0.025,-0.999,0.01,0.01,-0.15,-0.31
41.913,2.1,-1,3.1,0.023,0.026,-1.005,0.01,0.01,-0.15,-0.31
41.917,2,-1,3.4,0.017,0.027,-1.009,0,0,0,-0.16
41.921,1.7,-1.2,3.9,0.013,0.028,-1.012,0,0,0,-0.16
41.926,1.5,-1.4,3.9,0.01,0.027,-1.014,0,0,0,-0.16
41.930,1.2,-1.6,4.4,0.011,0.027,-1.015,0,0,0,-0.16
41.935,0.8,-1.6,4.5,0.015,0.027,-1.013,0,0,0,-0.16
41.939,0.6,-1.7,4.7,0.019,0.026,-1.012,0,0,0,-0.16
41.944,0.4,-1.6,4.9,0.026,0.027,-1.006,0,0,0,-0.16
41.948,0.2,-1.8,4.8,0.031,0.027,-0.998,0,0,0,-0.16
41.953,0.1,-1.6,4.8,0.04,0.028,-0.991,0,0,0,-0.16
41.957,0.3,-1.3,4.7,0.048,0.031,-0.983,0,0,0,-0.16
41.961,0.6,-0.9,4.5,0.056,0.033,-0.976,0,0,0,-0.16
41.966,1,-0.5,4.2,0.064,0.037,-0.971,0.03,-0.01,0,-0.31
41.970,1.5,0.1,4,0.07,0.04,-0.967,0.03,-0.01,0,-0.31
41.975,1.9,0.6,3.6,0.073,0.043,-0.964,0.03,-0.01,0,-0.31
41.979,1.9,1.4,3.2,0.072,0.046,-0.964,0.03,-0.01,0,-0.31
41.984,2.2,1.8,2.9,0.073,0.047,-0.965,0.03,-0.01,0,-0.31
41.988,2,2.5,2.3,0.071,0.049,-0.968,0.03,-0.01,0,-0.31
41.992,1.6,3.1,1.9,0.067,0.048,-0.971,0.03,-0.01,0,-0.31
41.997,1.3,3.4,1.4,0.065,0.047,-0.974,0.03,-0.01,0,-0.31
42.001,0.5,3.7,1.3,0.061,0.047,-0.977,0.03,-0.01,0,-0.31
42.006,-0.2,4,0.9,0.055,0.048,-0.978,0.03,-0.01,0,-0.31
42.010,-0.8,4.1,0.6,0.052,0.046,-0.979,0.03,-0.01,0,-0.31
42.017,-1.4,4.4,0.2,0.048,0.047,-0.98,0.05,-0.02,0,-0.31
42.023,-1.6,4.5,0.4,0.045,0.046,-0.981,0.05,-0.02,0,-0.31
42.030,-1.9,4.7,0.1,0.041,0.044,-0.979,0.05,-0.02,0,-0.31
42.036,-1.7,4.5,0,0.038,0.043,-0.979,0.05,-0.02,0,-0.31
42.043,-1.6,4.6,-0.1,0.036,0.039,-0.979,0.05,-0.02,0,-0.31
42.049,-1.5,4.5,-0.4,0.033,0.035,-0.979,0.05,-0.02,0,-0.31
42.056,-1.3,4.4,-0.9,0.029,0.03,-0.978,0.05,-0.02,0,-0.31
42.062,-1,4.3,-1.3,0.027,0.027,-0.978,0.05,-0.03,0,-0.31
42.069,-0.7,4,-1.5,0.029,0.027,-0.977,0.05,-0.03,0,-0.31
42.075,-0.5,3.9,-1.8,0.031,0.026,-0.977,0.05,-0.03,0,-0.31
42.081,-0.2,3.7,-2.1,0.034,0.026,-0.976,0.05,-0.03,0,-0.31
42.088,0.1,3.5,-2.3,0.038,0.027,-0.977,0.05,-0.03,0,-0.31
42.094,0.2,3.5,-2.5,0.041,0.028,-0.977,0.05,-0.03,0,-0.31
42.100,0.3,3.3,-2.9,0.042,0.03,-0.977,0.05,-0.03,0,-0.31
42.104,0.2,3.3,-3.4,0.045,0.029,-0.978,0.02,-0.04,0,-0.47
42.107,0,3.2,-3.7,0.046,0.028,-0.978,0.02,-0.04,0,-0.47
42.111,-0.2,3,-3.9,0.046,0.027,-0.98,0.02,-0.04,0,-0.47
42.114,-0.9,3,-4.3,0.045,0.025,-0.982,0.02,-0.04,0,-0.47
42.118,-1.4,3,-4.7,0.045,0.022,-0.985,0.02,-0.04,0,-0.47
42.121,-1.9,2.9,-4.8,0.046,0.02,-0.99,0.02,-0.04,0,-0.47
42.125,-2.5,2.7,-5.1,0.045,0.017,-0.995,0.02,-0.04,0,-0.47
42.128,-2.8,2.5,-5.3,0.043,0.014,-1.002,0.02,-0.04,0,-0.47
42.132,-2.9,2.6,-5.6,0.043,0.009,-1.009,0.02,-0.04,0,-0.47
42.135,-3.1,2.6,-5.7,0.045,0.005,-1.017,0.02,-0.04,0,-0.47
42.139,-3.2,2.4,-6.1,0.046,0,-1.023,0.02,-0.04,0,-0.47
42.142,-3,2.4,-6.4,0.05,-0.003,-1.028,0.02,-0.04,0,-0.47
42.146,-3.2,2.4,-7.2,0.052,-0.008,-1.031,0.02,-0.04,0,-0.47
42.149,-2.9,2.6,-7.9,0.055,-0.013,-1.033,0.02,-0.04,0,-0.47
42.156,-2.8,2.7,-8.8,0.059,-0.017,-1.034,0.01,-0.03,0,-0.45
42.163,-2.7,3,-9.9,0.058,-0.02,-1.035,0.01,-0.03,0,-0.45
42.170,-2.2,3.4,-11.5,0.056,-0.021,-1.039,0.01,-0.03,0,-0.45
42.177,-2,3.4,-12.6,0.05,-0.021,-1.044,0.01,-0.03,0,-0.45
42.184,-2,3.4,-13.8,0.04,-0.022,-1.051,0.01,-0.03,0,-0.45
42.190,-1.8,3.2,-14.7,0.029,-0.019,-1.062,0.01,-0.03,0,-0.45
42.197,-1.8,2.9,-15.5,0.016,-0.015,-1.074,0.01,-0.03,0,-0.45
42.202,-1.7,2.5,-16.1,0.004,-0.011,-1.089,-0.02,0.01,0,-0.46
42.206,-2,2.3,-16.3,-0.007,-0.005,-1.104,-0.02,0.01,0,-0.46
42.211,-2.5,1.5,-16.1,-0.02,0,-1.118,-0.02,0.01,0,-0.46
42.215,-3.1,0.7,-15.7,-0.031,0.006,-1.129,-0.02,0.01,0,-0.46
42.220,-3.7,-0.1,-14.8,-0.039,0.012,-1.136,-0.02,0.01,0,-0.46
42.224,-4.5,-0.8,-13.9,-0.043,0.017,-1.137,-0.02,0.01,0,-0.46
42.228,-5.1,-1.7,-12.6,-0.043,0.022,-1.132,-0.02,0.01,0,-0.46
42.233,-5.8,-2.4,-11.4,-0.038,0.023,-1.12,-0.02,0.01,0,-0.46
42.237,-6.5,-2.7,-10.1,-0.029,0.023,-1.101,-0.02,0.01,0,-0.46
42.242,-7,-3,-9,-0.016,0.022,-1.078,-0.02,0.01,0,-0.46
42.246,-7.1,-3,-8.2,-0.001,0.02,-1.054,-0.02,0.01,0,-0.46
42.252,-7,-2.6,-7.2,0.013,0.018,-1.028,-0.03,0.01,0.15,-0.46
42.258,-6.7,-2.3,-6.4,0.03,0.019,-1.006,-0.03,0.01,0.15,-0.46
42.264,-5.8,-1.4,-6,0.047,0.02,-0.987,-0.03,0.01,0.15,-0.46
42.270,-5,-0.2,-5.7,0.062,0.02,-0.971,-0.03,0.01,0.15,-0.46
42.276,-3.8,0.6,-5.6,0.072,0.02,-0.962,-0.03,0.01,0.15,-0.46
42.282,-2.8,1.8,-5.3,0.08,0.019,-0.956,-0.03,0.01,0.15,-0.46
42.288,-2,2.8,-5.1,0.086,0.018,-0.956,-0.03,0.01,0.15,-0.46
42.292,-1.3,4,-5,0.085,0.017,-0.962,-0.02,0.01,0,-0.47
42.297,-1.1,4.8,-4.8,0.081,0.019,-0.971,-0.02,0.01,0,-0.47
42.301,-0.9,5.5,-4.4,0.077,0.019,-0.983,-0.02,0.01,0,-0.47
42.305,-1,6,-4,0.07,0.018,-0.998,-0.02,0.01,0,-0.47
42.310,-1.5,6.4,-3.6,0.062,0.019,-1.013,-0.02,0.01,0,-0.47
42.314,-2,6.6,-3.2,0.053,0.018,-1.029,-0.02,0.01,0,-0.47
42.319,-2.5,6.5,-2.6,0.043,0.017,-1.043,-0.02,0.01,0,-0.47
42.323,-3.2,6.2,-2.1,0.034,0.016,-1.053,-0.02,0.01,0,-0.47
42.328,-3.6,6.1,-1.9,0.025,0.016,-1.063,-0.02,0.01,0,-0.47
42.332,-4,5.7,-1.4,0.016,0.016,-1.068,-0.02,0.01,0,-0.47
42.336,-4.3,5.1,-0.9,0.008,0.014,-1.07,-0.02,0.01,0,-0.47
42.343,-4.5,4.3,-0.6,0.001,0.013,-1.069,-0.02,0.03,0,-0.47
42.350,-4.5,4,-0.2,-0.006,0.009,-1.066,-0.02,0.03,0,-0.47
42.357,-4.3,3,0,-0.012,0.005,-1.062,-0.02,0.03,0,-0.47
42.364,-4.1,2.7,0.3,-0.016,0.002,-1.058,-0.02,0.03,0,-0.47
42.371,-3.6,2.2,0.6,-0.02,0,-1.054,-0.02,0.03,0,-0.47
42.378,-3.1,1.6,0.6,-0.023,0.002,-1.05,-0.02,0.03,0,-0.47
42.385,-2.2,1.2,0.7,-0.025,0.002,-1.045,-0.02,0.03,0,-0.47
42.389,-1.2,0.6,0.7,-0.028,0.002,-1.041,-0.02,0.03,0,-0.47
42.394,-0.5,0.2,0.9,-0.028,0.003,-1.035,-0.02,0.03,0,-0.47
42.398,0.3,-0.1,0.9,-0.027,0.003,-1.029,-0.02,0.03,0,-0.47
42.402,1.2,-0.6,1,-0.024,0.008,-1.022,-0.02,0.03,0,-0.47
42.407,1.8,-0.8,1.6,-0.021,0.01,-1.016,-0.02,0.03,0,-0.47
42.411,2.1,-1.2,2.1,-0.015,0.014,-1.009,-0.02,0.03,0,-0.47
42.416,2.6,-1.3,2.5,-0.008,0.017,-1.002,-0.02,0.03,0,-0.47
42.420,2.9,-1.4,3.1,-0.001,0.022,-0.998,-0.02,0.03,0,-0.47
42.425,2.9,-1.6,3.9,0.006,0.025,-0.991,-0.02,0.03,0,-0.47
42.429,3.1,-1.4,4.5,0.015,0.027,-0.984,-0.02,0.03,0,-0.47
42.434,3.3,-1.4,5,0.025,0.028,-0.977,-0.02,0.03,0,-0.47
42.440,3.6,-1.2,5.7,0.033,0.028,-0.97,-0.02,0.01,0,-0.31
42.446,3.8,-1,6.1,0.041,0.027,-0.965,-0.02,0.01,0,-0.31
42.452,4.1,-0.5,6.4,0.047,0.023,-0.96,-0.02,0.01,0,-0.31
42.457,4.6,-0.2,6.8,0.051,0.018,-0.957,-0.02,0.01,0,-0.31
42.463,5.1,0,7,0.052,0.012,-0.956,-0.02,0.01,0,-0.31
42.469,5.3,0.5,7,0.051,0.005,-0.955,-0.02,0.01,0,-0.31
42.475,5.4,0.7,7,0.047,-0.001,-0.957,-0.02,0.01,0,-0.31
42.480,5.7,1,6.7,0.043,-0.009,-0.959,0,0,0,-0.31
42.484,5.7,1.2,6.5,0.039,-0.016,-0.962,0,0,0,-0.31
42.489,5.6,1.4,6.3,0.033,-0.021,-0.965,0,0,0,-0.31
42.493,5.6,1.5,6.3,0.029,-0.026,-0.969,0,0,0,-0.31
42.498,5.3,1.2,6,0.023,-0.028,-0.972,0,0,0,-0.31
42.502,4.9,1.4,5.7,0.018,-0.028,-0.975,0,0,0,-0.31
42.506,4.9,1.3,5.7,0.012,-0.029,-0.977,0,0,0,-0.31
42.511,4.7,1,5.6,0.006,-0.027,-0.979,0,0,0,-0.31
42.515,4.6,1.2,5.4,0.001,-0.024,-0.98,0,0,0,-0.31
42.520,4.3,1,5.4,-0.002,-0.021,-0.98,0,0,0,-0.31
42.524,4,0.7,5.3,-0.003,-0.021,-0.979,0,0,0,-0.31
42.529,3.7,0.7,5.1,-0.005,-0.018,-0.977,0,-0.02,0,-0.47
42.533,3.5,0.6,5.2,-0.006,-0.016,-0.974,0,-0.02,0,-0.47
42.537,3.2,0.4,5.4,-0.007,-0.015,-0.97,0,-0.02,0,-0.47
42.542,2.8,0.4,5.6,-0.007,-0.016,-0.965,0,-0.02,0,-0.47
42.546,2.6,0.4,5.9,-0.006,-0.015,-0.961,0,-0.02,0,-0.47
42.551,2.4,0.5,6,-0.002,-0.013,-0.956,0,-0.02,0,-0.47
42.555,2.3,0.7,6.3,0.002,-0.011,-0.95,0,-0.02,0,-0.47
42.559,2.2,1.1,6.5,0.007,-0.011,-0.944,0,-0.02,0,-0.47
42.564,2.1,1.3,6.4,0.012,-0.011,-0.938,0,-0.02,0,-0.47
42.568,2.1,1.8,6.4,0.018,-0.012,-0.934,0,-0.02,0,-0.47
42.573,1.9,2.3,6.3,0.021,-0.015,-0.932,0,-0.02,0,-0.47
42.577,1.8,2.5,6.4,0.025,-0.015,-0.928,0,-0.06,0,-0.79
42.582,1.4,2.9,6.3,0.029,-0.017,-0.927,0,-0.06,0,-0.79
42.586,0.9,3.4,6.2,0.031,-0.018,-0.928,0,-0.06,0,-0.79
42.591,0.3,3.7,6.2,0.031,-0.02,-0.931,0,-0.06,0,-0.79
42.595,0,3.8,6.2,0.032,-0.021,-0.934,0,-0.06,0,-0.79
42.600,-0.6,4.1,6.2,0.031,-0.021,-0.939,0,-0.06,0,-0.79
42.604,-1.1,4.5,6.5,0.03,-0.02,-0.944,0,-0.06,0,-0.79
42.609,-1.9,4.3,6.7,0.028,-0.021,-0.951,0,-0.06,0,-0.79
42.614,-2.6,4.3,7,0.027,-0.021,-0.955,0,-0.06,0,-0.79
42.618,-3.1,4.3,7.2,0.026,-0.021,-0.959,0,-0.06,0,-0.79
42.623,-3.7,4.1,7.4,0.026,-0.021,-0.963,0,-0.08,0,-0.92
42.628,-4.2,4,7.8,0.027,-0.018,-0.967,0,-0.08,0,-0.92
42.633,-4.5,4,7.9,0.027,-0.015,-0.971,0,-0.08,0,-0.92
42.638,-4.6,3.8,8.2,0.028,-0.012,-0.975,0,-0.08,0,-0.92
42.644,-4.4,3.5,8.6,0.029,-0.01,-0.977,0,-0.08,0,-0.92
42.649,-4.2,3.4,9.1,0.032,-0.007,-0.979,0,-0.08,0,-0.92
42.654,-3.9,3.2,9.5,0.033,-0.005,-0.98,0,-0.08,0,-0.92
42.659,-3.4,3.1,10,0.034,-0.005,-0.979,0,-0.08,0,-0.92
42.664,-3.1,2.9,10.4,0.033,-0.005,-0.978,0,-0.08,0,-0.92
42.669,-2.7,2.9,10.6,0.031,-0.004,-0.977,-0.06,-0.09,0,-0.93
42.675,-2.2,2.6,10.7,0.031,-0.002,-0.977,-0.06,-0.09,0,-0.93
42.680,-1.5,2.5,10.9,0.031,-0.002,-0.975,-0.06,-0.09,0,-0.93
42.685,-1.1,2.3,11,0.031,-0.003,-0.975,-0.06,-0.09,0,-0.93
42.691,-0.3,2,11.1,0.034,-0.003,-0.976,-0.06,-0.09,0,-0.93
42.696,0.4,1.9,11.2,0.037,-0.002,-0.979,-0.06,-0.09,0,-0.93
42.701,1.3,1.9,11.1,0.042,-0.001,-0.983,-0.06,-0.09,0,-0.93
42.707,2.1,1.8,11.1,0.046,0,-0.988,-0.06,-0.09,0,-0.93
42.712,3,1.8,10.8,0.052,0,-0.995,-0.06,-0.09,0,-0.93
42.717,3.7,1.8,11.1,0.058,-0.001,-1.002,-0.09,-0.08,-0.15,-0.92
42.722,4.4,2,11.1,0.066,-0.002,-1.012,-0.09,-0.08,-0.15,-0.92
42.726,4.8,2,10.8,0.072,-0.004,-1.019,-0.09,-0.08,-0.15,-0.92
42.731,5,2.3,10.9,0.077,-0.006,-1.027,-0.09,-0.08,-0.15,-0.92
42.736,4.9,2.6,11,0.079,-0.007,-1.032,-0.09,-0.08,-0.15,-0.92
42.741,4.2,2.9,10.9,0.077,-0.01,-1.035,-0.09,-0.08,-0.15,-0.92
42.746,3.1,3,11.2,0.074,-0.014,-1.036,-0.09,-0.08,-0.15,-0.92
42.750,2,3.4,11.2,0.068,-0.019,-1.035,-0.09,-0.08,-0.15,-0.92
42.755,0.7,3.4,11.2,0.057,-0.023,-1.035,-0.09,-0.08,-0.15,-0.92
42.760,-0.5,3.5,11.4,0.044,-0.026,-1.036,-0.09,-0.08,-0.15,-0.92
42.766,-1.5,3.5,11.3,0.029,-0.029,-1.04,-0.06,-0.06,-0.15,-0.3
42.772,-2,3.6,11.3,0.013,-0.03,-1.046,-0.06,-0.06,-0.15,-0.3
42.778,-2.2,3.4,11.4,-0.001,-0.031,-1.053,-0.06,-0.06,-0.15,-0.3
42.784,-1.8,3,11.2,-0.013,-0.033,-1.062,-0.06,-0.06,-0.15,-0.3
42.791,-1.2,2.7,11.2,-0.024,-0.034,-1.072,-0.06,-0.06,-0.15,-0.3
42.797,-0.3,2.1,11.1,-0.03,-0.037,-1.083,-0.06,-0.06,-0.15,-0.3
42.803,1,1.8,10.8,-0.035,-0.041,-1.091,-0.06,-0.06,-0.15,-0.3
42.809,2.4,1.3,10.6,-0.038,-0.044,-1.095,-0.06,-0.06,-0.15,-0.3
42.813,3.8,0.4,10.6,-0.036,-0.046,-1.095,-0.06,-0.05,-0.15,-0.3
42.816,5.3,0,10.8,-0.033,-0.047,-1.092,-0.06,-0.05,-0.15,-0.3
42.820,6.6,-0.6,11.2,-0.029,-0.046,-1.085,-0.06,-0.05,-0.15,-0.3
42.824,8.2,-1.2,11.4,-0.022,-0.045,-1.071,-0.06,-0.05,-0.15,-0.3
42.828,9.5,-1.4,11.5,-0.013,-0.04,-1.055,-0.06,-0.05,-0.15,-0.3
42.831,11,-1.7,11.8,-0.002,-0.036,-1.038,-0.06,-0.05,-0.15,-0.3
42.835,12.2,-1.9,12.2,0.008,-0.029,-1.019,-0.06,-0.05,-0.15,-0.3
42.839,13.6,-1.7,12.3,0.018,-0.021,-1.002,-0.06,-0.05,-0.15,-0.3
42.843,14.9,-1.6,12.6,0.027,-0.015,-0.987,-0.06,-0.05,-0.15,-0.3
42.846,15.9,-1.4,12.6,0.034,-0.007,-0.975,-0.06,-0.05,-0.15,-0.3
42.850,17,-1,12.8,0.041,-0.001,-0.968,-0.06,-0.05,-0.15,-0.3
42.857,17.9,-0.5,12.8,0.046,0.003,-0.967,-0.04,-0.05,-0.61,-0.76
42.864,18.6,-0.2,13.2,0.047,0.007,-0.974,-0.04,-0.05,-0.61,-0.76
42.871,18.7,0,13.4,0.045,0.008,-0.986,-0.04,-0.05,-0.61,-0.76
42.878,18.8,0.4,13.4,0.039,0.008,-1.002,-0.04,-0.05,-0.61,-0.76
42.885,18.3,0.4,13.4,0.031,0.005,-1.021,-0.04,-0.05,-0.61,-0.76
42.892,17.8,0.5,13.1,0.021,0.003,-1.04,-0.04,-0.05,-0.61,-0.76
42.899,16.8,0.4,13,0.01,-0.002,-1.058,-0.04,-0.05,-0.61,-0.76
42.906,16.1,0.1,12.4,0.001,-0.008,-1.074,-0.04,-0.03,-0.3,-0.3
42.913,15.1,0,12,-0.005,-0.014,-1.086,-0.04,-0.03,-0.3,-0.3
42.920,14.2,-0.5,11.1,-0.01,-0.022,-1.095,-0.04,-0.03,-0.3,-0.3
42.927,13.1,-1.1,10.4,-0.016,-0.029,-1.099,-0.04,-0.03,-0.3,-0.3
42.934,12,-1.6,9.8,-0.019,-0.037,-1.098,-0.04,-0.03,-0.3,-0.3
42.941,10.9,-2.1,9.1,-0.02,-0.044,-1.096,-0.04,-0.03,-0.3,-0.3
42.948,9.9,-2.6,8.4,-0.019,-0.05,-1.089,-0.04,-0.03,-0.3,-0.3
42.951,8.9,-3.1,7.8,-0.017,-0.051,-1.083,-0.04,0,-0.15,-0.3
42.954,7.6,-3.1,7.2,-0.016,-0.053,-1.073,-0.04,0,-0.15,-0.3
42.957,7,-3.4,6.8,-0.014,-0.052,-1.063,-0.04,0,-0.15,-0.3
42.961,6.3,-3.4,6.4,-0.013,-0.049,-1.055,-0.04,0,-0.15,-0.3
42.964,5.6,-3.3,5.8,-0.014,-0.043,-1.048,-0.04,0,-0.15,-0.3
42.967,5.3,-3.2,5.6,-0.015,-0.039,-1.042,-0.04,0,-0.15,-0.3
42.970,4.7,-2.8,5.2,-0.014,-0.035,-1.038,-0.04,0,-0.15,-0.3
42.974,4.1,-2.4,5,-0.016,-0.032,-1.034,-0.04,0,-0.15,-0.3
42.977,3.7,-1.9,5.1,-0.018,-0.027,-1.032,-0.04,0,-0.15,-0.3
42.980,3.2,-1.6,5.3,-0.018,-0.022,-1.031,-0.04,0,-0.15,-0.3
42.984,2.9,-1.1,5.4,-0.019,-0.017,-1.032,-0.04,0,-0.15,-0.3
42.987,2.5,-0.7,5.6,-0.021,-0.014,-1.031,-0.04,0,-0.15,-0.3
42.990,2.3,-0.2,5.9,-0.022,-0.01,-1.032,-0.04,0,-0.15,-0.3
42.993,1.8,0.1,6.2,-0.021,-0.009,-1.032,-0.04,0,-0.15,-0.3
42.997,1.5,0.2,6.5,-0.018,-0.009,-1.033,-0.04,0,-0.15,-0.3
43.003,0.9,0.5,6.9,-0.014,-0.01,-1.032,-0.07,0,0,-0.31
43.009,0.2,0.7,7.3,-0.011,-0.012,-1.03,-0.07,0,0,-0.31
43.016,-0.4,0.9,7.8,-0.008,-0.012,-1.027,-0.07,0,0,-0.31
43.022,-0.6,1.2,8.3,-0.003,-0.012,-1.025,-0.07,0,0,-0.31
43.028,-1,1.4,8.5,-0.002,-0.01,-1.024,-0.07,0,0,-0.31
43.035,-1.2,1.5,8.7,-0.003,-0.007,-1.022,-0.07,0,0,-0.31
43.041,-1.4,1.8,8.9,-0.005,-0.004,-1.022,-0.07,0,0,-0.31
43.045,-1.2,1.8,8.7,-0.009,0,-1.022,-0.09,0,0,-0.46
43.050,-1.2,2,8.7,-0.012,0.003,-1.021,-0.09,0,0,-0.46
43.054,-1.1,2.1,8.6,-0.014,0.007,-1.021,-0.09,0,0,-0.46
43.058,-1.2,2.2,8.5,-0.015,0.012,-1.021,-0.09,0,0,-0.46
43.062,-1.2,2.5,8.2,-0.014,0.018,-1.021,-0.09,0,0,-0.46
43.066,-1.4,2.8,7.9,-0.013,0.025,-1.021,-0.09,0,0,-0.46
43.070,-1.8,3.1,7.8,-0.012,0.032,-1.022,-0.09,0,0,-0.46
43.074,-2,3.2,7.3,-0.011,0.038,-1.023,-0.09,0,0,-0.46
43.079,-2.2,3.5,6.8,-0.008,0.043,-1.024,-0.09,0,0,-0.46
43.083,-2.1,3.5,6.2,-0.008,0.047,-1.028,-0.09,0,0,-0.46
43.087,-2.1,3.6,5.9,-0.008,0.052,-1.031,-0.09,0,0,-0.46
43.092,-2,3.5,5.1,-0.007,0.053,-1.033,-0.09,0.01,0,-0.31
43.097,-1.8,3.5,4.7,-0.008,0.054,-1.036,-0.09,0.01,0,-0.31
43.102,-1.4,3.2,3.9,-0.007,0.055,-1.035,-0.09,0.01,0,-0.31
43.107,-1.2,2.9,3.2,-0.008,0.053,-1.036,-0.09,0.01,0,-0.31
43.112,-0.8,2.4,2.7,-0.006,0.051,-1.034,-0.09,0.01,0,-0.31
43.117,-0.5,2.1,2.1,-0.001,0.045,-1.031,-0.09,0.01,0,-0.31
43.122,-0.1,1.9,1.8,0.002,0.039,-1.028,-0.09,0.01,0,-0.31
43.127,-0.2,1.8,1.1,0.005,0.032,-1.024,-0.09,0.01,0,-0.31
43.132,-0.4,1.5,0.5,0.006,0.025,-1.02,-0.09,0.01,0,-0.31
43.138,-0.8,1.2,-0.1,0.008,0.018,-1.016,-0.07,0.02,0,-0.3
43.145,-1.2,1.2,-1,0.008,0.013,-1.012,-0.07,0.02,0,-0.3
43.151,-1.8,1.2,-1.7,0.007,0.007,-1.009,-0.07,0.02,0,-0.3
43.158,-2.3,1,-2.7,0.003,0.005,-1.007,-0.07,0.02,0,-0.3
43.164,-3.1,1.3,-3.5,0,0.002,-1.007,-0.07,0.02,0,-0.3
43.171,-3.8,1.3,-4.6,-0.006,-0.001,-1.006,-0.07,0.02,0,-0.3
43.177,-4.5,1.3,-5.3,-0.01,-0.002,-1.006,-0.07,0.02,0,-0.3
43.184,-5.3,1.4,-6.2,-0.014,-0.003,-1.008,-0.07,0.02,0,-0.3
43.188,-5.7,1.4,-6.7,-0.017,-0.004,-1.01,-0.02,0.02,0,-0.31
43.192,-6.1,1.6,-7.1,-0.017,-0.003,-1.01,-0.02,0.02,0,-0.31
43.196,-6.2,1.5,-7.3,-0.016,-0.002,-1.011,-0.02,0.02,0,-0.31
43.201,-6.1,1.8,-7.8,-0.014,-0.001,-1.013,-0.02,0.02,0,-0.31
43.205,-5.5,1.6,-7.7,-0.012,0,-1.011,-0.02,0.02,0,-0.31
43.209,-5,1.6,-7.8,-0.012,-0.001,-1.009,-0.02,0.02,0,-0.31
43.213,-4.5,1.8,-7.9,-0.013,-0.001,-1.006,-0.02,0.02,0,-0.31
43.217,-4.1,1.6,-8.3,-0.017,-0.003,-1.003,-0.02,0.02,0,-0.31
43.221,-3.6,1.3,-8.3,-0.02,-0.006,-1,-0.02,0.02,0,-0.31
43.225,-3.7,1.2,-8.6,-0.024,-0.009,-0.997,-0.02,0.02,0,-0.31
43.231,-3.9,0.9,-8.7,-0.029,-0.01,-0.993,0,0.01,0,-0.46
43.238,-4.2,0.5,-8.6,-0.032,-0.011,-0.99,0,0.01,0,-0.46
43.244,-4.9,0.3,-8.4,-0.035,-0.012,-0.988,0,0.01,0,-0.46
43.250,-5.6,0,-8,-0.036,-0.014,-0.985,0,0.01,0,-0.46
43.256,-6.2,-0.2,-7.7,-0.036,-0.014,-0.982,0,0.01,0,-0.46
43.262,-7.1,-0.5,-7.3,-0.036,-0.015,-0.98,0,0.01,0,-0.46
43.268,-7.6,-0.8,-6.8,-0.035,-0.015,-0.978,0,0.01,0,-0.46
43.274,-7.9,-0.8,-6.2,-0.03,-0.013,-0.976,0,0.01,0,-0.46
43.279,-8.1,-0.8,-5.7,-0.023,-0.013,-0.975,-0.04,0,0,-0.15
43.284,-7.8,-0.6,-5.4,-0.016,-0.013,-0.975,-0.04,0,0,-0.15
43.289,-7.4,-0.5,-5.2,-0.007,-0.012,-0.977,-0.04,0,0,-0.15
43.293,-6.9,-0.3,-5,0,-0.01,-0.981,-0.04,0,0,-0.15
43.298,-6.4,0,-5.1,0.007,-0.009,-0.985,-0.04,0,0,-0.15
43.303,-6,0.1,-4.9,0.01,-0.011,-0.99,-0.04,0,0,-0.15
43.308,-6,0.3,-5.1,0.008,-0.016,-0.995,-0.04,0,0,-0.15
43.313,-6.5,0.4,-5.7,0.003,-0.02,-1,-0.04,0,0,-0.15
43.317,-6.9,0.4,-6.4,-0.002,-0.025,-1.004,-0.04,0,0,-0.15
43.322,-7.5,0.4,-7.3,-0.008,-0.027,-1.009,-0.04,0,0,-0.15
43.328,-7.6,0.2,-8.3,-0.014,-0.027,-1.012,-0.08,0,0,-0.47
43.335,-7.8,0.1,-9.3,-0.019,-0.027,-1.015,-0.08,0,0,-0.47
43.341,-7.6,0,-10.3,-0.022,-0.022,-1.016,-0.08,0,0,-0.47
43.347,-7,-0.1,-11,-0.022,-0.017,-1.018,-0.08,0,0,-0.47
43.353,-6.5,-0.3,-11.6,-0.02,-0.01,-1.019,-0.08,0,0,-0.47
43.359,-5.8,-0.3,-11.8,-0.016,-0.002,-1.018,-0.08,0,0,-0.47
43.365,-5.2,-0.6,-11.4,-0.01,0.007,-1.017,-0.08,0,0,-0.47
43.371,-4.9,-0.6,-11.1,-0.006,0.014,-1.012,-0.08,0,0,-0.47
43.376,-4.7,-0.6,-10.3,-0.001,0.022,-1.008,-0.05,0,0.15,-0.15
43.380,-4.8,-0.4,-9.5,0.003,0.03,-1.001,-0.05,0,0.15,-0.15
43.384,-5,-0.3,-8.4,0.006,0.039,-0.995,-0.05,0,0.15,-0.15
43.388,-5.4,0,-7.5,0.008,0.048,-0.989,-0.05,0,0.15,-0.15
43.392,-5.9,0.1,-6.9,0.009,0.053,-0.983,-0.05,0,0.15,-0.15
43.397,-6.4,0.4,-6.2,0.008,0.056,-0.978,-0.05,0,0.15,-0.15
43.401,-7,1,-5.7,0.006,0.055,-0.973,-0.05,0,0.15,-0.15
43.405,-7.3,1.4,-5.1,0.003,0.051,-0.969,-0.05,0,0.15,-0.15
43.409,-8,1.8,-4.9,0,0.043,-0.967,-0.05,0,0.15,-0.15
43.413,-8.4,2.1,-4.4,-0.004,0.036,-0.966,-0.05,0,0.15,-0.15
43.420,-8.4,2.7,-3.9,-0.009,0.025,-0.966,-0.02,-0.01,0,-0.6
43.426,-8.1,2.9,-3.5,-0.012,0.013,-0.968,-0.02,-0.01,0,-0.6
43.432,-7.9,3.2,-3.1,-0.014,0,-0.97,-0.02,-0.01,0,-0.6
43.438,-7.2,3.5,-2.9,-0.018,-0.01,-0.971,-0.02,-0.01,0,-0.6
43.444,-6.5,3.5,-2.9,-0.02,-0.02,-0.972,-0.02,-0.01,0,-0.6
43.450,-5.8,3.7,-3.2,-0.021,-0.03,-0.973,-0.02,-0.01,0,-0.6
43.456,-5.3,3.8,-3.3,-0.02,-0.037,-0.973,-0.02,-0.01,0,-0.6
43.462,-5,3.8,-3.6,-0.018,-0.042,-0.972,-0.02,-0.01,0,-0.6
43.467,-4.8,3.7,-3.4,-0.015,-0.044,-0.97,-0.01,-0.04,0.15,-0.15
43.472,-4.8,3.7,-3.3,-0.01,-0.043,-0.968,-0.01,-0.04,0.15,-0.15
43.476,-4.8,3.5,-3.1,-0.007,-0.039,-0.964,-0.01,-0.04,0.15,-0.15
43.481,-4.7,3.3,-2.9,-0.004,-0.031,-0.96,-0.01,-0.04,0.15,-0.15
43.485,-4.5,3.2,-3,-0.001,-0.019,-0.955,-0.01,-0.04,0.15,-0.15
43.490,-4.1,2.9,-2.9,0.003,-0.007,-0.951,-0.01,-0.04,0.15,-0.15
43.495,-3,2.7,-2.8,0.009,0.004,-0.946,-0.01,-0.04,0.15,-0.15
43.499,-2.2,2.6,-2.5,0.017,0.016,-0.939,-0.01,-0.04,0.15,-0.15
43.504,-1,2.4,-2.2,0.024,0.026,-0.933,-0.01,-0.04,0.15,-0.15
43.508,0.3,2.4,-1.6,0.033,0.032,-0.928,-0.01,-0.04,0.15,-0.15
43.513,1.3,2.3,-1.2,0.043,0.036,-0.926,-0.01,-0.07,0,-0.15
43.517,2,2.2,-0.7,0.051,0.036,-0.926,-0.01,-0.07,0,-0.15
43.521,2.8,2.2,-0.3,0.06,0.033,-0.928,-0.01,-0.07,0,-0.15
43.525,3.5,2.2,-0.1,0.068,0.029,-0.932,-0.01,-0.07,0,-0.15
43.529,4,2,0.2,0.074,0.025,-0.937,-0.01,-0.07,0,-0.15
43.533,4.7,2,0.2,0.08,0.021,-0.943,-0.01,-0.07,0,-0.15
43.537,5.3,1.8,0.3,0.085,0.015,-0.95,-0.01,-0.07,0,-0.15
43.542,5.6,1.6,0.1,0.086,0.009,-0.958,-0.01,-0.07,0,-0.15
43.546,6,1.4,-0.3,0.086,0.003,-0.964,-0.01,-0.07,0,-0.15
43.550,6.1,1,-0.5,0.083,0,-0.969,-0.01,-0.07,0,-0.15
43.554,6.4,0.8,-0.7,0.08,-0.002,-0.975,-0.01,-0.07,0,-0.15
43.558,6.2,0.2,-1,0.077,-0.004,-0.979,0,-0.08,-0.15,-0.15
43.562,6.2,0,-1,0.073,-0.004,-0.983,0,-0.08,-0.15,-0.15
43.567,5.8,-0.5,-1.2,0.069,-0.001,-0.986,0,-0.08,-0.15,-0.15
43.571,5.5,-0.9,-1.1,0.065,0.002,-0.988,0,-0.08,-0.15,-0.15
43.575,4.9,-1.7,-1,0.062,0.008,-0.992,0,-0.08,-0.15,-0.15
43.579,4.5,-2.2,-1,0.058,0.017,-0.998,0,-0.08,-0.15,-0.15
43.584,3.9,-2.7,-0.7,0.053,0.025,-1.005,0,-0.08,-0.15,-0.15
43.588,3.4,-3.3,-0.5,0.049,0.033,-1.015,0,-0.08,-0.15,-0.15
43.592,2.7,-3.9,-0.2,0.045,0.041,-1.026,0,-0.08,-0.15,-0.15
43.596,2.1,-4.1,0.1,0.041,0.046,-1.038,0,-0.08,-0.15,-0.15
43.601,1.2,-4.5,0.7,0.035,0.049,-1.05,0,-0.08,-0.15,-0.15
43.607,0.2,-5,1.2,0.028,0.046,-1.061,0,-0.05,0,-0.15
43.614,-0.8,-5.2,1.7,0.02,0.042,-1.068,0,-0.05,0,-0.15
43.621,-1.9,-5.3,2.1,0.011,0.036,-1.075,0,-0.05,0,-0.15
43.628,-3.5,-5.5,2.5,0.002,0.027,-1.078,0,-0.05,0,-0.15
43.635,-4.9,-5.8,2.8,-0.008,0.014,-1.078,0,-0.05,0,-0.15
43.642,-6.5,-5.8,2.6,-0.018,0,-1.074,0,-0.05,0,-0.15
43.649,-7.8,-5.8,2.5,-0.028,-0.019,-1.069,0,-0.05,0,-0.15
43.653,-8.9,-5.7,2.5,-0.035,-0.037,-1.065,-0.02,-0.05,0.15,-0.15
43.658,-9.7,-5.7,2.1,-0.04,-0.054,-1.058,-0.02,-0.05,0.15,-0.15
43.662,-9.8,-5.8,1.4,-0.042,-0.069,-1.052,-0.02,-0.05,0.15,-0.15
43.666,-9.2,-5.6,0.6,-0.044,-0.08,-1.044,-0.02,-0.05,0.15,-0.15
43.671,-8.1,-5.4,-0.4,-0.045,-0.086,-1.034,-0.02,-0.05,0.15,-0.15
43.675,-6.5,-5.2,-1.3,-0.045,-0.085,-1.022,-0.02,-0.05,0.15,-0.15
43.680,-4.7,-5,-2.2,-0.042,-0.082,-1.007,-0.02,-0.05,0.15,-0.15
43.684,-2.8,-4.6,-2.4,-0.037,-0.073,-0.993,-0.02,-0.05,0.15,-0.15
43.689,-1.4,-4.1,-2.5,-0.031,-0.062,-0.981,-0.02,-0.05,0.15,-0.15
43.693,0.1,-3.3,-2.1,-0.025,-0.048,-0.971,-0.02,-0.05,0.15,-0.15
43.698,1.1,-2.6,-2,-0.023,-0.031,-0.964,-0.02,-0.05,0.15,-0.15
43.705,2,-1.9,-1.7,-0.021,-0.009,-0.96,-0.03,-0.06,0,-0.15
43.712,3.1,-1,-1,-0.022,0.012,-0.963,-0.03,-0.06,0,-0.15
43.719,4.2,-0.4,-0.6,-0.021,0.037,-0.97,-0.03,-0.06,0,-0.15
43.726,5.8,0.4,-0.1,-0.021,0.059,-0.98,-0.03,-0.06,0,-0.15
43.733,7.1,1.2,0.5,-0.02,0.077,-0.995,-0.03,-0.06,0,-0.15
43.740,8.7,1.9,0.8,-0.017,0.089,-1.012,-0.03,-0.06,0,-0.15
43.747,10.2,2.5,1.2,-0.012,0.093,-1.03,-0.03,-0.06,0,-0.15
43.751,11.7,3,1.3,-0.006,0.09,-1.048,-0.02,-0.01,-0.15,-0.15
43.754,13.1,3.4,1.4,-0.001,0.083,-1.064,-0.02,-0.01,-0.15,-0.15
43.758,14.2,3.8,1.2,0.003,0.073,-1.08,-0.02,-0.01,-0.15,-0.15
43.762,15.1,4.1,0.7,0.005,0.058,-1.092,-0.02,-0.01,-0.15,-0.15
43.766,16.1,4.3,0,0.004,0.041,-1.1,-0.02,-0.01,-0.15,-0.15
43.769,16.5,4.2,-0.9,0.002,0.022,-1.104,-0.02,-0.01,-0.15,-0.15
43.773,17,3.9,-2,-0.001,0.003,-1.107,-0.02,-0.01,-0.15,-0.15
43.777,16.7,3.5,-3.2,-0.003,-0.012,-1.106,-0.02,-0.01,-0.15,-0.15
43.781,16.1,3.3,-4.4,-0.005,-0.028,-1.105,-0.02,-0.01,-0.15,-0.15
43.784,15.3,3,-5.4,-0.008,-0.039,-1.103,-0.02,-0.01,-0.15,-0.15
43.788,14.1,2.5,-6.4,-0.011,-0.048,-1.099,-0.02,-0.01,-0.15,-0.15
43.795,12.8,2.3,-7,-0.014,-0.052,-1.093,-0.02,0,-0.3,-0.3
43.802,11.7,2,-7.9,-0.016,-0.051,-1.086,-0.02,0,-0.3,-0.3
43.809,10.2,1.9,-8.5,-0.017,-0.049,-1.079,-0.02,0,-0.3,-0.3
43.816,9.3,1.6,-8.8,-0.015,-0.044,-1.071,-0.02,0,-0.3,-0.3
43.823,8.1,1.6,-8.8,-0.013,-0.037,-1.062,-0.02,0,-0.3,-0.3
43.830,7.1,1.8,-8.7,-0.011,-0.032,-1.052,-0.02,0,-0.3,-0.3
43.837,6.4,2,-8.4,-0.01,-0.028,-1.042,-0.02,0,-0.3,-0.3
43.841,5.4,2.2,-7.6,-0.009,-0.024,-1.032,-0.07,0,0,-0.15
43.845,4.5,2.6,-7,-0.01,-0.024,-1.02,-0.07,0,0,-0.15
43.850,3.4,3,-6.4,-0.01,-0.024,-1.01,-0.07,0,0,-0.15
43.854,2.4,3.4,-5.4,-0.012,-0.025,-1.001,-0.07,0,0,-0.15
43.859,1.8,3.5,-4.8,-0.014,-0.028,-0.995,-0.07,0,0,-0.15
43.863,0.9,4,-3.6,-0.016,-0.031,-0.989,-0.07,0,0,-0.15
43.867,0.2,4,-3,-0.018,-0.034,-0.985,-0.07,0,0,-0.15
43.872,-0.1,4.5,-2,-0.02,-0.038,-0.986,-0.07,0,0,-0.15
43.876,-0.4,4.6,-0.9,-0.022,-0.04,-0.987,-0.07,0,0,-0.15
43.880,-0.8,4.6,-0.1,-0.025,-0.043,-0.988,-0.07,0,0,-0.15
43.885,-1.5,4.8,0.4,-0.028,-0.047,-0.99,-0.07,0,0,-0.15
43.889,-1.7,4.8,0.9,-0.033,-0.049,-0.992,-0.09,0,0,-0.3
43.894,-2.3,4.8,1.5,-0.037,-0.049,-0.994,-0.09,0,0,-0.3
43.898,-2.9,4.5,2,-0.04,-0.049,-0.995,-0.09,0,0,-0.3
43.903,-3.6,4.5,2.5,-0.042,-0.048,-0.997,-0.09,0,0,-0.3
43.907,-4.2,4.4,2.9,-0.043,-0.044,-0.997,-0.09,0,0,-0.3
43.911,-4.8,4.2,3.3,-0.041,-0.037,-0.996,-0.09,0,0,-0.3
43.916,-5.3,4.1,3.9,-0.041,-0.028,-0.996,-0.09,0,0,-0.3
43.920,-5.5,4,4,-0.039,-0.016,-0.994,-0.09,0,0,-0.3
43.925,-5.8,3.9,4.5,-0.036,-0.006,-0.993,-0.09,0,0,-0.3
43.929,-5.8,4,4.9,-0.031,0.005,-0.993,-0.09,0,0,-0.3
43.934,-5.5,4,5.6,-0.029,0.016,-0.995,-0.09,0,0,-0.3
43.940,-5.3,4,6.1,-0.028,0.023,-0.998,-0.1,0,0,-0.3
43.946,-5.1,4.1,6.3,-0.029,0.03,-1,-0.1,0,0,-0.3
43.951,-4.5,4.1,6.8,-0.029,0.035,-1.004,-0.1,0,0,-0.3
43.957,-4.3,4,6.9,-0.03,0.038,-1.009,-0.1,0,0,-0.3
43.963,-4,4.1,6.7,-0.034,0.041,-1.015,-0.1,0,0,-0.3
43.969,-3.4,3.8,6.2,-0.039,0.041,-1.02,-0.1,0,0,-0.3
43.975,-3.2,3.5,5.9,-0.043,0.038,-1.027,-0.1,0,0,-0.3
43.980,-2.5,3.2,5.6,-0.047,0.035,-1.031,-0.06,0,0,-0.15
43.984,-2.2,2.6,5.4,-0.047,0.03,-1.036,-0.06,0,0,-0.15
43.989,-1.7,2.1,5,-0.048,0.024,-1.04,-0.06,0,0,-0.15
43.993,-1.1,1.6,4.8,-0.05,0.018,-1.042,-0.06,0,0,-0.15
43.998,-0.4,1,4.5,-0.052,0.013,-1.043,-0.06,0,0,-0.15
44.002,-0.1,0.2,3.9,-0.055,0.008,-1.042,-0.06,0,0,-0.15
44.007,0.3,-0.2,3.4,-0.055,0.005,-1.041,-0.06,0,0,-0.15
44.011,0.9,-0.9,2.6,-0.054,0.002,-1.037,-0.06,0,0,-0.15
44.016,1.3,-1.6,2.1,-0.053,0.001,-1.033,-0.06,0,0,-0.15
44.020,1.6,-2.1,1.5,-0.05,0.003,-1.03,-0.06,0,0,-0.15
44.025,1.9,-2.4,1.1,-0.043,0.004,-1.027,-0.06,0,0,-0.15
44.029,2,-2.9,0.7,-0.033,0.007,-1.024,-0.06,0,0,-0.15
44.033,2.3,-3,0.3,-0.028,0.01,-1.022,-0.06,0,0,-0.15
44.037,2.4,-3.1,-0.1,-0.023,0.012,-1.018,-0.06,0,0,-0.15
44.041,2.7,-3.4,-0.5,-0.02,0.017,-1.015,-0.06,0,0,-0.15
44.045,2.8,-3.3,-1,-0.016,0.019,-1.012,-0.06,0,0,-0.15
44.049,2.8,-3.3,-1.4,-0.013,0.02,-1.009,-0.06,0,0,-0.15
44.053,2.4,-3.2,-1.9,-0.009,0.017,-1.004,-0.06,0,0,-0.15
44.057,2,-3.3,-2,-0.005,0.013,-1,-0.06,0,0,-0.15
44.061,1.6,-3.3,-2.5,-0.002,0.007,-0.998,-0.06,0,0,-0.15
44.065,0.8,-3.4,-2.5,0.001,0.002,-0.996,-0.06,0,0,-0.15
44.069,0.2,-3.3,-2.8,0.005,-0.002,-0.996,-0.06,0,0,-0.15
44.076,0,-3.4,-2.9,0.011,-0.006,-0.996,-0.05,0,0,-0.15
44.082,-0.1,-3.5,-2.9,0.017,-0.011,-0.995,-0.05,0,0,-0.15
44.089,-0.3,-3.6,-2.9,0.021,-0.015,-0.996,-0.05,0,0,-0.15
44.095,0,-3.7,-3.2,0.023,-0.017,-0.998,-0.05,0,0,-0.15
44.102,0,-3.7,-3.6,0.025,-0.02,-1.002,-0.05,0,0,-0.15
44.109,0.1,-3.9,-3.7,0.024,-0.023,-1.002,-0.05,0,0,-0.15
44.115,0.2,-3.9,-4.3,0.022,-0.025,-1.005,-0.05,0,0,-0.15
44.122,-0.2,-4.1,-4.6,0.02,-0.024,-1.008,-0.05,0,0,-0.15
44.127,-0.3,-4.2,-4.7,0.018,-0.024,-1.009,-0.04,0,0,0
44.131,-0.8,-4.1,-5.1,0.016,-0.021,-1.011,-0.04,0,0,0
44.136,-1.2,-4.4,-5.2,0.015,-0.017,-1.013,-0.04,0,0,0
44.140,-1.9,-4.3,-5.3,0.014,-0.014,-1.013,-0.04,0,0,0
44.145,-2.3,-4.2,-5.1,0.012,-0.01,-1.013,-0.04,0,0,0
44.150,-2.6,-4.4,-4.8,0.01,-0.005,-1.01,-0.04,0,0,0
44.154,-3,-4.5,-4.7,0.011,0,-1.007,-0.04,0,0,0
44.159,-3.3,-4.4,-4.6,0.014,0.003,-1.003,-0.04,0,0,0
44.163,-3.4,-4.3,-4.3,0.015,0.003,-0.999,-0.04,0,0,0
44.168,-3.6,-4.2,-4.1,0.017,0.004,-0.996,-0.03,0,0.15,0
44.173,-3.6,-4.3,-4.2,0.02,0.002,-0.992,-0.03,0,0.15,0
44.178,-4,-4,-3.9,0.021,0,-0.988,-0.03,0,0.15,0
44.183,-4.2,-4,-3.9,0.021,-0.002,-0.984,-0.03,0,0.15,0
44.188,-4.5,-4,-3.6,0.021,-0.004,-0.982,-0.03,0,0.15,0
44.192,-4.7,-3.9,-3.4,0.019,-0.007,-0.981,-0.03,0,0.15,0
44.197,-5.1,-4.1,-3.3,0.018,-0.01,-0.981,-0.03,0,0.15,0
44.202,-5.2,-4.2,-3.6,0.018,-0.012,-0.982,-0.03,0,0.15,0
44.207,-5.3,-4.2,-3.4,0.018,-0.012,-0.985,-0.03,0,0.15,0
44.212,-5.4,-4.2,-3.4,0.019,-0.013,-0.989,-0.03,0,0.15,0
44.218,-4.9,-4.3,-3.3,0.019,-0.01,-0.993,-0.01,-0.01,0,-0.15
44.224,-4.9,-4.3,-3.2,0.017,-0.009,-0.998,-0.01,-0.01,0,-0.15
44.230,-4.6,-4.2,-3.1,0.015,-0.006,-1.003,-0.01,-0.01,0,-0.15
44.236,-4.3,-4.3,-2.8,0.012,-0.004,-1.007,-0.01,-0.01,0,-0.15
44.242,-3.8,-4.2,-2.6,0.007,-0.003,-1.01,-0.01,-0.01,0,-0.15
44.248,-3.6,-4.3,-2.3,0.003,-0.001,-1.014,-0.01,-0.01,0,-0.15
44.254,-3.4,-4.2,-2.2,-0.001,0,-1.015,-0.01,-0.01,0,-0.15
44.260,-3.2,-4.2,-1.8,-0.005,0,-1.015,-0.01,-0.01,0,-0.15
44.267,-2.9,-3.9,-1.4,-0.006,0.001,-1.015,0,-0.01,0,0
44.274,-2.8,-4.1,-1,-0.007,0.002,-1.014,0,-0.01,0,0
44.281,-2.9,-3.9,-0.5,-0.008,0.003,-1.011,0,-0.01,0,0
44.288,-2.8,-3.7,-0.2,-0.01,0.003,-1.009,0,-0.01,0,0
44.295,-2.5,-3.6,-0.1,-0.011,0.004,-1.008,0,-0.01,0,0
44.302,-2,-3.5,0.1,-0.015,0.005,-1.009,0,-0.01,0,0
44.309,-1.5,-3.6,0.1,-0.019,0.005,-1.009,0,-0.01,0,0
44.312,-1.2,-3.6,0.4,-0.018,0.004,-1.011,0.01,0,0,0
44.316,-0.9,-3.8,0.6,-0.019,0.004,-1.014,0.01,0,0,0
44.319,-0.5,-4.1,0.8,-0.017,0.003,-1.017,0.01,0,0,0
44.323,0,-4.4,0.7,-0.017,0.002,-1.022,0.01,0,0,0
44.326,0.1,-4.6,1,-0.015,0.003,-1.027,0.01,0,0,0
44.330,0.2,-4.9,1.1,-0.012,0.002,-1.031,0.01,0,0,0
44.333,0.4,-5.2,1.2,-0.009,0.002,-1.034,0.01,0,0,0
44.337,0.9,-5.2,1.2,-0.006,0.004,-1.038,0.01,0,0,0
44.340,1.3,-5.3,1,-0.006,0.006,-1.041,0.01,0,0,0
44.344,1.8,-5.3,0.9,-0.003,0.007,-1.044,0.01,0,0,0
44.347,2.2,-5.5,0.7,-0.003,0.008,-1.045,0.01,0,0,0
44.351,2.3,-5.6,0.6,-0.003,0.009,-1.045,0.01,0,0,0
44.354,2.4,-5.3,0.7,-0.002,0.006,-1.045,0.01,0,0,0
44.358,2.5,-5,0.9,-0.003,0.003,-1.042,0.01,0,0,0
44.363,2.2,-4.9,1.1,-0.004,0,-1.04,0,0.01,0,0
44.368,1.8,-4.6,1.2,-0.005,-0.002,-1.037,0,0.01,0,0
44.373,1.4,-4.2,1.4,-0.008,-0.005,-1.034,0,0.01,0,0
44.379,0.9,-3.9,1.6,-0.01,-0.007,-1.03,0,0.01,0,0
44.384,0.6,-3.6,1.5,-0.013,-0.009,-1.025,0,0.01,0,0
44.389,0.3,-3.4,1.5,-0.013,-0.011,-1.02,0,0.01,0,0
44.394,0.1,-2.8,1.4,-0.013,-0.011,-1.015,0,0.01,0,0
44.399,-0.4,-2.6,1.4,-0.013,-0.013,-1.011,0,0.01,0,0
44.404,-0.6,-2.3,1.2,-0.012,-0.015,-1.007,0,0.01,0,0
44.409,-0.8,-2.1,1.2,-0.011,-0.014,-1.004,0,0.01,0,0
44.414,-1.4,-1.9,1.1,-0.01,-0.014,-1.002,0,0.01,0,0
44.419,-1.7,-1.6,0.9,-0.01,-0.012,-1.001,0,0.01,0,0
44.424,-1.8,-1.4,1,-0.011,-0.012,-1.003,0,0.01,0,0
44.429,-1.9,-1.4,0.9,-0.011,-0.011,-1.003,0,0.01,0,0
44.434,-2.1,-1.2,0.9,-0.012,-0.009,-1.006,0,0.01,0,0
44.439,-2.1,-1.2,1,-0.014,-0.007,-1.008,0,0.01,0,0
44.443,-2.1,-1.1,1,-0.015,-0.007,-1.011,0,0.01,0,0
44.448,-2.1,-1.1,1.1,-0.017,-0.006,-1.013,0,0.01,0,0
44.453,-2,-1,0.9,-0.018,-0.007,-1.015,0,0.01,0.15,-0.15
44.457,-2,-0.7,1,-0.021,-0.01,-1.016,0,0.01,0.15,-0.15
44.461,-2.2,-0.7,1,-0.023,-0.009,-1.016,0,0.01,0.15,-0.15
44.465,-2.2,-0.6,1.1,-0.022,-0.011,-1.016,0,0.01,0.15,-0.15
44.469,-2.5,-0.3,1.4,-0.021,-0.011,-1.016,0,0.01,0.15,-0.15
44.474,-2.4,-0.3,1.6,-0.021,-0.01,-1.016,0,0.01,0.15,-0.15
44.478,-2.6,-0.6,1.6,-0.023,-0.011,-1.015,0,0.01,0.15,-0.15
44.482,-2.8,-0.3,1.2,-0.023,-0.011,-1.013,0,0.01,0.15,-0.15
44.486,-2.7,-0.3,1.3,-0.024,-0.01,-1.011,0,0.01,0.15,-0.15
44.490,-2.7,-0.3,1,-0.024,-0.008,-1.01,0,0.01,0.15,-0.15
44.495,-2.7,-0.5,0.7,-0.023,-0.007,-1.01,0,0.01,0.15,-0.15
44.505,-2.6,-0.4,0.6,-0.022,-0.005,-1.008,0,0.01,0,0
44.516,-2.5,-0.6,0.6,-0.02,-0.004,-1.007,0,0.01,0,0
44.527,-2.6,-0.7,0.4,-0.019,-0.004,-1.006,0,0.01,0,0
44.538,-2.8,-1,0.4,-0.019,-0.001,-1.006,0,0.01,0,0
44.541,-2.8,-1.2,0.5,-0.016,0,-1.005,-0.03,0,0,0
44.545,-2.9,-1.6,0.4,-0.012,0.001,-1.005,-0.03,0,0,0
44.548,-2.8,-1.7,0.4,-0.008,0.003,-1.006,-0.03,0,0,0
44.551,-2.8,-1.9,0.4,-0.007,0.006,-1.007,-0.03,0,0,0
44.555,-2.5,-2.2,0.3,-0.005,0.011,-1.006,-0.03,0,0,0
44.558,-2.3,-2.3,0.2,-0.004,0.013,-1.006,-0.03,0,0,0
44.562,-2.2,-2.5,0,-0.006,0.014,-1.006,-0.03,0,0,0
44.565,-2.3,-2.8,-0.1,-0.009,0.016,-1.007,-0.03,0,0,0
44.569,-2.3,-2.9,-0.4,-0.012,0.016,-1.006,-0.03,0,0,0
44.572,-2.4,-3.2,-0.5,-0.016,0.015,-1.006,-0.03,0,0,0
44.575,-2.3,-3.3,-0.7,-0.019,0.015,-1.006,-0.03,0,0,0
44.579,-2.4,-3.6,-0.8,-0.022,0.016,-1.006,-0.03,0,0,0
44.582,-2.3,-3.8,-1.1,-0.026,0.016,-1.007,-0.03,0,0,0
44.586,-1.8,-3.9,-1.1,-0.027,0.017,-1.009,-0.03,0,0,0
44.593,-1.5,-4,-1.4,-0.028,0.018,-1.012,-0.03,0.01,0,0
44.600,-1,-4.2,-1.3,-0.03,0.019,-1.015,-0.03,0.01,0,0
44.607,-0.4,-4.4,-1.3,-0.03,0.019,-1.019,-0.03,0.01,0,0
44.614,0.1,-4.3,-1.4,-0.031,0.019,-1.023,-0.03,0.01,0,0
44.621,0.5,-4.4,-1.7,-0.031,0.019,-1.026,-0.03,0.01,0,0
44.628,1,-4.2,-1.7,-0.03,0.018,-1.028,-0.03,0.01,0,0
44.635,1.3,-4.1,-1.7,-0.03,0.018,-1.029,-0.03,0.01,0,0
44.640,1.5,-3.8,-1.7,-0.029,0.018,-1.028,-0.03,0.01,0,0.15
44.644,1.7,-3.8,-1.8,-0.028,0.016,-1.026,-0.03,0.01,0,0.15
44.649,1.6,-3.3,-2,-0.026,0.015,-1.022,-0.03,0.01,0,0.15
44.653,1.6,-3.1,-1.9,-0.026,0.012,-1.017,-0.03,0.01,0,0.15
44.658,1.3,-2.7,-1.8,-0.024,0.009,-1.012,-0.03,0.01,0,0.15
44.662,1.1,-2.3,-1.7,-0.022,0.007,-1.007,-0.03,0.01,0,0.15
44.667,1,-1.7,-1.5,-0.02,0.004,-1.001,-0.03,0.01,0,0.15
44.671,0.7,-1.4,-1.5,-0.018,0.001,-0.997,-0.03,0.01,0,0.15
44.675,0.6,-0.9,-1.6,-0.018,-0.002,-0.992,-0.03,0.01,0,0.15
44.680,0.4,-0.2,-1.7,-0.017,-0.006,-0.99,-0.03,0.01,0,0.15
44.684,0.2,0.2,-1.8,-0.017,-0.01,-0.989,-0.03,0.01,0,0.15
44.690,0,0.5,-2,-0.018,-0.013,-0.99,-0.05,0,0,0
44.696,0.3,1,-2.1,-0.022,-0.017,-0.992,-0.05,0,0,0
44.701,0.2,1.3,-2.2,-0.025,-0.019,-0.994,-0.05,0,0,0
44.707,0.1,1.7,-2.1,-0.028,-0.02,-0.998,-0.05,0,0,0
44.712,0.2,2.1,-2,-0.033,-0.022,-1.001,-0.05,0,0,0
44.718,0.3,2.3,-2,-0.036,-0.019,-1.003,-0.05,0,0,0
44.724,0.7,2.6,-1.8,-0.038,-0.016,-1.006,-0.05,0,0,0
44.729,0.8,2.9,-1.3,-0.04,-0.013,-1.009,-0.05,0,0,0
44.735,1.3,2.9,-0.7,-0.042,-0.009,-1.012,-0.05,0,0,0
44.741,1.5,3,-0.3,-0.043,-0.005,-1.015,-0.05,0,0,0
44.746,2.2,3.2,0,-0.043,-0.002,-1.017,-0.05,0,0,0
44.753,2.5,3.1,0,-0.043,0,-1.018,-0.06,0.01,0,0
44.760,2.9,3.2,0.6,-0.042,0.003,-1.02,-0.06,0.01,0,0
44.767,3.2,3.3,0.4,-0.039,0.005,-1.019,-0.06,0.01,0,0
44.774,3.4,3.1,0.5,-0.036,0.005,-1.019,-0.06,0.01,0,0
44.781,3.4,3.2,0.7,-0.031,0.005,-1.018,-0.06,0.01,0,0
44.788,3.4,2.9,0.7,-0.028,0.006,-1.016,-0.06,0.01,0,0
44.795,3.5,3,1,-0.023,0.005,-1.015,-0.06,0.01,0,0
44.798,3.2,2.7,0.8,-0.019,0.005,-1.014,-0.08,0.01,0,0
44.802,3.2,2.5,0.6,-0.015,0.005,-1.015,-0.08,0.01,0,0
44.806,3.1,2.3,0.3,-0.013,0.004,-1.015,-0.08,0.01,0,0
44.810,2.9,2.1,0,-0.011,0.003,-1.015,-0.08,0.01,0,0
44.814,2.6,2.1,-0.3,-0.009,0,-1.014,-0.08,0.01,0,0
44.818,2.3,2,-0.7,-0.01,-0.001,-1.013,-0.08,0.01,0,0
44.822,2,1.6,-1,-0.011,-0.004,-1.013,-0.08,0.01,0,0
44.826,1.5,1.4,-1.3,-0.013,-0.007,-1.013,-0.08,0.01,0,0
44.829,0.9,1,-1.6,-0.016,-0.009,-1.013,-0.08,0.01,0,0
44.833,0.5,0.9,-1.7,-0.018,-0.01,-1.014,-0.08,0.01,0,0
44.837,0.2,0.9,-1.6,-0.019,-0.012,-1.014,-0.08,0.01,0,0
44.842,0,0.6,-1.6,-0.022,-0.013,-1.015,-0.09,0.01,0,0.15
44.846,-0.3,0.3,-1.4,-0.023,-0.013,-1.014,-0.09,0.01,0,0.15
44.850,-0.1,0.1,-1.5,-0.026,-0.013,-1.013,-0.09,0.01,0,0.15
44.855,-0.5,-0.1,-1.3,-0.029,-0.012,-1.013,-0.09,0.01,0,0.15
44.859,-0.5,-0.3,-1.2,-0.034,-0.01,-1.014,-0.09,0.01,0,0.15
44.863,-0.5,-0.6,-1.4,-0.034,-0.009,-1.013,-0.09,0.01,0,0.15
44.868,-0.6,-1,-1.3,-0.035,-0.006,-1.012,-0.09,0.01,0,0.15
44.872,-0.6,-1.4,-1.2,-0.033,-0.005,-1.011,-0.09,0.01,0,0.15
44.876,-0.8,-1.7,-0.9,-0.031,-0.002,-1.009,-0.09,0.01,0,0.15
44.881,-1.1,-2,-1,-0.028,0,-1.01,-0.09,0.01,0,0.15
44.885,-1.3,-2.1,-1,-0.026,0.001,-1.011,-0.09,0.01,0,0.15
44.892,-1.3,-2.3,-1,-0.027,0.002,-1.01,-0.1,0.01,0,0.15
44.899,-1.5,-2.6,-0.7,-0.028,0.004,-1.011,-0.1,0.01,0,0.15
44.906,-1.7,-2.7,-0.5,-0.029,0.005,-1.012,-0.1,0.01,0,0.15
44.913,-1.8,-3,-0.5,-0.029,0.005,-1.011,-0.1,0.01,0,0.15
44.920,-1.9,-3.1,-0.4,-0.031,0.006,-1.012,-0.1,0.01,0,0.15
44.927,-2.2,-3.1,-0.4,-0.031,0.005,-1.012,-0.1,0.01,0,0.15
44.934,-2.3,-3.2,-0.6,-0.034,0.004,-1.013,-0.1,0.01,0,0.15
44.938,-2.6,-3.3,-0.7,-0.036,0.003,-1.013,-0.07,0.01,0,0.15
44.941,-3,-3.1,-0.6,-0.039,0.002,-1.011,-0.07,0.01,0,0.15
44.945,-3.2,-2.9,-0.6,-0.042,0.001,-1.01,-0.07,0.01,0,0.15
44.948,-3.6,-3,-0.4,-0.045,0,-1.009,-0.07,0.01,0,0.15
44.952,-3.9,-2.8,-0.4,-0.047,-0.001,-1.009,-0.07,0.01,0,0.15
44.955,-4,-2.6,-0.2,-0.049,-0.001,-1.01,-0.07,0.01,0,0.15
44.959,-4.2,-2.7,0,-0.049,0,-1.011,-0.07,0.01,0,0.15
44.963,-4.2,-2.6,-0.1,-0.051,0,-1.011,-0.07,0.01,0,0.15
44.966,-3.9,-2.6,0.1,-0.051,0.004,-1.012,-0.07,0.01,0,0.15
44.970,-3.7,-2.5,0,-0.051,0.008,-1.012,-0.07,0.01,0,0.15
44.973,-3.4,-2.3,0.1,-0.05,0.012,-1.012,-0.07,0.01,0,0.15
44.977,-3.1,-2.2,0.2,-0.05,0.016,-1.011,-0.07,0.01,0,0.15
44.980,-2.9,-2.2,0.1,-0.05,0.019,-1.011,-0.07,0.01,0,0.15
44.989,-2.9,-2.1,0,-0.052,0.023,-1.011,-0.06,0.01,0,0.15
44.998,-2.5,-2,0.1,-0.052,0.026,-1.012,-0.06,0.01,0,0.15
45.006,-2.5,-1.9,0.3,-0.051,0.03,-1.012,-0.06,0.01,0,0.15
45.015,-2.2,-1.8,0.3,-0.05,0.035,-1.013,-0.06,0.01,0,0.15
45.024,-1.9,-1.6,0.4,-0.05,0.039,-1.013,-0.06,0.01,0,0.15
45.027,-1.4,-1.4,0.3,-0.053,0.043,-1.014,-0.01,0.01,0,0.15
45.031,-1.1,-1.1,0.3,-0.056,0.046,-1.014,-0.01,0.01,0,0.15
45.034,-0.8,-0.7,0.1,-0.059,0.05,-1.013,-0.01,0.01,0,0.15
45.037,-0.6,-0.5,-0.1,-0.061,0.05,-1.013,-0.01,0.01,0,0.15
45.041,-0.6,-0.2,-0.3,-0.065,0.049,-1.014,-0.01,0.01,0,0.15
45.044,-0.6,-0.1,-0.4,-0.068,0.046,-1.014,-0.01,0.01,0,0.15
45.048,-0.8,0.1,-0.4,-0.071,0.045,-1.013,-0.01,0.01,0,0.15
45.051,-0.9,0.4,-0.6,-0.072,0.044,-1.012,-0.01,0.01,0,0.15
45.054,-1,0.8,-0.6,-0.072,0.044,-1.011,-0.01,0.01,0,0.15
45.058,-1.1,1,-0.6,-0.075,0.042,-1.011,-0.01,0.01,0,0.15
45.061,-1.2,1.2,-0.8,-0.077,0.041,-1.012,-0.01,0.01,0,0.15
45.065,-1.2,1.5,-0.9,-0.079,0.039,-1.013,-0.01,0.01,0,0.15
45.068,-1.3,1.6,-1,-0.081,0.037,-1.015,-0.01,0.01,0,0.15
45.071,-1.2,1.8,-1,-0.083,0.035,-1.017,-0.01,0.01,0,0.15
45.076,-0.9,2.2,-1.3,-0.084,0.033,-1.021,0.01,0.02,0,0.15
45.080,-0.6,2.5,-1.5,-0.085,0.032,-1.022,0.01,0.02,0,0.15
45.085,-0.3,2.6,-1.8,-0.086,0.033,-1.026,0.01,0.02,0,0.15
45.089,0,3.1,-2.1,-0.085,0.032,-1.029,0.01,0.02,0,0.15
45.094,0.2,3.6,-2.3,-0.085,0.033,-1.032,0.01,0.02,0,0.15
45.098,0.2,4,-2.6,-0.089,0.033,-1.036,0.01,0.02,0,0.15
45.103,0.4,4.3,-2.8,-0.091,0.033,-1.039,0.01,0.02,0,0.15
45.108,0.5,4.6,-3.1,-0.093,0.033,-1.042,0.01,0.02,0,0.15
45.112,0.6,4.9,-3.2,-0.096,0.032,-1.045,0.01,0.02,0,0.15
45.117,0.5,5.4,-3.1,-0.101,0.031,-1.047,0.01,0.02,0,0.15
45.123,0.4,5.6,-3.3,-0.105,0.031,-1.049,0.01,0.04,0,0.14
45.130,0.3,6,-3.4,-0.108,0.029,-1.05,0.01,0.04,0,0.14
45.137,0.4,6.3,-3.4,-0.112,0.027,-1.051,0.01,0.04,0,0.14
45.144,0.4,6.5,-3.3,-0.114,0.025,-1.052,0.01,0.04,0,0.14
45.151,0.3,6.8,-3.1,-0.115,0.024,-1.05,0.01,0.04,0,0.14
45.158,0.4,7,-3,-0.116,0.021,-1.048,0.01,0.04,0,0.14
45.165,0.4,7.1,-2.8,-0.115,0.018,-1.046,0.01,0.04,0,0.14
45.170,0.5,7.3,-2.8,-0.113,0.014,-1.042,0.02,0.04,0,0.14
45.176,0.4,7.3,-2.8,-0.111,0.01,-1.038,0.02,0.04,0,0.14
45.182,0.6,7.4,-2.9,-0.107,0.007,-1.032,0.02,0.04,0,0.14
45.188,0.9,7.6,-2.9,-0.103,0.005,-1.028,0.02,0.04,0,0.14
45.193,1.3,7.9,-3.1,-0.099,0.001,-1.021,0.02,0.04,0,0.14
45.199,1.7,7.8,-3.2,-0.095,0,-1.016,0.02,0.04,0,0.14
45.205,1.9,8.2,-3.3,-0.092,-0.002,-1.012,0.02,0.04,0,0.14
45.211,2.1,8.5,-3.7,-0.088,-0.004,-1.008,0.01,0.04,0,0.15
45.217,2.4,8.4,-4,-0.087,-0.004,-1.006,0.01,0.04,0,0.15
45.222,2.4,8.5,-4.2,-0.084,-0.007,-1.003,0.01,0.04,0,0.15
45.228,2,8.5,-4.7,-0.081,-0.007,-1.003,0.01,0.04,0,0.15
45.234,1.7,8.6,-4.9,-0.079,-0.006,-1.002,0.01,0.04,0,0.15
45.240,1,8.4,-5.2,-0.079,-0.005,-1.001,0.01,0.04,0,0.15
45.246,0.1,8.4,-5.4,-0.076,-0.004,-1.001,0.01,0.04,0,0.15
45.250,-0.8,8.1,-5.9,-0.074,-0.002,-1.002,-0.01,0.04,0,0.15
45.255,-1.9,7.9,-6.1,-0.072,0.002,-1.004,-0.01,0.04,0,0.15
45.259,-2.8,7.6,-6.5,-0.071,0.005,-1.006,-0.01,0.04,0,0.15
45.264,-3.5,7.3,-6.8,-0.07,0.009,-1.008,-0.01,0.04,0,0.15
45.268,-3.9,7,-7.1,-0.069,0.012,-1.01,-0.01,0.04,0,0.15
45.272,-4.3,6.7,-7.2,-0.071,0.016,-1.012,-0.01,0.04,0,0.15
45.277,-4.5,6.4,-7.3,-0.071,0.017,-1.015,-0.01,0.04,0,0.15
45.281,-4.7,6,-7.3,-0.07,0.019,-1.015,-0.01,0.04,0,0.15
45.285,-4.5,5.3,-7.1,-0.069,0.02,-1.014,-0.01,0.04,0,0.15
45.290,-4.7,4.7,-6.8,-0.069,0.02,-1.013,-0.01,0.04,0,0.15
45.294,-4.5,4,-6.6,-0.068,0.021,-1.013,-0.01,0.04,0,0.15
45.299,-4.2,3.2,-6.4,-0.065,0.023,-1.012,-0.02,0.04,0.15,0.3
45.304,-3.6,2.3,-6.1,-0.063,0.026,-1.013,-0.02,0.04,0.15,0.3
45.308,-3.1,1.3,-5.5,-0.058,0.029,-1.012,-0.02,0.04,0.15,0.3
45.313,-2.5,0.4,-4.9,-0.052,0.031,-1.012,-0.02,0.04,0.15,0.3
45.318,-1.7,-0.4,-4.2,-0.049,0.031,-1.01,-0.02,0.04,0.15,0.3
45.322,-0.9,-1.4,-3.7,-0.047,0.032,-1.007,-0.02,0.04,0.15,0.3
45.327,-0.3,-2.5,-3.1,-0.047,0.033,-1.006,-0.02,0.04,0.15,0.3
45.332,0.6,-3.5,-2.9,-0.047,0.037,-1.003,-0.02,0.04,0.15,0.3
45.336,1,-4.5,-2.6,-0.05,0.037,-1.001,-0.02,0.04,0.15,0.3
45.342,1.8,-5.4,-2.6,-0.053,0.04,-0.999,-0.03,0.02,0,0.45
45.347,2.4,-6.1,-2.5,-0.055,0.041,-0.996,-0.03,0.02,0,0.45
45.352,3.1,-6.8,-2.3,-0.059,0.044,-0.995,-0.03,0.02,0,0.45
45.358,3.3,-7.4,-2.3,-0.063,0.045,-0.992,-0.03,0.02,0,0.45
45.363,3.5,-8.1,-2.2,-0.068,0.047,-0.99,-0.03,0.02,0,0.45
45.369,3.7,-8.5,-2,-0.072,0.047,-0.989,-0.03,0.02,0,0.45
45.374,3.7,-8.9,-1.6,-0.077,0.049,-0.988,-0.03,0.02,0,0.45
45.379,4,-9.2,-1.5,-0.081,0.047,-0.988,-0.03,0.02,0,0.45
45.385,4.1,-9.5,-1.2,-0.084,0.047,-0.987,-0.03,0.02,0,0.45
45.389,4.5,-10,-1.1,-0.087,0.044,-0.986,-0.04,0.01,-0.15,0.45
45.394,4.9,-10.4,-0.9,-0.088,0.041,-0.987,-0.04,0.01,-0.15,0.45
45.398,5.4,-10.6,-0.9,-0.089,0.038,-0.988,-0.04,0.01,-0.15,0.45
45.403,5.9,-10.7,-0.9,-0.09,0.033,-0.99,-0.04,0.01,-0.15,0.45
45.407,6.5,-11,-0.9,-0.092,0.028,-0.989,-0.04,0.01,-0.15,0.45
45.412,6.8,-11.4,-1,-0.095,0.022,-0.99,-0.04,0.01,-0.15,0.45
45.416,6.8,-11.6,-1,-0.097,0.015,-0.99,-0.04,0.01,-0.15,0.45
45.421,7.1,-11.7,-1.2,-0.097,0.007,-0.991,-0.04,0.01,-0.15,0.45
45.425,6.9,-11.7,-1.3,-0.096,0,-0.992,-0.04,0.01,-0.15,0.45
45.429,6.7,-11.8,-1,-0.096,-0.005,-0.993,-0.04,0.01,-0.15,0.45
45.434,6.7,-11.7,-0.9,-0.098,-0.009,-0.994,-0.04,0.01,-0.15,0.45
45.440,6.3,-11.6,-0.9,-0.102,-0.014,-0.995,-0.04,0.01,0,0.45
45.446,5.9,-11.7,-0.8,-0.106,-0.02,-0.998,-0.04,0.01,0,0.45
45.452,5.4,-11.6,-0.7,-0.112,-0.023,-0.999,-0.04,0.01,0,0.45
45.458,4.7,-11.4,-0.6,-0.118,-0.029,-1,-0.04,0.01,0,0.45
45.464,3.7,-11.3,-0.9,-0.122,-0.032,-0.999,-0.04,0.01,0,0.45
45.470,2.9,-10.8,-1,-0.124,-0.034,-0.997,-0.04,0.01,0,0.45
45.476,1.5,-10.3,-1.2,-0.122,-0.036,-0.993,-0.04,0.01,0,0.45
45.480,0.7,-9.9,-1.3,-0.118,-0.035,-0.988,0,-0.01,0,0.46
45.485,-0.1,-9.4,-1.6,-0.115,-0.031,-0.982,0,-0.01,0,0.46
45.489,-0.6,-8.6,-2.1,-0.11,-0.025,-0.977,0,-0.01,0,0.46
45.493,-0.7,-8,-2.7,-0.105,-0.016,-0.971,0,-0.01,0,0.46
45.498,-0.6,-7.1,-3.3,-0.097,-0.007,-0.966,0,-0.01,0,0.46
45.502,-0.3,-6.3,-3.7,-0.088,0.001,-0.962,0,-0.01,0,0.46
45.506,0.2,-5.6,-4.2,-0.079,0.008,-0.96,0,-0.01,0,0.46
45.511,0.7,-4.7,-4.3,-0.071,0.014,-0.959,0,-0.01,0,0.46
45.515,1.1,-3.9,-4.5,-0.064,0.022,-0.96,0,-0.01,0,0.46
45.520,1.7,-3,-3.9,-0.058,0.029,-0.962,0,-0.01,0,0.46
45.524,2.4,-2.2,-3.2,-0.053,0.034,-0.967,0,-0.01,0,0.46
45.528,2.9,-1.4,-2.8,-0.05,0.039,-0.972,0.02,-0.02,0,0.46
45.533,3.4,-0.6,-2.2,-0.051,0.039,-0.978,0.02,-0.02,0,0.46
45.537,3.5,0,-1.5,-0.054,0.038,-0.985,0.02,-0.02,0,0.46
45.542,3.3,0.6,-1,-0.056,0.032,-0.991,0.02,-0.02,0,0.46
45.546,3,1.2,-0.7,-0.057,0.025,-0.995,0.02,-0.02,0,0.46
45.550,2.6,1.9,-0.3,-0.058,0.018,-0.998,0.02,-0.02,0,0.46
45.555,2.1,2.2,0.2,-0.056,0.01,-0.998,0.02,-0.02,0,0.46
45.559,1.5,2.7,0.6,-0.054,0.002,-0.996,0.02,-0.02,0,0.46
45.563,0.9,3.4,1,-0.05,-0.003,-0.992,0.02,-0.02,0,0.46
45.568,0.2,4.1,1.2,-0.046,-0.009,-0.987,0.02,-0.02,0,0.46
45.572,-0.4,4.5,1.4,-0.04,-0.013,-0.981,0.02,-0.02,0,0.46
45.579,-1.4,4.9,1.6,-0.035,-0.017,-0.975,0.02,-0.03,0,0.3
45.585,-2.1,5.3,1.4,-0.027,-0.021,-0.97,0.02,-0.03,0,0.3
45.592,-3.3,5.7,1.4,-0.018,-0.022,-0.965,0.02,-0.03,0,0.3
45.598,-4.1,6.2,1.1,-0.01,-0.022,-0.96,0.02,-0.03,0,0.3
45.605,-4.9,6.6,1,-0.004,-0.019,-0.955,0.02,-0.03,0,0.3
45.611,-5.1,7.1,0.9,0.001,-0.015,-0.951,0.02,-0.03,0,0.3
45.618,-5.3,7.5,0.6,0.005,-0.009,-0.948,0.02,-0.03,0,0.3
45.622,-4.8,7.7,0.3,0.009,-0.002,-0.947,0,-0.06,0,0.3
45.626,-4.4,8,0.3,0.011,0.004,-0.948,0,-0.06,0,0.3
45.630,-4,8.2,0.1,0.011,0.009,-0.95,0,-0.06,0,0.3
45.634,-3.3,8.2,0.1,0.008,0.011,-0.953,0,-0.06,0,0.3
45.638,-2.5,8.1,0.3,0.004,0.015,-0.959,0,-0.06,0,0.3
45.642,-1.5,7.8,0.2,-0.002,0.017,-0.965,0,-0.06,0,0.3
45.646,-1,7.4,0.5,-0.011,0.016,-0.97,0,-0.06,0,0.3
45.650,-0.4,7,0.9,-0.019,0.014,-0.976,0,-0.06,0,0.3
45.654,0.1,6.2,1.2,-0.028,0.01,-0.985,0,-0.06,0,0.3
45.658,0.6,5.4,1.5,-0.036,0.007,-0.99,0,-0.06,0,0.3
45.662,1,4.2,1.7,-0.042,0.003,-0.995,0,-0.06,0,0.3
45.668,1.5,3.2,2.1,-0.046,0,-0.999,0,-0.06,0,0.3
45.673,2.1,2,2.5,-0.048,-0.003,-1.001,0,-0.06,0,0.3
45.679,2.7,1,2.7,-0.048,-0.005,-1.004,0,-0.06,0,0.3
45.684,3.3,-0.2,3.3,-0.043,-0.007,-1.006,0,-0.06,0,0.3
45.690,3.9,-1.4,3.7,-0.036,-0.01,-1.005,0,-0.06,0,0.3
45.695,4.6,-2.5,4.2,-0.028,-0.012,-1.006,0,-0.06,0,0.3
45.700,4.9,-3.7,4.9,-0.017,-0.013,-1.006,0,-0.06,0,0.3
45.706,5.4,-4.5,5.1,-0.007,-0.013,-1.007,0,-0.06,0,0.3
45.711,5.8,-5.3,5.6,0.002,-0.012,-1.005,0,-0.06,0,0.3
45.717,6.3,-6.3,6.1,0.009,-0.011,-1.002,0,-0.07,0,0.6
45.722,6.6,-6.7,6.4,0.016,-0.012,-0.999,0,-0.07,0,0.6
45.728,7.1,-7.5,6.6,0.021,-0.013,-0.995,0,-0.07,0,0.6
45.733,7.1,-7.7,6.8,0.027,-0.014,-0.99,0,-0.07,0,0.6
45.738,7.4,-7.9,6.8,0.03,-0.016,-0.985,0,-0.07,0,0.6
45.744,7.6,-8.1,6.8,0.032,-0.022,-0.981,0,-0.07,0,0.6
45.749,7.7,-8.4,6.6,0.033,-0.026,-0.979,0,-0.07,0,0.6
45.755,7.9,-8.3,6.5,0.033,-0.029,-0.978,0,-0.07,0,0.6
45.760,7.9,-8.3,6.4,0.032,-0.035,-0.979,0,-0.07,0,0.6
45.765,7.9,-8.1,6.3,0.03,-0.038,-0.98,0.01,-0.07,0,0.61
45.770,7.8,-8,6.1,0.025,-0.043,-0.983,0.01,-0.07,0,0.61
45.775,7.7,-7.7,6.1,0.018,-0.047,-0.987,0.01,-0.07,0,0.61
45.779,7.2,-7.7,5.7,0.01,-0.052,-0.993,0.01,-0.07,0,0.61
45.784,6.8,-7.4,5.9,0.003,-0.054,-0.999,0.01,-0.07,0,0.61
45.789,6,-7.1,5.9,-0.004,-0.055,-1.007,0.01,-0.07,0,0.61
45.794,5.3,-6.9,5.9,-0.012,-0.055,-1.014,0.01,-0.07,0,0.61
45.799,4.5,-6.6,5.9,-0.021,-0.054,-1.02,0.01,-0.07,0,0.61
45.804,3.6,-6.7,6.2,-0.028,-0.053,-1.024,0.01,-0.07,0,0.61
45.809,2.8,-6.3,6.4,-0.034,-0.051,-1.028,0.01,-0.07,0,0.61
45.815,1.9,-6.3,6.5,-0.038,-0.05,-1.031,0.01,-0.06,0,0.6
45.821,0.9,-6,6.9,-0.042,-0.046,-1.033,0.01,-0.06,0,0.6
45.827,0.4,-5.8,7.2,-0.044,-0.045,-1.035,0.01,-0.06,0,0.6
45.833,0.1,-5.5,7.4,-0.042,-0.043,-1.036,0.01,-0.06,0,0.6
45.839,0,-5.1,7.6,-0.039,-0.041,-1.038,0.01,-0.06,0,0.6
45.845,0.1,-4.6,7.9,-0.037,-0.041,-1.038,0.01,-0.06,0,0.6
45.851,0,-3.9,8.1,-0.034,-0.043,-1.037,0.01,-0.06,0,0.6
45.857,0,-3.2,8.2,-0.034,-0.046,-1.035,0.01,-0.06,0,0.6
45.861,-0.1,-2.2,8.2,-0.034,-0.049,-1.034,0.01,-0.04,0.15,0.76
45.865,-0.1,-1.4,8.2,-0.036,-0.051,-1.033,0.01,-0.04,0.15,0.76
45.870,-0.1,-0.3,8.2,-0.039,-0.052,-1.034,0.01,-0.04,0.15,0.76
45.874,-0.3,0.5,8.3,-0.043,-0.053,-1.033,0.01,-0.04,0.15,0.76
45.878,-0.5,1.7,8.2,-0.053,-0.052,-1.034,0.01,-0.04,0.15,0.76
45.882,-0.7,2.7,7.9,-0.06,-0.052,-1.036,0.01,-0.04,0.15,0.76
45.886,-1.2,3.8,7.8,-0.066,-0.051,-1.037,0.01,-0.04,0.15,0.76
45.891,-1.7,4.7,7.8,-0.072,-0.048,-1.037,0.01,-0.04,0.15,0.76
45.895,-2.4,5.7,7.8,-0.075,-0.047,-1.037,0.01,-0.04,0.15,0.76
45.899,-2.9,6.6,7.9,-0.077,-0.044,-1.037,0.01,-0.04,0.15,0.76
45.905,-3.6,7.7,8,-0.076,-0.04,-1.036,0,-0.04,0,0.59
45.911,-4.2,8.7,8,-0.074,-0.037,-1.034,0,-0.04,0,0.59
45.917,-4.5,9.3,8.1,-0.072,-0.031,-1.032,0,-0.04,0,0.59
45.923,-4.7,10.1,8.2,-0.071,-0.026,-1.027,0,-0.04,0,0.59
45.929,-4.9,10.8,8,-0.068,-0.024,-1.024,0,-0.04,0,0.59
45.935,-5,11.5,7.5,-0.065,-0.021,-1.02,0,-0.04,0,0.59
45.941,-4.8,12,7,-0.062,-0.019,-1.016,0,-0.04,0,0.59
45.947,-4.9,12.4,6.7,-0.057,-0.018,-1.013,0,-0.04,0,0.59
45.951,-4.6,12.8,6.3,-0.053,-0.016,-1.01,-0.02,-0.03,0,0.44
45.954,-4.3,13.1,5.9,-0.05,-0.015,-1.009,-0.02,-0.03,0,0.44
45.958,-3.9,13.4,5.3,-0.046,-0.013,-1.009,-0.02,-0.03,0,0.44
45.961,-3.5,13.4,5,-0.042,-0.011,-1.011,-0.02,-0.03,0,0.44
45.965,-3,13.5,4.4,-0.037,-0.011,-1.012,-0.02,-0.03,0,0.44
45.968,-2.3,13.7,4,-0.033,-0.01,-1.015,-0.02,-0.03,0,0.44
45.972,-2.1,13.5,3.5,-0.029,-0.009,-1.02,-0.02,-0.03,0,0.44
45.975,-1.6,13.4,3.1,-0.024,-0.007,-1.026,-0.02,-0.03,0,0.44
45.979,-1.5,13.2,2.8,-0.021,-0.007,-1.033,-0.02,-0.03,0,0.44
45.982,-1.1,13.4,2.4,-0.017,-0.007,-1.04,-0.02,-0.03,0,0.44
45.986,-0.8,13.1,2,-0.009,-0.006,-1.045,-0.02,-0.03,0,0.44
45.990,-0.8,13.1,1.9,-0.001,-0.006,-1.05,-0.02,-0.03,0,0.44
45.993,-0.9,12.9,1.8,0.007,-0.005,-1.052,-0.02,-0.03,0,0.44
45.997,-1.4,12.7,1.9,0.016,-0.004,-1.05,-0.02,-0.03,0,0.44
46.007,-2.2,12.5,2.1,0.021,-0.005,-1.044,-0.02,-0.03,0.14,0.43
46.017,-2.9,12.1,2.1,0.025,-0.006,-1.036,-0.02,-0.03,0.14,0.43
46.028,-4.1,11.8,2.3,0.028,-0.008,-1.027,-0.02,-0.03,0.14,0.43
46.038,-5.2,11.4,2.9,0.032,-0.011,-1.018,-0.02,-0.03,0.14,0.43
46.041,-6.3,11,3,0.036,-0.014,-1.009,0,-0.04,0,0.43
46.045,-6.9,10.3,3.2,0.038,-0.017,-1.001,0,-0.04,0,0.43
46.048,-7,9.8,3.1,0.038,-0.02,-0.995,0,-0.04,0,0.43
46.052,-6.8,9.5,3.1,0.038,-0.024,-0.991,0,-0.04,0,0.43
46.055,-5.9,8.7,2.9,0.038,-0.027,-0.988,0,-0.04,0,0.43
46.059,-4.5,7.9,2.6,0.035,-0.029,-0.987,0,-0.04,0,0.43
46.062,-3.1,7.3,2.5,0.032,-0.033,-0.986,0,-0.04,0,0.43
46.066,-1.9,6.8,2.1,0.029,-0.037,-0.986,0,-0.04,0,0.43
46.069,-0.8,5.9,1.6,0.025,-0.04,-0.984,0,-0.04,0,0.43
46.073,0.1,5.1,1,0.022,-0.044,-0.983,0,-0.04,0,0.43
46.077,0.7,4.2,0.6,0.018,-0.042,-0.982,0,-0.04,0,0.43
46.080,1.2,3.2,0.4,0.015,-0.038,-0.979,0,-0.04,0,0.43
46.084,1.5,2.5,0.2,0.014,-0.03,-0.975,0,-0.04,0,0.43
46.087,1.9,1.6,0.2,0.014,-0.021,-0.971,0,-0.04,0,0.43
46.095,2.3,0.7,0.2,0.014,-0.011,-0.967,-0.02,-0.06,0,0.89
46.102,2.8,0,0.3,0.015,-0.002,-0.963,-0.02,-0.06,0,0.89
46.110,2.9,-1.1,0.3,0.014,0.004,-0.961,-0.02,-0.06,0,0.89
46.118,3.3,-1.9,0.2,0.016,0.009,-0.96,-0.02,-0.06,0,0.89
46.125,3.8,-2.8,0.6,0.016,0.013,-0.961,-0.02,-0.06,0,0.89
46.133,4.1,-3.8,0.6,0.017,0.016,-0.964,-0.02,-0.06,0,0.89
46.137,4.4,-4.7,0.7,0.018,0.018,-0.968,-0.06,-0.05,-0.15,0.61
46.141,4.6,-5.8,0.6,0.018,0.019,-0.975,-0.06,-0.05,-0.15,0.61
46.145,5,-6.9,0.5,0.017,0.019,-0.985,-0.06,-0.05,-0.15,0.61
46.150,5.1,-8.1,0.3,0.014,0.019,-0.997,-0.06,-0.05,-0.15,0.61
46.154,5.4,-9.2,0.1,0.011,0.019,-1.009,-0.06,-0.05,-0.15,0.61
46.158,5.3,-10.6,0,0.007,0.017,-1.022,-0.06,-0.05,-0.15,0.61
46.162,5.4,-11.7,-0.1,0.004,0.016,-1.034,-0.06,-0.05,-0.15,0.61
46.166,5.4,-13,-0.3,-0.001,0.017,-1.044,-0.06,-0.05,-0.15,0.61
46.170,5.6,-14.4,-0.5,-0.006,0.019,-1.052,-0.06,-0.05,-0.15,0.61
46.175,5.9,-15.5,-0.6,-0.008,0.022,-1.056,-0.06,-0.05,-0.15,0.61
46.179,6.4,-16.7,-0.7,-0.007,0.026,-1.058,-0.06,-0.05,-0.15,0.61
46.184,7.1,-17.8,-0.7,-0.003,0.032,-1.058,-0.05,-0.03,0,0.72
46.188,7.7,-18.5,-0.7,0.001,0.035,-1.056,-0.05,-0.03,0,0.72
46.193,8.2,-19.3,-0.6,0.008,0.037,-1.049,-0.05,-0.03,0,0.72
46.198,8.8,-20,-0.4,0.012,0.038,-1.042,-0.05,-0.03,0,0.72
46.203,9.1,-20.3,-0.2,0.02,0.04,-1.034,-0.05,-0.03,0,0.72
46.208,9.2,-20.4,-0.1,0.024,0.04,-1.025,-0.05,-0.03,0,0.72
46.212,9.3,-20.7,0.2,0.029,0.041,-1.015,-0.05,-0.03,0,0.72
46.217,9.1,-20.8,0.8,0.032,0.04,-1.008,-0.05,-0.03,0,0.72
46.222,8.7,-21,1,0.038,0.038,-0.998,-0.05,-0.03,0,0.72
46.227,8.2,-21.1,1.7,0.041,0.032,-0.989,-0.05,-0.03,0,0.72
46.232,7.4,-20.7,1.8,0.045,0.026,-0.981,-0.05,-0.03,0,0.72
46.238,6.7,-20.5,2.2,0.048,0.019,-0.976,-0.03,-0.05,-0.14,0.73
46.244,5.9,-20.3,2.1,0.051,0.012,-0.972,-0.03,-0.05,-0.14,0.73
46.250,5.3,-20.1,2.1,0.053,0.008,-0.97,-0.03,-0.05,-0.14,0.73
46.256,4.6,-19.7,1.8,0.053,0.002,-0.972,-0.03,-0.05,-0.14,0.73
46.263,4.1,-19.4,1.1,0.051,-0.005,-0.976,-0.03,-0.05,-0.14,0.73
46.269,3.9,-18.9,0.1,0.046,-0.009,-0.982,-0.03,-0.05,-0.14,0.73
46.275,3.5,-18.5,-0.9,0.042,-0.014,-0.989,-0.03,-0.05,-0.14,0.73
46.282,2.9,-18,-2.2,0.04,-0.017,-0.998,-0.01,-0.04,0,1.35
46.289,2.3,-17.5,-3.2,0.037,-0.019,-1.007,-0.01,-0.04,0,1.35
46.295,1.6,-16.9,-4.3,0.031,-0.019,-1.014,-0.01,-0.04,0,1.35
46.302,0.7,-16.3,-5.3,0.025,-0.015,-1.018,-0.01,-0.04,0,1.35
46.309,-0.2,-15.5,-6.1,0.017,-0.011,-1.021,-0.01,-0.04,0,1.35
46.316,-1.5,-14.7,-6.7,0.009,-0.004,-1.023,-0.01,-0.04,0,1.35
46.323,-2.8,-13.9,-7,0.005,0.002,-1.023,-0.01,-0.04,0,1.35
46.327,-4,-12.9,-7.5,0.002,0.008,-1.021,0,-0.04,0.14,1.04
46.331,-5,-11.9,-7.6,0.001,0.013,-1.02,0,-0.04,0.14,1.04
46.336,-6.2,-10.8,-7.9,-0.002,0.017,-1.017,0,-0.04,0.14,1.04
46.340,-6.8,-9.7,-8.1,-0.003,0.02,-1.015,0,-0.04,0.14,1.04
46.345,-7.8,-8.4,-8.2,-0.001,0.022,-1.014,0,-0.04,0.14,1.04
46.349,-8.3,-7.2,-8.6,0,0.02,-1.013,0,-0.04,0.14,1.04
46.354,-8.7,-5.9,-9,0.001,0.015,-1.014,0,-0.04,0.14,1.04
46.358,-9.2,-4.7,-9.7,0.001,0.008,-1.015,0,-0.04,0.14,1.04
46.362,-9.7,-3.6,-10.3,-0.003,0.002,-1.018,0,-0.04,0.14,1.04
46.367,-10.1,-2.5,-10.9,-0.009,-0.004,-1.02,0,-0.04,0.14,1.04
46.371,-10.5,-1.4,-11.2,-0.015,-0.011,-1.024,0,-0.04,0.14,1.04
46.375,-10.7,-0.6,-11.7,-0.02,-0.018,-1.028,0,-0.03,0.15,0.45
46.379,-11.1,0.1,-12.1,-0.027,-0.023,-1.031,0,-0.03,0.15,0.45
46.383,-11.8,0.7,-12.3,-0.034,-0.025,-1.031,0,-0.03,0.15,0.45
46.387,-12.3,1.4,-12.3,-0.039,-0.022,-1.029,0,-0.03,0.15,0.45
46.390,-12.7,2,-12.2,-0.041,-0.019,-1.026,0,-0.03,0.15,0.45
46.394,-13.1,2.7,-11.8,-0.043,-0.013,-1.02,0,-0.03,0.15,0.45
46.398,-13,3.4,-11.2,-0.04,-0.004,-1.011,0,-0.03,0.15,0.45
46.402,-12.8,4.2,-10.8,-0.037,0.005,-1.003,0,-0.03,0.15,0.45
46.406,-12,4.8,-10.1,-0.03,0.016,-0.994,0,-0.03,0.15,0.45
46.409,-11.1,5.5,-9.5,-0.022,0.027,-0.988,0,-0.03,0.15,0.45
46.413,-10,6.3,-9.2,-0.013,0.037,-0.983,0,-0.03,0.15,0.45
46.420,-8.4,7,-8.5,-0.004,0.045,-0.98,-0.01,-0.04,0.44,0.74
46.427,-7.1,7.6,-7.9,0.003,0.05,-0.979,-0.01,-0.04,0.44,0.74
46.434,-5.7,7.9,-7.5,0.005,0.05,-0.979,-0.01,-0.04,0.44,0.74
46.441,-5,8.1,-7.2,0.006,0.047,-0.981,-0.01,-0.04,0.44,0.74
46.448,-3.9,8.1,-6.8,0.01,0.041,-0.983,-0.01,-0.04,0.44,0.74
46.455,-3.3,8.3,-6.7,0.012,0.034,-0.99,-0.01,-0.04,0.44,0.74
46.462,-2.5,8.1,-6.4,0.015,0.028,-0.998,-0.01,-0.04,0.44,0.74
46.466,-1.8,7.6,-6.6,0.018,0.024,-1.009,0,-0.02,0,0.44
46.470,-1.4,7.4,-7,0.021,0.017,-1.021,0,-0.02,0,0.44
46.475,-1.1,7.3,-7.5,0.023,0.01,-1.033,0,-0.02,0,0.44
46.479,-1,6.6,-8.1,0.027,0.006,-1.041,0,-0.02,0,0.44
46.483,-1.2,6.3,-9,0.029,0.002,-1.047,0,-0.02,0,0.44
46.488,-1.5,5.7,-9.9,0.033,-0.002,-1.051,0,-0.02,0,0.44
46.492,-1.7,5.2,-10.9,0.038,-0.004,-1.05,0,-0.02,0,0.44
46.497,-2.2,4.8,-11.8,0.04,-0.004,-1.047,0,-0.02,0,0.44
46.501,-2.6,4.6,-12.6,0.042,-0.003,-1.044,0,-0.02,0,0.44
46.505,-2.5,3.9,-13.4,0.045,-0.002,-1.039,0,-0.02,0,0.44
46.510,-2,3.5,-14.2,0.042,0,-1.035,0,-0.02,0,0.44
46.514,-1.6,3.1,-14.5,0.037,0,-1.031,0.01,-0.01,0,0.29
46.518,-0.9,2.5,-15.1,0.03,0,-1.027,0.01,-0.01,0,0.29
46.522,0,1.8,-15.4,0.022,-0.004,-1.025,0.01,-0.01,0,0.29
46.527,0.7,0.9,-15.3,0.015,-0.007,-1.025,0.01,-0.01,0,0.29
46.531,1.6,0,-15.5,0.009,-0.009,-1.028,0.01,-0.01,0,0.29
46.535,2.6,-1.1,-15.1,0.005,-0.011,-1.034,0.01,-0.01,0,0.29
46.539,3.8,-2.2,-14.7,0.003,-0.01,-1.044,0.01,-0.01,0,0.29
46.544,4.8,-3.4,-14.5,0,-0.01,-1.055,0.01,-0.01,0,0.29
46.548,5.6,-4.8,-14.4,-0.003,-0.01,-1.068,0.01,-0.01,0,0.29
46.552,6.3,-6.2,-14.1,-0.005,-0.008,-1.081,0.01,-0.01,0,0.29
46.556,6.7,-7.5,-14,-0.005,-0.007,-1.09,0.01,-0.01,0,0.29
46.563,7,-8.9,-13.9,-0.004,-0.003,-1.095,0,0.01,-0.14,0.43
46.569,7,-10,-13.7,-0.002,0.001,-1.096,0,0.01,-0.14,0.43
46.575,6.7,-11,-12.9,0.003,0.003,-1.094,0,0.01,-0.14,0.43
46.581,6.4,-11.9,-12.2,0.008,0.006,-1.085,0,0.01,-0.14,0.43
46.588,5.4,-12.7,-11.4,0.015,0.006,-1.069,0,0.01,-0.14,0.43
46.594,3.9,-13.1,-10.8,0.02,0.006,-1.051,0,0.01,-0.14,0.43
46.600,2.3,-13.2,-9.7,0.022,0.004,-1.026,0,0.01,-0.14,0.43
46.605,0.3,-13.3,-9,0.022,0.001,-1.001,-0.01,-0.02,0,0.44
46.609,-1.8,-13.3,-8.3,0.021,0,-0.975,-0.01,-0.02,0,0.44
46.613,-4.2,-12.8,-7.8,0.022,-0.006,-0.952,-0.01,-0.02,0,0.44
46.618,-6.6,-12.4,-7.5,0.025,-0.01,-0.931,-0.01,-0.02,0,0.44
46.622,-8.7,-11.4,-7.5,0.027,-0.016,-0.916,-0.01,-0.02,0,0.44
46.626,-10.7,-10.8,-8,0.03,-0.019,-0.906,-0.01,-0.02,0,0.44
46.631,-11.7,-10,-8.6,0.034,-0.021,-0.9,-0.01,-0.02,0,0.44
46.635,-12.2,-9.1,-9.5,0.037,-0.022,-0.9,-0.01,-0.02,0,0.44
46.640,-12,-8,-10.6,0.04,-0.019,-0.906,-0.01,-0.02,0,0.44
46.644,-11.1,-7.1,-11.6,0.047,-0.015,-0.916,-0.01,-0.02,0,0.44
46.648,-9.8,-6.1,-12.5,0.05,-0.009,-0.929,-0.01,-0.02,0,0.44
46.653,-8.2,-5.5,-13,0.051,-0.005,-0.946,-0.03,-0.03,0.14,0.44
46.657,-6.8,-4.7,-13.6,0.048,0.001,-0.964,-0.03,-0.03,0.14,0.44
46.662,-5.5,-4.2,-13.9,0.041,0.006,-0.982,-0.03,-0.03,0.14,0.44
46.667,-4.8,-3.7,-14.2,0.033,0.011,-0.995,-0.03,-0.03,0.14,0.44
46.671,-4.6,-3.3,-14.3,0.02,0.017,-1.006,-0.03,-0.03,0.14,0.44
46.676,-4.7,-3,-14.1,0.008,0.024,-1.014,-0.03,-0.03,0.14,0.44
46.680,-5.2,-2.8,-13.7,-0.001,0.031,-1.02,-0.03,-0.03,0.14,0.44
46.685,-5.3,-3,-13.4,-0.013,0.038,-1.023,-0.03,-0.03,0.14,0.44
46.690,-5.7,-2.8,-13.3,-0.021,0.045,-1.026,-0.03,-0.03,0.14,0.44
46.694,-5.7,-2.8,-13.2,-0.025,0.051,-1.029,-0.03,-0.03,0.14,0.44
46.701,-5.5,-3,-13.1,-0.025,0.055,-1.032,-0.04,-0.02,0,0.28
46.707,-4.8,-3,-12.9,-0.024,0.058,-1.034,-0.04,-0.02,0,0.28
46.714,-3.9,-3.1,-13.2,-0.02,0.057,-1.036,-0.04,-0.02,0,0.28
46.721,-3.1,-3,-13.7,-0.012,0.053,-1.034,-0.04,-0.02,0,0.28
46.727,-2,-3,-13.7,-0.004,0.048,-1.03,-0.04,-0.02,0,0.28
46.734,-1.1,-3,-13.7,0.004,0.04,-1.024,-0.04,-0.02,0,0.28
46.741,-0.2,-2.8,-13.9,0.016,0.032,-1.017,-0.04,-0.02,0,0.28
46.747,0.2,-2.8,-13.7,0.03,0.024,-1.007,-0.04,-0.02,0,0.28
46.751,0.6,-2.5,-13.3,0.044,0.017,-0.997,-0.04,-0.04,0,0.29
46.755,1.2,-2.2,-12.8,0.055,0.013,-0.987,-0.04,-0.04,0,0.29
46.758,1.7,-1.9,-11.9,0.069,0.011,-0.976,-0.04,-0.04,0,0.29
46.762,2.3,-1.6,-11.1,0.079,0.009,-0.968,-0.04,-0.04,0,0.29
46.766,2.9,-1.1,-10.1,0.087,0.007,-0.96,-0.04,-0.04,0,0.29
46.769,3.5,-0.8,-8.8,0.095,0.006,-0.955,-0.04,-0.04,0,0.29
46.773,3.9,-0.5,-7.7,0.103,0.002,-0.955,-0.04,-0.04,0,0.29
46.777,4,0,-6.2,0.106,-0.002,-0.959,-0.04,-0.04,0,0.29
46.780,4.3,0.2,-4.8,0.11,-0.007,-0.965,-0.04,-0.04,0,0.29
46.784,4,0.4,-3.6,0.114,-0.013,-0.975,-0.04,-0.04,0,0.29
46.788,3.7,0.4,-1.8,0.115,-0.019,-0.989,-0.04,-0.04,0,0.29
46.795,3.5,0.5,-0.1,0.114,-0.024,-1.005,-0.02,-0.04,0,0.29
46.802,3.3,0.4,1.3,0.109,-0.029,-1.019,-0.02,-0.04,0,0.29
46.809,3,0.1,2.8,0.102,-0.033,-1.034,-0.02,-0.04,0,0.29
46.816,2.8,-0.1,4,0.093,-0.038,-1.047,-0.02,-0.04,0,0.29
46.823,2.4,-0.5,4.7,0.082,-0.044,-1.061,-0.02,-0.04,0,0.29
46.830,1.9,-1.3,5.4,0.073,-0.049,-1.071,-0.02,-0.04,0,0.29
46.837,1.3,-2.1,6.3,0.064,-0.052,-1.077,-0.02,-0.04,0,0.29
46.841,0.7,-2.9,6.9,0.057,-0.052,-1.079,0,0,0,0.29
46.845,0.6,-3.8,7.4,0.054,-0.048,-1.078,0,0,0,0.29
46.850,0.6,-4.7,7.9,0.053,-0.04,-1.074,0,0,0,0.29
46.854,0.6,-5.5,8.3,0.052,-0.031,-1.07,0,0,0,0.29
46.858,0.6,-6.6,8.6,0.052,-0.022,-1.068,0,0,0,0.29
46.863,0.9,-7.1,8.9,0.051,-0.013,-1.064,0,0,0,0.29
46.867,0.9,-8,9.4,0.048,-0.006,-1.062,0,0,0,0.29
46.871,1,-8.7,9.9,0.045,0.002,-1.06,0,0,0,0.29
46.876,1.2,-9.2,10.4,0.041,0.011,-1.059,0,0,0,0.29
46.880,1.2,-9.9,11,0.036,0.02,-1.057,0,0,0,0.29
46.885,1.5,-10.2,11.7,0.037,0.03,-1.054,0,0,0,0.29
46.892,1.5,-10.3,12.5,0.037,0.037,-1.05,0.01,0,0,0.29
46.899,1.6,-10.3,13.1,0.038,0.042,-1.045,0.01,0,0,0.29
46.906,1.3,-10.3,13.7,0.039,0.042,-1.037,0.01,0,0,0.29
46.913,0.7,-9.7,14.3,0.041,0.039,-1.028,0.01,0,0,0.29
46.920,0.3,-9.1,14.8,0.044,0.036,-1.017,0.01,0,0,0.29
46.927,-0.3,-8.4,15,0.044,0.033,-1.009,0.01,0,0,0.29
46.934,-0.9,-7.5,15,0.045,0.028,-1.001,0.01,0,0,0.29
46.937,-1,-6.8,15,0.044,0.023,-0.995,0.06,0,0,0.29
46.941,-1.1,-5.9,14.7,0.042,0.017,-0.992,0.06,0,0,0.29
46.945,-1.1,-4.8,14.4,0.039,0.01,-0.993,0.06,0,0,0.29
46.949,-1.1,-4.1,13.9,0.033,0.003,-0.996,0.06,0,0,0.29
46.953,-0.9,-3.4,13.4,0.026,-0.002,-1.002,0.06,0,0,0.29
46.956,-1.1,-2.9,13,0.015,-0.008,-1.011,0.06,0,0,0.29
46.960,-1.1,-2.2,12.3,0.004,-0.011,-1.019,0.06,0,0,0.29
46.964,-1.4,-1.8,11.9,-0.006,-0.016,-1.029,0.06,0,0,0.29
46.968,-1.7,-1.6,11.2,-0.017,-0.014,-1.039,0.06,0,0,0.29
46.972,-2.4,-1.7,11.1,-0.027,-0.013,-1.048,0.06,0,0,0.29
46.976,-3.1,-1.4,10.6,-0.035,-0.011,-1.057,0.06,0,0,0.29
46.982,-3.6,-1.4,10.8,-0.041,-0.007,-1.065,0.07,0.02,0.14,0.14
46.989,-4.2,-1.4,10.7,-0.046,-0.001,-1.07,0.07,0.02,0.14,0.14
46.996,-4.5,-1.3,10.6,-0.046,0.004,-1.073,0.07,0.02,0.14,0.14
47.003,-4.4,-1.2,10.6,-0.045,0.011,-1.074,0.07,0.02,0.14,0.14
47.010,-4.2,-1.1,10.5,-0.043,0.017,-1.073,0.07,0.02,0.14,0.14
47.017,-3.6,-1.1,10.5,-0.041,0.022,-1.072,0.07,0.02,0.14,0.14
47.024,-2.5,-0.6,10.3,-0.039,0.026,-1.069,0.07,0.02,0.14,0.14
47.029,-1.4,-0.5,10.3,-0.039,0.028,-1.066,0.06,0.04,0,0.14
47.033,0.1,-0.3,10.3,-0.037,0.031,-1.062,0.06,0.04,0,0.14
47.037,2,0,10.4,-0.033,0.033,-1.059,0.06,0.04,0,0.14
47.042,4.2,0.4,10.4,-0.031,0.034,-1.053,0.06,0.04,0,0.14
47.046,6.2,1,10.6,-0.029,0.037,-1.047,0.06,0.04,0,0.14
47.051,8.4,1.5,10.9,-0.022,0.037,-1.04,0.06,0.04,0,0.14
47.055,10.3,2.4,10.9,-0.017,0.036,-1.032,0.06,0.04,0,0.14
47.060,11.7,3,11.1,-0.01,0.028,-1.027,0.06,0.04,0,0.14
47.064,12.8,3.8,11.2,-0.007,0.021,-1.021,0.06,0.04,0,0.14
47.068,13.4,4.5,11.3,-0.003,0.013,-1.017,0.06,0.04,0,0.14
47.073,13.6,5.2,11.2,0,0.003,-1.012,0.06,0.04,0,0.14
47.077,13.9,5.8,11.4,0,-0.007,-1.01,0.04,0.04,-0.14,0
47.080,13.9,6.5,11.4,0,-0.018,-1.007,0.04,0.04,-0.14,0
47.084,13.8,7.1,11.4,0,-0.026,-1.004,0.04,0.04,-0.14,0
47.088,13.9,7.7,11.4,0,-0.033,-1.002,0.04,0.04,-0.14,0
47.092,13.5,8.3,11.4,0,-0.04,-1,0.04,0.04,-0.14,0
47.095,13.4,8.7,11.5,-0.001,-0.045,-0.998,0.04,0.04,-0.14,0
47.099,12.9,8.9,11.4,-0.003,-0.05,-0.997,0.04,0.04,-0.14,0
47.103,12.3,9.1,11.4,-0.006,-0.052,-0.998,0.04,0.04,-0.14,0
47.107,11.7,9.1,11.7,-0.009,-0.052,-0.998,0.04,0.04,-0.14,0
47.110,10.6,9.3,11.9,-0.012,-0.051,-1,0.04,0.04,-0.14,0
47.114,9.8,9.2,12,-0.015,-0.047,-1,0.04,0.04,-0.14,0
47.118,8.9,9.2,12.2,-0.018,-0.046,-1.002,0.04,0.04,-0.14,0
47.122,8,9.2,12.4,-0.02,-0.044,-1.004,0.04,0.04,-0.14,0
47.135,7,8.9,12.6,-0.022,-0.04,-1.005,0.05,0.03,-0.14,0.14
47.149,6.4,8.7,12.6,-0.023,-0.038,-1.006,0.05,0.03,-0.14,0.14
47.163,6,8.4,12.6,-0.023,-0.035,-1.007,0.05,0.03,-0.14,0.14
47.168,5.9,8.3,12.6,-0.024,-0.033,-1.008,0.04,0.03,-0.14,0.14
47.172,5.6,7.8,12.4,-0.027,-0.03,-1.008,0.04,0.03,-0.14,0.14
47.176,5.7,7.6,12.2,-0.027,-0.028,-1.008,0.04,0.03,-0.14,0.14
47.181,5.4,7.1,11.9,-0.026,-0.03,-1.007,0.04,0.03,-0.14,0.14
47.185,5.1,6.8,11.5,-0.025,-0.032,-1.007,0.04,0.03,-0.14,0.14
47.190,4.6,6.3,10.9,-0.023,-0.034,-1.005,0.04,0.03,-0.14,0.14
47.194,3.8,6,10.4,-0.021,-0.038,-1.005,0.04,0.03,-0.14,0.14
47.199,2.9,5.6,9.8,-0.018,-0.043,-1.004,0.04,0.03,-0.14,0.14
47.203,1.7,5,8.9,-0.015,-0.046,-1.002,0.04,0.03,-0.14,0.14
47.207,0.5,4.6,8.3,-0.01,-0.047,-0.999,0.04,0.03,-0.14,0.14
47.212,-0.5,4.2,7.3,-0.006,-0.047,-0.996,0.04,0.03,-0.14,0.14
47.216,-1.5,3.7,6.4,-0.002,-0.048,-0.991,0.01,0.01,0,0.14
47.220,-2.3,3.5,5.7,0.002,-0.046,-0.987,0.01,0.01,0,0.14
47.225,-2.5,3.2,5,0.006,-0.044,-0.982,0.01,0.01,0,0.14
47.229,-2.5,3,4.5,0.008,-0.039,-0.979,0.01,0.01,0,0.14
47.233,-2.5,2.9,4,0.008,-0.035,-0.975,0.01,0.01,0,0.14
47.238,-2.3,3,3.5,0.008,-0.032,-0.972,0.01,0.01,0,0.14
47.242,-2.2,2.7,3.1,0.007,-0.028,-0.968,0.01,0.01,0,0.14
47.246,-1.8,2.6,2.6,0.005,-0.025,-0.964,0.01,0.01,0,0.14
47.250,-1.7,2.4,2.3,0.003,-0.021,-0.961,0.01,0.01,0,0.14
47.255,-1.5,2.3,1.8,0.002,-0.017,-0.959,0.01,0.01,0,0.14
47.259,-1.4,2.1,1.6,0.001,-0.011,-0.961,0.01,0.01,0,0.14
47.263,-1.6,1.8,1.2,0,-0.008,-0.963,0,0,0,0.14
47.267,-1.7,1.5,1,-0.002,-0.005,-0.967,0,0,0,0.14
47.271,-1.8,1.2,0.7,-0.005,-0.001,-0.97,0,0,0,0.14
47.276,-2.2,0.9,0.3,-0.01,0,-0.972,0,0,0,0.14
47.280,-2.5,0.4,0,-0.016,0.001,-0.975,0,0,0,0.14
47.284,-3.1,0.1,-0.3,-0.022,0.001,-0.977,0,0,0,0.14
47.288,-3.9,-0.3,-0.6,-0.027,-0.001,-0.978,0,0,0,0.14
47.292,-4.4,-0.8,-1,-0.031,-0.002,-0.98,0,0,0,0.14
47.296,-5.1,-1.5,-1.3,-0.035,-0.003,-0.981,0,0,0,0.14
47.301,-5.6,-2,-1.7,-0.037,-0.005,-0.982,0,0,0,0.14
47.305,-6.2,-2.3,-2,-0.038,-0.006,-0.985,0,0,0,0.14
47.311,-6.6,-3.1,-2.1,-0.038,-0.007,-0.987,0.01,0,0,0.14
47.318,-6.9,-3.7,-2.1,-0.037,-0.009,-0.991,0.01,0,0,0.14
47.325,-7.4,-3.9,-2.3,-0.037,-0.01,-0.996,0.01,0,0,0.14
47.331,-7.5,-4.3,-2.1,-0.037,-0.011,-1,0.01,0,0,0.14
47.338,-7.6,-4.7,-2.2,-0.039,-0.013,-1.004,0.01,0,0,0.14
47.345,-7.8,-5.1,-2.1,-0.041,-0.012,-1.009,0.01,0,0,0.14
47.351,-7.5,-5.3,-2,-0.043,-0.012,-1.013,0.01,0,0,0.14
47.356,-7.1,-5.4,-1.7,-0.044,-0.009,-1.015,0.02,0,0,0.14
47.360,-7,-5.6,-1.7,-0.044,-0.008,-1.017,0.02,0,0,0.14
47.365,-6.7,-5.6,-1.3,-0.044,-0.007,-1.017,0.02,0,0,0.14
47.369,-6.4,-5.7,-0.9,-0.042,-0.005,-1.015,0.02,0,0,0.14
47.373,-6,-5.5,-0.4,-0.039,-0.003,-1.011,0.02,0,0,0.14
47.378,-5.9,-5.2,0,-0.033,-0.003,-1.007,0.02,0,0,0.14
47.382,-5.8,-5.2,0.4,-0.028,-0.002,-1.003,0.02,0,0,0.14
47.387,-5.6,-4.5,0.9,-0.021,0,-0.998,0.02,0,0,0.14
47.391,-5.2,-4.2,1.2,-0.016,0.001,-0.995,0.02,0,0,0.14
47.395,-4.8,-4,1.5,-0.013,0.005,-0.993,0.02,0,0,0.14
47.400,-4.2,-3.5,1.7,-0.009,0.009,-0.991,0.02,0,0,0.14
47.407,-3.9,-3.1,1.7,-0.008,0.012,-0.991,0.01,-0.01,0,0.14
47.413,-3.4,-2.9,1.6,-0.009,0.012,-0.991,0.01,-0.01,0,0.14
47.420,-3.1,-2.4,1.8,-0.011,0.012,-0.991,0.01,-0.01,0,0.14
47.427,-2.9,-2.2,1.8,-0.015,0.012,-0.991,0.01,-0.01,0,0.14
47.434,-2.8,-2.2,1.9,-0.019,0.014,-0.993,0.01,-0.01,0,0.14
47.441,-2.6,-2.1,2,-0.022,0.016,-0.994,0.01,-0.01,0,0.14
47.447,-2.3,-2.2,2,-0.024,0.021,-0.996,0.01,-0.01,0,0.14
47.452,-1.8,-2,2.2,-0.023,0.025,-1,-0.03,0,0,0
47.456,-1.4,-1.7,2.6,-0.02,0.03,-1.005,-0.03,0,0,0
47.461,-0.9,-1.6,2.7,-0.021,0.033,-1.011,-0.03,0,0,0
47.465,-0.2,-1.6,3,-0.022,0.034,-1.016,-0.03,0,0,0
47.470,0.1,-1.6,2.8,-0.026,0.035,-1.02,-0.03,0,0,0
47.474,0.9,-1.4,2.6,-0.03,0.037,-1.026,-0.03,0,0,0
47.478,1.3,-1.4,2.2,-0.033,0.035,-1.029,-0.03,0,0,0
47.483,1.7,-1.3,1.8,-0.034,0.035,-1.034,-0.03,0,0,0
47.487,1.8,-1.2,1.5,-0.032,0.036,-1.036,-0.03,0,0,0
47.492,2.1,-1.2,1,-0.027,0.034,-1.037,-0.03,0,0,0
47.496,2.1,-1.1,0.5,-0.023,0.031,-1.036,-0.03,0,0,0
47.503,1.9,-0.8,-0.1,-0.019,0.029,-1.034,-0.03,0,0,0
47.510,1.6,-0.5,-0.4,-0.015,0.027,-1.032,-0.03,0,0,0
47.517,1.4,-0.1,-0.7,-0.011,0.026,-1.028,-0.03,0,0,0
47.524,1.2,0,-1,-0.008,0.023,-1.025,-0.03,0,0,0
47.531,0.9,0.2,-1.2,-0.005,0.021,-1.022,-0.03,0,0,0
47.537,0.6,0.4,-1.4,-0.005,0.016,-1.02,-0.03,0,0,0
47.544,0.4,0.8,-1.7,-0.005,0.01,-1.02,-0.03,0,0,0
47.548,0.2,0.9,-1.6,-0.004,0.006,-1.018,-0.04,0,0,0
47.552,0.4,1.3,-1.5,-0.007,0.001,-1.017,-0.04,0,0,0
47.556,0.3,1.3,-1.5,-0.008,-0.002,-1.017,-0.04,0,0,0
47.560,0.4,1.5,-1.2,-0.01,-0.006,-1.017,-0.04,0,0,0
47.564,0.7,1.5,-1.1,-0.011,-0.01,-1.016,-0.04,0,0,0
47.568,0.5,1.7,-0.9,-0.013,-0.012,-1.016,-0.04,0,0,0
47.572,0.6,1.7,-0.8,-0.015,-0.012,-1.016,-0.04,0,0,0
47.576,0.6,1.6,-0.6,-0.018,-0.013,-1.017,-0.04,0,0,0
47.580,0.6,1.7,-0.6,-0.02,-0.013,-1.018,-0.04,0,0,0
47.583,0.4,1.8,-0.3,-0.022,-0.011,-1.019,-0.04,0,0,0
47.587,0.2,1.5,-0.3,-0.024,-0.008,-1.02,-0.04,0,0,0
47.593,0.1,1.2,0,-0.026,-0.006,-1.02,-0.03,0.01,0,0
47.599,-0.1,1.2,0.2,-0.028,-0.002,-1.021,-0.03,0.01,0,0
47.605,-0.3,1.1,0.3,-0.027,0.001,-1.02,-0.03,0.01,0,0
47.611,-0.4,1,0.5,-0.027,0.005,-1.02,-0.03,0.01,0,0
47.617,-0.7,0.8,0.6,-0.026,0.008,-1.021,-0.03,0.01,0,0
47.623,-0.9,0.5,0.8,-0.026,0.009,-1.02,-0.03,0.01,0,0
47.629,-1.1,0.4,1,-0.029,0.01,-1.018,-0.03,0.01,0,0
47.635,-1.2,0.3,1.1,-0.031,0.011,-1.016,-0.03,0.01,0,0
47.638,-1.4,0.2,1.1,-0.033,0.012,-1.013,0,0.02,0,0
47.642,-1.7,0,1.3,-0.036,0.011,-1.01,0,0.02,0,0
47.646,-1.6,-0.1,1.4,-0.037,0.009,-1.008,0,0.02,0,0
47.650,-1.6,-0.1,1.5,-0.037,0.009,-1.007,0,0.02,0,0
47.654,-1.4,-0.3,1.7,-0.036,0.008,-1.006,0,0.02,0,0
47.657,-1.4,-0.5,1.7,-0.035,0.007,-1.008,0,0.02,0,0
47.661,-1.1,-0.4,1.8,-0.034,0.006,-1.009,0,0.02,0,0
47.665,-0.5,-0.5,2.1,-0.033,0.006,-1.011,0,0.02,0,0
47.669,0,-0.6,2.2,-0.033,0.006,-1.013,0,0.02,0,0
47.673,0.6,-0.6,2.1,-0.036,0.008,-1.017,0,0.02,0,0
47.676,1.1,-0.6,2.3,-0.039,0.008,-1.019,0,0.02,0,0
47.680,1.6,-0.6,2.3,-0.039,0.008,-1.021,0,0.02,0,0
47.684,2,-0.9,2.4,-0.041,0.008,-1.024,0,0.02,0,0
47.690,2.4,-0.7,2.3,-0.042,0.008,-1.023,-0.01,0.02,0,0.14
47.696,2.6,-0.8,2.4,-0.042,0.009,-1.022,-0.01,0.02,0,0.14
47.702,2.4,-0.9,2.6,-0.042,0.008,-1.018,-0.01,0.02,0,0.14
47.708,2.4,-0.7,2.7,-0.041,0.007,-1.015,-0.01,0.02,0,0.14
47.714,2.4,-0.8,2.9,-0.04,0.007,-1.01,-0.01,0.02,0,0.14
47.720,2.4,-0.6,2.8,-0.038,0.009,-1.007,-0.01,0.02,0,0.14
47.726,2.4,-0.6,2.9,-0.037,0.012,-1.002,-0.01,0.02,0,0.14
47.730,2.6,-0.3,2.8,-0.035,0.013,-0.998,-0.02,0.02,-0.15,0
47.734,2.8,-0.2,2.7,-0.034,0.015,-0.994,-0.02,0.02,-0.15,0
47.739,3.1,0,2.3,-0.034,0.016,-0.992,-0.02,0.02,-0.15,0
47.743,3.2,0,2.3,-0.034,0.016,-0.992,-0.02,0.02,-0.15,0
47.747,3.4,0.2,2,-0.036,0.016,-0.992,-0.02,0.02,-0.15,0
47.752,3.8,0.4,1.8,-0.038,0.016,-0.994,-0.02,0.02,-0.15,0
47.756,3.7,0.4,1.8,-0.039,0.014,-0.995,-0.02,0.02,-0.15,0
47.760,3.9,0.5,1.8,-0.042,0.014,-0.998,-0.02,0.02,-0.15,0
47.765,3.7,0.7,1.9,-0.044,0.012,-1,-0.02,0.02,-0.15,0
47.769,3.6,0.9,2,-0.046,0.01,-1.003,-0.02,0.02,-0.15,0
47.774,3.4,0.7,1.8,-0.047,0.009,-1.006,-0.02,0.02,-0.15,0
47.778,3.2,0.6,2,-0.048,0.008,-1.01,-0.05,0.03,0,0
47.782,2.9,0.7,2.1,-0.047,0.005,-1.013,-0.05,0.03,0,0
47.786,2.7,0.8,2.1,-0.045,0.002,-1.016,-0.05,0.03,0,0
47.790,2.5,0.7,2,-0.045,0,-1.018,-0.05,0.03,0,0
47.794,2.1,0.7,1.8,-0.045,-0.002,-1.02,-0.05,0.03,0,0
47.799,2.1,0.9,1.7,-0.045,-0.006,-1.022,-0.05,0.03,0,0
47.803,1.9,1,1.5,-0.044,-0.009,-1.022,-0.05,0.03,0,0
47.807,1.3,1,1,-0.044,-0.011,-1.022,-0.05,0.03,0,0
47.811,0.8,0.8,0.9,-0.044,-0.014,-1.02,-0.05,0.03,0,0
47.815,0.2,0.9,0.9,-0.043,-0.016,-1.018,-0.05,0.03,0,0
47.820,-0.1,1,0.7,-0.042,-0.017,-1.016,-0.05,0.03,0,0
47.827,-0.9,1.2,0.7,-0.042,-0.017,-1.013,-0.04,0.03,0,0
47.834,-1.1,1.2,0.4,-0.04,-0.016,-1.011,-0.04,0.03,0,0
47.842,-1.5,1.2,0.3,-0.04,-0.013,-1.011,-0.04,0.03,0,0
47.849,-1.7,1.4,0,-0.039,-0.009,-1.009,-0.04,0.03,0,0
47.857,-1.8,1.6,0,-0.039,-0.007,-1.009,-0.04,0.03,0,0
47.864,-1.9,1.6,0,-0.04,-0.002,-1.008,-0.04,0.03,0,0
47.871,-2,1.7,0,-0.042,0,-1.008,-0.04,0.03,0,0
47.875,-2,1.8,0,-0.044,0.002,-1.008,-0.05,0.03,0,0
47.879,-2,1.8,0.1,-0.047,0.006,-1.008,-0.05,0.03,0,0
47.883,-2.1,1.7,0.1,-0.049,0.009,-1.008,-0.05,0.03,0,0
47.887,-2.1,1.8,0.2,-0.053,0.011,-1.008,-0.05,0.03,0,0
47.890,-2.2,1.8,0.3,-0.056,0.012,-1.007,-0.05,0.03,0,0
47.894,-2.5,1.6,0.4,-0.057,0.013,-1.005,-0.05,0.03,0,0
47.898,-2.5,1.5,0.1,-0.057,0.015,-1.004,-0.05,0.03,0,0
47.902,-2.7,1.5,0.4,-0.056,0.015,-1.004,-0.05,0.03,0,0
47.905,-2.6,1.4,0.3,-0.057,0.014,-1.004,-0.05,0.03,0,0
47.909,-2.6,1.3,0.3,-0.056,0.014,-1.003,-0.05,0.03,0,0
47.913,-2.5,1.2,0.2,-0.057,0.013,-1.002,-0.05,0.03,0,0
47.920,-2.6,1.1,0,-0.057,0.011,-1.002,-0.05,0.03,0,0
47.927,-2.5,0.9,-0.5,-0.056,0.011,-1.001,-0.05,0.03,0,0
47.934,-2.4,0.9,-0.6,-0.054,0.011,-1.001,-0.05,0.03,0,0
47.941,-2.5,0.7,-0.9,-0.052,0.009,-1.002,-0.05,0.03,0,0
47.948,-2.5,0.9,-1.2,-0.048,0.008,-1.002,-0.05,0.03,0,0
47.955,-2.5,0.5,-1.3,-0.045,0.009,-1.003,-0.05,0.03,0,0
47.962,-2.6,0.7,-1.5,-0.042,0.008,-1.005,-0.05,0.03,0,0
47.966,-2.6,0.6,-1.6,-0.038,0.009,-1.004,-0.02,0.02,0,0
47.971,-2.7,0.7,-1.8,-0.035,0.009,-1.004,-0.02,0.02,0,0
47.975,-2.6,0.8,-1.9,-0.034,0.009,-1.005,-0.02,0.02,0,0
47.979,-2.5,0.9,-2,-0.035,0.01,-1.005,-0.02,0.02,0,0
47.984,-2.5,0.9,-2,-0.036,0.011,-1.004,-0.02,0.02,0,0
47.988,-2.4,1,-2,-0.039,0.01,-1.002,-0.02,0.02,0,0
47.992,-2.3,1,-2,-0.042,0.01,-1.001,-0.02,0.02,0,0
47.997,-1.9,1,-1.8,-0.043,0.009,-1,-0.02,0.02,0,0
48.001,-1.9,1,-1.7,-0.045,0.006,-0.999,-0.02,0.02,0,0
48.006,-1.9,1,-1.5,-0.046,0.005,-0.999,-0.02,0.02,0,0
48.010,-1.7,0.8,-1.5,-0.049,0.004,-0.997,-0.02,0.02,0,0
48.017,-1.6,0.6,-1.4,-0.052,0.004,-0.998,-0.02,0.02,0,0
48.024,-1.6,0.6,-1.2,-0.054,0.004,-0.998,-0.02,0.02,0,0
48.031,-1.4,0.3,-1.1,-0.055,0.004,-0.998,-0.02,0.02,0,0
48.038,-1.2,0.3,-1,-0.054,0.003,-1,-0.02,0.02,0,0
48.045,-1.2,0,-0.9,-0.054,0.003,-1.001,-0.02,0.02,0,0
48.052,-1.2,0,-0.7,-0.055,0.003,-1.004,-0.02,0.02,0,0
48.059,-1,-0.1,-0.9,-0.054,0.002,-1.005,-0.02,0.02,0,0
48.063,-0.9,-0.4,-0.7,-0.053,0.003,-1.009,0.01,0.02,0,0.14
48.068,-0.9,-0.6,-0.7,-0.052,0.004,-1.011,0.01,0.02,0,0.14
48.072,-0.8,-0.6,-0.7,-0.051,0.004,-1.011,0.01,0.02,0,0.14
48.076,-0.8,-0.7,-0.6,-0.051,0.004,-1.012,0.01,0.02,0,0.14
48.080,-0.6,-0.8,-0.6,-0.048,0.005,-1.011,0.01,0.02,0,0.14
48.084,-0.6,-0.9,-0.2,-0.047,0.004,-1.011,0.01,0.02,0,0.14
48.088,-0.4,-0.9,-0.1,-0.044,0.005,-1.01,0.01,0.02,0,0.14
48.092,-0.3,-0.9,0.2,-0.043,0.003,-1.009,0.01,0.02,0,0.14
48.097,-0.1,-0.9,0.3,-0.041,0.003,-1.008,0.01,0.02,0,0.14
48.101,0,-0.7,0.3,-0.038,0.001,-1.005,0.01,0.02,0,0.14
48.107,0,-0.6,0.2,-0.037,0.001,-1.003,0,0.01,0,0
48.113,0,-0.6,0.1,-0.035,0,-1.001,0,0.01,0,0
48.119,0.3,-0.5,0.4,-0.035,0,-1,0,0.01,0,0
48.125,0.4,-0.4,0.3,-0.036,-0.001,-0.999,0,0.01,0,0
48.131,0.7,-0.3,0.3,-0.035,0,-1,0,0.01,0,0
48.137,0.7,-0.1,0.3,-0.035,0.002,-1.002,0,0.01,0,0
48.143,1.3,-0.1,0.3,-0.036,0.004,-1.003,0,0.01,0,0
48.149,1.2,0,0.5,-0.038,0.006,-1.004,0,0.01,0,0
48.152,1.6,0.1,0.6,-0.042,0.008,-1.006,0,0.02,0,0
48.156,1.5,0.2,0.6,-0.044,0.01,-1.008,0,0.02,0,0
48.159,1.5,0.2,0.8,-0.045,0.009,-1.008,0,0.02,0,0
48.163,1.7,0.2,0.9,-0.047,0.01,-1.008,0,0.02,0,0
48.166,1.5,0.2,0.7,-0.047,0.009,-1.01,0,0.02,0,0
48.170,1.5,0.2,0.8,-0.047,0.008,-1.012,0,0.02,0,0
48.173,1.4,0.1,0.6,-0.045,0.008,-1.012,0,0.02,0,0
48.177,1.3,0.4,0.6,-0.043,0.008,-1.012,0,0.02,0,0
48.180,1.3,0.2,0.4,-0.041,0.006,-1.013,0,0.02,0,0
48.184,1.3,0.2,0.4,-0.038,0.005,-1.013,0,0.02,0,0
48.187,1.3,0.1,0.5,-0.037,0.003,-1.015,0,0.02,0,0
48.191,1.5,0.3,0.4,-0.036,0.002,-1.018,0,0.02,0,0
48.194,1.7,0.2,0.5,-0.033,0.001,-1.02,0,0.02,0,0
48.198,1.6,0.3,0.6,-0.032,0,-1.024,0,0.02,0,0
48.204,1.8,0.2,0.4,-0.029,0,-1.025,0,0.02,0,0
48.211,2,0.2,0.4,-0.028,-0.001,-1.027,0,0.02,0,0
48.218,2,0.3,0.3,-0.028,-0.002,-1.028,0,0.02,0,0
48.224,2.2,0.4,0.3,-0.026,-0.002,-1.029,0,0.02,0,0
48.231,2.1,0.4,0.1,-0.025,-0.002,-1.03,0,0.02,0,0
48.238,2.1,0.4,-0.1,-0.023,-0.002,-1.031,0,0.02,0,0
48.244,2.2,0.6,0,-0.022,-0.004,-1.03,0,0.02,0,0
48.251,2.1,0.5,-0.1,-0.022,-0.003,-1.029,-0.03,0.02,0,0
48.257,2.1,0.6,-0.2,-0.022,-0.003,-1.029,-0.03,0.02,0,0
48.263,2,0.7,-0.4,-0.024,-0.003,-1.028,-0.03,0.02,0,0
48.269,2,0.7,-0.4,-0.026,-0.003,-1.026,-0.03,0.02,0,0
48.276,1.8,1,-0.4,-0.027,-0.003,-1.024,-0.03,0.02,0,0
48.282,1.7,1.1,-0.5,-0.028,-0.002,-1.022,-0.03,0.02,0,0
48.288,1.5,1,-0.5,-0.03,-0.002,-1.02,-0.03,0.02,0,0
48.293,1.3,1.1,-0.6,-0.032,-0.002,-1.018,-0.01,0.03,0,0
48.297,1,1.3,-0.7,-0.035,-0.001,-1.015,-0.01,0.03,0,0
48.301,1,1.3,-0.8,-0.036,0,-1.014,-0.01,0.03,0,0
48.306,0.6,1.2,-0.7,-0.038,0,-1.014,-0.01,0.03,0,0
48.310,0.6,1.2,-0.6,-0.038,0.001,-1.014,-0.01,0.03,0,0
48.314,0.5,1.2,-0.7,-0.037,0.003,-1.013,-0.01,0.03,0,0
48.319,0.5,1.3,-0.7,-0.036,0.004,-1.013,-0.01,0.03,0,0
48.323,0.6,1.3,-0.7,-0.035,0.004,-1.014,-0.01,0.03,0,0
48.327,0.6,1.2,-0.6,-0.034,0.002,-1.016,-0.01,0.03,0,0
48.332,0.5,1.2,-0.9,-0.033,0.001,-1.017,-0.01,0.03,0,0
48.336,0.6,1.3,-0.9,-0.032,0,-1.019,-0.01,0.03,0,0
48.340,0.4,1.3,-1,-0.03,0,-1.021,-0.02,0.03,0,-0.15
48.344,0.4,1.1,-1,-0.03,-0.001,-1.022,-0.02,0.03,0,-0.15
48.348,0.2,1,-1.1,-0.028,-0.002,-1.025,-0.02,0.03,0,-0.15
48.353,0.1,1.2,-1.4,-0.029,-0.004,-1.025,-0.02,0.03,0,-0.15
48.357,0.1,1.3,-1.3,-0.03,-0.004,-1.025,-0.02,0.03,0,-0.15
48.361,0,1.3,-1.5,-0.029,-0.005,-1.024,-0.02,0.03,0,-0.15
48.365,0,1.4,-1.4,-0.029,-0.006,-1.023,-0.02,0.03,0,-0.15
48.369,-0.2,1.6,-1.4,-0.031,-0.005,-1.021,-0.02,0.03,0,-0.15
48.374,-0.4,1.5,-1.4,-0.032,-0.005,-1.019,-0.02,0.03,0,-0.15
48.378,-0.4,1.7,-1.4,-0.033,-0.004,-1.016,-0.02,0.03,0,-0.15
48.382,-0.5,1.7,-1.5,-0.033,-0.003,-1.014,-0.02,0.03,0,-0.15
48.389,-0.6,1.8,-1.6,-0.031,-0.002,-1.012,0,0.03,0,0
48.397,-0.7,2.1,-1.7,-0.031,-0.001,-1.012,0,0.03,0,0
48.404,-0.6,2,-1.8,-0.032,0.001,-1.011,0,0.03,0,0
48.412,-0.7,2.3,-2,-0.035,0.001,-1.011,0,0.03,0,0
48.419,-0.8,2.4,-2.1,-0.037,0.003,-1.012,0,0.03,0,0
48.426,-0.6,2.4,-2.1,-0.04,0.004,-1.012,0,0.03,0,0
48.434,-0.7,2.6,-2.2,-0.042,0.006,-1.012,0,0.03,0,0
48.438,-0.9,2.4,-2.2,-0.044,0.006,-1.013,0.02,0.03,0,-0.15
48.441,-1.2,2.7,-2.5,-0.045,0.006,-1.014,0.02,0.03,0,-0.15
48.445,-1.1,2.6,-2.3,-0.046,0.006,-1.015,0.02,0.03,0,-0.15
48.449,-1.5,2.7,-2.1,-0.046,0.006,-1.015,0.02,0.03,0,-0.15
48.453,-1.4,2.7,-2,-0.046,0.004,-1.014,0.02,0.03,0,-0.15
48.457,-1.4,2.9,-2.1,-0.047,0.005,-1.016,0.02,0.03,0,-0.15
48.460,-1.3,2.9,-2.1,-0.049,0.006,-1.016,0.02,0.03,0,-0.15
48.464,-1.4,2.9,-2.2,-0.049,0.006,-1.016,0.02,0.03,0,-0.15
48.468,-0.9,3,-2.3,-0.049,0.007,-1.016,0.02,0.03,0,-0.15
48.472,-1.2,3,-2.3,-0.047,0.006,-1.014,0.02,0.03,0,-0.15
48.475,-1.1,3.2,-2.3,-0.045,0.006,-1.014,0.02,0.03,0,-0.15
48.482,-1.1,3.5,-2.2,-0.043,0.005,-1.013,0.02,0.03,0,-0.15
48.489,-1.1,3.6,-2,-0.041,0.003,-1.011,0.02,0.03,0,-0.15
48.496,-1.2,3.5,-2.1,-0.039,0.005,-1.01,0.02,0.03,0,-0.15
48.503,-1.2,3.7,-2.2,-0.037,0.006,-1.01,0.02,0.03,0,-0.15
48.510,-1.2,3.7,-2.2,-0.036,0.005,-1.01,0.02,0.03,0,-0.15
48.517,-0.8,4,-2.3,-0.037,0.005,-1.01,0.02,0.03,0,-0.15
48.524,-0.6,4,-2.2,-0.037,0.006,-1.011,0.02,0.03,0,-0.15
48.529,-0.4,4.1,-2.4,-0.039,0.006,-1.012,0.02,0.03,0,0
48.533,-0.3,4.3,-2.4,-0.04,0.006,-1.013,0.02,0.03,0,0
48.538,-0.4,4.4,-2.3,-0.041,0.007,-1.013,0.02,0.03,0,0
48.542,-0.2,4.3,-2.3,-0.041,0.007,-1.012,0.02,0.03,0,0
48.546,-0.1,4.4,-2.4,-0.04,0.006,-1.012,0.02,0.03,0,0
48.551,-0.3,4.5,-2.1,-0.04,0.007,-1.01,0.02,0.03,0,0
48.555,-0.4,4.5,-2.1,-0.038,0.007,-1.009,0.02,0.03,0,0
48.560,-0.4,4.6,-2,-0.038,0.008,-1.009,0.02,0.03,0,0
48.564,-0.8,4.5,-1.7,-0.038,0.009,-1.007,0.02,0.03,0,0
48.569,-0.4,4.3,-1.6,-0.037,0.011,-1.007,0.02,0.03,0,0
48.573,-0.5,4.4,-1.8,-0.036,0.01,-1.006,0.02,0.03,0,0
48.580,-0.5,4.4,-1.7,-0.033,0.01,-1.004,0.01,0.03,0,-0.15
48.587,-0.5,4.3,-1.7,-0.032,0.009,-1.006,0.01,0.03,0,-0.15
48.594,-0.6,4.3,-1.8,-0.031,0.008,-1.006,0.01,0.03,0,-0.15
48.601,-0.8,4.3,-2.1,-0.031,0.005,-1.006,0.01,0.03,0,-0.15
48.608,-0.9,4.3,-2,-0.031,0.003,-1.007,0.01,0.03,0,-0.15
48.615,-1,4,-2.1,-0.03,0.002,-1.008,0.01,0.03,0,-0.15
48.622,-1.2,3.9,-2.4,-0.031,0.002,-1.008,0.01,0.03,0,-0.15
48.625,-1.3,3.7,-2.4,-0.032,0.001,-1.009,0,0.03,0,-0.15
48.629,-1.4,3.4,-2.3,-0.032,0.002,-1.009,0,0.03,0,-0.15
48.633,-1.5,3.3,-2.3,-0.032,0.003,-1.009,0,0.03,0,-0.15
48.637,-1.4,3.2,-2.4,-0.031,0.001,-1.009,0,0.03,0,-0.15
48.640,-1.7,2.9,-2.4,-0.03,0.001,-1.01,0,0.03,0,-0.15
48.644,-1.7,2.7,-2.3,-0.028,0.004,-1.01,0,0.03,0,-0.15
48.648,-1.7,2.6,-2.3,-0.026,0.005,-1.009,0,0.03,0,-0.15
48.652,-1.6,2.6,-2.2,-0.025,0.006,-1.009,0,0.03,0,-0.15
48.655,-1.4,2.3,-2.1,-0.021,0.007,-1.009,0,0.03,0,-0.15
48.659,-1.5,2.3,-2,-0.02,0.007,-1.008,0,0.03,0,-0.15
48.663,-1.2,2.1,-2,-0.02,0.006,-1.008,0,0.03,0,-0.15
48.668,-1.2,2.1,-2.1,-0.02,0.005,-1.008,-0.01,0.03,0,0
48.673,-1.2,1.8,-2.1,-0.019,0.005,-1.008,-0.01,0.03,0,0
48.678,-1.5,1.7,-2.2,-0.018,0.005,-1.007,-0.01,0.03,0,0
48.684,-1.5,1.5,-2.3,-0.02,0.004,-1.007,-0.01,0.03,0,0
48.689,-1.8,1.5,-2.3,-0.022,0.004,-1.006,-0.01,0.03,0,0
48.694,-1.9,1.3,-2.2,-0.022,0.003,-1.006,-0.01,0.03,0,0
48.699,-1.9,1.2,-2.2,-0.024,0.003,-1.006,-0.01,0.03,0,0
48.704,-2,1,-2.1,-0.027,0.004,-1.007,-0.01,0.03,0,0
48.710,-1.9,0.9,-2,-0.027,0.006,-1.007,-0.01,0.03,0,0
48.715,-2,0.8,-1.8,-0.028,0.007,-1.007,-0.01,0.03,0,0
48.719,-2,0.4,-1.9,-0.03,0.007,-1.005,-0.03,0.02,0.15,0
48.723,-2.1,0.4,-2,-0.03,0.005,-1.006,-0.03,0.02,0.15,0
48.726,-2,0.1,-1.9,-0.029,0.005,-1.005,-0.03,0.02,0.15,0
48.730,-2.2,0.1,-2,-0.03,0.004,-1.005,-0.03,0.02,0.15,0
48.734,-2.2,0,-2,-0.03,0.004,-1.006,-0.03,0.02,0.15,0
48.738,-2.1,-0.1,-1.9,-0.029,0.005,-1.004,-0.03,0.02,0.15,0
48.742,-2,-0.4,-1.9,-0.028,0.007,-1.004,-0.03,0.02,0.15,0
48.746,-2,-0.3,-1.9,-0.025,0.009,-1.004,-0.03,0.02,0.15,0
48.750,-1.8,-0.3,-2,-0.023,0.012,-1.003,-0.03,0.02,0.15,0
48.753,-1.5,-0.3,-1.8,-0.022,0.013,-1.002,-0.03,0.02,0.15,0
48.757,-1.4,-0.3,-1.8,-0.022,0.015,-1.001,-0.03,0.02,0.15,0
48.764,-1.1,-0.2,-1.8,-0.02,0.017,-1.002,-0.04,0.02,0,0
48.770,-0.6,-0.2,-1.7,-0.02,0.018,-1.001,-0.04,0.02,0,0
48.776,-0.5,-0.3,-1.4,-0.021,0.019,-1.001,-0.04,0.02,0,0
48.783,-0.1,-0.1,-1.2,-0.021,0.02,-1.001,-0.04,0.02,0,0
48.789,0,0,-0.9,-0.022,0.02,-1,-0.04,0.02,0,0
48.796,0.1,0,-0.7,-0.023,0.019,-0.998,-0.04,0.02,0,0
48.802,0.6,0.1,-0.6,-0.026,0.017,-0.998,-0.04,0.02,0,0
48.809,0.6,0.2,-0.4,-0.027,0.016,-0.997,-0.04,0.02,0,0
48.813,0.7,0.4,-0.3,-0.03,0.014,-0.996,-0.07,0.01,0,0
48.817,0.7,0.5,-0.3,-0.031,0.011,-0.996,-0.07,0.01,0,0
48.821,0.7,0.5,-0.3,-0.033,0.009,-0.996,-0.07,0.01,0,0
48.825,0.7,0.7,-0.3,-0.035,0.006,-0.996,-0.07,0.01,0,0
48.830,0.9,0.7,-0.2,-0.036,0.005,-0.997,-0.07,0.01,0,0
48.834,0.9,0.7,-0.3,-0.035,0.003,-0.997,-0.07,0.01,0,0
48.838,0.7,0.8,-0.3,-0.033,0.001,-0.997,-0.07,0.01,0,0
48.842,0.7,0.9,-0.2,-0.033,0.002,-0.998,-0.07,0.01,0,0
48.846,0.8,0.9,-0.3,-0.032,0.002,-0.999,-0.07,0.01,0,0
48.851,0.7,0.8,-0.2,-0.032,0.002,-0.999,-0.07,0.01,0,0
48.855,0.7,0.8,-0.3,-0.033,0.003,-1,-0.07,0.01,0,0
48.860,0.8,0.9,-0.3,-0.03,0.005,-1.001,-0.07,0.01,0,0
48.865,0.7,0.8,-0.3,-0.029,0.006,-1.002,-0.07,0.01,0,0
48.870,0.9,0.7,0,-0.029,0.007,-1.004,-0.07,0.01,0,0
48.875,0.7,0.7,0,-0.027,0.009,-1.005,-0.07,0.01,0,0
48.879,0.9,0.5,0.1,-0.027,0.01,-1.005,-0.07,0.01,0,0
48.884,0.8,0.4,0,-0.026,0.012,-1.005,-0.07,0.01,0,0
48.889,0.9,0.4,0.2,-0.025,0.011,-1.005,-0.07,0.01,0,0
48.894,1,0.3,0.2,-0.027,0.012,-1.005,-0.07,0.01,0,0
48.899,1.2,0.2,0.3,-0.026,0.011,-1.005,-0.07,0.01,0,0
48.905,1.2,0.3,0.4,-0.026,0.012,-1.005,-0.07,0,-0.15,0
48.911,1.5,0.2,0.6,-0.025,0.012,-1.004,-0.07,0,-0.15,0
48.917,1.5,0.2,0.4,-0.026,0.01,-1.003,-0.07,0,-0.15,0
48.923,1.4,0,0.4,-0.028,0.007,-1.002,-0.07,0,-0.15,0
48.929,1.5,0.1,0.3,-0.029,0.005,-1.001,-0.07,0,-0.15,0
48.935,1.3,0,0.2,-0.03,0.004,-1,-0.07,0,-0.15,0
48.942,1.3,0,0.2,-0.031,0.002,-1.001,-0.07,0,-0.15,0
48.948,1,-0.1,0.1,-0.031,0.002,-1,-0.07,0,-0.15,0
48.952,1.2,0,0.3,-0.03,0.003,-1,-0.07,0,0,0
48.956,1.1,0.1,0.3,-0.029,0.003,-1.001,-0.07,0,0,0
48.960,1.2,0,0.1,-0.028,0.003,-1.001,-0.07,0,0,0
48.964,1.2,0,0.4,-0.028,0.002,-1.001,-0.07,0,0,0
48.968,0.8,0,0.4,-0.026,0.003,-1.001,-0.07,0,0,0
48.971,0.8,0.1,0.4,-0.026,0.004,-1.001,-0.07,0,0,0
48.975,0.7,0,0.5,-0.026,0.005,-1.001,-0.07,0,0,0
48.979,0.6,0,0.6,-0.026,0.005,-1,-0.07,0,0,0
48.983,0.6,0.1,0.7,-0.025,0.005,-0.998,-0.07,0,0,0
48.987,0.6,0.2,0.5,-0.022,0.005,-0.996,-0.07,0,0,0
48.991,0.6,0.3,0.6,-0.021,0.006,-0.995,-0.07,0,0,0
48.998,0.6,0.2,0.5,-0.02,0.008,-0.993,-0.05,0,0,0
49.005,0.6,0.3,0.5,-0.019,0.008,-0.994,-0.05,0,0,0
49.011,0.7,0.2,0.4,-0.017,0.008,-0.993,-0.05,0,0,0
49.018,0.7,0.2,0.3,-0.015,0.009,-0.994,-0.05,0,0,0
49.025,0.7,0.3,0.3,-0.013,0.009,-0.994,-0.05,0,0,0
49.032,0.6,0.4,0.4,-0.01,0.01,-0.995,-0.05,0,0,0
49.038,0.6,0.3,0.4,-0.008,0.011,-0.997,-0.05,0,0,0
49.043,0.6,0.3,0.4,-0.006,0.011,-0.997,-0.03,-0.01,0,0
49.048,0.5,0.2,0.6,-0.007,0.011,-0.998,-0.03,-0.01,0,0
49.053,0.6,0.1,0.6,-0.007,0.012,-0.998,-0.03,-0.01,0,0
49.058,0.5,0.2,0.8,-0.006,0.013,-0.998,-0.03,-0.01,0,0
49.062,0.4,-0.1,0.9,-0.006,0.013,-0.997,-0.03,-0.01,0,0
49.067,0.4,-0.1,1.2,-0.005,0.013,-0.996,-0.03,-0.01,0,0
49.072,0.4,-0.1,1.6,-0.003,0.014,-0.995,-0.03,-0.01,0,0
49.077,0.4,-0.1,1.9,0,0.014,-0.995,-0.03,-0.01,0,0
49.082,0.3,-0.4,2.1,0.001,0.015,-0.995,-0.03,-0.01,0,0
49.087,0.4,-0.6,2.5,0.006,0.016,-0.996,-0.03,-0.01,0,0
49.093,0.5,-0.7,2.8,0.011,0.015,-0.998,-0.04,-0.01,0,0
49.100,0.9,-0.6,3,0.016,0.015,-1.001,-0.04,-0.01,0,0
49.107,1.1,-0.8,2.9,0.019,0.015,-1.004,-0.04,-0.01,0,0
49.114,1.3,-0.8,3,0.021,0.014,-1.007,-0.04,-0.01,0,0
49.121,2,-0.8,3.1,0.022,0.013,-1.01,-0.04,-0.01,0,0
49.128,2.3,-0.6,3.1,0.022,0.014,-1.013,-0.04,-0.01,0,0
49.135,2.9,-0.7,3,0.022,0.014,-1.017,-0.04,-0.01,0,0
49.138,3.2,-0.8,3.2,0.021,0.016,-1.018,-0.07,-0.02,-0.15,-0.15
49.142,3.6,-0.8,3.4,0.02,0.016,-1.018,-0.07,-0.02,-0.15,-0.15
49.145,4.1,-0.8,3.5,0.018,0.016,-1.016,-0.07,-0.02,-0.15,-0.15
49.148,4.3,-0.7,3.4,0.015,0.017,-1.014,-0.07,-0.02,-0.15,-0.15
49.151,4.4,-0.8,3.7,0.013,0.016,-1.011,-0.07,-0.02,-0.15,-0.15
49.155,4.7,-0.8,3.9,0.012,0.015,-1.007,-0.07,-0.02,-0.15,-0.15
49.158,4.6,-0.9,4,0.01,0.013,-1.003,-0.07,-0.02,-0.15,-0.15
49.161,4.6,-1,4.1,0.009,0.014,-0.998,-0.07,-0.02,-0.15,-0.15
49.165,4.8,-1.1,4.2,0.009,0.014,-0.994,-0.07,-0.02,-0.15,-0.15
49.168,4.8,-1.4,4,0.008,0.013,-0.989,-0.07,-0.02,-0.15,-0.15
49.171,4.7,-1.6,4.2,0.01,0.011,-0.983,-0.07,-0.02,-0.15,-0.15
49.174,4.6,-1.9,4,0.013,0.009,-0.977,-0.07,-0.02,-0.15,-0.15
49.178,4.5,-2,4,0.015,0.005,-0.973,-0.07,-0.02,-0.15,-0.15
49.181,4.3,-2.3,4,0.018,0.004,-0.969,-0.07,-0.02,-0.15,-0.15
49.184,4.3,-2.4,3.8,0.021,0.002,-0.965,-0.07,-0.02,-0.15,-0.15
49.191,4,-2.5,3.6,0.022,0,-0.963,-0.08,-0.04,-0.15,0
49.198,4,-2.6,3.5,0.021,-0.002,-0.96,-0.08,-0.04,-0.15,0
49.205,3.8,-2.9,3.2,0.019,-0.006,-0.957,-0.08,-0.04,-0.15,0
49.211,3.5,-2.9,2.9,0.018,-0.009,-0.956,-0.08,-0.04,-0.15,0
49.218,3.2,-2.9,2.6,0.015,-0.011,-0.955,-0.08,-0.04,-0.15,0
49.225,3.2,-3.1,2.5,0.013,-0.015,-0.954,-0.08,-0.04,-0.15,0
49.232,2.9,-3.1,2.3,0.01,-0.016,-0.955,-0.08,-0.04,-0.15,0
49.238,2.9,-3.2,2.1,0.006,-0.015,-0.953,-0.06,-0.06,0,0
49.244,2.8,-3.2,1.9,0.003,-0.014,-0.951,-0.06,-0.06,0,0
49.250,2.4,-3.1,1.7,0.001,-0.013,-0.948,-0.06,-0.06,0,0
49.256,2.4,-3.1,1.5,-0.001,-0.012,-0.945,-0.06,-0.06,0,0
49.262,2.1,-3.1,1.3,-0.004,-0.012,-0.94,-0.06,-0.06,0,0
49.268,1.5,-3,1.2,-0.009,-0.011,-0.934,-0.06,-0.06,0,0
49.274,1,-3,0.6,-0.011,-0.01,-0.93,-0.06,-0.06,0,0
49.278,0.9,-3.1,0.6,-0.012,-0.008,-0.927,-0.07,-0.11,0,-0.15
49.283,0.7,-3.1,0.4,-0.01,-0.003,-0.922,-0.07,-0.11,0,-0.15
49.287,0.5,-2.8,0.3,-0.008,0,-0.918,-0.07,-0.11,0,-0.15
49.291,0.7,-2.7,0,-0.006,0.002,-0.913,-0.07,-0.11,0,-0.15
49.295,0.6,-2.8,-0.4,-0.008,0.003,-0.909,-0.07,-0.11,0,-0.15
49.299,0.7,-2.5,-0.9,-0.011,0.003,-0.904,-0.07,-0.11,0,-0.15
49.304,0.8,-2.5,-0.8,-0.013,0.005,-0.898,-0.07,-0.11,0,-0.15
49.308,0.7,-2.5,-1.1,-0.014,0.003,-0.893,-0.07,-0.11,0,-0.15
49.312,0.9,-2.2,-1.2,-0.015,0.002,-0.886,-0.07,-0.11,0,-0.15
49.316,1.1,-2.2,-1.2,-0.016,0.002,-0.878,-0.07,-0.11,0,-0.15
49.321,1.2,-1.9,-1.5,-0.018,0,-0.87,-0.07,-0.11,0,-0.15
49.325,1.5,-1.7,-1.6,-0.02,0,-0.864,-0.1,-0.2,0,-0.15
49.330,1.7,-1.4,-1.8,-0.019,-0.002,-0.858,-0.1,-0.2,0,-0.15
49.335,1.8,-1,-2.1,-0.019,-0.005,-0.851,-0.1,-0.2,0,-0.15
49.339,1.6,-0.7,-2.6,-0.018,-0.007,-0.845,-0.1,-0.2,0,-0.15
49.344,1,-0.1,-2.8,-0.017,-0.015,-0.839,-0.1,-0.2,0,-0.15
49.349,0.4,0.1,-3.4,-0.017,-0.017,-0.834,-0.1,-0.2,0,-0.15
49.354,-0.1,0.7,-4.2,-0.017,-0.02,-0.83,-0.1,-0.2,0,-0.15
49.358,-0.9,0.9,-4.9,-0.02,-0.021,-0.828,-0.1,-0.2,0,-0.15
49.363,-1.4,1.3,-5.6,-0.019,-0.017,-0.829,-0.1,-0.2,0,-0.15
49.368,-2.2,2,-6.2,-0.018,-0.017,-0.83,-0.1,-0.2,0,-0.15
49.372,-2.6,2.4,-6.8,-0.02,-0.012,-0.831,-0.1,-0.2,0,-0.15
49.378,-2.8,2.6,-7.7,-0.02,-0.007,-0.832,-0.12,-0.27,0,-0.29
49.384,-3.3,3.2,-7.8,-0.019,-0.005,-0.832,-0.12,-0.27,0,-0.29
49.390,-3.5,3.8,-7.9,-0.018,0,-0.829,-0.12,-0.27,0,-0.29
49.396,-4,4,-8.1,-0.016,0.001,-0.825,-0.12,-0.27,0,-0.29
49.402,-4.2,4.7,-7.8,-0.015,0.009,-0.818,-0.12,-0.27,0,-0.29
49.408,-3.9,5.1,-7.2,-0.015,0.017,-0.811,-0.12,-0.27,0,-0.29
49.414,-3.6,5.5,-6.5,-0.012,0.023,-0.802,-0.12,-0.27,0,-0.29
49.418,-2.6,6.1,-5.9,-0.014,0.032,-0.793,-0.12,-0.39,0.14,-0.29
49.422,-2.1,6.6,-5.3,-0.014,0.038,-0.785,-0.12,-0.39,0.14,-0.29
49.427,-0.9,7.2,-4.4,-0.013,0.044,-0.776,-0.12,-0.39,0.14,-0.29
49.431,0.2,7.4,-3.8,-0.013,0.05,-0.77,-0.12,-0.39,0.14,-0.29
49.436,1.2,7.8,-3.3,-0.014,0.05,-0.768,-0.12,-0.39,0.14,-0.29
49.440,2.1,8.1,-3.1,-0.016,0.05,-0.764,-0.12,-0.39,0.14,-0.29
49.444,2.9,8,-3,-0.019,0.047,-0.763,-0.12,-0.39,0.14,-0.29
49.449,3.1,8.3,-3,-0.022,0.04,-0.763,-0.12,-0.39,0.14,-0.29
49.453,3.2,8.1,-3.3,-0.026,0.035,-0.763,-0.12,-0.39,0.14,-0.29
49.458,3.1,7.9,-3.6,-0.03,0.027,-0.764,-0.12,-0.39,0.14,-0.29
49.462,2.9,7.7,-3.9,-0.033,0.017,-0.766,-0.12,-0.39,0.14,-0.29
49.469,2.4,7.4,-4.1,-0.035,0.008,-0.77,-0.14,-0.48,0,-0.27
49.476,2.1,6.8,-4.4,-0.035,0,-0.774,-0.14,-0.48,0,-0.27
49.483,1.7,6.3,-4.6,-0.038,-0.011,-0.779,-0.14,-0.48,0,-0.27
49.489,1.8,5.8,-4.8,-0.039,-0.021,-0.786,-0.14,-0.48,0,-0.27
49.496,1.7,5.1,-4.7,-0.039,-0.028,-0.793,-0.14,-0.48,0,-0.27
49.503,2.4,4.1,-4.8,-0.036,-0.031,-0.801,-0.14,-0.48,0,-0.27
49.510,2.9,3.5,-4.7,-0.034,-0.032,-0.81,-0.14,-0.48,0,-0.27
49.515,3.8,2.4,-4.7,-0.029,-0.031,-0.819,-0.18,-0.56,-0.13,-0.27
49.519,4.9,1.5,-4.1,-0.024,-0.026,-0.827,-0.18,-0.56,-0.13,-0.27
49.523,6.2,0.6,-3.5,-0.016,-0.021,-0.834,-0.18,-0.56,-0.13,-0.27
49.528,7.3,0,-2.5,-0.008,-0.012,-0.84,-0.18,-0.56,-0.13,-0.27
49.532,8.4,-1.1,-1.6,0,-0.004,-0.844,-0.18,-0.56,-0.13,-0.27
49.537,9.2,-1.7,-0.6,0.003,0.002,-0.846,-0.18,-0.56,-0.13,-0.27
49.541,10.3,-2.4,0.1,0.007,0.009,-0.845,-0.18,-0.56,-0.13,-0.27
49.545,10.6,-3.2,1,0.01,0.014,-0.841,-0.18,-0.56,-0.13,-0.27
49.550,11.2,-3.6,1.2,0.009,0.017,-0.838,-0.18,-0.56,-0.13,-0.27
49.554,11.1,-4.1,1.4,0.007,0.016,-0.833,-0.18,-0.56,-0.13,-0.27
49.559,11,-4.7,1,0.006,0.013,-0.828,-0.18,-0.56,-0.13,-0.27
49.564,10.4,-5.3,0.4,0.001,0.005,-0.823,-0.2,-0.66,-0.13,0
49.568,9.4,-5.9,-0.3,-0.005,-0.005,-0.82,-0.2,-0.66,-0.13,0
49.573,8.2,-6.8,-1,-0.01,-0.014,-0.819,-0.2,-0.66,-0.13,0
49.578,7.1,-7.1,-1.8,-0.013,-0.027,-0.822,-0.2,-0.66,-0.13,0
49.583,6,-7.8,-2.6,-0.017,-0.037,-0.826,-0.2,-0.66,-0.13,0
49.588,4.8,-8.8,-3.6,-0.02,-0.045,-0.834,-0.2,-0.66,-0.13,0
49.593,3.8,-9.3,-4.4,-0.024,-0.053,-0.844,-0.2,-0.66,-0.13,0
49.598,2.9,-10,-5.2,-0.027,-0.06,-0.856,-0.2,-0.66,-0.13,0
49.602,2,-11,-5.9,-0.03,-0.065,-0.869,-0.2,-0.66,-0.13,0
49.607,1.6,-11.6,-6.4,-0.034,-0.068,-0.882,-0.2,-0.66,-0.13,0
49.613,1.6,-12.5,-6.9,-0.038,-0.067,-0.896,-0.22,-0.68,-0.25,0
49.619,1.6,-13.1,-7.1,-0.04,-0.064,-0.909,-0.22,-0.68,-0.25,0
49.625,2.5,-14.1,-6.5,-0.042,-0.055,-0.92,-0.22,-0.68,-0.25,0
49.631,3.5,-14.5,-5.6,-0.044,-0.046,-0.93,-0.22,-0.68,-0.25,0
49.637,4.8,-15,-4.6,-0.047,-0.037,-0.938,-0.22,-0.68,-0.25,0
49.643,6.1,-15.7,-3.8,-0.05,-0.028,-0.943,-0.22,-0.68,-0.25,0
49.649,7,-15.7,-2.6,-0.053,-0.022,-0.947,-0.22,-0.68,-0.25,0
49.654,8,-15.9,-1.9,-0.056,-0.018,-0.949,-0.19,-0.71,0,0.12
49.658,8.3,-16,-1.3,-0.058,-0.014,-0.95,-0.19,-0.71,0,0.12
49.662,8.5,-15.8,-0.8,-0.058,-0.013,-0.948,-0.19,-0.71,0,0.12
49.667,7.9,-15.3,-1.2,-0.055,-0.017,-0.945,-0.19,-0.71,0,0.12
49.671,7.1,-14.9,-1.7,-0.05,-0.021,-0.943,-0.19,-0.71,0,0.12
49.675,5.7,-14.1,-2.7,-0.047,-0.026,-0.941,-0.19,-0.71,0,0.12
49.680,4.3,-13.1,-3.8,-0.046,-0.03,-0.94,-0.19,-0.71,0,0.12
49.684,2.8,-12,-5.1,-0.046,-0.035,-0.94,-0.19,-0.71,0,0.12
49.689,1.8,-11.1,-6.3,-0.045,-0.037,-0.943,-0.19,-0.71,0,0.12
49.693,0.7,-9.8,-7.6,-0.047,-0.038,-0.946,-0.19,-0.71,0,0.12
49.697,-0.1,-8.6,-8.4,-0.05,-0.043,-0.952,-0.19,-0.71,0,0.12
49.701,-0.9,-7.2,-8.9,-0.051,-0.048,-0.961,-0.19,-0.69,0,-0.11
49.706,-1.8,-6.3,-9.2,-0.058,-0.054,-0.971,-0.19,-0.69,0,-0.11
49.710,-3,-5.3,-9,-0.065,-0.062,-0.984,-0.19,-0.69,0,-0.11
49.714,-3.7,-4.4,-8.7,-0.074,-0.068,-0.999,-0.19,-0.69,0,-0.11
49.718,-4.5,-3.7,-8.1,-0.086,-0.069,-1.016,-0.19,-0.69,0,-0.11
49.722,-4.6,-3,-7.3,-0.094,-0.067,-1.032,-0.19,-0.69,0,-0.11
49.726,-4.2,-2.4,-6.5,-0.103,-0.061,-1.05,-0.19,-0.69,0,-0.11
49.730,-3.2,-1.9,-5.3,-0.111,-0.054,-1.07,-0.19,-0.69,0,-0.11
49.734,-1.8,-1.4,-4.5,-0.118,-0.046,-1.089,-0.19,-0.69,0,-0.11
49.738,0,-1,-3.7,-0.123,-0.038,-1.107,-0.19,-0.69,0,-0.11
49.742,1.5,-0.3,-3.3,-0.126,-0.033,-1.125,-0.19,-0.69,0,-0.11
49.748,2.6,0.4,-2.8,-0.126,-0.031,-1.14,-0.19,-0.62,-0.11,-0.55
49.754,3.2,0.9,-2.4,-0.125,-0.03,-1.152,-0.19,-0.62,-0.11,-0.55
49.759,2.8,1.6,-2.2,-0.122,-0.034,-1.162,-0.19,-0.62,-0.11,-0.55
49.765,1.8,2.5,-2.2,-0.122,-0.036,-1.168,-0.19,-0.62,-0.11,-0.55
49.771,0,3.2,-2.1,-0.12,-0.041,-1.171,-0.19,-0.62,-0.11,-0.55
49.777,-2,4.1,-2.3,-0.116,-0.045,-1.171,-0.19,-0.62,-0.11,-0.55
49.782,-3.8,5.1,-2.8,-0.116,-0.048,-1.173,-0.19,-0.62,-0.11,-0.55
49.788,-5.8,5.9,-3.1,-0.115,-0.053,-1.173,-0.19,-0.62,-0.11,-0.55
49.793,-7.5,6.5,-3.9,-0.112,-0.055,-1.175,-0.21,-0.53,0.1,-0.1
49.798,-8.6,7.1,-4.9,-0.11,-0.058,-1.177,-0.21,-0.53,0.1,-0.1
49.803,-9.6,7.5,-5.8,-0.109,-0.061,-1.18,-0.21,-0.53,0.1,-0.1
49.807,-10.3,7.9,-6.4,-0.108,-0.061,-1.184,-0.21,-0.53,0.1,-0.1
49.812,-10.5,8.4,-6.4,-0.107,-0.06,-1.187,-0.21,-0.53,0.1,-0.1
49.817,-10.6,8.5,-6.4,-0.105,-0.06,-1.188,-0.21,-0.53,0.1,-0.1
49.822,-10.6,8.7,-6.2,-0.102,-0.059,-1.188,-0.21,-0.53,0.1,-0.1
49.827,-10.8,8.8,-5.4,-0.097,-0.057,-1.188,-0.21,-0.53,0.1,-0.1
49.832,-11,8.8,-4.6,-0.09,-0.054,-1.187,-0.21,-0.53,0.1,-0.1
49.837,-10.7,8.8,-3.6,-0.083,-0.047,-1.186,-0.21,-0.53,0.1,-0.1
49.843,-10.5,9,-2.8,-0.08,-0.036,-1.187,-0.27,-0.46,0.09,-0.19
49.849,-9.8,9.2,-1.9,-0.077,-0.026,-1.186,-0.27,-0.46,0.09,-0.19
49.855,-8.9,9,-1.2,-0.074,-0.014,-1.186,-0.27,-0.46,0.09,-0.19
49.861,-8.1,9.2,-0.3,-0.071,-0.006,-1.186,-0.27,-0.46,0.09,-0.19
49.867,-7.2,9.3,0.3,-0.068,0,-1.186,-0.27,-0.46,0.09,-0.19
49.873,-6.8,9.6,0.8,-0.063,0.004,-1.184,-0.27,-0.46,0.09,-0.19
49.879,-6.5,9.7,0.9,-0.059,0.006,-1.184,-0.27,-0.46,0.09,-0.19
49.885,-6.8,10,1.2,-0.059,0.004,-1.184,-0.27,-0.46,0.09,-0.19
49.890,-7.2,10.3,1,-0.059,0.003,-1.182,-0.3,-0.38,0.09,-0.09
49.894,-7.8,10.3,1,-0.061,0.002,-1.18,-0.3,-0.38,0.09,-0.09
49.899,-8.3,10.7,0.7,-0.063,0,-1.178,-0.3,-0.38,0.09,-0.09
49.904,-8.9,10.7,0.8,-0.064,-0.001,-1.176,-0.3,-0.38,0.09,-0.09
49.909,-9.4,10.4,0.9,-0.064,-0.002,-1.174,-0.3,-0.38,0.09,-0.09
49.914,-10,10.1,1,-0.063,-0.004,-1.172,-0.3,-0.38,0.09,-0.09
49.919,-10.3,9.8,1.1,-0.064,-0.006,-1.169,-0.3,-0.38,0.09,-0.09
49.924,-10.4,9.3,1.5,-0.06,-0.007,-1.165,-0.3,-0.38,0.09,-0.09
49.929,-10.5,8.7,1.5,-0.058,-0.007,-1.163,-0.3,-0.38,0.09,-0.09
49.934,-10.6,8.1,1.8,-0.052,-0.006,-1.162,-0.3,-0.38,0.09,-0.09
49.939,-10.3,7.4,2.5,-0.045,-0.004,-1.163,-0.29,-0.3,0.09,-0.09
49.945,-10.1,6.5,2.9,-0.034,-0.002,-1.167,-0.29,-0.3,0.09,-0.09
49.950,-9.8,5.9,3.3,-0.026,0,-1.174,-0.29,-0.3,0.09,-0.09
49.955,-9.5,4.9,3.4,-0.02,0.002,-1.18,-0.29,-0.3,0.09,-0.09
49.961,-9.1,4.2,3.5,-0.014,0.005,-1.187,-0.29,-0.3,0.09,-0.09
49.966,-8.5,3.4,3.7,-0.01,0.008,-1.195,-0.29,-0.3,0.09,-0.09
49.971,-8.1,2.7,3.5,-0.007,0.009,-1.203,-0.29,-0.3,0.09,-0.09
49.977,-7.5,2,3.4,-0.007,0.012,-1.21,-0.29,-0.3,0.09,-0.09
49.982,-7,1.2,3.3,-0.007,0.014,-1.214,-0.29,-0.3,0.09,-0.09
49.987,-6.6,0.5,3.2,-0.008,0.015,-1.218,-0.31,-0.21,0.08,-0.08
49.991,-6.1,-0.1,3.2,-0.01,0.016,-1.218,-0.31,-0.21,0.08,-0.08
49.996,-5.6,-0.7,3.3,-0.012,0.019,-1.217,-0.31,-0.21,0.08,-0.08
50.001,-5,-1.3,3.4,-0.013,0.021,-1.215,-0.31,-0.21,0.08,-0.08
50.005,-4,-1.8,3.4,-0.016,0.024,-1.21,-0.31,-0.21,0.08,-0.08
50.010,-3.1,-2.3,3.4,-0.018,0.027,-1.207,-0.31,-0.21,0.08,-0.08
50.015,-2.5,-3,3.5,-0.02,0.03,-1.202,-0.31,-0.21,0.08,-0.08
50.019,-1.7,-3.5,3.6,-0.023,0.033,-1.196,-0.31,-0.21,0.08,-0.08
50.024,-1.1,-3.9,3.5,-0.026,0.032,-1.191,-0.31,-0.21,0.08,-0.08
50.029,-0.8,-4.6,3.6,-0.028,0.033,-1.187,-0.33,-0.12,0,0
50.034,-0.4,-5.2,3.8,-0.031,0.032,-1.185,-0.33,-0.12,0,0
50.039,-0.1,-5.8,4.2,-0.032,0.032,-1.185,-0.33,-0.12,0,0
50.043,0.2,-6.6,4.4,-0.035,0.031,-1.187,-0.33,-0.12,0,0
50.048,0.7,-6.9,4.6,-0.036,0.031,-1.189,-0.33,-0.12,0,0
50.053,1,-7.5,5.1,-0.039,0.031,-1.192,-0.33,-0.12,0,0
50.058,1.8,-8.2,5.4,-0.04,0.028,-1.194,-0.33,-0.12,0,0
50.063,2.3,-8.6,5.6,-0.041,0.024,-1.196,-0.33,-0.12,0,0
50.067,2.4,-9,5.6,-0.039,0.019,-1.195,-0.33,-0.12,0,0
50.072,2.6,-9.4,5.4,-0.037,0.012,-1.19,-0.33,-0.12,0,0
50.076,2.4,-9.7,5.3,-0.036,0.006,-1.184,-0.34,-0.06,0,0.08
50.081,2.5,-9.6,5.3,-0.034,0.001,-1.175,-0.34,-0.06,0,0.08
50.085,2.6,-9.3,5.1,-0.035,0,-1.166,-0.34,-0.06,0,0.08
50.089,2.7,-9.1,5.2,-0.033,-0.001,-1.158,-0.34,-0.06,0,0.08
50.094,2.9,-8.7,5,-0.033,-0.001,-1.15,-0.34,-0.06,0,0.08
50.098,3.2,-8.3,4.8,-0.034,-0.002,-1.144,-0.34,-0.06,0,0.08
50.102,3.5,-7.8,4.9,-0.036,-0.001,-1.14,-0.34,-0.06,0,0.08
50.107,3.7,-7.5,4.6,-0.041,0,-1.136,-0.34,-0.06,0,0.08
50.111,3.7,-6.9,4.5,-0.047,0,-1.134,-0.34,-0.06,0,0.08
50.115,3.5,-6.5,4.3,-0.051,0.002,-1.133,-0.34,-0.06,0,0.08
50.120,3.2,-6,4.2,-0.057,0.004,-1.132,-0.34,-0.06,0,0.08
50.126,2.6,-5.6,4,-0.063,0.005,-1.133,-0.38,-0.01,-0.17,0
50.132,2.3,-5.3,3.4,-0.07,0.007,-1.134,-0.38,-0.01,-0.17,0
50.138,1.8,-5.1,3.2,-0.077,0.008,-1.135,-0.38,-0.01,-0.17,0
50.144,1.3,-5,2.8,-0.083,0.011,-1.136,-0.38,-0.01,-0.17,0
50.150,1,-5.1,2.4,-0.089,0.012,-1.135,-0.38,-0.01,-0.17,0
50.157,0.8,-5.2,1.9,-0.093,0.013,-1.133,-0.38,-0.01,-0.17,0
50.163,0.7,-5.2,1.6,-0.095,0.015,-1.13,-0.38,-0.01,-0.17,0
50.170,0.6,-5.2,1.4,-0.093,0.018,-1.127,-0.38,0.02,0,0
50.177,0.6,-5.3,1.3,-0.089,0.019,-1.126,-0.38,0.02,0,0
50.184,0.5,-5.2,1.2,-0.083,0.017,-1.123,-0.38,0.02,0,0
50.191,0.3,-5,1.2,-0.078,0.016,-1.118,-0.38,0.02,0,0
50.198,0.1,-4.6,0.9,-0.075,0.012,-1.112,-0.38,0.02,0,0
50.205,-0.3,-4.5,0.8,-0.071,0.009,-1.106,-0.38,0.02,0,0
50.212,-0.8,-4.1,0.8,-0.07,0.005,-1.098,-0.38,0.02,0,0
50.215,-1.3,-3.7,0.6,-0.068,0.003,-1.088,-0.41,0.03,-0.17,0.17
50.218,-2,-3.4,0.1,-0.068,0,-1.077,-0.41,0.03,-0.17,0.17
50.221,-2.3,-3,0,-0.069,-0.002,-1.064,-0.41,0.03,-0.17,0.17
50.224,-2.5,-2.5,-0.1,-0.068,-0.001,-1.053,-0.41,0.03,-0.17,0.17
50.227,-2.5,-2.2,-0.1,-0.068,0,-1.038,-0.41,0.03,-0.17,0.17
50.230,-2.3,-1.6,-0.4,-0.067,0.001,-1.027,-0.41,0.03,-0.17,0.17
50.233,-2,-1,-0.6,-0.067,0.003,-1.018,-0.41,0.03,-0.17,0.17
50.236,-1.8,-0.6,-0.7,-0.067,0.004,-1.012,-0.41,0.03,-0.17,0.17
50.239,-1.5,0,-0.7,-0.068,0.006,-1.007,-0.41,0.03,-0.17,0.17
50.243,-1.5,0.2,-0.7,-0.069,0.008,-1.004,-0.41,0.03,-0.17,0.17
50.246,-1.5,0.5,-0.9,-0.07,0.011,-1.002,-0.41,0.03,-0.17,0.17
50.249,-1.8,0.5,-0.9,-0.069,0.013,-1.002,-0.41,0.03,-0.17,0.17
50.252,-2.3,0.6,-0.9,-0.07,0.014,-1.004,-0.41,0.03,-0.17,0.17
50.255,-2.4,0.7,-0.7,-0.068,0.016,-1.005,-0.41,0.03,-0.17,0.17
50.258,-2.8,0.7,-0.7,-0.065,0.02,-1.009,-0.41,0.03,-0.17,0.17
50.265,-2.8,0.9,-0.7,-0.064,0.025,-1.009,-0.43,0.03,0,-0.08
50.271,-2.7,0.5,-0.8,-0.06,0.029,-1.009,-0.43,0.03,0,-0.08
50.278,-2.6,0.6,-0.7,-0.057,0.03,-1.008,-0.43,0.03,0,-0.08
50.284,-2.1,0.4,-0.7,-0.055,0.031,-1.007,-0.43,0.03,0,-0.08
50.291,-1.5,0.5,-0.7,-0.053,0.031,-1.006,-0.43,0.03,0,-0.08
50.297,-0.9,0.4,-0.5,-0.051,0.029,-1.004,-0.43,0.03,0,-0.08
50.304,-0.2,0.4,-0.3,-0.052,0.025,-1.003,-0.43,0.03,0,-0.08
50.309,0.6,0.2,-0.3,-0.051,0.022,-1.003,-0.45,0.02,0,0
50.314,1.3,0.1,-0.3,-0.052,0.019,-1.005,-0.45,0.02,0,0
50.318,2,0.1,-0.1,-0.051,0.015,-1.007,-0.45,0.02,0,0
50.323,2.7,0,0,-0.054,0.013,-1.01,-0.45,0.02,0,0
50.328,3.2,0,0,-0.056,0.012,-1.011,-0.45,0.02,0,0
50.333,3.6,0,0,-0.057,0.011,-1.015,-0.45,0.02,0,0
50.338,4.1,0,0,-0.058,0.012,-1.017,-0.45,0.02,0,0
50.343,4.1,-0.1,0.1,-0.058,0.011,-1.018,-0.45,0.02,0,0
50.348,4.1,0,0,-0.057,0.011,-1.018,-0.45,0.02,0,0
50.352,4.2,0.1,0.1,-0.054,0.011,-1.017,-0.45,0.02,0,0
50.357,3.9,-0.1,0.3,-0.051,0.013,-1.013,-0.45,0.02,0,0
50.363,3.8,0.1,0.3,-0.049,0.015,-1.009,-0.48,0.02,-0.08,0
50.369,4,0.1,0.3,-0.046,0.017,-1.005,-0.48,0.02,-0.08,0
50.375,4.2,0.1,0.5,-0.044,0.019,-0.998,-0.48,0.02,-0.08,0
50.381,4.3,0.4,0.4,-0.042,0.018,-0.992,-0.48,0.02,-0.08,0
50.387,4.6,0.4,0.3,-0.042,0.014,-0.985,-0.48,0.02,-0.08,0
50.393,4.4,0.4,0.4,-0.042,0.012,-0.98,-0.48,0.02,-0.08,0
50.399,4.3,0.3,0.1,-0.042,0.008,-0.975,-0.48,0.02,-0.08,0
50.403,4,0.2,0.2,-0.041,0.002,-0.972,-0.43,0,0,0
50.408,3.7,0.2,0,-0.04,0,-0.971,-0.43,0,0,0
50.412,3.3,0.1,0.1,-0.04,-0.004,-0.969,-0.43,0,0,0
50.417,3.1,0,0.1,-0.04,-0.005,-0.969,-0.43,0,0,0
50.421,2.7,-0.1,0,-0.04,-0.005,-0.971,-0.43,0,0,0
50.425,2.8,-0.2,-0.1,-0.042,-0.003,-0.974,-0.43,0,0,0
50.430,2.6,-0.3,0.1,-0.044,-0.001,-0.975,-0.43,0,0,0
50.434,2.7,-0.5,0,-0.045,0,-0.976,-0.43,0,0,0
50.439,3,-0.1,0.1,-0.048,0.002,-0.979,-0.43,0,0,0
50.443,3,-0.6,0.3,-0.052,0.002,-0.981,-0.43,0,0,0
50.448,3,-0.5,0.6,-0.053,0.002,-0.982,-0.43,0,0,0
50.455,3,-0.6,0.7,-0.055,0.002,-0.98,-0.4,-0.01,0,0
50.462,2.8,-0.5,0.7,-0.055,0.001,-0.979,-0.4,-0.01,0,0
50.468,2.8,-0.5,0.9,-0.055,0,-0.978,-0.4,-0.01,0,0
50.475,2.2,-0.5,0.9,-0.055,-0.003,-0.975,-0.4,-0.01,0,0
50.482,1.7,-0.3,1,-0.055,-0.005,-0.972,-0.4,-0.01,0,0
50.489,1.1,-0.2,0.9,-0.054,-0.007,-0.97,-0.4,-0.01,0,0
50.496,0.4,-0.3,1,-0.052,-0.011,-0.968,-0.4,-0.01,0,0
50.500,0,-0.2,0.7,-0.051,-0.013,-0.967,-0.4,-0.03,0,0
50.504,-0.6,0,0.8,-0.049,-0.017,-0.968,-0.4,-0.03,0,0
50.508,-1.2,0,0.7,-0.048,-0.017,-0.97,-0.4,-0.03,0,0
50.512,-1.4,0,0.7,-0.047,-0.018,-0.973,-0.4,-0.03,0,0
50.515,-1.6,0,0.4,-0.046,-0.018,-0.975,-0.4,-0.03,0,0
50.519,-1.7,0,0.4,-0.046,-0.017,-0.981,-0.4,-0.03,0,0
50.523,-1.8,-0.2,0.3,-0.046,-0.016,-0.985,-0.4,-0.03,0,0
50.527,-1.8,-0.2,0.1,-0.043,-0.014,-0.988,-0.4,-0.03,0,0
50.530,-1.9,-0.5,0.3,-0.041,-0.012,-0.993,-0.4,-0.03,0,0
50.534,-2.1,-0.6,0.2,-0.037,-0.008,-0.997,-0.4,-0.03,0,0
50.538,-2.1,-0.9,0.1,-0.034,-0.005,-1,-0.4,-0.03,0,0
50.545,-1.8,-1,0.1,-0.031,-0.001,-1.003,-0.41,-0.04,0.08,0
50.552,-2.1,-1.1,0.1,-0.03,0.002,-1.004,-0.41,-0.04,0.08,0
50.559,-2.1,-1.1,0,-0.03,0.004,-1.004,-0.41,-0.04,0.08,0
50.566,-2.2,-1.1,0.1,-0.034,0.008,-1.004,-0.41,-0.04,0.08,0
50.573,-2.1,-1.2,0,-0.036,0.009,-1.004,-0.41,-0.04,0.08,0
50.580,-2,-1.4,0,-0.039,0.011,-1.005,-0.41,-0.04,0.08,0
50.587,-2,-1.5,-0.1,-0.043,0.012,-1.006,-0.41,-0.04,0.08,0
50.592,-1.8,-1.3,-0.3,-0.046,0.013,-1.006,-0.42,-0.04,0,0
50.596,-1.8,-1.6,-0.3,-0.046,0.014,-1.008,-0.42,-0.04,0,0
50.601,-1.5,-1.5,-0.4,-0.046,0.017,-1.01,-0.42,-0.04,0,0
50.606,-1.6,-1.6,-0.7,-0.045,0.016,-1.013,-0.42,-0.04,0,0
50.611,-1.4,-1.4,-0.7,-0.043,0.016,-1.016,-0.42,-0.04,0,0
50.616,-1.5,-1.4,-0.8,-0.044,0.014,-1.018,-0.42,-0.04,0,0
50.621,-1.7,-1.2,-0.5,-0.044,0.013,-1.021,-0.42,-0.04,0,0
50.625,-1.7,-1.1,-0.6,-0.046,0.012,-1.023,-0.42,-0.04,0,0
50.630,-1.8,-1.2,-0.6,-0.047,0.008,-1.025,-0.42,-0.04,0,0
50.635,-1.8,-1.1,-0.5,-0.048,0.007,-1.026,-0.42,-0.04,0,0
50.639,-1.8,-0.9,-0.4,-0.05,0.007,-1.026,-0.41,-0.04,0,0
50.643,-1.8,-0.7,-0.5,-0.05,0.006,-1.026,-0.41,-0.04,0,0
50.647,-1.4,-0.7,-0.4,-0.051,0.004,-1.025,-0.41,-0.04,0,0
50.651,-1.6,-0.6,-0.4,-0.051,0.002,-1.022,-0.41,-0.04,0,0
50.655,-1.3,-0.6,-0.2,-0.051,0.001,-1.02,-0.41,-0.04,0,0
50.659,-1.3,-0.7,-0.2,-0.051,0.001,-1.018,-0.41,-0.04,0,0
50.663,-1,-0.3,-0.1,-0.049,0.001,-1.017,-0.41,-0.04,0,0
50.667,-0.9,-0.5,-0.1,-0.049,0.002,-1.018,-0.41,-0.04,0,0
50.671,-0.8,-0.6,-0.1,-0.047,0.003,-1.018,-0.41,-0.04,0,0
50.675,-0.7,-0.3,0.1,-0.045,0.005,-1.019,-0.41,-0.04,0,0
50.679,-0.4,-0.3,0.3,-0.043,0.007,-1.021,-0.41,-0.04,0,0
50.683,-0.2,-0.1,0.6,-0.042,0.006,-1.022,-0.41,-0.04,0,0
50.690,0.1,0,0.5,-0.042,0.007,-1.023,-0.41,-0.03,0,0
50.697,0,-0.1,0.7,-0.043,0.008,-1.024,-0.41,-0.03,0,0
50.705,0.2,0,0.7,-0.044,0.007,-1.023,-0.41,-0.03,0,0
50.712,0.3,0,0.6,-0.045,0.007,-1.021,-0.41,-0.03,0,0
50.719,0.2,0.1,0.9,-0.046,0.007,-1.019,-0.41,-0.03,0,0
50.726,0.2,0.3,0.9,-0.047,0.006,-1.015,-0.41,-0.03,0,0
50.730,0.2,0.5,0.9,-0.049,0.005,-1.012,-0.45,-0.04,0.07,0
50.734,0.2,0.7,1,-0.051,0.004,-1.008,-0.45,-0.04,0.07,0
50.738,0.1,1,1,-0.052,0.004,-1.006,-0.45,-0.04,0.07,0
50.742,0.2,1,1.1,-0.054,0.004,-1.004,-0.45,-0.04,0.07,0
50.746,0.1,1.3,1,-0.054,0.003,-1.003,-0.45,-0.04,0.07,0
50.750,-0.1,1.4,0.9,-0.055,0.002,-1.003,-0.45,-0.04,0.07,0
50.754,0,1.6,0.6,-0.058,0.002,-1.003,-0.45,-0.04,0.07,0
50.758,-0.4,1.6,0.5,-0.058,0.001,-1.002,-0.45,-0.04,0.07,0
50.762,-0.6,1.6,0.6,-0.057,0,-1.002,-0.45,-0.04,0.07,0
50.766,-0.8,1.8,0.4,-0.055,0,-1.002,-0.45,-0.04,0.07,0
50.770,-0.8,1.8,0.4,-0.052,0,-1.002,-0.45,-0.04,0.07,0
50.774,-0.8,1.6,0.4,-0.05,-0.001,-1.002,-0.45,-0.04,0.07,0
50.778,-1,1.5,0.4,-0.045,-0.001,-1.002,-0.43,-0.05,0,-0.07
50.783,-0.8,1.5,0.4,-0.044,-0.001,-1.001,-0.43,-0.05,0,-0.07
50.787,-0.8,1,0.6,-0.043,0,-0.998,-0.43,-0.05,0,-0.07
50.792,-0.8,0.9,0.4,-0.042,0,-0.997,-0.43,-0.05,0,-0.07
50.796,-0.6,0.5,0.5,-0.04,0,-0.995,-0.43,-0.05,0,-0.07
50.801,-0.4,0.3,0.4,-0.037,0.002,-0.993,-0.43,-0.05,0,-0.07
50.805,-0.2,0,0.6,-0.035,0.003,-0.993,-0.43,-0.05,0,-0.07
50.810,0,-0.3,0.4,-0.034,0.004,-0.992,-0.43,-0.05,0,-0.07
50.815,0.1,-0.3,0.7,-0.033,0.004,-0.991,-0.43,-0.05,0,-0.07
50.819,0.2,-0.6,0.6,-0.033,0.005,-0.99,-0.43,-0.05,0,-0.07
50.824,0.1,-0.9,0.4,-0.034,0.006,-0.989,-0.45,-0.07,0.07,0
50.830,0.2,-1.1,0.6,-0.036,0.007,-0.986,-0.45,-0.07,0.07,0
50.835,0.1,-1.4,0.5,-0.036,0.006,-0.986,-0.45,-0.07,0.07,0
50.840,-0.1,-1.7,0.6,-0.037,0.004,-0.984,-0.45,-0.07,0.07,0
50.846,-0.1,-1.7,0.7,-0.036,0.003,-0.98,-0.45,-0.07,0.07,0
50.851,-0.3,-2,0.6,-0.037,0.002,-0.979,-0.45,-0.07,0.07,0
50.856,-0.4,-2.1,0.5,-0.037,0.001,-0.975,-0.45,-0.07,0.07,0
50.861,-0.4,-2.2,0.6,-0.036,0.001,-0.973,-0.45,-0.07,0.07,0
50.867,-0.5,-2.3,0.3,-0.035,0.001,-0.971,-0.45,-0.07,0.07,0
50.872,-0.4,-2.6,0.2,-0.034,0.002,-0.969,-0.45,-0.07,0.07,0
50.877,-0.1,-2.6,0.1,-0.032,0.005,-0.968,-0.48,-0.09,0.15,-0.07
50.882,-0.1,-2.6,0.1,-0.03,0.004,-0.969,-0.48,-0.09,0.15,-0.07
50.888,-0.1,-2.9,0.2,-0.03,0.004,-0.968,-0.48,-0.09,0.15,-0.07
50.893,0,-2.9,0.2,-0.03,0.005,-0.966,-0.48,-0.09,0.15,-0.07
50.898,-0.1,-3,0.2,-0.032,0.004,-0.964,-0.48,-0.09,0.15,-0.07
50.903,-0.5,-3.1,0.3,-0.033,0.004,-0.961,-0.48,-0.09,0.15,-0.07
50.908,-0.7,-3.4,0.4,-0.034,0.004,-0.959,-0.48,-0.09,0.15,-0.07
50.913,-1.2,-3.4,0.3,-0.035,0.004,-0.957,-0.48,-0.09,0.15,-0.07
50.918,-1.3,-3.6,0.3,-0.035,0.006,-0.956,-0.45,-0.13,0.07,-0.15
50.922,-1.5,-3.7,0.3,-0.036,0.008,-0.955,-0.45,-0.13,0.07,-0.15
50.927,-1.5,-3.7,0.1,-0.037,0.009,-0.953,-0.45,-0.13,0.07,-0.15
50.931,-1.6,-3.9,0,-0.038,0.01,-0.953,-0.45,-0.13,0.07,-0.15
50.935,-1.5,-3.9,0,-0.037,0.013,-0.953,-0.45,-0.13,0.07,-0.15
50.940,-1.2,-3.8,-0.3,-0.037,0.014,-0.952,-0.45,-0.13,0.07,-0.15
50.944,-1,-3.9,-0.3,-0.037,0.013,-0.952,-0.45,-0.13,0.07,-0.15
50.949,-0.7,-3.7,-0.4,-0.038,0.014,-0.951,-0.45,-0.13,0.07,-0.15
50.953,-0.8,-3.6,-0.3,-0.04,0.016,-0.95,-0.45,-0.13,0.07,-0.15
50.958,-0.4,-3.3,-0.2,-0.042,0.015,-0.951,-0.45,-0.13,0.07,-0.15
50.962,-0.2,-3.3,-0.1,-0.042,0.016,-0.95,-0.45,-0.13,0.07,-0.15
50.969,0.1,-3.1,-0.1,-0.044,0.018,-0.949,-0.42,-0.15,0,0
50.976,0.1,-2.7,-0.1,-0.047,0.017,-0.949,-0.42,-0.15,0,0
50.983,0.2,-2.6,0.1,-0.049,0.015,-0.947,-0.42,-0.15,0,0
50.990,0.2,-2.5,0.1,-0.051,0.014,-0.947,-0.42,-0.15,0,0
50.997,0,-2.3,0.6,-0.052,0.011,-0.947,-0.42,-0.15,0,0
51.003,-0.1,-2.2,0.5,-0.054,0.008,-0.947,-0.42,-0.15,0,0
51.010,-0.3,-2.3,0.9,-0.055,0.007,-0.945,-0.42,-0.15,0,0
51.015,-0.5,-2,1,-0.055,0.005,-0.944,-0.42,-0.19,0,0
51.019,-0.6,-2,1.4,-0.055,0.003,-0.943,-0.42,-0.19,0,0
51.024,-0.6,-1.8,1.7,-0.056,0.003,-0.942,-0.42,-0.19,0,0
51.028,-0.4,-1.7,2.1,-0.056,0.003,-0.941,-0.42,-0.19,0,0
51.032,-0.3,-1.5,2.5,-0.054,0.005,-0.941,-0.42,-0.19,0,0
51.037,-0.1,-1.4,2.7,-0.053,0.006,-0.94,-0.42,-0.19,0,0
51.041,0.1,-1.1,3.1,-0.054,0.006,-0.938,-0.42,-0.19,0,0
51.046,0.3,-0.7,3.4,-0.056,0.008,-0.936,-0.42,-0.19,0,0
51.050,0.4,-0.3,3.4,-0.058,0.008,-0.934,-0.42,-0.19,0,0
51.055,0.5,0,3.7,-0.06,0.008,-0.932,-0.42,-0.19,0,0
51.059,0.6,0.3,4,-0.063,0.008,-0.93,-0.42,-0.19,0,0
51.064,0.4,0.4,4.1,-0.064,0.008,-0.928,-0.43,-0.22,0.07,0
51.069,0.5,0.8,4.3,-0.067,0.01,-0.925,-0.43,-0.22,0.07,0
51.075,0.4,1.3,4.7,-0.067,0.011,-0.922,-0.43,-0.22,0.07,0
51.080,0.4,1.4,4.8,-0.068,0.012,-0.92,-0.43,-0.22,0.07,0
51.085,0.5,1.6,5,-0.068,0.014,-0.919,-0.43,-0.22,0.07,0
51.090,0.4,2,5.2,-0.066,0.016,-0.92,-0.43,-0.22,0.07,0
51.095,0.2,2.3,5.3,-0.066,0.017,-0.922,-0.43,-0.22,0.07,0
51.100,0.3,2.3,5.3,-0.065,0.019,-0.925,-0.43,-0.22,0.07,0
51.106,0.1,2.5,5.3,-0.064,0.018,-0.927,-0.46,-0.25,0,-0.14
51.111,-0.1,2.5,5,-0.063,0.017,-0.93,-0.46,-0.25,0,-0.14
51.117,-0.5,2.5,4.7,-0.062,0.017,-0.933,-0.46,-0.25,0,-0.14
51.122,-0.8,2.4,4.5,-0.058,0.017,-0.933,-0.46,-0.25,0,-0.14
51.128,-1.2,2.6,4.1,-0.056,0.016,-0.933,-0.46,-0.25,0,-0.14
51.133,-1.5,2.4,3.6,-0.054,0.015,-0.933,-0.46,-0.25,0,-0.14
51.138,-1.9,2.4,3.1,-0.052,0.014,-0.931,-0.46,-0.25,0,-0.14
51.144,-2,2.5,2.7,-0.048,0.012,-0.929,-0.46,-0.25,0,-0.14
51.149,-2.3,2.5,2.5,-0.046,0.008,-0.927,-0.46,-0.25,0,-0.14
51.155,-2.9,2.5,2.1,-0.041,0.005,-0.925,-0.46,-0.3,-0.13,-0.27
51.160,-3.1,2.6,2,-0.038,0.002,-0.925,-0.46,-0.3,-0.13,-0.27
51.165,-3.1,2.7,1.7,-0.038,0,-0.925,-0.46,-0.3,-0.13,-0.27
51.171,-3.3,2.7,1.3,-0.039,-0.001,-0.926,-0.46,-0.3,-0.13,-0.27
51.176,-3.2,3.2,0.9,-0.04,-0.002,-0.927,-0.46,-0.3,-0.13,-0.27
51.182,-3.1,2.9,0.6,-0.042,0,-0.929,-0.46,-0.3,-0.13,-0.27
51.187,-3,3.3,0.6,-0.045,0.001,-0.932,-0.46,-0.3,-0.13,-0.27
51.192,-2.8,3.4,0.2,-0.048,0.001,-0.936,-0.46,-0.3,-0.13,-0.27
51.198,-2.7,3.4,0.2,-0.05,0.001,-0.941,-0.46,-0.3,-0.13,-0.27
51.202,-2.5,3.3,0.1,-0.053,0.003,-0.947,-0.45,-0.32,0.06,0
51.206,-2.6,3.2,0.1,-0.055,0.006,-0.953,-0.45,-0.32,0.06,0
51.210,-2.2,3.1,0.3,-0.055,0.007,-0.958,-0.45,-0.32,0.06,0
51.214,-2.5,2.9,0.4,-0.054,0.01,-0.963,-0.45,-0.32,0.06,0
51.218,-2.5,2.5,0.8,-0.052,0.011,-0.967,-0.45,-0.32,0.06,0
51.222,-2.5,2.3,1,-0.047,0.013,-0.97,-0.45,-0.32,0.06,0
51.226,-2.5,1.9,1.2,-0.042,0.015,-0.973,-0.45,-0.32,0.06,0
51.230,-2,1.6,1.4,-0.037,0.014,-0.975,-0.45,-0.32,0.06,0
51.234,-1.8,1.2,1.5,-0.033,0.016,-0.976,-0.45,-0.32,0.06,0
51.238,-1.4,1,1.7,-0.027,0.016,-0.976,-0.45,-0.32,0.06,0
51.242,-0.6,0.8,1.6,-0.023,0.016,-0.976,-0.45,-0.32,0.06,0
51.246,0.2,0.5,1.4,-0.019,0.015,-0.973,-0.45,-0.32,0.06,0
51.251,1,0.5,1,-0.017,0.013,-0.97,-0.44,-0.34,-0.06,0.06
51.256,1.5,0.4,0.9,-0.014,0.009,-0.968,-0.44,-0.34,-0.06,0.06
51.262,1.9,0.4,0.5,-0.012,0.007,-0.964,-0.44,-0.34,-0.06,0.06
51.267,2.1,0.4,0,-0.014,0.005,-0.962,-0.44,-0.34,-0.06,0.06
51.272,2.4,0.3,-0.1,-0.017,0.002,-0.961,-0.44,-0.34,-0.06,0.06
51.278,2.1,0.4,-0.5,-0.02,0.002,-0.962,-0.44,-0.34,-0.06,0.06
51.283,2,0.5,-1,-0.025,0.003,-0.965,-0.44,-0.34,-0.06,0.06
51.288,1.6,0.4,-1.4,-0.03,0.004,-0.969,-0.44,-0.34,-0.06,0.06
51.293,1.5,0.4,-1.8,-0.037,0.006,-0.975,-0.43,-0.35,0,0
51.298,1.7,0.2,-2.3,-0.042,0.009,-0.98,-0.43,-0.35,0,0
51.303,1.5,0.1,-2.7,-0.046,0.012,-0.985,-0.43,-0.35,0,0
51.308,1.9,0,-3.1,-0.051,0.014,-0.99,-0.43,-0.35,0,0
51.313,2.3,-0.3,-3.7,-0.053,0.015,-0.994,-0.43,-0.35,0,0
51.318,2.6,-0.5,-3.8,-0.054,0.016,-0.996,-0.43,-0.35,0,0
51.322,3.1,-0.8,-4,-0.053,0.013,-0.996,-0.43,-0.35,0,0
51.327,3.3,-0.9,-4.1,-0.051,0.011,-0.997,-0.43,-0.35,0,0
51.332,4,-1.2,-4.1,-0.048,0.009,-0.995,-0.43,-0.35,0,0
51.337,4.5,-0.9,-4,-0.046,0.006,-0.992,-0.43,-0.35,0,0
51.343,5.2,-1,-4,-0.042,0.003,-0.99,-0.42,-0.36,-0.05,-0.05
51.348,5.8,-1.1,-4,-0.04,0,-0.988,-0.42,-0.36,-0.05,-0.05
51.354,6.7,-0.8,-4.3,-0.038,-0.001,-0.986,-0.42,-0.36,-0.05,-0.05
51.360,7.4,-0.8,-4.5,-0.039,-0.002,-0.984,-0.42,-0.36,-0.05,-0.05
51.365,8.1,-0.7,-4.5,-0.043,-0.006,-0.984,-0.42,-0.36,-0.05,-0.05
51.371,8.7,-0.6,-4.4,-0.047,-0.008,-0.984,-0.42,-0.36,-0.05,-0.05
51.376,8.9,-0.5,-4.7,-0.046,-0.01,-0.985,-0.42,-0.36,-0.05,-0.05
51.382,9,-0.1,-4.7,-0.047,-0.011,-0.988,-0.42,-0.36,-0.05,-0.05
51.387,9,0,-4.7,-0.048,-0.01,-0.991,-0.39,-0.36,0.17,-0.11
51.392,8.7,0,-4.8,-0.051,-0.011,-0.994,-0.39,-0.36,0.17,-0.11
51.398,8.3,0.2,-4.8,-0.053,-0.011,-0.997,-0.39,-0.36,0.17,-0.11
51.403,7.8,0.1,-4.6,-0.057,-0.011,-1.003,-0.39,-0.36,0.17,-0.11
51.408,7.4,0.2,-4.7,-0.058,-0.011,-1.009,-0.39,-0.36,0.17,-0.11
51.414,7.1,0.2,-4.5,-0.06,-0.013,-1.016,-0.39,-0.36,0.17,-0.11
51.419,6.7,0.2,-4.3,-0.06,-0.013,-1.021,-0.39,-0.36,0.17,-0.11
51.424,6.6,0.1,-3.8,-0.062,-0.012,-1.024,-0.39,-0.36,0.17,-0.11
51.429,6.4,0.2,-3.4,-0.063,-0.012,-1.026,-0.39,-0.36,0.17,-0.11
51.435,6.1,0.1,-3,-0.063,-0.015,-1.027,-0.39,-0.36,0.17,-0.11
51.438,6,0,-2.6,-0.064,-0.016,-1.025,-0.44,-0.36,-0.05,0
51.442,5.8,-0.2,-2.2,-0.062,-0.02,-1.023,-0.44,-0.36,-0.05,0
51.446,5.5,-0.3,-2,-0.059,-0.021,-1.021,-0.44,-0.36,-0.05,0
51.450,5.4,-0.3,-1.7,-0.055,-0.022,-1.017,-0.44,-0.36,-0.05,0
51.453,5.1,-0.5,-1.2,-0.052,-0.024,-1.012,-0.44,-0.36,-0.05,0
51.457,4.9,-0.7,-1,-0.048,-0.024,-1.008,-0.44,-0.36,-0.05,0
51.461,4.4,-0.7,-1,-0.047,-0.025,-1.005,-0.44,-0.36,-0.05,0
51.465,4,-0.6,-0.7,-0.048,-0.025,-1.002,-0.44,-0.36,-0.05,0
51.468,3.8,-0.8,-0.7,-0.049,-0.025,-0.998,-0.44,-0.36,-0.05,0
51.472,3.2,-0.8,-0.7,-0.052,-0.022,-0.997,-0.44,-0.36,-0.05,0
51.476,2.9,-0.9,-0.6,-0.056,-0.02,-0.998,-0.44,-0.36,-0.05,0
51.483,2.4,-0.9,-0.7,-0.056,-0.017,-0.999,-0.44,-0.36,0.14,-0.37
51.490,2.1,-0.9,-0.6,-0.058,-0.014,-1.003,-0.44,-0.36,0.14,-0.37
51.497,1.7,-1.1,-0.5,-0.061,-0.011,-1.008,-0.44,-0.36,0.14,-0.37
51.504,1.3,-1.2,-0.4,-0.063,-0.01,-1.013,-0.44,-0.36,0.14,-0.37
51.511,0.6,-1.2,-0.1,-0.066,-0.01,-1.019,-0.44,-0.36,0.14,-0.37
51.518,0.1,-1.4,-0.1,-0.07,-0.008,-1.025,-0.44,-0.36,0.14,-0.37
51.525,-0.4,-1.6,-0.1,-0.071,-0.009,-1.03,-0.44,-0.36,0.14,-0.37
51.531,-1.2,-1.6,0,-0.071,-0.01,-1.033,-0.44,-0.35,0,-0.04
51.537,-1.4,-1.7,0.3,-0.071,-0.01,-1.036,-0.44,-0.35,0,-0.04
51.543,-2.1,-1.8,0.6,-0.07,-0.011,-1.038,-0.44,-0.35,0,-0.04
51.549,-2.2,-1.7,0.8,-0.069,-0.009,-1.04,-0.44,-0.35,0,-0.04
51.555,-2.3,-1.7,0.9,-0.068,-0.008,-1.042,-0.44,-0.35,0,-0.04
51.561,-2.1,-1.6,1,-0.069,-0.007,-1.042,-0.44,-0.35,0,-0.04
51.567,-1.7,-1.6,1.2,-0.071,-0.005,-1.044,-0.44,-0.35,0,-0.04
51.573,-1.4,-1.4,1.1,-0.074,-0.004,-1.045,-0.44,-0.35,0,-0.04
51.578,-1.2,-1.2,1,-0.078,-0.002,-1.046,-0.49,-0.33,0,-0.07
51.582,-0.8,-1.3,1,-0.083,-0.001,-1.049,-0.49,-0.33,0,-0.07
51.587,-0.9,-1.2,0.9,-0.087,0,-1.051,-0.49,-0.33,0,-0.07
51.592,-0.9,-0.9,1.2,-0.09,0.003,-1.055,-0.49,-0.33,0,-0.07
51.597,-1.2,-0.9,1,-0.091,0.002,-1.058,-0.49,-0.33,0,-0.07
51.602,-1.6,-0.8,1.2,-0.092,0.006,-1.061,-0.49,-0.33,0,-0.07
51.607,-1.4,-0.6,1.5,-0.091,0.012,-1.064,-0.49,-0.33,0,-0.07
51.612,-1.6,-0.4,1.8,-0.09,0.019,-1.067,-0.49,-0.33,0,-0.07
51.617,-1.2,-0.1,2.3,-0.09,0.027,-1.068,-0.49,-0.33,0,-0.07
51.622,-0.9,0.1,2.6,-0.089,0.03,-1.069,-0.49,-0.33,0,-0.07
51.625,-0.4,0.4,2.9,-0.087,0.034,-1.069,-0.53,-0.31,0.03,-0.07
51.629,-0.1,0.7,2.9,-0.085,0.035,-1.067,-0.53,-0.31,0.03,-0.07
51.633,0,1.2,2.9,-0.081,0.033,-1.065,-0.53,-0.31,0.03,-0.07
51.637,0.4,1.7,3.1,-0.08,0.033,-1.064,-0.53,-0.31,0.03,-0.07
51.640,0.5,2.5,3,-0.078,0.03,-1.061,-0.53,-0.31,0.03,-0.07
51.644,0.9,3,2.8,-0.074,0.027,-1.058,-0.53,-0.31,0.03,-0.07
51.648,1.2,4,2.7,-0.075,0.026,-1.055,-0.53,-0.31,0.03,-0.07
51.652,1.5,4.8,2.4,-0.075,0.023,-1.052,-0.53,-0.31,0.03,-0.07
51.655,1.8,5.5,2,-0.079,0.019,-1.051,-0.53,-0.31,0.03,-0.07
51.659,2.3,6.2,1.8,-0.086,0.019,-1.052,-0.53,-0.31,0.03,-0.07
51.663,2.4,7,1.6,-0.091,0.016,-1.051,-0.53,-0.31,0.03,-0.07
51.670,2.6,7.4,1.4,-0.095,0.015,-1.053,-0.57,-0.29,0,-0.06
51.677,2.4,8.2,1.4,-0.104,0.011,-1.055,-0.57,-0.29,0,-0.06
51.684,2.1,8.4,1.2,-0.109,0.008,-1.056,-0.57,-0.29,0,-0.06
51.691,1.5,8.7,1,-0.113,0.005,-1.06,-0.57,-0.29,0,-0.06
51.698,1.2,8.7,1,-0.115,0.003,-1.065,-0.57,-0.29,0,-0.06
51.705,0.5,8.7,0.9,-0.113,0.001,-1.07,-0.57,-0.29,0,-0.06
51.712,0,8.8,0.7,-0.11,0.001,-1.075,-0.57,-0.29,0,-0.06
51.715,-0.3,8.6,0.8,-0.108,0.002,-1.078,-0.62,-0.25,0.05,-0.11
51.718,-0.8,8.4,0.7,-0.104,0.003,-1.078,-0.62,-0.25,0.05,-0.11
51.721,-0.8,8.1,0.6,-0.101,0.004,-1.078,-0.62,-0.25,0.05,-0.11
51.725,-1,7.5,0.3,-0.094,0.004,-1.08,-0.62,-0.25,0.05,-0.11
51.728,-1.1,7.4,0.3,-0.087,0.003,-1.078,-0.62,-0.25,0.05,-0.11
51.731,-1,7.1,0.5,-0.08,0.002,-1.076,-0.62,-0.25,0.05,-0.11
51.734,-1.2,6.8,0.4,-0.07,0,-1.075,-0.62,-0.25,0.05,-0.11
51.737,-1.1,6.6,0.3,-0.065,-0.004,-1.074,-0.62,-0.25,0.05,-0.11
51.740,-1.1,6.5,0.3,-0.056,-0.007,-1.071,-0.62,-0.25,0.05,-0.11
51.744,-1.1,6.3,0.6,-0.047,-0.009,-1.068,-0.62,-0.25,0.05,-0.11
51.747,-1,6.5,0.8,-0.042,-0.011,-1.065,-0.62,-0.25,0.05,-0.11
51.750,-1.1,6.5,0.9,-0.038,-0.013,-1.064,-0.62,-0.25,0.05,-0.11
51.753,-1.4,6.6,0.9,-0.035,-0.014,-1.062,-0.62,-0.25,0.05,-0.11
51.756,-1.2,7,1,-0.033,-0.017,-1.06,-0.62,-0.25,0.05,-0.11
51.760,-1.4,7.1,1,-0.035,-0.02,-1.057,-0.62,-0.25,0.05,-0.11
51.766,-1.4,7.4,1.1,-0.036,-0.023,-1.054,-0.62,-0.24,0,-0.02
51.773,-1.7,7.6,0.9,-0.036,-0.026,-1.054,-0.62,-0.24,0,-0.02
51.780,-1.8,7.9,1.2,-0.033,-0.028,-1.053,-0.62,-0.24,0,-0.02
51.786,-2.1,7.9,1.5,-0.032,-0.03,-1.055,-0.62,-0.24,0,-0.02
51.793,-2.4,8.2,1.5,-0.032,-0.032,-1.058,-0.62,-0.24,0,-0.02
51.800,-2.9,8,1.6,-0.034,-0.033,-1.066,-0.62,-0.24,0,-0.02
51.807,-3.5,7.7,1.6,-0.035,-0.034,-1.076,-0.62,-0.24,0,-0.02
51.811,-3.7,7.3,1.5,-0.039,-0.031,-1.09,-0.61,-0.17,0.02,-0.02
51.815,-3.9,6.4,1.3,-0.039,-0.027,-1.105,-0.61,-0.17,0.02,-0.02
51.819,-3.7,5.7,1.4,-0.04,-0.018,-1.122,-0.61,-0.17,0.02,-0.02
51.823,-3.2,4.7,1.5,-0.038,-0.008,-1.137,-0.61,-0.17,0.02,-0.02
51.828,-2.1,3.7,1.5,-0.031,0,-1.153,-0.61,-0.17,0.02,-0.02
51.832,-1.1,2.6,1.6,-0.022,0.01,-1.166,-0.61,-0.17,0.02,-0.02
51.836,0.2,2,1.9,-0.012,0.019,-1.177,-0.61,-0.17,0.02,-0.02
51.840,1.7,0.9,2,-0.006,0.027,-1.182,-0.61,-0.17,0.02,-0.02
51.845,2.8,0.2,2,-0.002,0.031,-1.181,-0.61,-0.17,0.02,-0.02
51.849,3.1,-0.5,1.8,0,0.029,-1.174,-0.61,-0.17,0.02,-0.02
51.853,3.5,-1.1,2,0,0.026,-1.161,-0.61,-0.17,0.02,-0.02
51.860,3.4,-1.4,1.8,0.001,0.021,-1.144,-0.61,-0.13,0,-0.02
51.866,3.1,-1.6,1.6,0.001,0.016,-1.126,-0.61,-0.13,0,-0.02
51.873,3.2,-1.9,1.4,0,0.012,-1.106,-0.61,-0.13,0,-0.02
51.880,3.1,-1.9,1.3,-0.004,0.007,-1.086,-0.61,-0.13,0,-0.02
51.886,3.6,-1.6,0.7,-0.011,0.006,-1.071,-0.61,-0.13,0,-0.02
51.893,0.1,-0.5,-0.1,-0.031,-0.01,-1.062,-0.61,-0.13,0,-0.02
51.900,-8.3,8.5,3.1,-0.181,-0.161,-1.208,-0.61,-0.13,0,-0.02
51.904,-20.8,26.1,-0.4,-0.316,-0.291,-1.428,-0.67,-0.1,-0.02,-0.21
51.908,-11.8,21.4,-0.8,-0.351,-0.265,-1.575,-0.67,-0.1,-0.02,-0.21
51.913,-27.5,41.6,-2.7,-0.373,-0.294,-1.357,-0.67,-0.1,-0.02,-0.21
51.917,-13.6,58.8,-3.3,-0.309,-0.07,-1.229,-0.67,-0.1,-0.02,-0.21
51.922,2.4,51.6,-5.1,-0.058,0.191,-1.014,-0.67,-0.1,-0.02,-0.21
51.926,-0.9,63.3,-10.8,-0.01,0.047,-0.896,-0.67,-0.1,-0.02,-0.21
51.930,25.2,61.3,-8.1,0.043,0.198,-0.709,-0.67,-0.1,-0.02,-0.21
51.935,18.1,52.9,-6.3,0.147,0.091,-0.628,-0.67,-0.1,-0.02,-0.21
51.939,12,61,-11.8,0.048,-0.031,-0.771,-0.67,-0.1,-0.02,-0.21
51.943,-0.3,49.8,-8.8,0.163,-0.14,-0.993,-0.67,-0.1,-0.02,-0.21
51.948,-38.6,17.1,-2.5,0.364,-0.409,-1.26,-0.67,-0.1,-0.02,-0.21
51.955,-32.7,23.7,-1.4,0.233,-0.213,-1.461,-0.72,0,0,-0.07
51.962,-52.8,-6.8,-0.3,0.356,-0.267,-1.409,-0.72,0,0,-0.07
51.969,-44.9,-36.8,-5.1,0.249,-0.024,-1.214,-0.72,0,0,-0.07
51.976,9.7,-9.7,-4.2,-0.128,0.443,-1.455,-0.72,0,0,-0.07
51.983,6.8,-21.9,-11.7,-0.074,0.378,-1.375,-0.72,0,0,-0.07
51.990,42.9,-3.6,-5.1,-0.175,0.458,-1.136,-0.72,0,0,-0.07
51.997,29.7,14,-6.5,-0.172,0.076,-1.066,-0.72,0,0,-0.07
52.000,13.4,-1.2,-10.2,0.095,-0.053,-1.114,-0.76,0,0,-0.02
52.004,-6.7,11.4,-9.2,0.042,-0.267,-1.005,-0.76,0,0,-0.02
52.008,-39.3,10.8,16.6,0.067,-0.203,-0.762,-0.76,0,0,-0.02
52.012,-15.4,-10.7,-12.3,0.1,0.032,-0.494,-0.76,0,0,-0.02
52.015,-27.9,8.1,-5.3,-0.071,-0.017,-0.934,-0.76,0,0,-0.02
52.019,4.9,7.4,13.8,-0.128,0.175,-1.236,-0.76,0,0,-0.02
52.023,14.8,-8.8,-14.2,-0.046,0.153,-1.129,-0.76,0,0,-0.02
52.027,13.1,11.2,-9.8,-0.206,0.092,-1.114,-0.76,0,0,-0.02
52.030,13.9,-6.3,9.4,0.011,0.004,-1.131,-0.76,0,0,-0.02
52.034,-4.5,-3.9,-0.7,0.037,-0.046,-1.121,-0.76,0,0,-0.02
52.038,-19.4,-1.4,-8.1,0.042,-0.097,-1.105,-0.76,0,0,-0.02
52.045,-4.7,-13.7,14.4,0.119,0.045,-0.864,-0.79,0,0,0
52.052,-9.7,1.3,3.8,-0.089,0.084,-0.914,-0.79,0,0,0
52.059,5.1,0.4,-6.6,-0.066,0.128,-1.067,-0.79,0,0,0
52.066,15,0.8,8.3,0.018,0.071,-1.034,-0.79,0,0,0
52.073,5.6,12.3,4,-0.05,-0.042,-0.982,-0.79,0,0,0
52.080,4.5,0.2,-5.4,0.057,-0.058,-0.919,-0.79,0,0,0
52.087,-7.8,-0.6,6.5,-0.001,-0.067,-1.029,-0.79,0,0,0
52.092,-10.9,-2,7.9,-0.022,-0.01,-1.043,-0.84,0,0,0
52.097,-7.8,-7.6,-4.8,0.005,0.044,-1.025,-0.84,0,0,0
52.101,-3.5,-2.5,5.3,-0.004,0.027,-0.994,-0.84,0,0,0
52.106,7.1,0.4,5.4,0.013,0.021,-1,-0.84,0,0,0
52.111,9.2,0.5,-4.2,0.031,-0.019,-1.029,-0.84,0,0,0
52.116,3.4,3.7,0.1,-0.057,0.004,-1.033,-0.84,0,0,0
52.121,0,0.9,5.5,-0.015,-0.014,-1.01,-0.84,0,0,0
52.125,-5.5,1,-5.7,-0.003,-0.04,-1.007,-0.84,0,0,0
52.130,-8.3,0.5,-0.4,-0.007,-0.039,-0.989,-0.84,0,0,0
52.135,-7.5,-0.3,3.9,-0.01,0.004,-1.025,-0.84,0,0,0
52.140,-4.8,1.7,-3.7,-0.014,-0.005,-1.023,-0.8,0,0,0
52.146,0.7,2.7,-2.9,-0.015,0.007,-1.016,-0.8,0,0,0
52.151,3.1,4.2,1.7,0.001,-0.009,-1.012,-0.8,0,0,0
52.157,1.2,6.3,-5.1,-0.018,-0.011,-0.996,-0.8,0,0,0
52.162,-1.1,1.8,-5.7,0.004,-0.003,-1.007,-0.8,0,0,0
52.168,-5.3,1.9,-0.3,0,0.007,-1.022,-0.8,0,0,0
52.173,-7.5,3,-5,0.007,-0.001,-1.024,-0.8,0,0,0
52.178,-4.1,-0.2,-5.9,0.055,0.02,-1.017,-0.8,0,0,0
52.184,-2.3,1.5,0.4,0.048,0.067,-0.991,-0.8,0,0,0
52.189,0,1.6,-3.2,0.057,0.075,-1.006,-0.76,-0.01,0,0
52.193,4.3,-0.2,-3.8,0.085,0.096,-0.999,-0.76,-0.01,0,0
52.198,3.4,1.2,1.2,0.081,0.083,-1.002,-0.76,-0.01,0,0
52.203,3.1,-0.5,-3.2,0.081,0.057,-1,-0.76,-0.01,0,0
52.207,0.7,-2.6,-3.1,0.05,0.035,-0.982,-0.76,-0.01,0,0
52.212,-1,-0.7,1.8,0.024,-0.003,-0.999,-0.76,-0.01,0,0
52.217,-0.4,-0.7,-0.8,0.028,-0.014,-0.997,-0.76,-0.01,0,0
52.221,0,-0.6,-1,0.012,-0.001,-1.006,-0.76,-0.01,0,0
52.226,1,0.9,3.4,-0.01,0.016,-1.033,-0.76,-0.01,0,0
52.230,1.2,0.9,0.5,-0.009,0.012,-1.018,-0.76,-0.01,0,0
52.235,1.6,0.1,0.1,0.002,0.013,-1.014,-0.76,-0.01,0,0
52.239,0.6,0.4,3.4,0.001,0.007,-1.027,-0.76,-0.01,0,0
52.243,-0.6,0,0.1,0.011,0.001,-1.017,-0.76,-0.01,0,0
52.248,-0.9,-1.2,-0.3,0.008,0.01,-1.011,-0.76,-0.01,0,0
52.252,-1.4,-0.9,2.2,-0.004,0.011,-1.022,-0.76,-0.01,0,0
52.257,0,-0.2,-0.8,0.001,0.014,-1.013,-0.76,-0.01,0,0
52.261,5.7,-0.5,-0.7,0.019,0.018,-0.992,-0.76,-0.01,0,0
52.266,2.4,2.6,2.4,0.006,0.008,-1.014,-0.76,-0.01,0,0
52.270,4.6,-0.9,-0.2,0.044,0.008,-0.986,-0.76,-0.01,0,0
52.274,0,-2,-0.4,0.051,-0.003,-0.971,-0.76,-0.01,0,0
52.279,-4.7,-1.3,1.5,0.054,0.011,-0.996,-0.74,-0.01,0,0
52.284,-1.7,-0.9,-1,0.027,0.005,-1.005,-0.74,-0.01,0,0
52.289,-2.5,-1.4,-0.8,-0.01,0.03,-1.023,-0.74,-0.01,0,0
52.294,0.7,-0.7,1.4,-0.026,0.031,-1.057,-0.74,-0.01,0,0
52.299,2.2,1.9,-1.2,-0.036,0.004,-1.045,-0.74,-0.01,0,0
52.304,5.6,1,-1.4,-0.011,0.01,-1.01,-0.74,-0.01,0,0
52.308,2.6,0.5,0.6,-0.002,-0.007,-1.008,-0.74,-0.01,0,0
52.313,-0.4,0.1,-1.6,0.01,0,-1.014,-0.74,-0.01,0,0
52.318,-0.3,-1.3,-1.8,0.022,0.015,-1.003,-0.74,-0.01,0,0
52.323,-5.9,-0.8,0,0.006,0.015,-1.022,-0.74,-0.01,0,0
52.329,-2,-0.7,-1.4,0.01,-0.001,-1.013,-0.74,-0.01,0,0
52.334,0.7,0.5,-0.7,0.004,0.002,-1.016,-0.74,-0.01,0,0
52.340,0.2,0.4,0.2,0.014,0.027,-0.997,-0.74,-0.01,0,0
52.346,3.2,1.9,-0.3,0.003,0.026,-1.02,-0.74,-0.01,0,0
52.351,3.7,0.4,0,0.022,0.019,-1.007,-0.74,-0.01,0,0
52.357,0.7,-0.1,1.2,0.016,-0.003,-1.015,-0.74,-0.01,0,0
52.363,-1.1,-0.6,0.1,0.003,0,-1.01,-0.74,-0.01,0,0
52.368,-1.8,-1.1,0.6,0.014,0.01,-1.008,-0.74,-0.01,0,0
52.373,-4.3,-1.2,1.4,0.013,0.011,-1.015,-0.75,-0.01,0,0
52.377,-2.7,0,0.3,0.015,0.008,-1.008,-0.75,-0.01,0,0
52.382,2.1,1.5,0.9,-0.001,0.009,-1.022,-0.75,-0.01,0,0
52.386,1.7,0.5,1.1,0.011,0.024,-1.001,-0.75,-0.01,0,0
52.391,2.1,1.2,0,0.01,0.016,-1.017,-0.75,-0.01,0,0
52.395,3,0.4,0.1,0.014,0.012,-1.011,-0.75,-0.01,0,0
52.399,0,-0.5,0.3,0.017,0.005,-1.012,-0.75,-0.01,0,0
52.404,-2.4,-1.1,-0.6,0.004,-0.005,-1.017,-0.75,-0.01,0,0
52.408,-2.1,-1.8,-0.7,0.011,0.008,-1.005,-0.75,-0.01,0,0
52.413,-2.5,0,-0.6,0.008,0.014,-1.012,-0.75,-0.01,0,0
52.417,-1.1,0.7,-1.2,0.016,0.017,-1.009,-0.76,-0.01,0,0
52.422,2.8,1.8,-0.9,0.008,0.014,-1.018,-0.76,-0.01,0,0
52.426,2.3,0.9,-0.9,0.007,0.016,-1.01,-0.76,-0.01,0,0
52.431,1.7,0.4,-0.8,0.012,0.017,-1.011,-0.76,-0.01,0,0
52.435,2.3,0,-0.4,0.013,0.003,-1.01,-0.76,-0.01,0,0
52.440,-1.4,-1.5,-0.4,0.022,0.007,-1.009,-0.76,-0.01,0,0
52.444,-2.9,-1.5,-0.3,0.006,0.003,-1.013,-0.76,-0.01,0,0
52.449,-2,-0.9,0,0.005,0.006,-1.014,-0.76,-0.01,0,0
52.453,-0.9,0.5,0.4,0.012,0.014,-1.011,-0.76,-0.01,0,0
52.458,-0.4,1,0.3,0.012,0.016,-1.007,-0.76,-0.01,0,0
52.462,2.3,1.3,0.8,0.01,0.019,-1.013,-0.76,-0.01,0,0
52.469,3.2,1.2,0.9,0.006,0.014,-1.009,-0.77,-0.01,0,0
52.476,0.2,-0.3,0.6,0.016,0.01,-1.016,-0.77,-0.01,0,0
52.483,0.6,-0.6,0.7,0.012,0,-1.01,-0.77,-0.01,0,0
52.490,-1.6,-1.2,0.6,0.013,0.007,-1.01,-0.77,-0.01,0,0
52.497,-3.4,-1.1,0.1,0.012,0.011,-1.012,-0.77,-0.01,0,0
52.503,-1.1,-0.1,0.1,0.003,0.004,-1.013,-0.77,-0.01,0,0
52.510,-0.1,0.5,-0.3,0.011,0.013,-1.014,-0.77,-0.01,0,0
52.515,1.2,1.8,-0.1,0.008,0.016,-1.01,-0.76,-0.01,0,0
52.520,2.4,1,-0.3,0.012,0.019,-1.012,-0.76,-0.01,0,0
52.525,2.2,0.7,-0.8,0.01,0.012,-1.009,-0.76,-0.01,0,0
52.530,0.1,-0.8,-0.9,0.015,0.007,-1.014,-0.76,-0.01,0,0
52.535,-0.7,-1.1,-0.7,0.016,0,-1.012,-0.76,-0.01,0,0
52.540,-1.4,-1,-0.9,0.01,0.005,-1.015,-0.76,-0.01,0,0
52.545,-3,-1.2,-0.9,0.014,0.017,-1.006,-0.76,-0.01,0,0
52.550,-0.4,0.8,-0.4,0.004,0.009,-1.013,-0.76,-0.01,0,0
52.555,1.5,1.1,-0.3,0.011,0.014,-1.013,-0.76,-0.01,0,0
52.559,1.5,1.9,0,0.011,0.016,-1.013,-0.76,-0.01,0,0
52.564,2.1,0.8,0.2,0.009,0.011,-1.014,-0.75,-0.01,0,0
52.569,1.5,-0.2,0.3,0.015,0.011,-1.005,-0.75,-0.01,0,0
52.573,-1.1,-0.8,0.5,0.013,0.006,-1.014,-0.75,-0.01,0,0
52.578,-1.9,-1.9,0.5,0.015,0.003,-1.008,-0.75,-0.01,0,0
52.582,-1.4,-0.7,0.7,0.007,0.005,-1.018,-0.75,-0.01,0,0
52.587,-2,-0.2,0.6,0.011,0.017,-1.012,-0.75,-0.01,0,0
52.591,0.4,1,0.7,0.009,0.014,-1.01,-0.75,-0.01,0,0
52.596,2.3,1.8,0.3,0.007,0.011,-1.013,-0.75,-0.01,0,0
52.601,1.6,0.9,0.3,0.014,0.017,-1.008,-0.75,-0.01,0,0
52.605,1.5,0.5,0.3,0.008,0.009,-1.018,-0.72,-0.01,0,0
52.610,0.4,-1,-0.3,0.014,0.004,-1.01,-0.72,-0.01,0,0
52.615,-1.3,-1.1,-0.3,0.012,0.005,-1.013,-0.72,-0.01,0,0
52.620,-2.3,-1.4,-0.5,0.011,0.005,-1.008,-0.72,-0.01,0,0
52.625,-0.9,-0.5,-0.7,0.008,0.01,-1.013,-0.72,-0.01,0,0
52.630,-0.3,0.7,-0.7,0.006,0.013,-1.014,-0.72,-0.01,0,0
52.635,0.6,1.3,-0.8,0.01,0.015,-1.013,-0.72,-0.01,0,0
52.640,2.9,1.7,-0.6,0.008,0.01,-1.011,-0.72,-0.01,0,0
52.644,1.2,0.7,-0.5,0.013,0.015,-1.008,-0.72,-0.01,0,0
52.649,0.2,-0.3,-0.3,0.012,0.009,-1.012,-0.72,-0.01,0,0
52.656,-0.2,-1.2,-0.3,0.011,0.002,-1.01,-0.72,-0.01,0,0
52.663,-2,-1.3,0,0.015,0.006,-1.016,-0.72,-0.01,0,0
52.670,-1.7,-0.7,0.1,0.008,0.008,-1.01,-0.72,-0.01,0,0
52.677,-0.4,0,0.1,0.007,0.012,-1.012,-0.72,-0.01,0,0
52.684,0.5,1.2,0.6,0.009,0.016,-1.013,-0.72,-0.01,0,0
52.691,1.3,1.3,0.7,0.012,0.016,-1.013,-0.72,-0.01,0,0
52.698,2.3,1.2,0.4,0.011,0.008,-1.013,-0.72,-0.01,0,0
52.701,1,0.1,0.6,0.01,0.01,-1.011,-0.73,-0.01,0,0
52.704,-0.7,-1.1,0.6,0.017,0.011,-1.009,-0.73,-0.01,0,0
52.707,-0.8,-1.2,0.4,0.011,0.002,-1.01,-0.73,-0.01,0,0
52.710,-1.7,-1.4,0.1,0.013,0.007,-1.012,-0.73,-0.01,0,0
52.713,-1.5,-0.1,0,0.009,0.009,-1.013,-0.73,-0.01,0,0
52.717,0.2,0.7,-0.1,0.006,0.014,-1.013,-0.73,-0.01,0,0
52.720,1.3,1.3,-0.3,0.011,0.017,-1.009,-0.73,-0.01,0,0
52.723,1.5,1.8,-0.3,0.01,0.015,-1.014,-0.73,-0.01,0,0
52.726,1.8,0.2,-0.4,0.015,0.008,-1.011,-0.73,-0.01,0,0
52.729,0.6,-0.3,-0.5,0.011,0.005,-1.015,-0.73,-0.01,0,0
52.733,-1.5,-1.5,-0.7,0.015,0.009,-1.011,-0.73,-0.01,0,0
52.736,-1.1,-1.2,-0.8,0.012,0.003,-1.01,-0.73,-0.01,0,0
52.739,-1.2,-0.5,-0.4,0.009,0.008,-1.013,-0.73,-0.01,0,0
52.742,-0.7,0.1,-0.4,0.009,0.014,-1.011,-0.73,-0.01,0,0
52.745,1,1.4,-0.3,0.004,0.012,-1.017,-0.73,-0.01,0,0
52.759,1.8,1.3,0,0.01,0.015,-1.011,-0.73,-0.01,0,0
52.774,1.5,1.1,0.4,0.013,0.014,-1.012,-0.73,-0.01,0,0
52.788,0.7,0,0.3,0.013,0.009,-1.011,-0.73,-0.01,0,0
52.792,-0.2,-1.1,0.4,0.012,0.006,-1.011,-0.71,-0.01,0,0
52.797,-1.9,-1.4,0.7,0.014,0.007,-1.013,-0.71,-0.01,0,0
52.801,-1.4,-0.9,0.7,0.014,0.006,-1.011,-0.71,-0.01,0,0
52.805,-0.3,0.1,0.5,0.009,0.009,-1.013,-0.71,-0.01,0,0
52.810,0,0.8,0.4,0.009,0.016,-1.011,-0.71,-0.01,0,0
52.814,1.5,1.5,0.4,0.007,0.014,-1.015,-0.71,-0.01,0,0
52.819,1.8,1.3,0.2,0.01,0.011,-1.012,-0.71,-0.01,0,0
52.823,0.6,0.3,-0.1,0.014,0.011,-1.013,-0.71,-0.01,0,0
52.828,0,-0.4,-0.2,0.013,0.008,-1.008,-0.71,-0.01,0,0
52.832,-0.8,-1.4,-0.4,0.014,0.006,-1.009,-0.71,-0.01,0,0
52.836,-1.5,-1.1,-0.5,0.011,0.007,-1.012,-0.71,-0.01,0,0
52.841,-1.2,-0.3,-0.7,0.01,0.008,-1.012,-0.73,-0.01,0,0
52.845,0.3,0.6,-0.6,0.007,0.01,-1.014,-0.73,-0.01,0,0
52.850,0.6,1.2,-0.6,0.007,0.017,-1.009,-0.73,-0.01,0,0
52.854,1.3,1.5,-0.4,0.011,0.014,-1.012,-0.73,-0.01,0,0
52.859,1.6,0.9,-0.5,0.011,0.008,-1.011,-0.73,-0.01,0,0
52.863,0.1,-0.1,-0.2,0.014,0.009,-1.013,-0.73,-0.01,0,0
52.868,-0.9,-0.9,-0.1,0.013,0.005,-1.012,-0.73,-0.01,0,0
52.872,-1.2,-1.4,0.1,0.012,0.006,-1.009,-0.73,-0.01,0,0
52.877,-1.4,-0.9,0.2,0.012,0.01,-1.011,-0.73,-0.01,0,0
52.881,-0.8,0.2,0.3,0.01,0.012,-1.012,-0.73,-0.01,0,0
52.886,0.9,1,0.4,0.008,0.014,-1.014,-0.73,-0.01,0,0
52.890,1.2,1.5,0.5,0.007,0.014,-1.013,-0.76,-0.01,0,0
52.894,1.2,0.9,0.5,0.013,0.014,-1.011,-0.76,-0.01,0,0
52.899,0.9,0.2,0.6,0.013,0.006,-1.01,-0.76,-0.01,0,0
52.903,-0.8,-0.7,0.4,0.013,0.009,-1.013,-0.76,-0.01,0,0
52.908,-1.5,-1.4,0.3,0.012,0.008,-1.012,-0.76,-0.01,0,0
52.912,-1.2,-0.9,0.1,0.009,0.005,-1.014,-0.76,-0.01,0,0
52.917,-0.7,-0.2,-0.1,0.01,0.011,-1.012,-0.76,-0.01,0,0
52.921,0.1,0.8,-0.2,0.009,0.015,-1.012,-0.76,-0.01,0,0
52.925,1.2,1.3,-0.2,0.008,0.014,-1.013,-0.76,-0.01,0,0
52.930,1.6,1.1,-0.5,0.009,0.012,-1.013,-0.76,-0.01,0,0
52.934,0.7,0.4,-0.4,0.012,0.011,-1.013,-0.76,-0.01,0,0
52.940,0.2,-0.5,-0.6,0.012,0.005,-1.01,-0.78,-0.01,0,0
52.946,-0.9,-1.2,-0.6,0.012,0.007,-1.01,-0.78,-0.01,0,0
52.952,-1.7,-1.3,-0.6,0.012,0.009,-1.01,-0.78,-0.01,0,0
52.958,-0.6,-0.6,-0.4,0.008,0.007,-1.013,-0.78,-0.01,0,0
52.964,-0.2,0.1,-0.2,0.009,0.011,-1.014,-0.78,-0.01,0,0
52.970,0.7,1.1,0,0.009,0.014,-1.012,-0.78,-0.01,0,0
52.976,1.4,1.3,0.2,0.009,0.013,-1.012,-0.78,-0.01,0,0
52.980,1.2,0.7,0.3,0.011,0.01,-1.011,-0.81,-0.01,0,0
52.985,0.1,0,0.4,0.014,0.009,-1.013,-0.81,-0.01,0,0
52.989,-0.6,-0.8,0.5,0.014,0.006,-1.011,-0.81,-0.01,0,0
52.994,-1,-1.3,0.4,0.011,0.007,-1.013,-0.81,-0.01,0,0
52.998,-1.5,-1.1,0.3,0.011,0.012,-1.01,-0.81,-0.01,0,0
53.003,-0.4,0,0.4,0.01,0.01,-1.012,-0.81,-0.01,0,0
53.007,0.7,0.9,0.3,0.009,0.011,-1.013,-0.81,-0.01,0,0
53.011,0.9,1.3,0.2,0.008,0.014,-1.013,-0.81,-0.01,0,0
53.016,1.5,0.9,0,0.009,0.012,-1.013,-0.81,-0.01,0,0
53.020,0.9,0.4,-0.1,0.012,0.011,-1.01,-0.81,-0.01,0,0
53.025,-0.3,-0.5,-0.3,0.014,0.008,-1.012,-0.81,-0.01,0,0
53.032,-0.9,-1.1,-0.5,0.013,0.005,-1.011,-0.81,-0.01,0,0
53.039,-1,-1.2,-0.5,0.01,0.007,-1.014,-0.81,-0.01,0,0
53.046,-0.9,-0.5,-0.5,0.009,0.012,-1.013,-0.81,-0.01,0,0
53.052,0.2,0.6,-0.6,0.009,0.012,-1.012,-0.81,-0.01,0,0
53.059,1.2,1.2,-0.5,0.008,0.012,-1.011,-0.81,-0.01,0,0
53.066,1,1.2,-0.3,0.009,0.014,-1.012,-0.81,-0.01,0,0
53.073,1,0.7,-0.2,0.011,0.011,-1.014,-0.81,-0.01,0,0
53.077,0.1,-0.2,-0.1,0.012,0.006,-1.012,-0.84,-0.01,0,0
53.081,-0.8,-1.1,0,0.014,0.008,-1.012,-0.84,-0.01,0,0
53.085,-1.3,-1.3,0.1,0.011,0.007,-1.012,-0.84,-0.01,0,0
53.088,-0.8,-0.7,0.3,0.01,0.009,-1.013,-0.84,-0.01,0,0
53.092,-0.1,0,0.4,0.009,0.012,-1.013,-0.84,-0.01,0,0
53.096,0.6,0.9,0.4,0.008,0.014,-1.014,-0.84,-0.01,0,0
53.100,1.5,1.3,0.4,0.009,0.012,-1.012,-0.84,-0.01,0,0
53.103,0.7,1,0.4,0.011,0.013,-1.012,-0.84,-0.01,0,0
53.107,0.1,0.2,0.3,0.012,0.011,-1.011,-0.84,-0.01,0,0
53.111,-0.3,-0.7,0.2,0.013,0.006,-1.013,-0.84,-0.01,0,0
53.115,-1.2,-1.1,0.1,0.014,0.007,-1.012,-0.84,-0.01,0,0
53.118,-1,-0.9,0,0.011,0.009,-1.011,-0.84,-0.01,0,0
53.122,-0.4,-0.2,-0.3,0.009,0.013,-1.013,-0.84,-0.01,0,0
53.133,0.2,0.9,-0.3,0.009,0.014,-1.013,-0.83,-0.01,0,0
53.143,1,1.2,-0.3,0.01,0.012,-1.014,-0.83,-0.01,0,0
53.154,1.2,1.2,-0.4,0.009,0.01,-1.012,-0.83,-0.01,0,0
53.164,0.6,0.4,-0.6,0.011,0.009,-1.013,-0.83,-0.01,0,0
53.168,-0.3,-0.4,-0.4,0.014,0.01,-1.012,-0.8,-0.01,0,0
53.171,-0.6,-0.8,-0.6,0.012,0.006,-1.012,-0.8,-0.01,0,0
53.175,-1,-1.2,-0.4,0.011,0.009,-1.013,-0.8,-0.01,0,0
53.178,-0.9,-0.7,-0.1,0.009,0.011,-1.012,-0.8,-0.01,0,0
53.182,0.2,0.3,0,0.009,0.012,-1.012,-0.8,-0.01,0,0
53.185,0.7,1,0,0.01,0.014,-1.011,-0.8,-0.01,0,0
53.188,0.9,1.3,0.3,0.01,0.013,-1.014,-0.8,-0.01,0,0
53.192,1,0.7,0.5,0.011,0.011,-1.012,-0.8,-0.01,0,0
53.195,0,0,0.4,0.012,0.008,-1.012,-0.8,-0.01,0,0
53.199,-0.8,-1,0.4,0.014,0.009,-1.011,-0.8,-0.01,0,0
53.202,-1,-1.2,0.5,0.013,0.008,-1.012,-0.8,-0.01,0,0
53.206,-0.9,-0.7,0.2,0.01,0.009,-1.013,-0.8,-0.01,0,0
53.209,-0.3,0,0.1,0.01,0.012,-1.013,-0.8,-0.01,0,0
53.213,0.6,0.7,0.4,0.007,0.012,-1.014,-0.8,-0.01,0,0
53.218,1,1.2,0,0.009,0.012,-1.012,-0.78,-0.01,0,0
53.223,1,1,0,0.011,0.012,-1.012,-0.78,-0.01,0,0
53.228,0.5,0.3,-0.2,0.011,0.01,-1.012,-0.78,-0.01,0,0
53.233,-0.3,-0.5,-0.4,0.011,0.008,-1.012,-0.78,-0.01,0,0
53.238,-1,-1,-0.5,0.012,0.007,-1.011,-0.78,-0.01,0,0
53.244,-0.9,-1,-0.6,0.011,0.008,-1.012,-0.78,-0.01,0,0
53.249,-0.2,-0.3,-0.5,0.009,0.01,-1.012,-0.78,-0.01,0,0
53.254,0,0.5,-0.4,0.007,0.013,-1.012,-0.78,-0.01,0,0
53.259,0.9,1,-0.4,0.009,0.012,-1.013,-0.78,-0.01,0,0
53.264,1.3,1.2,-0.3,0.01,0.01,-1.012,-0.79,-0.01,0,0
53.269,0.4,0.5,-0.1,0.012,0.009,-1.011,-0.79,-0.01,0,0
53.274,-0.1,-0.1,0,0.013,0.008,-1.01,-0.79,-0.01,0,0
53.279,-0.8,-0.8,0,0.014,0.007,-1.011,-0.79,-0.01,0,0
53.284,-0.9,-0.9,0.3,0.012,0.007,-1.012,-0.79,-0.01,0,0
53.289,-0.6,-0.5,0.4,0.009,0.011,-1.013,-0.79,-0.01,0,0
53.294,0.2,0.1,0.4,0.008,0.013,-1.012,-0.79,-0.01,0,0
53.299,0.7,0.7,0.5,0.007,0.014,-1.011,-0.79,-0.01,0,0
53.304,1,1.2,0.4,0.009,0.012,-1.012,-0.79,-0.01,0,0
53.310,0.8,1,0.5,0.011,0.009,-1.012,-0.78,-0.01,0,0
53.315,0,0,0.3,0.013,0.009,-1.012,-0.78,-0.01,0,0
53.320,-0.6,-0.6,0.2,0.012,0.007,-1.01,-0.78,-0.01,0,0
53.325,-0.8,-1.1,0,0.011,0.007,-1.01,-0.78,-0.01,0,0
53.331,-0.9,-0.8,-0.1,0.012,0.009,-1.011,-0.78,-0.01,0,0
53.336,-0.1,-0.2,-0.3,0.01,0.011,-1.012,-0.78,-0.01,0,0
53.341,0.7,0.5,-0.4,0.008,0.012,-1.013,-0.78,-0.01,0,0
53.346,0.9,1.2,-0.5,0.008,0.012,-1.012,-0.78,-0.01,0,0
53.352,0.9,1,-0.4,0.011,0.011,-1.011,-0.78,-0.01,0,0
53.357,0.6,0.4,-0.4,0.012,0.008,-1.011,-0.79,-0.01,0,0
53.363,-0.3,-0.3,-0.4,0.012,0.008,-1.012,-0.79,-0.01,0,0
53.368,-0.8,-0.9,-0.3,0.012,0.008,-1.011,-0.79,-0.01,0,0
53.373,-0.8,-0.8,-0.3,0.012,0.009,-1.01,-0.79,-0.01,0,0
53.379,-0.4,-0.3,-0.1,0.011,0.011,-1.009,-0.79,-0.01,0,0
53.384,0.2,0.4,0,0.009,0.012,-1.011,-0.79,-0.01,0,0
53.390,0.9,1,0.1,0.009,0.012,-1.011,-0.79,-0.01,0,0
53.395,1,1.2,0.2,0.009,0.012,-1.011,-0.79,-0.01,0,0
53.401,0.6,0.7,0.5,0.011,0.01,-1.012,-0.79,-0.01,0,0
53.407,0,0,0.4,0.012,0.009,-1.01,-0.8,-0.01,0,0
53.414,-0.6,-0.8,0.4,0.013,0.008,-1.01,-0.8,-0.01,0,0
53.421,-1,-0.9,0.4,0.012,0.009,-1.011,-0.8,-0.01,0,0
53.428,-0.4,-0.6,0.3,0.011,0.009,-1.012,-0.8,-0.01,0,0
53.434,0,0.1,0,0.01,0.011,-1.012,-0.8,-0.01,0,0
53.441,0.6,0.5,0.1,0.01,0.012,-1.012,-0.8,-0.01,0,0
53.448,1,1,-0.3,0.009,0.012,-1.012,-0.8,-0.01,0,0
53.453,0.8,0.9,-0.3,0.01,0.011,-1.012,-0.8,-0.01,0,0
53.457,0.1,0.2,-0.2,0.012,0.009,-1.012,-0.8,-0.01,0,0
53.462,-0.4,-0.6,-0.4,0.011,0.008,-1.011,-0.8,-0.01,0,0
53.466,-0.9,-0.8,-0.6,0.011,0.008,-1.011,-0.8,-0.01,0,0
53.470,-0.9,-0.8,-0.6,0.012,0.01,-1.01,-0.8,-0.01,0,0
53.475,0,-0.3,-0.4,0.01,0.01,-1.012,-0.8,-0.01,0,0
53.479,0.6,0.5,-0.3,0.009,0.012,-1.012,-0.8,-0.01,0,0
53.484,0.7,0.9,-0.1,0.008,0.012,-1.013,-0.8,-0.01,0,0
53.488,0.7,0.9,-0.1,0.009,0.012,-1.011,-0.8,-0.01,0,0
53.493,0.2,0.5,0,0.011,0.01,-1.011,-0.8,-0.01,0,0
53.497,-0.4,-0.1,0.2,0.013,0.009,-1.012,-0.8,-0.01,0,0
53.501,-0.8,-0.8,0.3,0.012,0.008,-1.012,-0.79,-0.01,0,0
53.505,-0.8,-0.9,0.3,0.012,0.009,-1.012,-0.79,-0.01,0,0
53.509,-0.4,-0.6,0.4,0.011,0.01,-1.012,-0.79,-0.01,0,0
53.513,0.2,0.1,0.4,0.009,0.011,-1.012,-0.79,-0.01,0,0
53.516,0.8,0.7,0.4,0.008,0.012,-1.012,-0.79,-0.01,0,0
53.520,0.9,1,0.4,0.008,0.012,-1.013,-0.79,-0.01,0,0
53.524,0.6,0.6,0.3,0.01,0.01,-1.012,-0.79,-0.01,0,0
53.528,0,0.1,0.1,0.011,0.008,-1.01,-0.79,-0.01,0,0
53.531,-0.8,-0.6,0,0.013,0.008,-1.011,-0.79,-0.01,0,0
53.535,-0.8,-1,-0.1,0.012,0.009,-1.011,-0.79,-0.01,0,0
53.539,-0.4,-0.6,-0.3,0.011,0.009,-1.012,-0.79,-0.01,0,0
53.546,0,-0.1,-0.4,0.01,0.012,-1.012,-0.78,-0.01,0,0
53.553,0.8,0.5,-0.3,0.009,0.012,-1.012,-0.78,-0.01,0,0
53.560,0.9,0.9,-0.4,0.009,0.013,-1.012,-0.78,-0.01,0,0
53.567,0.7,0.9,-0.4,0.01,0.012,-1.012,-0.78,-0.01,0,0
53.574,0.2,0.2,-0.3,0.011,0.01,-1.013,-0.78,-0.01,0,0
53.581,-0.4,-0.4,-0.3,0.012,0.009,-1.011,-0.78,-0.01,0,0
53.588,-0.9,-0.8,-0.1,0.013,0.009,-1.011,-0.78,-0.01,0,0
53.592,-0.6,-0.7,0,0.012,0.011,-1.011,-0.76,0,0,0
53.597,-0.1,-0.5,0,0.01,0.012,-1.012,-0.76,0,0,0
53.601,0.3,0.3,0.2,0.011,0.012,-1.013,-0.76,0,0,0
53.606,1,0.8,0.3,0.01,0.012,-1.013,-0.76,0,0,0
53.611,0.9,1,0.4,0.01,0.012,-1.013,-0.76,0,0,0
53.615,0.2,0.6,0.3,0.011,0.01,-1.012,-0.76,0,0,0
53.620,-0.3,0,0.5,0.012,0.008,-1.012,-0.76,0,0,0
53.624,-0.5,-0.6,0.3,0.013,0.008,-1.012,-0.76,0,0,0
53.629,-0.6,-0.8,0.3,0.013,0.009,-1.013,-0.76,0,0,0
53.633,-0.4,-0.6,0.2,0.012,0.011,-1.012,-0.76,0,0,0
53.638,0.3,0.1,0.2,0.01,0.011,-1.012,-0.76,0,0,0
53.642,0.6,0.7,-0.1,0.01,0.011,-1.012,-0.76,0,0,0
53.646,0.8,1,-0.1,0.01,0.01,-1.013,-0.76,0,0,0
53.650,0.5,0.9,-0.1,0.009,0.009,-1.012,-0.76,0,0,0
53.653,0,0.1,-0.4,0.012,0.009,-1.012,-0.76,0,0,0
53.657,-0.7,-0.5,-0.5,0.013,0.01,-1.012,-0.76,0,0,0
53.661,-0.7,-0.8,-0.4,0.014,0.009,-1.012,-0.76,0,0,0
53.665,-0.4,-0.5,-0.5,0.012,0.01,-1.013,-0.76,0,0,0
53.669,0,-0.2,-0.3,0.011,0.012,-1.013,-0.76,0,0,0
53.673,0.6,0.3,-0.2,0.009,0.013,-1.012,-0.76,0,0,0
53.677,0.7,0.9,-0.1,0.009,0.012,-1.012,-0.76,0,0,0
53.680,0.7,0.7,0,0.009,0.012,-1.012,-0.76,0,0,0
53.687,0.1,0.4,0,0.011,0.009,-1.012,-0.76,0,0,0
53.693,-0.4,-0.1,0.1,0.012,0.007,-1.012,-0.76,0,0,0
53.700,-0.8,-0.6,0.1,0.012,0.008,-1.011,-0.76,0,0,0
53.706,-0.6,-0.7,0.3,0.012,0.009,-1.011,-0.76,0,0,0
53.713,0,-0.5,0.4,0.011,0.012,-1.012,-0.76,0,0,0
53.719,0.3,0.1,0.4,0.009,0.012,-1.014,-0.76,0,0,0
53.726,0.6,0.5,0.3,0.01,0.012,-1.014,-0.76,0,0,0
53.730,0.8,1,0.1,0.01,0.01,-1.013,-0.73,0,0,0
53.735,0.2,0.7,0.2,0.012,0.01,-1.012,-0.73,0,0,0
53.739,-0.2,0,0,0.012,0.008,-1.012,-0.73,0,0,0
53.744,-0.4,-0.5,-0.3,0.013,0.007,-1.011,-0.73,0,0,0
53.748,-0.6,-0.8,0,0.012,0.01,-1.012,-0.73,0,0,0
53.752,-0.3,-0.5,-0.3,0.011,0.011,-1.013,-0.73,0,0,0
53.757,0.2,-0.1,-0.4,0.009,0.013,-1.013,-0.73,0,0,0
53.761,0.6,0.4,-0.4,0.008,0.013,-1.012,-0.73,0,0,0
53.766,0.8,0.9,-0.3,0.009,0.011,-1.012,-0.73,0,0,0
53.770,0.6,0.9,-0.4,0.009,0.011,-1.013,-0.73,0,0,0
53.775,0,0.4,-0.3,0.011,0.008,-1.013,-0.73,0,0,0
53.780,-0.6,-0.3,-0.1,0.013,0.009,-1.012,-0.71,0,0,0
53.785,-0.6,-0.7,0,0.013,0.009,-1.012,-0.71,0,0,0
53.791,-0.4,-0.8,0.1,0.014,0.01,-1.013,-0.71,0,0,0
53.796,0,-0.3,0.3,0.012,0.012,-1.014,-0.71,0,0,0
53.802,0.5,0.2,0.3,0.011,0.012,-1.015,-0.71,0,0,0
53.807,0.7,0.7,0.3,0.01,0.011,-1.014,-0.71,0,0,0
53.812,0.7,0.7,0.3,0.01,0.011,-1.013,-0.71,0,0,0
53.818,0,0.4,0.3,0.011,0.01,-1.013,-0.71,0,0,0
53.823,-0.3,0,0.3,0.012,0.009,-1.013,-0.71,0,0,0
53.829,-0.6,-0.7,0.2,0.012,0.008,-1.013,-0.73,0,0,0
53.834,-0.6,-0.8,0,0.012,0.009,-1.012,-0.73,0,0,0
53.840,-0.1,-0.5,0,0.011,0.011,-1.012,-0.73,0,0,0
53.845,0.2,0,0,0.009,0.011,-1.013,-0.73,0,0,0
53.851,0.7,0.5,0,0.009,0.01,-1.013,-0.73,0,0,0
53.856,0.7,0.8,-0.2,0.009,0.01,-1.013,-0.73,0,0,0
53.862,0.2,0.7,-0.3,0.008,0.009,-1.013,-0.73,0,0,0
53.867,-0.1,0.2,-0.4,0.011,0.009,-1.012,-0.73,0,0,0
53.873,-0.5,-0.3,-0.4,0.012,0.009,-1.013,-0.73,0,0,0
53.878,-0.6,-0.6,-0.4,0.013,0.01,-1.014,-0.76,0,0,0
53.883,-0.4,-0.6,-0.3,0.011,0.012,-1.013,-0.76,0,0,0
53.888,0.2,-0.4,-0.1,0.01,0.012,-1.013,-0.76,0,0,0
53.893,0.6,0.3,-0.2,0.009,0.01,-1.012,-0.76,0,0,0
53.898,0.7,0.7,0,0.01,0.011,-1.011,-0.76,0,0,0
53.903,0.4,0.7,0.1,0.01,0.011,-1.012,-0.76,0,0,0
53.908,0,0.4,0.1,0.011,0.009,-1.013,-0.76,0,0,0
53.914,-0.4,-0.2,0.3,0.013,0.008,-1.012,-0.76,0,0,0
53.919,-0.6,-0.6,0.3,0.012,0.009,-1.012,-0.83,0,0,0
53.923,-0.4,-0.6,0.2,0.012,0.01,-1.013,-0.83,0,0,0
53.928,0,-0.4,0.3,0.01,0.011,-1.013,-0.83,0,0,0
53.933,0.4,0.1,0.2,0.01,0.012,-1.013,-0.83,0,0,0
53.938,0.6,0.5,0.1,0.011,0.011,-1.013,-0.83,0,0,0
53.943,0.6,0.8,0.1,0.01,0.012,-1.013,-0.83,0,0,0
53.948,0.2,0.5,0,0.012,0.009,-1.013,-0.83,0,0,0
53.953,-0.3,0.2,0,0.011,0.009,-1.013,-0.83,0,0,0
53.958,-0.4,-0.6,-0.2,0.012,0.008,-1.012,-0.83,0,0,0
53.963,-0.5,-0.6,-0.2,0.011,0.008,-1.013,-0.83,0,0,0
53.969,-0.1,-0.5,-0.3,0.01,0.011,-1.012,-0.86,0,0,0
53.976,0.1,0,-0.4,0.009,0.012,-1.012,-0.86,0,0,0
53.983,0.6,0.3,-0.3,0.01,0.011,-1.013,-0.86,0,0,0
53.990,0.5,0.8,-0.1,0.009,0.011,-1.012,-0.86,0,0,0
53.996,0.3,0.6,-0.1,0.011,0.01,-1.013,-0.86,0,0,0
54.003,0,0.2,-0.1,0.012,0.009,-1.013,-0.86,0,0,0
54.010,-0.4,-0.1,0,0.012,0.009,-1.013,-0.86,0,0,0
54.014,-0.5,-0.5,0,0.012,0.008,-1.013,-0.85,0,0,0
54.017,-0.3,-0.6,0,0.012,0.009,-1.013,-0.85,0,0,0
54.021,0.2,-0.5,0.3,0.011,0.011,-1.012,-0.85,0,0,0
54.024,0.4,0.3,0.2,0.01,0.012,-1.013,-0.85,0,0,0
54.028,0.7,0.6,0.3,0.009,0.012,-1.012,-0.85,0,0,0
54.031,0.4,0.7,0.3,0.01,0.01,-1.012,-0.85,0,0,0
54.035,0,0.4,0.3,0.011,0.009,-1.013,-0.85,0,0,0
54.038,-0.5,0,0.2,0.012,0.009,-1.012,-0.85,0,0,0
54.042,-0.6,-0.5,0,0.012,0.01,-1.012,-0.85,0,0,0
54.045,-0.4,-0.6,0,0.012,0.01,-1.012,-0.85,0,0,0
54.049,0,-0.5,-0.1,0.011,0.011,-1.013,-0.85,0,0,0
54.052,0.6,0,-0.1,0.01,0.011,-1.013,-0.85,0,0,0
54.056,0.7,0.5,-0.1,0.009,0.011,-1.013,-0.85,0,0,0
54.059,0.6,0.7,-0.3,0.009,0.011,-1.012,-0.85,0,0,0
54.065,0.1,0.4,-0.3,0.01,0.009,-1.012,-0.83,0,0,0
54.071,-0.2,0,-0.3,0.01,0.009,-1.013,-0.83,0,0,0
54.077,-0.5,-0.2,-0.4,0.012,0.009,-1.013,-0.83,0,0,0
54.083,-0.5,-0.5,-0.4,0.012,0.01,-1.013,-0.83,0,0,0
54.089,-0.1,-0.3,-0.2,0.012,0.011,-1.012,-0.83,0,0,0
54.094,0.4,-0.1,-0.1,0.01,0.012,-1.012,-0.83,0,0,0
54.100,0.6,0.2,0,0.01,0.012,-1.013,-0.83,0,0,0
54.105,0.6,0.7,0.1,0.01,0.011,-1.013,-0.79,0,0,0
54.110,0.2,0.7,0.1,0.01,0.011,-1.013,-0.79,0,0,0
54.115,-0.1,0.3,0.3,0.011,0.009,-1.012,-0.79,0,0,0
54.120,-0.4,-0.1,0.3,0.013,0.008,-1.012,-0.79,0,0,0
54.125,-0.5,-0.5,0.2,0.012,0.009,-1.012,-0.79,0,0,0
54.130,-0.4,-0.6,0.2,0.011,0.009,-1.013,-0.79,0,0,0
54.135,0.1,-0.4,0.2,0.009,0.01,-1.013,-0.79,0,0,0
54.140,0.5,0.2,0,0.01,0.012,-1.013,-0.79,0,0,0
54.145,0.7,0.5,0,0.011,0.011,-1.012,-0.79,0,0,0
54.149,0.5,0.6,0,0.01,0.011,-1.013,-0.79,0,0,0
54.154,0,0.4,-0.1,0.011,0.009,-1.013,-0.79,0,0,0
54.158,-0.3,0,-0.1,0.011,0.008,-1.012,-0.79,0,0,0
54.162,-0.7,-0.3,-0.3,0.012,0.009,-1.012,-0.79,0,0,0
54.166,-0.4,-0.6,-0.4,0.012,0.01,-1.012,-0.79,0,0,0
54.170,0,-0.5,-0.3,0.011,0.012,-1.013,-0.79,0,0,0
54.174,0.4,0,-0.3,0.011,0.013,-1.013,-0.79,0,0,0
54.178,0.6,0.2,-0.4,0.009,0.011,-1.013,-0.79,0,0,0
54.182,0.5,0.7,-0.3,0.009,0.01,-1.012,-0.79,0,0,0
54.186,0.1,0.5,-0.2,0.011,0.008,-1.012,-0.79,0,0,0
54.191,-0.4,0.1,-0.1,0.012,0.007,-1.012,-0.79,0,0,0
54.195,-0.6,-0.2,-0.1,0.013,0.008,-1.013,-0.79,0,0,0
54.202,-0.6,-0.5,0,0.012,0.01,-1.012,-0.81,0,0,0
54.209,-0.1,-0.6,0.1,0.011,0.011,-1.012,-0.81,0,0,0
54.217,0.3,-0.1,0.2,0.01,0.012,-1.012,-0.81,0,0,0
54.224,0.6,0.2,0.3,0.01,0.011,-1.011,-0.81,0,0,0
54.231,0.6,0.5,0.3,0.009,0.011,-1.012,-0.81,0,0,0
54.239,0.2,0.7,0.3,0.009,0.01,-1.013,-0.81,0,0,0
54.246,0,0.5,0,0.011,0.009,-1.012,-0.81,0,0,0
54.250,-0.4,-0.1,0.1,0.012,0.008,-1.011,-0.85,0,0,0
54.254,-0.6,-0.5,0,0.012,0.009,-1.012,-0.85,0,0,0
54.257,-0.2,-0.7,0,0.012,0.01,-1.012,-0.85,0,0,0
54.261,0,-0.3,-0.1,0.01,0.012,-1.013,-0.85,0,0,0
54.265,0.5,0.1,-0.2,0.009,0.012,-1.012,-0.85,0,0,0
54.269,0.6,0.4,-0.3,0.011,0.011,-1.012,-0.85,0,0,0
54.272,0.5,0.7,-0.3,0.01,0.011,-1.011,-0.85,0,0,0
54.276,0,0.5,-0.3,0.011,0.01,-1.012,-0.85,0,0,0
54.280,-0.3,0.1,-0.2,0.012,0.009,-1.012,-0.85,0,0,0
54.284,-0.6,-0.2,-0.3,0.012,0.01,-1.011,-0.85,0,0,0
54.288,-0.4,-0.5,-0.2,0.012,0.012,-1.011,-0.85,0,0,0
54.295,0,-0.3,0,0.012,0.012,-1.011,-0.86,0,0,0
54.302,0.4,0,0.1,0.011,0.012,-1.012,-0.86,0,0,0
54.309,0.4,0.3,0,0.011,0.011,-1.012,-0.86,0,0,0
54.316,0.6,0.5,0.1,0.009,0.01,-1.012,-0.86,0,0,0
54.323,0,0.5,0.3,0.01,0.01,-1.012,-0.86,0,0,0
54.330,-0.3,0.2,0.4,0.01,0.009,-1.012,-0.86,0,0,0
54.337,-0.4,-0.1,0.4,0.012,0.008,-1.011,-0.86,0,0,0
54.341,-0.4,-0.4,0.1,0.012,0.009,-1.013,-0.91,0,0,0
54.346,-0.1,-0.5,0.3,0.012,0.01,-1.012,-0.91,0,0,0
54.350,0.3,-0.4,0.2,0.012,0.012,-1.012,-0.91,0,0,0
54.355,0.5,0.2,0,0.009,0.012,-1.012,-0.91,0,0,0
54.359,0.6,0.3,0,0.009,0.012,-1.011,-0.91,0,0,0
54.363,0.1,0.5,-0.2,0.009,0.011,-1.012,-0.91,0,0,0
54.368,-0.1,0.3,-0.1,0.011,0.009,-1.011,-0.91,0,0,0
54.372,-0.5,0,-0.3,0.012,0.009,-1.012,-0.91,0,0,0
54.377,-0.4,-0.2,-0.4,0.013,0.009,-1.011,-0.91,0,0,0
54.381,-0.4,-0.5,-0.3,0.012,0.011,-1.011,-0.91,0,0,0
54.385,0,-0.3,-0.2,0.011,0.012,-1.012,-0.91,0,0,0
54.392,0.4,0,-0.1,0.01,0.012,-1.012,-0.89,0,0,0
54.399,0.5,0.4,-0.1,0.01,0.012,-1.012,-0.89,0,0,0
54.406,0.4,0.5,0,0.011,0.011,-1.012,-0.89,0,0,0
54.413,0,0.4,-0.1,0.011,0.009,-1.012,-0.89,0,0,0
54.420,-0.3,0.3,0.2,0.011,0.009,-1.012,-0.89,0,0,0
54.427,-0.6,-0.2,0.1,0.011,0.01,-1.012,-0.89,0,0,0
54.434,-0.4,-0.3,0.1,0.012,0.01,-1.012,-0.89,0,0,0
54.439,-0.1,-0.3,0.3,0.011,0.011,-1.013,-0.9,0,0,0
54.443,0.2,-0.1,0.3,0.01,0.011,-1.013,-0.9,0,0,0
54.447,0.5,0.2,0.3,0.01,0.01,-1.012,-0.9,0,0,0
54.452,0.5,0.4,0.1,0.01,0.01,-1.012,-0.9,0,0,0
54.456,0.1,0.5,0.2,0.01,0.01,-1.012,-0.9,0,0,0
54.460,-0.1,0.3,0.1,0.011,0.008,-1.012,-0.9,0,0,0
54.464,-0.4,0,0,0.011,0.009,-1.012,-0.9,0,0,0
54.469,-0.4,-0.5,0,0.012,0.01,-1.012,-0.9,0,0,0
54.473,0,-0.3,-0.3,0.012,0.011,-1.012,-0.9,0,0,0
54.477,0.3,-0.2,-0.2,0.011,0.011,-1.012,-0.9,0,0,0
54.482,0.4,0,-0.2,0.011,0.011,-1.012,-0.9,0,0,0
54.486,0.6,0.4,-0.3,0.01,0.011,-1.012,-0.93,0,0,0
54.491,0.2,0.5,-0.3,0.009,0.009,-1.012,-0.93,0,0,0
54.496,-0.1,0.2,-0.3,0.01,0.009,-1.013,-0.93,0,0,0
54.501,-0.4,0.1,-0.3,0.01,0.008,-1.012,-0.93,0,0,0
54.506,-0.4,-0.3,-0.2,0.012,0.009,-1.012,-0.93,0,0,0
54.510,-0.3,-0.4,0,0.011,0.01,-1.012,-0.93,0,0,0
54.515,0,-0.3,0,0.012,0.011,-1.013,-0.93,0,0,0
54.520,0.4,0,0.1,0.011,0.011,-1.012,-0.93,0,0,0
54.525,0.6,0.2,0.1,0.01,0.01,-1.013,-0.93,0,0,0
54.533,0.3,0.4,0.1,0.01,0.01,-1.012,-0.93,0,0,0
54.541,0,0.4,0.2,0.01,0.009,-1.011,-0.93,0,0,0
54.548,-0.2,0.2,0.3,0.011,0.008,-1.012,-0.93,0,0,0
54.556,-0.6,0,0.2,0.011,0.008,-1.012,-0.93,0,0,0
54.564,-0.2,-0.3,0.3,0.011,0.01,-1.012,-0.93,0,0,0
54.572,0,-0.4,0.1,0.011,0.012,-1.012,-0.93,0,0,0
54.576,0.2,-0.2,0,0.01,0.012,-1.013,-0.96,0,0,0
54.579,0.4,0.1,0,0.01,0.011,-1.013,-0.96,0,0,0
54.583,0.4,0.4,-0.1,0.01,0.01,-1.013,-0.96,0,0,0
54.586,0,0.5,-0.3,0.01,0.009,-1.012,-0.96,0,0,0
54.589,-0.1,0.4,-0.4,0.01,0.009,-1.011,-0.96,0,0,0
54.593,-0.4,0,-0.3,0.011,0.008,-1.012,-0.96,0,0,0
54.596,-0.6,-0.3,-0.3,0.011,0.01,-1.011,-0.96,0,0,0
54.600,-0.3,-0.3,-0.3,0.011,0.011,-1.012,-0.96,0,0,0
54.603,0.2,-0.2,-0.1,0.011,0.012,-1.013,-0.96,0,0,0
54.607,0.4,0.1,0,0.01,0.012,-1.013,-0.96,0,0,0
54.610,0.6,0.3,-0.1,0.009,0.01,-1.012,-0.96,0,0,0
54.614,0.3,0.5,0.1,0.01,0.01,-1.012,-0.96,0,0,0
54.617,-0.1,0.4,0,0.01,0.009,-1.011,-0.96,0,0,0
54.621,-0.3,0.1,0.1,0.011,0.009,-1.011,-0.96,0,0,0
54.627,-0.4,-0.1,0.3,0.011,0.01,-1.011,-0.91,0,0,0
54.633,-0.2,-0.3,0.2,0.012,0.01,-1.011,-0.91,0,0,0
54.639,0,-0.3,0.3,0.013,0.011,-1.012,-0.91,0,0,0
54.645,0.4,-0.1,0.3,0.01,0.012,-1.012,-0.91,0,0,0
54.651,0.4,0.2,0.2,0.011,0.012,-1.012,-0.91,0,0,0
54.657,0.5,0.4,-0.1,0.01,0.011,-1.012,-0.91,0,0,0
54.663,0.1,0.4,0.1,0.01,0.01,-1.012,-0.91,0,0,0
54.667,-0.3,0.2,0,0.011,0.008,-1.012,-0.88,0,0,0
54.672,-0.4,0,-0.1,0.012,0.008,-1.012,-0.88,0,0,0
54.676,-0.2,-0.3,-0.1,0.012,0.009,-1.011,-0.88,0,0,0
54.681,-0.1,-0.2,-0.1,0.011,0.01,-1.011,-0.88,0,0,0
54.685,0.3,-0.1,-0.3,0.012,0.012,-1.011,-0.88,0,0,0
54.690,0.6,0,-0.1,0.01,0.011,-1.011,-0.88,0,0,0
54.695,0.4,0.3,-0.3,0.01,0.01,-1.011,-0.88,0,0,0
54.699,0.1,0.3,-0.3,0.011,0.01,-1.012,-0.88,0,0,0
54.704,-0.3,0.3,-0.2,0.012,0.008,-1.012,-0.88,0,0,0
54.708,-0.3,0,-0.1,0.011,0.008,-1.012,-0.88,0,0,0
54.713,-0.3,0,-0.1,0.011,0.009,-1.012,-0.88,0,0,0
54.717,0,-0.2,0,0.012,0.01,-1.012,-0.86,0,0,0
54.721,0.3,-0.1,0,0.012,0.012,-1.012,-0.86,0,0,0
54.725,0.5,0,0.1,0.011,0.011,-1.012,-0.86,0,0,0
54.729,0.5,0.2,0.3,0.01,0.009,-1.012,-0.86,0,0,0
54.733,0.1,0.5,0.2,0.01,0.01,-1.012,-0.86,0,0,0
54.737,0,0.4,0.2,0.01,0.009,-1.012,-0.86,0,0,0
54.741,-0.3,0.2,0.1,0.011,0.009,-1.012,-0.86,0,0,0
54.745,-0.4,0,0,0.011,0.009,-1.012,-0.86,0,0,0
54.749,-0.2,-0.1,0.2,0.011,0.009,-1.012,-0.86,0,0,0
54.753,0.1,-0.1,0,0.011,0.011,-1.013,-0.86,0,0,0
54.757,0.5,-0.1,-0.1,0.011,0.011,-1.013,-0.86,0,0,0
54.765,0.5,0.1,-0.1,0.01,0.01,-1.013,-0.86,0,0,0
54.772,0.3,0.3,-0.1,0.009,0.009,-1.012,-0.86,0,0,0
54.779,0.1,0.4,-0.1,0.008,0.008,-1.012,-0.86,0,0,0
54.787,-0.2,0.4,-0.2,0.01,0.008,-1.012,-0.86,0,0,0
54.794,-0.2,0,-0.1,0.011,0.009,-1.012,-0.86,0,0,0
54.802,-0.1,-0.2,-0.1,0.013,0.009,-1.012,-0.86,0,0,0
54.809,-0.1,-0.3,-0.2,0.012,0.011,-1.011,-0.86,0,0,0
54.813,0.4,-0.1,-0.2,0.01,0.012,-1.012,-0.85,0,0,0
54.817,0.5,0,0,0.01,0.011,-1.012,-0.85,0,0,0
54.821,0.4,0.2,-0.1,0.01,0.01,-1.012,-0.85,0,0,0
54.824,0.2,0.5,0.1,0.011,0.008,-1.012,-0.85,0,0,0
54.828,0,0.4,0.1,0.012,0.009,-1.011,-0.85,0,0,0
54.832,-0.3,0.1,0.1,0.013,0.008,-1.012,-0.85,0,0,0
54.836,-0.4,-0.1,0.1,0.012,0.009,-1.012,-0.85,0,0,0
54.840,0,-0.3,0.2,0.011,0.011,-1.012,-0.85,0,0,0
54.843,0.2,-0.2,0.2,0.009,0.011,-1.011,-0.85,0,0,0
54.847,0.4,0,0.1,0.01,0.012,-1.011,-0.85,0,0,0
54.851,0.4,0.1,0.1,0.009,0.011,-1.011,-0.85,0,0,0
54.858,0.2,0.2,0,0.009,0.01,-1.011,-0.85,0,0,0
54.865,0,0.4,0,0.011,0.009,-1.011,-0.85,0,0,0
54.872,-0.4,0.1,-0.1,0.011,0.01,-1.011,-0.85,0,0,0
54.879,-0.3,0,-0.2,0.011,0.01,-1.011,-0.85,0,0,0
54.885,-0.1,-0.2,-0.1,0.013,0.011,-1.012,-0.85,0,0,0
54.892,0.1,-0.2,-0.2,0.013,0.012,-1.012,-0.85,0,0,0
54.899,0.3,-0.3,-0.1,0.012,0.012,-1.013,-0.85,0,0,0
54.904,0.5,-0.1,-0.2,0.01,0.011,-1.012,-0.83,0,0,0
54.908,0.3,0.4,-0.2,0.011,0.01,-1.012,-0.83,0,0,0
54.913,0,0.2,-0.1,0.011,0.009,-1.012,-0.83,0,0,0
54.917,-0.3,0.2,-0.1,0.011,0.008,-1.011,-0.83,0,0,0
54.921,-0.4,0,0,0.011,0.009,-1.012,-0.83,0,0,0
54.926,-0.3,0,0,0.011,0.01,-1.011,-0.83,0,0,0
54.930,0.1,-0.1,0,0.012,0.011,-1.011,-0.83,0,0,0
54.935,0.2,-0.2,0,0.012,0.012,-1.012,-0.83,0,0,0
54.939,0.6,0,0.3,0.011,0.013,-1.012,-0.83,0,0,0
54.944,0.5,0.1,0.2,0.01,0.011,-1.012,-0.83,0,0,0
54.948,0.1,0.3,0.2,0.01,0.01,-1.013,-0.83,0,0,0
54.953,0,0.2,0.2,0.01,0.009,-1.012,-0.83,0,0,0
54.958,-0.3,0.1,0.1,0.012,0.01,-1.012,-0.83,0,0,0
54.964,-0.3,-0.1,0,0.011,0.01,-1.011,-0.83,0,0,0
54.969,0,-0.1,0,0.012,0.011,-1.012,-0.83,0,0,0
54.974,0.1,-0.3,0,0.012,0.011,-1.012,-0.83,0,0,0
54.979,0.4,0,-0.1,0.011,0.012,-1.012,-0.83,0,0,0
54.984,0.2,0.2,-0.1,0.011,0.01,-1.012,-0.83,0,0,0
54.989,0.2,0.4,-0.2,0.01,0.011,-1.012,-0.83,0,0,0
54.994,-0.1,0.3,-0.2,0.01,0.01,-1.012,-0.83,0,0,0
54.999,-0.3,0.2,-0.1,0.01,0.009,-1.01,-0.83,0,0,0
55.004,-0.3,0,-0.1,0.011,0.009,-1.01,-0.83,0,0,0
55.009,-0.2,0,-0.3,0.011,0.011,-1.01,-0.83,0,0,0
55.014,0,-0.3,-0.1,0.013,0.011,-1.011,-0.83,0,0,0
55.018,0.4,0,-0.1,0.012,0.011,-1.011,-0.83,0,0,0
55.023,0.3,0,0,0.011,0.011,-1.011,-0.83,0,0,0
55.028,0.4,0.2,0,0.011,0.01,-1.011,-0.83,0,0,0
55.033,0.1,0.2,0,0.01,0.009,-1.011,-0.83,0,0,0
55.038,-0.2,0.1,0,0.01,0.009,-1.011,-0.83,0,0,0
55.043,-0.4,0,0.3,0.01,0.01,-1.012,-0.8,0,0,0
55.049,-0.3,0,0.1,0.012,0.011,-1.012,-0.8,0,0,0
55.054,0.1,-0.1,0.1,0.011,0.011,-1.013,-0.8,0,0,0
55.060,0.1,-0.3,0.2,0.012,0.012,-1.011,-0.8,0,0,0
55.065,0.4,0,0,0.011,0.011,-1.011,-0.8,0,0,0
55.071,0.4,0.1,0,0.01,0.011,-1.012,-0.8,0,0,0
55.076,0.2,0.3,0,0.009,0.01,-1.012,-0.8,0,0,0
55.082,0,0.4,0,0.009,0.009,-1.013,-0.8,0,0,0
55.086,-0.3,0.1,-0.2,0.01,0.008,-1.012,-0.76,0,0,0
55.091,-0.2,0,-0.3,0.011,0.009,-1.011,-0.76,0,0,0
55.095,-0.3,0,-0.2,0.011,0.01,-1.012,-0.76,0,0,0
55.099,0.2,-0.1,-0.2,0.011,0.01,-1.011,-0.76,0,0,0
55.104,0.4,0,-0.3,0.01,0.011,-1.012,-0.76,0,0,0
55.108,0.3,0.1,-0.2,0.011,0.01,-1.012,-0.76,0,0,0
55.113,0.2,0.2,-0.2,0.009,0.01,-1.012,-0.76,0,0,0
55.117,0,0.3,0,0.009,0.01,-1.012,-0.76,0,0,0
55.121,-0.3,0.2,0,0.01,0.009,-1.012,-0.76,0,0,0
55.126,-0.3,0.1,0,0.011,0.009,-1.012,-0.76,0,0,0
55.130,-0.2,-0.1,0,0.012,0.011,-1.011,-0.76,0,0,0
55.134,-0.1,-0.1,0.1,0.012,0.01,-1.012,-0.76,0,0,0
55.138,0.2,-0.1,0.1,0.012,0.01,-1.012,-0.75,0,0,0
55.142,0.4,0.1,0.2,0.011,0.011,-1.011,-0.75,0,0,0
55.146,0.3,0.2,0.1,0.01,0.011,-1.012,-0.75,0,0,0
55.151,0.1,0.1,0.3,0.01,0.01,-1.013,-0.75,0,0,0
55.155,-0.1,0.3,0,0.011,0.008,-1.013,-0.75,0,0,0
55.159,-0.4,0.2,0.1,0.01,0.008,-1.013,-0.75,0,0,0
55.163,-0.3,0,-0.1,0.01,0.01,-1.013,-0.75,0,0,0
55.167,0,-0.2,-0.2,0.011,0.01,-1.012,-0.75,0,0,0
55.171,0.1,-0.1,-0.1,0.011,0.01,-1.012,-0.75,0,0,0
55.175,0.3,0,-0.1,0.01,0.012,-1.013,-0.75,0,0,0
55.179,0.2,0.2,-0.2,0.01,0.011,-1.012,-0.75,0,0,0
55.186,0.1,0.2,-0.3,0.008,0.01,-1.012,-0.75,0,0,0
55.193,0,0.4,-0.3,0.009,0.01,-1.012,-0.75,0,0,0
55.199,-0.4,0.1,-0.2,0.009,0.009,-1.012,-0.75,0,0,0
55.206,-0.3,0,-0.3,0.011,0.01,-1.012,-0.75,0,0,0
55.213,-0.1,0,-0.1,0.011,0.011,-1.012,-0.75,0,0,0
55.220,0.1,-0.1,0,0.011,0.013,-1.012,-0.75,0,0,0
55.227,0.4,-0.1,0.1,0.01,0.012,-1.013,-0.75,0,0,0
55.233,0.4,0,0,0.01,0.01,-1.012,-0.77,0,0,0
55.238,0.2,0.2,0.1,0.009,0.01,-1.012,-0.77,0,0,0
55.244,0,0.3,0.3,0.01,0.009,-1.011,-0.77,0,0,0
55.250,-0.2,0.4,0.1,0.009,0.009,-1.011,-0.77,0,0,0
55.256,-0.2,0,0,0.011,0.009,-1.012,-0.77,0,0,0
55.261,-0.2,0,0.1,0.012,0.01,-1.011,-0.77,0,0,0
55.267,0.1,0,0.2,0.012,0.012,-1.012,-0.77,0,0,0
55.271,0.2,-0.1,0.1,0.012,0.011,-1.012,-0.77,0,0,0
55.275,0.3,0,0.1,0.011,0.01,-1.012,-0.77,0,0,0
55.279,0.2,0,0,0.012,0.009,-1.013,-0.77,0,0,0
55.284,0.2,0.3,0,0.011,0.009,-1.013,-0.77,0,0,0
55.288,-0.1,0.2,-0.3,0.012,0.009,-1.013,-0.77,0,0,0
55.292,-0.4,0.1,-0.2,0.011,0.008,-1.013,-0.77,0,0,0
55.296,-0.2,0.1,-0.2,0.013,0.01,-1.012,-0.77,0,0,0
55.300,0,0,-0.2,0.013,0.01,-1.012,-0.77,0,0,0
55.304,0.1,-0.1,-0.2,0.012,0.01,-1.012,-0.77,0,0,0
55.308,0.4,0,-0.1,0.012,0.01,-1.013,-0.77,0,0,0
55.312,0.4,0.1,-0.2,0.01,0.011,-1.013,-0.77,0,0,0
55.318,0.1,0.1,-0.2,0.01,0.01,-1.013,-0.75,0,0,0
55.324,-0.1,0.2,-0.1,0.01,0.01,-1.012,-0.75,0,0,0
55.330,-0.3,0.2,0,0.009,0.009,-1.013,-0.75,0,0,0
55.335,-0.2,0.1,0,0.01,0.01,-1.013,-0.75,0,0,0
55.341,-0.1,-0.1,0.1,0.01,0.011,-1.013,-0.75,0,0,0
55.347,0.1,0,0.3,0.011,0.012,-1.012,-0.75,0,0,0
55.353,0.4,-0.1,0.2,0.011,0.012,-1.012,-0.75,0,0,0
55.357,0.3,0,0.2,0.01,0.011,-1.012,-0.74,0,0,0
55.361,0.3,0.1,0.3,0.01,0.011,-1.012,-0.74,0,0,0
55.366,0,0.1,0,0.01,0.01,-1.013,-0.74,0,0,0
55.370,-0.1,0.2,0,0.01,0.009,-1.013,-0.74,0,0,0
55.374,-0.4,0,-0.1,0.012,0.009,-1.013,-0.74,0,0,0
55.378,-0.2,0,0,0.011,0.009,-1.012,-0.74,0,0,0
55.383,-0.1,-0.1,-0.1,0.011,0.011,-1.012,-0.74,0,0,0
55.387,0.2,0,-0.1,0.011,0.013,-1.013,-0.74,0,0,0
55.391,0.4,0,-0.3,0.01,0.012,-1.012,-0.74,0,0,0
55.395,0.3,0,-0.1,0.009,0.011,-1.012,-0.74,0,0,0
55.400,0,0.2,-0.3,0.011,0.009,-1.011,-0.74,0,0,0
55.406,0,0.2,-0.1,0.01,0.009,-1.012,-0.73,0,0,0
55.413,-0.3,0.1,-0.3,0.01,0.008,-1.013,-0.73,0,0,0
55.420,-0.2,0,-0.1,0.012,0.011,-1.013,-0.73,0,0,0
55.427,0,0,0,0.012,0.011,-1.013,-0.73,0,0,0
55.434,0.2,-0.1,0,0.012,0.011,-1.012,-0.73,0,0,0
55.441,0.3,-0.1,0,0.011,0.011,-1.012,-0.73,0,0,0
55.448,0.2,0,0,0.01,0.011,-1.013,-0.73,0,0,0
55.452,0,0,0,0.009,0.011,-1.013,-0.71,0,0,0
55.457,-0.1,0.2,0.1,0.01,0.009,-1.012,-0.71,0,0,0
55.461,-0.2,0.2,0.1,0.011,0.009,-1.012,-0.71,0,0,0
55.466,-0.3,0.1,0.1,0.009,0.009,-1.011,-0.71,0,0,0
55.471,0,0,0,0.01,0.01,-1.011,-0.71,0,0,0
55.475,0.2,-0.3,0,0.01,0.01,-1.011,-0.71,0,0,0
55.480,0.2,-0.1,0,0.011,0.012,-1.012,-0.71,0,0,0
55.484,0.4,0,0,0.011,0.011,-1.012,-0.71,0,0,0
55.489,0.2,0.1,0,0.011,0.01,-1.013,-0.71,0,0,0
55.494,0,0.2,-0.1,0.01,0.01,-1.013,-0.71,0,0,0
55.498,-0.1,0.1,-0.3,0.011,0.009,-1.013,-0.71,0,0,0
55.504,-0.1,0.1,-0.2,0.01,0.009,-1.013,-0.74,0,0,0
55.510,-0.2,0,-0.2,0.01,0.01,-1.013,-0.74,0,0,0
55.516,0.1,-0.1,-0.1,0.011,0.011,-1.012,-0.74,0,0,0
55.521,0.3,0,-0.1,0.011,0.012,-1.013,-0.74,0,0,0
55.527,0.3,0,-0.1,0.011,0.011,-1.013,-0.74,0,0,0
55.533,0.4,0,0,0.011,0.011,-1.013,-0.74,0,0,0
55.539,0,0.1,0,0.011,0.01,-1.013,-0.74,0,0,0
55.545,0,0.2,0,0.012,0.008,-1.013,-0.76,0,0,0
55.551,-0.2,0.1,0.1,0.012,0.009,-1.012,-0.76,0,0,0
55.557,-0.3,0,0.1,0.011,0.01,-1.013,-0.76,0,0,0
55.563,0,0.1,0,0.01,0.012,-1.012,-0.76,0,0,0
55.569,0.1,-0.1,0.1,0.011,0.012,-1.012,-0.76,0,0,0
55.575,0.4,0,0.1,0.01,0.012,-1.012,-0.76,0,0,0
55.581,0.2,0.1,0.1,0.01,0.011,-1.012,-0.76,0,0,0
55.587,0.1,0.1,0.1,0.01,0.009,-1.012,-0.76,0,0,0
55.590,0,0.3,0,0.009,0.01,-1.012,-0.84,0,0,0
55.594,-0.3,0.2,0,0.01,0.011,-1.012,-0.84,0,0,0
55.597,-0.3,0,-0.1,0.011,0.011,-1.011,-0.84,0,0,0
55.600,-0.1,0,-0.1,0.012,0.011,-1.012,-0.84,0,0,0
55.604,0.1,-0.1,-0.3,0.011,0.012,-1.012,-0.84,0,0,0
55.607,0.2,-0.1,-0.3,0.01,0.012,-1.011,-0.84,0,0,0
55.610,0.5,0,-0.3,0.011,0.011,-1.012,-0.84,0,0,0
55.614,0.2,0,-0.1,0.01,0.01,-1.012,-0.84,0,0,0
55.617,0,0.2,-0.1,0.01,0.009,-1.012,-0.84,0,0,0
55.621,-0.1,0,-0.2,0.009,0.01,-1.013,-0.84,0,0,0
55.624,-0.1,0,0,0.01,0.01,-1.013,-0.84,0,0,0
55.627,-0.1,0.1,-0.1,0.01,0.012,-1.012,-0.84,0,0,0
55.631,0,0,0,0.01,0.011,-1.012,-0.84,0,0,0
55.634,0.1,0,0.1,0.011,0.011,-1.011,-0.84,0,0,0
55.638,0.4,-0.1,0.1,0.011,0.011,-1.012,-0.9,0,0,0
55.643,0.3,0,0,0.011,0.01,-1.012,-0.9,0,0,0
55.647,0,0.1,0.1,0.01,0.009,-1.012,-0.9,0,0,0
55.651,-0.1,0.1,0.3,0.01,0.009,-1.012,-0.9,0,0,0
55.655,-0.3,0.3,0,0.011,0.009,-1.013,-0.9,0,0,0
55.659,-0.1,0.1,0,0.012,0.009,-1.012,-0.9,0,0,0
55.663,-0.1,0,0.2,0.012,0.01,-1.011,-0.9,0,0,0
55.668,0.1,0,0,0.011,0.011,-1.011,-0.9,0,0,0
55.672,0.2,0,0,0.011,0.011,-1.012,-0.9,0,0,0
55.676,0.4,0,0,0.01,0.011,-1.012,-0.9,0,0,0
55.680,0,0.1,0,0.01,0.011,-1.012,-0.9,0,0,0
55.687,0,0.2,-0.2,0.01,0.01,-1.012,-0.89,0,0,0
55.693,-0.2,0.2,-0.1,0.01,0.01,-1.013,-0.89,0,0,0
55.699,-0.3,0.1,-0.1,0.01,0.01,-1.014,-0.89,0,0,0
55.706,-0.1,0.1,-0.2,0.011,0.011,-1.013,-0.89,0,0,0
55.712,0.1,0,-0.1,0.012,0.01,-1.013,-0.89,0,0,0
55.719,0.1,-0.1,0,0.012,0.011,-1.012,-0.89,0,0,0
55.725,0.2,0,0,0.01,0.011,-1.012,-0.89,0,0,0
55.729,0.2,0,-0.1,0.009,0.011,-1.012,-0.94,0,0,0
55.734,0,0.2,0,0.01,0.01,-1.012,-0.94,0,0,0
55.738,-0.1,0.2,0,0.009,0.009,-1.012,-0.94,0,0,0
55.743,-0.2,0.1,0.3,0.01,0.009,-1.011,-0.94,0,0,0
55.747,-0.3,0,0.1,0.01,0.008,-1.011,-0.94,0,0,0
55.752,-0.1,0,0,0.012,0.01,-1.012,-0.94,0,0,0
55.756,0.1,0,0,0.01,0.011,-1.012,-0.94,0,0,0
55.761,0.3,-0.1,0.1,0.01,0.011,-1.012,-0.94,0,0,0
55.765,0.1,0,0,0.01,0.01,-1.012,-0.94,0,0,0
55.770,0,0.2,0.1,0.009,0.01,-1.011,-0.94,0,0,0
55.775,0,0.1,0,0.009,0.01,-1.011,-0.94,0,0,0
55.782,-0.3,0.1,-0.1,0.009,0.009,-1.011,-0.94,0,0,0
55.788,-0.3,0,0,0.009,0.01,-1.012,-0.94,0,0,0
55.795,0,0,-0.3,0.01,0.011,-1.012,-0.94,0,0,0
55.802,0.1,0,-0.2,0.011,0.012,-1.011,-0.94,0,0,0
55.809,0.2,0,-0.1,0.012,0.011,-1.013,-0.94,0,0,0
55.816,0.4,0,-0.1,0.012,0.01,-1.012,-0.94,0,0,0
55.823,0.1,0.1,-0.2,0.011,0.01,-1.011,-0.94,0,0,0
55.827,0,0.1,-0.3,0.011,0.01,-1.012,-0.96,0,0,0
55.831,-0.1,0.2,-0.1,0.012,0.009,-1.012,-0.96,0,0,0
55.835,-0.1,0.1,0,0.011,0.009,-1.012,-0.96,0,0,0
55.839,0,0.1,0,0.011,0.01,-1.011,-0.96,0,0,0
55.843,0,0,0,0.012,0.01,-1.012,-0.96,0,0,0
55.847,0.1,0,0,0.011,0.011,-1.012,-0.96,0,0,0
55.851,0.2,-0.1,0.2,0.011,0.009,-1.012,-0.96,0,0,0
55.855,0.3,0,0,0.01,0.009,-1.012,-0.96,0,0,0
55.859,0,0,0.1,0.01,0.01,-1.012,-0.96,0,0,0
55.863,0,0.1,0,0.009,0.009,-1.012,-0.96,0,0,0
55.867,-0.1,0.1,0,0.011,0.01,-1.012,-0.96,0,0,0
55.873,-0.2,0,0,0.011,0.01,-1.012,-0.97,0,0,0
55.880,0,0.1,0,0.011,0.012,-1.013,-0.97,0,0,0
55.887,0.1,-0.1,-0.1,0.011,0.011,-1.012,-0.97,0,0,0
55.893,0.2,0,-0.1,0.011,0.011,-1.012,-0.97,0,0,0
55.900,0.2,0,-0.1,0.011,0.011,-1.012,-0.97,0,0,0
55.906,0.1,0,-0.1,0.01,0.01,-1.012,-0.97,0,0,0
55.913,-0.1,0.1,-0.1,0.009,0.01,-1.011,-0.97,0,0,0
55.917,-0.1,0.2,-0.1,0.009,0.01,-1.011,-0.99,0,0,0
55.922,-0.1,0.2,-0.1,0.009,0.009,-1.011,-0.99,0,0,0
55.926,-0.1,0,-0.1,0.01,0.011,-1.012,-0.99,0,0,0
55.931,0.1,0,0,0.011,0.012,-1.011,-0.99,0,0,0
55.935,0.3,-0.1,0,0.012,0.011,-1.012,-0.99,0,0,0
55.940,0.2,0,0.1,0.011,0.011,-1.011,-0.99,0,0,0
55.944,0.1,0,0,0.01,0.011,-1.011,-0.99,0,0,0
55.949,0,0.1,0.1,0.011,0.009,-1.012,-0.99,0,0,0
55.953,-0.1,0.1,0.2,0.011,0.009,-1.012,-0.99,0,0,0
55.958,-0.3,0.2,0.3,0.01,0.01,-1.011,-0.99,0,0,0
55.962,0,0.2,0.1,0.011,0.01,-1.011,-0.99,0,0,0
55.969,0,0,0.1,0.012,0.012,-1.011,-0.98,0,0,0
55.976,0.1,0,0.1,0.01,0.012,-1.011,-0.98,0,0,0
55.983,0.2,0,0,0.011,0.01,-1.011,-0.98,0,0,0
55.990,0.2,0.2,0.1,0.01,0.011,-1.011,-0.98,0,0,0
55.996,0.1,0.1,0,0.01,0.011,-1.012,-0.98,0,0,0
56.003,0,0.1,-0.1,0.011,0.009,-1.012,-0.98,0,0,0
56.010,-0.1,0.1,0,0.01,0.009,-1.012,-0.98,0,0,0
56.014,-0.1,0.1,-0.1,0.01,0.01,-1.012,-0.93,0,0,0
56.017,0,0,-0.2,0.011,0.01,-1.011,-0.93,0,0,0
56.021,0.2,0,-0.2,0.012,0.01,-1.011,-0.93,0,0,0
56.024,0.4,0,-0.1,0.012,0.011,-1.01,-0.93,0,0,0
56.028,0.2,0,-0.2,0.01,0.011,-1.011,-0.93,0,0,0
56.031,0.1,0,-0.2,0.01,0.01,-1.011,-0.93,0,0,0
56.035,0,0.2,-0.1,0.01,0.01,-1.011,-0.93,0,0,0
56.038,-0.2,0.1,-0.1,0.01,0.01,-1.011,-0.93,0,0,0
56.042,-0.1,0.1,0,0.01,0.01,-1.011,-0.93,0,0,0
56.045,-0.1,0.1,0,0.011,0.009,-1.011,-0.93,0,0,0
56.049,0,0,0.1,0.01,0.009,-1.012,-0.93,0,0,0
56.052,0.2,0,0.1,0.012,0.01,-1.011,-0.93,0,0,0
56.056,0.3,0,0.1,0.01,0.01,-1.011,-0.93,0,0,0
56.059,0.1,0,0.3,0.011,0.01,-1.01,-0.93,0,0,0
56.066,0,0.1,0,0.01,0.01,-1.011,-0.93,0,0,0
56.073,-0.1,0.2,0.1,0.011,0.01,-1.011,-0.93,0,0,0
56.080,-0.1,0.1,0,0.011,0.009,-1.011,-0.93,0,0,0
56.087,-0.1,0.1,0,0.01,0.01,-1.011,-0.93,0,0,0
56.094,0.1,0,-0.1,0.011,0.011,-1.011,-0.93,0,0,0
56.101,0,-0.1,-0.1,0.011,0.011,-1.012,-0.93,0,0,0
56.107,0.3,0,-0.2,0.011,0.011,-1.012,-0.93,0,0,0
56.113,0.2,0,-0.1,0.011,0.011,-1.012,-0.93,0,0,0
56.119,0,0,-0.1,0.011,0.011,-1.011,-0.93,0,0,0
56.125,-0.1,0,-0.2,0.011,0.01,-1.011,-0.93,0,0,0
56.131,-0.1,0.1,-0.3,0.012,0.008,-1.011,-0.93,0,0,0
56.137,-0.1,0,0.1,0.011,0.009,-1.012,-0.93,0,0,0
56.143,0,0.1,0,0.012,0.01,-1.012,-0.93,0,0,0
56.149,0,0,0,0.011,0.011,-1.012,-0.93,0,0,0
56.153,0.2,0,0,0.011,0.011,-1.011,-0.93,0,0,0
56.156,0.1,0,0,0.011,0.011,-1.012,-0.93,0,0,0
56.159,0.1,0,0,0.011,0.01,-1.012,-0.93,0,0,0
56.162,0,0.1,0.1,0.01,0.01,-1.012,-0.93,0,0,0
56.165,-0.1,0,0,0.01,0.011,-1.012,-0.93,0,0,0
56.169,-0.1,0.2,0.1,0.01,0.011,-1.013,-0.93,0,0,0
56.172,0,0.2,0.1,0.011,0.011,-1.011,-0.93,0,0,0
56.175,0.1,0,0.1,0.011,0.01,-1.012,-0.93,0,0,0
56.178,0.2,0,0.1,0.011,0.011,-1.012,-0.93,0,0,0
56.182,0.2,0.1,0,0.011,0.009,-1.012,-0.93,0,0,0
56.185,0.1,0,0,0.011,0.009,-1.012,-0.93,0,0,0
56.188,0,0.2,-0.1,0.01,0.009,-1.012,-0.93,0,0,0
56.191,-0.1,0.2,-0.1,0.01,0.01,-1.011,-0.93,0,0,0
56.194,-0.3,0.1,0,0.01,0.01,-1.011,-0.93,0,0,0
56.202,0,0.2,0,0.01,0.01,-1.011,-0.95,0,0,0
56.209,0,0.1,-0.1,0.01,0.011,-1.011,-0.95,0,0,0
56.217,0.1,0,0,0.011,0.01,-1.011,-0.95,0,0,0
56.224,0.1,0,-0.1,0.012,0.011,-1.011,-0.95,0,0,0
56.232,0.1,0.1,0,0.011,0.009,-1.011,-0.95,0,0,0
56.239,0,0.1,0,0.012,0.01,-1.012,-0.95,0,0,0
56.247,-0.1,0.2,0,0.012,0.011,-1.012,-0.95,0,0,0
56.252,-0.1,0.1,0,0.011,0.011,-1.012,-0.96,0,0,0
56.257,-0.1,0.1,0,0.012,0.011,-1.012,-0.96,0,0,0
56.262,0,0.1,0,0.012,0.011,-1.012,-0.96,0,0,0
56.267,0.2,0.1,0.2,0.012,0.011,-1.012,-0.96,0,0,0
56.273,0.2,-0.1,0,0.011,0.012,-1.012,-0.96,0,0,0
56.278,0.2,0,0,0.011,0.011,-1.011,-0.96,0,0,0
56.283,0.1,0,0,0.01,0.011,-1.012,-0.96,0,0,0
56.288,0,0.1,0,0.01,0.01,-1.012,-0.96,0,0,0
56.293,-0.1,0,0,0.011,0.008,-1.012,-1,0,0,0
56.298,-0.2,0,0,0.01,0.009,-1.011,-1,0,0,0
56.303,0,0.1,-0.1,0.011,0.01,-1.012,-1,0,0,0
56.308,0,0,0,0.011,0.01,-1.011,-1,0,0,0
56.313,0.1,0,-0.1,0.011,0.01,-1.011,-1,0,0,0
56.318,0.3,0,-0.1,0.011,0.009,-1.011,-1,0,0,0
56.323,0.2,0,-0.1,0.012,0.009,-1.011,-1,0,0,0
56.328,0.1,0.2,0,0.011,0.01,-1.01,-1,0,0,0
56.332,-0.1,0.1,0,0.01,0.011,-1.011,-1,0,0,0
56.337,-0.1,0.2,-0.2,0.011,0.009,-1.011,-1,0,0,0
56.343,-0.1,0,-0.1,0.01,0.01,-1.011,-1.02,0,0,0
56.349,0,0.1,0,0.011,0.01,-1.012,-1.02,0,0,0
56.355,0,0,-0.1,0.01,0.011,-1.012,-1.02,0,0,0
56.361,0.2,0,0,0.011,0.012,-1.01,-1.02,0,0,0
56.367,0.4,0,0,0.01,0.011,-1.011,-1.02,0,0,0
56.373,0.1,0,0,0.009,0.011,-1.011,-1.02,0,0,0
56.379,0,0,0.1,0.01,0.01,-1.011,-1.02,0,0,0
56.385,-0.3,0.1,0.1,0.011,0.01,-1.011,-1.02,0,0,0
56.390,0,0.1,0.2,0.011,0.011,-1.011,-1.06,0,0,0
56.395,0.1,0.1,0,0.01,0.011,-1.011,-1.06,0,0,0
56.400,0.1,0.1,0,0.011,0.011,-1.011,-1.06,0,0,0
56.405,0.1,0,0,0.011,0.012,-1.011,-1.06,0,0,0
56.410,0.1,0,0,0.01,0.011,-1.011,-1.06,0,0,0
56.415,0.1,0.1,0,0.011,0.01,-1.012,-1.06,0,0,0
56.420,0,0.1,-0.1,0.011,0.01,-1.011,-1.06,0,0,0
56.425,0,0.1,-0.1,0.011,0.01,-1.011,-1.06,0,0,0
56.430,0,0.1,-0.1,0.012,0.01,-1.01,-1.06,0,0,0
56.435,0,0,-0.1,0.011,0.01,-1.011,-1.06,0,0,0
56.440,0.1,0.1,-0.1,0.013,0.01,-1.011,-1.04,0,0,0
56.444,0.1,0,0,0.011,0.011,-1.011,-1.04,0,0,0
56.448,0.2,0,-0.1,0.012,0.01,-1.011,-1.04,0,0,0
56.452,0,0,0,0.011,0.009,-1.011,-1.04,0,0,0
56.457,0,0,0.1,0.012,0.009,-1.011,-1.04,0,0,0
56.461,-0.1,0.1,0,0.011,0.009,-1.012,-1.04,0,0,0
56.465,-0.1,0,0.1,0.011,0.009,-1.011,-1.04,0,0,0
56.470,0,0.1,0,0.011,0.01,-1.011,-1.04,0,0,0
56.474,0,0,0,0.01,0.011,-1.011,-1.04,0,0,0
56.478,0.1,0.1,0,0.011,0.011,-1.011,-1.04,0,0,0
56.483,0.1,0,0,0.011,0.01,-1.011,-1.04,0,0,0
56.489,0.1,0,0.1,0.011,0.011,-1.011,-1.03,0,0,0
56.495,0,0,0,0.011,0.009,-1.011,-1.03,0,0,0
56.501,-0.1,0.2,0,0.011,0.009,-1.012,-1.03,0,0,0
56.507,-0.1,0.1,0,0.01,0.01,-1.011,-1.03,0,0,0
56.514,0,0.1,0,0.011,0.01,-1.011,-1.03,0,0,0
56.520,0,0.1,-0.1,0.01,0.011,-1.012,-1.03,0,0,0
56.526,0.1,0.1,0,0.01,0.011,-1.012,-1.03,0,0,0
